EMC,Location,Analyte,Flow,Run
47,-1242007014_CO,TSS,Outflow,1
23,-1242007014_CO,TSS,Outflow,1
27,-1242007014_CO,TSS,Outflow,1
26,-1242007014_CO,TSS,Outflow,1
20,-1242007014_CO,TSS,Outflow,1
13,-1242007014_CO,TSS,Outflow,2
9,-1242007014_CO,TSS,Outflow,2
27,-1242007014_CO,TSS,Outflow,2
23,-1242007014_CO,TSS,Outflow,2
27,-1242007014_CO,TSS,Outflow,2
20,-1242007014_CO,TSS,Outflow,3
13,-1242007014_CO,TSS,Outflow,3
13,-1242007014_CO,TSS,Outflow,3
23,-1242007014_CO,TSS,Outflow,3
531,-1242007014_CO,TSS,Outflow,3
25,-1242007014_CO,TSS,Outflow,4
23,-1242007014_CO,TSS,Outflow,4
9,-1242007014_CO,TSS,Outflow,4
27,-1242007014_CO,TSS,Outflow,4
47,-1242007014_CO,TSS,Outflow,4
13,-1242007014_CO,TSS,Outflow,5
27,-1242007014_CO,TSS,Outflow,5
25,-1242007014_CO,TSS,Outflow,5
20,-1242007014_CO,TSS,Outflow,5
13,-1242007014_CO,TSS,Outflow,5
22,-1242007014_CO,TSS,Outflow,6
9,-1242007014_CO,TSS,Outflow,6
531,-1242007014_CO,TSS,Outflow,6
13,-1242007014_CO,TSS,Outflow,6
47,-1242007014_CO,TSS,Outflow,6
27,-1242007014_CO,TSS,Outflow,7
20,-1242007014_CO,TSS,Outflow,7
47,-1242007014_CO,TSS,Outflow,7
12,-1242007014_CO,TSS,Outflow,7
26,-1242007014_CO,TSS,Outflow,7
110,-1242007014_CO,TSS,Outflow,8
9,-1242007014_CO,TSS,Outflow,8
22,-1242007014_CO,TSS,Outflow,8
531,-1242007014_CO,TSS,Outflow,8
27,-1242007014_CO,TSS,Outflow,8
13,-1242007014_CO,TSS,Outflow,9
47,-1242007014_CO,TSS,Outflow,9
531,-1242007014_CO,TSS,Outflow,9
9,-1242007014_CO,TSS,Outflow,9
6,-1242007014_CO,TSS,Outflow,9
9,-1242007014_CO,TSS,Outflow,10
12,-1242007014_CO,TSS,Outflow,10
13,-1242007014_CO,TSS,Outflow,10
531,-1242007014_CO,TSS,Outflow,10
110,-1242007014_CO,TSS,Outflow,10
23,-1242007014_CO,TSS,Outflow,11
47,-1242007014_CO,TSS,Outflow,11
20,-1242007014_CO,TSS,Outflow,11
26,-1242007014_CO,TSS,Outflow,11
19,-1242007014_CO,TSS,Outflow,11
22,-1242007014_CO,TSS,Outflow,12
110,-1242007014_CO,TSS,Outflow,12
531,-1242007014_CO,TSS,Outflow,12
27,-1242007014_CO,TSS,Outflow,12
20,-1242007014_CO,TSS,Outflow,12
20,-1242007014_CO,TSS,Outflow,13
531,-1242007014_CO,TSS,Outflow,13
12,-1242007014_CO,TSS,Outflow,13
13,-1242007014_CO,TSS,Outflow,13
27,-1242007014_CO,TSS,Outflow,13
531,-1242007014_CO,TSS,Outflow,14
25,-1242007014_CO,TSS,Outflow,14
9,-1242007014_CO,TSS,Outflow,14
5,-1242007014_CO,TSS,Outflow,14
20,-1242007014_CO,TSS,Outflow,14
110,-1242007014_CO,TSS,Outflow,15
12,-1242007014_CO,TSS,Outflow,15
47,-1242007014_CO,TSS,Outflow,15
13,-1242007014_CO,TSS,Outflow,15
20,-1242007014_CO,TSS,Outflow,15
23,-1242007014_CO,TSS,Outflow,16
47,-1242007014_CO,TSS,Outflow,16
27,-1242007014_CO,TSS,Outflow,16
110,-1242007014_CO,TSS,Outflow,16
25,-1242007014_CO,TSS,Outflow,16
27,-1242007014_CO,TSS,Outflow,17
27,-1242007014_CO,TSS,Outflow,17
19,-1242007014_CO,TSS,Outflow,17
22,-1242007014_CO,TSS,Outflow,17
23,-1242007014_CO,TSS,Outflow,17
47,-1242007014_CO,TSS,Outflow,18
27,-1242007014_CO,TSS,Outflow,18
110,-1242007014_CO,TSS,Outflow,18
27,-1242007014_CO,TSS,Outflow,18
23,-1242007014_CO,TSS,Outflow,18
110,-1242007014_CO,TSS,Outflow,19
19,-1242007014_CO,TSS,Outflow,19
27,-1242007014_CO,TSS,Outflow,19
27,-1242007014_CO,TSS,Outflow,19
13,-1242007014_CO,TSS,Outflow,19
9,-1242007014_CO,TSS,Outflow,20
25,-1242007014_CO,TSS,Outflow,20
20,-1242007014_CO,TSS,Outflow,20
5,-1242007014_CO,TSS,Outflow,20
12,-1242007014_CO,TSS,Outflow,20
12,-1242007014_CO,TSS,Outflow,21
13,-1242007014_CO,TSS,Outflow,21
19,-1242007014_CO,TSS,Outflow,21
13,-1242007014_CO,TSS,Outflow,21
531,-1242007014_CO,TSS,Outflow,21
22,-1242007014_CO,TSS,Outflow,22
20,-1242007014_CO,TSS,Outflow,22
531,-1242007014_CO,TSS,Outflow,22
13,-1242007014_CO,TSS,Outflow,22
25,-1242007014_CO,TSS,Outflow,22
26,-1242007014_CO,TSS,Outflow,23
27,-1242007014_CO,TSS,Outflow,23
9,-1242007014_CO,TSS,Outflow,23
23,-1242007014_CO,TSS,Outflow,23
47,-1242007014_CO,TSS,Outflow,23
13,-1242007014_CO,TSS,Outflow,24
6,-1242007014_CO,TSS,Outflow,24
22,-1242007014_CO,TSS,Outflow,24
27,-1242007014_CO,TSS,Outflow,24
47,-1242007014_CO,TSS,Outflow,24
23,-1242007014_CO,TSS,Outflow,25
6,-1242007014_CO,TSS,Outflow,25
13,-1242007014_CO,TSS,Outflow,25
26,-1242007014_CO,TSS,Outflow,25
47,-1242007014_CO,TSS,Outflow,25
13,-1242007014_CO,TSS,Outflow,26
27,-1242007014_CO,TSS,Outflow,26
13,-1242007014_CO,TSS,Outflow,26
6,-1242007014_CO,TSS,Outflow,26
110,-1242007014_CO,TSS,Outflow,26
531,-1242007014_CO,TSS,Outflow,27
12,-1242007014_CO,TSS,Outflow,27
19,-1242007014_CO,TSS,Outflow,27
13,-1242007014_CO,TSS,Outflow,27
23,-1242007014_CO,TSS,Outflow,27
6,-1242007014_CO,TSS,Outflow,28
47,-1242007014_CO,TSS,Outflow,28
20,-1242007014_CO,TSS,Outflow,28
110,-1242007014_CO,TSS,Outflow,28
531,-1242007014_CO,TSS,Outflow,28
25,-1242007014_CO,TSS,Outflow,29
22,-1242007014_CO,TSS,Outflow,29
12,-1242007014_CO,TSS,Outflow,29
19,-1242007014_CO,TSS,Outflow,29
110,-1242007014_CO,TSS,Outflow,29
12,-1242007014_CO,TSS,Outflow,30
26,-1242007014_CO,TSS,Outflow,30
22,-1242007014_CO,TSS,Outflow,30
6,-1242007014_CO,TSS,Outflow,30
13,-1242007014_CO,TSS,Outflow,30
27,-1242007014_CO,TSS,Outflow,31
13,-1242007014_CO,TSS,Outflow,31
9,-1242007014_CO,TSS,Outflow,31
22,-1242007014_CO,TSS,Outflow,31
531,-1242007014_CO,TSS,Outflow,31
22,-1242007014_CO,TSS,Outflow,32
531,-1242007014_CO,TSS,Outflow,32
19,-1242007014_CO,TSS,Outflow,32
6,-1242007014_CO,TSS,Outflow,32
13,-1242007014_CO,TSS,Outflow,32
12,-1242007014_CO,TSS,Outflow,33
26,-1242007014_CO,TSS,Outflow,33
20,-1242007014_CO,TSS,Outflow,33
27,-1242007014_CO,TSS,Outflow,33
23,-1242007014_CO,TSS,Outflow,33
6,-1242007014_CO,TSS,Outflow,34
5,-1242007014_CO,TSS,Outflow,34
23,-1242007014_CO,TSS,Outflow,34
27,-1242007014_CO,TSS,Outflow,34
13,-1242007014_CO,TSS,Outflow,34
25,-1242007014_CO,TSS,Outflow,35
110,-1242007014_CO,TSS,Outflow,35
9,-1242007014_CO,TSS,Outflow,35
23,-1242007014_CO,TSS,Outflow,35
6,-1242007014_CO,TSS,Outflow,35
20,-1242007014_CO,TSS,Outflow,36
12,-1242007014_CO,TSS,Outflow,36
26,-1242007014_CO,TSS,Outflow,36
531,-1242007014_CO,TSS,Outflow,36
27,-1242007014_CO,TSS,Outflow,36
9,-1242007014_CO,TSS,Outflow,37
23,-1242007014_CO,TSS,Outflow,37
47,-1242007014_CO,TSS,Outflow,37
22,-1242007014_CO,TSS,Outflow,37
5,-1242007014_CO,TSS,Outflow,37
5,-1242007014_CO,TSS,Outflow,38
6,-1242007014_CO,TSS,Outflow,38
27,-1242007014_CO,TSS,Outflow,38
19,-1242007014_CO,TSS,Outflow,38
110,-1242007014_CO,TSS,Outflow,38
13,-1242007014_CO,TSS,Outflow,39
5,-1242007014_CO,TSS,Outflow,39
27,-1242007014_CO,TSS,Outflow,39
531,-1242007014_CO,TSS,Outflow,39
23,-1242007014_CO,TSS,Outflow,39
5,-1242007014_CO,TSS,Outflow,40
22,-1242007014_CO,TSS,Outflow,40
27,-1242007014_CO,TSS,Outflow,40
26,-1242007014_CO,TSS,Outflow,40
12,-1242007014_CO,TSS,Outflow,40
20,-1242007014_CO,TSS,Outflow,41
26,-1242007014_CO,TSS,Outflow,41
47,-1242007014_CO,TSS,Outflow,41
110,-1242007014_CO,TSS,Outflow,41
23,-1242007014_CO,TSS,Outflow,41
110,-1242007014_CO,TSS,Outflow,42
13,-1242007014_CO,TSS,Outflow,42
6,-1242007014_CO,TSS,Outflow,42
9,-1242007014_CO,TSS,Outflow,42
13,-1242007014_CO,TSS,Outflow,42
25,-1242007014_CO,TSS,Outflow,43
27,-1242007014_CO,TSS,Outflow,43
23,-1242007014_CO,TSS,Outflow,43
110,-1242007014_CO,TSS,Outflow,43
12,-1242007014_CO,TSS,Outflow,43
25,-1242007014_CO,TSS,Outflow,44
27,-1242007014_CO,TSS,Outflow,44
5,-1242007014_CO,TSS,Outflow,44
23,-1242007014_CO,TSS,Outflow,44
13,-1242007014_CO,TSS,Outflow,44
5,-1242007014_CO,TSS,Outflow,45
9,-1242007014_CO,TSS,Outflow,45
27,-1242007014_CO,TSS,Outflow,45
19,-1242007014_CO,TSS,Outflow,45
27,-1242007014_CO,TSS,Outflow,45
22,-1242007014_CO,TSS,Outflow,46
23,-1242007014_CO,TSS,Outflow,46
25,-1242007014_CO,TSS,Outflow,46
27,-1242007014_CO,TSS,Outflow,46
9,-1242007014_CO,TSS,Outflow,46
12,-1242007014_CO,TSS,Outflow,47
27,-1242007014_CO,TSS,Outflow,47
19,-1242007014_CO,TSS,Outflow,47
23,-1242007014_CO,TSS,Outflow,47
110,-1242007014_CO,TSS,Outflow,47
25,-1242007014_CO,TSS,Outflow,48
110,-1242007014_CO,TSS,Outflow,48
22,-1242007014_CO,TSS,Outflow,48
13,-1242007014_CO,TSS,Outflow,48
27,-1242007014_CO,TSS,Outflow,48
27,-1242007014_CO,TSS,Outflow,49
27,-1242007014_CO,TSS,Outflow,49
110,-1242007014_CO,TSS,Outflow,49
25,-1242007014_CO,TSS,Outflow,49
531,-1242007014_CO,TSS,Outflow,49
26,-1242007014_CO,TSS,Outflow,50
12,-1242007014_CO,TSS,Outflow,50
27,-1242007014_CO,TSS,Outflow,50
27,-1242007014_CO,TSS,Outflow,50
6,-1242007014_CO,TSS,Outflow,50
13,-1242007014_CO,TSS,Outflow,51
12,-1242007014_CO,TSS,Outflow,51
5,-1242007014_CO,TSS,Outflow,51
13,-1242007014_CO,TSS,Outflow,51
20,-1242007014_CO,TSS,Outflow,51
5,-1242007014_CO,TSS,Outflow,52
27,-1242007014_CO,TSS,Outflow,52
6,-1242007014_CO,TSS,Outflow,52
22,-1242007014_CO,TSS,Outflow,52
25,-1242007014_CO,TSS,Outflow,52
13,-1242007014_CO,TSS,Outflow,53
47,-1242007014_CO,TSS,Outflow,53
13,-1242007014_CO,TSS,Outflow,53
5,-1242007014_CO,TSS,Outflow,53
12,-1242007014_CO,TSS,Outflow,53
20,-1242007014_CO,TSS,Outflow,54
5,-1242007014_CO,TSS,Outflow,54
531,-1242007014_CO,TSS,Outflow,54
6,-1242007014_CO,TSS,Outflow,54
25,-1242007014_CO,TSS,Outflow,54
22,-1242007014_CO,TSS,Outflow,55
20,-1242007014_CO,TSS,Outflow,55
19,-1242007014_CO,TSS,Outflow,55
12,-1242007014_CO,TSS,Outflow,55
13,-1242007014_CO,TSS,Outflow,55
13,-1242007014_CO,TSS,Outflow,56
5,-1242007014_CO,TSS,Outflow,56
9,-1242007014_CO,TSS,Outflow,56
26,-1242007014_CO,TSS,Outflow,56
25,-1242007014_CO,TSS,Outflow,56
23,-1242007014_CO,TSS,Outflow,57
12,-1242007014_CO,TSS,Outflow,57
19,-1242007014_CO,TSS,Outflow,57
26,-1242007014_CO,TSS,Outflow,57
47,-1242007014_CO,TSS,Outflow,57
531,-1242007014_CO,TSS,Outflow,58
13,-1242007014_CO,TSS,Outflow,58
9,-1242007014_CO,TSS,Outflow,58
110,-1242007014_CO,TSS,Outflow,58
12,-1242007014_CO,TSS,Outflow,58
531,-1242007014_CO,TSS,Outflow,59
23,-1242007014_CO,TSS,Outflow,59
26,-1242007014_CO,TSS,Outflow,59
9,-1242007014_CO,TSS,Outflow,59
6,-1242007014_CO,TSS,Outflow,59
27,-1242007014_CO,TSS,Outflow,60
5,-1242007014_CO,TSS,Outflow,60
26,-1242007014_CO,TSS,Outflow,60
25,-1242007014_CO,TSS,Outflow,60
19,-1242007014_CO,TSS,Outflow,60
13,-1242007014_CO,TSS,Outflow,61
27,-1242007014_CO,TSS,Outflow,61
12,-1242007014_CO,TSS,Outflow,61
22,-1242007014_CO,TSS,Outflow,61
9,-1242007014_CO,TSS,Outflow,61
26,-1242007014_CO,TSS,Outflow,62
13,-1242007014_CO,TSS,Outflow,62
23,-1242007014_CO,TSS,Outflow,62
27,-1242007014_CO,TSS,Outflow,62
47,-1242007014_CO,TSS,Outflow,62
47,-1242007014_CO,TSS,Outflow,63
25,-1242007014_CO,TSS,Outflow,63
19,-1242007014_CO,TSS,Outflow,63
23,-1242007014_CO,TSS,Outflow,63
20,-1242007014_CO,TSS,Outflow,63
5,-1242007014_CO,TSS,Outflow,64
25,-1242007014_CO,TSS,Outflow,64
110,-1242007014_CO,TSS,Outflow,64
23,-1242007014_CO,TSS,Outflow,64
27,-1242007014_CO,TSS,Outflow,64
9,-1242007014_CO,TSS,Outflow,65
27,-1242007014_CO,TSS,Outflow,65
27,-1242007014_CO,TSS,Outflow,65
20,-1242007014_CO,TSS,Outflow,65
12,-1242007014_CO,TSS,Outflow,65
25,-1242007014_CO,TSS,Outflow,66
5,-1242007014_CO,TSS,Outflow,66
47,-1242007014_CO,TSS,Outflow,66
531,-1242007014_CO,TSS,Outflow,66
23,-1242007014_CO,TSS,Outflow,66
6,-1242007014_CO,TSS,Outflow,67
27,-1242007014_CO,TSS,Outflow,67
22,-1242007014_CO,TSS,Outflow,67
12,-1242007014_CO,TSS,Outflow,67
47,-1242007014_CO,TSS,Outflow,67
23,-1242007014_CO,TSS,Outflow,68
47,-1242007014_CO,TSS,Outflow,68
9,-1242007014_CO,TSS,Outflow,68
12,-1242007014_CO,TSS,Outflow,68
5,-1242007014_CO,TSS,Outflow,68
110,-1242007014_CO,TSS,Outflow,69
22,-1242007014_CO,TSS,Outflow,69
12,-1242007014_CO,TSS,Outflow,69
9,-1242007014_CO,TSS,Outflow,69
531,-1242007014_CO,TSS,Outflow,69
20,-1242007014_CO,TSS,Outflow,70
23,-1242007014_CO,TSS,Outflow,70
25,-1242007014_CO,TSS,Outflow,70
26,-1242007014_CO,TSS,Outflow,70
22,-1242007014_CO,TSS,Outflow,70
27,-1242007014_CO,TSS,Outflow,71
13,-1242007014_CO,TSS,Outflow,71
26,-1242007014_CO,TSS,Outflow,71
6,-1242007014_CO,TSS,Outflow,71
9,-1242007014_CO,TSS,Outflow,71
6,-1242007014_CO,TSS,Outflow,72
20,-1242007014_CO,TSS,Outflow,72
12,-1242007014_CO,TSS,Outflow,72
27,-1242007014_CO,TSS,Outflow,72
13,-1242007014_CO,TSS,Outflow,72
19,-1242007014_CO,TSS,Outflow,73
531,-1242007014_CO,TSS,Outflow,73
13,-1242007014_CO,TSS,Outflow,73
23,-1242007014_CO,TSS,Outflow,73
25,-1242007014_CO,TSS,Outflow,73
6,-1242007014_CO,TSS,Outflow,74
9,-1242007014_CO,TSS,Outflow,74
110,-1242007014_CO,TSS,Outflow,74
13,-1242007014_CO,TSS,Outflow,74
5,-1242007014_CO,TSS,Outflow,74
6,-1242007014_CO,TSS,Outflow,75
110,-1242007014_CO,TSS,Outflow,75
9,-1242007014_CO,TSS,Outflow,75
13,-1242007014_CO,TSS,Outflow,75
27,-1242007014_CO,TSS,Outflow,75
20,-1242007014_CO,TSS,Outflow,76
531,-1242007014_CO,TSS,Outflow,76
13,-1242007014_CO,TSS,Outflow,76
110,-1242007014_CO,TSS,Outflow,76
22,-1242007014_CO,TSS,Outflow,76
26,-1242007014_CO,TSS,Outflow,77
6,-1242007014_CO,TSS,Outflow,77
22,-1242007014_CO,TSS,Outflow,77
12,-1242007014_CO,TSS,Outflow,77
5,-1242007014_CO,TSS,Outflow,77
5,-1242007014_CO,TSS,Outflow,78
20,-1242007014_CO,TSS,Outflow,78
27,-1242007014_CO,TSS,Outflow,78
12,-1242007014_CO,TSS,Outflow,78
6,-1242007014_CO,TSS,Outflow,78
6,-1242007014_CO,TSS,Outflow,79
20,-1242007014_CO,TSS,Outflow,79
27,-1242007014_CO,TSS,Outflow,79
110,-1242007014_CO,TSS,Outflow,79
23,-1242007014_CO,TSS,Outflow,79
47,-1242007014_CO,TSS,Outflow,80
22,-1242007014_CO,TSS,Outflow,80
9,-1242007014_CO,TSS,Outflow,80
531,-1242007014_CO,TSS,Outflow,80
26,-1242007014_CO,TSS,Outflow,80
9,-1242007014_CO,TSS,Outflow,81
13,-1242007014_CO,TSS,Outflow,81
20,-1242007014_CO,TSS,Outflow,81
23,-1242007014_CO,TSS,Outflow,81
27,-1242007014_CO,TSS,Outflow,81
23,-1242007014_CO,TSS,Outflow,82
13,-1242007014_CO,TSS,Outflow,82
27,-1242007014_CO,TSS,Outflow,82
13,-1242007014_CO,TSS,Outflow,82
26,-1242007014_CO,TSS,Outflow,82
19,-1242007014_CO,TSS,Outflow,83
13,-1242007014_CO,TSS,Outflow,83
9,-1242007014_CO,TSS,Outflow,83
13,-1242007014_CO,TSS,Outflow,83
25,-1242007014_CO,TSS,Outflow,83
6,-1242007014_CO,TSS,Outflow,84
9,-1242007014_CO,TSS,Outflow,84
23,-1242007014_CO,TSS,Outflow,84
19,-1242007014_CO,TSS,Outflow,84
26,-1242007014_CO,TSS,Outflow,84
22,-1242007014_CO,TSS,Outflow,85
27,-1242007014_CO,TSS,Outflow,85
47,-1242007014_CO,TSS,Outflow,85
13,-1242007014_CO,TSS,Outflow,85
20,-1242007014_CO,TSS,Outflow,85
27,-1242007014_CO,TSS,Outflow,86
13,-1242007014_CO,TSS,Outflow,86
47,-1242007014_CO,TSS,Outflow,86
25,-1242007014_CO,TSS,Outflow,86
110,-1242007014_CO,TSS,Outflow,86
9,-1242007014_CO,TSS,Outflow,87
531,-1242007014_CO,TSS,Outflow,87
5,-1242007014_CO,TSS,Outflow,87
25,-1242007014_CO,TSS,Outflow,87
23,-1242007014_CO,TSS,Outflow,87
5,-1242007014_CO,TSS,Outflow,88
20,-1242007014_CO,TSS,Outflow,88
19,-1242007014_CO,TSS,Outflow,88
13,-1242007014_CO,TSS,Outflow,88
25,-1242007014_CO,TSS,Outflow,88
26,-1242007014_CO,TSS,Outflow,89
25,-1242007014_CO,TSS,Outflow,89
22,-1242007014_CO,TSS,Outflow,89
110,-1242007014_CO,TSS,Outflow,89
27,-1242007014_CO,TSS,Outflow,89
25,-1242007014_CO,TSS,Outflow,90
47,-1242007014_CO,TSS,Outflow,90
23,-1242007014_CO,TSS,Outflow,90
19,-1242007014_CO,TSS,Outflow,90
26,-1242007014_CO,TSS,Outflow,90
22,-1242007014_CO,TSS,Outflow,91
25,-1242007014_CO,TSS,Outflow,91
110,-1242007014_CO,TSS,Outflow,91
531,-1242007014_CO,TSS,Outflow,91
12,-1242007014_CO,TSS,Outflow,91
110,-1242007014_CO,TSS,Outflow,92
47,-1242007014_CO,TSS,Outflow,92
22,-1242007014_CO,TSS,Outflow,92
13,-1242007014_CO,TSS,Outflow,92
20,-1242007014_CO,TSS,Outflow,92
9,-1242007014_CO,TSS,Outflow,93
20,-1242007014_CO,TSS,Outflow,93
27,-1242007014_CO,TSS,Outflow,93
6,-1242007014_CO,TSS,Outflow,93
22,-1242007014_CO,TSS,Outflow,93
531,-1242007014_CO,TSS,Outflow,94
12,-1242007014_CO,TSS,Outflow,94
25,-1242007014_CO,TSS,Outflow,94
5,-1242007014_CO,TSS,Outflow,94
27,-1242007014_CO,TSS,Outflow,94
47,-1242007014_CO,TSS,Outflow,95
19,-1242007014_CO,TSS,Outflow,95
27,-1242007014_CO,TSS,Outflow,95
22,-1242007014_CO,TSS,Outflow,95
20,-1242007014_CO,TSS,Outflow,95
20,-1242007014_CO,TSS,Outflow,96
19,-1242007014_CO,TSS,Outflow,96
22,-1242007014_CO,TSS,Outflow,96
531,-1242007014_CO,TSS,Outflow,96
12,-1242007014_CO,TSS,Outflow,96
19,-1242007014_CO,TSS,Outflow,97
27,-1242007014_CO,TSS,Outflow,97
27,-1242007014_CO,TSS,Outflow,97
6,-1242007014_CO,TSS,Outflow,97
23,-1242007014_CO,TSS,Outflow,97
22,-1242007014_CO,TSS,Outflow,98
12,-1242007014_CO,TSS,Outflow,98
110,-1242007014_CO,TSS,Outflow,98
13,-1242007014_CO,TSS,Outflow,98
531,-1242007014_CO,TSS,Outflow,98
27,-1242007014_CO,TSS,Outflow,99
531,-1242007014_CO,TSS,Outflow,99
12,-1242007014_CO,TSS,Outflow,99
26,-1242007014_CO,TSS,Outflow,99
23,-1242007014_CO,TSS,Outflow,99
26,-1242007014_CO,TSS,Outflow,100
12,-1242007014_CO,TSS,Outflow,100
23,-1242007014_CO,TSS,Outflow,100
531,-1242007014_CO,TSS,Outflow,100
27,-1242007014_CO,TSS,Outflow,100
13,-1242007014_CO,TSS,Outflow,101
27,-1242007014_CO,TSS,Outflow,101
9,-1242007014_CO,TSS,Outflow,101
22,-1242007014_CO,TSS,Outflow,101
5,-1242007014_CO,TSS,Outflow,101
110,-1242007014_CO,TSS,Outflow,102
12,-1242007014_CO,TSS,Outflow,102
23,-1242007014_CO,TSS,Outflow,102
9,-1242007014_CO,TSS,Outflow,102
5,-1242007014_CO,TSS,Outflow,102
27,-1242007014_CO,TSS,Outflow,103
20,-1242007014_CO,TSS,Outflow,103
531,-1242007014_CO,TSS,Outflow,103
47,-1242007014_CO,TSS,Outflow,103
110,-1242007014_CO,TSS,Outflow,103
27,-1242007014_CO,TSS,Outflow,104
12,-1242007014_CO,TSS,Outflow,104
26,-1242007014_CO,TSS,Outflow,104
25,-1242007014_CO,TSS,Outflow,104
5,-1242007014_CO,TSS,Outflow,104
23,-1242007014_CO,TSS,Outflow,105
27,-1242007014_CO,TSS,Outflow,105
12,-1242007014_CO,TSS,Outflow,105
13,-1242007014_CO,TSS,Outflow,105
22,-1242007014_CO,TSS,Outflow,105
13,-1242007014_CO,TSS,Outflow,106
47,-1242007014_CO,TSS,Outflow,106
23,-1242007014_CO,TSS,Outflow,106
27,-1242007014_CO,TSS,Outflow,106
531,-1242007014_CO,TSS,Outflow,106
25,-1242007014_CO,TSS,Outflow,107
19,-1242007014_CO,TSS,Outflow,107
47,-1242007014_CO,TSS,Outflow,107
110,-1242007014_CO,TSS,Outflow,107
23,-1242007014_CO,TSS,Outflow,107
23,-1242007014_CO,TSS,Outflow,108
13,-1242007014_CO,TSS,Outflow,108
20,-1242007014_CO,TSS,Outflow,108
25,-1242007014_CO,TSS,Outflow,108
19,-1242007014_CO,TSS,Outflow,108
20,-1242007014_CO,TSS,Outflow,109
27,-1242007014_CO,TSS,Outflow,109
19,-1242007014_CO,TSS,Outflow,109
110,-1242007014_CO,TSS,Outflow,109
6,-1242007014_CO,TSS,Outflow,109
9,-1242007014_CO,TSS,Outflow,110
23,-1242007014_CO,TSS,Outflow,110
27,-1242007014_CO,TSS,Outflow,110
47,-1242007014_CO,TSS,Outflow,110
19,-1242007014_CO,TSS,Outflow,110
27,-1242007014_CO,TSS,Outflow,111
6,-1242007014_CO,TSS,Outflow,111
27,-1242007014_CO,TSS,Outflow,111
9,-1242007014_CO,TSS,Outflow,111
13,-1242007014_CO,TSS,Outflow,111
20,-1242007014_CO,TSS,Outflow,112
110,-1242007014_CO,TSS,Outflow,112
9,-1242007014_CO,TSS,Outflow,112
19,-1242007014_CO,TSS,Outflow,112
5,-1242007014_CO,TSS,Outflow,112
27,-1242007014_CO,TSS,Outflow,113
531,-1242007014_CO,TSS,Outflow,113
47,-1242007014_CO,TSS,Outflow,113
23,-1242007014_CO,TSS,Outflow,113
19,-1242007014_CO,TSS,Outflow,113
26,-1242007014_CO,TSS,Outflow,114
110,-1242007014_CO,TSS,Outflow,114
20,-1242007014_CO,TSS,Outflow,114
9,-1242007014_CO,TSS,Outflow,114
13,-1242007014_CO,TSS,Outflow,114
12,-1242007014_CO,TSS,Outflow,115
25,-1242007014_CO,TSS,Outflow,115
19,-1242007014_CO,TSS,Outflow,115
27,-1242007014_CO,TSS,Outflow,115
110,-1242007014_CO,TSS,Outflow,115
5,-1242007014_CO,TSS,Outflow,116
13,-1242007014_CO,TSS,Outflow,116
25,-1242007014_CO,TSS,Outflow,116
13,-1242007014_CO,TSS,Outflow,116
23,-1242007014_CO,TSS,Outflow,116
27,-1242007014_CO,TSS,Outflow,117
9,-1242007014_CO,TSS,Outflow,117
25,-1242007014_CO,TSS,Outflow,117
110,-1242007014_CO,TSS,Outflow,117
5,-1242007014_CO,TSS,Outflow,117
531,-1242007014_CO,TSS,Outflow,118
25,-1242007014_CO,TSS,Outflow,118
47,-1242007014_CO,TSS,Outflow,118
12,-1242007014_CO,TSS,Outflow,118
22,-1242007014_CO,TSS,Outflow,118
25,-1242007014_CO,TSS,Outflow,119
19,-1242007014_CO,TSS,Outflow,119
13,-1242007014_CO,TSS,Outflow,119
20,-1242007014_CO,TSS,Outflow,119
5,-1242007014_CO,TSS,Outflow,119
12,-1242007014_CO,TSS,Outflow,120
13,-1242007014_CO,TSS,Outflow,120
110,-1242007014_CO,TSS,Outflow,120
9,-1242007014_CO,TSS,Outflow,120
20,-1242007014_CO,TSS,Outflow,120
27,-1242007014_CO,TSS,Outflow,121
25,-1242007014_CO,TSS,Outflow,121
23,-1242007014_CO,TSS,Outflow,121
22,-1242007014_CO,TSS,Outflow,121
13,-1242007014_CO,TSS,Outflow,121
23,-1242007014_CO,TSS,Outflow,122
27,-1242007014_CO,TSS,Outflow,122
19,-1242007014_CO,TSS,Outflow,122
13,-1242007014_CO,TSS,Outflow,122
26,-1242007014_CO,TSS,Outflow,122
47,-1242007014_CO,TSS,Outflow,123
25,-1242007014_CO,TSS,Outflow,123
5,-1242007014_CO,TSS,Outflow,123
13,-1242007014_CO,TSS,Outflow,123
22,-1242007014_CO,TSS,Outflow,123
12,-1242007014_CO,TSS,Outflow,124
26,-1242007014_CO,TSS,Outflow,124
13,-1242007014_CO,TSS,Outflow,124
5,-1242007014_CO,TSS,Outflow,124
27,-1242007014_CO,TSS,Outflow,124
26,-1242007014_CO,TSS,Outflow,125
531,-1242007014_CO,TSS,Outflow,125
20,-1242007014_CO,TSS,Outflow,125
6,-1242007014_CO,TSS,Outflow,125
13,-1242007014_CO,TSS,Outflow,125
6,-1242007014_CO,TSS,Outflow,126
13,-1242007014_CO,TSS,Outflow,126
19,-1242007014_CO,TSS,Outflow,126
47,-1242007014_CO,TSS,Outflow,126
110,-1242007014_CO,TSS,Outflow,126
12,-1242007014_CO,TSS,Outflow,127
13,-1242007014_CO,TSS,Outflow,127
110,-1242007014_CO,TSS,Outflow,127
22,-1242007014_CO,TSS,Outflow,127
27,-1242007014_CO,TSS,Outflow,127
6,-1242007014_CO,TSS,Outflow,128
27,-1242007014_CO,TSS,Outflow,128
5,-1242007014_CO,TSS,Outflow,128
20,-1242007014_CO,TSS,Outflow,128
110,-1242007014_CO,TSS,Outflow,128
22,-1242007014_CO,TSS,Outflow,129
9,-1242007014_CO,TSS,Outflow,129
25,-1242007014_CO,TSS,Outflow,129
13,-1242007014_CO,TSS,Outflow,129
47,-1242007014_CO,TSS,Outflow,129
19,-1242007014_CO,TSS,Outflow,130
531,-1242007014_CO,TSS,Outflow,130
27,-1242007014_CO,TSS,Outflow,130
23,-1242007014_CO,TSS,Outflow,130
110,-1242007014_CO,TSS,Outflow,130
531,-1242007014_CO,TSS,Outflow,131
47,-1242007014_CO,TSS,Outflow,131
12,-1242007014_CO,TSS,Outflow,131
13,-1242007014_CO,TSS,Outflow,131
22,-1242007014_CO,TSS,Outflow,131
5,-1242007014_CO,TSS,Outflow,132
23,-1242007014_CO,TSS,Outflow,132
6,-1242007014_CO,TSS,Outflow,132
20,-1242007014_CO,TSS,Outflow,132
12,-1242007014_CO,TSS,Outflow,132
47,-1242007014_CO,TSS,Outflow,133
26,-1242007014_CO,TSS,Outflow,133
20,-1242007014_CO,TSS,Outflow,133
6,-1242007014_CO,TSS,Outflow,133
9,-1242007014_CO,TSS,Outflow,133
26,-1242007014_CO,TSS,Outflow,134
20,-1242007014_CO,TSS,Outflow,134
22,-1242007014_CO,TSS,Outflow,134
5,-1242007014_CO,TSS,Outflow,134
13,-1242007014_CO,TSS,Outflow,134
13,-1242007014_CO,TSS,Outflow,135
12,-1242007014_CO,TSS,Outflow,135
26,-1242007014_CO,TSS,Outflow,135
27,-1242007014_CO,TSS,Outflow,135
27,-1242007014_CO,TSS,Outflow,135
26,-1242007014_CO,TSS,Outflow,136
47,-1242007014_CO,TSS,Outflow,136
110,-1242007014_CO,TSS,Outflow,136
22,-1242007014_CO,TSS,Outflow,136
19,-1242007014_CO,TSS,Outflow,136
27,-1242007014_CO,TSS,Outflow,137
19,-1242007014_CO,TSS,Outflow,137
110,-1242007014_CO,TSS,Outflow,137
13,-1242007014_CO,TSS,Outflow,137
531,-1242007014_CO,TSS,Outflow,137
5,-1242007014_CO,TSS,Outflow,138
13,-1242007014_CO,TSS,Outflow,138
6,-1242007014_CO,TSS,Outflow,138
27,-1242007014_CO,TSS,Outflow,138
9,-1242007014_CO,TSS,Outflow,138
13,-1242007014_CO,TSS,Outflow,139
13,-1242007014_CO,TSS,Outflow,139
20,-1242007014_CO,TSS,Outflow,139
26,-1242007014_CO,TSS,Outflow,139
531,-1242007014_CO,TSS,Outflow,139
12,-1242007014_CO,TSS,Outflow,140
27,-1242007014_CO,TSS,Outflow,140
9,-1242007014_CO,TSS,Outflow,140
23,-1242007014_CO,TSS,Outflow,140
6,-1242007014_CO,TSS,Outflow,140
26,-1242007014_CO,TSS,Outflow,141
22,-1242007014_CO,TSS,Outflow,141
13,-1242007014_CO,TSS,Outflow,141
6,-1242007014_CO,TSS,Outflow,141
47,-1242007014_CO,TSS,Outflow,141
13,-1242007014_CO,TSS,Outflow,142
27,-1242007014_CO,TSS,Outflow,142
20,-1242007014_CO,TSS,Outflow,142
27,-1242007014_CO,TSS,Outflow,142
531,-1242007014_CO,TSS,Outflow,142
13,-1242007014_CO,TSS,Outflow,143
27,-1242007014_CO,TSS,Outflow,143
47,-1242007014_CO,TSS,Outflow,143
22,-1242007014_CO,TSS,Outflow,143
19,-1242007014_CO,TSS,Outflow,143
23,-1242007014_CO,TSS,Outflow,144
27,-1242007014_CO,TSS,Outflow,144
110,-1242007014_CO,TSS,Outflow,144
25,-1242007014_CO,TSS,Outflow,144
13,-1242007014_CO,TSS,Outflow,144
23,-1242007014_CO,TSS,Outflow,145
531,-1242007014_CO,TSS,Outflow,145
9,-1242007014_CO,TSS,Outflow,145
5,-1242007014_CO,TSS,Outflow,145
13,-1242007014_CO,TSS,Outflow,145
531,-1242007014_CO,TSS,Outflow,146
47,-1242007014_CO,TSS,Outflow,146
22,-1242007014_CO,TSS,Outflow,146
27,-1242007014_CO,TSS,Outflow,146
23,-1242007014_CO,TSS,Outflow,146
19,-1242007014_CO,TSS,Outflow,147
531,-1242007014_CO,TSS,Outflow,147
13,-1242007014_CO,TSS,Outflow,147
22,-1242007014_CO,TSS,Outflow,147
25,-1242007014_CO,TSS,Outflow,147
23,-1242007014_CO,TSS,Outflow,148
22,-1242007014_CO,TSS,Outflow,148
47,-1242007014_CO,TSS,Outflow,148
6,-1242007014_CO,TSS,Outflow,148
13,-1242007014_CO,TSS,Outflow,148
531,-1242007014_CO,TSS,Outflow,149
25,-1242007014_CO,TSS,Outflow,149
27,-1242007014_CO,TSS,Outflow,149
9,-1242007014_CO,TSS,Outflow,149
5,-1242007014_CO,TSS,Outflow,149
25,-1242007014_CO,TSS,Outflow,150
6,-1242007014_CO,TSS,Outflow,150
13,-1242007014_CO,TSS,Outflow,150
23,-1242007014_CO,TSS,Outflow,150
20,-1242007014_CO,TSS,Outflow,150
13,-1242007014_CO,TSS,Outflow,151
27,-1242007014_CO,TSS,Outflow,151
19,-1242007014_CO,TSS,Outflow,151
47,-1242007014_CO,TSS,Outflow,151
6,-1242007014_CO,TSS,Outflow,151
47,-1242007014_CO,TSS,Outflow,152
5,-1242007014_CO,TSS,Outflow,152
27,-1242007014_CO,TSS,Outflow,152
23,-1242007014_CO,TSS,Outflow,152
26,-1242007014_CO,TSS,Outflow,152
20,-1242007014_CO,TSS,Outflow,153
6,-1242007014_CO,TSS,Outflow,153
13,-1242007014_CO,TSS,Outflow,153
25,-1242007014_CO,TSS,Outflow,153
26,-1242007014_CO,TSS,Outflow,153
27,-1242007014_CO,TSS,Outflow,154
5,-1242007014_CO,TSS,Outflow,154
47,-1242007014_CO,TSS,Outflow,154
19,-1242007014_CO,TSS,Outflow,154
6,-1242007014_CO,TSS,Outflow,154
12,-1242007014_CO,TSS,Outflow,155
22,-1242007014_CO,TSS,Outflow,155
27,-1242007014_CO,TSS,Outflow,155
9,-1242007014_CO,TSS,Outflow,155
20,-1242007014_CO,TSS,Outflow,155
27,-1242007014_CO,TSS,Outflow,156
23,-1242007014_CO,TSS,Outflow,156
19,-1242007014_CO,TSS,Outflow,156
22,-1242007014_CO,TSS,Outflow,156
25,-1242007014_CO,TSS,Outflow,156
27,-1242007014_CO,TSS,Outflow,157
19,-1242007014_CO,TSS,Outflow,157
9,-1242007014_CO,TSS,Outflow,157
47,-1242007014_CO,TSS,Outflow,157
531,-1242007014_CO,TSS,Outflow,157
13,-1242007014_CO,TSS,Outflow,158
6,-1242007014_CO,TSS,Outflow,158
5,-1242007014_CO,TSS,Outflow,158
12,-1242007014_CO,TSS,Outflow,158
27,-1242007014_CO,TSS,Outflow,158
12,-1242007014_CO,TSS,Outflow,159
531,-1242007014_CO,TSS,Outflow,159
47,-1242007014_CO,TSS,Outflow,159
13,-1242007014_CO,TSS,Outflow,159
110,-1242007014_CO,TSS,Outflow,159
27,-1242007014_CO,TSS,Outflow,160
13,-1242007014_CO,TSS,Outflow,160
6,-1242007014_CO,TSS,Outflow,160
27,-1242007014_CO,TSS,Outflow,160
20,-1242007014_CO,TSS,Outflow,160
13,-1242007014_CO,TSS,Outflow,161
23,-1242007014_CO,TSS,Outflow,161
22,-1242007014_CO,TSS,Outflow,161
27,-1242007014_CO,TSS,Outflow,161
5,-1242007014_CO,TSS,Outflow,161
5,-1242007014_CO,TSS,Outflow,162
26,-1242007014_CO,TSS,Outflow,162
9,-1242007014_CO,TSS,Outflow,162
12,-1242007014_CO,TSS,Outflow,162
13,-1242007014_CO,TSS,Outflow,162
26,-1242007014_CO,TSS,Outflow,163
25,-1242007014_CO,TSS,Outflow,163
531,-1242007014_CO,TSS,Outflow,163
6,-1242007014_CO,TSS,Outflow,163
27,-1242007014_CO,TSS,Outflow,163
6,-1242007014_CO,TSS,Outflow,164
110,-1242007014_CO,TSS,Outflow,164
47,-1242007014_CO,TSS,Outflow,164
27,-1242007014_CO,TSS,Outflow,164
22,-1242007014_CO,TSS,Outflow,164
9,-1242007014_CO,TSS,Outflow,165
26,-1242007014_CO,TSS,Outflow,165
110,-1242007014_CO,TSS,Outflow,165
13,-1242007014_CO,TSS,Outflow,165
19,-1242007014_CO,TSS,Outflow,165
20,-1242007014_CO,TSS,Outflow,166
110,-1242007014_CO,TSS,Outflow,166
13,-1242007014_CO,TSS,Outflow,166
531,-1242007014_CO,TSS,Outflow,166
6,-1242007014_CO,TSS,Outflow,166
110,-1242007014_CO,TSS,Outflow,167
27,-1242007014_CO,TSS,Outflow,167
20,-1242007014_CO,TSS,Outflow,167
6,-1242007014_CO,TSS,Outflow,167
5,-1242007014_CO,TSS,Outflow,167
110,-1242007014_CO,TSS,Outflow,168
12,-1242007014_CO,TSS,Outflow,168
20,-1242007014_CO,TSS,Outflow,168
25,-1242007014_CO,TSS,Outflow,168
22,-1242007014_CO,TSS,Outflow,168
6,-1242007014_CO,TSS,Outflow,169
47,-1242007014_CO,TSS,Outflow,169
110,-1242007014_CO,TSS,Outflow,169
23,-1242007014_CO,TSS,Outflow,169
27,-1242007014_CO,TSS,Outflow,169
13,-1242007014_CO,TSS,Outflow,170
5,-1242007014_CO,TSS,Outflow,170
22,-1242007014_CO,TSS,Outflow,170
6,-1242007014_CO,TSS,Outflow,170
9,-1242007014_CO,TSS,Outflow,170
27,-1242007014_CO,TSS,Outflow,171
13,-1242007014_CO,TSS,Outflow,171
47,-1242007014_CO,TSS,Outflow,171
23,-1242007014_CO,TSS,Outflow,171
12,-1242007014_CO,TSS,Outflow,171
25,-1242007014_CO,TSS,Outflow,172
531,-1242007014_CO,TSS,Outflow,172
110,-1242007014_CO,TSS,Outflow,172
22,-1242007014_CO,TSS,Outflow,172
26,-1242007014_CO,TSS,Outflow,172
19,-1242007014_CO,TSS,Outflow,173
12,-1242007014_CO,TSS,Outflow,173
27,-1242007014_CO,TSS,Outflow,173
13,-1242007014_CO,TSS,Outflow,173
23,-1242007014_CO,TSS,Outflow,173
13,-1242007014_CO,TSS,Outflow,174
12,-1242007014_CO,TSS,Outflow,174
25,-1242007014_CO,TSS,Outflow,174
26,-1242007014_CO,TSS,Outflow,174
110,-1242007014_CO,TSS,Outflow,174
26,-1242007014_CO,TSS,Outflow,175
22,-1242007014_CO,TSS,Outflow,175
5,-1242007014_CO,TSS,Outflow,175
6,-1242007014_CO,TSS,Outflow,175
27,-1242007014_CO,TSS,Outflow,175
110,-1242007014_CO,TSS,Outflow,176
531,-1242007014_CO,TSS,Outflow,176
5,-1242007014_CO,TSS,Outflow,176
27,-1242007014_CO,TSS,Outflow,176
12,-1242007014_CO,TSS,Outflow,176
25,-1242007014_CO,TSS,Outflow,177
27,-1242007014_CO,TSS,Outflow,177
22,-1242007014_CO,TSS,Outflow,177
110,-1242007014_CO,TSS,Outflow,177
12,-1242007014_CO,TSS,Outflow,177
47,-1242007014_CO,TSS,Outflow,178
12,-1242007014_CO,TSS,Outflow,178
110,-1242007014_CO,TSS,Outflow,178
9,-1242007014_CO,TSS,Outflow,178
531,-1242007014_CO,TSS,Outflow,178
9,-1242007014_CO,TSS,Outflow,179
27,-1242007014_CO,TSS,Outflow,179
6,-1242007014_CO,TSS,Outflow,179
19,-1242007014_CO,TSS,Outflow,179
531,-1242007014_CO,TSS,Outflow,179
27,-1242007014_CO,TSS,Outflow,180
13,-1242007014_CO,TSS,Outflow,180
22,-1242007014_CO,TSS,Outflow,180
5,-1242007014_CO,TSS,Outflow,180
13,-1242007014_CO,TSS,Outflow,180
9,-1242007014_CO,TSS,Outflow,181
47,-1242007014_CO,TSS,Outflow,181
5,-1242007014_CO,TSS,Outflow,181
25,-1242007014_CO,TSS,Outflow,181
27,-1242007014_CO,TSS,Outflow,181
13,-1242007014_CO,TSS,Outflow,182
6,-1242007014_CO,TSS,Outflow,182
5,-1242007014_CO,TSS,Outflow,182
13,-1242007014_CO,TSS,Outflow,182
9,-1242007014_CO,TSS,Outflow,182
6,-1242007014_CO,TSS,Outflow,183
20,-1242007014_CO,TSS,Outflow,183
27,-1242007014_CO,TSS,Outflow,183
5,-1242007014_CO,TSS,Outflow,183
13,-1242007014_CO,TSS,Outflow,183
23,-1242007014_CO,TSS,Outflow,184
6,-1242007014_CO,TSS,Outflow,184
5,-1242007014_CO,TSS,Outflow,184
27,-1242007014_CO,TSS,Outflow,184
25,-1242007014_CO,TSS,Outflow,184
13,-1242007014_CO,TSS,Outflow,185
110,-1242007014_CO,TSS,Outflow,185
531,-1242007014_CO,TSS,Outflow,185
6,-1242007014_CO,TSS,Outflow,185
25,-1242007014_CO,TSS,Outflow,185
110,-1242007014_CO,TSS,Outflow,186
531,-1242007014_CO,TSS,Outflow,186
13,-1242007014_CO,TSS,Outflow,186
5,-1242007014_CO,TSS,Outflow,186
20,-1242007014_CO,TSS,Outflow,186
13,-1242007014_CO,TSS,Outflow,187
5,-1242007014_CO,TSS,Outflow,187
110,-1242007014_CO,TSS,Outflow,187
6,-1242007014_CO,TSS,Outflow,187
13,-1242007014_CO,TSS,Outflow,187
13,-1242007014_CO,TSS,Outflow,188
27,-1242007014_CO,TSS,Outflow,188
531,-1242007014_CO,TSS,Outflow,188
22,-1242007014_CO,TSS,Outflow,188
25,-1242007014_CO,TSS,Outflow,188
531,-1242007014_CO,TSS,Outflow,189
47,-1242007014_CO,TSS,Outflow,189
13,-1242007014_CO,TSS,Outflow,189
5,-1242007014_CO,TSS,Outflow,189
20,-1242007014_CO,TSS,Outflow,189
20,-1242007014_CO,TSS,Outflow,190
27,-1242007014_CO,TSS,Outflow,190
13,-1242007014_CO,TSS,Outflow,190
47,-1242007014_CO,TSS,Outflow,190
25,-1242007014_CO,TSS,Outflow,190
26,-1242007014_CO,TSS,Outflow,191
12,-1242007014_CO,TSS,Outflow,191
531,-1242007014_CO,TSS,Outflow,191
23,-1242007014_CO,TSS,Outflow,191
6,-1242007014_CO,TSS,Outflow,191
25,-1242007014_CO,TSS,Outflow,192
12,-1242007014_CO,TSS,Outflow,192
47,-1242007014_CO,TSS,Outflow,192
9,-1242007014_CO,TSS,Outflow,192
531,-1242007014_CO,TSS,Outflow,192
23,-1242007014_CO,TSS,Outflow,193
5,-1242007014_CO,TSS,Outflow,193
13,-1242007014_CO,TSS,Outflow,193
20,-1242007014_CO,TSS,Outflow,193
12,-1242007014_CO,TSS,Outflow,193
531,-1242007014_CO,TSS,Outflow,194
6,-1242007014_CO,TSS,Outflow,194
26,-1242007014_CO,TSS,Outflow,194
9,-1242007014_CO,TSS,Outflow,194
27,-1242007014_CO,TSS,Outflow,194
47,-1242007014_CO,TSS,Outflow,195
531,-1242007014_CO,TSS,Outflow,195
27,-1242007014_CO,TSS,Outflow,195
22,-1242007014_CO,TSS,Outflow,195
110,-1242007014_CO,TSS,Outflow,195
23,-1242007014_CO,TSS,Outflow,196
110,-1242007014_CO,TSS,Outflow,196
20,-1242007014_CO,TSS,Outflow,196
5,-1242007014_CO,TSS,Outflow,196
22,-1242007014_CO,TSS,Outflow,196
5,-1242007014_CO,TSS,Outflow,197
531,-1242007014_CO,TSS,Outflow,197
110,-1242007014_CO,TSS,Outflow,197
12,-1242007014_CO,TSS,Outflow,197
22,-1242007014_CO,TSS,Outflow,197
531,-1242007014_CO,TSS,Outflow,198
6,-1242007014_CO,TSS,Outflow,198
47,-1242007014_CO,TSS,Outflow,198
20,-1242007014_CO,TSS,Outflow,198
13,-1242007014_CO,TSS,Outflow,198
531,-1242007014_CO,TSS,Outflow,199
20,-1242007014_CO,TSS,Outflow,199
22,-1242007014_CO,TSS,Outflow,199
19,-1242007014_CO,TSS,Outflow,199
26,-1242007014_CO,TSS,Outflow,199
19,-1242007014_CO,TSS,Outflow,200
12,-1242007014_CO,TSS,Outflow,200
531,-1242007014_CO,TSS,Outflow,200
27,-1242007014_CO,TSS,Outflow,200
13,-1242007014_CO,TSS,Outflow,200
19,-1242007014_CO,TSS,Outflow,201
12,-1242007014_CO,TSS,Outflow,201
23,-1242007014_CO,TSS,Outflow,201
110,-1242007014_CO,TSS,Outflow,201
13,-1242007014_CO,TSS,Outflow,201
26,-1242007014_CO,TSS,Outflow,202
12,-1242007014_CO,TSS,Outflow,202
19,-1242007014_CO,TSS,Outflow,202
20,-1242007014_CO,TSS,Outflow,202
110,-1242007014_CO,TSS,Outflow,202
22,-1242007014_CO,TSS,Outflow,203
19,-1242007014_CO,TSS,Outflow,203
6,-1242007014_CO,TSS,Outflow,203
26,-1242007014_CO,TSS,Outflow,203
27,-1242007014_CO,TSS,Outflow,203
47,-1242007014_CO,TSS,Outflow,204
22,-1242007014_CO,TSS,Outflow,204
531,-1242007014_CO,TSS,Outflow,204
12,-1242007014_CO,TSS,Outflow,204
13,-1242007014_CO,TSS,Outflow,204
27,-1242007014_CO,TSS,Outflow,205
13,-1242007014_CO,TSS,Outflow,205
13,-1242007014_CO,TSS,Outflow,205
6,-1242007014_CO,TSS,Outflow,205
22,-1242007014_CO,TSS,Outflow,205
47,-1242007014_CO,TSS,Outflow,206
26,-1242007014_CO,TSS,Outflow,206
19,-1242007014_CO,TSS,Outflow,206
27,-1242007014_CO,TSS,Outflow,206
5,-1242007014_CO,TSS,Outflow,206
6,-1242007014_CO,TSS,Outflow,207
110,-1242007014_CO,TSS,Outflow,207
13,-1242007014_CO,TSS,Outflow,207
47,-1242007014_CO,TSS,Outflow,207
22,-1242007014_CO,TSS,Outflow,207
22,-1242007014_CO,TSS,Outflow,208
9,-1242007014_CO,TSS,Outflow,208
5,-1242007014_CO,TSS,Outflow,208
19,-1242007014_CO,TSS,Outflow,208
25,-1242007014_CO,TSS,Outflow,208
23,-1242007014_CO,TSS,Outflow,209
531,-1242007014_CO,TSS,Outflow,209
27,-1242007014_CO,TSS,Outflow,209
12,-1242007014_CO,TSS,Outflow,209
5,-1242007014_CO,TSS,Outflow,209
13,-1242007014_CO,TSS,Outflow,210
27,-1242007014_CO,TSS,Outflow,210
110,-1242007014_CO,TSS,Outflow,210
531,-1242007014_CO,TSS,Outflow,210
47,-1242007014_CO,TSS,Outflow,210
13,-1242007014_CO,TSS,Outflow,211
47,-1242007014_CO,TSS,Outflow,211
5,-1242007014_CO,TSS,Outflow,211
27,-1242007014_CO,TSS,Outflow,211
20,-1242007014_CO,TSS,Outflow,211
27,-1242007014_CO,TSS,Outflow,212
9,-1242007014_CO,TSS,Outflow,212
20,-1242007014_CO,TSS,Outflow,212
26,-1242007014_CO,TSS,Outflow,212
12,-1242007014_CO,TSS,Outflow,212
531,-1242007014_CO,TSS,Outflow,213
19,-1242007014_CO,TSS,Outflow,213
13,-1242007014_CO,TSS,Outflow,213
47,-1242007014_CO,TSS,Outflow,213
13,-1242007014_CO,TSS,Outflow,213
9,-1242007014_CO,TSS,Outflow,214
19,-1242007014_CO,TSS,Outflow,214
26,-1242007014_CO,TSS,Outflow,214
13,-1242007014_CO,TSS,Outflow,214
25,-1242007014_CO,TSS,Outflow,214
13,-1242007014_CO,TSS,Outflow,215
12,-1242007014_CO,TSS,Outflow,215
27,-1242007014_CO,TSS,Outflow,215
22,-1242007014_CO,TSS,Outflow,215
531,-1242007014_CO,TSS,Outflow,215
6,-1242007014_CO,TSS,Outflow,216
5,-1242007014_CO,TSS,Outflow,216
110,-1242007014_CO,TSS,Outflow,216
27,-1242007014_CO,TSS,Outflow,216
22,-1242007014_CO,TSS,Outflow,216
27,-1242007014_CO,TSS,Outflow,217
20,-1242007014_CO,TSS,Outflow,217
13,-1242007014_CO,TSS,Outflow,217
23,-1242007014_CO,TSS,Outflow,217
47,-1242007014_CO,TSS,Outflow,217
19,-1242007014_CO,TSS,Outflow,218
23,-1242007014_CO,TSS,Outflow,218
22,-1242007014_CO,TSS,Outflow,218
13,-1242007014_CO,TSS,Outflow,218
13,-1242007014_CO,TSS,Outflow,218
23,-1242007014_CO,TSS,Outflow,219
25,-1242007014_CO,TSS,Outflow,219
26,-1242007014_CO,TSS,Outflow,219
110,-1242007014_CO,TSS,Outflow,219
27,-1242007014_CO,TSS,Outflow,219
13,-1242007014_CO,TSS,Outflow,220
5,-1242007014_CO,TSS,Outflow,220
13,-1242007014_CO,TSS,Outflow,220
9,-1242007014_CO,TSS,Outflow,220
12,-1242007014_CO,TSS,Outflow,220
23,-1242007014_CO,TSS,Outflow,221
9,-1242007014_CO,TSS,Outflow,221
25,-1242007014_CO,TSS,Outflow,221
12,-1242007014_CO,TSS,Outflow,221
47,-1242007014_CO,TSS,Outflow,221
27,-1242007014_CO,TSS,Outflow,222
26,-1242007014_CO,TSS,Outflow,222
110,-1242007014_CO,TSS,Outflow,222
19,-1242007014_CO,TSS,Outflow,222
25,-1242007014_CO,TSS,Outflow,222
25,-1242007014_CO,TSS,Outflow,223
13,-1242007014_CO,TSS,Outflow,223
27,-1242007014_CO,TSS,Outflow,223
110,-1242007014_CO,TSS,Outflow,223
47,-1242007014_CO,TSS,Outflow,223
531,-1242007014_CO,TSS,Outflow,224
25,-1242007014_CO,TSS,Outflow,224
27,-1242007014_CO,TSS,Outflow,224
9,-1242007014_CO,TSS,Outflow,224
23,-1242007014_CO,TSS,Outflow,224
25,-1242007014_CO,TSS,Outflow,225
27,-1242007014_CO,TSS,Outflow,225
20,-1242007014_CO,TSS,Outflow,225
110,-1242007014_CO,TSS,Outflow,225
26,-1242007014_CO,TSS,Outflow,225
19,-1242007014_CO,TSS,Outflow,226
110,-1242007014_CO,TSS,Outflow,226
27,-1242007014_CO,TSS,Outflow,226
9,-1242007014_CO,TSS,Outflow,226
5,-1242007014_CO,TSS,Outflow,226
23,-1242007014_CO,TSS,Outflow,227
9,-1242007014_CO,TSS,Outflow,227
110,-1242007014_CO,TSS,Outflow,227
13,-1242007014_CO,TSS,Outflow,227
19,-1242007014_CO,TSS,Outflow,227
5,-1242007014_CO,TSS,Outflow,228
6,-1242007014_CO,TSS,Outflow,228
9,-1242007014_CO,TSS,Outflow,228
531,-1242007014_CO,TSS,Outflow,228
110,-1242007014_CO,TSS,Outflow,228
5,-1242007014_CO,TSS,Outflow,229
27,-1242007014_CO,TSS,Outflow,229
23,-1242007014_CO,TSS,Outflow,229
25,-1242007014_CO,TSS,Outflow,229
531,-1242007014_CO,TSS,Outflow,229
22,-1242007014_CO,TSS,Outflow,230
26,-1242007014_CO,TSS,Outflow,230
9,-1242007014_CO,TSS,Outflow,230
25,-1242007014_CO,TSS,Outflow,230
5,-1242007014_CO,TSS,Outflow,230
27,-1242007014_CO,TSS,Outflow,231
5,-1242007014_CO,TSS,Outflow,231
26,-1242007014_CO,TSS,Outflow,231
9,-1242007014_CO,TSS,Outflow,231
25,-1242007014_CO,TSS,Outflow,231
12,-1242007014_CO,TSS,Outflow,232
13,-1242007014_CO,TSS,Outflow,232
27,-1242007014_CO,TSS,Outflow,232
22,-1242007014_CO,TSS,Outflow,232
23,-1242007014_CO,TSS,Outflow,232
13,-1242007014_CO,TSS,Outflow,233
23,-1242007014_CO,TSS,Outflow,233
6,-1242007014_CO,TSS,Outflow,233
27,-1242007014_CO,TSS,Outflow,233
20,-1242007014_CO,TSS,Outflow,233
47,-1242007014_CO,TSS,Outflow,234
5,-1242007014_CO,TSS,Outflow,234
27,-1242007014_CO,TSS,Outflow,234
27,-1242007014_CO,TSS,Outflow,234
19,-1242007014_CO,TSS,Outflow,234
5,-1242007014_CO,TSS,Outflow,235
26,-1242007014_CO,TSS,Outflow,235
12,-1242007014_CO,TSS,Outflow,235
25,-1242007014_CO,TSS,Outflow,235
531,-1242007014_CO,TSS,Outflow,235
27,-1242007014_CO,TSS,Outflow,236
19,-1242007014_CO,TSS,Outflow,236
22,-1242007014_CO,TSS,Outflow,236
5,-1242007014_CO,TSS,Outflow,236
20,-1242007014_CO,TSS,Outflow,236
531,-1242007014_CO,TSS,Outflow,237
110,-1242007014_CO,TSS,Outflow,237
13,-1242007014_CO,TSS,Outflow,237
26,-1242007014_CO,TSS,Outflow,237
12,-1242007014_CO,TSS,Outflow,237
5,-1242007014_CO,TSS,Outflow,238
23,-1242007014_CO,TSS,Outflow,238
19,-1242007014_CO,TSS,Outflow,238
26,-1242007014_CO,TSS,Outflow,238
12,-1242007014_CO,TSS,Outflow,238
23,-1242007014_CO,TSS,Outflow,239
19,-1242007014_CO,TSS,Outflow,239
9,-1242007014_CO,TSS,Outflow,239
20,-1242007014_CO,TSS,Outflow,239
13,-1242007014_CO,TSS,Outflow,239
13,-1242007014_CO,TSS,Outflow,240
6,-1242007014_CO,TSS,Outflow,240
110,-1242007014_CO,TSS,Outflow,240
47,-1242007014_CO,TSS,Outflow,240
19,-1242007014_CO,TSS,Outflow,240
20,-1242007014_CO,TSS,Outflow,241
23,-1242007014_CO,TSS,Outflow,241
5,-1242007014_CO,TSS,Outflow,241
25,-1242007014_CO,TSS,Outflow,241
13,-1242007014_CO,TSS,Outflow,241
26,-1242007014_CO,TSS,Outflow,242
47,-1242007014_CO,TSS,Outflow,242
110,-1242007014_CO,TSS,Outflow,242
9,-1242007014_CO,TSS,Outflow,242
6,-1242007014_CO,TSS,Outflow,242
47,-1242007014_CO,TSS,Outflow,243
9,-1242007014_CO,TSS,Outflow,243
20,-1242007014_CO,TSS,Outflow,243
13,-1242007014_CO,TSS,Outflow,243
27,-1242007014_CO,TSS,Outflow,243
5,-1242007014_CO,TSS,Outflow,244
110,-1242007014_CO,TSS,Outflow,244
25,-1242007014_CO,TSS,Outflow,244
13,-1242007014_CO,TSS,Outflow,244
12,-1242007014_CO,TSS,Outflow,244
47,-1242007014_CO,TSS,Outflow,245
26,-1242007014_CO,TSS,Outflow,245
13,-1242007014_CO,TSS,Outflow,245
23,-1242007014_CO,TSS,Outflow,245
19,-1242007014_CO,TSS,Outflow,245
13,-1242007014_CO,TSS,Outflow,246
12,-1242007014_CO,TSS,Outflow,246
9,-1242007014_CO,TSS,Outflow,246
20,-1242007014_CO,TSS,Outflow,246
6,-1242007014_CO,TSS,Outflow,246
9,-1242007014_CO,TSS,Outflow,247
47,-1242007014_CO,TSS,Outflow,247
13,-1242007014_CO,TSS,Outflow,247
20,-1242007014_CO,TSS,Outflow,247
22,-1242007014_CO,TSS,Outflow,247
20,-1242007014_CO,TSS,Outflow,248
19,-1242007014_CO,TSS,Outflow,248
6,-1242007014_CO,TSS,Outflow,248
5,-1242007014_CO,TSS,Outflow,248
22,-1242007014_CO,TSS,Outflow,248
25,-1242007014_CO,TSS,Outflow,249
27,-1242007014_CO,TSS,Outflow,249
23,-1242007014_CO,TSS,Outflow,249
12,-1242007014_CO,TSS,Outflow,249
20,-1242007014_CO,TSS,Outflow,249
19,-1242007014_CO,TSS,Outflow,250
6,-1242007014_CO,TSS,Outflow,250
23,-1242007014_CO,TSS,Outflow,250
27,-1242007014_CO,TSS,Outflow,250
531,-1242007014_CO,TSS,Outflow,250
27,-1242007014_CO,TSS,Outflow,251
22,-1242007014_CO,TSS,Outflow,251
25,-1242007014_CO,TSS,Outflow,251
13,-1242007014_CO,TSS,Outflow,251
47,-1242007014_CO,TSS,Outflow,251
110,-1242007014_CO,TSS,Outflow,252
27,-1242007014_CO,TSS,Outflow,252
12,-1242007014_CO,TSS,Outflow,252
23,-1242007014_CO,TSS,Outflow,252
531,-1242007014_CO,TSS,Outflow,252
6,-1242007014_CO,TSS,Outflow,253
9,-1242007014_CO,TSS,Outflow,253
12,-1242007014_CO,TSS,Outflow,253
13,-1242007014_CO,TSS,Outflow,253
26,-1242007014_CO,TSS,Outflow,253
47,-1242007014_CO,TSS,Outflow,254
13,-1242007014_CO,TSS,Outflow,254
22,-1242007014_CO,TSS,Outflow,254
20,-1242007014_CO,TSS,Outflow,254
5,-1242007014_CO,TSS,Outflow,254
19,-1242007014_CO,TSS,Outflow,255
20,-1242007014_CO,TSS,Outflow,255
27,-1242007014_CO,TSS,Outflow,255
23,-1242007014_CO,TSS,Outflow,255
26,-1242007014_CO,TSS,Outflow,255
19,-1242007014_CO,TSS,Outflow,256
20,-1242007014_CO,TSS,Outflow,256
531,-1242007014_CO,TSS,Outflow,256
110,-1242007014_CO,TSS,Outflow,256
13,-1242007014_CO,TSS,Outflow,256
6,-1242007014_CO,TSS,Outflow,257
26,-1242007014_CO,TSS,Outflow,257
25,-1242007014_CO,TSS,Outflow,257
20,-1242007014_CO,TSS,Outflow,257
27,-1242007014_CO,TSS,Outflow,257
23,-1242007014_CO,TSS,Outflow,258
27,-1242007014_CO,TSS,Outflow,258
531,-1242007014_CO,TSS,Outflow,258
12,-1242007014_CO,TSS,Outflow,258
25,-1242007014_CO,TSS,Outflow,258
27,-1242007014_CO,TSS,Outflow,259
9,-1242007014_CO,TSS,Outflow,259
20,-1242007014_CO,TSS,Outflow,259
25,-1242007014_CO,TSS,Outflow,259
26,-1242007014_CO,TSS,Outflow,259
531,-1242007014_CO,TSS,Outflow,260
27,-1242007014_CO,TSS,Outflow,260
25,-1242007014_CO,TSS,Outflow,260
9,-1242007014_CO,TSS,Outflow,260
13,-1242007014_CO,TSS,Outflow,260
47,-1242007014_CO,TSS,Outflow,261
5,-1242007014_CO,TSS,Outflow,261
26,-1242007014_CO,TSS,Outflow,261
27,-1242007014_CO,TSS,Outflow,261
12,-1242007014_CO,TSS,Outflow,261
110,-1242007014_CO,TSS,Outflow,262
12,-1242007014_CO,TSS,Outflow,262
22,-1242007014_CO,TSS,Outflow,262
6,-1242007014_CO,TSS,Outflow,262
27,-1242007014_CO,TSS,Outflow,262
531,-1242007014_CO,TSS,Outflow,263
27,-1242007014_CO,TSS,Outflow,263
5,-1242007014_CO,TSS,Outflow,263
13,-1242007014_CO,TSS,Outflow,263
9,-1242007014_CO,TSS,Outflow,263
20,-1242007014_CO,TSS,Outflow,264
27,-1242007014_CO,TSS,Outflow,264
22,-1242007014_CO,TSS,Outflow,264
6,-1242007014_CO,TSS,Outflow,264
110,-1242007014_CO,TSS,Outflow,264
6,-1242007014_CO,TSS,Outflow,265
22,-1242007014_CO,TSS,Outflow,265
26,-1242007014_CO,TSS,Outflow,265
13,-1242007014_CO,TSS,Outflow,265
531,-1242007014_CO,TSS,Outflow,265
23,-1242007014_CO,TSS,Outflow,266
47,-1242007014_CO,TSS,Outflow,266
110,-1242007014_CO,TSS,Outflow,266
13,-1242007014_CO,TSS,Outflow,266
25,-1242007014_CO,TSS,Outflow,266
13,-1242007014_CO,TSS,Outflow,267
26,-1242007014_CO,TSS,Outflow,267
12,-1242007014_CO,TSS,Outflow,267
47,-1242007014_CO,TSS,Outflow,267
27,-1242007014_CO,TSS,Outflow,267
13,-1242007014_CO,TSS,Outflow,268
23,-1242007014_CO,TSS,Outflow,268
110,-1242007014_CO,TSS,Outflow,268
531,-1242007014_CO,TSS,Outflow,268
19,-1242007014_CO,TSS,Outflow,268
27,-1242007014_CO,TSS,Outflow,269
27,-1242007014_CO,TSS,Outflow,269
531,-1242007014_CO,TSS,Outflow,269
47,-1242007014_CO,TSS,Outflow,269
12,-1242007014_CO,TSS,Outflow,269
6,-1242007014_CO,TSS,Outflow,270
22,-1242007014_CO,TSS,Outflow,270
13,-1242007014_CO,TSS,Outflow,270
19,-1242007014_CO,TSS,Outflow,270
5,-1242007014_CO,TSS,Outflow,270
5,-1242007014_CO,TSS,Outflow,271
13,-1242007014_CO,TSS,Outflow,271
22,-1242007014_CO,TSS,Outflow,271
6,-1242007014_CO,TSS,Outflow,271
23,-1242007014_CO,TSS,Outflow,271
19,-1242007014_CO,TSS,Outflow,272
27,-1242007014_CO,TSS,Outflow,272
22,-1242007014_CO,TSS,Outflow,272
12,-1242007014_CO,TSS,Outflow,272
6,-1242007014_CO,TSS,Outflow,272
5,-1242007014_CO,TSS,Outflow,273
531,-1242007014_CO,TSS,Outflow,273
25,-1242007014_CO,TSS,Outflow,273
6,-1242007014_CO,TSS,Outflow,273
20,-1242007014_CO,TSS,Outflow,273
47,-1242007014_CO,TSS,Outflow,274
531,-1242007014_CO,TSS,Outflow,274
6,-1242007014_CO,TSS,Outflow,274
19,-1242007014_CO,TSS,Outflow,274
27,-1242007014_CO,TSS,Outflow,274
110,-1242007014_CO,TSS,Outflow,275
9,-1242007014_CO,TSS,Outflow,275
5,-1242007014_CO,TSS,Outflow,275
27,-1242007014_CO,TSS,Outflow,275
27,-1242007014_CO,TSS,Outflow,275
13,-1242007014_CO,TSS,Outflow,276
27,-1242007014_CO,TSS,Outflow,276
23,-1242007014_CO,TSS,Outflow,276
5,-1242007014_CO,TSS,Outflow,276
20,-1242007014_CO,TSS,Outflow,276
12,-1242007014_CO,TSS,Outflow,277
6,-1242007014_CO,TSS,Outflow,277
531,-1242007014_CO,TSS,Outflow,277
9,-1242007014_CO,TSS,Outflow,277
47,-1242007014_CO,TSS,Outflow,277
25,-1242007014_CO,TSS,Outflow,278
12,-1242007014_CO,TSS,Outflow,278
22,-1242007014_CO,TSS,Outflow,278
6,-1242007014_CO,TSS,Outflow,278
27,-1242007014_CO,TSS,Outflow,278
27,-1242007014_CO,TSS,Outflow,279
531,-1242007014_CO,TSS,Outflow,279
19,-1242007014_CO,TSS,Outflow,279
20,-1242007014_CO,TSS,Outflow,279
27,-1242007014_CO,TSS,Outflow,279
47,-1242007014_CO,TSS,Outflow,280
110,-1242007014_CO,TSS,Outflow,280
27,-1242007014_CO,TSS,Outflow,280
6,-1242007014_CO,TSS,Outflow,280
9,-1242007014_CO,TSS,Outflow,280
19,-1242007014_CO,TSS,Outflow,281
27,-1242007014_CO,TSS,Outflow,281
27,-1242007014_CO,TSS,Outflow,281
20,-1242007014_CO,TSS,Outflow,281
23,-1242007014_CO,TSS,Outflow,281
13,-1242007014_CO,TSS,Outflow,282
26,-1242007014_CO,TSS,Outflow,282
47,-1242007014_CO,TSS,Outflow,282
22,-1242007014_CO,TSS,Outflow,282
12,-1242007014_CO,TSS,Outflow,282
23,-1242007014_CO,TSS,Outflow,283
12,-1242007014_CO,TSS,Outflow,283
531,-1242007014_CO,TSS,Outflow,283
110,-1242007014_CO,TSS,Outflow,283
26,-1242007014_CO,TSS,Outflow,283
20,-1242007014_CO,TSS,Outflow,284
6,-1242007014_CO,TSS,Outflow,284
13,-1242007014_CO,TSS,Outflow,284
110,-1242007014_CO,TSS,Outflow,284
22,-1242007014_CO,TSS,Outflow,284
20,-1242007014_CO,TSS,Outflow,285
25,-1242007014_CO,TSS,Outflow,285
23,-1242007014_CO,TSS,Outflow,285
26,-1242007014_CO,TSS,Outflow,285
27,-1242007014_CO,TSS,Outflow,285
27,-1242007014_CO,TSS,Outflow,286
5,-1242007014_CO,TSS,Outflow,286
6,-1242007014_CO,TSS,Outflow,286
27,-1242007014_CO,TSS,Outflow,286
9,-1242007014_CO,TSS,Outflow,286
27,-1242007014_CO,TSS,Outflow,287
23,-1242007014_CO,TSS,Outflow,287
26,-1242007014_CO,TSS,Outflow,287
19,-1242007014_CO,TSS,Outflow,287
25,-1242007014_CO,TSS,Outflow,287
20,-1242007014_CO,TSS,Outflow,288
13,-1242007014_CO,TSS,Outflow,288
19,-1242007014_CO,TSS,Outflow,288
12,-1242007014_CO,TSS,Outflow,288
13,-1242007014_CO,TSS,Outflow,288
13,-1242007014_CO,TSS,Outflow,289
26,-1242007014_CO,TSS,Outflow,289
23,-1242007014_CO,TSS,Outflow,289
19,-1242007014_CO,TSS,Outflow,289
6,-1242007014_CO,TSS,Outflow,289
22,-1242007014_CO,TSS,Outflow,290
110,-1242007014_CO,TSS,Outflow,290
19,-1242007014_CO,TSS,Outflow,290
13,-1242007014_CO,TSS,Outflow,290
12,-1242007014_CO,TSS,Outflow,290
22,-1242007014_CO,TSS,Outflow,291
19,-1242007014_CO,TSS,Outflow,291
47,-1242007014_CO,TSS,Outflow,291
110,-1242007014_CO,TSS,Outflow,291
20,-1242007014_CO,TSS,Outflow,291
22,-1242007014_CO,TSS,Outflow,292
23,-1242007014_CO,TSS,Outflow,292
27,-1242007014_CO,TSS,Outflow,292
27,-1242007014_CO,TSS,Outflow,292
12,-1242007014_CO,TSS,Outflow,292
9,-1242007014_CO,TSS,Outflow,293
20,-1242007014_CO,TSS,Outflow,293
47,-1242007014_CO,TSS,Outflow,293
22,-1242007014_CO,TSS,Outflow,293
531,-1242007014_CO,TSS,Outflow,293
27,-1242007014_CO,TSS,Outflow,294
20,-1242007014_CO,TSS,Outflow,294
27,-1242007014_CO,TSS,Outflow,294
12,-1242007014_CO,TSS,Outflow,294
531,-1242007014_CO,TSS,Outflow,294
20,-1242007014_CO,TSS,Outflow,295
19,-1242007014_CO,TSS,Outflow,295
22,-1242007014_CO,TSS,Outflow,295
27,-1242007014_CO,TSS,Outflow,295
26,-1242007014_CO,TSS,Outflow,295
6,-1242007014_CO,TSS,Outflow,296
13,-1242007014_CO,TSS,Outflow,296
531,-1242007014_CO,TSS,Outflow,296
27,-1242007014_CO,TSS,Outflow,296
9,-1242007014_CO,TSS,Outflow,296
19,-1242007014_CO,TSS,Outflow,297
22,-1242007014_CO,TSS,Outflow,297
5,-1242007014_CO,TSS,Outflow,297
20,-1242007014_CO,TSS,Outflow,297
531,-1242007014_CO,TSS,Outflow,297
27,-1242007014_CO,TSS,Outflow,298
26,-1242007014_CO,TSS,Outflow,298
12,-1242007014_CO,TSS,Outflow,298
23,-1242007014_CO,TSS,Outflow,298
9,-1242007014_CO,TSS,Outflow,298
110,-1242007014_CO,TSS,Outflow,299
25,-1242007014_CO,TSS,Outflow,299
23,-1242007014_CO,TSS,Outflow,299
13,-1242007014_CO,TSS,Outflow,299
5,-1242007014_CO,TSS,Outflow,299
13,-1242007014_CO,TSS,Outflow,300
23,-1242007014_CO,TSS,Outflow,300
9,-1242007014_CO,TSS,Outflow,300
26,-1242007014_CO,TSS,Outflow,300
19,-1242007014_CO,TSS,Outflow,300
13,-1242007014_CO,TSS,Outflow,301
20,-1242007014_CO,TSS,Outflow,301
22,-1242007014_CO,TSS,Outflow,301
6,-1242007014_CO,TSS,Outflow,301
19,-1242007014_CO,TSS,Outflow,301
26,-1242007014_CO,TSS,Outflow,302
22,-1242007014_CO,TSS,Outflow,302
12,-1242007014_CO,TSS,Outflow,302
5,-1242007014_CO,TSS,Outflow,302
20,-1242007014_CO,TSS,Outflow,302
27,-1242007014_CO,TSS,Outflow,303
13,-1242007014_CO,TSS,Outflow,303
12,-1242007014_CO,TSS,Outflow,303
5,-1242007014_CO,TSS,Outflow,303
20,-1242007014_CO,TSS,Outflow,303
26,-1242007014_CO,TSS,Outflow,304
13,-1242007014_CO,TSS,Outflow,304
110,-1242007014_CO,TSS,Outflow,304
19,-1242007014_CO,TSS,Outflow,304
13,-1242007014_CO,TSS,Outflow,304
110,-1242007014_CO,TSS,Outflow,305
26,-1242007014_CO,TSS,Outflow,305
12,-1242007014_CO,TSS,Outflow,305
5,-1242007014_CO,TSS,Outflow,305
19,-1242007014_CO,TSS,Outflow,305
13,-1242007014_CO,TSS,Outflow,306
19,-1242007014_CO,TSS,Outflow,306
26,-1242007014_CO,TSS,Outflow,306
27,-1242007014_CO,TSS,Outflow,306
9,-1242007014_CO,TSS,Outflow,306
27,-1242007014_CO,TSS,Outflow,307
5,-1242007014_CO,TSS,Outflow,307
47,-1242007014_CO,TSS,Outflow,307
19,-1242007014_CO,TSS,Outflow,307
9,-1242007014_CO,TSS,Outflow,307
47,-1242007014_CO,TSS,Outflow,308
22,-1242007014_CO,TSS,Outflow,308
27,-1242007014_CO,TSS,Outflow,308
6,-1242007014_CO,TSS,Outflow,308
26,-1242007014_CO,TSS,Outflow,308
6,-1242007014_CO,TSS,Outflow,309
12,-1242007014_CO,TSS,Outflow,309
531,-1242007014_CO,TSS,Outflow,309
22,-1242007014_CO,TSS,Outflow,309
20,-1242007014_CO,TSS,Outflow,309
26,-1242007014_CO,TSS,Outflow,310
23,-1242007014_CO,TSS,Outflow,310
19,-1242007014_CO,TSS,Outflow,310
110,-1242007014_CO,TSS,Outflow,310
5,-1242007014_CO,TSS,Outflow,310
6,-1242007014_CO,TSS,Outflow,311
13,-1242007014_CO,TSS,Outflow,311
13,-1242007014_CO,TSS,Outflow,311
9,-1242007014_CO,TSS,Outflow,311
23,-1242007014_CO,TSS,Outflow,311
13,-1242007014_CO,TSS,Outflow,312
531,-1242007014_CO,TSS,Outflow,312
110,-1242007014_CO,TSS,Outflow,312
47,-1242007014_CO,TSS,Outflow,312
19,-1242007014_CO,TSS,Outflow,312
22,-1242007014_CO,TSS,Outflow,313
6,-1242007014_CO,TSS,Outflow,313
110,-1242007014_CO,TSS,Outflow,313
13,-1242007014_CO,TSS,Outflow,313
531,-1242007014_CO,TSS,Outflow,313
26,-1242007014_CO,TSS,Outflow,314
12,-1242007014_CO,TSS,Outflow,314
6,-1242007014_CO,TSS,Outflow,314
531,-1242007014_CO,TSS,Outflow,314
23,-1242007014_CO,TSS,Outflow,314
110,-1242007014_CO,TSS,Outflow,315
25,-1242007014_CO,TSS,Outflow,315
22,-1242007014_CO,TSS,Outflow,315
19,-1242007014_CO,TSS,Outflow,315
13,-1242007014_CO,TSS,Outflow,315
19,-1242007014_CO,TSS,Outflow,316
5,-1242007014_CO,TSS,Outflow,316
25,-1242007014_CO,TSS,Outflow,316
12,-1242007014_CO,TSS,Outflow,316
9,-1242007014_CO,TSS,Outflow,316
13,-1242007014_CO,TSS,Outflow,317
22,-1242007014_CO,TSS,Outflow,317
47,-1242007014_CO,TSS,Outflow,317
25,-1242007014_CO,TSS,Outflow,317
20,-1242007014_CO,TSS,Outflow,317
22,-1242007014_CO,TSS,Outflow,318
12,-1242007014_CO,TSS,Outflow,318
25,-1242007014_CO,TSS,Outflow,318
47,-1242007014_CO,TSS,Outflow,318
531,-1242007014_CO,TSS,Outflow,318
20,-1242007014_CO,TSS,Outflow,319
9,-1242007014_CO,TSS,Outflow,319
47,-1242007014_CO,TSS,Outflow,319
26,-1242007014_CO,TSS,Outflow,319
5,-1242007014_CO,TSS,Outflow,319
19,-1242007014_CO,TSS,Outflow,320
13,-1242007014_CO,TSS,Outflow,320
12,-1242007014_CO,TSS,Outflow,320
26,-1242007014_CO,TSS,Outflow,320
22,-1242007014_CO,TSS,Outflow,320
27,-1242007014_CO,TSS,Outflow,321
25,-1242007014_CO,TSS,Outflow,321
26,-1242007014_CO,TSS,Outflow,321
5,-1242007014_CO,TSS,Outflow,321
19,-1242007014_CO,TSS,Outflow,321
25,-1242007014_CO,TSS,Outflow,322
27,-1242007014_CO,TSS,Outflow,322
13,-1242007014_CO,TSS,Outflow,322
22,-1242007014_CO,TSS,Outflow,322
27,-1242007014_CO,TSS,Outflow,322
22,-1242007014_CO,TSS,Outflow,323
25,-1242007014_CO,TSS,Outflow,323
27,-1242007014_CO,TSS,Outflow,323
531,-1242007014_CO,TSS,Outflow,323
13,-1242007014_CO,TSS,Outflow,323
47,-1242007014_CO,TSS,Outflow,324
6,-1242007014_CO,TSS,Outflow,324
5,-1242007014_CO,TSS,Outflow,324
26,-1242007014_CO,TSS,Outflow,324
20,-1242007014_CO,TSS,Outflow,324
20,-1242007014_CO,TSS,Outflow,325
19,-1242007014_CO,TSS,Outflow,325
110,-1242007014_CO,TSS,Outflow,325
13,-1242007014_CO,TSS,Outflow,325
12,-1242007014_CO,TSS,Outflow,325
5,-1242007014_CO,TSS,Outflow,326
531,-1242007014_CO,TSS,Outflow,326
27,-1242007014_CO,TSS,Outflow,326
25,-1242007014_CO,TSS,Outflow,326
9,-1242007014_CO,TSS,Outflow,326
9,-1242007014_CO,TSS,Outflow,327
22,-1242007014_CO,TSS,Outflow,327
531,-1242007014_CO,TSS,Outflow,327
27,-1242007014_CO,TSS,Outflow,327
13,-1242007014_CO,TSS,Outflow,327
13,-1242007014_CO,TSS,Outflow,328
110,-1242007014_CO,TSS,Outflow,328
23,-1242007014_CO,TSS,Outflow,328
27,-1242007014_CO,TSS,Outflow,328
12,-1242007014_CO,TSS,Outflow,328
5,-1242007014_CO,TSS,Outflow,329
13,-1242007014_CO,TSS,Outflow,329
26,-1242007014_CO,TSS,Outflow,329
25,-1242007014_CO,TSS,Outflow,329
27,-1242007014_CO,TSS,Outflow,329
531,-1242007014_CO,TSS,Outflow,330
19,-1242007014_CO,TSS,Outflow,330
5,-1242007014_CO,TSS,Outflow,330
9,-1242007014_CO,TSS,Outflow,330
6,-1242007014_CO,TSS,Outflow,330
13,-1242007014_CO,TSS,Outflow,331
47,-1242007014_CO,TSS,Outflow,331
12,-1242007014_CO,TSS,Outflow,331
23,-1242007014_CO,TSS,Outflow,331
20,-1242007014_CO,TSS,Outflow,331
13,-1242007014_CO,TSS,Outflow,332
9,-1242007014_CO,TSS,Outflow,332
22,-1242007014_CO,TSS,Outflow,332
47,-1242007014_CO,TSS,Outflow,332
23,-1242007014_CO,TSS,Outflow,332
12,-1242007014_CO,TSS,Outflow,333
47,-1242007014_CO,TSS,Outflow,333
25,-1242007014_CO,TSS,Outflow,333
5,-1242007014_CO,TSS,Outflow,333
27,-1242007014_CO,TSS,Outflow,333
25,-1242007014_CO,TSS,Outflow,334
47,-1242007014_CO,TSS,Outflow,334
13,-1242007014_CO,TSS,Outflow,334
19,-1242007014_CO,TSS,Outflow,334
13,-1242007014_CO,TSS,Outflow,334
110,-1242007014_CO,TSS,Outflow,335
25,-1242007014_CO,TSS,Outflow,335
12,-1242007014_CO,TSS,Outflow,335
19,-1242007014_CO,TSS,Outflow,335
13,-1242007014_CO,TSS,Outflow,335
9,-1242007014_CO,TSS,Outflow,336
12,-1242007014_CO,TSS,Outflow,336
23,-1242007014_CO,TSS,Outflow,336
13,-1242007014_CO,TSS,Outflow,336
110,-1242007014_CO,TSS,Outflow,336
22,-1242007014_CO,TSS,Outflow,337
9,-1242007014_CO,TSS,Outflow,337
19,-1242007014_CO,TSS,Outflow,337
6,-1242007014_CO,TSS,Outflow,337
110,-1242007014_CO,TSS,Outflow,337
13,-1242007014_CO,TSS,Outflow,338
47,-1242007014_CO,TSS,Outflow,338
20,-1242007014_CO,TSS,Outflow,338
12,-1242007014_CO,TSS,Outflow,338
27,-1242007014_CO,TSS,Outflow,338
13,-1242007014_CO,TSS,Outflow,339
23,-1242007014_CO,TSS,Outflow,339
531,-1242007014_CO,TSS,Outflow,339
47,-1242007014_CO,TSS,Outflow,339
9,-1242007014_CO,TSS,Outflow,339
26,-1242007014_CO,TSS,Outflow,340
13,-1242007014_CO,TSS,Outflow,340
9,-1242007014_CO,TSS,Outflow,340
531,-1242007014_CO,TSS,Outflow,340
13,-1242007014_CO,TSS,Outflow,340
13,-1242007014_CO,TSS,Outflow,341
26,-1242007014_CO,TSS,Outflow,341
27,-1242007014_CO,TSS,Outflow,341
6,-1242007014_CO,TSS,Outflow,341
22,-1242007014_CO,TSS,Outflow,341
25,-1242007014_CO,TSS,Outflow,342
27,-1242007014_CO,TSS,Outflow,342
13,-1242007014_CO,TSS,Outflow,342
531,-1242007014_CO,TSS,Outflow,342
12,-1242007014_CO,TSS,Outflow,342
23,-1242007014_CO,TSS,Outflow,343
12,-1242007014_CO,TSS,Outflow,343
6,-1242007014_CO,TSS,Outflow,343
9,-1242007014_CO,TSS,Outflow,343
531,-1242007014_CO,TSS,Outflow,343
23,-1242007014_CO,TSS,Outflow,344
9,-1242007014_CO,TSS,Outflow,344
47,-1242007014_CO,TSS,Outflow,344
531,-1242007014_CO,TSS,Outflow,344
12,-1242007014_CO,TSS,Outflow,344
27,-1242007014_CO,TSS,Outflow,345
9,-1242007014_CO,TSS,Outflow,345
110,-1242007014_CO,TSS,Outflow,345
6,-1242007014_CO,TSS,Outflow,345
22,-1242007014_CO,TSS,Outflow,345
25,-1242007014_CO,TSS,Outflow,346
19,-1242007014_CO,TSS,Outflow,346
20,-1242007014_CO,TSS,Outflow,346
110,-1242007014_CO,TSS,Outflow,346
9,-1242007014_CO,TSS,Outflow,346
20,-1242007014_CO,TSS,Outflow,347
25,-1242007014_CO,TSS,Outflow,347
13,-1242007014_CO,TSS,Outflow,347
531,-1242007014_CO,TSS,Outflow,347
110,-1242007014_CO,TSS,Outflow,347
27,-1242007014_CO,TSS,Outflow,348
23,-1242007014_CO,TSS,Outflow,348
12,-1242007014_CO,TSS,Outflow,348
13,-1242007014_CO,TSS,Outflow,348
25,-1242007014_CO,TSS,Outflow,348
110,-1242007014_CO,TSS,Outflow,349
47,-1242007014_CO,TSS,Outflow,349
27,-1242007014_CO,TSS,Outflow,349
25,-1242007014_CO,TSS,Outflow,349
5,-1242007014_CO,TSS,Outflow,349
6,-1242007014_CO,TSS,Outflow,350
47,-1242007014_CO,TSS,Outflow,350
5,-1242007014_CO,TSS,Outflow,350
27,-1242007014_CO,TSS,Outflow,350
26,-1242007014_CO,TSS,Outflow,350
22,-1242007014_CO,TSS,Outflow,351
6,-1242007014_CO,TSS,Outflow,351
9,-1242007014_CO,TSS,Outflow,351
12,-1242007014_CO,TSS,Outflow,351
20,-1242007014_CO,TSS,Outflow,351
27,-1242007014_CO,TSS,Outflow,352
13,-1242007014_CO,TSS,Outflow,352
47,-1242007014_CO,TSS,Outflow,352
9,-1242007014_CO,TSS,Outflow,352
13,-1242007014_CO,TSS,Outflow,352
9,-1242007014_CO,TSS,Outflow,353
5,-1242007014_CO,TSS,Outflow,353
23,-1242007014_CO,TSS,Outflow,353
19,-1242007014_CO,TSS,Outflow,353
13,-1242007014_CO,TSS,Outflow,353
13,-1242007014_CO,TSS,Outflow,354
19,-1242007014_CO,TSS,Outflow,354
22,-1242007014_CO,TSS,Outflow,354
13,-1242007014_CO,TSS,Outflow,354
531,-1242007014_CO,TSS,Outflow,354
9,-1242007014_CO,TSS,Outflow,355
110,-1242007014_CO,TSS,Outflow,355
5,-1242007014_CO,TSS,Outflow,355
13,-1242007014_CO,TSS,Outflow,355
6,-1242007014_CO,TSS,Outflow,355
47,-1242007014_CO,TSS,Outflow,356
23,-1242007014_CO,TSS,Outflow,356
27,-1242007014_CO,TSS,Outflow,356
13,-1242007014_CO,TSS,Outflow,356
13,-1242007014_CO,TSS,Outflow,356
47,-1242007014_CO,TSS,Outflow,357
6,-1242007014_CO,TSS,Outflow,357
25,-1242007014_CO,TSS,Outflow,357
110,-1242007014_CO,TSS,Outflow,357
19,-1242007014_CO,TSS,Outflow,357
22,-1242007014_CO,TSS,Outflow,358
13,-1242007014_CO,TSS,Outflow,358
47,-1242007014_CO,TSS,Outflow,358
27,-1242007014_CO,TSS,Outflow,358
19,-1242007014_CO,TSS,Outflow,358
5,-1242007014_CO,TSS,Outflow,359
6,-1242007014_CO,TSS,Outflow,359
22,-1242007014_CO,TSS,Outflow,359
25,-1242007014_CO,TSS,Outflow,359
20,-1242007014_CO,TSS,Outflow,359
27,-1242007014_CO,TSS,Outflow,360
13,-1242007014_CO,TSS,Outflow,360
27,-1242007014_CO,TSS,Outflow,360
23,-1242007014_CO,TSS,Outflow,360
13,-1242007014_CO,TSS,Outflow,360
27,-1242007014_CO,TSS,Outflow,361
13,-1242007014_CO,TSS,Outflow,361
20,-1242007014_CO,TSS,Outflow,361
12,-1242007014_CO,TSS,Outflow,361
531,-1242007014_CO,TSS,Outflow,361
23,-1242007014_CO,TSS,Outflow,362
531,-1242007014_CO,TSS,Outflow,362
27,-1242007014_CO,TSS,Outflow,362
5,-1242007014_CO,TSS,Outflow,362
19,-1242007014_CO,TSS,Outflow,362
9,-1242007014_CO,TSS,Outflow,363
22,-1242007014_CO,TSS,Outflow,363
531,-1242007014_CO,TSS,Outflow,363
25,-1242007014_CO,TSS,Outflow,363
13,-1242007014_CO,TSS,Outflow,363
22,-1242007014_CO,TSS,Outflow,364
19,-1242007014_CO,TSS,Outflow,364
12,-1242007014_CO,TSS,Outflow,364
23,-1242007014_CO,TSS,Outflow,364
110,-1242007014_CO,TSS,Outflow,364
5,-1242007014_CO,TSS,Outflow,365
13,-1242007014_CO,TSS,Outflow,365
20,-1242007014_CO,TSS,Outflow,365
9,-1242007014_CO,TSS,Outflow,365
22,-1242007014_CO,TSS,Outflow,365
26,-1242007014_CO,TSS,Outflow,366
27,-1242007014_CO,TSS,Outflow,366
110,-1242007014_CO,TSS,Outflow,366
531,-1242007014_CO,TSS,Outflow,366
47,-1242007014_CO,TSS,Outflow,366
12,-1242007014_CO,TSS,Outflow,367
27,-1242007014_CO,TSS,Outflow,367
47,-1242007014_CO,TSS,Outflow,367
531,-1242007014_CO,TSS,Outflow,367
25,-1242007014_CO,TSS,Outflow,367
27,-1242007014_CO,TSS,Outflow,368
26,-1242007014_CO,TSS,Outflow,368
12,-1242007014_CO,TSS,Outflow,368
13,-1242007014_CO,TSS,Outflow,368
27,-1242007014_CO,TSS,Outflow,368
27,-1242007014_CO,TSS,Outflow,369
12,-1242007014_CO,TSS,Outflow,369
22,-1242007014_CO,TSS,Outflow,369
9,-1242007014_CO,TSS,Outflow,369
6,-1242007014_CO,TSS,Outflow,369
23,-1242007014_CO,TSS,Outflow,370
25,-1242007014_CO,TSS,Outflow,370
22,-1242007014_CO,TSS,Outflow,370
20,-1242007014_CO,TSS,Outflow,370
47,-1242007014_CO,TSS,Outflow,370
23,-1242007014_CO,TSS,Outflow,371
22,-1242007014_CO,TSS,Outflow,371
19,-1242007014_CO,TSS,Outflow,371
110,-1242007014_CO,TSS,Outflow,371
20,-1242007014_CO,TSS,Outflow,371
9,-1242007014_CO,TSS,Outflow,372
27,-1242007014_CO,TSS,Outflow,372
20,-1242007014_CO,TSS,Outflow,372
26,-1242007014_CO,TSS,Outflow,372
13,-1242007014_CO,TSS,Outflow,372
27,-1242007014_CO,TSS,Outflow,373
13,-1242007014_CO,TSS,Outflow,373
26,-1242007014_CO,TSS,Outflow,373
19,-1242007014_CO,TSS,Outflow,373
531,-1242007014_CO,TSS,Outflow,373
27,-1242007014_CO,TSS,Outflow,374
26,-1242007014_CO,TSS,Outflow,374
47,-1242007014_CO,TSS,Outflow,374
20,-1242007014_CO,TSS,Outflow,374
13,-1242007014_CO,TSS,Outflow,374
19,-1242007014_CO,TSS,Outflow,375
5,-1242007014_CO,TSS,Outflow,375
25,-1242007014_CO,TSS,Outflow,375
20,-1242007014_CO,TSS,Outflow,375
13,-1242007014_CO,TSS,Outflow,375
9,-1242007014_CO,TSS,Outflow,376
531,-1242007014_CO,TSS,Outflow,376
13,-1242007014_CO,TSS,Outflow,376
27,-1242007014_CO,TSS,Outflow,376
110,-1242007014_CO,TSS,Outflow,376
13,-1242007014_CO,TSS,Outflow,377
6,-1242007014_CO,TSS,Outflow,377
27,-1242007014_CO,TSS,Outflow,377
12,-1242007014_CO,TSS,Outflow,377
5,-1242007014_CO,TSS,Outflow,377
110,-1242007014_CO,TSS,Outflow,378
23,-1242007014_CO,TSS,Outflow,378
19,-1242007014_CO,TSS,Outflow,378
20,-1242007014_CO,TSS,Outflow,378
27,-1242007014_CO,TSS,Outflow,378
531,-1242007014_CO,TSS,Outflow,379
20,-1242007014_CO,TSS,Outflow,379
25,-1242007014_CO,TSS,Outflow,379
12,-1242007014_CO,TSS,Outflow,379
27,-1242007014_CO,TSS,Outflow,379
531,-1242007014_CO,TSS,Outflow,380
22,-1242007014_CO,TSS,Outflow,380
13,-1242007014_CO,TSS,Outflow,380
5,-1242007014_CO,TSS,Outflow,380
20,-1242007014_CO,TSS,Outflow,380
13,-1242007014_CO,TSS,Outflow,381
5,-1242007014_CO,TSS,Outflow,381
12,-1242007014_CO,TSS,Outflow,381
6,-1242007014_CO,TSS,Outflow,381
19,-1242007014_CO,TSS,Outflow,381
47,-1242007014_CO,TSS,Outflow,382
9,-1242007014_CO,TSS,Outflow,382
23,-1242007014_CO,TSS,Outflow,382
13,-1242007014_CO,TSS,Outflow,382
12,-1242007014_CO,TSS,Outflow,382
5,-1242007014_CO,TSS,Outflow,383
110,-1242007014_CO,TSS,Outflow,383
47,-1242007014_CO,TSS,Outflow,383
6,-1242007014_CO,TSS,Outflow,383
27,-1242007014_CO,TSS,Outflow,383
6,-1242007014_CO,TSS,Outflow,384
9,-1242007014_CO,TSS,Outflow,384
110,-1242007014_CO,TSS,Outflow,384
13,-1242007014_CO,TSS,Outflow,384
12,-1242007014_CO,TSS,Outflow,384
25,-1242007014_CO,TSS,Outflow,385
13,-1242007014_CO,TSS,Outflow,385
110,-1242007014_CO,TSS,Outflow,385
12,-1242007014_CO,TSS,Outflow,385
23,-1242007014_CO,TSS,Outflow,385
20,-1242007014_CO,TSS,Outflow,386
19,-1242007014_CO,TSS,Outflow,386
13,-1242007014_CO,TSS,Outflow,386
5,-1242007014_CO,TSS,Outflow,386
110,-1242007014_CO,TSS,Outflow,386
23,-1242007014_CO,TSS,Outflow,387
13,-1242007014_CO,TSS,Outflow,387
25,-1242007014_CO,TSS,Outflow,387
27,-1242007014_CO,TSS,Outflow,387
110,-1242007014_CO,TSS,Outflow,387
531,-1242007014_CO,TSS,Outflow,388
23,-1242007014_CO,TSS,Outflow,388
20,-1242007014_CO,TSS,Outflow,388
5,-1242007014_CO,TSS,Outflow,388
19,-1242007014_CO,TSS,Outflow,388
531,-1242007014_CO,TSS,Outflow,389
19,-1242007014_CO,TSS,Outflow,389
25,-1242007014_CO,TSS,Outflow,389
22,-1242007014_CO,TSS,Outflow,389
6,-1242007014_CO,TSS,Outflow,389
22,-1242007014_CO,TSS,Outflow,390
13,-1242007014_CO,TSS,Outflow,390
12,-1242007014_CO,TSS,Outflow,390
27,-1242007014_CO,TSS,Outflow,390
110,-1242007014_CO,TSS,Outflow,390
110,-1242007014_CO,TSS,Outflow,391
27,-1242007014_CO,TSS,Outflow,391
12,-1242007014_CO,TSS,Outflow,391
20,-1242007014_CO,TSS,Outflow,391
22,-1242007014_CO,TSS,Outflow,391
110,-1242007014_CO,TSS,Outflow,392
25,-1242007014_CO,TSS,Outflow,392
9,-1242007014_CO,TSS,Outflow,392
6,-1242007014_CO,TSS,Outflow,392
12,-1242007014_CO,TSS,Outflow,392
13,-1242007014_CO,TSS,Outflow,393
531,-1242007014_CO,TSS,Outflow,393
13,-1242007014_CO,TSS,Outflow,393
26,-1242007014_CO,TSS,Outflow,393
110,-1242007014_CO,TSS,Outflow,393
531,-1242007014_CO,TSS,Outflow,394
23,-1242007014_CO,TSS,Outflow,394
13,-1242007014_CO,TSS,Outflow,394
9,-1242007014_CO,TSS,Outflow,394
5,-1242007014_CO,TSS,Outflow,394
25,-1242007014_CO,TSS,Outflow,395
22,-1242007014_CO,TSS,Outflow,395
19,-1242007014_CO,TSS,Outflow,395
23,-1242007014_CO,TSS,Outflow,395
5,-1242007014_CO,TSS,Outflow,395
47,-1242007014_CO,TSS,Outflow,396
19,-1242007014_CO,TSS,Outflow,396
6,-1242007014_CO,TSS,Outflow,396
20,-1242007014_CO,TSS,Outflow,396
13,-1242007014_CO,TSS,Outflow,396
20,-1242007014_CO,TSS,Outflow,397
531,-1242007014_CO,TSS,Outflow,397
110,-1242007014_CO,TSS,Outflow,397
26,-1242007014_CO,TSS,Outflow,397
27,-1242007014_CO,TSS,Outflow,397
12,-1242007014_CO,TSS,Outflow,398
22,-1242007014_CO,TSS,Outflow,398
13,-1242007014_CO,TSS,Outflow,398
9,-1242007014_CO,TSS,Outflow,398
5,-1242007014_CO,TSS,Outflow,398
23,-1242007014_CO,TSS,Outflow,399
20,-1242007014_CO,TSS,Outflow,399
47,-1242007014_CO,TSS,Outflow,399
25,-1242007014_CO,TSS,Outflow,399
13,-1242007014_CO,TSS,Outflow,399
22,-1242007014_CO,TSS,Outflow,400
6,-1242007014_CO,TSS,Outflow,400
23,-1242007014_CO,TSS,Outflow,400
20,-1242007014_CO,TSS,Outflow,400
47,-1242007014_CO,TSS,Outflow,400
13,-1242007014_CO,TSS,Outflow,401
20,-1242007014_CO,TSS,Outflow,401
6,-1242007014_CO,TSS,Outflow,401
13,-1242007014_CO,TSS,Outflow,401
26,-1242007014_CO,TSS,Outflow,401
19,-1242007014_CO,TSS,Outflow,402
110,-1242007014_CO,TSS,Outflow,402
20,-1242007014_CO,TSS,Outflow,402
12,-1242007014_CO,TSS,Outflow,402
23,-1242007014_CO,TSS,Outflow,402
25,-1242007014_CO,TSS,Outflow,403
13,-1242007014_CO,TSS,Outflow,403
27,-1242007014_CO,TSS,Outflow,403
23,-1242007014_CO,TSS,Outflow,403
531,-1242007014_CO,TSS,Outflow,403
13,-1242007014_CO,TSS,Outflow,404
9,-1242007014_CO,TSS,Outflow,404
22,-1242007014_CO,TSS,Outflow,404
27,-1242007014_CO,TSS,Outflow,404
110,-1242007014_CO,TSS,Outflow,404
27,-1242007014_CO,TSS,Outflow,405
9,-1242007014_CO,TSS,Outflow,405
23,-1242007014_CO,TSS,Outflow,405
47,-1242007014_CO,TSS,Outflow,405
20,-1242007014_CO,TSS,Outflow,405
5,-1242007014_CO,TSS,Outflow,406
531,-1242007014_CO,TSS,Outflow,406
6,-1242007014_CO,TSS,Outflow,406
110,-1242007014_CO,TSS,Outflow,406
13,-1242007014_CO,TSS,Outflow,406
5,-1242007014_CO,TSS,Outflow,407
9,-1242007014_CO,TSS,Outflow,407
531,-1242007014_CO,TSS,Outflow,407
13,-1242007014_CO,TSS,Outflow,407
25,-1242007014_CO,TSS,Outflow,407
13,-1242007014_CO,TSS,Outflow,408
25,-1242007014_CO,TSS,Outflow,408
26,-1242007014_CO,TSS,Outflow,408
6,-1242007014_CO,TSS,Outflow,408
23,-1242007014_CO,TSS,Outflow,408
47,-1242007014_CO,TSS,Outflow,409
19,-1242007014_CO,TSS,Outflow,409
25,-1242007014_CO,TSS,Outflow,409
20,-1242007014_CO,TSS,Outflow,409
13,-1242007014_CO,TSS,Outflow,409
27,-1242007014_CO,TSS,Outflow,410
23,-1242007014_CO,TSS,Outflow,410
110,-1242007014_CO,TSS,Outflow,410
26,-1242007014_CO,TSS,Outflow,410
13,-1242007014_CO,TSS,Outflow,410
5,-1242007014_CO,TSS,Outflow,411
27,-1242007014_CO,TSS,Outflow,411
13,-1242007014_CO,TSS,Outflow,411
13,-1242007014_CO,TSS,Outflow,411
27,-1242007014_CO,TSS,Outflow,411
13,-1242007014_CO,TSS,Outflow,412
27,-1242007014_CO,TSS,Outflow,412
47,-1242007014_CO,TSS,Outflow,412
13,-1242007014_CO,TSS,Outflow,412
531,-1242007014_CO,TSS,Outflow,412
12,-1242007014_CO,TSS,Outflow,413
531,-1242007014_CO,TSS,Outflow,413
26,-1242007014_CO,TSS,Outflow,413
19,-1242007014_CO,TSS,Outflow,413
5,-1242007014_CO,TSS,Outflow,413
13,-1242007014_CO,TSS,Outflow,414
47,-1242007014_CO,TSS,Outflow,414
25,-1242007014_CO,TSS,Outflow,414
27,-1242007014_CO,TSS,Outflow,414
19,-1242007014_CO,TSS,Outflow,414
110,-1242007014_CO,TSS,Outflow,415
23,-1242007014_CO,TSS,Outflow,415
531,-1242007014_CO,TSS,Outflow,415
27,-1242007014_CO,TSS,Outflow,415
19,-1242007014_CO,TSS,Outflow,415
5,-1242007014_CO,TSS,Outflow,416
110,-1242007014_CO,TSS,Outflow,416
12,-1242007014_CO,TSS,Outflow,416
27,-1242007014_CO,TSS,Outflow,416
19,-1242007014_CO,TSS,Outflow,416
19,-1242007014_CO,TSS,Outflow,417
27,-1242007014_CO,TSS,Outflow,417
25,-1242007014_CO,TSS,Outflow,417
20,-1242007014_CO,TSS,Outflow,417
13,-1242007014_CO,TSS,Outflow,417
5,-1242007014_CO,TSS,Outflow,418
23,-1242007014_CO,TSS,Outflow,418
12,-1242007014_CO,TSS,Outflow,418
6,-1242007014_CO,TSS,Outflow,418
26,-1242007014_CO,TSS,Outflow,418
26,-1242007014_CO,TSS,Outflow,419
27,-1242007014_CO,TSS,Outflow,419
531,-1242007014_CO,TSS,Outflow,419
47,-1242007014_CO,TSS,Outflow,419
20,-1242007014_CO,TSS,Outflow,419
9,-1242007014_CO,TSS,Outflow,420
6,-1242007014_CO,TSS,Outflow,420
19,-1242007014_CO,TSS,Outflow,420
531,-1242007014_CO,TSS,Outflow,420
5,-1242007014_CO,TSS,Outflow,420
110,-1242007014_CO,TSS,Outflow,421
12,-1242007014_CO,TSS,Outflow,421
6,-1242007014_CO,TSS,Outflow,421
22,-1242007014_CO,TSS,Outflow,421
9,-1242007014_CO,TSS,Outflow,421
22,-1242007014_CO,TSS,Outflow,422
27,-1242007014_CO,TSS,Outflow,422
27,-1242007014_CO,TSS,Outflow,422
9,-1242007014_CO,TSS,Outflow,422
12,-1242007014_CO,TSS,Outflow,422
19,-1242007014_CO,TSS,Outflow,423
27,-1242007014_CO,TSS,Outflow,423
13,-1242007014_CO,TSS,Outflow,423
26,-1242007014_CO,TSS,Outflow,423
6,-1242007014_CO,TSS,Outflow,423
27,-1242007014_CO,TSS,Outflow,424
20,-1242007014_CO,TSS,Outflow,424
22,-1242007014_CO,TSS,Outflow,424
5,-1242007014_CO,TSS,Outflow,424
531,-1242007014_CO,TSS,Outflow,424
13,-1242007014_CO,TSS,Outflow,425
9,-1242007014_CO,TSS,Outflow,425
26,-1242007014_CO,TSS,Outflow,425
110,-1242007014_CO,TSS,Outflow,425
27,-1242007014_CO,TSS,Outflow,425
47,-1242007014_CO,TSS,Outflow,426
27,-1242007014_CO,TSS,Outflow,426
25,-1242007014_CO,TSS,Outflow,426
27,-1242007014_CO,TSS,Outflow,426
23,-1242007014_CO,TSS,Outflow,426
25,-1242007014_CO,TSS,Outflow,427
20,-1242007014_CO,TSS,Outflow,427
13,-1242007014_CO,TSS,Outflow,427
9,-1242007014_CO,TSS,Outflow,427
27,-1242007014_CO,TSS,Outflow,427
27,-1242007014_CO,TSS,Outflow,428
6,-1242007014_CO,TSS,Outflow,428
13,-1242007014_CO,TSS,Outflow,428
23,-1242007014_CO,TSS,Outflow,428
25,-1242007014_CO,TSS,Outflow,428
47,-1242007014_CO,TSS,Outflow,429
27,-1242007014_CO,TSS,Outflow,429
110,-1242007014_CO,TSS,Outflow,429
12,-1242007014_CO,TSS,Outflow,429
531,-1242007014_CO,TSS,Outflow,429
9,-1242007014_CO,TSS,Outflow,430
5,-1242007014_CO,TSS,Outflow,430
25,-1242007014_CO,TSS,Outflow,430
13,-1242007014_CO,TSS,Outflow,430
20,-1242007014_CO,TSS,Outflow,430
9,-1242007014_CO,TSS,Outflow,431
25,-1242007014_CO,TSS,Outflow,431
12,-1242007014_CO,TSS,Outflow,431
5,-1242007014_CO,TSS,Outflow,431
27,-1242007014_CO,TSS,Outflow,431
26,-1242007014_CO,TSS,Outflow,432
27,-1242007014_CO,TSS,Outflow,432
531,-1242007014_CO,TSS,Outflow,432
19,-1242007014_CO,TSS,Outflow,432
25,-1242007014_CO,TSS,Outflow,432
25,-1242007014_CO,TSS,Outflow,433
531,-1242007014_CO,TSS,Outflow,433
20,-1242007014_CO,TSS,Outflow,433
47,-1242007014_CO,TSS,Outflow,433
9,-1242007014_CO,TSS,Outflow,433
26,-1242007014_CO,TSS,Outflow,434
531,-1242007014_CO,TSS,Outflow,434
22,-1242007014_CO,TSS,Outflow,434
20,-1242007014_CO,TSS,Outflow,434
13,-1242007014_CO,TSS,Outflow,434
6,-1242007014_CO,TSS,Outflow,435
25,-1242007014_CO,TSS,Outflow,435
27,-1242007014_CO,TSS,Outflow,435
19,-1242007014_CO,TSS,Outflow,435
22,-1242007014_CO,TSS,Outflow,435
19,-1242007014_CO,TSS,Outflow,436
27,-1242007014_CO,TSS,Outflow,436
531,-1242007014_CO,TSS,Outflow,436
22,-1242007014_CO,TSS,Outflow,436
9,-1242007014_CO,TSS,Outflow,436
19,-1242007014_CO,TSS,Outflow,437
23,-1242007014_CO,TSS,Outflow,437
5,-1242007014_CO,TSS,Outflow,437
9,-1242007014_CO,TSS,Outflow,437
110,-1242007014_CO,TSS,Outflow,437
6,-1242007014_CO,TSS,Outflow,438
5,-1242007014_CO,TSS,Outflow,438
531,-1242007014_CO,TSS,Outflow,438
25,-1242007014_CO,TSS,Outflow,438
47,-1242007014_CO,TSS,Outflow,438
19,-1242007014_CO,TSS,Outflow,439
27,-1242007014_CO,TSS,Outflow,439
23,-1242007014_CO,TSS,Outflow,439
6,-1242007014_CO,TSS,Outflow,439
5,-1242007014_CO,TSS,Outflow,439
47,-1242007014_CO,TSS,Outflow,440
19,-1242007014_CO,TSS,Outflow,440
20,-1242007014_CO,TSS,Outflow,440
13,-1242007014_CO,TSS,Outflow,440
531,-1242007014_CO,TSS,Outflow,440
6,-1242007014_CO,TSS,Outflow,441
5,-1242007014_CO,TSS,Outflow,441
110,-1242007014_CO,TSS,Outflow,441
20,-1242007014_CO,TSS,Outflow,441
47,-1242007014_CO,TSS,Outflow,441
20,-1242007014_CO,TSS,Outflow,442
26,-1242007014_CO,TSS,Outflow,442
13,-1242007014_CO,TSS,Outflow,442
6,-1242007014_CO,TSS,Outflow,442
23,-1242007014_CO,TSS,Outflow,442
13,-1242007014_CO,TSS,Outflow,443
13,-1242007014_CO,TSS,Outflow,443
27,-1242007014_CO,TSS,Outflow,443
26,-1242007014_CO,TSS,Outflow,443
6,-1242007014_CO,TSS,Outflow,443
531,-1242007014_CO,TSS,Outflow,444
12,-1242007014_CO,TSS,Outflow,444
25,-1242007014_CO,TSS,Outflow,444
19,-1242007014_CO,TSS,Outflow,444
27,-1242007014_CO,TSS,Outflow,444
13,-1242007014_CO,TSS,Outflow,445
26,-1242007014_CO,TSS,Outflow,445
47,-1242007014_CO,TSS,Outflow,445
9,-1242007014_CO,TSS,Outflow,445
13,-1242007014_CO,TSS,Outflow,445
9,-1242007014_CO,TSS,Outflow,446
25,-1242007014_CO,TSS,Outflow,446
23,-1242007014_CO,TSS,Outflow,446
26,-1242007014_CO,TSS,Outflow,446
22,-1242007014_CO,TSS,Outflow,446
22,-1242007014_CO,TSS,Outflow,447
26,-1242007014_CO,TSS,Outflow,447
13,-1242007014_CO,TSS,Outflow,447
19,-1242007014_CO,TSS,Outflow,447
13,-1242007014_CO,TSS,Outflow,447
9,-1242007014_CO,TSS,Outflow,448
22,-1242007014_CO,TSS,Outflow,448
19,-1242007014_CO,TSS,Outflow,448
23,-1242007014_CO,TSS,Outflow,448
5,-1242007014_CO,TSS,Outflow,448
13,-1242007014_CO,TSS,Outflow,449
9,-1242007014_CO,TSS,Outflow,449
12,-1242007014_CO,TSS,Outflow,449
531,-1242007014_CO,TSS,Outflow,449
6,-1242007014_CO,TSS,Outflow,449
12,-1242007014_CO,TSS,Outflow,450
110,-1242007014_CO,TSS,Outflow,450
19,-1242007014_CO,TSS,Outflow,450
23,-1242007014_CO,TSS,Outflow,450
22,-1242007014_CO,TSS,Outflow,450
531,-1242007014_CO,TSS,Outflow,451
13,-1242007014_CO,TSS,Outflow,451
23,-1242007014_CO,TSS,Outflow,451
13,-1242007014_CO,TSS,Outflow,451
20,-1242007014_CO,TSS,Outflow,451
27,-1242007014_CO,TSS,Outflow,452
47,-1242007014_CO,TSS,Outflow,452
9,-1242007014_CO,TSS,Outflow,452
531,-1242007014_CO,TSS,Outflow,452
13,-1242007014_CO,TSS,Outflow,452
23,-1242007014_CO,TSS,Outflow,453
22,-1242007014_CO,TSS,Outflow,453
5,-1242007014_CO,TSS,Outflow,453
47,-1242007014_CO,TSS,Outflow,453
531,-1242007014_CO,TSS,Outflow,453
531,-1242007014_CO,TSS,Outflow,454
13,-1242007014_CO,TSS,Outflow,454
9,-1242007014_CO,TSS,Outflow,454
20,-1242007014_CO,TSS,Outflow,454
27,-1242007014_CO,TSS,Outflow,454
23,-1242007014_CO,TSS,Outflow,455
13,-1242007014_CO,TSS,Outflow,455
531,-1242007014_CO,TSS,Outflow,455
27,-1242007014_CO,TSS,Outflow,455
20,-1242007014_CO,TSS,Outflow,455
25,-1242007014_CO,TSS,Outflow,456
23,-1242007014_CO,TSS,Outflow,456
13,-1242007014_CO,TSS,Outflow,456
19,-1242007014_CO,TSS,Outflow,456
5,-1242007014_CO,TSS,Outflow,456
25,-1242007014_CO,TSS,Outflow,457
19,-1242007014_CO,TSS,Outflow,457
23,-1242007014_CO,TSS,Outflow,457
13,-1242007014_CO,TSS,Outflow,457
6,-1242007014_CO,TSS,Outflow,457
20,-1242007014_CO,TSS,Outflow,458
22,-1242007014_CO,TSS,Outflow,458
27,-1242007014_CO,TSS,Outflow,458
47,-1242007014_CO,TSS,Outflow,458
13,-1242007014_CO,TSS,Outflow,458
13,-1242007014_CO,TSS,Outflow,459
19,-1242007014_CO,TSS,Outflow,459
25,-1242007014_CO,TSS,Outflow,459
27,-1242007014_CO,TSS,Outflow,459
27,-1242007014_CO,TSS,Outflow,459
13,-1242007014_CO,TSS,Outflow,460
20,-1242007014_CO,TSS,Outflow,460
6,-1242007014_CO,TSS,Outflow,460
110,-1242007014_CO,TSS,Outflow,460
5,-1242007014_CO,TSS,Outflow,460
23,-1242007014_CO,TSS,Outflow,461
27,-1242007014_CO,TSS,Outflow,461
12,-1242007014_CO,TSS,Outflow,461
26,-1242007014_CO,TSS,Outflow,461
13,-1242007014_CO,TSS,Outflow,461
20,-1242007014_CO,TSS,Outflow,462
27,-1242007014_CO,TSS,Outflow,462
12,-1242007014_CO,TSS,Outflow,462
5,-1242007014_CO,TSS,Outflow,462
22,-1242007014_CO,TSS,Outflow,462
110,-1242007014_CO,TSS,Outflow,463
19,-1242007014_CO,TSS,Outflow,463
13,-1242007014_CO,TSS,Outflow,463
25,-1242007014_CO,TSS,Outflow,463
9,-1242007014_CO,TSS,Outflow,463
25,-1242007014_CO,TSS,Outflow,464
5,-1242007014_CO,TSS,Outflow,464
27,-1242007014_CO,TSS,Outflow,464
13,-1242007014_CO,TSS,Outflow,464
20,-1242007014_CO,TSS,Outflow,464
20,-1242007014_CO,TSS,Outflow,465
26,-1242007014_CO,TSS,Outflow,465
6,-1242007014_CO,TSS,Outflow,465
13,-1242007014_CO,TSS,Outflow,465
12,-1242007014_CO,TSS,Outflow,465
19,-1242007014_CO,TSS,Outflow,466
25,-1242007014_CO,TSS,Outflow,466
110,-1242007014_CO,TSS,Outflow,466
47,-1242007014_CO,TSS,Outflow,466
20,-1242007014_CO,TSS,Outflow,466
23,-1242007014_CO,TSS,Outflow,467
12,-1242007014_CO,TSS,Outflow,467
6,-1242007014_CO,TSS,Outflow,467
19,-1242007014_CO,TSS,Outflow,467
47,-1242007014_CO,TSS,Outflow,467
27,-1242007014_CO,TSS,Outflow,468
110,-1242007014_CO,TSS,Outflow,468
13,-1242007014_CO,TSS,Outflow,468
9,-1242007014_CO,TSS,Outflow,468
26,-1242007014_CO,TSS,Outflow,468
13,-1242007014_CO,TSS,Outflow,469
19,-1242007014_CO,TSS,Outflow,469
23,-1242007014_CO,TSS,Outflow,469
13,-1242007014_CO,TSS,Outflow,469
12,-1242007014_CO,TSS,Outflow,469
20,-1242007014_CO,TSS,Outflow,470
47,-1242007014_CO,TSS,Outflow,470
26,-1242007014_CO,TSS,Outflow,470
22,-1242007014_CO,TSS,Outflow,470
110,-1242007014_CO,TSS,Outflow,470
12,-1242007014_CO,TSS,Outflow,471
110,-1242007014_CO,TSS,Outflow,471
23,-1242007014_CO,TSS,Outflow,471
9,-1242007014_CO,TSS,Outflow,471
531,-1242007014_CO,TSS,Outflow,471
47,-1242007014_CO,TSS,Outflow,472
22,-1242007014_CO,TSS,Outflow,472
27,-1242007014_CO,TSS,Outflow,472
110,-1242007014_CO,TSS,Outflow,472
20,-1242007014_CO,TSS,Outflow,472
27,-1242007014_CO,TSS,Outflow,473
27,-1242007014_CO,TSS,Outflow,473
19,-1242007014_CO,TSS,Outflow,473
6,-1242007014_CO,TSS,Outflow,473
13,-1242007014_CO,TSS,Outflow,473
20,-1242007014_CO,TSS,Outflow,474
47,-1242007014_CO,TSS,Outflow,474
23,-1242007014_CO,TSS,Outflow,474
531,-1242007014_CO,TSS,Outflow,474
5,-1242007014_CO,TSS,Outflow,474
27,-1242007014_CO,TSS,Outflow,475
19,-1242007014_CO,TSS,Outflow,475
23,-1242007014_CO,TSS,Outflow,475
6,-1242007014_CO,TSS,Outflow,475
110,-1242007014_CO,TSS,Outflow,475
9,-1242007014_CO,TSS,Outflow,476
20,-1242007014_CO,TSS,Outflow,476
19,-1242007014_CO,TSS,Outflow,476
25,-1242007014_CO,TSS,Outflow,476
26,-1242007014_CO,TSS,Outflow,476
531,-1242007014_CO,TSS,Outflow,477
25,-1242007014_CO,TSS,Outflow,477
27,-1242007014_CO,TSS,Outflow,477
26,-1242007014_CO,TSS,Outflow,477
20,-1242007014_CO,TSS,Outflow,477
9,-1242007014_CO,TSS,Outflow,478
25,-1242007014_CO,TSS,Outflow,478
110,-1242007014_CO,TSS,Outflow,478
27,-1242007014_CO,TSS,Outflow,478
12,-1242007014_CO,TSS,Outflow,478
23,-1242007014_CO,TSS,Outflow,479
13,-1242007014_CO,TSS,Outflow,479
9,-1242007014_CO,TSS,Outflow,479
531,-1242007014_CO,TSS,Outflow,479
27,-1242007014_CO,TSS,Outflow,479
20,-1242007014_CO,TSS,Outflow,480
26,-1242007014_CO,TSS,Outflow,480
6,-1242007014_CO,TSS,Outflow,480
531,-1242007014_CO,TSS,Outflow,480
27,-1242007014_CO,TSS,Outflow,480
531,-1242007014_CO,TSS,Outflow,481
12,-1242007014_CO,TSS,Outflow,481
25,-1242007014_CO,TSS,Outflow,481
110,-1242007014_CO,TSS,Outflow,481
20,-1242007014_CO,TSS,Outflow,481
531,-1242007014_CO,TSS,Outflow,482
13,-1242007014_CO,TSS,Outflow,482
12,-1242007014_CO,TSS,Outflow,482
25,-1242007014_CO,TSS,Outflow,482
19,-1242007014_CO,TSS,Outflow,482
27,-1242007014_CO,TSS,Outflow,483
26,-1242007014_CO,TSS,Outflow,483
20,-1242007014_CO,TSS,Outflow,483
47,-1242007014_CO,TSS,Outflow,483
531,-1242007014_CO,TSS,Outflow,483
25,-1242007014_CO,TSS,Outflow,484
13,-1242007014_CO,TSS,Outflow,484
110,-1242007014_CO,TSS,Outflow,484
20,-1242007014_CO,TSS,Outflow,484
27,-1242007014_CO,TSS,Outflow,484
13,-1242007014_CO,TSS,Outflow,485
9,-1242007014_CO,TSS,Outflow,485
5,-1242007014_CO,TSS,Outflow,485
20,-1242007014_CO,TSS,Outflow,485
27,-1242007014_CO,TSS,Outflow,485
20,-1242007014_CO,TSS,Outflow,486
19,-1242007014_CO,TSS,Outflow,486
27,-1242007014_CO,TSS,Outflow,486
22,-1242007014_CO,TSS,Outflow,486
5,-1242007014_CO,TSS,Outflow,486
13,-1242007014_CO,TSS,Outflow,487
27,-1242007014_CO,TSS,Outflow,487
47,-1242007014_CO,TSS,Outflow,487
25,-1242007014_CO,TSS,Outflow,487
23,-1242007014_CO,TSS,Outflow,487
110,-1242007014_CO,TSS,Outflow,488
47,-1242007014_CO,TSS,Outflow,488
531,-1242007014_CO,TSS,Outflow,488
13,-1242007014_CO,TSS,Outflow,488
27,-1242007014_CO,TSS,Outflow,488
110,-1242007014_CO,TSS,Outflow,489
20,-1242007014_CO,TSS,Outflow,489
5,-1242007014_CO,TSS,Outflow,489
27,-1242007014_CO,TSS,Outflow,489
19,-1242007014_CO,TSS,Outflow,489
22,-1242007014_CO,TSS,Outflow,490
6,-1242007014_CO,TSS,Outflow,490
27,-1242007014_CO,TSS,Outflow,490
20,-1242007014_CO,TSS,Outflow,490
23,-1242007014_CO,TSS,Outflow,490
26,-1242007014_CO,TSS,Outflow,491
9,-1242007014_CO,TSS,Outflow,491
19,-1242007014_CO,TSS,Outflow,491
5,-1242007014_CO,TSS,Outflow,491
13,-1242007014_CO,TSS,Outflow,491
12,-1242007014_CO,TSS,Outflow,492
26,-1242007014_CO,TSS,Outflow,492
23,-1242007014_CO,TSS,Outflow,492
27,-1242007014_CO,TSS,Outflow,492
13,-1242007014_CO,TSS,Outflow,492
110,-1242007014_CO,TSS,Outflow,493
5,-1242007014_CO,TSS,Outflow,493
9,-1242007014_CO,TSS,Outflow,493
6,-1242007014_CO,TSS,Outflow,493
531,-1242007014_CO,TSS,Outflow,493
6,-1242007014_CO,TSS,Outflow,494
27,-1242007014_CO,TSS,Outflow,494
23,-1242007014_CO,TSS,Outflow,494
47,-1242007014_CO,TSS,Outflow,494
110,-1242007014_CO,TSS,Outflow,494
5,-1242007014_CO,TSS,Outflow,495
27,-1242007014_CO,TSS,Outflow,495
19,-1242007014_CO,TSS,Outflow,495
13,-1242007014_CO,TSS,Outflow,495
47,-1242007014_CO,TSS,Outflow,495
27,-1242007014_CO,TSS,Outflow,496
9,-1242007014_CO,TSS,Outflow,496
6,-1242007014_CO,TSS,Outflow,496
25,-1242007014_CO,TSS,Outflow,496
110,-1242007014_CO,TSS,Outflow,496
47,-1242007014_CO,TSS,Outflow,497
27,-1242007014_CO,TSS,Outflow,497
13,-1242007014_CO,TSS,Outflow,497
22,-1242007014_CO,TSS,Outflow,497
23,-1242007014_CO,TSS,Outflow,497
20,-1242007014_CO,TSS,Outflow,498
12,-1242007014_CO,TSS,Outflow,498
22,-1242007014_CO,TSS,Outflow,498
5,-1242007014_CO,TSS,Outflow,498
9,-1242007014_CO,TSS,Outflow,498
22,-1242007014_CO,TSS,Outflow,499
5,-1242007014_CO,TSS,Outflow,499
13,-1242007014_CO,TSS,Outflow,499
47,-1242007014_CO,TSS,Outflow,499
27,-1242007014_CO,TSS,Outflow,499
26,-1242007014_CO,TSS,Outflow,500
9,-1242007014_CO,TSS,Outflow,500
110,-1242007014_CO,TSS,Outflow,500
13,-1242007014_CO,TSS,Outflow,500
22,-1242007014_CO,TSS,Outflow,500
