EMC,Location,Analyte,Flow,Run
18,-1242007014_CO,TSS,Inflow,1
52,-1242007014_CO,TSS,Inflow,1
42,-1242007014_CO,TSS,Inflow,1
52,-1242007014_CO,TSS,Inflow,1
89,-1242007014_CO,TSS,Inflow,1
39,-1242007014_CO,TSS,Inflow,2
103,-1242007014_CO,TSS,Inflow,2
52,-1242007014_CO,TSS,Inflow,2
8,-1242007014_CO,TSS,Inflow,2
180,-1242007014_CO,TSS,Inflow,2
42,-1242007014_CO,TSS,Inflow,3
52,-1242007014_CO,TSS,Inflow,3
40,-1242007014_CO,TSS,Inflow,3
7,-1242007014_CO,TSS,Inflow,3
18,-1242007014_CO,TSS,Inflow,3
40,-1242007014_CO,TSS,Inflow,4
176,-1242007014_CO,TSS,Inflow,4
7,-1242007014_CO,TSS,Inflow,4
18,-1242007014_CO,TSS,Inflow,4
103,-1242007014_CO,TSS,Inflow,4
232,-1242007014_CO,TSS,Inflow,5
180,-1242007014_CO,TSS,Inflow,5
7,-1242007014_CO,TSS,Inflow,5
52,-1242007014_CO,TSS,Inflow,5
89,-1242007014_CO,TSS,Inflow,5
232,-1242007014_CO,TSS,Inflow,6
176,-1242007014_CO,TSS,Inflow,6
18,-1242007014_CO,TSS,Inflow,6
40,-1242007014_CO,TSS,Inflow,6
7,-1242007014_CO,TSS,Inflow,6
103,-1242007014_CO,TSS,Inflow,7
18,-1242007014_CO,TSS,Inflow,7
42,-1242007014_CO,TSS,Inflow,7
89,-1242007014_CO,TSS,Inflow,7
58,-1242007014_CO,TSS,Inflow,7
52,-1242007014_CO,TSS,Inflow,8
18,-1242007014_CO,TSS,Inflow,8
18,-1242007014_CO,TSS,Inflow,8
52,-1242007014_CO,TSS,Inflow,8
89,-1242007014_CO,TSS,Inflow,8
40,-1242007014_CO,TSS,Inflow,9
52,-1242007014_CO,TSS,Inflow,9
232,-1242007014_CO,TSS,Inflow,9
18,-1242007014_CO,TSS,Inflow,9
42,-1242007014_CO,TSS,Inflow,9
176,-1242007014_CO,TSS,Inflow,10
42,-1242007014_CO,TSS,Inflow,10
103,-1242007014_CO,TSS,Inflow,10
18,-1242007014_CO,TSS,Inflow,10
89,-1242007014_CO,TSS,Inflow,10
52,-1242007014_CO,TSS,Inflow,11
18,-1242007014_CO,TSS,Inflow,11
42,-1242007014_CO,TSS,Inflow,11
89,-1242007014_CO,TSS,Inflow,11
232,-1242007014_CO,TSS,Inflow,11
176,-1242007014_CO,TSS,Inflow,12
18,-1242007014_CO,TSS,Inflow,12
52,-1242007014_CO,TSS,Inflow,12
39,-1242007014_CO,TSS,Inflow,12
42,-1242007014_CO,TSS,Inflow,12
52,-1242007014_CO,TSS,Inflow,13
18,-1242007014_CO,TSS,Inflow,13
40,-1242007014_CO,TSS,Inflow,13
7,-1242007014_CO,TSS,Inflow,13
176,-1242007014_CO,TSS,Inflow,13
42,-1242007014_CO,TSS,Inflow,14
52,-1242007014_CO,TSS,Inflow,14
180,-1242007014_CO,TSS,Inflow,14
7,-1242007014_CO,TSS,Inflow,14
103,-1242007014_CO,TSS,Inflow,14
52,-1242007014_CO,TSS,Inflow,15
232,-1242007014_CO,TSS,Inflow,15
42,-1242007014_CO,TSS,Inflow,15
39,-1242007014_CO,TSS,Inflow,15
52,-1242007014_CO,TSS,Inflow,15
40,-1242007014_CO,TSS,Inflow,16
18,-1242007014_CO,TSS,Inflow,16
89,-1242007014_CO,TSS,Inflow,16
176,-1242007014_CO,TSS,Inflow,16
39,-1242007014_CO,TSS,Inflow,16
103,-1242007014_CO,TSS,Inflow,17
7,-1242007014_CO,TSS,Inflow,17
89,-1242007014_CO,TSS,Inflow,17
8,-1242007014_CO,TSS,Inflow,17
42,-1242007014_CO,TSS,Inflow,17
180,-1242007014_CO,TSS,Inflow,18
7,-1242007014_CO,TSS,Inflow,18
52,-1242007014_CO,TSS,Inflow,18
89,-1242007014_CO,TSS,Inflow,18
58,-1242007014_CO,TSS,Inflow,18
18,-1242007014_CO,TSS,Inflow,19
176,-1242007014_CO,TSS,Inflow,19
7,-1242007014_CO,TSS,Inflow,19
58,-1242007014_CO,TSS,Inflow,19
8,-1242007014_CO,TSS,Inflow,19
52,-1242007014_CO,TSS,Inflow,20
8,-1242007014_CO,TSS,Inflow,20
103,-1242007014_CO,TSS,Inflow,20
52,-1242007014_CO,TSS,Inflow,20
18,-1242007014_CO,TSS,Inflow,20
89,-1242007014_CO,TSS,Inflow,21
180,-1242007014_CO,TSS,Inflow,21
58,-1242007014_CO,TSS,Inflow,21
42,-1242007014_CO,TSS,Inflow,21
103,-1242007014_CO,TSS,Inflow,21
103,-1242007014_CO,TSS,Inflow,22
18,-1242007014_CO,TSS,Inflow,22
18,-1242007014_CO,TSS,Inflow,22
52,-1242007014_CO,TSS,Inflow,22
58,-1242007014_CO,TSS,Inflow,22
39,-1242007014_CO,TSS,Inflow,23
18,-1242007014_CO,TSS,Inflow,23
18,-1242007014_CO,TSS,Inflow,23
180,-1242007014_CO,TSS,Inflow,23
7,-1242007014_CO,TSS,Inflow,23
39,-1242007014_CO,TSS,Inflow,24
18,-1242007014_CO,TSS,Inflow,24
52,-1242007014_CO,TSS,Inflow,24
42,-1242007014_CO,TSS,Inflow,24
40,-1242007014_CO,TSS,Inflow,24
180,-1242007014_CO,TSS,Inflow,25
39,-1242007014_CO,TSS,Inflow,25
232,-1242007014_CO,TSS,Inflow,25
58,-1242007014_CO,TSS,Inflow,25
42,-1242007014_CO,TSS,Inflow,25
52,-1242007014_CO,TSS,Inflow,26
18,-1242007014_CO,TSS,Inflow,26
103,-1242007014_CO,TSS,Inflow,26
89,-1242007014_CO,TSS,Inflow,26
42,-1242007014_CO,TSS,Inflow,26
7,-1242007014_CO,TSS,Inflow,27
8,-1242007014_CO,TSS,Inflow,27
18,-1242007014_CO,TSS,Inflow,27
52,-1242007014_CO,TSS,Inflow,27
176,-1242007014_CO,TSS,Inflow,27
7,-1242007014_CO,TSS,Inflow,28
39,-1242007014_CO,TSS,Inflow,28
89,-1242007014_CO,TSS,Inflow,28
40,-1242007014_CO,TSS,Inflow,28
18,-1242007014_CO,TSS,Inflow,28
18,-1242007014_CO,TSS,Inflow,29
40,-1242007014_CO,TSS,Inflow,29
18,-1242007014_CO,TSS,Inflow,29
103,-1242007014_CO,TSS,Inflow,29
52,-1242007014_CO,TSS,Inflow,29
18,-1242007014_CO,TSS,Inflow,30
39,-1242007014_CO,TSS,Inflow,30
232,-1242007014_CO,TSS,Inflow,30
58,-1242007014_CO,TSS,Inflow,30
18,-1242007014_CO,TSS,Inflow,30
176,-1242007014_CO,TSS,Inflow,31
8,-1242007014_CO,TSS,Inflow,31
42,-1242007014_CO,TSS,Inflow,31
58,-1242007014_CO,TSS,Inflow,31
39,-1242007014_CO,TSS,Inflow,31
180,-1242007014_CO,TSS,Inflow,32
7,-1242007014_CO,TSS,Inflow,32
52,-1242007014_CO,TSS,Inflow,32
58,-1242007014_CO,TSS,Inflow,32
8,-1242007014_CO,TSS,Inflow,32
52,-1242007014_CO,TSS,Inflow,33
58,-1242007014_CO,TSS,Inflow,33
52,-1242007014_CO,TSS,Inflow,33
42,-1242007014_CO,TSS,Inflow,33
176,-1242007014_CO,TSS,Inflow,33
18,-1242007014_CO,TSS,Inflow,34
58,-1242007014_CO,TSS,Inflow,34
103,-1242007014_CO,TSS,Inflow,34
52,-1242007014_CO,TSS,Inflow,34
89,-1242007014_CO,TSS,Inflow,34
18,-1242007014_CO,TSS,Inflow,35
7,-1242007014_CO,TSS,Inflow,35
8,-1242007014_CO,TSS,Inflow,35
103,-1242007014_CO,TSS,Inflow,35
180,-1242007014_CO,TSS,Inflow,35
42,-1242007014_CO,TSS,Inflow,36
58,-1242007014_CO,TSS,Inflow,36
18,-1242007014_CO,TSS,Inflow,36
180,-1242007014_CO,TSS,Inflow,36
103,-1242007014_CO,TSS,Inflow,36
58,-1242007014_CO,TSS,Inflow,37
18,-1242007014_CO,TSS,Inflow,37
52,-1242007014_CO,TSS,Inflow,37
89,-1242007014_CO,TSS,Inflow,37
176,-1242007014_CO,TSS,Inflow,37
58,-1242007014_CO,TSS,Inflow,38
7,-1242007014_CO,TSS,Inflow,38
180,-1242007014_CO,TSS,Inflow,38
176,-1242007014_CO,TSS,Inflow,38
40,-1242007014_CO,TSS,Inflow,38
18,-1242007014_CO,TSS,Inflow,39
39,-1242007014_CO,TSS,Inflow,39
52,-1242007014_CO,TSS,Inflow,39
89,-1242007014_CO,TSS,Inflow,39
232,-1242007014_CO,TSS,Inflow,39
232,-1242007014_CO,TSS,Inflow,40
176,-1242007014_CO,TSS,Inflow,40
42,-1242007014_CO,TSS,Inflow,40
39,-1242007014_CO,TSS,Inflow,40
18,-1242007014_CO,TSS,Inflow,40
52,-1242007014_CO,TSS,Inflow,41
103,-1242007014_CO,TSS,Inflow,41
176,-1242007014_CO,TSS,Inflow,41
180,-1242007014_CO,TSS,Inflow,41
52,-1242007014_CO,TSS,Inflow,41
89,-1242007014_CO,TSS,Inflow,42
42,-1242007014_CO,TSS,Inflow,42
52,-1242007014_CO,TSS,Inflow,42
8,-1242007014_CO,TSS,Inflow,42
18,-1242007014_CO,TSS,Inflow,42
52,-1242007014_CO,TSS,Inflow,43
52,-1242007014_CO,TSS,Inflow,43
8,-1242007014_CO,TSS,Inflow,43
42,-1242007014_CO,TSS,Inflow,43
103,-1242007014_CO,TSS,Inflow,43
232,-1242007014_CO,TSS,Inflow,44
58,-1242007014_CO,TSS,Inflow,44
89,-1242007014_CO,TSS,Inflow,44
40,-1242007014_CO,TSS,Inflow,44
18,-1242007014_CO,TSS,Inflow,44
18,-1242007014_CO,TSS,Inflow,45
8,-1242007014_CO,TSS,Inflow,45
42,-1242007014_CO,TSS,Inflow,45
176,-1242007014_CO,TSS,Inflow,45
52,-1242007014_CO,TSS,Inflow,45
40,-1242007014_CO,TSS,Inflow,46
176,-1242007014_CO,TSS,Inflow,46
89,-1242007014_CO,TSS,Inflow,46
180,-1242007014_CO,TSS,Inflow,46
18,-1242007014_CO,TSS,Inflow,46
52,-1242007014_CO,TSS,Inflow,47
89,-1242007014_CO,TSS,Inflow,47
18,-1242007014_CO,TSS,Inflow,47
180,-1242007014_CO,TSS,Inflow,47
18,-1242007014_CO,TSS,Inflow,47
8,-1242007014_CO,TSS,Inflow,48
18,-1242007014_CO,TSS,Inflow,48
40,-1242007014_CO,TSS,Inflow,48
58,-1242007014_CO,TSS,Inflow,48
89,-1242007014_CO,TSS,Inflow,48
40,-1242007014_CO,TSS,Inflow,49
8,-1242007014_CO,TSS,Inflow,49
18,-1242007014_CO,TSS,Inflow,49
52,-1242007014_CO,TSS,Inflow,49
176,-1242007014_CO,TSS,Inflow,49
176,-1242007014_CO,TSS,Inflow,50
103,-1242007014_CO,TSS,Inflow,50
18,-1242007014_CO,TSS,Inflow,50
52,-1242007014_CO,TSS,Inflow,50
7,-1242007014_CO,TSS,Inflow,50
40,-1242007014_CO,TSS,Inflow,51
39,-1242007014_CO,TSS,Inflow,51
18,-1242007014_CO,TSS,Inflow,51
89,-1242007014_CO,TSS,Inflow,51
176,-1242007014_CO,TSS,Inflow,51
176,-1242007014_CO,TSS,Inflow,52
8,-1242007014_CO,TSS,Inflow,52
180,-1242007014_CO,TSS,Inflow,52
42,-1242007014_CO,TSS,Inflow,52
40,-1242007014_CO,TSS,Inflow,52
52,-1242007014_CO,TSS,Inflow,53
103,-1242007014_CO,TSS,Inflow,53
58,-1242007014_CO,TSS,Inflow,53
52,-1242007014_CO,TSS,Inflow,53
40,-1242007014_CO,TSS,Inflow,53
89,-1242007014_CO,TSS,Inflow,54
18,-1242007014_CO,TSS,Inflow,54
8,-1242007014_CO,TSS,Inflow,54
18,-1242007014_CO,TSS,Inflow,54
52,-1242007014_CO,TSS,Inflow,54
8,-1242007014_CO,TSS,Inflow,55
89,-1242007014_CO,TSS,Inflow,55
42,-1242007014_CO,TSS,Inflow,55
18,-1242007014_CO,TSS,Inflow,55
180,-1242007014_CO,TSS,Inflow,55
52,-1242007014_CO,TSS,Inflow,56
39,-1242007014_CO,TSS,Inflow,56
18,-1242007014_CO,TSS,Inflow,56
18,-1242007014_CO,TSS,Inflow,56
7,-1242007014_CO,TSS,Inflow,56
180,-1242007014_CO,TSS,Inflow,57
58,-1242007014_CO,TSS,Inflow,57
18,-1242007014_CO,TSS,Inflow,57
7,-1242007014_CO,TSS,Inflow,57
89,-1242007014_CO,TSS,Inflow,57
18,-1242007014_CO,TSS,Inflow,58
176,-1242007014_CO,TSS,Inflow,58
58,-1242007014_CO,TSS,Inflow,58
8,-1242007014_CO,TSS,Inflow,58
232,-1242007014_CO,TSS,Inflow,58
103,-1242007014_CO,TSS,Inflow,59
180,-1242007014_CO,TSS,Inflow,59
40,-1242007014_CO,TSS,Inflow,59
52,-1242007014_CO,TSS,Inflow,59
58,-1242007014_CO,TSS,Inflow,59
18,-1242007014_CO,TSS,Inflow,60
232,-1242007014_CO,TSS,Inflow,60
40,-1242007014_CO,TSS,Inflow,60
52,-1242007014_CO,TSS,Inflow,60
39,-1242007014_CO,TSS,Inflow,60
52,-1242007014_CO,TSS,Inflow,61
7,-1242007014_CO,TSS,Inflow,61
89,-1242007014_CO,TSS,Inflow,61
18,-1242007014_CO,TSS,Inflow,61
176,-1242007014_CO,TSS,Inflow,61
232,-1242007014_CO,TSS,Inflow,62
103,-1242007014_CO,TSS,Inflow,62
39,-1242007014_CO,TSS,Inflow,62
180,-1242007014_CO,TSS,Inflow,62
8,-1242007014_CO,TSS,Inflow,62
7,-1242007014_CO,TSS,Inflow,63
8,-1242007014_CO,TSS,Inflow,63
52,-1242007014_CO,TSS,Inflow,63
18,-1242007014_CO,TSS,Inflow,63
232,-1242007014_CO,TSS,Inflow,63
58,-1242007014_CO,TSS,Inflow,64
89,-1242007014_CO,TSS,Inflow,64
180,-1242007014_CO,TSS,Inflow,64
40,-1242007014_CO,TSS,Inflow,64
18,-1242007014_CO,TSS,Inflow,64
52,-1242007014_CO,TSS,Inflow,65
180,-1242007014_CO,TSS,Inflow,65
232,-1242007014_CO,TSS,Inflow,65
18,-1242007014_CO,TSS,Inflow,65
8,-1242007014_CO,TSS,Inflow,65
89,-1242007014_CO,TSS,Inflow,66
8,-1242007014_CO,TSS,Inflow,66
232,-1242007014_CO,TSS,Inflow,66
103,-1242007014_CO,TSS,Inflow,66
39,-1242007014_CO,TSS,Inflow,66
39,-1242007014_CO,TSS,Inflow,67
176,-1242007014_CO,TSS,Inflow,67
18,-1242007014_CO,TSS,Inflow,67
103,-1242007014_CO,TSS,Inflow,67
40,-1242007014_CO,TSS,Inflow,67
18,-1242007014_CO,TSS,Inflow,68
52,-1242007014_CO,TSS,Inflow,68
7,-1242007014_CO,TSS,Inflow,68
18,-1242007014_CO,TSS,Inflow,68
232,-1242007014_CO,TSS,Inflow,68
232,-1242007014_CO,TSS,Inflow,69
18,-1242007014_CO,TSS,Inflow,69
18,-1242007014_CO,TSS,Inflow,69
180,-1242007014_CO,TSS,Inflow,69
40,-1242007014_CO,TSS,Inflow,69
176,-1242007014_CO,TSS,Inflow,70
7,-1242007014_CO,TSS,Inflow,70
89,-1242007014_CO,TSS,Inflow,70
39,-1242007014_CO,TSS,Inflow,70
232,-1242007014_CO,TSS,Inflow,70
8,-1242007014_CO,TSS,Inflow,71
18,-1242007014_CO,TSS,Inflow,71
42,-1242007014_CO,TSS,Inflow,71
18,-1242007014_CO,TSS,Inflow,71
176,-1242007014_CO,TSS,Inflow,71
39,-1242007014_CO,TSS,Inflow,72
18,-1242007014_CO,TSS,Inflow,72
7,-1242007014_CO,TSS,Inflow,72
89,-1242007014_CO,TSS,Inflow,72
52,-1242007014_CO,TSS,Inflow,72
176,-1242007014_CO,TSS,Inflow,73
52,-1242007014_CO,TSS,Inflow,73
18,-1242007014_CO,TSS,Inflow,73
18,-1242007014_CO,TSS,Inflow,73
42,-1242007014_CO,TSS,Inflow,73
176,-1242007014_CO,TSS,Inflow,74
58,-1242007014_CO,TSS,Inflow,74
89,-1242007014_CO,TSS,Inflow,74
18,-1242007014_CO,TSS,Inflow,74
40,-1242007014_CO,TSS,Inflow,74
52,-1242007014_CO,TSS,Inflow,75
42,-1242007014_CO,TSS,Inflow,75
58,-1242007014_CO,TSS,Inflow,75
7,-1242007014_CO,TSS,Inflow,75
40,-1242007014_CO,TSS,Inflow,75
52,-1242007014_CO,TSS,Inflow,76
176,-1242007014_CO,TSS,Inflow,76
89,-1242007014_CO,TSS,Inflow,76
39,-1242007014_CO,TSS,Inflow,76
8,-1242007014_CO,TSS,Inflow,76
58,-1242007014_CO,TSS,Inflow,77
232,-1242007014_CO,TSS,Inflow,77
8,-1242007014_CO,TSS,Inflow,77
18,-1242007014_CO,TSS,Inflow,77
39,-1242007014_CO,TSS,Inflow,77
176,-1242007014_CO,TSS,Inflow,78
58,-1242007014_CO,TSS,Inflow,78
8,-1242007014_CO,TSS,Inflow,78
7,-1242007014_CO,TSS,Inflow,78
103,-1242007014_CO,TSS,Inflow,78
42,-1242007014_CO,TSS,Inflow,79
39,-1242007014_CO,TSS,Inflow,79
18,-1242007014_CO,TSS,Inflow,79
176,-1242007014_CO,TSS,Inflow,79
180,-1242007014_CO,TSS,Inflow,79
40,-1242007014_CO,TSS,Inflow,80
180,-1242007014_CO,TSS,Inflow,80
18,-1242007014_CO,TSS,Inflow,80
103,-1242007014_CO,TSS,Inflow,80
176,-1242007014_CO,TSS,Inflow,80
18,-1242007014_CO,TSS,Inflow,81
42,-1242007014_CO,TSS,Inflow,81
89,-1242007014_CO,TSS,Inflow,81
52,-1242007014_CO,TSS,Inflow,81
176,-1242007014_CO,TSS,Inflow,81
8,-1242007014_CO,TSS,Inflow,82
89,-1242007014_CO,TSS,Inflow,82
52,-1242007014_CO,TSS,Inflow,82
18,-1242007014_CO,TSS,Inflow,82
42,-1242007014_CO,TSS,Inflow,82
103,-1242007014_CO,TSS,Inflow,83
89,-1242007014_CO,TSS,Inflow,83
58,-1242007014_CO,TSS,Inflow,83
7,-1242007014_CO,TSS,Inflow,83
18,-1242007014_CO,TSS,Inflow,83
42,-1242007014_CO,TSS,Inflow,84
58,-1242007014_CO,TSS,Inflow,84
18,-1242007014_CO,TSS,Inflow,84
89,-1242007014_CO,TSS,Inflow,84
39,-1242007014_CO,TSS,Inflow,84
232,-1242007014_CO,TSS,Inflow,85
18,-1242007014_CO,TSS,Inflow,85
39,-1242007014_CO,TSS,Inflow,85
89,-1242007014_CO,TSS,Inflow,85
7,-1242007014_CO,TSS,Inflow,85
8,-1242007014_CO,TSS,Inflow,86
52,-1242007014_CO,TSS,Inflow,86
176,-1242007014_CO,TSS,Inflow,86
103,-1242007014_CO,TSS,Inflow,86
89,-1242007014_CO,TSS,Inflow,86
39,-1242007014_CO,TSS,Inflow,87
42,-1242007014_CO,TSS,Inflow,87
40,-1242007014_CO,TSS,Inflow,87
52,-1242007014_CO,TSS,Inflow,87
8,-1242007014_CO,TSS,Inflow,87
180,-1242007014_CO,TSS,Inflow,88
176,-1242007014_CO,TSS,Inflow,88
18,-1242007014_CO,TSS,Inflow,88
8,-1242007014_CO,TSS,Inflow,88
7,-1242007014_CO,TSS,Inflow,88
176,-1242007014_CO,TSS,Inflow,89
18,-1242007014_CO,TSS,Inflow,89
232,-1242007014_CO,TSS,Inflow,89
39,-1242007014_CO,TSS,Inflow,89
40,-1242007014_CO,TSS,Inflow,89
40,-1242007014_CO,TSS,Inflow,90
89,-1242007014_CO,TSS,Inflow,90
42,-1242007014_CO,TSS,Inflow,90
52,-1242007014_CO,TSS,Inflow,90
103,-1242007014_CO,TSS,Inflow,90
52,-1242007014_CO,TSS,Inflow,91
232,-1242007014_CO,TSS,Inflow,91
40,-1242007014_CO,TSS,Inflow,91
18,-1242007014_CO,TSS,Inflow,91
176,-1242007014_CO,TSS,Inflow,91
52,-1242007014_CO,TSS,Inflow,92
42,-1242007014_CO,TSS,Inflow,92
89,-1242007014_CO,TSS,Inflow,92
18,-1242007014_CO,TSS,Inflow,92
39,-1242007014_CO,TSS,Inflow,92
7,-1242007014_CO,TSS,Inflow,93
176,-1242007014_CO,TSS,Inflow,93
180,-1242007014_CO,TSS,Inflow,93
52,-1242007014_CO,TSS,Inflow,93
103,-1242007014_CO,TSS,Inflow,93
40,-1242007014_CO,TSS,Inflow,94
42,-1242007014_CO,TSS,Inflow,94
89,-1242007014_CO,TSS,Inflow,94
8,-1242007014_CO,TSS,Inflow,94
18,-1242007014_CO,TSS,Inflow,94
52,-1242007014_CO,TSS,Inflow,95
42,-1242007014_CO,TSS,Inflow,95
39,-1242007014_CO,TSS,Inflow,95
7,-1242007014_CO,TSS,Inflow,95
8,-1242007014_CO,TSS,Inflow,95
18,-1242007014_CO,TSS,Inflow,96
180,-1242007014_CO,TSS,Inflow,96
18,-1242007014_CO,TSS,Inflow,96
7,-1242007014_CO,TSS,Inflow,96
8,-1242007014_CO,TSS,Inflow,96
39,-1242007014_CO,TSS,Inflow,97
89,-1242007014_CO,TSS,Inflow,97
52,-1242007014_CO,TSS,Inflow,97
180,-1242007014_CO,TSS,Inflow,97
40,-1242007014_CO,TSS,Inflow,97
8,-1242007014_CO,TSS,Inflow,98
39,-1242007014_CO,TSS,Inflow,98
89,-1242007014_CO,TSS,Inflow,98
58,-1242007014_CO,TSS,Inflow,98
52,-1242007014_CO,TSS,Inflow,98
180,-1242007014_CO,TSS,Inflow,99
58,-1242007014_CO,TSS,Inflow,99
39,-1242007014_CO,TSS,Inflow,99
42,-1242007014_CO,TSS,Inflow,99
40,-1242007014_CO,TSS,Inflow,99
52,-1242007014_CO,TSS,Inflow,100
8,-1242007014_CO,TSS,Inflow,100
40,-1242007014_CO,TSS,Inflow,100
18,-1242007014_CO,TSS,Inflow,100
42,-1242007014_CO,TSS,Inflow,100
232,-1242007014_CO,TSS,Inflow,101
18,-1242007014_CO,TSS,Inflow,101
52,-1242007014_CO,TSS,Inflow,101
180,-1242007014_CO,TSS,Inflow,101
39,-1242007014_CO,TSS,Inflow,101
8,-1242007014_CO,TSS,Inflow,102
7,-1242007014_CO,TSS,Inflow,102
40,-1242007014_CO,TSS,Inflow,102
103,-1242007014_CO,TSS,Inflow,102
52,-1242007014_CO,TSS,Inflow,102
232,-1242007014_CO,TSS,Inflow,103
103,-1242007014_CO,TSS,Inflow,103
40,-1242007014_CO,TSS,Inflow,103
18,-1242007014_CO,TSS,Inflow,103
7,-1242007014_CO,TSS,Inflow,103
18,-1242007014_CO,TSS,Inflow,104
103,-1242007014_CO,TSS,Inflow,104
52,-1242007014_CO,TSS,Inflow,104
176,-1242007014_CO,TSS,Inflow,104
7,-1242007014_CO,TSS,Inflow,104
40,-1242007014_CO,TSS,Inflow,105
39,-1242007014_CO,TSS,Inflow,105
103,-1242007014_CO,TSS,Inflow,105
58,-1242007014_CO,TSS,Inflow,105
180,-1242007014_CO,TSS,Inflow,105
180,-1242007014_CO,TSS,Inflow,106
89,-1242007014_CO,TSS,Inflow,106
232,-1242007014_CO,TSS,Inflow,106
52,-1242007014_CO,TSS,Inflow,106
8,-1242007014_CO,TSS,Inflow,106
52,-1242007014_CO,TSS,Inflow,107
176,-1242007014_CO,TSS,Inflow,107
180,-1242007014_CO,TSS,Inflow,107
52,-1242007014_CO,TSS,Inflow,107
103,-1242007014_CO,TSS,Inflow,107
103,-1242007014_CO,TSS,Inflow,108
39,-1242007014_CO,TSS,Inflow,108
7,-1242007014_CO,TSS,Inflow,108
18,-1242007014_CO,TSS,Inflow,108
176,-1242007014_CO,TSS,Inflow,108
103,-1242007014_CO,TSS,Inflow,109
18,-1242007014_CO,TSS,Inflow,109
176,-1242007014_CO,TSS,Inflow,109
58,-1242007014_CO,TSS,Inflow,109
52,-1242007014_CO,TSS,Inflow,109
39,-1242007014_CO,TSS,Inflow,110
7,-1242007014_CO,TSS,Inflow,110
232,-1242007014_CO,TSS,Inflow,110
18,-1242007014_CO,TSS,Inflow,110
103,-1242007014_CO,TSS,Inflow,110
8,-1242007014_CO,TSS,Inflow,111
52,-1242007014_CO,TSS,Inflow,111
180,-1242007014_CO,TSS,Inflow,111
58,-1242007014_CO,TSS,Inflow,111
18,-1242007014_CO,TSS,Inflow,111
232,-1242007014_CO,TSS,Inflow,112
40,-1242007014_CO,TSS,Inflow,112
42,-1242007014_CO,TSS,Inflow,112
7,-1242007014_CO,TSS,Inflow,112
180,-1242007014_CO,TSS,Inflow,112
89,-1242007014_CO,TSS,Inflow,113
52,-1242007014_CO,TSS,Inflow,113
8,-1242007014_CO,TSS,Inflow,113
52,-1242007014_CO,TSS,Inflow,113
18,-1242007014_CO,TSS,Inflow,113
232,-1242007014_CO,TSS,Inflow,114
42,-1242007014_CO,TSS,Inflow,114
40,-1242007014_CO,TSS,Inflow,114
18,-1242007014_CO,TSS,Inflow,114
8,-1242007014_CO,TSS,Inflow,114
52,-1242007014_CO,TSS,Inflow,115
58,-1242007014_CO,TSS,Inflow,115
103,-1242007014_CO,TSS,Inflow,115
8,-1242007014_CO,TSS,Inflow,115
7,-1242007014_CO,TSS,Inflow,115
39,-1242007014_CO,TSS,Inflow,116
89,-1242007014_CO,TSS,Inflow,116
18,-1242007014_CO,TSS,Inflow,116
180,-1242007014_CO,TSS,Inflow,116
40,-1242007014_CO,TSS,Inflow,116
39,-1242007014_CO,TSS,Inflow,117
18,-1242007014_CO,TSS,Inflow,117
40,-1242007014_CO,TSS,Inflow,117
103,-1242007014_CO,TSS,Inflow,117
42,-1242007014_CO,TSS,Inflow,117
39,-1242007014_CO,TSS,Inflow,118
58,-1242007014_CO,TSS,Inflow,118
232,-1242007014_CO,TSS,Inflow,118
42,-1242007014_CO,TSS,Inflow,118
7,-1242007014_CO,TSS,Inflow,118
180,-1242007014_CO,TSS,Inflow,119
42,-1242007014_CO,TSS,Inflow,119
176,-1242007014_CO,TSS,Inflow,119
52,-1242007014_CO,TSS,Inflow,119
103,-1242007014_CO,TSS,Inflow,119
232,-1242007014_CO,TSS,Inflow,120
8,-1242007014_CO,TSS,Inflow,120
18,-1242007014_CO,TSS,Inflow,120
40,-1242007014_CO,TSS,Inflow,120
176,-1242007014_CO,TSS,Inflow,120
18,-1242007014_CO,TSS,Inflow,121
52,-1242007014_CO,TSS,Inflow,121
89,-1242007014_CO,TSS,Inflow,121
103,-1242007014_CO,TSS,Inflow,121
180,-1242007014_CO,TSS,Inflow,121
58,-1242007014_CO,TSS,Inflow,122
39,-1242007014_CO,TSS,Inflow,122
42,-1242007014_CO,TSS,Inflow,122
18,-1242007014_CO,TSS,Inflow,122
180,-1242007014_CO,TSS,Inflow,122
18,-1242007014_CO,TSS,Inflow,123
42,-1242007014_CO,TSS,Inflow,123
8,-1242007014_CO,TSS,Inflow,123
103,-1242007014_CO,TSS,Inflow,123
176,-1242007014_CO,TSS,Inflow,123
18,-1242007014_CO,TSS,Inflow,124
176,-1242007014_CO,TSS,Inflow,124
52,-1242007014_CO,TSS,Inflow,124
8,-1242007014_CO,TSS,Inflow,124
103,-1242007014_CO,TSS,Inflow,124
232,-1242007014_CO,TSS,Inflow,125
42,-1242007014_CO,TSS,Inflow,125
89,-1242007014_CO,TSS,Inflow,125
7,-1242007014_CO,TSS,Inflow,125
52,-1242007014_CO,TSS,Inflow,125
232,-1242007014_CO,TSS,Inflow,126
18,-1242007014_CO,TSS,Inflow,126
39,-1242007014_CO,TSS,Inflow,126
176,-1242007014_CO,TSS,Inflow,126
52,-1242007014_CO,TSS,Inflow,126
180,-1242007014_CO,TSS,Inflow,127
58,-1242007014_CO,TSS,Inflow,127
40,-1242007014_CO,TSS,Inflow,127
18,-1242007014_CO,TSS,Inflow,127
52,-1242007014_CO,TSS,Inflow,127
40,-1242007014_CO,TSS,Inflow,128
103,-1242007014_CO,TSS,Inflow,128
52,-1242007014_CO,TSS,Inflow,128
18,-1242007014_CO,TSS,Inflow,128
18,-1242007014_CO,TSS,Inflow,128
89,-1242007014_CO,TSS,Inflow,129
42,-1242007014_CO,TSS,Inflow,129
7,-1242007014_CO,TSS,Inflow,129
176,-1242007014_CO,TSS,Inflow,129
18,-1242007014_CO,TSS,Inflow,129
8,-1242007014_CO,TSS,Inflow,130
18,-1242007014_CO,TSS,Inflow,130
18,-1242007014_CO,TSS,Inflow,130
52,-1242007014_CO,TSS,Inflow,130
52,-1242007014_CO,TSS,Inflow,130
18,-1242007014_CO,TSS,Inflow,131
39,-1242007014_CO,TSS,Inflow,131
52,-1242007014_CO,TSS,Inflow,131
176,-1242007014_CO,TSS,Inflow,131
18,-1242007014_CO,TSS,Inflow,131
180,-1242007014_CO,TSS,Inflow,132
42,-1242007014_CO,TSS,Inflow,132
39,-1242007014_CO,TSS,Inflow,132
8,-1242007014_CO,TSS,Inflow,132
40,-1242007014_CO,TSS,Inflow,132
180,-1242007014_CO,TSS,Inflow,133
103,-1242007014_CO,TSS,Inflow,133
7,-1242007014_CO,TSS,Inflow,133
8,-1242007014_CO,TSS,Inflow,133
40,-1242007014_CO,TSS,Inflow,133
58,-1242007014_CO,TSS,Inflow,134
18,-1242007014_CO,TSS,Inflow,134
89,-1242007014_CO,TSS,Inflow,134
18,-1242007014_CO,TSS,Inflow,134
176,-1242007014_CO,TSS,Inflow,134
8,-1242007014_CO,TSS,Inflow,135
180,-1242007014_CO,TSS,Inflow,135
7,-1242007014_CO,TSS,Inflow,135
18,-1242007014_CO,TSS,Inflow,135
89,-1242007014_CO,TSS,Inflow,135
89,-1242007014_CO,TSS,Inflow,136
232,-1242007014_CO,TSS,Inflow,136
180,-1242007014_CO,TSS,Inflow,136
52,-1242007014_CO,TSS,Inflow,136
58,-1242007014_CO,TSS,Inflow,136
180,-1242007014_CO,TSS,Inflow,137
18,-1242007014_CO,TSS,Inflow,137
58,-1242007014_CO,TSS,Inflow,137
42,-1242007014_CO,TSS,Inflow,137
232,-1242007014_CO,TSS,Inflow,137
40,-1242007014_CO,TSS,Inflow,138
103,-1242007014_CO,TSS,Inflow,138
42,-1242007014_CO,TSS,Inflow,138
39,-1242007014_CO,TSS,Inflow,138
52,-1242007014_CO,TSS,Inflow,138
89,-1242007014_CO,TSS,Inflow,139
52,-1242007014_CO,TSS,Inflow,139
40,-1242007014_CO,TSS,Inflow,139
18,-1242007014_CO,TSS,Inflow,139
42,-1242007014_CO,TSS,Inflow,139
18,-1242007014_CO,TSS,Inflow,140
89,-1242007014_CO,TSS,Inflow,140
8,-1242007014_CO,TSS,Inflow,140
39,-1242007014_CO,TSS,Inflow,140
58,-1242007014_CO,TSS,Inflow,140
39,-1242007014_CO,TSS,Inflow,141
52,-1242007014_CO,TSS,Inflow,141
18,-1242007014_CO,TSS,Inflow,141
8,-1242007014_CO,TSS,Inflow,141
42,-1242007014_CO,TSS,Inflow,141
180,-1242007014_CO,TSS,Inflow,142
18,-1242007014_CO,TSS,Inflow,142
40,-1242007014_CO,TSS,Inflow,142
103,-1242007014_CO,TSS,Inflow,142
52,-1242007014_CO,TSS,Inflow,142
180,-1242007014_CO,TSS,Inflow,143
103,-1242007014_CO,TSS,Inflow,143
42,-1242007014_CO,TSS,Inflow,143
8,-1242007014_CO,TSS,Inflow,143
89,-1242007014_CO,TSS,Inflow,143
18,-1242007014_CO,TSS,Inflow,144
180,-1242007014_CO,TSS,Inflow,144
7,-1242007014_CO,TSS,Inflow,144
18,-1242007014_CO,TSS,Inflow,144
42,-1242007014_CO,TSS,Inflow,144
7,-1242007014_CO,TSS,Inflow,145
176,-1242007014_CO,TSS,Inflow,145
232,-1242007014_CO,TSS,Inflow,145
103,-1242007014_CO,TSS,Inflow,145
89,-1242007014_CO,TSS,Inflow,145
180,-1242007014_CO,TSS,Inflow,146
7,-1242007014_CO,TSS,Inflow,146
103,-1242007014_CO,TSS,Inflow,146
232,-1242007014_CO,TSS,Inflow,146
8,-1242007014_CO,TSS,Inflow,146
176,-1242007014_CO,TSS,Inflow,147
52,-1242007014_CO,TSS,Inflow,147
18,-1242007014_CO,TSS,Inflow,147
52,-1242007014_CO,TSS,Inflow,147
180,-1242007014_CO,TSS,Inflow,147
7,-1242007014_CO,TSS,Inflow,148
89,-1242007014_CO,TSS,Inflow,148
58,-1242007014_CO,TSS,Inflow,148
103,-1242007014_CO,TSS,Inflow,148
176,-1242007014_CO,TSS,Inflow,148
89,-1242007014_CO,TSS,Inflow,149
52,-1242007014_CO,TSS,Inflow,149
18,-1242007014_CO,TSS,Inflow,149
42,-1242007014_CO,TSS,Inflow,149
40,-1242007014_CO,TSS,Inflow,149
40,-1242007014_CO,TSS,Inflow,150
42,-1242007014_CO,TSS,Inflow,150
58,-1242007014_CO,TSS,Inflow,150
176,-1242007014_CO,TSS,Inflow,150
52,-1242007014_CO,TSS,Inflow,150
89,-1242007014_CO,TSS,Inflow,151
18,-1242007014_CO,TSS,Inflow,151
39,-1242007014_CO,TSS,Inflow,151
52,-1242007014_CO,TSS,Inflow,151
58,-1242007014_CO,TSS,Inflow,151
180,-1242007014_CO,TSS,Inflow,152
42,-1242007014_CO,TSS,Inflow,152
7,-1242007014_CO,TSS,Inflow,152
8,-1242007014_CO,TSS,Inflow,152
176,-1242007014_CO,TSS,Inflow,152
176,-1242007014_CO,TSS,Inflow,153
8,-1242007014_CO,TSS,Inflow,153
58,-1242007014_CO,TSS,Inflow,153
103,-1242007014_CO,TSS,Inflow,153
89,-1242007014_CO,TSS,Inflow,153
180,-1242007014_CO,TSS,Inflow,154
39,-1242007014_CO,TSS,Inflow,154
52,-1242007014_CO,TSS,Inflow,154
176,-1242007014_CO,TSS,Inflow,154
89,-1242007014_CO,TSS,Inflow,154
52,-1242007014_CO,TSS,Inflow,155
232,-1242007014_CO,TSS,Inflow,155
18,-1242007014_CO,TSS,Inflow,155
8,-1242007014_CO,TSS,Inflow,155
39,-1242007014_CO,TSS,Inflow,155
52,-1242007014_CO,TSS,Inflow,156
180,-1242007014_CO,TSS,Inflow,156
89,-1242007014_CO,TSS,Inflow,156
52,-1242007014_CO,TSS,Inflow,156
42,-1242007014_CO,TSS,Inflow,156
18,-1242007014_CO,TSS,Inflow,157
176,-1242007014_CO,TSS,Inflow,157
58,-1242007014_CO,TSS,Inflow,157
8,-1242007014_CO,TSS,Inflow,157
52,-1242007014_CO,TSS,Inflow,157
89,-1242007014_CO,TSS,Inflow,158
7,-1242007014_CO,TSS,Inflow,158
52,-1242007014_CO,TSS,Inflow,158
58,-1242007014_CO,TSS,Inflow,158
232,-1242007014_CO,TSS,Inflow,158
180,-1242007014_CO,TSS,Inflow,159
8,-1242007014_CO,TSS,Inflow,159
58,-1242007014_CO,TSS,Inflow,159
232,-1242007014_CO,TSS,Inflow,159
103,-1242007014_CO,TSS,Inflow,159
180,-1242007014_CO,TSS,Inflow,160
7,-1242007014_CO,TSS,Inflow,160
8,-1242007014_CO,TSS,Inflow,160
52,-1242007014_CO,TSS,Inflow,160
40,-1242007014_CO,TSS,Inflow,160
18,-1242007014_CO,TSS,Inflow,161
39,-1242007014_CO,TSS,Inflow,161
7,-1242007014_CO,TSS,Inflow,161
18,-1242007014_CO,TSS,Inflow,161
103,-1242007014_CO,TSS,Inflow,161
232,-1242007014_CO,TSS,Inflow,162
180,-1242007014_CO,TSS,Inflow,162
103,-1242007014_CO,TSS,Inflow,162
176,-1242007014_CO,TSS,Inflow,162
18,-1242007014_CO,TSS,Inflow,162
180,-1242007014_CO,TSS,Inflow,163
89,-1242007014_CO,TSS,Inflow,163
18,-1242007014_CO,TSS,Inflow,163
52,-1242007014_CO,TSS,Inflow,163
52,-1242007014_CO,TSS,Inflow,163
7,-1242007014_CO,TSS,Inflow,164
89,-1242007014_CO,TSS,Inflow,164
18,-1242007014_CO,TSS,Inflow,164
180,-1242007014_CO,TSS,Inflow,164
39,-1242007014_CO,TSS,Inflow,164
52,-1242007014_CO,TSS,Inflow,165
180,-1242007014_CO,TSS,Inflow,165
7,-1242007014_CO,TSS,Inflow,165
18,-1242007014_CO,TSS,Inflow,165
103,-1242007014_CO,TSS,Inflow,165
89,-1242007014_CO,TSS,Inflow,166
52,-1242007014_CO,TSS,Inflow,166
103,-1242007014_CO,TSS,Inflow,166
42,-1242007014_CO,TSS,Inflow,166
18,-1242007014_CO,TSS,Inflow,166
52,-1242007014_CO,TSS,Inflow,167
180,-1242007014_CO,TSS,Inflow,167
52,-1242007014_CO,TSS,Inflow,167
18,-1242007014_CO,TSS,Inflow,167
176,-1242007014_CO,TSS,Inflow,167
8,-1242007014_CO,TSS,Inflow,168
18,-1242007014_CO,TSS,Inflow,168
39,-1242007014_CO,TSS,Inflow,168
58,-1242007014_CO,TSS,Inflow,168
176,-1242007014_CO,TSS,Inflow,168
58,-1242007014_CO,TSS,Inflow,169
8,-1242007014_CO,TSS,Inflow,169
42,-1242007014_CO,TSS,Inflow,169
176,-1242007014_CO,TSS,Inflow,169
52,-1242007014_CO,TSS,Inflow,169
52,-1242007014_CO,TSS,Inflow,170
180,-1242007014_CO,TSS,Inflow,170
18,-1242007014_CO,TSS,Inflow,170
7,-1242007014_CO,TSS,Inflow,170
8,-1242007014_CO,TSS,Inflow,170
58,-1242007014_CO,TSS,Inflow,171
232,-1242007014_CO,TSS,Inflow,171
39,-1242007014_CO,TSS,Inflow,171
103,-1242007014_CO,TSS,Inflow,171
52,-1242007014_CO,TSS,Inflow,171
8,-1242007014_CO,TSS,Inflow,172
52,-1242007014_CO,TSS,Inflow,172
39,-1242007014_CO,TSS,Inflow,172
18,-1242007014_CO,TSS,Inflow,172
180,-1242007014_CO,TSS,Inflow,172
8,-1242007014_CO,TSS,Inflow,173
39,-1242007014_CO,TSS,Inflow,173
232,-1242007014_CO,TSS,Inflow,173
18,-1242007014_CO,TSS,Inflow,173
103,-1242007014_CO,TSS,Inflow,173
52,-1242007014_CO,TSS,Inflow,174
180,-1242007014_CO,TSS,Inflow,174
42,-1242007014_CO,TSS,Inflow,174
18,-1242007014_CO,TSS,Inflow,174
40,-1242007014_CO,TSS,Inflow,174
180,-1242007014_CO,TSS,Inflow,175
89,-1242007014_CO,TSS,Inflow,175
58,-1242007014_CO,TSS,Inflow,175
39,-1242007014_CO,TSS,Inflow,175
8,-1242007014_CO,TSS,Inflow,175
7,-1242007014_CO,TSS,Inflow,176
39,-1242007014_CO,TSS,Inflow,176
18,-1242007014_CO,TSS,Inflow,176
180,-1242007014_CO,TSS,Inflow,176
8,-1242007014_CO,TSS,Inflow,176
52,-1242007014_CO,TSS,Inflow,177
58,-1242007014_CO,TSS,Inflow,177
18,-1242007014_CO,TSS,Inflow,177
103,-1242007014_CO,TSS,Inflow,177
176,-1242007014_CO,TSS,Inflow,177
7,-1242007014_CO,TSS,Inflow,178
18,-1242007014_CO,TSS,Inflow,178
176,-1242007014_CO,TSS,Inflow,178
89,-1242007014_CO,TSS,Inflow,178
39,-1242007014_CO,TSS,Inflow,178
42,-1242007014_CO,TSS,Inflow,179
39,-1242007014_CO,TSS,Inflow,179
103,-1242007014_CO,TSS,Inflow,179
52,-1242007014_CO,TSS,Inflow,179
180,-1242007014_CO,TSS,Inflow,179
89,-1242007014_CO,TSS,Inflow,180
232,-1242007014_CO,TSS,Inflow,180
40,-1242007014_CO,TSS,Inflow,180
39,-1242007014_CO,TSS,Inflow,180
52,-1242007014_CO,TSS,Inflow,180
18,-1242007014_CO,TSS,Inflow,181
176,-1242007014_CO,TSS,Inflow,181
39,-1242007014_CO,TSS,Inflow,181
58,-1242007014_CO,TSS,Inflow,181
89,-1242007014_CO,TSS,Inflow,181
89,-1242007014_CO,TSS,Inflow,182
103,-1242007014_CO,TSS,Inflow,182
7,-1242007014_CO,TSS,Inflow,182
176,-1242007014_CO,TSS,Inflow,182
39,-1242007014_CO,TSS,Inflow,182
58,-1242007014_CO,TSS,Inflow,183
180,-1242007014_CO,TSS,Inflow,183
176,-1242007014_CO,TSS,Inflow,183
8,-1242007014_CO,TSS,Inflow,183
232,-1242007014_CO,TSS,Inflow,183
52,-1242007014_CO,TSS,Inflow,184
18,-1242007014_CO,TSS,Inflow,184
52,-1242007014_CO,TSS,Inflow,184
39,-1242007014_CO,TSS,Inflow,184
180,-1242007014_CO,TSS,Inflow,184
176,-1242007014_CO,TSS,Inflow,185
18,-1242007014_CO,TSS,Inflow,185
103,-1242007014_CO,TSS,Inflow,185
89,-1242007014_CO,TSS,Inflow,185
8,-1242007014_CO,TSS,Inflow,185
39,-1242007014_CO,TSS,Inflow,186
40,-1242007014_CO,TSS,Inflow,186
52,-1242007014_CO,TSS,Inflow,186
18,-1242007014_CO,TSS,Inflow,186
180,-1242007014_CO,TSS,Inflow,186
89,-1242007014_CO,TSS,Inflow,187
58,-1242007014_CO,TSS,Inflow,187
52,-1242007014_CO,TSS,Inflow,187
7,-1242007014_CO,TSS,Inflow,187
18,-1242007014_CO,TSS,Inflow,187
232,-1242007014_CO,TSS,Inflow,188
52,-1242007014_CO,TSS,Inflow,188
39,-1242007014_CO,TSS,Inflow,188
176,-1242007014_CO,TSS,Inflow,188
52,-1242007014_CO,TSS,Inflow,188
18,-1242007014_CO,TSS,Inflow,189
58,-1242007014_CO,TSS,Inflow,189
7,-1242007014_CO,TSS,Inflow,189
180,-1242007014_CO,TSS,Inflow,189
52,-1242007014_CO,TSS,Inflow,189
18,-1242007014_CO,TSS,Inflow,190
103,-1242007014_CO,TSS,Inflow,190
7,-1242007014_CO,TSS,Inflow,190
180,-1242007014_CO,TSS,Inflow,190
42,-1242007014_CO,TSS,Inflow,190
18,-1242007014_CO,TSS,Inflow,191
180,-1242007014_CO,TSS,Inflow,191
176,-1242007014_CO,TSS,Inflow,191
52,-1242007014_CO,TSS,Inflow,191
103,-1242007014_CO,TSS,Inflow,191
42,-1242007014_CO,TSS,Inflow,192
58,-1242007014_CO,TSS,Inflow,192
7,-1242007014_CO,TSS,Inflow,192
232,-1242007014_CO,TSS,Inflow,192
40,-1242007014_CO,TSS,Inflow,192
89,-1242007014_CO,TSS,Inflow,193
52,-1242007014_CO,TSS,Inflow,193
8,-1242007014_CO,TSS,Inflow,193
232,-1242007014_CO,TSS,Inflow,193
180,-1242007014_CO,TSS,Inflow,193
8,-1242007014_CO,TSS,Inflow,194
18,-1242007014_CO,TSS,Inflow,194
176,-1242007014_CO,TSS,Inflow,194
7,-1242007014_CO,TSS,Inflow,194
180,-1242007014_CO,TSS,Inflow,194
180,-1242007014_CO,TSS,Inflow,195
58,-1242007014_CO,TSS,Inflow,195
18,-1242007014_CO,TSS,Inflow,195
232,-1242007014_CO,TSS,Inflow,195
7,-1242007014_CO,TSS,Inflow,195
58,-1242007014_CO,TSS,Inflow,196
89,-1242007014_CO,TSS,Inflow,196
176,-1242007014_CO,TSS,Inflow,196
18,-1242007014_CO,TSS,Inflow,196
180,-1242007014_CO,TSS,Inflow,196
52,-1242007014_CO,TSS,Inflow,197
18,-1242007014_CO,TSS,Inflow,197
39,-1242007014_CO,TSS,Inflow,197
52,-1242007014_CO,TSS,Inflow,197
232,-1242007014_CO,TSS,Inflow,197
52,-1242007014_CO,TSS,Inflow,198
52,-1242007014_CO,TSS,Inflow,198
58,-1242007014_CO,TSS,Inflow,198
176,-1242007014_CO,TSS,Inflow,198
89,-1242007014_CO,TSS,Inflow,198
8,-1242007014_CO,TSS,Inflow,199
89,-1242007014_CO,TSS,Inflow,199
52,-1242007014_CO,TSS,Inflow,199
176,-1242007014_CO,TSS,Inflow,199
40,-1242007014_CO,TSS,Inflow,199
176,-1242007014_CO,TSS,Inflow,200
103,-1242007014_CO,TSS,Inflow,200
8,-1242007014_CO,TSS,Inflow,200
180,-1242007014_CO,TSS,Inflow,200
7,-1242007014_CO,TSS,Inflow,200
42,-1242007014_CO,TSS,Inflow,201
52,-1242007014_CO,TSS,Inflow,201
176,-1242007014_CO,TSS,Inflow,201
40,-1242007014_CO,TSS,Inflow,201
52,-1242007014_CO,TSS,Inflow,201
52,-1242007014_CO,TSS,Inflow,202
18,-1242007014_CO,TSS,Inflow,202
58,-1242007014_CO,TSS,Inflow,202
52,-1242007014_CO,TSS,Inflow,202
180,-1242007014_CO,TSS,Inflow,202
39,-1242007014_CO,TSS,Inflow,203
7,-1242007014_CO,TSS,Inflow,203
52,-1242007014_CO,TSS,Inflow,203
232,-1242007014_CO,TSS,Inflow,203
18,-1242007014_CO,TSS,Inflow,203
39,-1242007014_CO,TSS,Inflow,204
232,-1242007014_CO,TSS,Inflow,204
52,-1242007014_CO,TSS,Inflow,204
7,-1242007014_CO,TSS,Inflow,204
58,-1242007014_CO,TSS,Inflow,204
232,-1242007014_CO,TSS,Inflow,205
180,-1242007014_CO,TSS,Inflow,205
18,-1242007014_CO,TSS,Inflow,205
42,-1242007014_CO,TSS,Inflow,205
39,-1242007014_CO,TSS,Inflow,205
42,-1242007014_CO,TSS,Inflow,206
8,-1242007014_CO,TSS,Inflow,206
103,-1242007014_CO,TSS,Inflow,206
176,-1242007014_CO,TSS,Inflow,206
232,-1242007014_CO,TSS,Inflow,206
39,-1242007014_CO,TSS,Inflow,207
180,-1242007014_CO,TSS,Inflow,207
7,-1242007014_CO,TSS,Inflow,207
89,-1242007014_CO,TSS,Inflow,207
42,-1242007014_CO,TSS,Inflow,207
58,-1242007014_CO,TSS,Inflow,208
7,-1242007014_CO,TSS,Inflow,208
8,-1242007014_CO,TSS,Inflow,208
40,-1242007014_CO,TSS,Inflow,208
39,-1242007014_CO,TSS,Inflow,208
103,-1242007014_CO,TSS,Inflow,209
89,-1242007014_CO,TSS,Inflow,209
8,-1242007014_CO,TSS,Inflow,209
58,-1242007014_CO,TSS,Inflow,209
39,-1242007014_CO,TSS,Inflow,209
232,-1242007014_CO,TSS,Inflow,210
42,-1242007014_CO,TSS,Inflow,210
7,-1242007014_CO,TSS,Inflow,210
52,-1242007014_CO,TSS,Inflow,210
18,-1242007014_CO,TSS,Inflow,210
89,-1242007014_CO,TSS,Inflow,211
103,-1242007014_CO,TSS,Inflow,211
52,-1242007014_CO,TSS,Inflow,211
176,-1242007014_CO,TSS,Inflow,211
8,-1242007014_CO,TSS,Inflow,211
52,-1242007014_CO,TSS,Inflow,212
103,-1242007014_CO,TSS,Inflow,212
8,-1242007014_CO,TSS,Inflow,212
180,-1242007014_CO,TSS,Inflow,212
89,-1242007014_CO,TSS,Inflow,212
176,-1242007014_CO,TSS,Inflow,213
40,-1242007014_CO,TSS,Inflow,213
18,-1242007014_CO,TSS,Inflow,213
18,-1242007014_CO,TSS,Inflow,213
42,-1242007014_CO,TSS,Inflow,213
52,-1242007014_CO,TSS,Inflow,214
42,-1242007014_CO,TSS,Inflow,214
180,-1242007014_CO,TSS,Inflow,214
18,-1242007014_CO,TSS,Inflow,214
39,-1242007014_CO,TSS,Inflow,214
7,-1242007014_CO,TSS,Inflow,215
42,-1242007014_CO,TSS,Inflow,215
180,-1242007014_CO,TSS,Inflow,215
103,-1242007014_CO,TSS,Inflow,215
52,-1242007014_CO,TSS,Inflow,215
18,-1242007014_CO,TSS,Inflow,216
8,-1242007014_CO,TSS,Inflow,216
232,-1242007014_CO,TSS,Inflow,216
18,-1242007014_CO,TSS,Inflow,216
7,-1242007014_CO,TSS,Inflow,216
39,-1242007014_CO,TSS,Inflow,217
89,-1242007014_CO,TSS,Inflow,217
42,-1242007014_CO,TSS,Inflow,217
52,-1242007014_CO,TSS,Inflow,217
7,-1242007014_CO,TSS,Inflow,217
7,-1242007014_CO,TSS,Inflow,218
40,-1242007014_CO,TSS,Inflow,218
42,-1242007014_CO,TSS,Inflow,218
180,-1242007014_CO,TSS,Inflow,218
8,-1242007014_CO,TSS,Inflow,218
42,-1242007014_CO,TSS,Inflow,219
180,-1242007014_CO,TSS,Inflow,219
52,-1242007014_CO,TSS,Inflow,219
176,-1242007014_CO,TSS,Inflow,219
7,-1242007014_CO,TSS,Inflow,219
58,-1242007014_CO,TSS,Inflow,220
39,-1242007014_CO,TSS,Inflow,220
180,-1242007014_CO,TSS,Inflow,220
103,-1242007014_CO,TSS,Inflow,220
52,-1242007014_CO,TSS,Inflow,220
89,-1242007014_CO,TSS,Inflow,221
18,-1242007014_CO,TSS,Inflow,221
18,-1242007014_CO,TSS,Inflow,221
176,-1242007014_CO,TSS,Inflow,221
232,-1242007014_CO,TSS,Inflow,221
40,-1242007014_CO,TSS,Inflow,222
52,-1242007014_CO,TSS,Inflow,222
232,-1242007014_CO,TSS,Inflow,222
103,-1242007014_CO,TSS,Inflow,222
8,-1242007014_CO,TSS,Inflow,222
18,-1242007014_CO,TSS,Inflow,223
176,-1242007014_CO,TSS,Inflow,223
18,-1242007014_CO,TSS,Inflow,223
232,-1242007014_CO,TSS,Inflow,223
103,-1242007014_CO,TSS,Inflow,223
7,-1242007014_CO,TSS,Inflow,224
8,-1242007014_CO,TSS,Inflow,224
40,-1242007014_CO,TSS,Inflow,224
52,-1242007014_CO,TSS,Inflow,224
52,-1242007014_CO,TSS,Inflow,224
52,-1242007014_CO,TSS,Inflow,225
18,-1242007014_CO,TSS,Inflow,225
103,-1242007014_CO,TSS,Inflow,225
58,-1242007014_CO,TSS,Inflow,225
42,-1242007014_CO,TSS,Inflow,225
18,-1242007014_CO,TSS,Inflow,226
52,-1242007014_CO,TSS,Inflow,226
8,-1242007014_CO,TSS,Inflow,226
40,-1242007014_CO,TSS,Inflow,226
7,-1242007014_CO,TSS,Inflow,226
7,-1242007014_CO,TSS,Inflow,227
42,-1242007014_CO,TSS,Inflow,227
103,-1242007014_CO,TSS,Inflow,227
18,-1242007014_CO,TSS,Inflow,227
176,-1242007014_CO,TSS,Inflow,227
7,-1242007014_CO,TSS,Inflow,228
40,-1242007014_CO,TSS,Inflow,228
232,-1242007014_CO,TSS,Inflow,228
52,-1242007014_CO,TSS,Inflow,228
42,-1242007014_CO,TSS,Inflow,228
18,-1242007014_CO,TSS,Inflow,229
180,-1242007014_CO,TSS,Inflow,229
39,-1242007014_CO,TSS,Inflow,229
89,-1242007014_CO,TSS,Inflow,229
52,-1242007014_CO,TSS,Inflow,229
39,-1242007014_CO,TSS,Inflow,230
42,-1242007014_CO,TSS,Inflow,230
176,-1242007014_CO,TSS,Inflow,230
103,-1242007014_CO,TSS,Inflow,230
232,-1242007014_CO,TSS,Inflow,230
39,-1242007014_CO,TSS,Inflow,231
7,-1242007014_CO,TSS,Inflow,231
18,-1242007014_CO,TSS,Inflow,231
180,-1242007014_CO,TSS,Inflow,231
232,-1242007014_CO,TSS,Inflow,231
39,-1242007014_CO,TSS,Inflow,232
40,-1242007014_CO,TSS,Inflow,232
180,-1242007014_CO,TSS,Inflow,232
18,-1242007014_CO,TSS,Inflow,232
58,-1242007014_CO,TSS,Inflow,232
176,-1242007014_CO,TSS,Inflow,233
52,-1242007014_CO,TSS,Inflow,233
40,-1242007014_CO,TSS,Inflow,233
52,-1242007014_CO,TSS,Inflow,233
180,-1242007014_CO,TSS,Inflow,233
103,-1242007014_CO,TSS,Inflow,234
18,-1242007014_CO,TSS,Inflow,234
52,-1242007014_CO,TSS,Inflow,234
42,-1242007014_CO,TSS,Inflow,234
232,-1242007014_CO,TSS,Inflow,234
8,-1242007014_CO,TSS,Inflow,235
180,-1242007014_CO,TSS,Inflow,235
7,-1242007014_CO,TSS,Inflow,235
39,-1242007014_CO,TSS,Inflow,235
176,-1242007014_CO,TSS,Inflow,235
7,-1242007014_CO,TSS,Inflow,236
58,-1242007014_CO,TSS,Inflow,236
18,-1242007014_CO,TSS,Inflow,236
52,-1242007014_CO,TSS,Inflow,236
89,-1242007014_CO,TSS,Inflow,236
52,-1242007014_CO,TSS,Inflow,237
18,-1242007014_CO,TSS,Inflow,237
58,-1242007014_CO,TSS,Inflow,237
232,-1242007014_CO,TSS,Inflow,237
52,-1242007014_CO,TSS,Inflow,237
52,-1242007014_CO,TSS,Inflow,238
176,-1242007014_CO,TSS,Inflow,238
89,-1242007014_CO,TSS,Inflow,238
180,-1242007014_CO,TSS,Inflow,238
232,-1242007014_CO,TSS,Inflow,238
18,-1242007014_CO,TSS,Inflow,239
103,-1242007014_CO,TSS,Inflow,239
7,-1242007014_CO,TSS,Inflow,239
39,-1242007014_CO,TSS,Inflow,239
176,-1242007014_CO,TSS,Inflow,239
40,-1242007014_CO,TSS,Inflow,240
8,-1242007014_CO,TSS,Inflow,240
42,-1242007014_CO,TSS,Inflow,240
39,-1242007014_CO,TSS,Inflow,240
58,-1242007014_CO,TSS,Inflow,240
232,-1242007014_CO,TSS,Inflow,241
8,-1242007014_CO,TSS,Inflow,241
89,-1242007014_CO,TSS,Inflow,241
52,-1242007014_CO,TSS,Inflow,241
18,-1242007014_CO,TSS,Inflow,241
7,-1242007014_CO,TSS,Inflow,242
180,-1242007014_CO,TSS,Inflow,242
8,-1242007014_CO,TSS,Inflow,242
103,-1242007014_CO,TSS,Inflow,242
18,-1242007014_CO,TSS,Inflow,242
18,-1242007014_CO,TSS,Inflow,243
39,-1242007014_CO,TSS,Inflow,243
103,-1242007014_CO,TSS,Inflow,243
58,-1242007014_CO,TSS,Inflow,243
40,-1242007014_CO,TSS,Inflow,243
232,-1242007014_CO,TSS,Inflow,244
176,-1242007014_CO,TSS,Inflow,244
39,-1242007014_CO,TSS,Inflow,244
8,-1242007014_CO,TSS,Inflow,244
58,-1242007014_CO,TSS,Inflow,244
42,-1242007014_CO,TSS,Inflow,245
18,-1242007014_CO,TSS,Inflow,245
7,-1242007014_CO,TSS,Inflow,245
52,-1242007014_CO,TSS,Inflow,245
40,-1242007014_CO,TSS,Inflow,245
39,-1242007014_CO,TSS,Inflow,246
232,-1242007014_CO,TSS,Inflow,246
8,-1242007014_CO,TSS,Inflow,246
18,-1242007014_CO,TSS,Inflow,246
42,-1242007014_CO,TSS,Inflow,246
42,-1242007014_CO,TSS,Inflow,247
8,-1242007014_CO,TSS,Inflow,247
18,-1242007014_CO,TSS,Inflow,247
58,-1242007014_CO,TSS,Inflow,247
52,-1242007014_CO,TSS,Inflow,247
42,-1242007014_CO,TSS,Inflow,248
89,-1242007014_CO,TSS,Inflow,248
176,-1242007014_CO,TSS,Inflow,248
52,-1242007014_CO,TSS,Inflow,248
39,-1242007014_CO,TSS,Inflow,248
8,-1242007014_CO,TSS,Inflow,249
18,-1242007014_CO,TSS,Inflow,249
40,-1242007014_CO,TSS,Inflow,249
176,-1242007014_CO,TSS,Inflow,249
232,-1242007014_CO,TSS,Inflow,249
18,-1242007014_CO,TSS,Inflow,250
39,-1242007014_CO,TSS,Inflow,250
52,-1242007014_CO,TSS,Inflow,250
180,-1242007014_CO,TSS,Inflow,250
103,-1242007014_CO,TSS,Inflow,250
52,-1242007014_CO,TSS,Inflow,251
52,-1242007014_CO,TSS,Inflow,251
89,-1242007014_CO,TSS,Inflow,251
40,-1242007014_CO,TSS,Inflow,251
18,-1242007014_CO,TSS,Inflow,251
42,-1242007014_CO,TSS,Inflow,252
8,-1242007014_CO,TSS,Inflow,252
103,-1242007014_CO,TSS,Inflow,252
52,-1242007014_CO,TSS,Inflow,252
18,-1242007014_CO,TSS,Inflow,252
40,-1242007014_CO,TSS,Inflow,253
52,-1242007014_CO,TSS,Inflow,253
103,-1242007014_CO,TSS,Inflow,253
18,-1242007014_CO,TSS,Inflow,253
8,-1242007014_CO,TSS,Inflow,253
40,-1242007014_CO,TSS,Inflow,254
8,-1242007014_CO,TSS,Inflow,254
232,-1242007014_CO,TSS,Inflow,254
52,-1242007014_CO,TSS,Inflow,254
58,-1242007014_CO,TSS,Inflow,254
180,-1242007014_CO,TSS,Inflow,255
232,-1242007014_CO,TSS,Inflow,255
18,-1242007014_CO,TSS,Inflow,255
103,-1242007014_CO,TSS,Inflow,255
52,-1242007014_CO,TSS,Inflow,255
7,-1242007014_CO,TSS,Inflow,256
176,-1242007014_CO,TSS,Inflow,256
8,-1242007014_CO,TSS,Inflow,256
42,-1242007014_CO,TSS,Inflow,256
18,-1242007014_CO,TSS,Inflow,256
103,-1242007014_CO,TSS,Inflow,257
39,-1242007014_CO,TSS,Inflow,257
8,-1242007014_CO,TSS,Inflow,257
58,-1242007014_CO,TSS,Inflow,257
18,-1242007014_CO,TSS,Inflow,257
8,-1242007014_CO,TSS,Inflow,258
180,-1242007014_CO,TSS,Inflow,258
39,-1242007014_CO,TSS,Inflow,258
52,-1242007014_CO,TSS,Inflow,258
89,-1242007014_CO,TSS,Inflow,258
58,-1242007014_CO,TSS,Inflow,259
103,-1242007014_CO,TSS,Inflow,259
52,-1242007014_CO,TSS,Inflow,259
8,-1242007014_CO,TSS,Inflow,259
7,-1242007014_CO,TSS,Inflow,259
7,-1242007014_CO,TSS,Inflow,260
18,-1242007014_CO,TSS,Inflow,260
180,-1242007014_CO,TSS,Inflow,260
176,-1242007014_CO,TSS,Inflow,260
58,-1242007014_CO,TSS,Inflow,260
18,-1242007014_CO,TSS,Inflow,261
42,-1242007014_CO,TSS,Inflow,261
232,-1242007014_CO,TSS,Inflow,261
7,-1242007014_CO,TSS,Inflow,261
180,-1242007014_CO,TSS,Inflow,261
103,-1242007014_CO,TSS,Inflow,262
180,-1242007014_CO,TSS,Inflow,262
8,-1242007014_CO,TSS,Inflow,262
52,-1242007014_CO,TSS,Inflow,262
18,-1242007014_CO,TSS,Inflow,262
8,-1242007014_CO,TSS,Inflow,263
18,-1242007014_CO,TSS,Inflow,263
52,-1242007014_CO,TSS,Inflow,263
180,-1242007014_CO,TSS,Inflow,263
176,-1242007014_CO,TSS,Inflow,263
7,-1242007014_CO,TSS,Inflow,264
180,-1242007014_CO,TSS,Inflow,264
40,-1242007014_CO,TSS,Inflow,264
89,-1242007014_CO,TSS,Inflow,264
18,-1242007014_CO,TSS,Inflow,264
7,-1242007014_CO,TSS,Inflow,265
232,-1242007014_CO,TSS,Inflow,265
52,-1242007014_CO,TSS,Inflow,265
18,-1242007014_CO,TSS,Inflow,265
103,-1242007014_CO,TSS,Inflow,265
39,-1242007014_CO,TSS,Inflow,266
18,-1242007014_CO,TSS,Inflow,266
58,-1242007014_CO,TSS,Inflow,266
89,-1242007014_CO,TSS,Inflow,266
103,-1242007014_CO,TSS,Inflow,266
176,-1242007014_CO,TSS,Inflow,267
7,-1242007014_CO,TSS,Inflow,267
58,-1242007014_CO,TSS,Inflow,267
8,-1242007014_CO,TSS,Inflow,267
52,-1242007014_CO,TSS,Inflow,267
58,-1242007014_CO,TSS,Inflow,268
8,-1242007014_CO,TSS,Inflow,268
180,-1242007014_CO,TSS,Inflow,268
232,-1242007014_CO,TSS,Inflow,268
52,-1242007014_CO,TSS,Inflow,268
180,-1242007014_CO,TSS,Inflow,269
232,-1242007014_CO,TSS,Inflow,269
42,-1242007014_CO,TSS,Inflow,269
58,-1242007014_CO,TSS,Inflow,269
52,-1242007014_CO,TSS,Inflow,269
52,-1242007014_CO,TSS,Inflow,270
18,-1242007014_CO,TSS,Inflow,270
103,-1242007014_CO,TSS,Inflow,270
89,-1242007014_CO,TSS,Inflow,270
8,-1242007014_CO,TSS,Inflow,270
42,-1242007014_CO,TSS,Inflow,271
180,-1242007014_CO,TSS,Inflow,271
52,-1242007014_CO,TSS,Inflow,271
8,-1242007014_CO,TSS,Inflow,271
18,-1242007014_CO,TSS,Inflow,271
40,-1242007014_CO,TSS,Inflow,272
176,-1242007014_CO,TSS,Inflow,272
18,-1242007014_CO,TSS,Inflow,272
232,-1242007014_CO,TSS,Inflow,272
7,-1242007014_CO,TSS,Inflow,272
8,-1242007014_CO,TSS,Inflow,273
18,-1242007014_CO,TSS,Inflow,273
39,-1242007014_CO,TSS,Inflow,273
103,-1242007014_CO,TSS,Inflow,273
52,-1242007014_CO,TSS,Inflow,273
8,-1242007014_CO,TSS,Inflow,274
103,-1242007014_CO,TSS,Inflow,274
232,-1242007014_CO,TSS,Inflow,274
89,-1242007014_CO,TSS,Inflow,274
42,-1242007014_CO,TSS,Inflow,274
42,-1242007014_CO,TSS,Inflow,275
8,-1242007014_CO,TSS,Inflow,275
232,-1242007014_CO,TSS,Inflow,275
52,-1242007014_CO,TSS,Inflow,275
52,-1242007014_CO,TSS,Inflow,275
176,-1242007014_CO,TSS,Inflow,276
39,-1242007014_CO,TSS,Inflow,276
52,-1242007014_CO,TSS,Inflow,276
52,-1242007014_CO,TSS,Inflow,276
7,-1242007014_CO,TSS,Inflow,276
103,-1242007014_CO,TSS,Inflow,277
18,-1242007014_CO,TSS,Inflow,277
180,-1242007014_CO,TSS,Inflow,277
40,-1242007014_CO,TSS,Inflow,277
18,-1242007014_CO,TSS,Inflow,277
89,-1242007014_CO,TSS,Inflow,278
103,-1242007014_CO,TSS,Inflow,278
7,-1242007014_CO,TSS,Inflow,278
232,-1242007014_CO,TSS,Inflow,278
18,-1242007014_CO,TSS,Inflow,278
8,-1242007014_CO,TSS,Inflow,279
52,-1242007014_CO,TSS,Inflow,279
42,-1242007014_CO,TSS,Inflow,279
89,-1242007014_CO,TSS,Inflow,279
18,-1242007014_CO,TSS,Inflow,279
18,-1242007014_CO,TSS,Inflow,280
52,-1242007014_CO,TSS,Inflow,280
176,-1242007014_CO,TSS,Inflow,280
58,-1242007014_CO,TSS,Inflow,280
232,-1242007014_CO,TSS,Inflow,280
176,-1242007014_CO,TSS,Inflow,281
52,-1242007014_CO,TSS,Inflow,281
39,-1242007014_CO,TSS,Inflow,281
8,-1242007014_CO,TSS,Inflow,281
103,-1242007014_CO,TSS,Inflow,281
58,-1242007014_CO,TSS,Inflow,282
52,-1242007014_CO,TSS,Inflow,282
232,-1242007014_CO,TSS,Inflow,282
18,-1242007014_CO,TSS,Inflow,282
18,-1242007014_CO,TSS,Inflow,282
58,-1242007014_CO,TSS,Inflow,283
89,-1242007014_CO,TSS,Inflow,283
18,-1242007014_CO,TSS,Inflow,283
8,-1242007014_CO,TSS,Inflow,283
42,-1242007014_CO,TSS,Inflow,283
40,-1242007014_CO,TSS,Inflow,284
7,-1242007014_CO,TSS,Inflow,284
103,-1242007014_CO,TSS,Inflow,284
18,-1242007014_CO,TSS,Inflow,284
8,-1242007014_CO,TSS,Inflow,284
180,-1242007014_CO,TSS,Inflow,285
232,-1242007014_CO,TSS,Inflow,285
18,-1242007014_CO,TSS,Inflow,285
8,-1242007014_CO,TSS,Inflow,285
7,-1242007014_CO,TSS,Inflow,285
18,-1242007014_CO,TSS,Inflow,286
18,-1242007014_CO,TSS,Inflow,286
180,-1242007014_CO,TSS,Inflow,286
40,-1242007014_CO,TSS,Inflow,286
232,-1242007014_CO,TSS,Inflow,286
103,-1242007014_CO,TSS,Inflow,287
89,-1242007014_CO,TSS,Inflow,287
8,-1242007014_CO,TSS,Inflow,287
52,-1242007014_CO,TSS,Inflow,287
176,-1242007014_CO,TSS,Inflow,287
58,-1242007014_CO,TSS,Inflow,288
232,-1242007014_CO,TSS,Inflow,288
89,-1242007014_CO,TSS,Inflow,288
7,-1242007014_CO,TSS,Inflow,288
180,-1242007014_CO,TSS,Inflow,288
40,-1242007014_CO,TSS,Inflow,289
232,-1242007014_CO,TSS,Inflow,289
52,-1242007014_CO,TSS,Inflow,289
176,-1242007014_CO,TSS,Inflow,289
180,-1242007014_CO,TSS,Inflow,289
52,-1242007014_CO,TSS,Inflow,290
180,-1242007014_CO,TSS,Inflow,290
7,-1242007014_CO,TSS,Inflow,290
18,-1242007014_CO,TSS,Inflow,290
52,-1242007014_CO,TSS,Inflow,290
8,-1242007014_CO,TSS,Inflow,291
18,-1242007014_CO,TSS,Inflow,291
52,-1242007014_CO,TSS,Inflow,291
42,-1242007014_CO,TSS,Inflow,291
52,-1242007014_CO,TSS,Inflow,291
42,-1242007014_CO,TSS,Inflow,292
180,-1242007014_CO,TSS,Inflow,292
52,-1242007014_CO,TSS,Inflow,292
18,-1242007014_CO,TSS,Inflow,292
7,-1242007014_CO,TSS,Inflow,292
103,-1242007014_CO,TSS,Inflow,293
42,-1242007014_CO,TSS,Inflow,293
52,-1242007014_CO,TSS,Inflow,293
180,-1242007014_CO,TSS,Inflow,293
18,-1242007014_CO,TSS,Inflow,293
40,-1242007014_CO,TSS,Inflow,294
7,-1242007014_CO,TSS,Inflow,294
39,-1242007014_CO,TSS,Inflow,294
52,-1242007014_CO,TSS,Inflow,294
103,-1242007014_CO,TSS,Inflow,294
103,-1242007014_CO,TSS,Inflow,295
42,-1242007014_CO,TSS,Inflow,295
7,-1242007014_CO,TSS,Inflow,295
232,-1242007014_CO,TSS,Inflow,295
89,-1242007014_CO,TSS,Inflow,295
180,-1242007014_CO,TSS,Inflow,296
8,-1242007014_CO,TSS,Inflow,296
103,-1242007014_CO,TSS,Inflow,296
232,-1242007014_CO,TSS,Inflow,296
39,-1242007014_CO,TSS,Inflow,296
52,-1242007014_CO,TSS,Inflow,297
7,-1242007014_CO,TSS,Inflow,297
103,-1242007014_CO,TSS,Inflow,297
180,-1242007014_CO,TSS,Inflow,297
52,-1242007014_CO,TSS,Inflow,297
58,-1242007014_CO,TSS,Inflow,298
180,-1242007014_CO,TSS,Inflow,298
7,-1242007014_CO,TSS,Inflow,298
176,-1242007014_CO,TSS,Inflow,298
52,-1242007014_CO,TSS,Inflow,298
7,-1242007014_CO,TSS,Inflow,299
8,-1242007014_CO,TSS,Inflow,299
40,-1242007014_CO,TSS,Inflow,299
180,-1242007014_CO,TSS,Inflow,299
176,-1242007014_CO,TSS,Inflow,299
8,-1242007014_CO,TSS,Inflow,300
42,-1242007014_CO,TSS,Inflow,300
58,-1242007014_CO,TSS,Inflow,300
103,-1242007014_CO,TSS,Inflow,300
52,-1242007014_CO,TSS,Inflow,300
39,-1242007014_CO,TSS,Inflow,301
58,-1242007014_CO,TSS,Inflow,301
42,-1242007014_CO,TSS,Inflow,301
18,-1242007014_CO,TSS,Inflow,301
52,-1242007014_CO,TSS,Inflow,301
18,-1242007014_CO,TSS,Inflow,302
52,-1242007014_CO,TSS,Inflow,302
18,-1242007014_CO,TSS,Inflow,302
39,-1242007014_CO,TSS,Inflow,302
52,-1242007014_CO,TSS,Inflow,302
52,-1242007014_CO,TSS,Inflow,303
18,-1242007014_CO,TSS,Inflow,303
8,-1242007014_CO,TSS,Inflow,303
52,-1242007014_CO,TSS,Inflow,303
103,-1242007014_CO,TSS,Inflow,303
89,-1242007014_CO,TSS,Inflow,304
180,-1242007014_CO,TSS,Inflow,304
232,-1242007014_CO,TSS,Inflow,304
52,-1242007014_CO,TSS,Inflow,304
18,-1242007014_CO,TSS,Inflow,304
52,-1242007014_CO,TSS,Inflow,305
8,-1242007014_CO,TSS,Inflow,305
232,-1242007014_CO,TSS,Inflow,305
176,-1242007014_CO,TSS,Inflow,305
42,-1242007014_CO,TSS,Inflow,305
18,-1242007014_CO,TSS,Inflow,306
42,-1242007014_CO,TSS,Inflow,306
176,-1242007014_CO,TSS,Inflow,306
52,-1242007014_CO,TSS,Inflow,306
40,-1242007014_CO,TSS,Inflow,306
18,-1242007014_CO,TSS,Inflow,307
40,-1242007014_CO,TSS,Inflow,307
52,-1242007014_CO,TSS,Inflow,307
42,-1242007014_CO,TSS,Inflow,307
18,-1242007014_CO,TSS,Inflow,307
89,-1242007014_CO,TSS,Inflow,308
103,-1242007014_CO,TSS,Inflow,308
40,-1242007014_CO,TSS,Inflow,308
232,-1242007014_CO,TSS,Inflow,308
39,-1242007014_CO,TSS,Inflow,308
39,-1242007014_CO,TSS,Inflow,309
52,-1242007014_CO,TSS,Inflow,309
7,-1242007014_CO,TSS,Inflow,309
58,-1242007014_CO,TSS,Inflow,309
8,-1242007014_CO,TSS,Inflow,309
8,-1242007014_CO,TSS,Inflow,310
89,-1242007014_CO,TSS,Inflow,310
40,-1242007014_CO,TSS,Inflow,310
7,-1242007014_CO,TSS,Inflow,310
52,-1242007014_CO,TSS,Inflow,310
8,-1242007014_CO,TSS,Inflow,311
180,-1242007014_CO,TSS,Inflow,311
7,-1242007014_CO,TSS,Inflow,311
232,-1242007014_CO,TSS,Inflow,311
52,-1242007014_CO,TSS,Inflow,311
39,-1242007014_CO,TSS,Inflow,312
89,-1242007014_CO,TSS,Inflow,312
8,-1242007014_CO,TSS,Inflow,312
7,-1242007014_CO,TSS,Inflow,312
42,-1242007014_CO,TSS,Inflow,312
232,-1242007014_CO,TSS,Inflow,313
7,-1242007014_CO,TSS,Inflow,313
39,-1242007014_CO,TSS,Inflow,313
42,-1242007014_CO,TSS,Inflow,313
58,-1242007014_CO,TSS,Inflow,313
89,-1242007014_CO,TSS,Inflow,314
40,-1242007014_CO,TSS,Inflow,314
52,-1242007014_CO,TSS,Inflow,314
18,-1242007014_CO,TSS,Inflow,314
176,-1242007014_CO,TSS,Inflow,314
52,-1242007014_CO,TSS,Inflow,315
18,-1242007014_CO,TSS,Inflow,315
42,-1242007014_CO,TSS,Inflow,315
40,-1242007014_CO,TSS,Inflow,315
7,-1242007014_CO,TSS,Inflow,315
40,-1242007014_CO,TSS,Inflow,316
89,-1242007014_CO,TSS,Inflow,316
176,-1242007014_CO,TSS,Inflow,316
7,-1242007014_CO,TSS,Inflow,316
18,-1242007014_CO,TSS,Inflow,316
39,-1242007014_CO,TSS,Inflow,317
40,-1242007014_CO,TSS,Inflow,317
18,-1242007014_CO,TSS,Inflow,317
232,-1242007014_CO,TSS,Inflow,317
176,-1242007014_CO,TSS,Inflow,317
18,-1242007014_CO,TSS,Inflow,318
89,-1242007014_CO,TSS,Inflow,318
8,-1242007014_CO,TSS,Inflow,318
58,-1242007014_CO,TSS,Inflow,318
232,-1242007014_CO,TSS,Inflow,318
18,-1242007014_CO,TSS,Inflow,319
180,-1242007014_CO,TSS,Inflow,319
232,-1242007014_CO,TSS,Inflow,319
176,-1242007014_CO,TSS,Inflow,319
103,-1242007014_CO,TSS,Inflow,319
180,-1242007014_CO,TSS,Inflow,320
7,-1242007014_CO,TSS,Inflow,320
18,-1242007014_CO,TSS,Inflow,320
103,-1242007014_CO,TSS,Inflow,320
40,-1242007014_CO,TSS,Inflow,320
58,-1242007014_CO,TSS,Inflow,321
52,-1242007014_CO,TSS,Inflow,321
18,-1242007014_CO,TSS,Inflow,321
40,-1242007014_CO,TSS,Inflow,321
180,-1242007014_CO,TSS,Inflow,321
176,-1242007014_CO,TSS,Inflow,322
103,-1242007014_CO,TSS,Inflow,322
8,-1242007014_CO,TSS,Inflow,322
89,-1242007014_CO,TSS,Inflow,322
39,-1242007014_CO,TSS,Inflow,322
52,-1242007014_CO,TSS,Inflow,323
176,-1242007014_CO,TSS,Inflow,323
58,-1242007014_CO,TSS,Inflow,323
89,-1242007014_CO,TSS,Inflow,323
18,-1242007014_CO,TSS,Inflow,323
176,-1242007014_CO,TSS,Inflow,324
7,-1242007014_CO,TSS,Inflow,324
52,-1242007014_CO,TSS,Inflow,324
232,-1242007014_CO,TSS,Inflow,324
180,-1242007014_CO,TSS,Inflow,324
18,-1242007014_CO,TSS,Inflow,325
42,-1242007014_CO,TSS,Inflow,325
52,-1242007014_CO,TSS,Inflow,325
52,-1242007014_CO,TSS,Inflow,325
176,-1242007014_CO,TSS,Inflow,325
58,-1242007014_CO,TSS,Inflow,326
8,-1242007014_CO,TSS,Inflow,326
39,-1242007014_CO,TSS,Inflow,326
18,-1242007014_CO,TSS,Inflow,326
7,-1242007014_CO,TSS,Inflow,326
7,-1242007014_CO,TSS,Inflow,327
52,-1242007014_CO,TSS,Inflow,327
8,-1242007014_CO,TSS,Inflow,327
52,-1242007014_CO,TSS,Inflow,327
40,-1242007014_CO,TSS,Inflow,327
52,-1242007014_CO,TSS,Inflow,328
103,-1242007014_CO,TSS,Inflow,328
42,-1242007014_CO,TSS,Inflow,328
7,-1242007014_CO,TSS,Inflow,328
232,-1242007014_CO,TSS,Inflow,328
176,-1242007014_CO,TSS,Inflow,329
40,-1242007014_CO,TSS,Inflow,329
58,-1242007014_CO,TSS,Inflow,329
232,-1242007014_CO,TSS,Inflow,329
39,-1242007014_CO,TSS,Inflow,329
52,-1242007014_CO,TSS,Inflow,330
58,-1242007014_CO,TSS,Inflow,330
39,-1242007014_CO,TSS,Inflow,330
52,-1242007014_CO,TSS,Inflow,330
180,-1242007014_CO,TSS,Inflow,330
180,-1242007014_CO,TSS,Inflow,331
232,-1242007014_CO,TSS,Inflow,331
8,-1242007014_CO,TSS,Inflow,331
52,-1242007014_CO,TSS,Inflow,331
18,-1242007014_CO,TSS,Inflow,331
52,-1242007014_CO,TSS,Inflow,332
39,-1242007014_CO,TSS,Inflow,332
176,-1242007014_CO,TSS,Inflow,332
180,-1242007014_CO,TSS,Inflow,332
42,-1242007014_CO,TSS,Inflow,332
176,-1242007014_CO,TSS,Inflow,333
8,-1242007014_CO,TSS,Inflow,333
40,-1242007014_CO,TSS,Inflow,333
39,-1242007014_CO,TSS,Inflow,333
7,-1242007014_CO,TSS,Inflow,333
52,-1242007014_CO,TSS,Inflow,334
8,-1242007014_CO,TSS,Inflow,334
18,-1242007014_CO,TSS,Inflow,334
39,-1242007014_CO,TSS,Inflow,334
18,-1242007014_CO,TSS,Inflow,334
103,-1242007014_CO,TSS,Inflow,335
8,-1242007014_CO,TSS,Inflow,335
232,-1242007014_CO,TSS,Inflow,335
40,-1242007014_CO,TSS,Inflow,335
180,-1242007014_CO,TSS,Inflow,335
7,-1242007014_CO,TSS,Inflow,336
180,-1242007014_CO,TSS,Inflow,336
89,-1242007014_CO,TSS,Inflow,336
232,-1242007014_CO,TSS,Inflow,336
8,-1242007014_CO,TSS,Inflow,336
18,-1242007014_CO,TSS,Inflow,337
89,-1242007014_CO,TSS,Inflow,337
176,-1242007014_CO,TSS,Inflow,337
40,-1242007014_CO,TSS,Inflow,337
8,-1242007014_CO,TSS,Inflow,337
39,-1242007014_CO,TSS,Inflow,338
8,-1242007014_CO,TSS,Inflow,338
42,-1242007014_CO,TSS,Inflow,338
232,-1242007014_CO,TSS,Inflow,338
7,-1242007014_CO,TSS,Inflow,338
52,-1242007014_CO,TSS,Inflow,339
8,-1242007014_CO,TSS,Inflow,339
42,-1242007014_CO,TSS,Inflow,339
18,-1242007014_CO,TSS,Inflow,339
18,-1242007014_CO,TSS,Inflow,339
18,-1242007014_CO,TSS,Inflow,340
232,-1242007014_CO,TSS,Inflow,340
42,-1242007014_CO,TSS,Inflow,340
8,-1242007014_CO,TSS,Inflow,340
18,-1242007014_CO,TSS,Inflow,340
89,-1242007014_CO,TSS,Inflow,341
18,-1242007014_CO,TSS,Inflow,341
52,-1242007014_CO,TSS,Inflow,341
42,-1242007014_CO,TSS,Inflow,341
40,-1242007014_CO,TSS,Inflow,341
58,-1242007014_CO,TSS,Inflow,342
40,-1242007014_CO,TSS,Inflow,342
103,-1242007014_CO,TSS,Inflow,342
176,-1242007014_CO,TSS,Inflow,342
180,-1242007014_CO,TSS,Inflow,342
18,-1242007014_CO,TSS,Inflow,343
232,-1242007014_CO,TSS,Inflow,343
180,-1242007014_CO,TSS,Inflow,343
52,-1242007014_CO,TSS,Inflow,343
176,-1242007014_CO,TSS,Inflow,343
42,-1242007014_CO,TSS,Inflow,344
52,-1242007014_CO,TSS,Inflow,344
52,-1242007014_CO,TSS,Inflow,344
8,-1242007014_CO,TSS,Inflow,344
89,-1242007014_CO,TSS,Inflow,344
40,-1242007014_CO,TSS,Inflow,345
7,-1242007014_CO,TSS,Inflow,345
52,-1242007014_CO,TSS,Inflow,345
18,-1242007014_CO,TSS,Inflow,345
39,-1242007014_CO,TSS,Inflow,345
18,-1242007014_CO,TSS,Inflow,346
42,-1242007014_CO,TSS,Inflow,346
40,-1242007014_CO,TSS,Inflow,346
180,-1242007014_CO,TSS,Inflow,346
52,-1242007014_CO,TSS,Inflow,346
52,-1242007014_CO,TSS,Inflow,347
232,-1242007014_CO,TSS,Inflow,347
39,-1242007014_CO,TSS,Inflow,347
18,-1242007014_CO,TSS,Inflow,347
58,-1242007014_CO,TSS,Inflow,347
180,-1242007014_CO,TSS,Inflow,348
176,-1242007014_CO,TSS,Inflow,348
232,-1242007014_CO,TSS,Inflow,348
89,-1242007014_CO,TSS,Inflow,348
40,-1242007014_CO,TSS,Inflow,348
8,-1242007014_CO,TSS,Inflow,349
7,-1242007014_CO,TSS,Inflow,349
103,-1242007014_CO,TSS,Inflow,349
58,-1242007014_CO,TSS,Inflow,349
42,-1242007014_CO,TSS,Inflow,349
18,-1242007014_CO,TSS,Inflow,350
42,-1242007014_CO,TSS,Inflow,350
52,-1242007014_CO,TSS,Inflow,350
7,-1242007014_CO,TSS,Inflow,350
180,-1242007014_CO,TSS,Inflow,350
232,-1242007014_CO,TSS,Inflow,351
89,-1242007014_CO,TSS,Inflow,351
103,-1242007014_CO,TSS,Inflow,351
176,-1242007014_CO,TSS,Inflow,351
180,-1242007014_CO,TSS,Inflow,351
232,-1242007014_CO,TSS,Inflow,352
8,-1242007014_CO,TSS,Inflow,352
40,-1242007014_CO,TSS,Inflow,352
18,-1242007014_CO,TSS,Inflow,352
52,-1242007014_CO,TSS,Inflow,352
8,-1242007014_CO,TSS,Inflow,353
18,-1242007014_CO,TSS,Inflow,353
176,-1242007014_CO,TSS,Inflow,353
7,-1242007014_CO,TSS,Inflow,353
58,-1242007014_CO,TSS,Inflow,353
8,-1242007014_CO,TSS,Inflow,354
39,-1242007014_CO,TSS,Inflow,354
18,-1242007014_CO,TSS,Inflow,354
7,-1242007014_CO,TSS,Inflow,354
52,-1242007014_CO,TSS,Inflow,354
58,-1242007014_CO,TSS,Inflow,355
7,-1242007014_CO,TSS,Inflow,355
42,-1242007014_CO,TSS,Inflow,355
39,-1242007014_CO,TSS,Inflow,355
52,-1242007014_CO,TSS,Inflow,355
52,-1242007014_CO,TSS,Inflow,356
18,-1242007014_CO,TSS,Inflow,356
180,-1242007014_CO,TSS,Inflow,356
8,-1242007014_CO,TSS,Inflow,356
176,-1242007014_CO,TSS,Inflow,356
232,-1242007014_CO,TSS,Inflow,357
42,-1242007014_CO,TSS,Inflow,357
52,-1242007014_CO,TSS,Inflow,357
40,-1242007014_CO,TSS,Inflow,357
52,-1242007014_CO,TSS,Inflow,357
42,-1242007014_CO,TSS,Inflow,358
103,-1242007014_CO,TSS,Inflow,358
176,-1242007014_CO,TSS,Inflow,358
58,-1242007014_CO,TSS,Inflow,358
40,-1242007014_CO,TSS,Inflow,358
40,-1242007014_CO,TSS,Inflow,359
180,-1242007014_CO,TSS,Inflow,359
52,-1242007014_CO,TSS,Inflow,359
232,-1242007014_CO,TSS,Inflow,359
42,-1242007014_CO,TSS,Inflow,359
8,-1242007014_CO,TSS,Inflow,360
7,-1242007014_CO,TSS,Inflow,360
42,-1242007014_CO,TSS,Inflow,360
180,-1242007014_CO,TSS,Inflow,360
176,-1242007014_CO,TSS,Inflow,360
8,-1242007014_CO,TSS,Inflow,361
180,-1242007014_CO,TSS,Inflow,361
18,-1242007014_CO,TSS,Inflow,361
176,-1242007014_CO,TSS,Inflow,361
40,-1242007014_CO,TSS,Inflow,361
52,-1242007014_CO,TSS,Inflow,362
7,-1242007014_CO,TSS,Inflow,362
39,-1242007014_CO,TSS,Inflow,362
18,-1242007014_CO,TSS,Inflow,362
176,-1242007014_CO,TSS,Inflow,362
89,-1242007014_CO,TSS,Inflow,363
8,-1242007014_CO,TSS,Inflow,363
18,-1242007014_CO,TSS,Inflow,363
176,-1242007014_CO,TSS,Inflow,363
103,-1242007014_CO,TSS,Inflow,363
180,-1242007014_CO,TSS,Inflow,364
7,-1242007014_CO,TSS,Inflow,364
232,-1242007014_CO,TSS,Inflow,364
52,-1242007014_CO,TSS,Inflow,364
8,-1242007014_CO,TSS,Inflow,364
176,-1242007014_CO,TSS,Inflow,365
18,-1242007014_CO,TSS,Inflow,365
232,-1242007014_CO,TSS,Inflow,365
7,-1242007014_CO,TSS,Inflow,365
42,-1242007014_CO,TSS,Inflow,365
52,-1242007014_CO,TSS,Inflow,366
180,-1242007014_CO,TSS,Inflow,366
18,-1242007014_CO,TSS,Inflow,366
18,-1242007014_CO,TSS,Inflow,366
52,-1242007014_CO,TSS,Inflow,366
58,-1242007014_CO,TSS,Inflow,367
7,-1242007014_CO,TSS,Inflow,367
52,-1242007014_CO,TSS,Inflow,367
232,-1242007014_CO,TSS,Inflow,367
103,-1242007014_CO,TSS,Inflow,367
40,-1242007014_CO,TSS,Inflow,368
7,-1242007014_CO,TSS,Inflow,368
89,-1242007014_CO,TSS,Inflow,368
8,-1242007014_CO,TSS,Inflow,368
52,-1242007014_CO,TSS,Inflow,368
7,-1242007014_CO,TSS,Inflow,369
8,-1242007014_CO,TSS,Inflow,369
18,-1242007014_CO,TSS,Inflow,369
89,-1242007014_CO,TSS,Inflow,369
52,-1242007014_CO,TSS,Inflow,369
42,-1242007014_CO,TSS,Inflow,370
7,-1242007014_CO,TSS,Inflow,370
176,-1242007014_CO,TSS,Inflow,370
40,-1242007014_CO,TSS,Inflow,370
52,-1242007014_CO,TSS,Inflow,370
180,-1242007014_CO,TSS,Inflow,371
52,-1242007014_CO,TSS,Inflow,371
40,-1242007014_CO,TSS,Inflow,371
18,-1242007014_CO,TSS,Inflow,371
42,-1242007014_CO,TSS,Inflow,371
176,-1242007014_CO,TSS,Inflow,372
18,-1242007014_CO,TSS,Inflow,372
180,-1242007014_CO,TSS,Inflow,372
58,-1242007014_CO,TSS,Inflow,372
232,-1242007014_CO,TSS,Inflow,372
103,-1242007014_CO,TSS,Inflow,373
39,-1242007014_CO,TSS,Inflow,373
18,-1242007014_CO,TSS,Inflow,373
58,-1242007014_CO,TSS,Inflow,373
232,-1242007014_CO,TSS,Inflow,373
7,-1242007014_CO,TSS,Inflow,374
89,-1242007014_CO,TSS,Inflow,374
52,-1242007014_CO,TSS,Inflow,374
39,-1242007014_CO,TSS,Inflow,374
52,-1242007014_CO,TSS,Inflow,374
52,-1242007014_CO,TSS,Inflow,375
39,-1242007014_CO,TSS,Inflow,375
232,-1242007014_CO,TSS,Inflow,375
18,-1242007014_CO,TSS,Inflow,375
18,-1242007014_CO,TSS,Inflow,375
42,-1242007014_CO,TSS,Inflow,376
7,-1242007014_CO,TSS,Inflow,376
40,-1242007014_CO,TSS,Inflow,376
8,-1242007014_CO,TSS,Inflow,376
39,-1242007014_CO,TSS,Inflow,376
8,-1242007014_CO,TSS,Inflow,377
89,-1242007014_CO,TSS,Inflow,377
52,-1242007014_CO,TSS,Inflow,377
39,-1242007014_CO,TSS,Inflow,377
7,-1242007014_CO,TSS,Inflow,377
18,-1242007014_CO,TSS,Inflow,378
58,-1242007014_CO,TSS,Inflow,378
39,-1242007014_CO,TSS,Inflow,378
176,-1242007014_CO,TSS,Inflow,378
52,-1242007014_CO,TSS,Inflow,378
39,-1242007014_CO,TSS,Inflow,379
18,-1242007014_CO,TSS,Inflow,379
8,-1242007014_CO,TSS,Inflow,379
7,-1242007014_CO,TSS,Inflow,379
232,-1242007014_CO,TSS,Inflow,379
52,-1242007014_CO,TSS,Inflow,380
8,-1242007014_CO,TSS,Inflow,380
7,-1242007014_CO,TSS,Inflow,380
232,-1242007014_CO,TSS,Inflow,380
89,-1242007014_CO,TSS,Inflow,380
18,-1242007014_CO,TSS,Inflow,381
103,-1242007014_CO,TSS,Inflow,381
42,-1242007014_CO,TSS,Inflow,381
40,-1242007014_CO,TSS,Inflow,381
52,-1242007014_CO,TSS,Inflow,381
52,-1242007014_CO,TSS,Inflow,382
18,-1242007014_CO,TSS,Inflow,382
18,-1242007014_CO,TSS,Inflow,382
103,-1242007014_CO,TSS,Inflow,382
42,-1242007014_CO,TSS,Inflow,382
176,-1242007014_CO,TSS,Inflow,383
52,-1242007014_CO,TSS,Inflow,383
180,-1242007014_CO,TSS,Inflow,383
58,-1242007014_CO,TSS,Inflow,383
18,-1242007014_CO,TSS,Inflow,383
232,-1242007014_CO,TSS,Inflow,384
8,-1242007014_CO,TSS,Inflow,384
52,-1242007014_CO,TSS,Inflow,384
42,-1242007014_CO,TSS,Inflow,384
18,-1242007014_CO,TSS,Inflow,384
40,-1242007014_CO,TSS,Inflow,385
176,-1242007014_CO,TSS,Inflow,385
18,-1242007014_CO,TSS,Inflow,385
42,-1242007014_CO,TSS,Inflow,385
52,-1242007014_CO,TSS,Inflow,385
232,-1242007014_CO,TSS,Inflow,386
176,-1242007014_CO,TSS,Inflow,386
89,-1242007014_CO,TSS,Inflow,386
58,-1242007014_CO,TSS,Inflow,386
103,-1242007014_CO,TSS,Inflow,386
7,-1242007014_CO,TSS,Inflow,387
40,-1242007014_CO,TSS,Inflow,387
8,-1242007014_CO,TSS,Inflow,387
103,-1242007014_CO,TSS,Inflow,387
18,-1242007014_CO,TSS,Inflow,387
42,-1242007014_CO,TSS,Inflow,388
103,-1242007014_CO,TSS,Inflow,388
18,-1242007014_CO,TSS,Inflow,388
176,-1242007014_CO,TSS,Inflow,388
39,-1242007014_CO,TSS,Inflow,388
232,-1242007014_CO,TSS,Inflow,389
52,-1242007014_CO,TSS,Inflow,389
58,-1242007014_CO,TSS,Inflow,389
89,-1242007014_CO,TSS,Inflow,389
176,-1242007014_CO,TSS,Inflow,389
7,-1242007014_CO,TSS,Inflow,390
39,-1242007014_CO,TSS,Inflow,390
89,-1242007014_CO,TSS,Inflow,390
232,-1242007014_CO,TSS,Inflow,390
103,-1242007014_CO,TSS,Inflow,390
40,-1242007014_CO,TSS,Inflow,391
7,-1242007014_CO,TSS,Inflow,391
232,-1242007014_CO,TSS,Inflow,391
180,-1242007014_CO,TSS,Inflow,391
8,-1242007014_CO,TSS,Inflow,391
180,-1242007014_CO,TSS,Inflow,392
8,-1242007014_CO,TSS,Inflow,392
232,-1242007014_CO,TSS,Inflow,392
40,-1242007014_CO,TSS,Inflow,392
7,-1242007014_CO,TSS,Inflow,392
42,-1242007014_CO,TSS,Inflow,393
58,-1242007014_CO,TSS,Inflow,393
52,-1242007014_CO,TSS,Inflow,393
52,-1242007014_CO,TSS,Inflow,393
18,-1242007014_CO,TSS,Inflow,393
58,-1242007014_CO,TSS,Inflow,394
52,-1242007014_CO,TSS,Inflow,394
8,-1242007014_CO,TSS,Inflow,394
39,-1242007014_CO,TSS,Inflow,394
42,-1242007014_CO,TSS,Inflow,394
39,-1242007014_CO,TSS,Inflow,395
42,-1242007014_CO,TSS,Inflow,395
8,-1242007014_CO,TSS,Inflow,395
52,-1242007014_CO,TSS,Inflow,395
232,-1242007014_CO,TSS,Inflow,395
18,-1242007014_CO,TSS,Inflow,396
58,-1242007014_CO,TSS,Inflow,396
232,-1242007014_CO,TSS,Inflow,396
89,-1242007014_CO,TSS,Inflow,396
8,-1242007014_CO,TSS,Inflow,396
39,-1242007014_CO,TSS,Inflow,397
18,-1242007014_CO,TSS,Inflow,397
40,-1242007014_CO,TSS,Inflow,397
18,-1242007014_CO,TSS,Inflow,397
180,-1242007014_CO,TSS,Inflow,397
42,-1242007014_CO,TSS,Inflow,398
89,-1242007014_CO,TSS,Inflow,398
7,-1242007014_CO,TSS,Inflow,398
103,-1242007014_CO,TSS,Inflow,398
18,-1242007014_CO,TSS,Inflow,398
8,-1242007014_CO,TSS,Inflow,399
103,-1242007014_CO,TSS,Inflow,399
52,-1242007014_CO,TSS,Inflow,399
180,-1242007014_CO,TSS,Inflow,399
232,-1242007014_CO,TSS,Inflow,399
42,-1242007014_CO,TSS,Inflow,400
232,-1242007014_CO,TSS,Inflow,400
89,-1242007014_CO,TSS,Inflow,400
18,-1242007014_CO,TSS,Inflow,400
39,-1242007014_CO,TSS,Inflow,400
52,-1242007014_CO,TSS,Inflow,401
42,-1242007014_CO,TSS,Inflow,401
52,-1242007014_CO,TSS,Inflow,401
103,-1242007014_CO,TSS,Inflow,401
40,-1242007014_CO,TSS,Inflow,401
176,-1242007014_CO,TSS,Inflow,402
18,-1242007014_CO,TSS,Inflow,402
39,-1242007014_CO,TSS,Inflow,402
232,-1242007014_CO,TSS,Inflow,402
18,-1242007014_CO,TSS,Inflow,402
176,-1242007014_CO,TSS,Inflow,403
232,-1242007014_CO,TSS,Inflow,403
7,-1242007014_CO,TSS,Inflow,403
103,-1242007014_CO,TSS,Inflow,403
42,-1242007014_CO,TSS,Inflow,403
18,-1242007014_CO,TSS,Inflow,404
52,-1242007014_CO,TSS,Inflow,404
42,-1242007014_CO,TSS,Inflow,404
39,-1242007014_CO,TSS,Inflow,404
52,-1242007014_CO,TSS,Inflow,404
42,-1242007014_CO,TSS,Inflow,405
58,-1242007014_CO,TSS,Inflow,405
89,-1242007014_CO,TSS,Inflow,405
39,-1242007014_CO,TSS,Inflow,405
180,-1242007014_CO,TSS,Inflow,405
18,-1242007014_CO,TSS,Inflow,406
39,-1242007014_CO,TSS,Inflow,406
58,-1242007014_CO,TSS,Inflow,406
40,-1242007014_CO,TSS,Inflow,406
52,-1242007014_CO,TSS,Inflow,406
40,-1242007014_CO,TSS,Inflow,407
176,-1242007014_CO,TSS,Inflow,407
8,-1242007014_CO,TSS,Inflow,407
7,-1242007014_CO,TSS,Inflow,407
39,-1242007014_CO,TSS,Inflow,407
8,-1242007014_CO,TSS,Inflow,408
18,-1242007014_CO,TSS,Inflow,408
103,-1242007014_CO,TSS,Inflow,408
52,-1242007014_CO,TSS,Inflow,408
42,-1242007014_CO,TSS,Inflow,408
180,-1242007014_CO,TSS,Inflow,409
40,-1242007014_CO,TSS,Inflow,409
39,-1242007014_CO,TSS,Inflow,409
18,-1242007014_CO,TSS,Inflow,409
8,-1242007014_CO,TSS,Inflow,409
176,-1242007014_CO,TSS,Inflow,410
7,-1242007014_CO,TSS,Inflow,410
18,-1242007014_CO,TSS,Inflow,410
180,-1242007014_CO,TSS,Inflow,410
42,-1242007014_CO,TSS,Inflow,410
58,-1242007014_CO,TSS,Inflow,411
89,-1242007014_CO,TSS,Inflow,411
18,-1242007014_CO,TSS,Inflow,411
42,-1242007014_CO,TSS,Inflow,411
39,-1242007014_CO,TSS,Inflow,411
8,-1242007014_CO,TSS,Inflow,412
89,-1242007014_CO,TSS,Inflow,412
18,-1242007014_CO,TSS,Inflow,412
176,-1242007014_CO,TSS,Inflow,412
232,-1242007014_CO,TSS,Inflow,412
176,-1242007014_CO,TSS,Inflow,413
39,-1242007014_CO,TSS,Inflow,413
103,-1242007014_CO,TSS,Inflow,413
89,-1242007014_CO,TSS,Inflow,413
18,-1242007014_CO,TSS,Inflow,413
52,-1242007014_CO,TSS,Inflow,414
103,-1242007014_CO,TSS,Inflow,414
176,-1242007014_CO,TSS,Inflow,414
7,-1242007014_CO,TSS,Inflow,414
40,-1242007014_CO,TSS,Inflow,414
42,-1242007014_CO,TSS,Inflow,415
180,-1242007014_CO,TSS,Inflow,415
39,-1242007014_CO,TSS,Inflow,415
176,-1242007014_CO,TSS,Inflow,415
232,-1242007014_CO,TSS,Inflow,415
42,-1242007014_CO,TSS,Inflow,416
180,-1242007014_CO,TSS,Inflow,416
39,-1242007014_CO,TSS,Inflow,416
89,-1242007014_CO,TSS,Inflow,416
52,-1242007014_CO,TSS,Inflow,416
40,-1242007014_CO,TSS,Inflow,417
7,-1242007014_CO,TSS,Inflow,417
103,-1242007014_CO,TSS,Inflow,417
232,-1242007014_CO,TSS,Inflow,417
176,-1242007014_CO,TSS,Inflow,417
176,-1242007014_CO,TSS,Inflow,418
8,-1242007014_CO,TSS,Inflow,418
232,-1242007014_CO,TSS,Inflow,418
180,-1242007014_CO,TSS,Inflow,418
18,-1242007014_CO,TSS,Inflow,418
58,-1242007014_CO,TSS,Inflow,419
52,-1242007014_CO,TSS,Inflow,419
39,-1242007014_CO,TSS,Inflow,419
42,-1242007014_CO,TSS,Inflow,419
232,-1242007014_CO,TSS,Inflow,419
40,-1242007014_CO,TSS,Inflow,420
8,-1242007014_CO,TSS,Inflow,420
18,-1242007014_CO,TSS,Inflow,420
42,-1242007014_CO,TSS,Inflow,420
58,-1242007014_CO,TSS,Inflow,420
18,-1242007014_CO,TSS,Inflow,421
52,-1242007014_CO,TSS,Inflow,421
89,-1242007014_CO,TSS,Inflow,421
52,-1242007014_CO,TSS,Inflow,421
58,-1242007014_CO,TSS,Inflow,421
232,-1242007014_CO,TSS,Inflow,422
39,-1242007014_CO,TSS,Inflow,422
52,-1242007014_CO,TSS,Inflow,422
40,-1242007014_CO,TSS,Inflow,422
42,-1242007014_CO,TSS,Inflow,422
52,-1242007014_CO,TSS,Inflow,423
18,-1242007014_CO,TSS,Inflow,423
7,-1242007014_CO,TSS,Inflow,423
18,-1242007014_CO,TSS,Inflow,423
58,-1242007014_CO,TSS,Inflow,423
58,-1242007014_CO,TSS,Inflow,424
52,-1242007014_CO,TSS,Inflow,424
39,-1242007014_CO,TSS,Inflow,424
7,-1242007014_CO,TSS,Inflow,424
42,-1242007014_CO,TSS,Inflow,424
39,-1242007014_CO,TSS,Inflow,425
52,-1242007014_CO,TSS,Inflow,425
180,-1242007014_CO,TSS,Inflow,425
18,-1242007014_CO,TSS,Inflow,425
58,-1242007014_CO,TSS,Inflow,425
18,-1242007014_CO,TSS,Inflow,426
7,-1242007014_CO,TSS,Inflow,426
42,-1242007014_CO,TSS,Inflow,426
176,-1242007014_CO,TSS,Inflow,426
52,-1242007014_CO,TSS,Inflow,426
39,-1242007014_CO,TSS,Inflow,427
7,-1242007014_CO,TSS,Inflow,427
40,-1242007014_CO,TSS,Inflow,427
18,-1242007014_CO,TSS,Inflow,427
52,-1242007014_CO,TSS,Inflow,427
40,-1242007014_CO,TSS,Inflow,428
18,-1242007014_CO,TSS,Inflow,428
176,-1242007014_CO,TSS,Inflow,428
39,-1242007014_CO,TSS,Inflow,428
52,-1242007014_CO,TSS,Inflow,428
103,-1242007014_CO,TSS,Inflow,429
40,-1242007014_CO,TSS,Inflow,429
52,-1242007014_CO,TSS,Inflow,429
52,-1242007014_CO,TSS,Inflow,429
89,-1242007014_CO,TSS,Inflow,429
176,-1242007014_CO,TSS,Inflow,430
52,-1242007014_CO,TSS,Inflow,430
89,-1242007014_CO,TSS,Inflow,430
18,-1242007014_CO,TSS,Inflow,430
180,-1242007014_CO,TSS,Inflow,430
18,-1242007014_CO,TSS,Inflow,431
232,-1242007014_CO,TSS,Inflow,431
180,-1242007014_CO,TSS,Inflow,431
8,-1242007014_CO,TSS,Inflow,431
89,-1242007014_CO,TSS,Inflow,431
40,-1242007014_CO,TSS,Inflow,432
18,-1242007014_CO,TSS,Inflow,432
39,-1242007014_CO,TSS,Inflow,432
8,-1242007014_CO,TSS,Inflow,432
176,-1242007014_CO,TSS,Inflow,432
58,-1242007014_CO,TSS,Inflow,433
18,-1242007014_CO,TSS,Inflow,433
180,-1242007014_CO,TSS,Inflow,433
52,-1242007014_CO,TSS,Inflow,433
7,-1242007014_CO,TSS,Inflow,433
180,-1242007014_CO,TSS,Inflow,434
8,-1242007014_CO,TSS,Inflow,434
18,-1242007014_CO,TSS,Inflow,434
40,-1242007014_CO,TSS,Inflow,434
89,-1242007014_CO,TSS,Inflow,434
7,-1242007014_CO,TSS,Inflow,435
42,-1242007014_CO,TSS,Inflow,435
103,-1242007014_CO,TSS,Inflow,435
18,-1242007014_CO,TSS,Inflow,435
58,-1242007014_CO,TSS,Inflow,435
103,-1242007014_CO,TSS,Inflow,436
52,-1242007014_CO,TSS,Inflow,436
180,-1242007014_CO,TSS,Inflow,436
89,-1242007014_CO,TSS,Inflow,436
232,-1242007014_CO,TSS,Inflow,436
7,-1242007014_CO,TSS,Inflow,437
52,-1242007014_CO,TSS,Inflow,437
52,-1242007014_CO,TSS,Inflow,437
18,-1242007014_CO,TSS,Inflow,437
18,-1242007014_CO,TSS,Inflow,437
103,-1242007014_CO,TSS,Inflow,438
40,-1242007014_CO,TSS,Inflow,438
8,-1242007014_CO,TSS,Inflow,438
18,-1242007014_CO,TSS,Inflow,438
39,-1242007014_CO,TSS,Inflow,438
7,-1242007014_CO,TSS,Inflow,439
58,-1242007014_CO,TSS,Inflow,439
42,-1242007014_CO,TSS,Inflow,439
40,-1242007014_CO,TSS,Inflow,439
103,-1242007014_CO,TSS,Inflow,439
103,-1242007014_CO,TSS,Inflow,440
39,-1242007014_CO,TSS,Inflow,440
18,-1242007014_CO,TSS,Inflow,440
176,-1242007014_CO,TSS,Inflow,440
8,-1242007014_CO,TSS,Inflow,440
7,-1242007014_CO,TSS,Inflow,441
52,-1242007014_CO,TSS,Inflow,441
42,-1242007014_CO,TSS,Inflow,441
89,-1242007014_CO,TSS,Inflow,441
18,-1242007014_CO,TSS,Inflow,441
18,-1242007014_CO,TSS,Inflow,442
7,-1242007014_CO,TSS,Inflow,442
52,-1242007014_CO,TSS,Inflow,442
58,-1242007014_CO,TSS,Inflow,442
8,-1242007014_CO,TSS,Inflow,442
39,-1242007014_CO,TSS,Inflow,443
180,-1242007014_CO,TSS,Inflow,443
18,-1242007014_CO,TSS,Inflow,443
42,-1242007014_CO,TSS,Inflow,443
8,-1242007014_CO,TSS,Inflow,443
42,-1242007014_CO,TSS,Inflow,444
40,-1242007014_CO,TSS,Inflow,444
18,-1242007014_CO,TSS,Inflow,444
180,-1242007014_CO,TSS,Inflow,444
18,-1242007014_CO,TSS,Inflow,444
8,-1242007014_CO,TSS,Inflow,445
52,-1242007014_CO,TSS,Inflow,445
52,-1242007014_CO,TSS,Inflow,445
232,-1242007014_CO,TSS,Inflow,445
89,-1242007014_CO,TSS,Inflow,445
232,-1242007014_CO,TSS,Inflow,446
18,-1242007014_CO,TSS,Inflow,446
180,-1242007014_CO,TSS,Inflow,446
52,-1242007014_CO,TSS,Inflow,446
103,-1242007014_CO,TSS,Inflow,446
180,-1242007014_CO,TSS,Inflow,447
52,-1242007014_CO,TSS,Inflow,447
89,-1242007014_CO,TSS,Inflow,447
232,-1242007014_CO,TSS,Inflow,447
103,-1242007014_CO,TSS,Inflow,447
8,-1242007014_CO,TSS,Inflow,448
232,-1242007014_CO,TSS,Inflow,448
18,-1242007014_CO,TSS,Inflow,448
52,-1242007014_CO,TSS,Inflow,448
58,-1242007014_CO,TSS,Inflow,448
42,-1242007014_CO,TSS,Inflow,449
232,-1242007014_CO,TSS,Inflow,449
18,-1242007014_CO,TSS,Inflow,449
58,-1242007014_CO,TSS,Inflow,449
52,-1242007014_CO,TSS,Inflow,449
7,-1242007014_CO,TSS,Inflow,450
18,-1242007014_CO,TSS,Inflow,450
52,-1242007014_CO,TSS,Inflow,450
58,-1242007014_CO,TSS,Inflow,450
18,-1242007014_CO,TSS,Inflow,450
52,-1242007014_CO,TSS,Inflow,451
18,-1242007014_CO,TSS,Inflow,451
18,-1242007014_CO,TSS,Inflow,451
58,-1242007014_CO,TSS,Inflow,451
89,-1242007014_CO,TSS,Inflow,451
7,-1242007014_CO,TSS,Inflow,452
39,-1242007014_CO,TSS,Inflow,452
18,-1242007014_CO,TSS,Inflow,452
232,-1242007014_CO,TSS,Inflow,452
40,-1242007014_CO,TSS,Inflow,452
176,-1242007014_CO,TSS,Inflow,453
232,-1242007014_CO,TSS,Inflow,453
39,-1242007014_CO,TSS,Inflow,453
52,-1242007014_CO,TSS,Inflow,453
18,-1242007014_CO,TSS,Inflow,453
232,-1242007014_CO,TSS,Inflow,454
18,-1242007014_CO,TSS,Inflow,454
89,-1242007014_CO,TSS,Inflow,454
176,-1242007014_CO,TSS,Inflow,454
180,-1242007014_CO,TSS,Inflow,454
40,-1242007014_CO,TSS,Inflow,455
18,-1242007014_CO,TSS,Inflow,455
103,-1242007014_CO,TSS,Inflow,455
89,-1242007014_CO,TSS,Inflow,455
18,-1242007014_CO,TSS,Inflow,455
103,-1242007014_CO,TSS,Inflow,456
42,-1242007014_CO,TSS,Inflow,456
176,-1242007014_CO,TSS,Inflow,456
232,-1242007014_CO,TSS,Inflow,456
18,-1242007014_CO,TSS,Inflow,456
176,-1242007014_CO,TSS,Inflow,457
58,-1242007014_CO,TSS,Inflow,457
103,-1242007014_CO,TSS,Inflow,457
180,-1242007014_CO,TSS,Inflow,457
89,-1242007014_CO,TSS,Inflow,457
39,-1242007014_CO,TSS,Inflow,458
232,-1242007014_CO,TSS,Inflow,458
8,-1242007014_CO,TSS,Inflow,458
176,-1242007014_CO,TSS,Inflow,458
103,-1242007014_CO,TSS,Inflow,458
8,-1242007014_CO,TSS,Inflow,459
103,-1242007014_CO,TSS,Inflow,459
42,-1242007014_CO,TSS,Inflow,459
18,-1242007014_CO,TSS,Inflow,459
180,-1242007014_CO,TSS,Inflow,459
103,-1242007014_CO,TSS,Inflow,460
58,-1242007014_CO,TSS,Inflow,460
52,-1242007014_CO,TSS,Inflow,460
7,-1242007014_CO,TSS,Inflow,460
176,-1242007014_CO,TSS,Inflow,460
89,-1242007014_CO,TSS,Inflow,461
8,-1242007014_CO,TSS,Inflow,461
180,-1242007014_CO,TSS,Inflow,461
7,-1242007014_CO,TSS,Inflow,461
40,-1242007014_CO,TSS,Inflow,461
7,-1242007014_CO,TSS,Inflow,462
39,-1242007014_CO,TSS,Inflow,462
52,-1242007014_CO,TSS,Inflow,462
58,-1242007014_CO,TSS,Inflow,462
52,-1242007014_CO,TSS,Inflow,462
42,-1242007014_CO,TSS,Inflow,463
39,-1242007014_CO,TSS,Inflow,463
180,-1242007014_CO,TSS,Inflow,463
52,-1242007014_CO,TSS,Inflow,463
103,-1242007014_CO,TSS,Inflow,463
40,-1242007014_CO,TSS,Inflow,464
52,-1242007014_CO,TSS,Inflow,464
18,-1242007014_CO,TSS,Inflow,464
39,-1242007014_CO,TSS,Inflow,464
180,-1242007014_CO,TSS,Inflow,464
52,-1242007014_CO,TSS,Inflow,465
8,-1242007014_CO,TSS,Inflow,465
42,-1242007014_CO,TSS,Inflow,465
39,-1242007014_CO,TSS,Inflow,465
103,-1242007014_CO,TSS,Inflow,465
52,-1242007014_CO,TSS,Inflow,466
89,-1242007014_CO,TSS,Inflow,466
232,-1242007014_CO,TSS,Inflow,466
180,-1242007014_CO,TSS,Inflow,466
40,-1242007014_CO,TSS,Inflow,466
176,-1242007014_CO,TSS,Inflow,467
18,-1242007014_CO,TSS,Inflow,467
89,-1242007014_CO,TSS,Inflow,467
7,-1242007014_CO,TSS,Inflow,467
39,-1242007014_CO,TSS,Inflow,467
18,-1242007014_CO,TSS,Inflow,468
103,-1242007014_CO,TSS,Inflow,468
42,-1242007014_CO,TSS,Inflow,468
18,-1242007014_CO,TSS,Inflow,468
52,-1242007014_CO,TSS,Inflow,468
7,-1242007014_CO,TSS,Inflow,469
180,-1242007014_CO,TSS,Inflow,469
52,-1242007014_CO,TSS,Inflow,469
8,-1242007014_CO,TSS,Inflow,469
176,-1242007014_CO,TSS,Inflow,469
39,-1242007014_CO,TSS,Inflow,470
42,-1242007014_CO,TSS,Inflow,470
52,-1242007014_CO,TSS,Inflow,470
52,-1242007014_CO,TSS,Inflow,470
58,-1242007014_CO,TSS,Inflow,470
232,-1242007014_CO,TSS,Inflow,471
52,-1242007014_CO,TSS,Inflow,471
39,-1242007014_CO,TSS,Inflow,471
42,-1242007014_CO,TSS,Inflow,471
58,-1242007014_CO,TSS,Inflow,471
40,-1242007014_CO,TSS,Inflow,472
232,-1242007014_CO,TSS,Inflow,472
39,-1242007014_CO,TSS,Inflow,472
18,-1242007014_CO,TSS,Inflow,472
42,-1242007014_CO,TSS,Inflow,472
42,-1242007014_CO,TSS,Inflow,473
7,-1242007014_CO,TSS,Inflow,473
40,-1242007014_CO,TSS,Inflow,473
58,-1242007014_CO,TSS,Inflow,473
18,-1242007014_CO,TSS,Inflow,473
18,-1242007014_CO,TSS,Inflow,474
176,-1242007014_CO,TSS,Inflow,474
39,-1242007014_CO,TSS,Inflow,474
7,-1242007014_CO,TSS,Inflow,474
42,-1242007014_CO,TSS,Inflow,474
89,-1242007014_CO,TSS,Inflow,475
18,-1242007014_CO,TSS,Inflow,475
8,-1242007014_CO,TSS,Inflow,475
40,-1242007014_CO,TSS,Inflow,475
176,-1242007014_CO,TSS,Inflow,475
18,-1242007014_CO,TSS,Inflow,476
18,-1242007014_CO,TSS,Inflow,476
103,-1242007014_CO,TSS,Inflow,476
42,-1242007014_CO,TSS,Inflow,476
52,-1242007014_CO,TSS,Inflow,476
42,-1242007014_CO,TSS,Inflow,477
103,-1242007014_CO,TSS,Inflow,477
58,-1242007014_CO,TSS,Inflow,477
89,-1242007014_CO,TSS,Inflow,477
8,-1242007014_CO,TSS,Inflow,477
180,-1242007014_CO,TSS,Inflow,478
232,-1242007014_CO,TSS,Inflow,478
52,-1242007014_CO,TSS,Inflow,478
7,-1242007014_CO,TSS,Inflow,478
42,-1242007014_CO,TSS,Inflow,478
18,-1242007014_CO,TSS,Inflow,479
18,-1242007014_CO,TSS,Inflow,479
40,-1242007014_CO,TSS,Inflow,479
232,-1242007014_CO,TSS,Inflow,479
176,-1242007014_CO,TSS,Inflow,479
52,-1242007014_CO,TSS,Inflow,480
58,-1242007014_CO,TSS,Inflow,480
7,-1242007014_CO,TSS,Inflow,480
180,-1242007014_CO,TSS,Inflow,480
176,-1242007014_CO,TSS,Inflow,480
103,-1242007014_CO,TSS,Inflow,481
52,-1242007014_CO,TSS,Inflow,481
176,-1242007014_CO,TSS,Inflow,481
89,-1242007014_CO,TSS,Inflow,481
52,-1242007014_CO,TSS,Inflow,481
8,-1242007014_CO,TSS,Inflow,482
176,-1242007014_CO,TSS,Inflow,482
18,-1242007014_CO,TSS,Inflow,482
52,-1242007014_CO,TSS,Inflow,482
58,-1242007014_CO,TSS,Inflow,482
89,-1242007014_CO,TSS,Inflow,483
232,-1242007014_CO,TSS,Inflow,483
52,-1242007014_CO,TSS,Inflow,483
8,-1242007014_CO,TSS,Inflow,483
39,-1242007014_CO,TSS,Inflow,483
180,-1242007014_CO,TSS,Inflow,484
232,-1242007014_CO,TSS,Inflow,484
89,-1242007014_CO,TSS,Inflow,484
39,-1242007014_CO,TSS,Inflow,484
58,-1242007014_CO,TSS,Inflow,484
103,-1242007014_CO,TSS,Inflow,485
40,-1242007014_CO,TSS,Inflow,485
39,-1242007014_CO,TSS,Inflow,485
42,-1242007014_CO,TSS,Inflow,485
18,-1242007014_CO,TSS,Inflow,485
52,-1242007014_CO,TSS,Inflow,486
39,-1242007014_CO,TSS,Inflow,486
103,-1242007014_CO,TSS,Inflow,486
42,-1242007014_CO,TSS,Inflow,486
180,-1242007014_CO,TSS,Inflow,486
176,-1242007014_CO,TSS,Inflow,487
18,-1242007014_CO,TSS,Inflow,487
52,-1242007014_CO,TSS,Inflow,487
18,-1242007014_CO,TSS,Inflow,487
103,-1242007014_CO,TSS,Inflow,487
7,-1242007014_CO,TSS,Inflow,488
52,-1242007014_CO,TSS,Inflow,488
180,-1242007014_CO,TSS,Inflow,488
58,-1242007014_CO,TSS,Inflow,488
176,-1242007014_CO,TSS,Inflow,488
176,-1242007014_CO,TSS,Inflow,489
89,-1242007014_CO,TSS,Inflow,489
58,-1242007014_CO,TSS,Inflow,489
39,-1242007014_CO,TSS,Inflow,489
103,-1242007014_CO,TSS,Inflow,489
52,-1242007014_CO,TSS,Inflow,490
40,-1242007014_CO,TSS,Inflow,490
103,-1242007014_CO,TSS,Inflow,490
232,-1242007014_CO,TSS,Inflow,490
39,-1242007014_CO,TSS,Inflow,490
52,-1242007014_CO,TSS,Inflow,491
58,-1242007014_CO,TSS,Inflow,491
18,-1242007014_CO,TSS,Inflow,491
40,-1242007014_CO,TSS,Inflow,491
42,-1242007014_CO,TSS,Inflow,491
176,-1242007014_CO,TSS,Inflow,492
89,-1242007014_CO,TSS,Inflow,492
180,-1242007014_CO,TSS,Inflow,492
42,-1242007014_CO,TSS,Inflow,492
232,-1242007014_CO,TSS,Inflow,492
232,-1242007014_CO,TSS,Inflow,493
40,-1242007014_CO,TSS,Inflow,493
7,-1242007014_CO,TSS,Inflow,493
18,-1242007014_CO,TSS,Inflow,493
180,-1242007014_CO,TSS,Inflow,493
180,-1242007014_CO,TSS,Inflow,494
39,-1242007014_CO,TSS,Inflow,494
58,-1242007014_CO,TSS,Inflow,494
18,-1242007014_CO,TSS,Inflow,494
232,-1242007014_CO,TSS,Inflow,494
8,-1242007014_CO,TSS,Inflow,495
39,-1242007014_CO,TSS,Inflow,495
103,-1242007014_CO,TSS,Inflow,495
42,-1242007014_CO,TSS,Inflow,495
58,-1242007014_CO,TSS,Inflow,495
103,-1242007014_CO,TSS,Inflow,496
180,-1242007014_CO,TSS,Inflow,496
7,-1242007014_CO,TSS,Inflow,496
18,-1242007014_CO,TSS,Inflow,496
232,-1242007014_CO,TSS,Inflow,496
176,-1242007014_CO,TSS,Inflow,497
7,-1242007014_CO,TSS,Inflow,497
89,-1242007014_CO,TSS,Inflow,497
58,-1242007014_CO,TSS,Inflow,497
18,-1242007014_CO,TSS,Inflow,497
40,-1242007014_CO,TSS,Inflow,498
18,-1242007014_CO,TSS,Inflow,498
232,-1242007014_CO,TSS,Inflow,498
89,-1242007014_CO,TSS,Inflow,498
52,-1242007014_CO,TSS,Inflow,498
18,-1242007014_CO,TSS,Inflow,499
8,-1242007014_CO,TSS,Inflow,499
39,-1242007014_CO,TSS,Inflow,499
52,-1242007014_CO,TSS,Inflow,499
52,-1242007014_CO,TSS,Inflow,499
39,-1242007014_CO,TSS,Inflow,500
103,-1242007014_CO,TSS,Inflow,500
8,-1242007014_CO,TSS,Inflow,500
58,-1242007014_CO,TSS,Inflow,500
42,-1242007014_CO,TSS,Inflow,500
