EMC,Location,Analyte,Flow,Run
27,-1242007014_CO,TSS,Outflow,1
12,-1242007014_CO,TSS,Outflow,1
13,-1242007014_CO,TSS,Outflow,1
110,-1242007014_CO,TSS,Outflow,1
531,-1242007014_CO,TSS,Outflow,1
531,-1242007014_CO,TSS,Outflow,2
27,-1242007014_CO,TSS,Outflow,2
13,-1242007014_CO,TSS,Outflow,2
110,-1242007014_CO,TSS,Outflow,2
19,-1242007014_CO,TSS,Outflow,2
47,-1242007014_CO,TSS,Outflow,3
23,-1242007014_CO,TSS,Outflow,3
27,-1242007014_CO,TSS,Outflow,3
531,-1242007014_CO,TSS,Outflow,3
26,-1242007014_CO,TSS,Outflow,3
5,-1242007014_CO,TSS,Outflow,4
13,-1242007014_CO,TSS,Outflow,4
25,-1242007014_CO,TSS,Outflow,4
23,-1242007014_CO,TSS,Outflow,4
27,-1242007014_CO,TSS,Outflow,4
12,-1242007014_CO,TSS,Outflow,5
19,-1242007014_CO,TSS,Outflow,5
25,-1242007014_CO,TSS,Outflow,5
531,-1242007014_CO,TSS,Outflow,5
20,-1242007014_CO,TSS,Outflow,5
26,-1242007014_CO,TSS,Outflow,6
6,-1242007014_CO,TSS,Outflow,6
23,-1242007014_CO,TSS,Outflow,6
9,-1242007014_CO,TSS,Outflow,6
27,-1242007014_CO,TSS,Outflow,6
25,-1242007014_CO,TSS,Outflow,7
5,-1242007014_CO,TSS,Outflow,7
19,-1242007014_CO,TSS,Outflow,7
27,-1242007014_CO,TSS,Outflow,7
47,-1242007014_CO,TSS,Outflow,7
22,-1242007014_CO,TSS,Outflow,8
27,-1242007014_CO,TSS,Outflow,8
23,-1242007014_CO,TSS,Outflow,8
12,-1242007014_CO,TSS,Outflow,8
6,-1242007014_CO,TSS,Outflow,8
22,-1242007014_CO,TSS,Outflow,9
12,-1242007014_CO,TSS,Outflow,9
47,-1242007014_CO,TSS,Outflow,9
20,-1242007014_CO,TSS,Outflow,9
13,-1242007014_CO,TSS,Outflow,9
23,-1242007014_CO,TSS,Outflow,10
6,-1242007014_CO,TSS,Outflow,10
9,-1242007014_CO,TSS,Outflow,10
27,-1242007014_CO,TSS,Outflow,10
27,-1242007014_CO,TSS,Outflow,10
20,-1242007014_CO,TSS,Outflow,11
27,-1242007014_CO,TSS,Outflow,11
26,-1242007014_CO,TSS,Outflow,11
19,-1242007014_CO,TSS,Outflow,11
9,-1242007014_CO,TSS,Outflow,11
27,-1242007014_CO,TSS,Outflow,12
27,-1242007014_CO,TSS,Outflow,12
13,-1242007014_CO,TSS,Outflow,12
5,-1242007014_CO,TSS,Outflow,12
13,-1242007014_CO,TSS,Outflow,12
25,-1242007014_CO,TSS,Outflow,13
23,-1242007014_CO,TSS,Outflow,13
110,-1242007014_CO,TSS,Outflow,13
9,-1242007014_CO,TSS,Outflow,13
27,-1242007014_CO,TSS,Outflow,13
5,-1242007014_CO,TSS,Outflow,14
110,-1242007014_CO,TSS,Outflow,14
26,-1242007014_CO,TSS,Outflow,14
23,-1242007014_CO,TSS,Outflow,14
20,-1242007014_CO,TSS,Outflow,14
9,-1242007014_CO,TSS,Outflow,15
27,-1242007014_CO,TSS,Outflow,15
26,-1242007014_CO,TSS,Outflow,15
25,-1242007014_CO,TSS,Outflow,15
13,-1242007014_CO,TSS,Outflow,15
27,-1242007014_CO,TSS,Outflow,16
9,-1242007014_CO,TSS,Outflow,16
13,-1242007014_CO,TSS,Outflow,16
22,-1242007014_CO,TSS,Outflow,16
5,-1242007014_CO,TSS,Outflow,16
22,-1242007014_CO,TSS,Outflow,17
27,-1242007014_CO,TSS,Outflow,17
25,-1242007014_CO,TSS,Outflow,17
531,-1242007014_CO,TSS,Outflow,17
19,-1242007014_CO,TSS,Outflow,17
19,-1242007014_CO,TSS,Outflow,18
26,-1242007014_CO,TSS,Outflow,18
13,-1242007014_CO,TSS,Outflow,18
5,-1242007014_CO,TSS,Outflow,18
13,-1242007014_CO,TSS,Outflow,18
22,-1242007014_CO,TSS,Outflow,19
27,-1242007014_CO,TSS,Outflow,19
13,-1242007014_CO,TSS,Outflow,19
531,-1242007014_CO,TSS,Outflow,19
27,-1242007014_CO,TSS,Outflow,19
9,-1242007014_CO,TSS,Outflow,20
27,-1242007014_CO,TSS,Outflow,20
13,-1242007014_CO,TSS,Outflow,20
23,-1242007014_CO,TSS,Outflow,20
531,-1242007014_CO,TSS,Outflow,20
5,-1242007014_CO,TSS,Outflow,21
12,-1242007014_CO,TSS,Outflow,21
25,-1242007014_CO,TSS,Outflow,21
20,-1242007014_CO,TSS,Outflow,21
22,-1242007014_CO,TSS,Outflow,21
13,-1242007014_CO,TSS,Outflow,22
6,-1242007014_CO,TSS,Outflow,22
9,-1242007014_CO,TSS,Outflow,22
26,-1242007014_CO,TSS,Outflow,22
19,-1242007014_CO,TSS,Outflow,22
47,-1242007014_CO,TSS,Outflow,23
26,-1242007014_CO,TSS,Outflow,23
531,-1242007014_CO,TSS,Outflow,23
6,-1242007014_CO,TSS,Outflow,23
110,-1242007014_CO,TSS,Outflow,23
13,-1242007014_CO,TSS,Outflow,24
110,-1242007014_CO,TSS,Outflow,24
12,-1242007014_CO,TSS,Outflow,24
20,-1242007014_CO,TSS,Outflow,24
27,-1242007014_CO,TSS,Outflow,24
6,-1242007014_CO,TSS,Outflow,25
19,-1242007014_CO,TSS,Outflow,25
23,-1242007014_CO,TSS,Outflow,25
26,-1242007014_CO,TSS,Outflow,25
27,-1242007014_CO,TSS,Outflow,25
13,-1242007014_CO,TSS,Outflow,26
12,-1242007014_CO,TSS,Outflow,26
110,-1242007014_CO,TSS,Outflow,26
27,-1242007014_CO,TSS,Outflow,26
27,-1242007014_CO,TSS,Outflow,26
19,-1242007014_CO,TSS,Outflow,27
13,-1242007014_CO,TSS,Outflow,27
23,-1242007014_CO,TSS,Outflow,27
22,-1242007014_CO,TSS,Outflow,27
47,-1242007014_CO,TSS,Outflow,27
13,-1242007014_CO,TSS,Outflow,28
531,-1242007014_CO,TSS,Outflow,28
9,-1242007014_CO,TSS,Outflow,28
47,-1242007014_CO,TSS,Outflow,28
12,-1242007014_CO,TSS,Outflow,28
9,-1242007014_CO,TSS,Outflow,29
27,-1242007014_CO,TSS,Outflow,29
19,-1242007014_CO,TSS,Outflow,29
26,-1242007014_CO,TSS,Outflow,29
12,-1242007014_CO,TSS,Outflow,29
23,-1242007014_CO,TSS,Outflow,30
13,-1242007014_CO,TSS,Outflow,30
531,-1242007014_CO,TSS,Outflow,30
13,-1242007014_CO,TSS,Outflow,30
19,-1242007014_CO,TSS,Outflow,30
13,-1242007014_CO,TSS,Outflow,31
47,-1242007014_CO,TSS,Outflow,31
26,-1242007014_CO,TSS,Outflow,31
12,-1242007014_CO,TSS,Outflow,31
110,-1242007014_CO,TSS,Outflow,31
27,-1242007014_CO,TSS,Outflow,32
22,-1242007014_CO,TSS,Outflow,32
9,-1242007014_CO,TSS,Outflow,32
12,-1242007014_CO,TSS,Outflow,32
6,-1242007014_CO,TSS,Outflow,32
5,-1242007014_CO,TSS,Outflow,33
27,-1242007014_CO,TSS,Outflow,33
20,-1242007014_CO,TSS,Outflow,33
47,-1242007014_CO,TSS,Outflow,33
110,-1242007014_CO,TSS,Outflow,33
27,-1242007014_CO,TSS,Outflow,34
26,-1242007014_CO,TSS,Outflow,34
531,-1242007014_CO,TSS,Outflow,34
27,-1242007014_CO,TSS,Outflow,34
110,-1242007014_CO,TSS,Outflow,34
26,-1242007014_CO,TSS,Outflow,35
47,-1242007014_CO,TSS,Outflow,35
13,-1242007014_CO,TSS,Outflow,35
531,-1242007014_CO,TSS,Outflow,35
27,-1242007014_CO,TSS,Outflow,35
47,-1242007014_CO,TSS,Outflow,36
5,-1242007014_CO,TSS,Outflow,36
27,-1242007014_CO,TSS,Outflow,36
23,-1242007014_CO,TSS,Outflow,36
9,-1242007014_CO,TSS,Outflow,36
22,-1242007014_CO,TSS,Outflow,37
110,-1242007014_CO,TSS,Outflow,37
9,-1242007014_CO,TSS,Outflow,37
531,-1242007014_CO,TSS,Outflow,37
23,-1242007014_CO,TSS,Outflow,37
27,-1242007014_CO,TSS,Outflow,38
13,-1242007014_CO,TSS,Outflow,38
23,-1242007014_CO,TSS,Outflow,38
12,-1242007014_CO,TSS,Outflow,38
6,-1242007014_CO,TSS,Outflow,38
26,-1242007014_CO,TSS,Outflow,39
47,-1242007014_CO,TSS,Outflow,39
22,-1242007014_CO,TSS,Outflow,39
23,-1242007014_CO,TSS,Outflow,39
12,-1242007014_CO,TSS,Outflow,39
9,-1242007014_CO,TSS,Outflow,40
6,-1242007014_CO,TSS,Outflow,40
27,-1242007014_CO,TSS,Outflow,40
110,-1242007014_CO,TSS,Outflow,40
5,-1242007014_CO,TSS,Outflow,40
12,-1242007014_CO,TSS,Outflow,41
5,-1242007014_CO,TSS,Outflow,41
13,-1242007014_CO,TSS,Outflow,41
13,-1242007014_CO,TSS,Outflow,41
6,-1242007014_CO,TSS,Outflow,41
27,-1242007014_CO,TSS,Outflow,42
531,-1242007014_CO,TSS,Outflow,42
27,-1242007014_CO,TSS,Outflow,42
6,-1242007014_CO,TSS,Outflow,42
110,-1242007014_CO,TSS,Outflow,42
9,-1242007014_CO,TSS,Outflow,43
6,-1242007014_CO,TSS,Outflow,43
47,-1242007014_CO,TSS,Outflow,43
19,-1242007014_CO,TSS,Outflow,43
22,-1242007014_CO,TSS,Outflow,43
12,-1242007014_CO,TSS,Outflow,44
27,-1242007014_CO,TSS,Outflow,44
110,-1242007014_CO,TSS,Outflow,44
25,-1242007014_CO,TSS,Outflow,44
5,-1242007014_CO,TSS,Outflow,44
20,-1242007014_CO,TSS,Outflow,45
23,-1242007014_CO,TSS,Outflow,45
19,-1242007014_CO,TSS,Outflow,45
5,-1242007014_CO,TSS,Outflow,45
25,-1242007014_CO,TSS,Outflow,45
23,-1242007014_CO,TSS,Outflow,46
531,-1242007014_CO,TSS,Outflow,46
22,-1242007014_CO,TSS,Outflow,46
5,-1242007014_CO,TSS,Outflow,46
110,-1242007014_CO,TSS,Outflow,46
47,-1242007014_CO,TSS,Outflow,47
27,-1242007014_CO,TSS,Outflow,47
6,-1242007014_CO,TSS,Outflow,47
19,-1242007014_CO,TSS,Outflow,47
5,-1242007014_CO,TSS,Outflow,47
110,-1242007014_CO,TSS,Outflow,48
20,-1242007014_CO,TSS,Outflow,48
22,-1242007014_CO,TSS,Outflow,48
47,-1242007014_CO,TSS,Outflow,48
5,-1242007014_CO,TSS,Outflow,48
25,-1242007014_CO,TSS,Outflow,49
531,-1242007014_CO,TSS,Outflow,49
12,-1242007014_CO,TSS,Outflow,49
27,-1242007014_CO,TSS,Outflow,49
26,-1242007014_CO,TSS,Outflow,49
9,-1242007014_CO,TSS,Outflow,50
25,-1242007014_CO,TSS,Outflow,50
531,-1242007014_CO,TSS,Outflow,50
110,-1242007014_CO,TSS,Outflow,50
6,-1242007014_CO,TSS,Outflow,50
19,-1242007014_CO,TSS,Outflow,51
13,-1242007014_CO,TSS,Outflow,51
47,-1242007014_CO,TSS,Outflow,51
13,-1242007014_CO,TSS,Outflow,51
27,-1242007014_CO,TSS,Outflow,51
13,-1242007014_CO,TSS,Outflow,52
19,-1242007014_CO,TSS,Outflow,52
9,-1242007014_CO,TSS,Outflow,52
25,-1242007014_CO,TSS,Outflow,52
5,-1242007014_CO,TSS,Outflow,52
5,-1242007014_CO,TSS,Outflow,53
27,-1242007014_CO,TSS,Outflow,53
13,-1242007014_CO,TSS,Outflow,53
23,-1242007014_CO,TSS,Outflow,53
27,-1242007014_CO,TSS,Outflow,53
27,-1242007014_CO,TSS,Outflow,54
26,-1242007014_CO,TSS,Outflow,54
531,-1242007014_CO,TSS,Outflow,54
110,-1242007014_CO,TSS,Outflow,54
13,-1242007014_CO,TSS,Outflow,54
5,-1242007014_CO,TSS,Outflow,55
26,-1242007014_CO,TSS,Outflow,55
23,-1242007014_CO,TSS,Outflow,55
9,-1242007014_CO,TSS,Outflow,55
47,-1242007014_CO,TSS,Outflow,55
13,-1242007014_CO,TSS,Outflow,56
47,-1242007014_CO,TSS,Outflow,56
110,-1242007014_CO,TSS,Outflow,56
19,-1242007014_CO,TSS,Outflow,56
531,-1242007014_CO,TSS,Outflow,56
19,-1242007014_CO,TSS,Outflow,57
6,-1242007014_CO,TSS,Outflow,57
13,-1242007014_CO,TSS,Outflow,57
27,-1242007014_CO,TSS,Outflow,57
110,-1242007014_CO,TSS,Outflow,57
13,-1242007014_CO,TSS,Outflow,58
19,-1242007014_CO,TSS,Outflow,58
27,-1242007014_CO,TSS,Outflow,58
6,-1242007014_CO,TSS,Outflow,58
22,-1242007014_CO,TSS,Outflow,58
20,-1242007014_CO,TSS,Outflow,59
13,-1242007014_CO,TSS,Outflow,59
13,-1242007014_CO,TSS,Outflow,59
5,-1242007014_CO,TSS,Outflow,59
9,-1242007014_CO,TSS,Outflow,59
110,-1242007014_CO,TSS,Outflow,60
47,-1242007014_CO,TSS,Outflow,60
5,-1242007014_CO,TSS,Outflow,60
19,-1242007014_CO,TSS,Outflow,60
20,-1242007014_CO,TSS,Outflow,60
25,-1242007014_CO,TSS,Outflow,61
47,-1242007014_CO,TSS,Outflow,61
22,-1242007014_CO,TSS,Outflow,61
5,-1242007014_CO,TSS,Outflow,61
13,-1242007014_CO,TSS,Outflow,61
6,-1242007014_CO,TSS,Outflow,62
27,-1242007014_CO,TSS,Outflow,62
9,-1242007014_CO,TSS,Outflow,62
531,-1242007014_CO,TSS,Outflow,62
25,-1242007014_CO,TSS,Outflow,62
27,-1242007014_CO,TSS,Outflow,63
12,-1242007014_CO,TSS,Outflow,63
5,-1242007014_CO,TSS,Outflow,63
13,-1242007014_CO,TSS,Outflow,63
47,-1242007014_CO,TSS,Outflow,63
13,-1242007014_CO,TSS,Outflow,64
26,-1242007014_CO,TSS,Outflow,64
20,-1242007014_CO,TSS,Outflow,64
25,-1242007014_CO,TSS,Outflow,64
5,-1242007014_CO,TSS,Outflow,64
20,-1242007014_CO,TSS,Outflow,65
26,-1242007014_CO,TSS,Outflow,65
27,-1242007014_CO,TSS,Outflow,65
27,-1242007014_CO,TSS,Outflow,65
13,-1242007014_CO,TSS,Outflow,65
20,-1242007014_CO,TSS,Outflow,66
27,-1242007014_CO,TSS,Outflow,66
12,-1242007014_CO,TSS,Outflow,66
22,-1242007014_CO,TSS,Outflow,66
47,-1242007014_CO,TSS,Outflow,66
531,-1242007014_CO,TSS,Outflow,67
110,-1242007014_CO,TSS,Outflow,67
25,-1242007014_CO,TSS,Outflow,67
20,-1242007014_CO,TSS,Outflow,67
47,-1242007014_CO,TSS,Outflow,67
22,-1242007014_CO,TSS,Outflow,68
13,-1242007014_CO,TSS,Outflow,68
26,-1242007014_CO,TSS,Outflow,68
12,-1242007014_CO,TSS,Outflow,68
110,-1242007014_CO,TSS,Outflow,68
26,-1242007014_CO,TSS,Outflow,69
531,-1242007014_CO,TSS,Outflow,69
20,-1242007014_CO,TSS,Outflow,69
19,-1242007014_CO,TSS,Outflow,69
5,-1242007014_CO,TSS,Outflow,69
27,-1242007014_CO,TSS,Outflow,70
27,-1242007014_CO,TSS,Outflow,70
12,-1242007014_CO,TSS,Outflow,70
110,-1242007014_CO,TSS,Outflow,70
20,-1242007014_CO,TSS,Outflow,70
12,-1242007014_CO,TSS,Outflow,71
22,-1242007014_CO,TSS,Outflow,71
23,-1242007014_CO,TSS,Outflow,71
26,-1242007014_CO,TSS,Outflow,71
110,-1242007014_CO,TSS,Outflow,71
19,-1242007014_CO,TSS,Outflow,72
23,-1242007014_CO,TSS,Outflow,72
531,-1242007014_CO,TSS,Outflow,72
6,-1242007014_CO,TSS,Outflow,72
25,-1242007014_CO,TSS,Outflow,72
13,-1242007014_CO,TSS,Outflow,73
12,-1242007014_CO,TSS,Outflow,73
9,-1242007014_CO,TSS,Outflow,73
47,-1242007014_CO,TSS,Outflow,73
531,-1242007014_CO,TSS,Outflow,73
12,-1242007014_CO,TSS,Outflow,74
5,-1242007014_CO,TSS,Outflow,74
13,-1242007014_CO,TSS,Outflow,74
9,-1242007014_CO,TSS,Outflow,74
47,-1242007014_CO,TSS,Outflow,74
13,-1242007014_CO,TSS,Outflow,75
23,-1242007014_CO,TSS,Outflow,75
13,-1242007014_CO,TSS,Outflow,75
19,-1242007014_CO,TSS,Outflow,75
22,-1242007014_CO,TSS,Outflow,75
22,-1242007014_CO,TSS,Outflow,76
13,-1242007014_CO,TSS,Outflow,76
27,-1242007014_CO,TSS,Outflow,76
531,-1242007014_CO,TSS,Outflow,76
13,-1242007014_CO,TSS,Outflow,76
25,-1242007014_CO,TSS,Outflow,77
110,-1242007014_CO,TSS,Outflow,77
47,-1242007014_CO,TSS,Outflow,77
5,-1242007014_CO,TSS,Outflow,77
20,-1242007014_CO,TSS,Outflow,77
6,-1242007014_CO,TSS,Outflow,78
23,-1242007014_CO,TSS,Outflow,78
110,-1242007014_CO,TSS,Outflow,78
9,-1242007014_CO,TSS,Outflow,78
19,-1242007014_CO,TSS,Outflow,78
13,-1242007014_CO,TSS,Outflow,79
22,-1242007014_CO,TSS,Outflow,79
5,-1242007014_CO,TSS,Outflow,79
26,-1242007014_CO,TSS,Outflow,79
27,-1242007014_CO,TSS,Outflow,79
26,-1242007014_CO,TSS,Outflow,80
531,-1242007014_CO,TSS,Outflow,80
23,-1242007014_CO,TSS,Outflow,80
27,-1242007014_CO,TSS,Outflow,80
19,-1242007014_CO,TSS,Outflow,80
25,-1242007014_CO,TSS,Outflow,81
26,-1242007014_CO,TSS,Outflow,81
13,-1242007014_CO,TSS,Outflow,81
27,-1242007014_CO,TSS,Outflow,81
9,-1242007014_CO,TSS,Outflow,81
26,-1242007014_CO,TSS,Outflow,82
25,-1242007014_CO,TSS,Outflow,82
22,-1242007014_CO,TSS,Outflow,82
47,-1242007014_CO,TSS,Outflow,82
20,-1242007014_CO,TSS,Outflow,82
23,-1242007014_CO,TSS,Outflow,83
110,-1242007014_CO,TSS,Outflow,83
26,-1242007014_CO,TSS,Outflow,83
22,-1242007014_CO,TSS,Outflow,83
6,-1242007014_CO,TSS,Outflow,83
531,-1242007014_CO,TSS,Outflow,84
27,-1242007014_CO,TSS,Outflow,84
47,-1242007014_CO,TSS,Outflow,84
13,-1242007014_CO,TSS,Outflow,84
9,-1242007014_CO,TSS,Outflow,84
12,-1242007014_CO,TSS,Outflow,85
13,-1242007014_CO,TSS,Outflow,85
23,-1242007014_CO,TSS,Outflow,85
25,-1242007014_CO,TSS,Outflow,85
5,-1242007014_CO,TSS,Outflow,85
27,-1242007014_CO,TSS,Outflow,86
19,-1242007014_CO,TSS,Outflow,86
9,-1242007014_CO,TSS,Outflow,86
26,-1242007014_CO,TSS,Outflow,86
23,-1242007014_CO,TSS,Outflow,86
13,-1242007014_CO,TSS,Outflow,87
5,-1242007014_CO,TSS,Outflow,87
110,-1242007014_CO,TSS,Outflow,87
25,-1242007014_CO,TSS,Outflow,87
22,-1242007014_CO,TSS,Outflow,87
27,-1242007014_CO,TSS,Outflow,88
13,-1242007014_CO,TSS,Outflow,88
5,-1242007014_CO,TSS,Outflow,88
23,-1242007014_CO,TSS,Outflow,88
6,-1242007014_CO,TSS,Outflow,88
20,-1242007014_CO,TSS,Outflow,89
25,-1242007014_CO,TSS,Outflow,89
26,-1242007014_CO,TSS,Outflow,89
9,-1242007014_CO,TSS,Outflow,89
13,-1242007014_CO,TSS,Outflow,89
9,-1242007014_CO,TSS,Outflow,90
25,-1242007014_CO,TSS,Outflow,90
531,-1242007014_CO,TSS,Outflow,90
27,-1242007014_CO,TSS,Outflow,90
26,-1242007014_CO,TSS,Outflow,90
5,-1242007014_CO,TSS,Outflow,91
47,-1242007014_CO,TSS,Outflow,91
19,-1242007014_CO,TSS,Outflow,91
20,-1242007014_CO,TSS,Outflow,91
26,-1242007014_CO,TSS,Outflow,91
5,-1242007014_CO,TSS,Outflow,92
27,-1242007014_CO,TSS,Outflow,92
13,-1242007014_CO,TSS,Outflow,92
20,-1242007014_CO,TSS,Outflow,92
6,-1242007014_CO,TSS,Outflow,92
20,-1242007014_CO,TSS,Outflow,93
13,-1242007014_CO,TSS,Outflow,93
13,-1242007014_CO,TSS,Outflow,93
25,-1242007014_CO,TSS,Outflow,93
6,-1242007014_CO,TSS,Outflow,93
13,-1242007014_CO,TSS,Outflow,94
23,-1242007014_CO,TSS,Outflow,94
26,-1242007014_CO,TSS,Outflow,94
27,-1242007014_CO,TSS,Outflow,94
25,-1242007014_CO,TSS,Outflow,94
26,-1242007014_CO,TSS,Outflow,95
110,-1242007014_CO,TSS,Outflow,95
13,-1242007014_CO,TSS,Outflow,95
25,-1242007014_CO,TSS,Outflow,95
47,-1242007014_CO,TSS,Outflow,95
13,-1242007014_CO,TSS,Outflow,96
27,-1242007014_CO,TSS,Outflow,96
23,-1242007014_CO,TSS,Outflow,96
5,-1242007014_CO,TSS,Outflow,96
47,-1242007014_CO,TSS,Outflow,96
9,-1242007014_CO,TSS,Outflow,97
27,-1242007014_CO,TSS,Outflow,97
47,-1242007014_CO,TSS,Outflow,97
531,-1242007014_CO,TSS,Outflow,97
22,-1242007014_CO,TSS,Outflow,97
27,-1242007014_CO,TSS,Outflow,98
26,-1242007014_CO,TSS,Outflow,98
47,-1242007014_CO,TSS,Outflow,98
13,-1242007014_CO,TSS,Outflow,98
23,-1242007014_CO,TSS,Outflow,98
47,-1242007014_CO,TSS,Outflow,99
20,-1242007014_CO,TSS,Outflow,99
13,-1242007014_CO,TSS,Outflow,99
27,-1242007014_CO,TSS,Outflow,99
23,-1242007014_CO,TSS,Outflow,99
23,-1242007014_CO,TSS,Outflow,100
5,-1242007014_CO,TSS,Outflow,100
22,-1242007014_CO,TSS,Outflow,100
26,-1242007014_CO,TSS,Outflow,100
27,-1242007014_CO,TSS,Outflow,100
13,-1242007014_CO,TSS,Outflow,101
19,-1242007014_CO,TSS,Outflow,101
110,-1242007014_CO,TSS,Outflow,101
23,-1242007014_CO,TSS,Outflow,101
47,-1242007014_CO,TSS,Outflow,101
5,-1242007014_CO,TSS,Outflow,102
9,-1242007014_CO,TSS,Outflow,102
23,-1242007014_CO,TSS,Outflow,102
25,-1242007014_CO,TSS,Outflow,102
531,-1242007014_CO,TSS,Outflow,102
13,-1242007014_CO,TSS,Outflow,103
9,-1242007014_CO,TSS,Outflow,103
20,-1242007014_CO,TSS,Outflow,103
19,-1242007014_CO,TSS,Outflow,103
27,-1242007014_CO,TSS,Outflow,103
12,-1242007014_CO,TSS,Outflow,104
26,-1242007014_CO,TSS,Outflow,104
5,-1242007014_CO,TSS,Outflow,104
27,-1242007014_CO,TSS,Outflow,104
25,-1242007014_CO,TSS,Outflow,104
22,-1242007014_CO,TSS,Outflow,105
19,-1242007014_CO,TSS,Outflow,105
13,-1242007014_CO,TSS,Outflow,105
6,-1242007014_CO,TSS,Outflow,105
27,-1242007014_CO,TSS,Outflow,105
22,-1242007014_CO,TSS,Outflow,106
531,-1242007014_CO,TSS,Outflow,106
27,-1242007014_CO,TSS,Outflow,106
47,-1242007014_CO,TSS,Outflow,106
12,-1242007014_CO,TSS,Outflow,106
19,-1242007014_CO,TSS,Outflow,107
12,-1242007014_CO,TSS,Outflow,107
13,-1242007014_CO,TSS,Outflow,107
23,-1242007014_CO,TSS,Outflow,107
13,-1242007014_CO,TSS,Outflow,107
47,-1242007014_CO,TSS,Outflow,108
19,-1242007014_CO,TSS,Outflow,108
20,-1242007014_CO,TSS,Outflow,108
5,-1242007014_CO,TSS,Outflow,108
23,-1242007014_CO,TSS,Outflow,108
531,-1242007014_CO,TSS,Outflow,109
22,-1242007014_CO,TSS,Outflow,109
9,-1242007014_CO,TSS,Outflow,109
13,-1242007014_CO,TSS,Outflow,109
19,-1242007014_CO,TSS,Outflow,109
110,-1242007014_CO,TSS,Outflow,110
22,-1242007014_CO,TSS,Outflow,110
6,-1242007014_CO,TSS,Outflow,110
13,-1242007014_CO,TSS,Outflow,110
19,-1242007014_CO,TSS,Outflow,110
25,-1242007014_CO,TSS,Outflow,111
27,-1242007014_CO,TSS,Outflow,111
22,-1242007014_CO,TSS,Outflow,111
9,-1242007014_CO,TSS,Outflow,111
5,-1242007014_CO,TSS,Outflow,111
9,-1242007014_CO,TSS,Outflow,112
19,-1242007014_CO,TSS,Outflow,112
23,-1242007014_CO,TSS,Outflow,112
22,-1242007014_CO,TSS,Outflow,112
531,-1242007014_CO,TSS,Outflow,112
20,-1242007014_CO,TSS,Outflow,113
12,-1242007014_CO,TSS,Outflow,113
22,-1242007014_CO,TSS,Outflow,113
5,-1242007014_CO,TSS,Outflow,113
25,-1242007014_CO,TSS,Outflow,113
13,-1242007014_CO,TSS,Outflow,114
27,-1242007014_CO,TSS,Outflow,114
26,-1242007014_CO,TSS,Outflow,114
19,-1242007014_CO,TSS,Outflow,114
20,-1242007014_CO,TSS,Outflow,114
23,-1242007014_CO,TSS,Outflow,115
19,-1242007014_CO,TSS,Outflow,115
22,-1242007014_CO,TSS,Outflow,115
25,-1242007014_CO,TSS,Outflow,115
27,-1242007014_CO,TSS,Outflow,115
531,-1242007014_CO,TSS,Outflow,116
12,-1242007014_CO,TSS,Outflow,116
9,-1242007014_CO,TSS,Outflow,116
27,-1242007014_CO,TSS,Outflow,116
19,-1242007014_CO,TSS,Outflow,116
22,-1242007014_CO,TSS,Outflow,117
5,-1242007014_CO,TSS,Outflow,117
110,-1242007014_CO,TSS,Outflow,117
6,-1242007014_CO,TSS,Outflow,117
47,-1242007014_CO,TSS,Outflow,117
9,-1242007014_CO,TSS,Outflow,118
12,-1242007014_CO,TSS,Outflow,118
13,-1242007014_CO,TSS,Outflow,118
20,-1242007014_CO,TSS,Outflow,118
13,-1242007014_CO,TSS,Outflow,118
23,-1242007014_CO,TSS,Outflow,119
20,-1242007014_CO,TSS,Outflow,119
13,-1242007014_CO,TSS,Outflow,119
47,-1242007014_CO,TSS,Outflow,119
6,-1242007014_CO,TSS,Outflow,119
26,-1242007014_CO,TSS,Outflow,120
27,-1242007014_CO,TSS,Outflow,120
6,-1242007014_CO,TSS,Outflow,120
5,-1242007014_CO,TSS,Outflow,120
531,-1242007014_CO,TSS,Outflow,120
110,-1242007014_CO,TSS,Outflow,121
531,-1242007014_CO,TSS,Outflow,121
47,-1242007014_CO,TSS,Outflow,121
22,-1242007014_CO,TSS,Outflow,121
19,-1242007014_CO,TSS,Outflow,121
5,-1242007014_CO,TSS,Outflow,122
27,-1242007014_CO,TSS,Outflow,122
13,-1242007014_CO,TSS,Outflow,122
23,-1242007014_CO,TSS,Outflow,122
19,-1242007014_CO,TSS,Outflow,122
47,-1242007014_CO,TSS,Outflow,123
9,-1242007014_CO,TSS,Outflow,123
27,-1242007014_CO,TSS,Outflow,123
5,-1242007014_CO,TSS,Outflow,123
20,-1242007014_CO,TSS,Outflow,123
13,-1242007014_CO,TSS,Outflow,124
26,-1242007014_CO,TSS,Outflow,124
25,-1242007014_CO,TSS,Outflow,124
12,-1242007014_CO,TSS,Outflow,124
110,-1242007014_CO,TSS,Outflow,124
27,-1242007014_CO,TSS,Outflow,125
25,-1242007014_CO,TSS,Outflow,125
27,-1242007014_CO,TSS,Outflow,125
6,-1242007014_CO,TSS,Outflow,125
20,-1242007014_CO,TSS,Outflow,125
5,-1242007014_CO,TSS,Outflow,126
20,-1242007014_CO,TSS,Outflow,126
531,-1242007014_CO,TSS,Outflow,126
47,-1242007014_CO,TSS,Outflow,126
13,-1242007014_CO,TSS,Outflow,126
12,-1242007014_CO,TSS,Outflow,127
13,-1242007014_CO,TSS,Outflow,127
23,-1242007014_CO,TSS,Outflow,127
47,-1242007014_CO,TSS,Outflow,127
110,-1242007014_CO,TSS,Outflow,127
23,-1242007014_CO,TSS,Outflow,128
13,-1242007014_CO,TSS,Outflow,128
5,-1242007014_CO,TSS,Outflow,128
27,-1242007014_CO,TSS,Outflow,128
26,-1242007014_CO,TSS,Outflow,128
26,-1242007014_CO,TSS,Outflow,129
27,-1242007014_CO,TSS,Outflow,129
5,-1242007014_CO,TSS,Outflow,129
47,-1242007014_CO,TSS,Outflow,129
27,-1242007014_CO,TSS,Outflow,129
531,-1242007014_CO,TSS,Outflow,130
19,-1242007014_CO,TSS,Outflow,130
22,-1242007014_CO,TSS,Outflow,130
25,-1242007014_CO,TSS,Outflow,130
13,-1242007014_CO,TSS,Outflow,130
27,-1242007014_CO,TSS,Outflow,131
26,-1242007014_CO,TSS,Outflow,131
19,-1242007014_CO,TSS,Outflow,131
12,-1242007014_CO,TSS,Outflow,131
27,-1242007014_CO,TSS,Outflow,131
19,-1242007014_CO,TSS,Outflow,132
9,-1242007014_CO,TSS,Outflow,132
20,-1242007014_CO,TSS,Outflow,132
5,-1242007014_CO,TSS,Outflow,132
26,-1242007014_CO,TSS,Outflow,132
26,-1242007014_CO,TSS,Outflow,133
19,-1242007014_CO,TSS,Outflow,133
47,-1242007014_CO,TSS,Outflow,133
23,-1242007014_CO,TSS,Outflow,133
6,-1242007014_CO,TSS,Outflow,133
110,-1242007014_CO,TSS,Outflow,134
27,-1242007014_CO,TSS,Outflow,134
6,-1242007014_CO,TSS,Outflow,134
25,-1242007014_CO,TSS,Outflow,134
22,-1242007014_CO,TSS,Outflow,134
110,-1242007014_CO,TSS,Outflow,135
12,-1242007014_CO,TSS,Outflow,135
13,-1242007014_CO,TSS,Outflow,135
22,-1242007014_CO,TSS,Outflow,135
27,-1242007014_CO,TSS,Outflow,135
13,-1242007014_CO,TSS,Outflow,136
5,-1242007014_CO,TSS,Outflow,136
20,-1242007014_CO,TSS,Outflow,136
27,-1242007014_CO,TSS,Outflow,136
19,-1242007014_CO,TSS,Outflow,136
5,-1242007014_CO,TSS,Outflow,137
22,-1242007014_CO,TSS,Outflow,137
12,-1242007014_CO,TSS,Outflow,137
23,-1242007014_CO,TSS,Outflow,137
19,-1242007014_CO,TSS,Outflow,137
27,-1242007014_CO,TSS,Outflow,138
25,-1242007014_CO,TSS,Outflow,138
531,-1242007014_CO,TSS,Outflow,138
22,-1242007014_CO,TSS,Outflow,138
13,-1242007014_CO,TSS,Outflow,138
19,-1242007014_CO,TSS,Outflow,139
27,-1242007014_CO,TSS,Outflow,139
25,-1242007014_CO,TSS,Outflow,139
110,-1242007014_CO,TSS,Outflow,139
27,-1242007014_CO,TSS,Outflow,139
6,-1242007014_CO,TSS,Outflow,140
25,-1242007014_CO,TSS,Outflow,140
13,-1242007014_CO,TSS,Outflow,140
26,-1242007014_CO,TSS,Outflow,140
27,-1242007014_CO,TSS,Outflow,140
47,-1242007014_CO,TSS,Outflow,141
5,-1242007014_CO,TSS,Outflow,141
27,-1242007014_CO,TSS,Outflow,141
25,-1242007014_CO,TSS,Outflow,141
19,-1242007014_CO,TSS,Outflow,141
26,-1242007014_CO,TSS,Outflow,142
12,-1242007014_CO,TSS,Outflow,142
531,-1242007014_CO,TSS,Outflow,142
6,-1242007014_CO,TSS,Outflow,142
19,-1242007014_CO,TSS,Outflow,142
25,-1242007014_CO,TSS,Outflow,143
27,-1242007014_CO,TSS,Outflow,143
22,-1242007014_CO,TSS,Outflow,143
9,-1242007014_CO,TSS,Outflow,143
23,-1242007014_CO,TSS,Outflow,143
12,-1242007014_CO,TSS,Outflow,144
9,-1242007014_CO,TSS,Outflow,144
5,-1242007014_CO,TSS,Outflow,144
13,-1242007014_CO,TSS,Outflow,144
19,-1242007014_CO,TSS,Outflow,144
110,-1242007014_CO,TSS,Outflow,145
23,-1242007014_CO,TSS,Outflow,145
531,-1242007014_CO,TSS,Outflow,145
25,-1242007014_CO,TSS,Outflow,145
27,-1242007014_CO,TSS,Outflow,145
27,-1242007014_CO,TSS,Outflow,146
13,-1242007014_CO,TSS,Outflow,146
110,-1242007014_CO,TSS,Outflow,146
47,-1242007014_CO,TSS,Outflow,146
13,-1242007014_CO,TSS,Outflow,146
531,-1242007014_CO,TSS,Outflow,147
13,-1242007014_CO,TSS,Outflow,147
13,-1242007014_CO,TSS,Outflow,147
6,-1242007014_CO,TSS,Outflow,147
47,-1242007014_CO,TSS,Outflow,147
26,-1242007014_CO,TSS,Outflow,148
27,-1242007014_CO,TSS,Outflow,148
110,-1242007014_CO,TSS,Outflow,148
25,-1242007014_CO,TSS,Outflow,148
47,-1242007014_CO,TSS,Outflow,148
22,-1242007014_CO,TSS,Outflow,149
13,-1242007014_CO,TSS,Outflow,149
27,-1242007014_CO,TSS,Outflow,149
26,-1242007014_CO,TSS,Outflow,149
13,-1242007014_CO,TSS,Outflow,149
25,-1242007014_CO,TSS,Outflow,150
22,-1242007014_CO,TSS,Outflow,150
13,-1242007014_CO,TSS,Outflow,150
27,-1242007014_CO,TSS,Outflow,150
110,-1242007014_CO,TSS,Outflow,150
5,-1242007014_CO,TSS,Outflow,151
26,-1242007014_CO,TSS,Outflow,151
20,-1242007014_CO,TSS,Outflow,151
9,-1242007014_CO,TSS,Outflow,151
47,-1242007014_CO,TSS,Outflow,151
13,-1242007014_CO,TSS,Outflow,152
110,-1242007014_CO,TSS,Outflow,152
13,-1242007014_CO,TSS,Outflow,152
25,-1242007014_CO,TSS,Outflow,152
6,-1242007014_CO,TSS,Outflow,152
6,-1242007014_CO,TSS,Outflow,153
5,-1242007014_CO,TSS,Outflow,153
27,-1242007014_CO,TSS,Outflow,153
22,-1242007014_CO,TSS,Outflow,153
25,-1242007014_CO,TSS,Outflow,153
20,-1242007014_CO,TSS,Outflow,154
25,-1242007014_CO,TSS,Outflow,154
27,-1242007014_CO,TSS,Outflow,154
9,-1242007014_CO,TSS,Outflow,154
47,-1242007014_CO,TSS,Outflow,154
110,-1242007014_CO,TSS,Outflow,155
531,-1242007014_CO,TSS,Outflow,155
27,-1242007014_CO,TSS,Outflow,155
22,-1242007014_CO,TSS,Outflow,155
9,-1242007014_CO,TSS,Outflow,155
5,-1242007014_CO,TSS,Outflow,156
13,-1242007014_CO,TSS,Outflow,156
27,-1242007014_CO,TSS,Outflow,156
6,-1242007014_CO,TSS,Outflow,156
9,-1242007014_CO,TSS,Outflow,156
20,-1242007014_CO,TSS,Outflow,157
25,-1242007014_CO,TSS,Outflow,157
47,-1242007014_CO,TSS,Outflow,157
27,-1242007014_CO,TSS,Outflow,157
13,-1242007014_CO,TSS,Outflow,157
13,-1242007014_CO,TSS,Outflow,158
25,-1242007014_CO,TSS,Outflow,158
110,-1242007014_CO,TSS,Outflow,158
20,-1242007014_CO,TSS,Outflow,158
9,-1242007014_CO,TSS,Outflow,158
5,-1242007014_CO,TSS,Outflow,159
22,-1242007014_CO,TSS,Outflow,159
531,-1242007014_CO,TSS,Outflow,159
20,-1242007014_CO,TSS,Outflow,159
9,-1242007014_CO,TSS,Outflow,159
20,-1242007014_CO,TSS,Outflow,160
13,-1242007014_CO,TSS,Outflow,160
12,-1242007014_CO,TSS,Outflow,160
6,-1242007014_CO,TSS,Outflow,160
27,-1242007014_CO,TSS,Outflow,160
27,-1242007014_CO,TSS,Outflow,161
27,-1242007014_CO,TSS,Outflow,161
26,-1242007014_CO,TSS,Outflow,161
22,-1242007014_CO,TSS,Outflow,161
6,-1242007014_CO,TSS,Outflow,161
19,-1242007014_CO,TSS,Outflow,162
6,-1242007014_CO,TSS,Outflow,162
13,-1242007014_CO,TSS,Outflow,162
25,-1242007014_CO,TSS,Outflow,162
22,-1242007014_CO,TSS,Outflow,162
531,-1242007014_CO,TSS,Outflow,163
12,-1242007014_CO,TSS,Outflow,163
6,-1242007014_CO,TSS,Outflow,163
19,-1242007014_CO,TSS,Outflow,163
13,-1242007014_CO,TSS,Outflow,163
19,-1242007014_CO,TSS,Outflow,164
13,-1242007014_CO,TSS,Outflow,164
22,-1242007014_CO,TSS,Outflow,164
20,-1242007014_CO,TSS,Outflow,164
6,-1242007014_CO,TSS,Outflow,164
23,-1242007014_CO,TSS,Outflow,165
25,-1242007014_CO,TSS,Outflow,165
6,-1242007014_CO,TSS,Outflow,165
5,-1242007014_CO,TSS,Outflow,165
27,-1242007014_CO,TSS,Outflow,165
531,-1242007014_CO,TSS,Outflow,166
13,-1242007014_CO,TSS,Outflow,166
47,-1242007014_CO,TSS,Outflow,166
25,-1242007014_CO,TSS,Outflow,166
22,-1242007014_CO,TSS,Outflow,166
26,-1242007014_CO,TSS,Outflow,167
27,-1242007014_CO,TSS,Outflow,167
531,-1242007014_CO,TSS,Outflow,167
22,-1242007014_CO,TSS,Outflow,167
19,-1242007014_CO,TSS,Outflow,167
47,-1242007014_CO,TSS,Outflow,168
13,-1242007014_CO,TSS,Outflow,168
6,-1242007014_CO,TSS,Outflow,168
13,-1242007014_CO,TSS,Outflow,168
12,-1242007014_CO,TSS,Outflow,168
20,-1242007014_CO,TSS,Outflow,169
531,-1242007014_CO,TSS,Outflow,169
25,-1242007014_CO,TSS,Outflow,169
12,-1242007014_CO,TSS,Outflow,169
22,-1242007014_CO,TSS,Outflow,169
531,-1242007014_CO,TSS,Outflow,170
25,-1242007014_CO,TSS,Outflow,170
9,-1242007014_CO,TSS,Outflow,170
20,-1242007014_CO,TSS,Outflow,170
22,-1242007014_CO,TSS,Outflow,170
531,-1242007014_CO,TSS,Outflow,171
13,-1242007014_CO,TSS,Outflow,171
20,-1242007014_CO,TSS,Outflow,171
13,-1242007014_CO,TSS,Outflow,171
22,-1242007014_CO,TSS,Outflow,171
22,-1242007014_CO,TSS,Outflow,172
13,-1242007014_CO,TSS,Outflow,172
9,-1242007014_CO,TSS,Outflow,172
12,-1242007014_CO,TSS,Outflow,172
13,-1242007014_CO,TSS,Outflow,172
25,-1242007014_CO,TSS,Outflow,173
20,-1242007014_CO,TSS,Outflow,173
531,-1242007014_CO,TSS,Outflow,173
13,-1242007014_CO,TSS,Outflow,173
23,-1242007014_CO,TSS,Outflow,173
13,-1242007014_CO,TSS,Outflow,174
25,-1242007014_CO,TSS,Outflow,174
22,-1242007014_CO,TSS,Outflow,174
47,-1242007014_CO,TSS,Outflow,174
9,-1242007014_CO,TSS,Outflow,174
23,-1242007014_CO,TSS,Outflow,175
26,-1242007014_CO,TSS,Outflow,175
9,-1242007014_CO,TSS,Outflow,175
19,-1242007014_CO,TSS,Outflow,175
531,-1242007014_CO,TSS,Outflow,175
13,-1242007014_CO,TSS,Outflow,176
25,-1242007014_CO,TSS,Outflow,176
12,-1242007014_CO,TSS,Outflow,176
26,-1242007014_CO,TSS,Outflow,176
47,-1242007014_CO,TSS,Outflow,176
6,-1242007014_CO,TSS,Outflow,177
23,-1242007014_CO,TSS,Outflow,177
27,-1242007014_CO,TSS,Outflow,177
47,-1242007014_CO,TSS,Outflow,177
22,-1242007014_CO,TSS,Outflow,177
13,-1242007014_CO,TSS,Outflow,178
13,-1242007014_CO,TSS,Outflow,178
6,-1242007014_CO,TSS,Outflow,178
27,-1242007014_CO,TSS,Outflow,178
27,-1242007014_CO,TSS,Outflow,178
27,-1242007014_CO,TSS,Outflow,179
22,-1242007014_CO,TSS,Outflow,179
6,-1242007014_CO,TSS,Outflow,179
25,-1242007014_CO,TSS,Outflow,179
47,-1242007014_CO,TSS,Outflow,179
25,-1242007014_CO,TSS,Outflow,180
9,-1242007014_CO,TSS,Outflow,180
22,-1242007014_CO,TSS,Outflow,180
23,-1242007014_CO,TSS,Outflow,180
47,-1242007014_CO,TSS,Outflow,180
531,-1242007014_CO,TSS,Outflow,181
5,-1242007014_CO,TSS,Outflow,181
47,-1242007014_CO,TSS,Outflow,181
12,-1242007014_CO,TSS,Outflow,181
27,-1242007014_CO,TSS,Outflow,181
23,-1242007014_CO,TSS,Outflow,182
26,-1242007014_CO,TSS,Outflow,182
25,-1242007014_CO,TSS,Outflow,182
13,-1242007014_CO,TSS,Outflow,182
9,-1242007014_CO,TSS,Outflow,182
13,-1242007014_CO,TSS,Outflow,183
110,-1242007014_CO,TSS,Outflow,183
9,-1242007014_CO,TSS,Outflow,183
22,-1242007014_CO,TSS,Outflow,183
25,-1242007014_CO,TSS,Outflow,183
5,-1242007014_CO,TSS,Outflow,184
110,-1242007014_CO,TSS,Outflow,184
27,-1242007014_CO,TSS,Outflow,184
531,-1242007014_CO,TSS,Outflow,184
9,-1242007014_CO,TSS,Outflow,184
12,-1242007014_CO,TSS,Outflow,185
9,-1242007014_CO,TSS,Outflow,185
20,-1242007014_CO,TSS,Outflow,185
13,-1242007014_CO,TSS,Outflow,185
19,-1242007014_CO,TSS,Outflow,185
22,-1242007014_CO,TSS,Outflow,186
9,-1242007014_CO,TSS,Outflow,186
12,-1242007014_CO,TSS,Outflow,186
47,-1242007014_CO,TSS,Outflow,186
13,-1242007014_CO,TSS,Outflow,186
12,-1242007014_CO,TSS,Outflow,187
110,-1242007014_CO,TSS,Outflow,187
531,-1242007014_CO,TSS,Outflow,187
13,-1242007014_CO,TSS,Outflow,187
27,-1242007014_CO,TSS,Outflow,187
25,-1242007014_CO,TSS,Outflow,188
531,-1242007014_CO,TSS,Outflow,188
22,-1242007014_CO,TSS,Outflow,188
47,-1242007014_CO,TSS,Outflow,188
9,-1242007014_CO,TSS,Outflow,188
26,-1242007014_CO,TSS,Outflow,189
531,-1242007014_CO,TSS,Outflow,189
20,-1242007014_CO,TSS,Outflow,189
22,-1242007014_CO,TSS,Outflow,189
25,-1242007014_CO,TSS,Outflow,189
22,-1242007014_CO,TSS,Outflow,190
12,-1242007014_CO,TSS,Outflow,190
531,-1242007014_CO,TSS,Outflow,190
13,-1242007014_CO,TSS,Outflow,190
25,-1242007014_CO,TSS,Outflow,190
13,-1242007014_CO,TSS,Outflow,191
25,-1242007014_CO,TSS,Outflow,191
9,-1242007014_CO,TSS,Outflow,191
6,-1242007014_CO,TSS,Outflow,191
12,-1242007014_CO,TSS,Outflow,191
20,-1242007014_CO,TSS,Outflow,192
26,-1242007014_CO,TSS,Outflow,192
23,-1242007014_CO,TSS,Outflow,192
19,-1242007014_CO,TSS,Outflow,192
5,-1242007014_CO,TSS,Outflow,192
13,-1242007014_CO,TSS,Outflow,193
27,-1242007014_CO,TSS,Outflow,193
531,-1242007014_CO,TSS,Outflow,193
27,-1242007014_CO,TSS,Outflow,193
47,-1242007014_CO,TSS,Outflow,193
13,-1242007014_CO,TSS,Outflow,194
110,-1242007014_CO,TSS,Outflow,194
13,-1242007014_CO,TSS,Outflow,194
22,-1242007014_CO,TSS,Outflow,194
27,-1242007014_CO,TSS,Outflow,194
22,-1242007014_CO,TSS,Outflow,195
25,-1242007014_CO,TSS,Outflow,195
27,-1242007014_CO,TSS,Outflow,195
9,-1242007014_CO,TSS,Outflow,195
47,-1242007014_CO,TSS,Outflow,195
22,-1242007014_CO,TSS,Outflow,196
110,-1242007014_CO,TSS,Outflow,196
19,-1242007014_CO,TSS,Outflow,196
27,-1242007014_CO,TSS,Outflow,196
26,-1242007014_CO,TSS,Outflow,196
20,-1242007014_CO,TSS,Outflow,197
47,-1242007014_CO,TSS,Outflow,197
13,-1242007014_CO,TSS,Outflow,197
531,-1242007014_CO,TSS,Outflow,197
9,-1242007014_CO,TSS,Outflow,197
6,-1242007014_CO,TSS,Outflow,198
47,-1242007014_CO,TSS,Outflow,198
23,-1242007014_CO,TSS,Outflow,198
531,-1242007014_CO,TSS,Outflow,198
9,-1242007014_CO,TSS,Outflow,198
20,-1242007014_CO,TSS,Outflow,199
22,-1242007014_CO,TSS,Outflow,199
12,-1242007014_CO,TSS,Outflow,199
26,-1242007014_CO,TSS,Outflow,199
531,-1242007014_CO,TSS,Outflow,199
27,-1242007014_CO,TSS,Outflow,200
23,-1242007014_CO,TSS,Outflow,200
9,-1242007014_CO,TSS,Outflow,200
25,-1242007014_CO,TSS,Outflow,200
6,-1242007014_CO,TSS,Outflow,200
531,-1242007014_CO,TSS,Outflow,201
6,-1242007014_CO,TSS,Outflow,201
27,-1242007014_CO,TSS,Outflow,201
22,-1242007014_CO,TSS,Outflow,201
110,-1242007014_CO,TSS,Outflow,201
531,-1242007014_CO,TSS,Outflow,202
110,-1242007014_CO,TSS,Outflow,202
9,-1242007014_CO,TSS,Outflow,202
5,-1242007014_CO,TSS,Outflow,202
27,-1242007014_CO,TSS,Outflow,202
26,-1242007014_CO,TSS,Outflow,203
13,-1242007014_CO,TSS,Outflow,203
22,-1242007014_CO,TSS,Outflow,203
12,-1242007014_CO,TSS,Outflow,203
531,-1242007014_CO,TSS,Outflow,203
12,-1242007014_CO,TSS,Outflow,204
26,-1242007014_CO,TSS,Outflow,204
13,-1242007014_CO,TSS,Outflow,204
13,-1242007014_CO,TSS,Outflow,204
110,-1242007014_CO,TSS,Outflow,204
27,-1242007014_CO,TSS,Outflow,205
9,-1242007014_CO,TSS,Outflow,205
12,-1242007014_CO,TSS,Outflow,205
23,-1242007014_CO,TSS,Outflow,205
6,-1242007014_CO,TSS,Outflow,205
47,-1242007014_CO,TSS,Outflow,206
20,-1242007014_CO,TSS,Outflow,206
13,-1242007014_CO,TSS,Outflow,206
531,-1242007014_CO,TSS,Outflow,206
5,-1242007014_CO,TSS,Outflow,206
13,-1242007014_CO,TSS,Outflow,207
23,-1242007014_CO,TSS,Outflow,207
27,-1242007014_CO,TSS,Outflow,207
13,-1242007014_CO,TSS,Outflow,207
9,-1242007014_CO,TSS,Outflow,207
13,-1242007014_CO,TSS,Outflow,208
110,-1242007014_CO,TSS,Outflow,208
13,-1242007014_CO,TSS,Outflow,208
27,-1242007014_CO,TSS,Outflow,208
20,-1242007014_CO,TSS,Outflow,208
20,-1242007014_CO,TSS,Outflow,209
9,-1242007014_CO,TSS,Outflow,209
531,-1242007014_CO,TSS,Outflow,209
47,-1242007014_CO,TSS,Outflow,209
12,-1242007014_CO,TSS,Outflow,209
26,-1242007014_CO,TSS,Outflow,210
23,-1242007014_CO,TSS,Outflow,210
531,-1242007014_CO,TSS,Outflow,210
110,-1242007014_CO,TSS,Outflow,210
19,-1242007014_CO,TSS,Outflow,210
27,-1242007014_CO,TSS,Outflow,211
47,-1242007014_CO,TSS,Outflow,211
22,-1242007014_CO,TSS,Outflow,211
5,-1242007014_CO,TSS,Outflow,211
20,-1242007014_CO,TSS,Outflow,211
20,-1242007014_CO,TSS,Outflow,212
27,-1242007014_CO,TSS,Outflow,212
47,-1242007014_CO,TSS,Outflow,212
27,-1242007014_CO,TSS,Outflow,212
25,-1242007014_CO,TSS,Outflow,212
22,-1242007014_CO,TSS,Outflow,213
20,-1242007014_CO,TSS,Outflow,213
531,-1242007014_CO,TSS,Outflow,213
25,-1242007014_CO,TSS,Outflow,213
27,-1242007014_CO,TSS,Outflow,213
9,-1242007014_CO,TSS,Outflow,214
26,-1242007014_CO,TSS,Outflow,214
13,-1242007014_CO,TSS,Outflow,214
13,-1242007014_CO,TSS,Outflow,214
27,-1242007014_CO,TSS,Outflow,214
25,-1242007014_CO,TSS,Outflow,215
13,-1242007014_CO,TSS,Outflow,215
6,-1242007014_CO,TSS,Outflow,215
27,-1242007014_CO,TSS,Outflow,215
110,-1242007014_CO,TSS,Outflow,215
6,-1242007014_CO,TSS,Outflow,216
25,-1242007014_CO,TSS,Outflow,216
13,-1242007014_CO,TSS,Outflow,216
110,-1242007014_CO,TSS,Outflow,216
27,-1242007014_CO,TSS,Outflow,216
6,-1242007014_CO,TSS,Outflow,217
27,-1242007014_CO,TSS,Outflow,217
23,-1242007014_CO,TSS,Outflow,217
20,-1242007014_CO,TSS,Outflow,217
13,-1242007014_CO,TSS,Outflow,217
12,-1242007014_CO,TSS,Outflow,218
19,-1242007014_CO,TSS,Outflow,218
26,-1242007014_CO,TSS,Outflow,218
6,-1242007014_CO,TSS,Outflow,218
531,-1242007014_CO,TSS,Outflow,218
5,-1242007014_CO,TSS,Outflow,219
110,-1242007014_CO,TSS,Outflow,219
22,-1242007014_CO,TSS,Outflow,219
26,-1242007014_CO,TSS,Outflow,219
19,-1242007014_CO,TSS,Outflow,219
13,-1242007014_CO,TSS,Outflow,220
6,-1242007014_CO,TSS,Outflow,220
26,-1242007014_CO,TSS,Outflow,220
27,-1242007014_CO,TSS,Outflow,220
25,-1242007014_CO,TSS,Outflow,220
13,-1242007014_CO,TSS,Outflow,221
27,-1242007014_CO,TSS,Outflow,221
19,-1242007014_CO,TSS,Outflow,221
9,-1242007014_CO,TSS,Outflow,221
5,-1242007014_CO,TSS,Outflow,221
12,-1242007014_CO,TSS,Outflow,222
26,-1242007014_CO,TSS,Outflow,222
27,-1242007014_CO,TSS,Outflow,222
47,-1242007014_CO,TSS,Outflow,222
531,-1242007014_CO,TSS,Outflow,222
27,-1242007014_CO,TSS,Outflow,223
19,-1242007014_CO,TSS,Outflow,223
12,-1242007014_CO,TSS,Outflow,223
6,-1242007014_CO,TSS,Outflow,223
531,-1242007014_CO,TSS,Outflow,223
27,-1242007014_CO,TSS,Outflow,224
5,-1242007014_CO,TSS,Outflow,224
22,-1242007014_CO,TSS,Outflow,224
13,-1242007014_CO,TSS,Outflow,224
19,-1242007014_CO,TSS,Outflow,224
20,-1242007014_CO,TSS,Outflow,225
27,-1242007014_CO,TSS,Outflow,225
26,-1242007014_CO,TSS,Outflow,225
6,-1242007014_CO,TSS,Outflow,225
19,-1242007014_CO,TSS,Outflow,225
22,-1242007014_CO,TSS,Outflow,226
19,-1242007014_CO,TSS,Outflow,226
5,-1242007014_CO,TSS,Outflow,226
13,-1242007014_CO,TSS,Outflow,226
12,-1242007014_CO,TSS,Outflow,226
110,-1242007014_CO,TSS,Outflow,227
19,-1242007014_CO,TSS,Outflow,227
5,-1242007014_CO,TSS,Outflow,227
27,-1242007014_CO,TSS,Outflow,227
26,-1242007014_CO,TSS,Outflow,227
20,-1242007014_CO,TSS,Outflow,228
12,-1242007014_CO,TSS,Outflow,228
23,-1242007014_CO,TSS,Outflow,228
27,-1242007014_CO,TSS,Outflow,228
26,-1242007014_CO,TSS,Outflow,228
27,-1242007014_CO,TSS,Outflow,229
6,-1242007014_CO,TSS,Outflow,229
47,-1242007014_CO,TSS,Outflow,229
5,-1242007014_CO,TSS,Outflow,229
12,-1242007014_CO,TSS,Outflow,229
22,-1242007014_CO,TSS,Outflow,230
20,-1242007014_CO,TSS,Outflow,230
110,-1242007014_CO,TSS,Outflow,230
26,-1242007014_CO,TSS,Outflow,230
12,-1242007014_CO,TSS,Outflow,230
27,-1242007014_CO,TSS,Outflow,231
25,-1242007014_CO,TSS,Outflow,231
13,-1242007014_CO,TSS,Outflow,231
13,-1242007014_CO,TSS,Outflow,231
531,-1242007014_CO,TSS,Outflow,231
5,-1242007014_CO,TSS,Outflow,232
6,-1242007014_CO,TSS,Outflow,232
19,-1242007014_CO,TSS,Outflow,232
27,-1242007014_CO,TSS,Outflow,232
26,-1242007014_CO,TSS,Outflow,232
27,-1242007014_CO,TSS,Outflow,233
12,-1242007014_CO,TSS,Outflow,233
13,-1242007014_CO,TSS,Outflow,233
26,-1242007014_CO,TSS,Outflow,233
47,-1242007014_CO,TSS,Outflow,233
27,-1242007014_CO,TSS,Outflow,234
26,-1242007014_CO,TSS,Outflow,234
47,-1242007014_CO,TSS,Outflow,234
13,-1242007014_CO,TSS,Outflow,234
9,-1242007014_CO,TSS,Outflow,234
26,-1242007014_CO,TSS,Outflow,235
110,-1242007014_CO,TSS,Outflow,235
27,-1242007014_CO,TSS,Outflow,235
531,-1242007014_CO,TSS,Outflow,235
27,-1242007014_CO,TSS,Outflow,235
27,-1242007014_CO,TSS,Outflow,236
47,-1242007014_CO,TSS,Outflow,236
26,-1242007014_CO,TSS,Outflow,236
531,-1242007014_CO,TSS,Outflow,236
23,-1242007014_CO,TSS,Outflow,236
110,-1242007014_CO,TSS,Outflow,237
13,-1242007014_CO,TSS,Outflow,237
26,-1242007014_CO,TSS,Outflow,237
22,-1242007014_CO,TSS,Outflow,237
13,-1242007014_CO,TSS,Outflow,237
22,-1242007014_CO,TSS,Outflow,238
110,-1242007014_CO,TSS,Outflow,238
13,-1242007014_CO,TSS,Outflow,238
19,-1242007014_CO,TSS,Outflow,238
9,-1242007014_CO,TSS,Outflow,238
27,-1242007014_CO,TSS,Outflow,239
25,-1242007014_CO,TSS,Outflow,239
531,-1242007014_CO,TSS,Outflow,239
22,-1242007014_CO,TSS,Outflow,239
23,-1242007014_CO,TSS,Outflow,239
20,-1242007014_CO,TSS,Outflow,240
110,-1242007014_CO,TSS,Outflow,240
9,-1242007014_CO,TSS,Outflow,240
25,-1242007014_CO,TSS,Outflow,240
27,-1242007014_CO,TSS,Outflow,240
47,-1242007014_CO,TSS,Outflow,241
9,-1242007014_CO,TSS,Outflow,241
27,-1242007014_CO,TSS,Outflow,241
5,-1242007014_CO,TSS,Outflow,241
6,-1242007014_CO,TSS,Outflow,241
27,-1242007014_CO,TSS,Outflow,242
27,-1242007014_CO,TSS,Outflow,242
19,-1242007014_CO,TSS,Outflow,242
110,-1242007014_CO,TSS,Outflow,242
47,-1242007014_CO,TSS,Outflow,242
6,-1242007014_CO,TSS,Outflow,243
47,-1242007014_CO,TSS,Outflow,243
26,-1242007014_CO,TSS,Outflow,243
22,-1242007014_CO,TSS,Outflow,243
20,-1242007014_CO,TSS,Outflow,243
27,-1242007014_CO,TSS,Outflow,244
23,-1242007014_CO,TSS,Outflow,244
19,-1242007014_CO,TSS,Outflow,244
13,-1242007014_CO,TSS,Outflow,244
12,-1242007014_CO,TSS,Outflow,244
13,-1242007014_CO,TSS,Outflow,245
26,-1242007014_CO,TSS,Outflow,245
13,-1242007014_CO,TSS,Outflow,245
25,-1242007014_CO,TSS,Outflow,245
5,-1242007014_CO,TSS,Outflow,245
22,-1242007014_CO,TSS,Outflow,246
19,-1242007014_CO,TSS,Outflow,246
12,-1242007014_CO,TSS,Outflow,246
47,-1242007014_CO,TSS,Outflow,246
23,-1242007014_CO,TSS,Outflow,246
6,-1242007014_CO,TSS,Outflow,247
5,-1242007014_CO,TSS,Outflow,247
23,-1242007014_CO,TSS,Outflow,247
19,-1242007014_CO,TSS,Outflow,247
13,-1242007014_CO,TSS,Outflow,247
20,-1242007014_CO,TSS,Outflow,248
9,-1242007014_CO,TSS,Outflow,248
13,-1242007014_CO,TSS,Outflow,248
26,-1242007014_CO,TSS,Outflow,248
25,-1242007014_CO,TSS,Outflow,248
25,-1242007014_CO,TSS,Outflow,249
23,-1242007014_CO,TSS,Outflow,249
12,-1242007014_CO,TSS,Outflow,249
27,-1242007014_CO,TSS,Outflow,249
9,-1242007014_CO,TSS,Outflow,249
47,-1242007014_CO,TSS,Outflow,250
13,-1242007014_CO,TSS,Outflow,250
9,-1242007014_CO,TSS,Outflow,250
27,-1242007014_CO,TSS,Outflow,250
20,-1242007014_CO,TSS,Outflow,250
13,-1242007014_CO,TSS,Outflow,251
13,-1242007014_CO,TSS,Outflow,251
27,-1242007014_CO,TSS,Outflow,251
20,-1242007014_CO,TSS,Outflow,251
27,-1242007014_CO,TSS,Outflow,251
110,-1242007014_CO,TSS,Outflow,252
23,-1242007014_CO,TSS,Outflow,252
19,-1242007014_CO,TSS,Outflow,252
47,-1242007014_CO,TSS,Outflow,252
20,-1242007014_CO,TSS,Outflow,252
22,-1242007014_CO,TSS,Outflow,253
12,-1242007014_CO,TSS,Outflow,253
13,-1242007014_CO,TSS,Outflow,253
5,-1242007014_CO,TSS,Outflow,253
27,-1242007014_CO,TSS,Outflow,253
13,-1242007014_CO,TSS,Outflow,254
26,-1242007014_CO,TSS,Outflow,254
12,-1242007014_CO,TSS,Outflow,254
23,-1242007014_CO,TSS,Outflow,254
5,-1242007014_CO,TSS,Outflow,254
13,-1242007014_CO,TSS,Outflow,255
25,-1242007014_CO,TSS,Outflow,255
13,-1242007014_CO,TSS,Outflow,255
12,-1242007014_CO,TSS,Outflow,255
19,-1242007014_CO,TSS,Outflow,255
531,-1242007014_CO,TSS,Outflow,256
20,-1242007014_CO,TSS,Outflow,256
12,-1242007014_CO,TSS,Outflow,256
9,-1242007014_CO,TSS,Outflow,256
13,-1242007014_CO,TSS,Outflow,256
20,-1242007014_CO,TSS,Outflow,257
110,-1242007014_CO,TSS,Outflow,257
6,-1242007014_CO,TSS,Outflow,257
27,-1242007014_CO,TSS,Outflow,257
5,-1242007014_CO,TSS,Outflow,257
531,-1242007014_CO,TSS,Outflow,258
5,-1242007014_CO,TSS,Outflow,258
19,-1242007014_CO,TSS,Outflow,258
6,-1242007014_CO,TSS,Outflow,258
20,-1242007014_CO,TSS,Outflow,258
6,-1242007014_CO,TSS,Outflow,259
20,-1242007014_CO,TSS,Outflow,259
9,-1242007014_CO,TSS,Outflow,259
27,-1242007014_CO,TSS,Outflow,259
110,-1242007014_CO,TSS,Outflow,259
27,-1242007014_CO,TSS,Outflow,260
9,-1242007014_CO,TSS,Outflow,260
22,-1242007014_CO,TSS,Outflow,260
20,-1242007014_CO,TSS,Outflow,260
13,-1242007014_CO,TSS,Outflow,260
26,-1242007014_CO,TSS,Outflow,261
531,-1242007014_CO,TSS,Outflow,261
13,-1242007014_CO,TSS,Outflow,261
6,-1242007014_CO,TSS,Outflow,261
23,-1242007014_CO,TSS,Outflow,261
110,-1242007014_CO,TSS,Outflow,262
12,-1242007014_CO,TSS,Outflow,262
5,-1242007014_CO,TSS,Outflow,262
27,-1242007014_CO,TSS,Outflow,262
13,-1242007014_CO,TSS,Outflow,262
23,-1242007014_CO,TSS,Outflow,263
27,-1242007014_CO,TSS,Outflow,263
6,-1242007014_CO,TSS,Outflow,263
13,-1242007014_CO,TSS,Outflow,263
20,-1242007014_CO,TSS,Outflow,263
27,-1242007014_CO,TSS,Outflow,264
26,-1242007014_CO,TSS,Outflow,264
22,-1242007014_CO,TSS,Outflow,264
12,-1242007014_CO,TSS,Outflow,264
25,-1242007014_CO,TSS,Outflow,264
5,-1242007014_CO,TSS,Outflow,265
531,-1242007014_CO,TSS,Outflow,265
13,-1242007014_CO,TSS,Outflow,265
27,-1242007014_CO,TSS,Outflow,265
12,-1242007014_CO,TSS,Outflow,265
12,-1242007014_CO,TSS,Outflow,266
25,-1242007014_CO,TSS,Outflow,266
47,-1242007014_CO,TSS,Outflow,266
13,-1242007014_CO,TSS,Outflow,266
22,-1242007014_CO,TSS,Outflow,266
6,-1242007014_CO,TSS,Outflow,267
23,-1242007014_CO,TSS,Outflow,267
9,-1242007014_CO,TSS,Outflow,267
27,-1242007014_CO,TSS,Outflow,267
531,-1242007014_CO,TSS,Outflow,267
110,-1242007014_CO,TSS,Outflow,268
22,-1242007014_CO,TSS,Outflow,268
20,-1242007014_CO,TSS,Outflow,268
6,-1242007014_CO,TSS,Outflow,268
531,-1242007014_CO,TSS,Outflow,268
20,-1242007014_CO,TSS,Outflow,269
19,-1242007014_CO,TSS,Outflow,269
47,-1242007014_CO,TSS,Outflow,269
22,-1242007014_CO,TSS,Outflow,269
6,-1242007014_CO,TSS,Outflow,269
22,-1242007014_CO,TSS,Outflow,270
26,-1242007014_CO,TSS,Outflow,270
23,-1242007014_CO,TSS,Outflow,270
25,-1242007014_CO,TSS,Outflow,270
9,-1242007014_CO,TSS,Outflow,270
23,-1242007014_CO,TSS,Outflow,271
9,-1242007014_CO,TSS,Outflow,271
47,-1242007014_CO,TSS,Outflow,271
13,-1242007014_CO,TSS,Outflow,271
110,-1242007014_CO,TSS,Outflow,271
12,-1242007014_CO,TSS,Outflow,272
25,-1242007014_CO,TSS,Outflow,272
5,-1242007014_CO,TSS,Outflow,272
13,-1242007014_CO,TSS,Outflow,272
6,-1242007014_CO,TSS,Outflow,272
47,-1242007014_CO,TSS,Outflow,273
13,-1242007014_CO,TSS,Outflow,273
23,-1242007014_CO,TSS,Outflow,273
25,-1242007014_CO,TSS,Outflow,273
9,-1242007014_CO,TSS,Outflow,273
5,-1242007014_CO,TSS,Outflow,274
9,-1242007014_CO,TSS,Outflow,274
47,-1242007014_CO,TSS,Outflow,274
26,-1242007014_CO,TSS,Outflow,274
12,-1242007014_CO,TSS,Outflow,274
6,-1242007014_CO,TSS,Outflow,275
9,-1242007014_CO,TSS,Outflow,275
110,-1242007014_CO,TSS,Outflow,275
13,-1242007014_CO,TSS,Outflow,275
13,-1242007014_CO,TSS,Outflow,275
6,-1242007014_CO,TSS,Outflow,276
9,-1242007014_CO,TSS,Outflow,276
110,-1242007014_CO,TSS,Outflow,276
27,-1242007014_CO,TSS,Outflow,276
47,-1242007014_CO,TSS,Outflow,276
13,-1242007014_CO,TSS,Outflow,277
5,-1242007014_CO,TSS,Outflow,277
19,-1242007014_CO,TSS,Outflow,277
110,-1242007014_CO,TSS,Outflow,277
22,-1242007014_CO,TSS,Outflow,277
47,-1242007014_CO,TSS,Outflow,278
20,-1242007014_CO,TSS,Outflow,278
19,-1242007014_CO,TSS,Outflow,278
6,-1242007014_CO,TSS,Outflow,278
22,-1242007014_CO,TSS,Outflow,278
531,-1242007014_CO,TSS,Outflow,279
23,-1242007014_CO,TSS,Outflow,279
26,-1242007014_CO,TSS,Outflow,279
110,-1242007014_CO,TSS,Outflow,279
6,-1242007014_CO,TSS,Outflow,279
27,-1242007014_CO,TSS,Outflow,280
22,-1242007014_CO,TSS,Outflow,280
110,-1242007014_CO,TSS,Outflow,280
12,-1242007014_CO,TSS,Outflow,280
13,-1242007014_CO,TSS,Outflow,280
531,-1242007014_CO,TSS,Outflow,281
47,-1242007014_CO,TSS,Outflow,281
13,-1242007014_CO,TSS,Outflow,281
23,-1242007014_CO,TSS,Outflow,281
27,-1242007014_CO,TSS,Outflow,281
26,-1242007014_CO,TSS,Outflow,282
531,-1242007014_CO,TSS,Outflow,282
20,-1242007014_CO,TSS,Outflow,282
13,-1242007014_CO,TSS,Outflow,282
23,-1242007014_CO,TSS,Outflow,282
13,-1242007014_CO,TSS,Outflow,283
9,-1242007014_CO,TSS,Outflow,283
22,-1242007014_CO,TSS,Outflow,283
47,-1242007014_CO,TSS,Outflow,283
19,-1242007014_CO,TSS,Outflow,283
22,-1242007014_CO,TSS,Outflow,284
5,-1242007014_CO,TSS,Outflow,284
20,-1242007014_CO,TSS,Outflow,284
12,-1242007014_CO,TSS,Outflow,284
27,-1242007014_CO,TSS,Outflow,284
110,-1242007014_CO,TSS,Outflow,285
26,-1242007014_CO,TSS,Outflow,285
47,-1242007014_CO,TSS,Outflow,285
22,-1242007014_CO,TSS,Outflow,285
5,-1242007014_CO,TSS,Outflow,285
20,-1242007014_CO,TSS,Outflow,286
13,-1242007014_CO,TSS,Outflow,286
531,-1242007014_CO,TSS,Outflow,286
27,-1242007014_CO,TSS,Outflow,286
26,-1242007014_CO,TSS,Outflow,286
47,-1242007014_CO,TSS,Outflow,287
13,-1242007014_CO,TSS,Outflow,287
5,-1242007014_CO,TSS,Outflow,287
26,-1242007014_CO,TSS,Outflow,287
13,-1242007014_CO,TSS,Outflow,287
6,-1242007014_CO,TSS,Outflow,288
531,-1242007014_CO,TSS,Outflow,288
13,-1242007014_CO,TSS,Outflow,288
22,-1242007014_CO,TSS,Outflow,288
27,-1242007014_CO,TSS,Outflow,288
47,-1242007014_CO,TSS,Outflow,289
27,-1242007014_CO,TSS,Outflow,289
110,-1242007014_CO,TSS,Outflow,289
531,-1242007014_CO,TSS,Outflow,289
27,-1242007014_CO,TSS,Outflow,289
20,-1242007014_CO,TSS,Outflow,290
26,-1242007014_CO,TSS,Outflow,290
6,-1242007014_CO,TSS,Outflow,290
22,-1242007014_CO,TSS,Outflow,290
12,-1242007014_CO,TSS,Outflow,290
531,-1242007014_CO,TSS,Outflow,291
6,-1242007014_CO,TSS,Outflow,291
13,-1242007014_CO,TSS,Outflow,291
25,-1242007014_CO,TSS,Outflow,291
20,-1242007014_CO,TSS,Outflow,291
12,-1242007014_CO,TSS,Outflow,292
13,-1242007014_CO,TSS,Outflow,292
20,-1242007014_CO,TSS,Outflow,292
27,-1242007014_CO,TSS,Outflow,292
23,-1242007014_CO,TSS,Outflow,292
25,-1242007014_CO,TSS,Outflow,293
110,-1242007014_CO,TSS,Outflow,293
27,-1242007014_CO,TSS,Outflow,293
23,-1242007014_CO,TSS,Outflow,293
47,-1242007014_CO,TSS,Outflow,293
22,-1242007014_CO,TSS,Outflow,294
6,-1242007014_CO,TSS,Outflow,294
23,-1242007014_CO,TSS,Outflow,294
9,-1242007014_CO,TSS,Outflow,294
13,-1242007014_CO,TSS,Outflow,294
25,-1242007014_CO,TSS,Outflow,295
19,-1242007014_CO,TSS,Outflow,295
27,-1242007014_CO,TSS,Outflow,295
27,-1242007014_CO,TSS,Outflow,295
20,-1242007014_CO,TSS,Outflow,295
13,-1242007014_CO,TSS,Outflow,296
20,-1242007014_CO,TSS,Outflow,296
110,-1242007014_CO,TSS,Outflow,296
27,-1242007014_CO,TSS,Outflow,296
22,-1242007014_CO,TSS,Outflow,296
23,-1242007014_CO,TSS,Outflow,297
25,-1242007014_CO,TSS,Outflow,297
13,-1242007014_CO,TSS,Outflow,297
13,-1242007014_CO,TSS,Outflow,297
12,-1242007014_CO,TSS,Outflow,297
26,-1242007014_CO,TSS,Outflow,298
47,-1242007014_CO,TSS,Outflow,298
13,-1242007014_CO,TSS,Outflow,298
20,-1242007014_CO,TSS,Outflow,298
6,-1242007014_CO,TSS,Outflow,298
531,-1242007014_CO,TSS,Outflow,299
19,-1242007014_CO,TSS,Outflow,299
5,-1242007014_CO,TSS,Outflow,299
27,-1242007014_CO,TSS,Outflow,299
25,-1242007014_CO,TSS,Outflow,299
5,-1242007014_CO,TSS,Outflow,300
27,-1242007014_CO,TSS,Outflow,300
20,-1242007014_CO,TSS,Outflow,300
13,-1242007014_CO,TSS,Outflow,300
22,-1242007014_CO,TSS,Outflow,300
13,-1242007014_CO,TSS,Outflow,301
23,-1242007014_CO,TSS,Outflow,301
19,-1242007014_CO,TSS,Outflow,301
531,-1242007014_CO,TSS,Outflow,301
5,-1242007014_CO,TSS,Outflow,301
26,-1242007014_CO,TSS,Outflow,302
531,-1242007014_CO,TSS,Outflow,302
22,-1242007014_CO,TSS,Outflow,302
5,-1242007014_CO,TSS,Outflow,302
13,-1242007014_CO,TSS,Outflow,302
47,-1242007014_CO,TSS,Outflow,303
27,-1242007014_CO,TSS,Outflow,303
20,-1242007014_CO,TSS,Outflow,303
5,-1242007014_CO,TSS,Outflow,303
6,-1242007014_CO,TSS,Outflow,303
5,-1242007014_CO,TSS,Outflow,304
23,-1242007014_CO,TSS,Outflow,304
110,-1242007014_CO,TSS,Outflow,304
13,-1242007014_CO,TSS,Outflow,304
9,-1242007014_CO,TSS,Outflow,304
25,-1242007014_CO,TSS,Outflow,305
27,-1242007014_CO,TSS,Outflow,305
6,-1242007014_CO,TSS,Outflow,305
13,-1242007014_CO,TSS,Outflow,305
9,-1242007014_CO,TSS,Outflow,305
19,-1242007014_CO,TSS,Outflow,306
27,-1242007014_CO,TSS,Outflow,306
9,-1242007014_CO,TSS,Outflow,306
13,-1242007014_CO,TSS,Outflow,306
5,-1242007014_CO,TSS,Outflow,306
20,-1242007014_CO,TSS,Outflow,307
13,-1242007014_CO,TSS,Outflow,307
47,-1242007014_CO,TSS,Outflow,307
19,-1242007014_CO,TSS,Outflow,307
27,-1242007014_CO,TSS,Outflow,307
12,-1242007014_CO,TSS,Outflow,308
13,-1242007014_CO,TSS,Outflow,308
22,-1242007014_CO,TSS,Outflow,308
6,-1242007014_CO,TSS,Outflow,308
13,-1242007014_CO,TSS,Outflow,308
12,-1242007014_CO,TSS,Outflow,309
110,-1242007014_CO,TSS,Outflow,309
20,-1242007014_CO,TSS,Outflow,309
9,-1242007014_CO,TSS,Outflow,309
19,-1242007014_CO,TSS,Outflow,309
20,-1242007014_CO,TSS,Outflow,310
12,-1242007014_CO,TSS,Outflow,310
22,-1242007014_CO,TSS,Outflow,310
25,-1242007014_CO,TSS,Outflow,310
5,-1242007014_CO,TSS,Outflow,310
22,-1242007014_CO,TSS,Outflow,311
12,-1242007014_CO,TSS,Outflow,311
13,-1242007014_CO,TSS,Outflow,311
6,-1242007014_CO,TSS,Outflow,311
47,-1242007014_CO,TSS,Outflow,311
6,-1242007014_CO,TSS,Outflow,312
12,-1242007014_CO,TSS,Outflow,312
13,-1242007014_CO,TSS,Outflow,312
5,-1242007014_CO,TSS,Outflow,312
19,-1242007014_CO,TSS,Outflow,312
19,-1242007014_CO,TSS,Outflow,313
110,-1242007014_CO,TSS,Outflow,313
531,-1242007014_CO,TSS,Outflow,313
22,-1242007014_CO,TSS,Outflow,313
6,-1242007014_CO,TSS,Outflow,313
13,-1242007014_CO,TSS,Outflow,314
6,-1242007014_CO,TSS,Outflow,314
47,-1242007014_CO,TSS,Outflow,314
26,-1242007014_CO,TSS,Outflow,314
23,-1242007014_CO,TSS,Outflow,314
25,-1242007014_CO,TSS,Outflow,315
20,-1242007014_CO,TSS,Outflow,315
6,-1242007014_CO,TSS,Outflow,315
47,-1242007014_CO,TSS,Outflow,315
26,-1242007014_CO,TSS,Outflow,315
9,-1242007014_CO,TSS,Outflow,316
110,-1242007014_CO,TSS,Outflow,316
27,-1242007014_CO,TSS,Outflow,316
27,-1242007014_CO,TSS,Outflow,316
23,-1242007014_CO,TSS,Outflow,316
25,-1242007014_CO,TSS,Outflow,317
13,-1242007014_CO,TSS,Outflow,317
47,-1242007014_CO,TSS,Outflow,317
110,-1242007014_CO,TSS,Outflow,317
9,-1242007014_CO,TSS,Outflow,317
110,-1242007014_CO,TSS,Outflow,318
13,-1242007014_CO,TSS,Outflow,318
531,-1242007014_CO,TSS,Outflow,318
22,-1242007014_CO,TSS,Outflow,318
9,-1242007014_CO,TSS,Outflow,318
531,-1242007014_CO,TSS,Outflow,319
26,-1242007014_CO,TSS,Outflow,319
27,-1242007014_CO,TSS,Outflow,319
25,-1242007014_CO,TSS,Outflow,319
13,-1242007014_CO,TSS,Outflow,319
22,-1242007014_CO,TSS,Outflow,320
27,-1242007014_CO,TSS,Outflow,320
19,-1242007014_CO,TSS,Outflow,320
23,-1242007014_CO,TSS,Outflow,320
9,-1242007014_CO,TSS,Outflow,320
27,-1242007014_CO,TSS,Outflow,321
6,-1242007014_CO,TSS,Outflow,321
19,-1242007014_CO,TSS,Outflow,321
27,-1242007014_CO,TSS,Outflow,321
22,-1242007014_CO,TSS,Outflow,321
13,-1242007014_CO,TSS,Outflow,322
26,-1242007014_CO,TSS,Outflow,322
13,-1242007014_CO,TSS,Outflow,322
5,-1242007014_CO,TSS,Outflow,322
9,-1242007014_CO,TSS,Outflow,322
47,-1242007014_CO,TSS,Outflow,323
531,-1242007014_CO,TSS,Outflow,323
27,-1242007014_CO,TSS,Outflow,323
22,-1242007014_CO,TSS,Outflow,323
13,-1242007014_CO,TSS,Outflow,323
26,-1242007014_CO,TSS,Outflow,324
19,-1242007014_CO,TSS,Outflow,324
27,-1242007014_CO,TSS,Outflow,324
9,-1242007014_CO,TSS,Outflow,324
531,-1242007014_CO,TSS,Outflow,324
13,-1242007014_CO,TSS,Outflow,325
20,-1242007014_CO,TSS,Outflow,325
22,-1242007014_CO,TSS,Outflow,325
531,-1242007014_CO,TSS,Outflow,325
27,-1242007014_CO,TSS,Outflow,325
9,-1242007014_CO,TSS,Outflow,326
22,-1242007014_CO,TSS,Outflow,326
12,-1242007014_CO,TSS,Outflow,326
19,-1242007014_CO,TSS,Outflow,326
110,-1242007014_CO,TSS,Outflow,326
20,-1242007014_CO,TSS,Outflow,327
26,-1242007014_CO,TSS,Outflow,327
13,-1242007014_CO,TSS,Outflow,327
19,-1242007014_CO,TSS,Outflow,327
23,-1242007014_CO,TSS,Outflow,327
12,-1242007014_CO,TSS,Outflow,328
47,-1242007014_CO,TSS,Outflow,328
531,-1242007014_CO,TSS,Outflow,328
110,-1242007014_CO,TSS,Outflow,328
25,-1242007014_CO,TSS,Outflow,328
22,-1242007014_CO,TSS,Outflow,329
6,-1242007014_CO,TSS,Outflow,329
110,-1242007014_CO,TSS,Outflow,329
25,-1242007014_CO,TSS,Outflow,329
13,-1242007014_CO,TSS,Outflow,329
9,-1242007014_CO,TSS,Outflow,330
23,-1242007014_CO,TSS,Outflow,330
20,-1242007014_CO,TSS,Outflow,330
25,-1242007014_CO,TSS,Outflow,330
5,-1242007014_CO,TSS,Outflow,330
20,-1242007014_CO,TSS,Outflow,331
13,-1242007014_CO,TSS,Outflow,331
47,-1242007014_CO,TSS,Outflow,331
19,-1242007014_CO,TSS,Outflow,331
27,-1242007014_CO,TSS,Outflow,331
26,-1242007014_CO,TSS,Outflow,332
19,-1242007014_CO,TSS,Outflow,332
13,-1242007014_CO,TSS,Outflow,332
27,-1242007014_CO,TSS,Outflow,332
20,-1242007014_CO,TSS,Outflow,332
531,-1242007014_CO,TSS,Outflow,333
22,-1242007014_CO,TSS,Outflow,333
5,-1242007014_CO,TSS,Outflow,333
27,-1242007014_CO,TSS,Outflow,333
12,-1242007014_CO,TSS,Outflow,333
23,-1242007014_CO,TSS,Outflow,334
110,-1242007014_CO,TSS,Outflow,334
20,-1242007014_CO,TSS,Outflow,334
19,-1242007014_CO,TSS,Outflow,334
531,-1242007014_CO,TSS,Outflow,334
5,-1242007014_CO,TSS,Outflow,335
47,-1242007014_CO,TSS,Outflow,335
22,-1242007014_CO,TSS,Outflow,335
23,-1242007014_CO,TSS,Outflow,335
25,-1242007014_CO,TSS,Outflow,335
6,-1242007014_CO,TSS,Outflow,336
5,-1242007014_CO,TSS,Outflow,336
47,-1242007014_CO,TSS,Outflow,336
12,-1242007014_CO,TSS,Outflow,336
13,-1242007014_CO,TSS,Outflow,336
13,-1242007014_CO,TSS,Outflow,337
110,-1242007014_CO,TSS,Outflow,337
47,-1242007014_CO,TSS,Outflow,337
27,-1242007014_CO,TSS,Outflow,337
26,-1242007014_CO,TSS,Outflow,337
110,-1242007014_CO,TSS,Outflow,338
23,-1242007014_CO,TSS,Outflow,338
27,-1242007014_CO,TSS,Outflow,338
26,-1242007014_CO,TSS,Outflow,338
19,-1242007014_CO,TSS,Outflow,338
27,-1242007014_CO,TSS,Outflow,339
13,-1242007014_CO,TSS,Outflow,339
13,-1242007014_CO,TSS,Outflow,339
22,-1242007014_CO,TSS,Outflow,339
531,-1242007014_CO,TSS,Outflow,339
5,-1242007014_CO,TSS,Outflow,340
47,-1242007014_CO,TSS,Outflow,340
23,-1242007014_CO,TSS,Outflow,340
20,-1242007014_CO,TSS,Outflow,340
6,-1242007014_CO,TSS,Outflow,340
27,-1242007014_CO,TSS,Outflow,341
13,-1242007014_CO,TSS,Outflow,341
110,-1242007014_CO,TSS,Outflow,341
13,-1242007014_CO,TSS,Outflow,341
22,-1242007014_CO,TSS,Outflow,341
22,-1242007014_CO,TSS,Outflow,342
13,-1242007014_CO,TSS,Outflow,342
26,-1242007014_CO,TSS,Outflow,342
110,-1242007014_CO,TSS,Outflow,342
27,-1242007014_CO,TSS,Outflow,342
22,-1242007014_CO,TSS,Outflow,343
27,-1242007014_CO,TSS,Outflow,343
9,-1242007014_CO,TSS,Outflow,343
23,-1242007014_CO,TSS,Outflow,343
47,-1242007014_CO,TSS,Outflow,343
27,-1242007014_CO,TSS,Outflow,344
12,-1242007014_CO,TSS,Outflow,344
13,-1242007014_CO,TSS,Outflow,344
531,-1242007014_CO,TSS,Outflow,344
13,-1242007014_CO,TSS,Outflow,344
13,-1242007014_CO,TSS,Outflow,345
19,-1242007014_CO,TSS,Outflow,345
26,-1242007014_CO,TSS,Outflow,345
23,-1242007014_CO,TSS,Outflow,345
6,-1242007014_CO,TSS,Outflow,345
531,-1242007014_CO,TSS,Outflow,346
5,-1242007014_CO,TSS,Outflow,346
25,-1242007014_CO,TSS,Outflow,346
13,-1242007014_CO,TSS,Outflow,346
22,-1242007014_CO,TSS,Outflow,346
27,-1242007014_CO,TSS,Outflow,347
9,-1242007014_CO,TSS,Outflow,347
6,-1242007014_CO,TSS,Outflow,347
47,-1242007014_CO,TSS,Outflow,347
23,-1242007014_CO,TSS,Outflow,347
27,-1242007014_CO,TSS,Outflow,348
13,-1242007014_CO,TSS,Outflow,348
19,-1242007014_CO,TSS,Outflow,348
47,-1242007014_CO,TSS,Outflow,348
531,-1242007014_CO,TSS,Outflow,348
27,-1242007014_CO,TSS,Outflow,349
26,-1242007014_CO,TSS,Outflow,349
9,-1242007014_CO,TSS,Outflow,349
22,-1242007014_CO,TSS,Outflow,349
13,-1242007014_CO,TSS,Outflow,349
22,-1242007014_CO,TSS,Outflow,350
531,-1242007014_CO,TSS,Outflow,350
27,-1242007014_CO,TSS,Outflow,350
47,-1242007014_CO,TSS,Outflow,350
110,-1242007014_CO,TSS,Outflow,350
47,-1242007014_CO,TSS,Outflow,351
12,-1242007014_CO,TSS,Outflow,351
26,-1242007014_CO,TSS,Outflow,351
5,-1242007014_CO,TSS,Outflow,351
9,-1242007014_CO,TSS,Outflow,351
5,-1242007014_CO,TSS,Outflow,352
12,-1242007014_CO,TSS,Outflow,352
6,-1242007014_CO,TSS,Outflow,352
27,-1242007014_CO,TSS,Outflow,352
25,-1242007014_CO,TSS,Outflow,352
19,-1242007014_CO,TSS,Outflow,353
531,-1242007014_CO,TSS,Outflow,353
6,-1242007014_CO,TSS,Outflow,353
5,-1242007014_CO,TSS,Outflow,353
110,-1242007014_CO,TSS,Outflow,353
9,-1242007014_CO,TSS,Outflow,354
27,-1242007014_CO,TSS,Outflow,354
5,-1242007014_CO,TSS,Outflow,354
20,-1242007014_CO,TSS,Outflow,354
12,-1242007014_CO,TSS,Outflow,354
9,-1242007014_CO,TSS,Outflow,355
5,-1242007014_CO,TSS,Outflow,355
20,-1242007014_CO,TSS,Outflow,355
110,-1242007014_CO,TSS,Outflow,355
22,-1242007014_CO,TSS,Outflow,355
27,-1242007014_CO,TSS,Outflow,356
5,-1242007014_CO,TSS,Outflow,356
13,-1242007014_CO,TSS,Outflow,356
25,-1242007014_CO,TSS,Outflow,356
9,-1242007014_CO,TSS,Outflow,356
19,-1242007014_CO,TSS,Outflow,357
12,-1242007014_CO,TSS,Outflow,357
20,-1242007014_CO,TSS,Outflow,357
22,-1242007014_CO,TSS,Outflow,357
5,-1242007014_CO,TSS,Outflow,357
47,-1242007014_CO,TSS,Outflow,358
531,-1242007014_CO,TSS,Outflow,358
23,-1242007014_CO,TSS,Outflow,358
5,-1242007014_CO,TSS,Outflow,358
13,-1242007014_CO,TSS,Outflow,358
47,-1242007014_CO,TSS,Outflow,359
25,-1242007014_CO,TSS,Outflow,359
531,-1242007014_CO,TSS,Outflow,359
9,-1242007014_CO,TSS,Outflow,359
110,-1242007014_CO,TSS,Outflow,359
27,-1242007014_CO,TSS,Outflow,360
23,-1242007014_CO,TSS,Outflow,360
47,-1242007014_CO,TSS,Outflow,360
13,-1242007014_CO,TSS,Outflow,360
22,-1242007014_CO,TSS,Outflow,360
47,-1242007014_CO,TSS,Outflow,361
13,-1242007014_CO,TSS,Outflow,361
6,-1242007014_CO,TSS,Outflow,361
23,-1242007014_CO,TSS,Outflow,361
22,-1242007014_CO,TSS,Outflow,361
9,-1242007014_CO,TSS,Outflow,362
47,-1242007014_CO,TSS,Outflow,362
13,-1242007014_CO,TSS,Outflow,362
26,-1242007014_CO,TSS,Outflow,362
23,-1242007014_CO,TSS,Outflow,362
25,-1242007014_CO,TSS,Outflow,363
110,-1242007014_CO,TSS,Outflow,363
531,-1242007014_CO,TSS,Outflow,363
23,-1242007014_CO,TSS,Outflow,363
47,-1242007014_CO,TSS,Outflow,363
20,-1242007014_CO,TSS,Outflow,364
531,-1242007014_CO,TSS,Outflow,364
47,-1242007014_CO,TSS,Outflow,364
110,-1242007014_CO,TSS,Outflow,364
26,-1242007014_CO,TSS,Outflow,364
13,-1242007014_CO,TSS,Outflow,365
25,-1242007014_CO,TSS,Outflow,365
110,-1242007014_CO,TSS,Outflow,365
26,-1242007014_CO,TSS,Outflow,365
9,-1242007014_CO,TSS,Outflow,365
9,-1242007014_CO,TSS,Outflow,366
47,-1242007014_CO,TSS,Outflow,366
26,-1242007014_CO,TSS,Outflow,366
5,-1242007014_CO,TSS,Outflow,366
27,-1242007014_CO,TSS,Outflow,366
5,-1242007014_CO,TSS,Outflow,367
9,-1242007014_CO,TSS,Outflow,367
27,-1242007014_CO,TSS,Outflow,367
110,-1242007014_CO,TSS,Outflow,367
25,-1242007014_CO,TSS,Outflow,367
47,-1242007014_CO,TSS,Outflow,368
6,-1242007014_CO,TSS,Outflow,368
19,-1242007014_CO,TSS,Outflow,368
23,-1242007014_CO,TSS,Outflow,368
27,-1242007014_CO,TSS,Outflow,368
47,-1242007014_CO,TSS,Outflow,369
13,-1242007014_CO,TSS,Outflow,369
27,-1242007014_CO,TSS,Outflow,369
23,-1242007014_CO,TSS,Outflow,369
13,-1242007014_CO,TSS,Outflow,369
531,-1242007014_CO,TSS,Outflow,370
27,-1242007014_CO,TSS,Outflow,370
25,-1242007014_CO,TSS,Outflow,370
22,-1242007014_CO,TSS,Outflow,370
6,-1242007014_CO,TSS,Outflow,370
25,-1242007014_CO,TSS,Outflow,371
20,-1242007014_CO,TSS,Outflow,371
12,-1242007014_CO,TSS,Outflow,371
531,-1242007014_CO,TSS,Outflow,371
6,-1242007014_CO,TSS,Outflow,371
20,-1242007014_CO,TSS,Outflow,372
26,-1242007014_CO,TSS,Outflow,372
27,-1242007014_CO,TSS,Outflow,372
5,-1242007014_CO,TSS,Outflow,372
9,-1242007014_CO,TSS,Outflow,372
13,-1242007014_CO,TSS,Outflow,373
25,-1242007014_CO,TSS,Outflow,373
27,-1242007014_CO,TSS,Outflow,373
19,-1242007014_CO,TSS,Outflow,373
22,-1242007014_CO,TSS,Outflow,373
13,-1242007014_CO,TSS,Outflow,374
9,-1242007014_CO,TSS,Outflow,374
27,-1242007014_CO,TSS,Outflow,374
20,-1242007014_CO,TSS,Outflow,374
25,-1242007014_CO,TSS,Outflow,374
20,-1242007014_CO,TSS,Outflow,375
110,-1242007014_CO,TSS,Outflow,375
26,-1242007014_CO,TSS,Outflow,375
25,-1242007014_CO,TSS,Outflow,375
531,-1242007014_CO,TSS,Outflow,375
19,-1242007014_CO,TSS,Outflow,376
110,-1242007014_CO,TSS,Outflow,376
20,-1242007014_CO,TSS,Outflow,376
47,-1242007014_CO,TSS,Outflow,376
25,-1242007014_CO,TSS,Outflow,376
19,-1242007014_CO,TSS,Outflow,377
12,-1242007014_CO,TSS,Outflow,377
23,-1242007014_CO,TSS,Outflow,377
531,-1242007014_CO,TSS,Outflow,377
47,-1242007014_CO,TSS,Outflow,377
23,-1242007014_CO,TSS,Outflow,378
13,-1242007014_CO,TSS,Outflow,378
5,-1242007014_CO,TSS,Outflow,378
47,-1242007014_CO,TSS,Outflow,378
27,-1242007014_CO,TSS,Outflow,378
25,-1242007014_CO,TSS,Outflow,379
27,-1242007014_CO,TSS,Outflow,379
27,-1242007014_CO,TSS,Outflow,379
22,-1242007014_CO,TSS,Outflow,379
12,-1242007014_CO,TSS,Outflow,379
19,-1242007014_CO,TSS,Outflow,380
22,-1242007014_CO,TSS,Outflow,380
25,-1242007014_CO,TSS,Outflow,380
6,-1242007014_CO,TSS,Outflow,380
47,-1242007014_CO,TSS,Outflow,380
12,-1242007014_CO,TSS,Outflow,381
9,-1242007014_CO,TSS,Outflow,381
20,-1242007014_CO,TSS,Outflow,381
13,-1242007014_CO,TSS,Outflow,381
13,-1242007014_CO,TSS,Outflow,381
531,-1242007014_CO,TSS,Outflow,382
5,-1242007014_CO,TSS,Outflow,382
27,-1242007014_CO,TSS,Outflow,382
25,-1242007014_CO,TSS,Outflow,382
26,-1242007014_CO,TSS,Outflow,382
27,-1242007014_CO,TSS,Outflow,383
19,-1242007014_CO,TSS,Outflow,383
9,-1242007014_CO,TSS,Outflow,383
20,-1242007014_CO,TSS,Outflow,383
23,-1242007014_CO,TSS,Outflow,383
12,-1242007014_CO,TSS,Outflow,384
20,-1242007014_CO,TSS,Outflow,384
25,-1242007014_CO,TSS,Outflow,384
531,-1242007014_CO,TSS,Outflow,384
5,-1242007014_CO,TSS,Outflow,384
47,-1242007014_CO,TSS,Outflow,385
6,-1242007014_CO,TSS,Outflow,385
13,-1242007014_CO,TSS,Outflow,385
26,-1242007014_CO,TSS,Outflow,385
12,-1242007014_CO,TSS,Outflow,385
22,-1242007014_CO,TSS,Outflow,386
110,-1242007014_CO,TSS,Outflow,386
12,-1242007014_CO,TSS,Outflow,386
26,-1242007014_CO,TSS,Outflow,386
27,-1242007014_CO,TSS,Outflow,386
110,-1242007014_CO,TSS,Outflow,387
26,-1242007014_CO,TSS,Outflow,387
531,-1242007014_CO,TSS,Outflow,387
12,-1242007014_CO,TSS,Outflow,387
47,-1242007014_CO,TSS,Outflow,387
13,-1242007014_CO,TSS,Outflow,388
47,-1242007014_CO,TSS,Outflow,388
531,-1242007014_CO,TSS,Outflow,388
26,-1242007014_CO,TSS,Outflow,388
20,-1242007014_CO,TSS,Outflow,388
27,-1242007014_CO,TSS,Outflow,389
5,-1242007014_CO,TSS,Outflow,389
110,-1242007014_CO,TSS,Outflow,389
12,-1242007014_CO,TSS,Outflow,389
27,-1242007014_CO,TSS,Outflow,389
20,-1242007014_CO,TSS,Outflow,390
27,-1242007014_CO,TSS,Outflow,390
12,-1242007014_CO,TSS,Outflow,390
6,-1242007014_CO,TSS,Outflow,390
9,-1242007014_CO,TSS,Outflow,390
27,-1242007014_CO,TSS,Outflow,391
13,-1242007014_CO,TSS,Outflow,391
23,-1242007014_CO,TSS,Outflow,391
22,-1242007014_CO,TSS,Outflow,391
5,-1242007014_CO,TSS,Outflow,391
13,-1242007014_CO,TSS,Outflow,392
19,-1242007014_CO,TSS,Outflow,392
23,-1242007014_CO,TSS,Outflow,392
5,-1242007014_CO,TSS,Outflow,392
26,-1242007014_CO,TSS,Outflow,392
531,-1242007014_CO,TSS,Outflow,393
12,-1242007014_CO,TSS,Outflow,393
25,-1242007014_CO,TSS,Outflow,393
110,-1242007014_CO,TSS,Outflow,393
27,-1242007014_CO,TSS,Outflow,393
22,-1242007014_CO,TSS,Outflow,394
5,-1242007014_CO,TSS,Outflow,394
19,-1242007014_CO,TSS,Outflow,394
26,-1242007014_CO,TSS,Outflow,394
13,-1242007014_CO,TSS,Outflow,394
27,-1242007014_CO,TSS,Outflow,395
22,-1242007014_CO,TSS,Outflow,395
12,-1242007014_CO,TSS,Outflow,395
23,-1242007014_CO,TSS,Outflow,395
5,-1242007014_CO,TSS,Outflow,395
531,-1242007014_CO,TSS,Outflow,396
26,-1242007014_CO,TSS,Outflow,396
13,-1242007014_CO,TSS,Outflow,396
47,-1242007014_CO,TSS,Outflow,396
23,-1242007014_CO,TSS,Outflow,396
13,-1242007014_CO,TSS,Outflow,397
9,-1242007014_CO,TSS,Outflow,397
47,-1242007014_CO,TSS,Outflow,397
12,-1242007014_CO,TSS,Outflow,397
531,-1242007014_CO,TSS,Outflow,397
19,-1242007014_CO,TSS,Outflow,398
5,-1242007014_CO,TSS,Outflow,398
22,-1242007014_CO,TSS,Outflow,398
12,-1242007014_CO,TSS,Outflow,398
6,-1242007014_CO,TSS,Outflow,398
23,-1242007014_CO,TSS,Outflow,399
26,-1242007014_CO,TSS,Outflow,399
12,-1242007014_CO,TSS,Outflow,399
27,-1242007014_CO,TSS,Outflow,399
6,-1242007014_CO,TSS,Outflow,399
531,-1242007014_CO,TSS,Outflow,400
13,-1242007014_CO,TSS,Outflow,400
6,-1242007014_CO,TSS,Outflow,400
20,-1242007014_CO,TSS,Outflow,400
27,-1242007014_CO,TSS,Outflow,400
22,-1242007014_CO,TSS,Outflow,401
531,-1242007014_CO,TSS,Outflow,401
6,-1242007014_CO,TSS,Outflow,401
25,-1242007014_CO,TSS,Outflow,401
27,-1242007014_CO,TSS,Outflow,401
12,-1242007014_CO,TSS,Outflow,402
19,-1242007014_CO,TSS,Outflow,402
27,-1242007014_CO,TSS,Outflow,402
531,-1242007014_CO,TSS,Outflow,402
26,-1242007014_CO,TSS,Outflow,402
531,-1242007014_CO,TSS,Outflow,403
26,-1242007014_CO,TSS,Outflow,403
47,-1242007014_CO,TSS,Outflow,403
12,-1242007014_CO,TSS,Outflow,403
22,-1242007014_CO,TSS,Outflow,403
13,-1242007014_CO,TSS,Outflow,404
110,-1242007014_CO,TSS,Outflow,404
23,-1242007014_CO,TSS,Outflow,404
26,-1242007014_CO,TSS,Outflow,404
6,-1242007014_CO,TSS,Outflow,404
20,-1242007014_CO,TSS,Outflow,405
22,-1242007014_CO,TSS,Outflow,405
13,-1242007014_CO,TSS,Outflow,405
19,-1242007014_CO,TSS,Outflow,405
23,-1242007014_CO,TSS,Outflow,405
23,-1242007014_CO,TSS,Outflow,406
110,-1242007014_CO,TSS,Outflow,406
22,-1242007014_CO,TSS,Outflow,406
9,-1242007014_CO,TSS,Outflow,406
5,-1242007014_CO,TSS,Outflow,406
23,-1242007014_CO,TSS,Outflow,407
26,-1242007014_CO,TSS,Outflow,407
27,-1242007014_CO,TSS,Outflow,407
19,-1242007014_CO,TSS,Outflow,407
12,-1242007014_CO,TSS,Outflow,407
13,-1242007014_CO,TSS,Outflow,408
6,-1242007014_CO,TSS,Outflow,408
23,-1242007014_CO,TSS,Outflow,408
9,-1242007014_CO,TSS,Outflow,408
27,-1242007014_CO,TSS,Outflow,408
26,-1242007014_CO,TSS,Outflow,409
27,-1242007014_CO,TSS,Outflow,409
47,-1242007014_CO,TSS,Outflow,409
6,-1242007014_CO,TSS,Outflow,409
531,-1242007014_CO,TSS,Outflow,409
110,-1242007014_CO,TSS,Outflow,410
23,-1242007014_CO,TSS,Outflow,410
22,-1242007014_CO,TSS,Outflow,410
20,-1242007014_CO,TSS,Outflow,410
9,-1242007014_CO,TSS,Outflow,410
13,-1242007014_CO,TSS,Outflow,411
26,-1242007014_CO,TSS,Outflow,411
23,-1242007014_CO,TSS,Outflow,411
27,-1242007014_CO,TSS,Outflow,411
531,-1242007014_CO,TSS,Outflow,411
23,-1242007014_CO,TSS,Outflow,412
25,-1242007014_CO,TSS,Outflow,412
13,-1242007014_CO,TSS,Outflow,412
110,-1242007014_CO,TSS,Outflow,412
5,-1242007014_CO,TSS,Outflow,412
25,-1242007014_CO,TSS,Outflow,413
26,-1242007014_CO,TSS,Outflow,413
22,-1242007014_CO,TSS,Outflow,413
47,-1242007014_CO,TSS,Outflow,413
6,-1242007014_CO,TSS,Outflow,413
19,-1242007014_CO,TSS,Outflow,414
20,-1242007014_CO,TSS,Outflow,414
27,-1242007014_CO,TSS,Outflow,414
9,-1242007014_CO,TSS,Outflow,414
531,-1242007014_CO,TSS,Outflow,414
110,-1242007014_CO,TSS,Outflow,415
26,-1242007014_CO,TSS,Outflow,415
25,-1242007014_CO,TSS,Outflow,415
13,-1242007014_CO,TSS,Outflow,415
9,-1242007014_CO,TSS,Outflow,415
531,-1242007014_CO,TSS,Outflow,416
9,-1242007014_CO,TSS,Outflow,416
13,-1242007014_CO,TSS,Outflow,416
13,-1242007014_CO,TSS,Outflow,416
110,-1242007014_CO,TSS,Outflow,416
22,-1242007014_CO,TSS,Outflow,417
20,-1242007014_CO,TSS,Outflow,417
27,-1242007014_CO,TSS,Outflow,417
26,-1242007014_CO,TSS,Outflow,417
6,-1242007014_CO,TSS,Outflow,417
26,-1242007014_CO,TSS,Outflow,418
12,-1242007014_CO,TSS,Outflow,418
13,-1242007014_CO,TSS,Outflow,418
47,-1242007014_CO,TSS,Outflow,418
19,-1242007014_CO,TSS,Outflow,418
27,-1242007014_CO,TSS,Outflow,419
47,-1242007014_CO,TSS,Outflow,419
27,-1242007014_CO,TSS,Outflow,419
13,-1242007014_CO,TSS,Outflow,419
9,-1242007014_CO,TSS,Outflow,419
19,-1242007014_CO,TSS,Outflow,420
13,-1242007014_CO,TSS,Outflow,420
27,-1242007014_CO,TSS,Outflow,420
531,-1242007014_CO,TSS,Outflow,420
22,-1242007014_CO,TSS,Outflow,420
5,-1242007014_CO,TSS,Outflow,421
12,-1242007014_CO,TSS,Outflow,421
531,-1242007014_CO,TSS,Outflow,421
9,-1242007014_CO,TSS,Outflow,421
20,-1242007014_CO,TSS,Outflow,421
23,-1242007014_CO,TSS,Outflow,422
9,-1242007014_CO,TSS,Outflow,422
6,-1242007014_CO,TSS,Outflow,422
22,-1242007014_CO,TSS,Outflow,422
26,-1242007014_CO,TSS,Outflow,422
20,-1242007014_CO,TSS,Outflow,423
19,-1242007014_CO,TSS,Outflow,423
22,-1242007014_CO,TSS,Outflow,423
531,-1242007014_CO,TSS,Outflow,423
25,-1242007014_CO,TSS,Outflow,423
12,-1242007014_CO,TSS,Outflow,424
6,-1242007014_CO,TSS,Outflow,424
531,-1242007014_CO,TSS,Outflow,424
27,-1242007014_CO,TSS,Outflow,424
13,-1242007014_CO,TSS,Outflow,424
25,-1242007014_CO,TSS,Outflow,425
27,-1242007014_CO,TSS,Outflow,425
47,-1242007014_CO,TSS,Outflow,425
26,-1242007014_CO,TSS,Outflow,425
110,-1242007014_CO,TSS,Outflow,425
27,-1242007014_CO,TSS,Outflow,426
13,-1242007014_CO,TSS,Outflow,426
9,-1242007014_CO,TSS,Outflow,426
13,-1242007014_CO,TSS,Outflow,426
26,-1242007014_CO,TSS,Outflow,426
531,-1242007014_CO,TSS,Outflow,427
5,-1242007014_CO,TSS,Outflow,427
13,-1242007014_CO,TSS,Outflow,427
13,-1242007014_CO,TSS,Outflow,427
23,-1242007014_CO,TSS,Outflow,427
22,-1242007014_CO,TSS,Outflow,428
110,-1242007014_CO,TSS,Outflow,428
26,-1242007014_CO,TSS,Outflow,428
19,-1242007014_CO,TSS,Outflow,428
27,-1242007014_CO,TSS,Outflow,428
23,-1242007014_CO,TSS,Outflow,429
20,-1242007014_CO,TSS,Outflow,429
531,-1242007014_CO,TSS,Outflow,429
12,-1242007014_CO,TSS,Outflow,429
13,-1242007014_CO,TSS,Outflow,429
13,-1242007014_CO,TSS,Outflow,430
26,-1242007014_CO,TSS,Outflow,430
22,-1242007014_CO,TSS,Outflow,430
5,-1242007014_CO,TSS,Outflow,430
20,-1242007014_CO,TSS,Outflow,430
19,-1242007014_CO,TSS,Outflow,431
25,-1242007014_CO,TSS,Outflow,431
531,-1242007014_CO,TSS,Outflow,431
5,-1242007014_CO,TSS,Outflow,431
27,-1242007014_CO,TSS,Outflow,431
6,-1242007014_CO,TSS,Outflow,432
47,-1242007014_CO,TSS,Outflow,432
25,-1242007014_CO,TSS,Outflow,432
22,-1242007014_CO,TSS,Outflow,432
13,-1242007014_CO,TSS,Outflow,432
47,-1242007014_CO,TSS,Outflow,433
26,-1242007014_CO,TSS,Outflow,433
13,-1242007014_CO,TSS,Outflow,433
9,-1242007014_CO,TSS,Outflow,433
25,-1242007014_CO,TSS,Outflow,433
13,-1242007014_CO,TSS,Outflow,434
26,-1242007014_CO,TSS,Outflow,434
531,-1242007014_CO,TSS,Outflow,434
9,-1242007014_CO,TSS,Outflow,434
20,-1242007014_CO,TSS,Outflow,434
27,-1242007014_CO,TSS,Outflow,435
6,-1242007014_CO,TSS,Outflow,435
19,-1242007014_CO,TSS,Outflow,435
531,-1242007014_CO,TSS,Outflow,435
110,-1242007014_CO,TSS,Outflow,435
19,-1242007014_CO,TSS,Outflow,436
27,-1242007014_CO,TSS,Outflow,436
22,-1242007014_CO,TSS,Outflow,436
5,-1242007014_CO,TSS,Outflow,436
9,-1242007014_CO,TSS,Outflow,436
5,-1242007014_CO,TSS,Outflow,437
47,-1242007014_CO,TSS,Outflow,437
25,-1242007014_CO,TSS,Outflow,437
26,-1242007014_CO,TSS,Outflow,437
13,-1242007014_CO,TSS,Outflow,437
9,-1242007014_CO,TSS,Outflow,438
19,-1242007014_CO,TSS,Outflow,438
531,-1242007014_CO,TSS,Outflow,438
27,-1242007014_CO,TSS,Outflow,438
13,-1242007014_CO,TSS,Outflow,438
6,-1242007014_CO,TSS,Outflow,439
13,-1242007014_CO,TSS,Outflow,439
22,-1242007014_CO,TSS,Outflow,439
5,-1242007014_CO,TSS,Outflow,439
13,-1242007014_CO,TSS,Outflow,439
13,-1242007014_CO,TSS,Outflow,440
23,-1242007014_CO,TSS,Outflow,440
27,-1242007014_CO,TSS,Outflow,440
47,-1242007014_CO,TSS,Outflow,440
6,-1242007014_CO,TSS,Outflow,440
110,-1242007014_CO,TSS,Outflow,441
19,-1242007014_CO,TSS,Outflow,441
9,-1242007014_CO,TSS,Outflow,441
20,-1242007014_CO,TSS,Outflow,441
27,-1242007014_CO,TSS,Outflow,441
9,-1242007014_CO,TSS,Outflow,442
19,-1242007014_CO,TSS,Outflow,442
27,-1242007014_CO,TSS,Outflow,442
13,-1242007014_CO,TSS,Outflow,442
26,-1242007014_CO,TSS,Outflow,442
19,-1242007014_CO,TSS,Outflow,443
12,-1242007014_CO,TSS,Outflow,443
27,-1242007014_CO,TSS,Outflow,443
13,-1242007014_CO,TSS,Outflow,443
20,-1242007014_CO,TSS,Outflow,443
19,-1242007014_CO,TSS,Outflow,444
13,-1242007014_CO,TSS,Outflow,444
110,-1242007014_CO,TSS,Outflow,444
27,-1242007014_CO,TSS,Outflow,444
23,-1242007014_CO,TSS,Outflow,444
110,-1242007014_CO,TSS,Outflow,445
5,-1242007014_CO,TSS,Outflow,445
13,-1242007014_CO,TSS,Outflow,445
27,-1242007014_CO,TSS,Outflow,445
26,-1242007014_CO,TSS,Outflow,445
23,-1242007014_CO,TSS,Outflow,446
5,-1242007014_CO,TSS,Outflow,446
27,-1242007014_CO,TSS,Outflow,446
25,-1242007014_CO,TSS,Outflow,446
6,-1242007014_CO,TSS,Outflow,446
13,-1242007014_CO,TSS,Outflow,447
19,-1242007014_CO,TSS,Outflow,447
47,-1242007014_CO,TSS,Outflow,447
27,-1242007014_CO,TSS,Outflow,447
27,-1242007014_CO,TSS,Outflow,447
110,-1242007014_CO,TSS,Outflow,448
13,-1242007014_CO,TSS,Outflow,448
6,-1242007014_CO,TSS,Outflow,448
13,-1242007014_CO,TSS,Outflow,448
27,-1242007014_CO,TSS,Outflow,448
6,-1242007014_CO,TSS,Outflow,449
25,-1242007014_CO,TSS,Outflow,449
27,-1242007014_CO,TSS,Outflow,449
531,-1242007014_CO,TSS,Outflow,449
9,-1242007014_CO,TSS,Outflow,449
13,-1242007014_CO,TSS,Outflow,450
13,-1242007014_CO,TSS,Outflow,450
6,-1242007014_CO,TSS,Outflow,450
26,-1242007014_CO,TSS,Outflow,450
12,-1242007014_CO,TSS,Outflow,450
22,-1242007014_CO,TSS,Outflow,451
110,-1242007014_CO,TSS,Outflow,451
13,-1242007014_CO,TSS,Outflow,451
12,-1242007014_CO,TSS,Outflow,451
13,-1242007014_CO,TSS,Outflow,451
13,-1242007014_CO,TSS,Outflow,452
23,-1242007014_CO,TSS,Outflow,452
5,-1242007014_CO,TSS,Outflow,452
26,-1242007014_CO,TSS,Outflow,452
47,-1242007014_CO,TSS,Outflow,452
6,-1242007014_CO,TSS,Outflow,453
110,-1242007014_CO,TSS,Outflow,453
26,-1242007014_CO,TSS,Outflow,453
13,-1242007014_CO,TSS,Outflow,453
13,-1242007014_CO,TSS,Outflow,453
23,-1242007014_CO,TSS,Outflow,454
110,-1242007014_CO,TSS,Outflow,454
25,-1242007014_CO,TSS,Outflow,454
6,-1242007014_CO,TSS,Outflow,454
13,-1242007014_CO,TSS,Outflow,454
23,-1242007014_CO,TSS,Outflow,455
25,-1242007014_CO,TSS,Outflow,455
26,-1242007014_CO,TSS,Outflow,455
47,-1242007014_CO,TSS,Outflow,455
9,-1242007014_CO,TSS,Outflow,455
6,-1242007014_CO,TSS,Outflow,456
26,-1242007014_CO,TSS,Outflow,456
23,-1242007014_CO,TSS,Outflow,456
531,-1242007014_CO,TSS,Outflow,456
27,-1242007014_CO,TSS,Outflow,456
531,-1242007014_CO,TSS,Outflow,457
27,-1242007014_CO,TSS,Outflow,457
5,-1242007014_CO,TSS,Outflow,457
22,-1242007014_CO,TSS,Outflow,457
6,-1242007014_CO,TSS,Outflow,457
47,-1242007014_CO,TSS,Outflow,458
9,-1242007014_CO,TSS,Outflow,458
19,-1242007014_CO,TSS,Outflow,458
25,-1242007014_CO,TSS,Outflow,458
13,-1242007014_CO,TSS,Outflow,458
47,-1242007014_CO,TSS,Outflow,459
25,-1242007014_CO,TSS,Outflow,459
20,-1242007014_CO,TSS,Outflow,459
110,-1242007014_CO,TSS,Outflow,459
27,-1242007014_CO,TSS,Outflow,459
26,-1242007014_CO,TSS,Outflow,460
12,-1242007014_CO,TSS,Outflow,460
110,-1242007014_CO,TSS,Outflow,460
27,-1242007014_CO,TSS,Outflow,460
13,-1242007014_CO,TSS,Outflow,460
27,-1242007014_CO,TSS,Outflow,461
13,-1242007014_CO,TSS,Outflow,461
20,-1242007014_CO,TSS,Outflow,461
531,-1242007014_CO,TSS,Outflow,461
110,-1242007014_CO,TSS,Outflow,461
9,-1242007014_CO,TSS,Outflow,462
531,-1242007014_CO,TSS,Outflow,462
26,-1242007014_CO,TSS,Outflow,462
27,-1242007014_CO,TSS,Outflow,462
110,-1242007014_CO,TSS,Outflow,462
47,-1242007014_CO,TSS,Outflow,463
110,-1242007014_CO,TSS,Outflow,463
25,-1242007014_CO,TSS,Outflow,463
531,-1242007014_CO,TSS,Outflow,463
5,-1242007014_CO,TSS,Outflow,463
23,-1242007014_CO,TSS,Outflow,464
5,-1242007014_CO,TSS,Outflow,464
13,-1242007014_CO,TSS,Outflow,464
27,-1242007014_CO,TSS,Outflow,464
19,-1242007014_CO,TSS,Outflow,464
19,-1242007014_CO,TSS,Outflow,465
5,-1242007014_CO,TSS,Outflow,465
12,-1242007014_CO,TSS,Outflow,465
26,-1242007014_CO,TSS,Outflow,465
20,-1242007014_CO,TSS,Outflow,465
27,-1242007014_CO,TSS,Outflow,466
23,-1242007014_CO,TSS,Outflow,466
6,-1242007014_CO,TSS,Outflow,466
13,-1242007014_CO,TSS,Outflow,466
13,-1242007014_CO,TSS,Outflow,466
110,-1242007014_CO,TSS,Outflow,467
22,-1242007014_CO,TSS,Outflow,467
27,-1242007014_CO,TSS,Outflow,467
6,-1242007014_CO,TSS,Outflow,467
19,-1242007014_CO,TSS,Outflow,467
9,-1242007014_CO,TSS,Outflow,468
27,-1242007014_CO,TSS,Outflow,468
26,-1242007014_CO,TSS,Outflow,468
13,-1242007014_CO,TSS,Outflow,468
23,-1242007014_CO,TSS,Outflow,468
531,-1242007014_CO,TSS,Outflow,469
27,-1242007014_CO,TSS,Outflow,469
23,-1242007014_CO,TSS,Outflow,469
13,-1242007014_CO,TSS,Outflow,469
9,-1242007014_CO,TSS,Outflow,469
47,-1242007014_CO,TSS,Outflow,470
26,-1242007014_CO,TSS,Outflow,470
110,-1242007014_CO,TSS,Outflow,470
19,-1242007014_CO,TSS,Outflow,470
22,-1242007014_CO,TSS,Outflow,470
110,-1242007014_CO,TSS,Outflow,471
27,-1242007014_CO,TSS,Outflow,471
5,-1242007014_CO,TSS,Outflow,471
23,-1242007014_CO,TSS,Outflow,471
6,-1242007014_CO,TSS,Outflow,471
23,-1242007014_CO,TSS,Outflow,472
531,-1242007014_CO,TSS,Outflow,472
20,-1242007014_CO,TSS,Outflow,472
27,-1242007014_CO,TSS,Outflow,472
110,-1242007014_CO,TSS,Outflow,472
110,-1242007014_CO,TSS,Outflow,473
13,-1242007014_CO,TSS,Outflow,473
22,-1242007014_CO,TSS,Outflow,473
19,-1242007014_CO,TSS,Outflow,473
13,-1242007014_CO,TSS,Outflow,473
23,-1242007014_CO,TSS,Outflow,474
13,-1242007014_CO,TSS,Outflow,474
531,-1242007014_CO,TSS,Outflow,474
12,-1242007014_CO,TSS,Outflow,474
110,-1242007014_CO,TSS,Outflow,474
27,-1242007014_CO,TSS,Outflow,475
13,-1242007014_CO,TSS,Outflow,475
26,-1242007014_CO,TSS,Outflow,475
13,-1242007014_CO,TSS,Outflow,475
5,-1242007014_CO,TSS,Outflow,475
19,-1242007014_CO,TSS,Outflow,476
25,-1242007014_CO,TSS,Outflow,476
12,-1242007014_CO,TSS,Outflow,476
27,-1242007014_CO,TSS,Outflow,476
20,-1242007014_CO,TSS,Outflow,476
19,-1242007014_CO,TSS,Outflow,477
13,-1242007014_CO,TSS,Outflow,477
13,-1242007014_CO,TSS,Outflow,477
531,-1242007014_CO,TSS,Outflow,477
110,-1242007014_CO,TSS,Outflow,477
6,-1242007014_CO,TSS,Outflow,478
47,-1242007014_CO,TSS,Outflow,478
12,-1242007014_CO,TSS,Outflow,478
27,-1242007014_CO,TSS,Outflow,478
9,-1242007014_CO,TSS,Outflow,478
23,-1242007014_CO,TSS,Outflow,479
531,-1242007014_CO,TSS,Outflow,479
27,-1242007014_CO,TSS,Outflow,479
12,-1242007014_CO,TSS,Outflow,479
9,-1242007014_CO,TSS,Outflow,479
5,-1242007014_CO,TSS,Outflow,480
110,-1242007014_CO,TSS,Outflow,480
22,-1242007014_CO,TSS,Outflow,480
23,-1242007014_CO,TSS,Outflow,480
27,-1242007014_CO,TSS,Outflow,480
26,-1242007014_CO,TSS,Outflow,481
13,-1242007014_CO,TSS,Outflow,481
13,-1242007014_CO,TSS,Outflow,481
5,-1242007014_CO,TSS,Outflow,481
20,-1242007014_CO,TSS,Outflow,481
27,-1242007014_CO,TSS,Outflow,482
47,-1242007014_CO,TSS,Outflow,482
25,-1242007014_CO,TSS,Outflow,482
9,-1242007014_CO,TSS,Outflow,482
23,-1242007014_CO,TSS,Outflow,482
110,-1242007014_CO,TSS,Outflow,483
47,-1242007014_CO,TSS,Outflow,483
12,-1242007014_CO,TSS,Outflow,483
22,-1242007014_CO,TSS,Outflow,483
13,-1242007014_CO,TSS,Outflow,483
110,-1242007014_CO,TSS,Outflow,484
5,-1242007014_CO,TSS,Outflow,484
27,-1242007014_CO,TSS,Outflow,484
20,-1242007014_CO,TSS,Outflow,484
6,-1242007014_CO,TSS,Outflow,484
22,-1242007014_CO,TSS,Outflow,485
47,-1242007014_CO,TSS,Outflow,485
110,-1242007014_CO,TSS,Outflow,485
27,-1242007014_CO,TSS,Outflow,485
13,-1242007014_CO,TSS,Outflow,485
47,-1242007014_CO,TSS,Outflow,486
6,-1242007014_CO,TSS,Outflow,486
12,-1242007014_CO,TSS,Outflow,486
27,-1242007014_CO,TSS,Outflow,486
23,-1242007014_CO,TSS,Outflow,486
531,-1242007014_CO,TSS,Outflow,487
27,-1242007014_CO,TSS,Outflow,487
27,-1242007014_CO,TSS,Outflow,487
6,-1242007014_CO,TSS,Outflow,487
47,-1242007014_CO,TSS,Outflow,487
13,-1242007014_CO,TSS,Outflow,488
25,-1242007014_CO,TSS,Outflow,488
23,-1242007014_CO,TSS,Outflow,488
20,-1242007014_CO,TSS,Outflow,488
27,-1242007014_CO,TSS,Outflow,488
47,-1242007014_CO,TSS,Outflow,489
531,-1242007014_CO,TSS,Outflow,489
19,-1242007014_CO,TSS,Outflow,489
13,-1242007014_CO,TSS,Outflow,489
27,-1242007014_CO,TSS,Outflow,489
25,-1242007014_CO,TSS,Outflow,490
13,-1242007014_CO,TSS,Outflow,490
23,-1242007014_CO,TSS,Outflow,490
22,-1242007014_CO,TSS,Outflow,490
27,-1242007014_CO,TSS,Outflow,490
47,-1242007014_CO,TSS,Outflow,491
27,-1242007014_CO,TSS,Outflow,491
25,-1242007014_CO,TSS,Outflow,491
6,-1242007014_CO,TSS,Outflow,491
13,-1242007014_CO,TSS,Outflow,491
27,-1242007014_CO,TSS,Outflow,492
25,-1242007014_CO,TSS,Outflow,492
5,-1242007014_CO,TSS,Outflow,492
13,-1242007014_CO,TSS,Outflow,492
20,-1242007014_CO,TSS,Outflow,492
19,-1242007014_CO,TSS,Outflow,493
22,-1242007014_CO,TSS,Outflow,493
13,-1242007014_CO,TSS,Outflow,493
5,-1242007014_CO,TSS,Outflow,493
47,-1242007014_CO,TSS,Outflow,493
26,-1242007014_CO,TSS,Outflow,494
9,-1242007014_CO,TSS,Outflow,494
22,-1242007014_CO,TSS,Outflow,494
25,-1242007014_CO,TSS,Outflow,494
19,-1242007014_CO,TSS,Outflow,494
13,-1242007014_CO,TSS,Outflow,495
13,-1242007014_CO,TSS,Outflow,495
47,-1242007014_CO,TSS,Outflow,495
26,-1242007014_CO,TSS,Outflow,495
22,-1242007014_CO,TSS,Outflow,495
26,-1242007014_CO,TSS,Outflow,496
22,-1242007014_CO,TSS,Outflow,496
19,-1242007014_CO,TSS,Outflow,496
27,-1242007014_CO,TSS,Outflow,496
531,-1242007014_CO,TSS,Outflow,496
13,-1242007014_CO,TSS,Outflow,497
27,-1242007014_CO,TSS,Outflow,497
12,-1242007014_CO,TSS,Outflow,497
6,-1242007014_CO,TSS,Outflow,497
5,-1242007014_CO,TSS,Outflow,497
27,-1242007014_CO,TSS,Outflow,498
25,-1242007014_CO,TSS,Outflow,498
26,-1242007014_CO,TSS,Outflow,498
6,-1242007014_CO,TSS,Outflow,498
531,-1242007014_CO,TSS,Outflow,498
25,-1242007014_CO,TSS,Outflow,499
27,-1242007014_CO,TSS,Outflow,499
110,-1242007014_CO,TSS,Outflow,499
19,-1242007014_CO,TSS,Outflow,499
12,-1242007014_CO,TSS,Outflow,499
27,-1242007014_CO,TSS,Outflow,500
12,-1242007014_CO,TSS,Outflow,500
531,-1242007014_CO,TSS,Outflow,500
19,-1242007014_CO,TSS,Outflow,500
13,-1242007014_CO,TSS,Outflow,500
