EMC,Location,Analyte,Flow,Run
25,-1242007014_CO,TSS,Outflow,1
6,-1242007014_CO,TSS,Outflow,1
47,-1242007014_CO,TSS,Outflow,1
531,-1242007014_CO,TSS,Outflow,1
9,-1242007014_CO,TSS,Outflow,1
22,-1242007014_CO,TSS,Outflow,2
110,-1242007014_CO,TSS,Outflow,2
6,-1242007014_CO,TSS,Outflow,2
531,-1242007014_CO,TSS,Outflow,2
27,-1242007014_CO,TSS,Outflow,2
23,-1242007014_CO,TSS,Outflow,3
5,-1242007014_CO,TSS,Outflow,3
531,-1242007014_CO,TSS,Outflow,3
25,-1242007014_CO,TSS,Outflow,3
19,-1242007014_CO,TSS,Outflow,3
12,-1242007014_CO,TSS,Outflow,4
22,-1242007014_CO,TSS,Outflow,4
531,-1242007014_CO,TSS,Outflow,4
47,-1242007014_CO,TSS,Outflow,4
20,-1242007014_CO,TSS,Outflow,4
25,-1242007014_CO,TSS,Outflow,5
110,-1242007014_CO,TSS,Outflow,5
12,-1242007014_CO,TSS,Outflow,5
9,-1242007014_CO,TSS,Outflow,5
13,-1242007014_CO,TSS,Outflow,5
13,-1242007014_CO,TSS,Outflow,6
47,-1242007014_CO,TSS,Outflow,6
12,-1242007014_CO,TSS,Outflow,6
9,-1242007014_CO,TSS,Outflow,6
22,-1242007014_CO,TSS,Outflow,6
27,-1242007014_CO,TSS,Outflow,7
5,-1242007014_CO,TSS,Outflow,7
25,-1242007014_CO,TSS,Outflow,7
22,-1242007014_CO,TSS,Outflow,7
6,-1242007014_CO,TSS,Outflow,7
26,-1242007014_CO,TSS,Outflow,8
110,-1242007014_CO,TSS,Outflow,8
19,-1242007014_CO,TSS,Outflow,8
22,-1242007014_CO,TSS,Outflow,8
13,-1242007014_CO,TSS,Outflow,8
47,-1242007014_CO,TSS,Outflow,9
110,-1242007014_CO,TSS,Outflow,9
25,-1242007014_CO,TSS,Outflow,9
23,-1242007014_CO,TSS,Outflow,9
20,-1242007014_CO,TSS,Outflow,9
5,-1242007014_CO,TSS,Outflow,10
26,-1242007014_CO,TSS,Outflow,10
110,-1242007014_CO,TSS,Outflow,10
9,-1242007014_CO,TSS,Outflow,10
47,-1242007014_CO,TSS,Outflow,10
25,-1242007014_CO,TSS,Outflow,11
22,-1242007014_CO,TSS,Outflow,11
6,-1242007014_CO,TSS,Outflow,11
12,-1242007014_CO,TSS,Outflow,11
23,-1242007014_CO,TSS,Outflow,11
26,-1242007014_CO,TSS,Outflow,12
110,-1242007014_CO,TSS,Outflow,12
47,-1242007014_CO,TSS,Outflow,12
27,-1242007014_CO,TSS,Outflow,12
20,-1242007014_CO,TSS,Outflow,12
19,-1242007014_CO,TSS,Outflow,13
47,-1242007014_CO,TSS,Outflow,13
6,-1242007014_CO,TSS,Outflow,13
13,-1242007014_CO,TSS,Outflow,13
531,-1242007014_CO,TSS,Outflow,13
27,-1242007014_CO,TSS,Outflow,14
110,-1242007014_CO,TSS,Outflow,14
13,-1242007014_CO,TSS,Outflow,14
19,-1242007014_CO,TSS,Outflow,14
6,-1242007014_CO,TSS,Outflow,14
6,-1242007014_CO,TSS,Outflow,15
13,-1242007014_CO,TSS,Outflow,15
5,-1242007014_CO,TSS,Outflow,15
12,-1242007014_CO,TSS,Outflow,15
13,-1242007014_CO,TSS,Outflow,15
23,-1242007014_CO,TSS,Outflow,16
25,-1242007014_CO,TSS,Outflow,16
13,-1242007014_CO,TSS,Outflow,16
19,-1242007014_CO,TSS,Outflow,16
26,-1242007014_CO,TSS,Outflow,16
13,-1242007014_CO,TSS,Outflow,17
27,-1242007014_CO,TSS,Outflow,17
47,-1242007014_CO,TSS,Outflow,17
531,-1242007014_CO,TSS,Outflow,17
26,-1242007014_CO,TSS,Outflow,17
6,-1242007014_CO,TSS,Outflow,18
19,-1242007014_CO,TSS,Outflow,18
5,-1242007014_CO,TSS,Outflow,18
20,-1242007014_CO,TSS,Outflow,18
13,-1242007014_CO,TSS,Outflow,18
13,-1242007014_CO,TSS,Outflow,19
27,-1242007014_CO,TSS,Outflow,19
20,-1242007014_CO,TSS,Outflow,19
12,-1242007014_CO,TSS,Outflow,19
23,-1242007014_CO,TSS,Outflow,19
12,-1242007014_CO,TSS,Outflow,20
20,-1242007014_CO,TSS,Outflow,20
6,-1242007014_CO,TSS,Outflow,20
23,-1242007014_CO,TSS,Outflow,20
9,-1242007014_CO,TSS,Outflow,20
12,-1242007014_CO,TSS,Outflow,21
26,-1242007014_CO,TSS,Outflow,21
6,-1242007014_CO,TSS,Outflow,21
27,-1242007014_CO,TSS,Outflow,21
531,-1242007014_CO,TSS,Outflow,21
47,-1242007014_CO,TSS,Outflow,22
9,-1242007014_CO,TSS,Outflow,22
27,-1242007014_CO,TSS,Outflow,22
23,-1242007014_CO,TSS,Outflow,22
20,-1242007014_CO,TSS,Outflow,22
23,-1242007014_CO,TSS,Outflow,23
20,-1242007014_CO,TSS,Outflow,23
26,-1242007014_CO,TSS,Outflow,23
9,-1242007014_CO,TSS,Outflow,23
110,-1242007014_CO,TSS,Outflow,23
9,-1242007014_CO,TSS,Outflow,24
23,-1242007014_CO,TSS,Outflow,24
27,-1242007014_CO,TSS,Outflow,24
26,-1242007014_CO,TSS,Outflow,24
25,-1242007014_CO,TSS,Outflow,24
25,-1242007014_CO,TSS,Outflow,25
13,-1242007014_CO,TSS,Outflow,25
13,-1242007014_CO,TSS,Outflow,25
20,-1242007014_CO,TSS,Outflow,25
26,-1242007014_CO,TSS,Outflow,25
5,-1242007014_CO,TSS,Outflow,26
110,-1242007014_CO,TSS,Outflow,26
20,-1242007014_CO,TSS,Outflow,26
12,-1242007014_CO,TSS,Outflow,26
47,-1242007014_CO,TSS,Outflow,26
25,-1242007014_CO,TSS,Outflow,27
22,-1242007014_CO,TSS,Outflow,27
531,-1242007014_CO,TSS,Outflow,27
23,-1242007014_CO,TSS,Outflow,27
20,-1242007014_CO,TSS,Outflow,27
47,-1242007014_CO,TSS,Outflow,28
9,-1242007014_CO,TSS,Outflow,28
23,-1242007014_CO,TSS,Outflow,28
5,-1242007014_CO,TSS,Outflow,28
531,-1242007014_CO,TSS,Outflow,28
110,-1242007014_CO,TSS,Outflow,29
27,-1242007014_CO,TSS,Outflow,29
531,-1242007014_CO,TSS,Outflow,29
20,-1242007014_CO,TSS,Outflow,29
47,-1242007014_CO,TSS,Outflow,29
13,-1242007014_CO,TSS,Outflow,30
5,-1242007014_CO,TSS,Outflow,30
23,-1242007014_CO,TSS,Outflow,30
9,-1242007014_CO,TSS,Outflow,30
110,-1242007014_CO,TSS,Outflow,30
6,-1242007014_CO,TSS,Outflow,31
25,-1242007014_CO,TSS,Outflow,31
20,-1242007014_CO,TSS,Outflow,31
9,-1242007014_CO,TSS,Outflow,31
47,-1242007014_CO,TSS,Outflow,31
25,-1242007014_CO,TSS,Outflow,32
531,-1242007014_CO,TSS,Outflow,32
47,-1242007014_CO,TSS,Outflow,32
5,-1242007014_CO,TSS,Outflow,32
23,-1242007014_CO,TSS,Outflow,32
20,-1242007014_CO,TSS,Outflow,33
9,-1242007014_CO,TSS,Outflow,33
110,-1242007014_CO,TSS,Outflow,33
531,-1242007014_CO,TSS,Outflow,33
23,-1242007014_CO,TSS,Outflow,33
531,-1242007014_CO,TSS,Outflow,34
12,-1242007014_CO,TSS,Outflow,34
13,-1242007014_CO,TSS,Outflow,34
19,-1242007014_CO,TSS,Outflow,34
25,-1242007014_CO,TSS,Outflow,34
27,-1242007014_CO,TSS,Outflow,35
9,-1242007014_CO,TSS,Outflow,35
13,-1242007014_CO,TSS,Outflow,35
25,-1242007014_CO,TSS,Outflow,35
26,-1242007014_CO,TSS,Outflow,35
13,-1242007014_CO,TSS,Outflow,36
25,-1242007014_CO,TSS,Outflow,36
6,-1242007014_CO,TSS,Outflow,36
27,-1242007014_CO,TSS,Outflow,36
26,-1242007014_CO,TSS,Outflow,36
9,-1242007014_CO,TSS,Outflow,37
531,-1242007014_CO,TSS,Outflow,37
27,-1242007014_CO,TSS,Outflow,37
13,-1242007014_CO,TSS,Outflow,37
19,-1242007014_CO,TSS,Outflow,37
110,-1242007014_CO,TSS,Outflow,38
6,-1242007014_CO,TSS,Outflow,38
27,-1242007014_CO,TSS,Outflow,38
20,-1242007014_CO,TSS,Outflow,38
23,-1242007014_CO,TSS,Outflow,38
13,-1242007014_CO,TSS,Outflow,39
13,-1242007014_CO,TSS,Outflow,39
6,-1242007014_CO,TSS,Outflow,39
19,-1242007014_CO,TSS,Outflow,39
47,-1242007014_CO,TSS,Outflow,39
27,-1242007014_CO,TSS,Outflow,40
12,-1242007014_CO,TSS,Outflow,40
9,-1242007014_CO,TSS,Outflow,40
23,-1242007014_CO,TSS,Outflow,40
22,-1242007014_CO,TSS,Outflow,40
19,-1242007014_CO,TSS,Outflow,41
27,-1242007014_CO,TSS,Outflow,41
22,-1242007014_CO,TSS,Outflow,41
27,-1242007014_CO,TSS,Outflow,41
531,-1242007014_CO,TSS,Outflow,41
6,-1242007014_CO,TSS,Outflow,42
47,-1242007014_CO,TSS,Outflow,42
27,-1242007014_CO,TSS,Outflow,42
20,-1242007014_CO,TSS,Outflow,42
9,-1242007014_CO,TSS,Outflow,42
12,-1242007014_CO,TSS,Outflow,43
6,-1242007014_CO,TSS,Outflow,43
531,-1242007014_CO,TSS,Outflow,43
25,-1242007014_CO,TSS,Outflow,43
22,-1242007014_CO,TSS,Outflow,43
25,-1242007014_CO,TSS,Outflow,44
13,-1242007014_CO,TSS,Outflow,44
47,-1242007014_CO,TSS,Outflow,44
6,-1242007014_CO,TSS,Outflow,44
22,-1242007014_CO,TSS,Outflow,44
5,-1242007014_CO,TSS,Outflow,45
47,-1242007014_CO,TSS,Outflow,45
9,-1242007014_CO,TSS,Outflow,45
27,-1242007014_CO,TSS,Outflow,45
26,-1242007014_CO,TSS,Outflow,45
20,-1242007014_CO,TSS,Outflow,46
27,-1242007014_CO,TSS,Outflow,46
26,-1242007014_CO,TSS,Outflow,46
110,-1242007014_CO,TSS,Outflow,46
22,-1242007014_CO,TSS,Outflow,46
5,-1242007014_CO,TSS,Outflow,47
19,-1242007014_CO,TSS,Outflow,47
23,-1242007014_CO,TSS,Outflow,47
6,-1242007014_CO,TSS,Outflow,47
47,-1242007014_CO,TSS,Outflow,47
26,-1242007014_CO,TSS,Outflow,48
19,-1242007014_CO,TSS,Outflow,48
27,-1242007014_CO,TSS,Outflow,48
9,-1242007014_CO,TSS,Outflow,48
20,-1242007014_CO,TSS,Outflow,48
23,-1242007014_CO,TSS,Outflow,49
19,-1242007014_CO,TSS,Outflow,49
5,-1242007014_CO,TSS,Outflow,49
12,-1242007014_CO,TSS,Outflow,49
47,-1242007014_CO,TSS,Outflow,49
110,-1242007014_CO,TSS,Outflow,50
531,-1242007014_CO,TSS,Outflow,50
13,-1242007014_CO,TSS,Outflow,50
25,-1242007014_CO,TSS,Outflow,50
26,-1242007014_CO,TSS,Outflow,50
23,-1242007014_CO,TSS,Outflow,51
13,-1242007014_CO,TSS,Outflow,51
9,-1242007014_CO,TSS,Outflow,51
6,-1242007014_CO,TSS,Outflow,51
13,-1242007014_CO,TSS,Outflow,51
27,-1242007014_CO,TSS,Outflow,52
27,-1242007014_CO,TSS,Outflow,52
25,-1242007014_CO,TSS,Outflow,52
26,-1242007014_CO,TSS,Outflow,52
531,-1242007014_CO,TSS,Outflow,52
6,-1242007014_CO,TSS,Outflow,53
23,-1242007014_CO,TSS,Outflow,53
9,-1242007014_CO,TSS,Outflow,53
19,-1242007014_CO,TSS,Outflow,53
5,-1242007014_CO,TSS,Outflow,53
23,-1242007014_CO,TSS,Outflow,54
6,-1242007014_CO,TSS,Outflow,54
19,-1242007014_CO,TSS,Outflow,54
27,-1242007014_CO,TSS,Outflow,54
26,-1242007014_CO,TSS,Outflow,54
27,-1242007014_CO,TSS,Outflow,55
19,-1242007014_CO,TSS,Outflow,55
23,-1242007014_CO,TSS,Outflow,55
12,-1242007014_CO,TSS,Outflow,55
9,-1242007014_CO,TSS,Outflow,55
110,-1242007014_CO,TSS,Outflow,56
6,-1242007014_CO,TSS,Outflow,56
27,-1242007014_CO,TSS,Outflow,56
19,-1242007014_CO,TSS,Outflow,56
13,-1242007014_CO,TSS,Outflow,56
13,-1242007014_CO,TSS,Outflow,57
47,-1242007014_CO,TSS,Outflow,57
6,-1242007014_CO,TSS,Outflow,57
13,-1242007014_CO,TSS,Outflow,57
25,-1242007014_CO,TSS,Outflow,57
26,-1242007014_CO,TSS,Outflow,58
13,-1242007014_CO,TSS,Outflow,58
22,-1242007014_CO,TSS,Outflow,58
27,-1242007014_CO,TSS,Outflow,58
13,-1242007014_CO,TSS,Outflow,58
27,-1242007014_CO,TSS,Outflow,59
22,-1242007014_CO,TSS,Outflow,59
13,-1242007014_CO,TSS,Outflow,59
20,-1242007014_CO,TSS,Outflow,59
27,-1242007014_CO,TSS,Outflow,59
13,-1242007014_CO,TSS,Outflow,60
27,-1242007014_CO,TSS,Outflow,60
9,-1242007014_CO,TSS,Outflow,60
27,-1242007014_CO,TSS,Outflow,60
5,-1242007014_CO,TSS,Outflow,60
19,-1242007014_CO,TSS,Outflow,61
110,-1242007014_CO,TSS,Outflow,61
27,-1242007014_CO,TSS,Outflow,61
12,-1242007014_CO,TSS,Outflow,61
13,-1242007014_CO,TSS,Outflow,61
6,-1242007014_CO,TSS,Outflow,62
23,-1242007014_CO,TSS,Outflow,62
25,-1242007014_CO,TSS,Outflow,62
531,-1242007014_CO,TSS,Outflow,62
19,-1242007014_CO,TSS,Outflow,62
27,-1242007014_CO,TSS,Outflow,63
27,-1242007014_CO,TSS,Outflow,63
19,-1242007014_CO,TSS,Outflow,63
25,-1242007014_CO,TSS,Outflow,63
9,-1242007014_CO,TSS,Outflow,63
26,-1242007014_CO,TSS,Outflow,64
6,-1242007014_CO,TSS,Outflow,64
22,-1242007014_CO,TSS,Outflow,64
25,-1242007014_CO,TSS,Outflow,64
13,-1242007014_CO,TSS,Outflow,64
9,-1242007014_CO,TSS,Outflow,65
27,-1242007014_CO,TSS,Outflow,65
531,-1242007014_CO,TSS,Outflow,65
5,-1242007014_CO,TSS,Outflow,65
6,-1242007014_CO,TSS,Outflow,65
13,-1242007014_CO,TSS,Outflow,66
47,-1242007014_CO,TSS,Outflow,66
27,-1242007014_CO,TSS,Outflow,66
5,-1242007014_CO,TSS,Outflow,66
23,-1242007014_CO,TSS,Outflow,66
20,-1242007014_CO,TSS,Outflow,67
22,-1242007014_CO,TSS,Outflow,67
5,-1242007014_CO,TSS,Outflow,67
13,-1242007014_CO,TSS,Outflow,67
531,-1242007014_CO,TSS,Outflow,67
25,-1242007014_CO,TSS,Outflow,68
19,-1242007014_CO,TSS,Outflow,68
27,-1242007014_CO,TSS,Outflow,68
12,-1242007014_CO,TSS,Outflow,68
6,-1242007014_CO,TSS,Outflow,68
9,-1242007014_CO,TSS,Outflow,69
19,-1242007014_CO,TSS,Outflow,69
20,-1242007014_CO,TSS,Outflow,69
25,-1242007014_CO,TSS,Outflow,69
27,-1242007014_CO,TSS,Outflow,69
27,-1242007014_CO,TSS,Outflow,70
531,-1242007014_CO,TSS,Outflow,70
26,-1242007014_CO,TSS,Outflow,70
23,-1242007014_CO,TSS,Outflow,70
110,-1242007014_CO,TSS,Outflow,70
12,-1242007014_CO,TSS,Outflow,71
13,-1242007014_CO,TSS,Outflow,71
9,-1242007014_CO,TSS,Outflow,71
27,-1242007014_CO,TSS,Outflow,71
110,-1242007014_CO,TSS,Outflow,71
20,-1242007014_CO,TSS,Outflow,72
13,-1242007014_CO,TSS,Outflow,72
27,-1242007014_CO,TSS,Outflow,72
13,-1242007014_CO,TSS,Outflow,72
23,-1242007014_CO,TSS,Outflow,72
9,-1242007014_CO,TSS,Outflow,73
19,-1242007014_CO,TSS,Outflow,73
27,-1242007014_CO,TSS,Outflow,73
20,-1242007014_CO,TSS,Outflow,73
110,-1242007014_CO,TSS,Outflow,73
12,-1242007014_CO,TSS,Outflow,74
19,-1242007014_CO,TSS,Outflow,74
13,-1242007014_CO,TSS,Outflow,74
22,-1242007014_CO,TSS,Outflow,74
110,-1242007014_CO,TSS,Outflow,74
9,-1242007014_CO,TSS,Outflow,75
20,-1242007014_CO,TSS,Outflow,75
22,-1242007014_CO,TSS,Outflow,75
27,-1242007014_CO,TSS,Outflow,75
12,-1242007014_CO,TSS,Outflow,75
9,-1242007014_CO,TSS,Outflow,76
26,-1242007014_CO,TSS,Outflow,76
6,-1242007014_CO,TSS,Outflow,76
19,-1242007014_CO,TSS,Outflow,76
531,-1242007014_CO,TSS,Outflow,76
110,-1242007014_CO,TSS,Outflow,77
23,-1242007014_CO,TSS,Outflow,77
26,-1242007014_CO,TSS,Outflow,77
13,-1242007014_CO,TSS,Outflow,77
47,-1242007014_CO,TSS,Outflow,77
6,-1242007014_CO,TSS,Outflow,78
19,-1242007014_CO,TSS,Outflow,78
27,-1242007014_CO,TSS,Outflow,78
9,-1242007014_CO,TSS,Outflow,78
27,-1242007014_CO,TSS,Outflow,78
13,-1242007014_CO,TSS,Outflow,79
5,-1242007014_CO,TSS,Outflow,79
13,-1242007014_CO,TSS,Outflow,79
110,-1242007014_CO,TSS,Outflow,79
531,-1242007014_CO,TSS,Outflow,79
12,-1242007014_CO,TSS,Outflow,80
47,-1242007014_CO,TSS,Outflow,80
25,-1242007014_CO,TSS,Outflow,80
27,-1242007014_CO,TSS,Outflow,80
13,-1242007014_CO,TSS,Outflow,80
12,-1242007014_CO,TSS,Outflow,81
531,-1242007014_CO,TSS,Outflow,81
23,-1242007014_CO,TSS,Outflow,81
13,-1242007014_CO,TSS,Outflow,81
27,-1242007014_CO,TSS,Outflow,81
12,-1242007014_CO,TSS,Outflow,82
531,-1242007014_CO,TSS,Outflow,82
13,-1242007014_CO,TSS,Outflow,82
26,-1242007014_CO,TSS,Outflow,82
27,-1242007014_CO,TSS,Outflow,82
47,-1242007014_CO,TSS,Outflow,83
13,-1242007014_CO,TSS,Outflow,83
23,-1242007014_CO,TSS,Outflow,83
27,-1242007014_CO,TSS,Outflow,83
110,-1242007014_CO,TSS,Outflow,83
110,-1242007014_CO,TSS,Outflow,84
26,-1242007014_CO,TSS,Outflow,84
20,-1242007014_CO,TSS,Outflow,84
27,-1242007014_CO,TSS,Outflow,84
19,-1242007014_CO,TSS,Outflow,84
13,-1242007014_CO,TSS,Outflow,85
47,-1242007014_CO,TSS,Outflow,85
23,-1242007014_CO,TSS,Outflow,85
25,-1242007014_CO,TSS,Outflow,85
9,-1242007014_CO,TSS,Outflow,85
27,-1242007014_CO,TSS,Outflow,86
47,-1242007014_CO,TSS,Outflow,86
26,-1242007014_CO,TSS,Outflow,86
19,-1242007014_CO,TSS,Outflow,86
13,-1242007014_CO,TSS,Outflow,86
25,-1242007014_CO,TSS,Outflow,87
110,-1242007014_CO,TSS,Outflow,87
47,-1242007014_CO,TSS,Outflow,87
20,-1242007014_CO,TSS,Outflow,87
531,-1242007014_CO,TSS,Outflow,87
27,-1242007014_CO,TSS,Outflow,88
13,-1242007014_CO,TSS,Outflow,88
531,-1242007014_CO,TSS,Outflow,88
9,-1242007014_CO,TSS,Outflow,88
20,-1242007014_CO,TSS,Outflow,88
19,-1242007014_CO,TSS,Outflow,89
13,-1242007014_CO,TSS,Outflow,89
6,-1242007014_CO,TSS,Outflow,89
47,-1242007014_CO,TSS,Outflow,89
20,-1242007014_CO,TSS,Outflow,89
6,-1242007014_CO,TSS,Outflow,90
5,-1242007014_CO,TSS,Outflow,90
19,-1242007014_CO,TSS,Outflow,90
13,-1242007014_CO,TSS,Outflow,90
13,-1242007014_CO,TSS,Outflow,90
110,-1242007014_CO,TSS,Outflow,91
23,-1242007014_CO,TSS,Outflow,91
12,-1242007014_CO,TSS,Outflow,91
13,-1242007014_CO,TSS,Outflow,91
25,-1242007014_CO,TSS,Outflow,91
13,-1242007014_CO,TSS,Outflow,92
27,-1242007014_CO,TSS,Outflow,92
9,-1242007014_CO,TSS,Outflow,92
26,-1242007014_CO,TSS,Outflow,92
6,-1242007014_CO,TSS,Outflow,92
27,-1242007014_CO,TSS,Outflow,93
22,-1242007014_CO,TSS,Outflow,93
9,-1242007014_CO,TSS,Outflow,93
19,-1242007014_CO,TSS,Outflow,93
27,-1242007014_CO,TSS,Outflow,93
12,-1242007014_CO,TSS,Outflow,94
25,-1242007014_CO,TSS,Outflow,94
13,-1242007014_CO,TSS,Outflow,94
5,-1242007014_CO,TSS,Outflow,94
531,-1242007014_CO,TSS,Outflow,94
47,-1242007014_CO,TSS,Outflow,95
110,-1242007014_CO,TSS,Outflow,95
9,-1242007014_CO,TSS,Outflow,95
20,-1242007014_CO,TSS,Outflow,95
531,-1242007014_CO,TSS,Outflow,95
22,-1242007014_CO,TSS,Outflow,96
26,-1242007014_CO,TSS,Outflow,96
27,-1242007014_CO,TSS,Outflow,96
6,-1242007014_CO,TSS,Outflow,96
25,-1242007014_CO,TSS,Outflow,96
26,-1242007014_CO,TSS,Outflow,97
5,-1242007014_CO,TSS,Outflow,97
19,-1242007014_CO,TSS,Outflow,97
13,-1242007014_CO,TSS,Outflow,97
12,-1242007014_CO,TSS,Outflow,97
6,-1242007014_CO,TSS,Outflow,98
12,-1242007014_CO,TSS,Outflow,98
47,-1242007014_CO,TSS,Outflow,98
19,-1242007014_CO,TSS,Outflow,98
13,-1242007014_CO,TSS,Outflow,98
12,-1242007014_CO,TSS,Outflow,99
13,-1242007014_CO,TSS,Outflow,99
531,-1242007014_CO,TSS,Outflow,99
22,-1242007014_CO,TSS,Outflow,99
13,-1242007014_CO,TSS,Outflow,99
12,-1242007014_CO,TSS,Outflow,100
27,-1242007014_CO,TSS,Outflow,100
13,-1242007014_CO,TSS,Outflow,100
19,-1242007014_CO,TSS,Outflow,100
9,-1242007014_CO,TSS,Outflow,100
13,-1242007014_CO,TSS,Outflow,101
110,-1242007014_CO,TSS,Outflow,101
531,-1242007014_CO,TSS,Outflow,101
47,-1242007014_CO,TSS,Outflow,101
6,-1242007014_CO,TSS,Outflow,101
6,-1242007014_CO,TSS,Outflow,102
110,-1242007014_CO,TSS,Outflow,102
531,-1242007014_CO,TSS,Outflow,102
5,-1242007014_CO,TSS,Outflow,102
23,-1242007014_CO,TSS,Outflow,102
22,-1242007014_CO,TSS,Outflow,103
9,-1242007014_CO,TSS,Outflow,103
12,-1242007014_CO,TSS,Outflow,103
6,-1242007014_CO,TSS,Outflow,103
25,-1242007014_CO,TSS,Outflow,103
110,-1242007014_CO,TSS,Outflow,104
47,-1242007014_CO,TSS,Outflow,104
13,-1242007014_CO,TSS,Outflow,104
27,-1242007014_CO,TSS,Outflow,104
20,-1242007014_CO,TSS,Outflow,104
47,-1242007014_CO,TSS,Outflow,105
13,-1242007014_CO,TSS,Outflow,105
27,-1242007014_CO,TSS,Outflow,105
23,-1242007014_CO,TSS,Outflow,105
6,-1242007014_CO,TSS,Outflow,105
13,-1242007014_CO,TSS,Outflow,106
27,-1242007014_CO,TSS,Outflow,106
12,-1242007014_CO,TSS,Outflow,106
25,-1242007014_CO,TSS,Outflow,106
13,-1242007014_CO,TSS,Outflow,106
13,-1242007014_CO,TSS,Outflow,107
23,-1242007014_CO,TSS,Outflow,107
5,-1242007014_CO,TSS,Outflow,107
12,-1242007014_CO,TSS,Outflow,107
27,-1242007014_CO,TSS,Outflow,107
13,-1242007014_CO,TSS,Outflow,108
5,-1242007014_CO,TSS,Outflow,108
13,-1242007014_CO,TSS,Outflow,108
25,-1242007014_CO,TSS,Outflow,108
6,-1242007014_CO,TSS,Outflow,108
20,-1242007014_CO,TSS,Outflow,109
6,-1242007014_CO,TSS,Outflow,109
5,-1242007014_CO,TSS,Outflow,109
13,-1242007014_CO,TSS,Outflow,109
27,-1242007014_CO,TSS,Outflow,109
47,-1242007014_CO,TSS,Outflow,110
6,-1242007014_CO,TSS,Outflow,110
110,-1242007014_CO,TSS,Outflow,110
13,-1242007014_CO,TSS,Outflow,110
19,-1242007014_CO,TSS,Outflow,110
110,-1242007014_CO,TSS,Outflow,111
9,-1242007014_CO,TSS,Outflow,111
19,-1242007014_CO,TSS,Outflow,111
25,-1242007014_CO,TSS,Outflow,111
27,-1242007014_CO,TSS,Outflow,111
27,-1242007014_CO,TSS,Outflow,112
22,-1242007014_CO,TSS,Outflow,112
9,-1242007014_CO,TSS,Outflow,112
13,-1242007014_CO,TSS,Outflow,112
531,-1242007014_CO,TSS,Outflow,112
19,-1242007014_CO,TSS,Outflow,113
26,-1242007014_CO,TSS,Outflow,113
13,-1242007014_CO,TSS,Outflow,113
23,-1242007014_CO,TSS,Outflow,113
6,-1242007014_CO,TSS,Outflow,113
531,-1242007014_CO,TSS,Outflow,114
27,-1242007014_CO,TSS,Outflow,114
27,-1242007014_CO,TSS,Outflow,114
25,-1242007014_CO,TSS,Outflow,114
47,-1242007014_CO,TSS,Outflow,114
531,-1242007014_CO,TSS,Outflow,115
9,-1242007014_CO,TSS,Outflow,115
23,-1242007014_CO,TSS,Outflow,115
110,-1242007014_CO,TSS,Outflow,115
27,-1242007014_CO,TSS,Outflow,115
13,-1242007014_CO,TSS,Outflow,116
26,-1242007014_CO,TSS,Outflow,116
9,-1242007014_CO,TSS,Outflow,116
23,-1242007014_CO,TSS,Outflow,116
5,-1242007014_CO,TSS,Outflow,116
9,-1242007014_CO,TSS,Outflow,117
27,-1242007014_CO,TSS,Outflow,117
110,-1242007014_CO,TSS,Outflow,117
6,-1242007014_CO,TSS,Outflow,117
5,-1242007014_CO,TSS,Outflow,117
26,-1242007014_CO,TSS,Outflow,118
27,-1242007014_CO,TSS,Outflow,118
22,-1242007014_CO,TSS,Outflow,118
25,-1242007014_CO,TSS,Outflow,118
19,-1242007014_CO,TSS,Outflow,118
27,-1242007014_CO,TSS,Outflow,119
13,-1242007014_CO,TSS,Outflow,119
20,-1242007014_CO,TSS,Outflow,119
110,-1242007014_CO,TSS,Outflow,119
19,-1242007014_CO,TSS,Outflow,119
531,-1242007014_CO,TSS,Outflow,120
13,-1242007014_CO,TSS,Outflow,120
26,-1242007014_CO,TSS,Outflow,120
9,-1242007014_CO,TSS,Outflow,120
25,-1242007014_CO,TSS,Outflow,120
47,-1242007014_CO,TSS,Outflow,121
6,-1242007014_CO,TSS,Outflow,121
5,-1242007014_CO,TSS,Outflow,121
110,-1242007014_CO,TSS,Outflow,121
25,-1242007014_CO,TSS,Outflow,121
19,-1242007014_CO,TSS,Outflow,122
110,-1242007014_CO,TSS,Outflow,122
13,-1242007014_CO,TSS,Outflow,122
47,-1242007014_CO,TSS,Outflow,122
531,-1242007014_CO,TSS,Outflow,122
26,-1242007014_CO,TSS,Outflow,123
13,-1242007014_CO,TSS,Outflow,123
110,-1242007014_CO,TSS,Outflow,123
19,-1242007014_CO,TSS,Outflow,123
23,-1242007014_CO,TSS,Outflow,123
6,-1242007014_CO,TSS,Outflow,124
47,-1242007014_CO,TSS,Outflow,124
9,-1242007014_CO,TSS,Outflow,124
531,-1242007014_CO,TSS,Outflow,124
110,-1242007014_CO,TSS,Outflow,124
27,-1242007014_CO,TSS,Outflow,125
13,-1242007014_CO,TSS,Outflow,125
6,-1242007014_CO,TSS,Outflow,125
12,-1242007014_CO,TSS,Outflow,125
22,-1242007014_CO,TSS,Outflow,125
12,-1242007014_CO,TSS,Outflow,126
531,-1242007014_CO,TSS,Outflow,126
6,-1242007014_CO,TSS,Outflow,126
19,-1242007014_CO,TSS,Outflow,126
20,-1242007014_CO,TSS,Outflow,126
22,-1242007014_CO,TSS,Outflow,127
23,-1242007014_CO,TSS,Outflow,127
47,-1242007014_CO,TSS,Outflow,127
531,-1242007014_CO,TSS,Outflow,127
9,-1242007014_CO,TSS,Outflow,127
9,-1242007014_CO,TSS,Outflow,128
26,-1242007014_CO,TSS,Outflow,128
20,-1242007014_CO,TSS,Outflow,128
27,-1242007014_CO,TSS,Outflow,128
12,-1242007014_CO,TSS,Outflow,128
20,-1242007014_CO,TSS,Outflow,129
110,-1242007014_CO,TSS,Outflow,129
531,-1242007014_CO,TSS,Outflow,129
26,-1242007014_CO,TSS,Outflow,129
47,-1242007014_CO,TSS,Outflow,129
9,-1242007014_CO,TSS,Outflow,130
23,-1242007014_CO,TSS,Outflow,130
5,-1242007014_CO,TSS,Outflow,130
27,-1242007014_CO,TSS,Outflow,130
25,-1242007014_CO,TSS,Outflow,130
531,-1242007014_CO,TSS,Outflow,131
13,-1242007014_CO,TSS,Outflow,131
23,-1242007014_CO,TSS,Outflow,131
5,-1242007014_CO,TSS,Outflow,131
26,-1242007014_CO,TSS,Outflow,131
19,-1242007014_CO,TSS,Outflow,132
5,-1242007014_CO,TSS,Outflow,132
27,-1242007014_CO,TSS,Outflow,132
27,-1242007014_CO,TSS,Outflow,132
12,-1242007014_CO,TSS,Outflow,132
27,-1242007014_CO,TSS,Outflow,133
25,-1242007014_CO,TSS,Outflow,133
531,-1242007014_CO,TSS,Outflow,133
9,-1242007014_CO,TSS,Outflow,133
23,-1242007014_CO,TSS,Outflow,133
27,-1242007014_CO,TSS,Outflow,134
13,-1242007014_CO,TSS,Outflow,134
13,-1242007014_CO,TSS,Outflow,134
27,-1242007014_CO,TSS,Outflow,134
23,-1242007014_CO,TSS,Outflow,134
6,-1242007014_CO,TSS,Outflow,135
13,-1242007014_CO,TSS,Outflow,135
19,-1242007014_CO,TSS,Outflow,135
5,-1242007014_CO,TSS,Outflow,135
27,-1242007014_CO,TSS,Outflow,135
26,-1242007014_CO,TSS,Outflow,136
5,-1242007014_CO,TSS,Outflow,136
6,-1242007014_CO,TSS,Outflow,136
13,-1242007014_CO,TSS,Outflow,136
27,-1242007014_CO,TSS,Outflow,136
110,-1242007014_CO,TSS,Outflow,137
9,-1242007014_CO,TSS,Outflow,137
6,-1242007014_CO,TSS,Outflow,137
12,-1242007014_CO,TSS,Outflow,137
531,-1242007014_CO,TSS,Outflow,137
27,-1242007014_CO,TSS,Outflow,138
5,-1242007014_CO,TSS,Outflow,138
13,-1242007014_CO,TSS,Outflow,138
23,-1242007014_CO,TSS,Outflow,138
26,-1242007014_CO,TSS,Outflow,138
26,-1242007014_CO,TSS,Outflow,139
22,-1242007014_CO,TSS,Outflow,139
9,-1242007014_CO,TSS,Outflow,139
13,-1242007014_CO,TSS,Outflow,139
110,-1242007014_CO,TSS,Outflow,139
23,-1242007014_CO,TSS,Outflow,140
27,-1242007014_CO,TSS,Outflow,140
12,-1242007014_CO,TSS,Outflow,140
25,-1242007014_CO,TSS,Outflow,140
26,-1242007014_CO,TSS,Outflow,140
22,-1242007014_CO,TSS,Outflow,141
27,-1242007014_CO,TSS,Outflow,141
19,-1242007014_CO,TSS,Outflow,141
27,-1242007014_CO,TSS,Outflow,141
20,-1242007014_CO,TSS,Outflow,141
9,-1242007014_CO,TSS,Outflow,142
27,-1242007014_CO,TSS,Outflow,142
25,-1242007014_CO,TSS,Outflow,142
27,-1242007014_CO,TSS,Outflow,142
5,-1242007014_CO,TSS,Outflow,142
9,-1242007014_CO,TSS,Outflow,143
27,-1242007014_CO,TSS,Outflow,143
20,-1242007014_CO,TSS,Outflow,143
110,-1242007014_CO,TSS,Outflow,143
22,-1242007014_CO,TSS,Outflow,143
12,-1242007014_CO,TSS,Outflow,144
9,-1242007014_CO,TSS,Outflow,144
19,-1242007014_CO,TSS,Outflow,144
5,-1242007014_CO,TSS,Outflow,144
13,-1242007014_CO,TSS,Outflow,144
19,-1242007014_CO,TSS,Outflow,145
23,-1242007014_CO,TSS,Outflow,145
12,-1242007014_CO,TSS,Outflow,145
9,-1242007014_CO,TSS,Outflow,145
27,-1242007014_CO,TSS,Outflow,145
12,-1242007014_CO,TSS,Outflow,146
26,-1242007014_CO,TSS,Outflow,146
19,-1242007014_CO,TSS,Outflow,146
531,-1242007014_CO,TSS,Outflow,146
5,-1242007014_CO,TSS,Outflow,146
531,-1242007014_CO,TSS,Outflow,147
25,-1242007014_CO,TSS,Outflow,147
26,-1242007014_CO,TSS,Outflow,147
27,-1242007014_CO,TSS,Outflow,147
5,-1242007014_CO,TSS,Outflow,147
13,-1242007014_CO,TSS,Outflow,148
12,-1242007014_CO,TSS,Outflow,148
5,-1242007014_CO,TSS,Outflow,148
22,-1242007014_CO,TSS,Outflow,148
25,-1242007014_CO,TSS,Outflow,148
22,-1242007014_CO,TSS,Outflow,149
6,-1242007014_CO,TSS,Outflow,149
47,-1242007014_CO,TSS,Outflow,149
531,-1242007014_CO,TSS,Outflow,149
5,-1242007014_CO,TSS,Outflow,149
26,-1242007014_CO,TSS,Outflow,150
27,-1242007014_CO,TSS,Outflow,150
47,-1242007014_CO,TSS,Outflow,150
23,-1242007014_CO,TSS,Outflow,150
22,-1242007014_CO,TSS,Outflow,150
531,-1242007014_CO,TSS,Outflow,151
26,-1242007014_CO,TSS,Outflow,151
110,-1242007014_CO,TSS,Outflow,151
27,-1242007014_CO,TSS,Outflow,151
23,-1242007014_CO,TSS,Outflow,151
20,-1242007014_CO,TSS,Outflow,152
13,-1242007014_CO,TSS,Outflow,152
25,-1242007014_CO,TSS,Outflow,152
19,-1242007014_CO,TSS,Outflow,152
110,-1242007014_CO,TSS,Outflow,152
5,-1242007014_CO,TSS,Outflow,153
27,-1242007014_CO,TSS,Outflow,153
19,-1242007014_CO,TSS,Outflow,153
22,-1242007014_CO,TSS,Outflow,153
23,-1242007014_CO,TSS,Outflow,153
27,-1242007014_CO,TSS,Outflow,154
531,-1242007014_CO,TSS,Outflow,154
13,-1242007014_CO,TSS,Outflow,154
13,-1242007014_CO,TSS,Outflow,154
27,-1242007014_CO,TSS,Outflow,154
5,-1242007014_CO,TSS,Outflow,155
19,-1242007014_CO,TSS,Outflow,155
6,-1242007014_CO,TSS,Outflow,155
13,-1242007014_CO,TSS,Outflow,155
27,-1242007014_CO,TSS,Outflow,155
25,-1242007014_CO,TSS,Outflow,156
27,-1242007014_CO,TSS,Outflow,156
13,-1242007014_CO,TSS,Outflow,156
6,-1242007014_CO,TSS,Outflow,156
12,-1242007014_CO,TSS,Outflow,156
27,-1242007014_CO,TSS,Outflow,157
22,-1242007014_CO,TSS,Outflow,157
110,-1242007014_CO,TSS,Outflow,157
19,-1242007014_CO,TSS,Outflow,157
26,-1242007014_CO,TSS,Outflow,157
20,-1242007014_CO,TSS,Outflow,158
19,-1242007014_CO,TSS,Outflow,158
13,-1242007014_CO,TSS,Outflow,158
110,-1242007014_CO,TSS,Outflow,158
5,-1242007014_CO,TSS,Outflow,158
23,-1242007014_CO,TSS,Outflow,159
26,-1242007014_CO,TSS,Outflow,159
19,-1242007014_CO,TSS,Outflow,159
5,-1242007014_CO,TSS,Outflow,159
13,-1242007014_CO,TSS,Outflow,159
20,-1242007014_CO,TSS,Outflow,160
13,-1242007014_CO,TSS,Outflow,160
25,-1242007014_CO,TSS,Outflow,160
26,-1242007014_CO,TSS,Outflow,160
19,-1242007014_CO,TSS,Outflow,160
13,-1242007014_CO,TSS,Outflow,161
12,-1242007014_CO,TSS,Outflow,161
6,-1242007014_CO,TSS,Outflow,161
531,-1242007014_CO,TSS,Outflow,161
22,-1242007014_CO,TSS,Outflow,161
110,-1242007014_CO,TSS,Outflow,162
13,-1242007014_CO,TSS,Outflow,162
13,-1242007014_CO,TSS,Outflow,162
531,-1242007014_CO,TSS,Outflow,162
6,-1242007014_CO,TSS,Outflow,162
22,-1242007014_CO,TSS,Outflow,163
12,-1242007014_CO,TSS,Outflow,163
531,-1242007014_CO,TSS,Outflow,163
23,-1242007014_CO,TSS,Outflow,163
25,-1242007014_CO,TSS,Outflow,163
5,-1242007014_CO,TSS,Outflow,164
110,-1242007014_CO,TSS,Outflow,164
26,-1242007014_CO,TSS,Outflow,164
531,-1242007014_CO,TSS,Outflow,164
6,-1242007014_CO,TSS,Outflow,164
9,-1242007014_CO,TSS,Outflow,165
25,-1242007014_CO,TSS,Outflow,165
23,-1242007014_CO,TSS,Outflow,165
110,-1242007014_CO,TSS,Outflow,165
531,-1242007014_CO,TSS,Outflow,165
13,-1242007014_CO,TSS,Outflow,166
110,-1242007014_CO,TSS,Outflow,166
5,-1242007014_CO,TSS,Outflow,166
27,-1242007014_CO,TSS,Outflow,166
23,-1242007014_CO,TSS,Outflow,166
27,-1242007014_CO,TSS,Outflow,167
5,-1242007014_CO,TSS,Outflow,167
26,-1242007014_CO,TSS,Outflow,167
22,-1242007014_CO,TSS,Outflow,167
9,-1242007014_CO,TSS,Outflow,167
27,-1242007014_CO,TSS,Outflow,168
13,-1242007014_CO,TSS,Outflow,168
26,-1242007014_CO,TSS,Outflow,168
20,-1242007014_CO,TSS,Outflow,168
27,-1242007014_CO,TSS,Outflow,168
25,-1242007014_CO,TSS,Outflow,169
27,-1242007014_CO,TSS,Outflow,169
5,-1242007014_CO,TSS,Outflow,169
27,-1242007014_CO,TSS,Outflow,169
110,-1242007014_CO,TSS,Outflow,169
12,-1242007014_CO,TSS,Outflow,170
23,-1242007014_CO,TSS,Outflow,170
6,-1242007014_CO,TSS,Outflow,170
531,-1242007014_CO,TSS,Outflow,170
19,-1242007014_CO,TSS,Outflow,170
27,-1242007014_CO,TSS,Outflow,171
20,-1242007014_CO,TSS,Outflow,171
531,-1242007014_CO,TSS,Outflow,171
47,-1242007014_CO,TSS,Outflow,171
13,-1242007014_CO,TSS,Outflow,171
9,-1242007014_CO,TSS,Outflow,172
110,-1242007014_CO,TSS,Outflow,172
13,-1242007014_CO,TSS,Outflow,172
25,-1242007014_CO,TSS,Outflow,172
531,-1242007014_CO,TSS,Outflow,172
27,-1242007014_CO,TSS,Outflow,173
26,-1242007014_CO,TSS,Outflow,173
13,-1242007014_CO,TSS,Outflow,173
23,-1242007014_CO,TSS,Outflow,173
9,-1242007014_CO,TSS,Outflow,173
27,-1242007014_CO,TSS,Outflow,174
22,-1242007014_CO,TSS,Outflow,174
5,-1242007014_CO,TSS,Outflow,174
9,-1242007014_CO,TSS,Outflow,174
12,-1242007014_CO,TSS,Outflow,174
19,-1242007014_CO,TSS,Outflow,175
5,-1242007014_CO,TSS,Outflow,175
12,-1242007014_CO,TSS,Outflow,175
27,-1242007014_CO,TSS,Outflow,175
23,-1242007014_CO,TSS,Outflow,175
20,-1242007014_CO,TSS,Outflow,176
27,-1242007014_CO,TSS,Outflow,176
47,-1242007014_CO,TSS,Outflow,176
26,-1242007014_CO,TSS,Outflow,176
9,-1242007014_CO,TSS,Outflow,176
19,-1242007014_CO,TSS,Outflow,177
20,-1242007014_CO,TSS,Outflow,177
23,-1242007014_CO,TSS,Outflow,177
9,-1242007014_CO,TSS,Outflow,177
27,-1242007014_CO,TSS,Outflow,177
23,-1242007014_CO,TSS,Outflow,178
13,-1242007014_CO,TSS,Outflow,178
531,-1242007014_CO,TSS,Outflow,178
13,-1242007014_CO,TSS,Outflow,178
26,-1242007014_CO,TSS,Outflow,178
26,-1242007014_CO,TSS,Outflow,179
9,-1242007014_CO,TSS,Outflow,179
23,-1242007014_CO,TSS,Outflow,179
19,-1242007014_CO,TSS,Outflow,179
13,-1242007014_CO,TSS,Outflow,179
23,-1242007014_CO,TSS,Outflow,180
110,-1242007014_CO,TSS,Outflow,180
25,-1242007014_CO,TSS,Outflow,180
12,-1242007014_CO,TSS,Outflow,180
47,-1242007014_CO,TSS,Outflow,180
27,-1242007014_CO,TSS,Outflow,181
12,-1242007014_CO,TSS,Outflow,181
6,-1242007014_CO,TSS,Outflow,181
13,-1242007014_CO,TSS,Outflow,181
22,-1242007014_CO,TSS,Outflow,181
22,-1242007014_CO,TSS,Outflow,182
23,-1242007014_CO,TSS,Outflow,182
25,-1242007014_CO,TSS,Outflow,182
6,-1242007014_CO,TSS,Outflow,182
13,-1242007014_CO,TSS,Outflow,182
531,-1242007014_CO,TSS,Outflow,183
12,-1242007014_CO,TSS,Outflow,183
20,-1242007014_CO,TSS,Outflow,183
25,-1242007014_CO,TSS,Outflow,183
110,-1242007014_CO,TSS,Outflow,183
23,-1242007014_CO,TSS,Outflow,184
25,-1242007014_CO,TSS,Outflow,184
6,-1242007014_CO,TSS,Outflow,184
13,-1242007014_CO,TSS,Outflow,184
13,-1242007014_CO,TSS,Outflow,184
26,-1242007014_CO,TSS,Outflow,185
27,-1242007014_CO,TSS,Outflow,185
13,-1242007014_CO,TSS,Outflow,185
25,-1242007014_CO,TSS,Outflow,185
9,-1242007014_CO,TSS,Outflow,185
110,-1242007014_CO,TSS,Outflow,186
5,-1242007014_CO,TSS,Outflow,186
22,-1242007014_CO,TSS,Outflow,186
13,-1242007014_CO,TSS,Outflow,186
26,-1242007014_CO,TSS,Outflow,186
13,-1242007014_CO,TSS,Outflow,187
27,-1242007014_CO,TSS,Outflow,187
20,-1242007014_CO,TSS,Outflow,187
9,-1242007014_CO,TSS,Outflow,187
25,-1242007014_CO,TSS,Outflow,187
12,-1242007014_CO,TSS,Outflow,188
13,-1242007014_CO,TSS,Outflow,188
110,-1242007014_CO,TSS,Outflow,188
27,-1242007014_CO,TSS,Outflow,188
13,-1242007014_CO,TSS,Outflow,188
25,-1242007014_CO,TSS,Outflow,189
5,-1242007014_CO,TSS,Outflow,189
110,-1242007014_CO,TSS,Outflow,189
531,-1242007014_CO,TSS,Outflow,189
6,-1242007014_CO,TSS,Outflow,189
27,-1242007014_CO,TSS,Outflow,190
5,-1242007014_CO,TSS,Outflow,190
27,-1242007014_CO,TSS,Outflow,190
531,-1242007014_CO,TSS,Outflow,190
47,-1242007014_CO,TSS,Outflow,190
25,-1242007014_CO,TSS,Outflow,191
12,-1242007014_CO,TSS,Outflow,191
20,-1242007014_CO,TSS,Outflow,191
6,-1242007014_CO,TSS,Outflow,191
19,-1242007014_CO,TSS,Outflow,191
6,-1242007014_CO,TSS,Outflow,192
12,-1242007014_CO,TSS,Outflow,192
23,-1242007014_CO,TSS,Outflow,192
531,-1242007014_CO,TSS,Outflow,192
19,-1242007014_CO,TSS,Outflow,192
26,-1242007014_CO,TSS,Outflow,193
9,-1242007014_CO,TSS,Outflow,193
23,-1242007014_CO,TSS,Outflow,193
27,-1242007014_CO,TSS,Outflow,193
20,-1242007014_CO,TSS,Outflow,193
27,-1242007014_CO,TSS,Outflow,194
25,-1242007014_CO,TSS,Outflow,194
47,-1242007014_CO,TSS,Outflow,194
13,-1242007014_CO,TSS,Outflow,194
13,-1242007014_CO,TSS,Outflow,194
22,-1242007014_CO,TSS,Outflow,195
13,-1242007014_CO,TSS,Outflow,195
23,-1242007014_CO,TSS,Outflow,195
25,-1242007014_CO,TSS,Outflow,195
13,-1242007014_CO,TSS,Outflow,195
20,-1242007014_CO,TSS,Outflow,196
13,-1242007014_CO,TSS,Outflow,196
6,-1242007014_CO,TSS,Outflow,196
9,-1242007014_CO,TSS,Outflow,196
12,-1242007014_CO,TSS,Outflow,196
13,-1242007014_CO,TSS,Outflow,197
22,-1242007014_CO,TSS,Outflow,197
12,-1242007014_CO,TSS,Outflow,197
9,-1242007014_CO,TSS,Outflow,197
26,-1242007014_CO,TSS,Outflow,197
12,-1242007014_CO,TSS,Outflow,198
19,-1242007014_CO,TSS,Outflow,198
6,-1242007014_CO,TSS,Outflow,198
22,-1242007014_CO,TSS,Outflow,198
27,-1242007014_CO,TSS,Outflow,198
110,-1242007014_CO,TSS,Outflow,199
22,-1242007014_CO,TSS,Outflow,199
13,-1242007014_CO,TSS,Outflow,199
26,-1242007014_CO,TSS,Outflow,199
47,-1242007014_CO,TSS,Outflow,199
13,-1242007014_CO,TSS,Outflow,200
47,-1242007014_CO,TSS,Outflow,200
531,-1242007014_CO,TSS,Outflow,200
6,-1242007014_CO,TSS,Outflow,200
5,-1242007014_CO,TSS,Outflow,200
25,-1242007014_CO,TSS,Outflow,201
6,-1242007014_CO,TSS,Outflow,201
12,-1242007014_CO,TSS,Outflow,201
20,-1242007014_CO,TSS,Outflow,201
5,-1242007014_CO,TSS,Outflow,201
13,-1242007014_CO,TSS,Outflow,202
19,-1242007014_CO,TSS,Outflow,202
22,-1242007014_CO,TSS,Outflow,202
110,-1242007014_CO,TSS,Outflow,202
23,-1242007014_CO,TSS,Outflow,202
27,-1242007014_CO,TSS,Outflow,203
13,-1242007014_CO,TSS,Outflow,203
110,-1242007014_CO,TSS,Outflow,203
22,-1242007014_CO,TSS,Outflow,203
23,-1242007014_CO,TSS,Outflow,203
20,-1242007014_CO,TSS,Outflow,204
27,-1242007014_CO,TSS,Outflow,204
13,-1242007014_CO,TSS,Outflow,204
9,-1242007014_CO,TSS,Outflow,204
22,-1242007014_CO,TSS,Outflow,204
25,-1242007014_CO,TSS,Outflow,205
27,-1242007014_CO,TSS,Outflow,205
6,-1242007014_CO,TSS,Outflow,205
20,-1242007014_CO,TSS,Outflow,205
5,-1242007014_CO,TSS,Outflow,205
20,-1242007014_CO,TSS,Outflow,206
9,-1242007014_CO,TSS,Outflow,206
12,-1242007014_CO,TSS,Outflow,206
27,-1242007014_CO,TSS,Outflow,206
22,-1242007014_CO,TSS,Outflow,206
5,-1242007014_CO,TSS,Outflow,207
13,-1242007014_CO,TSS,Outflow,207
12,-1242007014_CO,TSS,Outflow,207
23,-1242007014_CO,TSS,Outflow,207
20,-1242007014_CO,TSS,Outflow,207
27,-1242007014_CO,TSS,Outflow,208
531,-1242007014_CO,TSS,Outflow,208
47,-1242007014_CO,TSS,Outflow,208
12,-1242007014_CO,TSS,Outflow,208
27,-1242007014_CO,TSS,Outflow,208
6,-1242007014_CO,TSS,Outflow,209
13,-1242007014_CO,TSS,Outflow,209
22,-1242007014_CO,TSS,Outflow,209
13,-1242007014_CO,TSS,Outflow,209
531,-1242007014_CO,TSS,Outflow,209
26,-1242007014_CO,TSS,Outflow,210
47,-1242007014_CO,TSS,Outflow,210
110,-1242007014_CO,TSS,Outflow,210
27,-1242007014_CO,TSS,Outflow,210
27,-1242007014_CO,TSS,Outflow,210
531,-1242007014_CO,TSS,Outflow,211
13,-1242007014_CO,TSS,Outflow,211
110,-1242007014_CO,TSS,Outflow,211
6,-1242007014_CO,TSS,Outflow,211
47,-1242007014_CO,TSS,Outflow,211
110,-1242007014_CO,TSS,Outflow,212
19,-1242007014_CO,TSS,Outflow,212
22,-1242007014_CO,TSS,Outflow,212
26,-1242007014_CO,TSS,Outflow,212
5,-1242007014_CO,TSS,Outflow,212
531,-1242007014_CO,TSS,Outflow,213
9,-1242007014_CO,TSS,Outflow,213
20,-1242007014_CO,TSS,Outflow,213
19,-1242007014_CO,TSS,Outflow,213
13,-1242007014_CO,TSS,Outflow,213
5,-1242007014_CO,TSS,Outflow,214
13,-1242007014_CO,TSS,Outflow,214
531,-1242007014_CO,TSS,Outflow,214
26,-1242007014_CO,TSS,Outflow,214
25,-1242007014_CO,TSS,Outflow,214
27,-1242007014_CO,TSS,Outflow,215
531,-1242007014_CO,TSS,Outflow,215
47,-1242007014_CO,TSS,Outflow,215
9,-1242007014_CO,TSS,Outflow,215
26,-1242007014_CO,TSS,Outflow,215
9,-1242007014_CO,TSS,Outflow,216
23,-1242007014_CO,TSS,Outflow,216
13,-1242007014_CO,TSS,Outflow,216
12,-1242007014_CO,TSS,Outflow,216
22,-1242007014_CO,TSS,Outflow,216
531,-1242007014_CO,TSS,Outflow,217
20,-1242007014_CO,TSS,Outflow,217
110,-1242007014_CO,TSS,Outflow,217
27,-1242007014_CO,TSS,Outflow,217
25,-1242007014_CO,TSS,Outflow,217
5,-1242007014_CO,TSS,Outflow,218
27,-1242007014_CO,TSS,Outflow,218
531,-1242007014_CO,TSS,Outflow,218
27,-1242007014_CO,TSS,Outflow,218
110,-1242007014_CO,TSS,Outflow,218
19,-1242007014_CO,TSS,Outflow,219
22,-1242007014_CO,TSS,Outflow,219
110,-1242007014_CO,TSS,Outflow,219
27,-1242007014_CO,TSS,Outflow,219
23,-1242007014_CO,TSS,Outflow,219
26,-1242007014_CO,TSS,Outflow,220
12,-1242007014_CO,TSS,Outflow,220
13,-1242007014_CO,TSS,Outflow,220
27,-1242007014_CO,TSS,Outflow,220
23,-1242007014_CO,TSS,Outflow,220
12,-1242007014_CO,TSS,Outflow,221
531,-1242007014_CO,TSS,Outflow,221
23,-1242007014_CO,TSS,Outflow,221
26,-1242007014_CO,TSS,Outflow,221
13,-1242007014_CO,TSS,Outflow,221
19,-1242007014_CO,TSS,Outflow,222
47,-1242007014_CO,TSS,Outflow,222
110,-1242007014_CO,TSS,Outflow,222
23,-1242007014_CO,TSS,Outflow,222
27,-1242007014_CO,TSS,Outflow,222
19,-1242007014_CO,TSS,Outflow,223
22,-1242007014_CO,TSS,Outflow,223
26,-1242007014_CO,TSS,Outflow,223
12,-1242007014_CO,TSS,Outflow,223
20,-1242007014_CO,TSS,Outflow,223
27,-1242007014_CO,TSS,Outflow,224
110,-1242007014_CO,TSS,Outflow,224
25,-1242007014_CO,TSS,Outflow,224
13,-1242007014_CO,TSS,Outflow,224
26,-1242007014_CO,TSS,Outflow,224
19,-1242007014_CO,TSS,Outflow,225
27,-1242007014_CO,TSS,Outflow,225
5,-1242007014_CO,TSS,Outflow,225
13,-1242007014_CO,TSS,Outflow,225
22,-1242007014_CO,TSS,Outflow,225
22,-1242007014_CO,TSS,Outflow,226
13,-1242007014_CO,TSS,Outflow,226
13,-1242007014_CO,TSS,Outflow,226
23,-1242007014_CO,TSS,Outflow,226
19,-1242007014_CO,TSS,Outflow,226
12,-1242007014_CO,TSS,Outflow,227
13,-1242007014_CO,TSS,Outflow,227
27,-1242007014_CO,TSS,Outflow,227
47,-1242007014_CO,TSS,Outflow,227
13,-1242007014_CO,TSS,Outflow,227
26,-1242007014_CO,TSS,Outflow,228
6,-1242007014_CO,TSS,Outflow,228
27,-1242007014_CO,TSS,Outflow,228
23,-1242007014_CO,TSS,Outflow,228
27,-1242007014_CO,TSS,Outflow,228
20,-1242007014_CO,TSS,Outflow,229
47,-1242007014_CO,TSS,Outflow,229
23,-1242007014_CO,TSS,Outflow,229
26,-1242007014_CO,TSS,Outflow,229
6,-1242007014_CO,TSS,Outflow,229
47,-1242007014_CO,TSS,Outflow,230
13,-1242007014_CO,TSS,Outflow,230
19,-1242007014_CO,TSS,Outflow,230
6,-1242007014_CO,TSS,Outflow,230
12,-1242007014_CO,TSS,Outflow,230
20,-1242007014_CO,TSS,Outflow,231
6,-1242007014_CO,TSS,Outflow,231
22,-1242007014_CO,TSS,Outflow,231
27,-1242007014_CO,TSS,Outflow,231
531,-1242007014_CO,TSS,Outflow,231
25,-1242007014_CO,TSS,Outflow,232
531,-1242007014_CO,TSS,Outflow,232
13,-1242007014_CO,TSS,Outflow,232
20,-1242007014_CO,TSS,Outflow,232
23,-1242007014_CO,TSS,Outflow,232
5,-1242007014_CO,TSS,Outflow,233
25,-1242007014_CO,TSS,Outflow,233
531,-1242007014_CO,TSS,Outflow,233
26,-1242007014_CO,TSS,Outflow,233
12,-1242007014_CO,TSS,Outflow,233
13,-1242007014_CO,TSS,Outflow,234
27,-1242007014_CO,TSS,Outflow,234
20,-1242007014_CO,TSS,Outflow,234
13,-1242007014_CO,TSS,Outflow,234
110,-1242007014_CO,TSS,Outflow,234
25,-1242007014_CO,TSS,Outflow,235
22,-1242007014_CO,TSS,Outflow,235
13,-1242007014_CO,TSS,Outflow,235
110,-1242007014_CO,TSS,Outflow,235
20,-1242007014_CO,TSS,Outflow,235
5,-1242007014_CO,TSS,Outflow,236
13,-1242007014_CO,TSS,Outflow,236
12,-1242007014_CO,TSS,Outflow,236
27,-1242007014_CO,TSS,Outflow,236
25,-1242007014_CO,TSS,Outflow,236
531,-1242007014_CO,TSS,Outflow,237
25,-1242007014_CO,TSS,Outflow,237
19,-1242007014_CO,TSS,Outflow,237
12,-1242007014_CO,TSS,Outflow,237
20,-1242007014_CO,TSS,Outflow,237
26,-1242007014_CO,TSS,Outflow,238
25,-1242007014_CO,TSS,Outflow,238
5,-1242007014_CO,TSS,Outflow,238
13,-1242007014_CO,TSS,Outflow,238
6,-1242007014_CO,TSS,Outflow,238
6,-1242007014_CO,TSS,Outflow,239
26,-1242007014_CO,TSS,Outflow,239
27,-1242007014_CO,TSS,Outflow,239
13,-1242007014_CO,TSS,Outflow,239
110,-1242007014_CO,TSS,Outflow,239
110,-1242007014_CO,TSS,Outflow,240
12,-1242007014_CO,TSS,Outflow,240
6,-1242007014_CO,TSS,Outflow,240
47,-1242007014_CO,TSS,Outflow,240
13,-1242007014_CO,TSS,Outflow,240
9,-1242007014_CO,TSS,Outflow,241
26,-1242007014_CO,TSS,Outflow,241
13,-1242007014_CO,TSS,Outflow,241
27,-1242007014_CO,TSS,Outflow,241
531,-1242007014_CO,TSS,Outflow,241
27,-1242007014_CO,TSS,Outflow,242
22,-1242007014_CO,TSS,Outflow,242
110,-1242007014_CO,TSS,Outflow,242
23,-1242007014_CO,TSS,Outflow,242
13,-1242007014_CO,TSS,Outflow,242
20,-1242007014_CO,TSS,Outflow,243
47,-1242007014_CO,TSS,Outflow,243
13,-1242007014_CO,TSS,Outflow,243
6,-1242007014_CO,TSS,Outflow,243
12,-1242007014_CO,TSS,Outflow,243
22,-1242007014_CO,TSS,Outflow,244
26,-1242007014_CO,TSS,Outflow,244
6,-1242007014_CO,TSS,Outflow,244
27,-1242007014_CO,TSS,Outflow,244
47,-1242007014_CO,TSS,Outflow,244
13,-1242007014_CO,TSS,Outflow,245
12,-1242007014_CO,TSS,Outflow,245
6,-1242007014_CO,TSS,Outflow,245
20,-1242007014_CO,TSS,Outflow,245
5,-1242007014_CO,TSS,Outflow,245
26,-1242007014_CO,TSS,Outflow,246
27,-1242007014_CO,TSS,Outflow,246
22,-1242007014_CO,TSS,Outflow,246
6,-1242007014_CO,TSS,Outflow,246
13,-1242007014_CO,TSS,Outflow,246
13,-1242007014_CO,TSS,Outflow,247
22,-1242007014_CO,TSS,Outflow,247
20,-1242007014_CO,TSS,Outflow,247
26,-1242007014_CO,TSS,Outflow,247
531,-1242007014_CO,TSS,Outflow,247
27,-1242007014_CO,TSS,Outflow,248
13,-1242007014_CO,TSS,Outflow,248
13,-1242007014_CO,TSS,Outflow,248
19,-1242007014_CO,TSS,Outflow,248
6,-1242007014_CO,TSS,Outflow,248
25,-1242007014_CO,TSS,Outflow,249
6,-1242007014_CO,TSS,Outflow,249
47,-1242007014_CO,TSS,Outflow,249
19,-1242007014_CO,TSS,Outflow,249
531,-1242007014_CO,TSS,Outflow,249
13,-1242007014_CO,TSS,Outflow,250
19,-1242007014_CO,TSS,Outflow,250
47,-1242007014_CO,TSS,Outflow,250
26,-1242007014_CO,TSS,Outflow,250
9,-1242007014_CO,TSS,Outflow,250
12,-1242007014_CO,TSS,Outflow,251
6,-1242007014_CO,TSS,Outflow,251
27,-1242007014_CO,TSS,Outflow,251
19,-1242007014_CO,TSS,Outflow,251
110,-1242007014_CO,TSS,Outflow,251
5,-1242007014_CO,TSS,Outflow,252
26,-1242007014_CO,TSS,Outflow,252
22,-1242007014_CO,TSS,Outflow,252
27,-1242007014_CO,TSS,Outflow,252
6,-1242007014_CO,TSS,Outflow,252
9,-1242007014_CO,TSS,Outflow,253
13,-1242007014_CO,TSS,Outflow,253
6,-1242007014_CO,TSS,Outflow,253
531,-1242007014_CO,TSS,Outflow,253
22,-1242007014_CO,TSS,Outflow,253
5,-1242007014_CO,TSS,Outflow,254
25,-1242007014_CO,TSS,Outflow,254
23,-1242007014_CO,TSS,Outflow,254
531,-1242007014_CO,TSS,Outflow,254
47,-1242007014_CO,TSS,Outflow,254
47,-1242007014_CO,TSS,Outflow,255
12,-1242007014_CO,TSS,Outflow,255
26,-1242007014_CO,TSS,Outflow,255
27,-1242007014_CO,TSS,Outflow,255
5,-1242007014_CO,TSS,Outflow,255
27,-1242007014_CO,TSS,Outflow,256
12,-1242007014_CO,TSS,Outflow,256
27,-1242007014_CO,TSS,Outflow,256
26,-1242007014_CO,TSS,Outflow,256
22,-1242007014_CO,TSS,Outflow,256
26,-1242007014_CO,TSS,Outflow,257
110,-1242007014_CO,TSS,Outflow,257
531,-1242007014_CO,TSS,Outflow,257
13,-1242007014_CO,TSS,Outflow,257
5,-1242007014_CO,TSS,Outflow,257
5,-1242007014_CO,TSS,Outflow,258
6,-1242007014_CO,TSS,Outflow,258
27,-1242007014_CO,TSS,Outflow,258
13,-1242007014_CO,TSS,Outflow,258
12,-1242007014_CO,TSS,Outflow,258
12,-1242007014_CO,TSS,Outflow,259
9,-1242007014_CO,TSS,Outflow,259
110,-1242007014_CO,TSS,Outflow,259
25,-1242007014_CO,TSS,Outflow,259
27,-1242007014_CO,TSS,Outflow,259
6,-1242007014_CO,TSS,Outflow,260
26,-1242007014_CO,TSS,Outflow,260
19,-1242007014_CO,TSS,Outflow,260
531,-1242007014_CO,TSS,Outflow,260
20,-1242007014_CO,TSS,Outflow,260
6,-1242007014_CO,TSS,Outflow,261
13,-1242007014_CO,TSS,Outflow,261
12,-1242007014_CO,TSS,Outflow,261
20,-1242007014_CO,TSS,Outflow,261
9,-1242007014_CO,TSS,Outflow,261
13,-1242007014_CO,TSS,Outflow,262
25,-1242007014_CO,TSS,Outflow,262
9,-1242007014_CO,TSS,Outflow,262
20,-1242007014_CO,TSS,Outflow,262
12,-1242007014_CO,TSS,Outflow,262
27,-1242007014_CO,TSS,Outflow,263
23,-1242007014_CO,TSS,Outflow,263
5,-1242007014_CO,TSS,Outflow,263
531,-1242007014_CO,TSS,Outflow,263
12,-1242007014_CO,TSS,Outflow,263
9,-1242007014_CO,TSS,Outflow,264
531,-1242007014_CO,TSS,Outflow,264
5,-1242007014_CO,TSS,Outflow,264
27,-1242007014_CO,TSS,Outflow,264
110,-1242007014_CO,TSS,Outflow,264
9,-1242007014_CO,TSS,Outflow,265
27,-1242007014_CO,TSS,Outflow,265
25,-1242007014_CO,TSS,Outflow,265
6,-1242007014_CO,TSS,Outflow,265
110,-1242007014_CO,TSS,Outflow,265
13,-1242007014_CO,TSS,Outflow,266
20,-1242007014_CO,TSS,Outflow,266
110,-1242007014_CO,TSS,Outflow,266
5,-1242007014_CO,TSS,Outflow,266
27,-1242007014_CO,TSS,Outflow,266
25,-1242007014_CO,TSS,Outflow,267
26,-1242007014_CO,TSS,Outflow,267
13,-1242007014_CO,TSS,Outflow,267
9,-1242007014_CO,TSS,Outflow,267
19,-1242007014_CO,TSS,Outflow,267
110,-1242007014_CO,TSS,Outflow,268
20,-1242007014_CO,TSS,Outflow,268
5,-1242007014_CO,TSS,Outflow,268
23,-1242007014_CO,TSS,Outflow,268
13,-1242007014_CO,TSS,Outflow,268
25,-1242007014_CO,TSS,Outflow,269
13,-1242007014_CO,TSS,Outflow,269
5,-1242007014_CO,TSS,Outflow,269
26,-1242007014_CO,TSS,Outflow,269
12,-1242007014_CO,TSS,Outflow,269
27,-1242007014_CO,TSS,Outflow,270
23,-1242007014_CO,TSS,Outflow,270
6,-1242007014_CO,TSS,Outflow,270
13,-1242007014_CO,TSS,Outflow,270
110,-1242007014_CO,TSS,Outflow,270
12,-1242007014_CO,TSS,Outflow,271
5,-1242007014_CO,TSS,Outflow,271
25,-1242007014_CO,TSS,Outflow,271
47,-1242007014_CO,TSS,Outflow,271
22,-1242007014_CO,TSS,Outflow,271
19,-1242007014_CO,TSS,Outflow,272
47,-1242007014_CO,TSS,Outflow,272
9,-1242007014_CO,TSS,Outflow,272
25,-1242007014_CO,TSS,Outflow,272
23,-1242007014_CO,TSS,Outflow,272
25,-1242007014_CO,TSS,Outflow,273
13,-1242007014_CO,TSS,Outflow,273
13,-1242007014_CO,TSS,Outflow,273
27,-1242007014_CO,TSS,Outflow,273
19,-1242007014_CO,TSS,Outflow,273
9,-1242007014_CO,TSS,Outflow,274
6,-1242007014_CO,TSS,Outflow,274
19,-1242007014_CO,TSS,Outflow,274
20,-1242007014_CO,TSS,Outflow,274
13,-1242007014_CO,TSS,Outflow,274
47,-1242007014_CO,TSS,Outflow,275
23,-1242007014_CO,TSS,Outflow,275
27,-1242007014_CO,TSS,Outflow,275
6,-1242007014_CO,TSS,Outflow,275
9,-1242007014_CO,TSS,Outflow,275
47,-1242007014_CO,TSS,Outflow,276
531,-1242007014_CO,TSS,Outflow,276
26,-1242007014_CO,TSS,Outflow,276
6,-1242007014_CO,TSS,Outflow,276
23,-1242007014_CO,TSS,Outflow,276
20,-1242007014_CO,TSS,Outflow,277
531,-1242007014_CO,TSS,Outflow,277
47,-1242007014_CO,TSS,Outflow,277
13,-1242007014_CO,TSS,Outflow,277
110,-1242007014_CO,TSS,Outflow,277
27,-1242007014_CO,TSS,Outflow,278
22,-1242007014_CO,TSS,Outflow,278
5,-1242007014_CO,TSS,Outflow,278
6,-1242007014_CO,TSS,Outflow,278
531,-1242007014_CO,TSS,Outflow,278
26,-1242007014_CO,TSS,Outflow,279
5,-1242007014_CO,TSS,Outflow,279
27,-1242007014_CO,TSS,Outflow,279
19,-1242007014_CO,TSS,Outflow,279
6,-1242007014_CO,TSS,Outflow,279
23,-1242007014_CO,TSS,Outflow,280
22,-1242007014_CO,TSS,Outflow,280
531,-1242007014_CO,TSS,Outflow,280
12,-1242007014_CO,TSS,Outflow,280
5,-1242007014_CO,TSS,Outflow,280
25,-1242007014_CO,TSS,Outflow,281
27,-1242007014_CO,TSS,Outflow,281
13,-1242007014_CO,TSS,Outflow,281
5,-1242007014_CO,TSS,Outflow,281
23,-1242007014_CO,TSS,Outflow,281
13,-1242007014_CO,TSS,Outflow,282
27,-1242007014_CO,TSS,Outflow,282
531,-1242007014_CO,TSS,Outflow,282
110,-1242007014_CO,TSS,Outflow,282
13,-1242007014_CO,TSS,Outflow,282
110,-1242007014_CO,TSS,Outflow,283
12,-1242007014_CO,TSS,Outflow,283
27,-1242007014_CO,TSS,Outflow,283
23,-1242007014_CO,TSS,Outflow,283
27,-1242007014_CO,TSS,Outflow,283
13,-1242007014_CO,TSS,Outflow,284
23,-1242007014_CO,TSS,Outflow,284
13,-1242007014_CO,TSS,Outflow,284
5,-1242007014_CO,TSS,Outflow,284
9,-1242007014_CO,TSS,Outflow,284
5,-1242007014_CO,TSS,Outflow,285
110,-1242007014_CO,TSS,Outflow,285
27,-1242007014_CO,TSS,Outflow,285
27,-1242007014_CO,TSS,Outflow,285
47,-1242007014_CO,TSS,Outflow,285
5,-1242007014_CO,TSS,Outflow,286
27,-1242007014_CO,TSS,Outflow,286
9,-1242007014_CO,TSS,Outflow,286
531,-1242007014_CO,TSS,Outflow,286
23,-1242007014_CO,TSS,Outflow,286
110,-1242007014_CO,TSS,Outflow,287
5,-1242007014_CO,TSS,Outflow,287
26,-1242007014_CO,TSS,Outflow,287
6,-1242007014_CO,TSS,Outflow,287
27,-1242007014_CO,TSS,Outflow,287
19,-1242007014_CO,TSS,Outflow,288
531,-1242007014_CO,TSS,Outflow,288
25,-1242007014_CO,TSS,Outflow,288
20,-1242007014_CO,TSS,Outflow,288
23,-1242007014_CO,TSS,Outflow,288
531,-1242007014_CO,TSS,Outflow,289
5,-1242007014_CO,TSS,Outflow,289
110,-1242007014_CO,TSS,Outflow,289
13,-1242007014_CO,TSS,Outflow,289
9,-1242007014_CO,TSS,Outflow,289
19,-1242007014_CO,TSS,Outflow,290
22,-1242007014_CO,TSS,Outflow,290
20,-1242007014_CO,TSS,Outflow,290
27,-1242007014_CO,TSS,Outflow,290
13,-1242007014_CO,TSS,Outflow,290
27,-1242007014_CO,TSS,Outflow,291
531,-1242007014_CO,TSS,Outflow,291
12,-1242007014_CO,TSS,Outflow,291
13,-1242007014_CO,TSS,Outflow,291
25,-1242007014_CO,TSS,Outflow,291
6,-1242007014_CO,TSS,Outflow,292
25,-1242007014_CO,TSS,Outflow,292
19,-1242007014_CO,TSS,Outflow,292
110,-1242007014_CO,TSS,Outflow,292
22,-1242007014_CO,TSS,Outflow,292
110,-1242007014_CO,TSS,Outflow,293
25,-1242007014_CO,TSS,Outflow,293
12,-1242007014_CO,TSS,Outflow,293
23,-1242007014_CO,TSS,Outflow,293
9,-1242007014_CO,TSS,Outflow,293
9,-1242007014_CO,TSS,Outflow,294
27,-1242007014_CO,TSS,Outflow,294
13,-1242007014_CO,TSS,Outflow,294
13,-1242007014_CO,TSS,Outflow,294
12,-1242007014_CO,TSS,Outflow,294
12,-1242007014_CO,TSS,Outflow,295
27,-1242007014_CO,TSS,Outflow,295
26,-1242007014_CO,TSS,Outflow,295
9,-1242007014_CO,TSS,Outflow,295
13,-1242007014_CO,TSS,Outflow,295
6,-1242007014_CO,TSS,Outflow,296
27,-1242007014_CO,TSS,Outflow,296
13,-1242007014_CO,TSS,Outflow,296
26,-1242007014_CO,TSS,Outflow,296
531,-1242007014_CO,TSS,Outflow,296
27,-1242007014_CO,TSS,Outflow,297
26,-1242007014_CO,TSS,Outflow,297
13,-1242007014_CO,TSS,Outflow,297
27,-1242007014_CO,TSS,Outflow,297
47,-1242007014_CO,TSS,Outflow,297
20,-1242007014_CO,TSS,Outflow,298
23,-1242007014_CO,TSS,Outflow,298
110,-1242007014_CO,TSS,Outflow,298
12,-1242007014_CO,TSS,Outflow,298
6,-1242007014_CO,TSS,Outflow,298
5,-1242007014_CO,TSS,Outflow,299
26,-1242007014_CO,TSS,Outflow,299
13,-1242007014_CO,TSS,Outflow,299
13,-1242007014_CO,TSS,Outflow,299
12,-1242007014_CO,TSS,Outflow,299
26,-1242007014_CO,TSS,Outflow,300
13,-1242007014_CO,TSS,Outflow,300
531,-1242007014_CO,TSS,Outflow,300
5,-1242007014_CO,TSS,Outflow,300
22,-1242007014_CO,TSS,Outflow,300
6,-1242007014_CO,TSS,Outflow,301
27,-1242007014_CO,TSS,Outflow,301
27,-1242007014_CO,TSS,Outflow,301
26,-1242007014_CO,TSS,Outflow,301
12,-1242007014_CO,TSS,Outflow,301
27,-1242007014_CO,TSS,Outflow,302
13,-1242007014_CO,TSS,Outflow,302
27,-1242007014_CO,TSS,Outflow,302
13,-1242007014_CO,TSS,Outflow,302
47,-1242007014_CO,TSS,Outflow,302
26,-1242007014_CO,TSS,Outflow,303
9,-1242007014_CO,TSS,Outflow,303
25,-1242007014_CO,TSS,Outflow,303
23,-1242007014_CO,TSS,Outflow,303
13,-1242007014_CO,TSS,Outflow,303
19,-1242007014_CO,TSS,Outflow,304
47,-1242007014_CO,TSS,Outflow,304
25,-1242007014_CO,TSS,Outflow,304
9,-1242007014_CO,TSS,Outflow,304
6,-1242007014_CO,TSS,Outflow,304
20,-1242007014_CO,TSS,Outflow,305
19,-1242007014_CO,TSS,Outflow,305
5,-1242007014_CO,TSS,Outflow,305
47,-1242007014_CO,TSS,Outflow,305
110,-1242007014_CO,TSS,Outflow,305
26,-1242007014_CO,TSS,Outflow,306
13,-1242007014_CO,TSS,Outflow,306
20,-1242007014_CO,TSS,Outflow,306
6,-1242007014_CO,TSS,Outflow,306
12,-1242007014_CO,TSS,Outflow,306
531,-1242007014_CO,TSS,Outflow,307
6,-1242007014_CO,TSS,Outflow,307
9,-1242007014_CO,TSS,Outflow,307
27,-1242007014_CO,TSS,Outflow,307
12,-1242007014_CO,TSS,Outflow,307
531,-1242007014_CO,TSS,Outflow,308
19,-1242007014_CO,TSS,Outflow,308
20,-1242007014_CO,TSS,Outflow,308
9,-1242007014_CO,TSS,Outflow,308
22,-1242007014_CO,TSS,Outflow,308
531,-1242007014_CO,TSS,Outflow,309
20,-1242007014_CO,TSS,Outflow,309
13,-1242007014_CO,TSS,Outflow,309
5,-1242007014_CO,TSS,Outflow,309
12,-1242007014_CO,TSS,Outflow,309
9,-1242007014_CO,TSS,Outflow,310
6,-1242007014_CO,TSS,Outflow,310
23,-1242007014_CO,TSS,Outflow,310
19,-1242007014_CO,TSS,Outflow,310
27,-1242007014_CO,TSS,Outflow,310
27,-1242007014_CO,TSS,Outflow,311
13,-1242007014_CO,TSS,Outflow,311
531,-1242007014_CO,TSS,Outflow,311
12,-1242007014_CO,TSS,Outflow,311
27,-1242007014_CO,TSS,Outflow,311
13,-1242007014_CO,TSS,Outflow,312
5,-1242007014_CO,TSS,Outflow,312
19,-1242007014_CO,TSS,Outflow,312
23,-1242007014_CO,TSS,Outflow,312
9,-1242007014_CO,TSS,Outflow,312
22,-1242007014_CO,TSS,Outflow,313
5,-1242007014_CO,TSS,Outflow,313
20,-1242007014_CO,TSS,Outflow,313
13,-1242007014_CO,TSS,Outflow,313
25,-1242007014_CO,TSS,Outflow,313
25,-1242007014_CO,TSS,Outflow,314
110,-1242007014_CO,TSS,Outflow,314
19,-1242007014_CO,TSS,Outflow,314
13,-1242007014_CO,TSS,Outflow,314
22,-1242007014_CO,TSS,Outflow,314
5,-1242007014_CO,TSS,Outflow,315
23,-1242007014_CO,TSS,Outflow,315
13,-1242007014_CO,TSS,Outflow,315
20,-1242007014_CO,TSS,Outflow,315
12,-1242007014_CO,TSS,Outflow,315
13,-1242007014_CO,TSS,Outflow,316
19,-1242007014_CO,TSS,Outflow,316
110,-1242007014_CO,TSS,Outflow,316
23,-1242007014_CO,TSS,Outflow,316
5,-1242007014_CO,TSS,Outflow,316
9,-1242007014_CO,TSS,Outflow,317
110,-1242007014_CO,TSS,Outflow,317
20,-1242007014_CO,TSS,Outflow,317
13,-1242007014_CO,TSS,Outflow,317
27,-1242007014_CO,TSS,Outflow,317
27,-1242007014_CO,TSS,Outflow,318
25,-1242007014_CO,TSS,Outflow,318
47,-1242007014_CO,TSS,Outflow,318
110,-1242007014_CO,TSS,Outflow,318
13,-1242007014_CO,TSS,Outflow,318
9,-1242007014_CO,TSS,Outflow,319
22,-1242007014_CO,TSS,Outflow,319
531,-1242007014_CO,TSS,Outflow,319
47,-1242007014_CO,TSS,Outflow,319
13,-1242007014_CO,TSS,Outflow,319
110,-1242007014_CO,TSS,Outflow,320
27,-1242007014_CO,TSS,Outflow,320
22,-1242007014_CO,TSS,Outflow,320
19,-1242007014_CO,TSS,Outflow,320
26,-1242007014_CO,TSS,Outflow,320
22,-1242007014_CO,TSS,Outflow,321
531,-1242007014_CO,TSS,Outflow,321
110,-1242007014_CO,TSS,Outflow,321
13,-1242007014_CO,TSS,Outflow,321
47,-1242007014_CO,TSS,Outflow,321
13,-1242007014_CO,TSS,Outflow,322
13,-1242007014_CO,TSS,Outflow,322
19,-1242007014_CO,TSS,Outflow,322
531,-1242007014_CO,TSS,Outflow,322
27,-1242007014_CO,TSS,Outflow,322
110,-1242007014_CO,TSS,Outflow,323
20,-1242007014_CO,TSS,Outflow,323
23,-1242007014_CO,TSS,Outflow,323
27,-1242007014_CO,TSS,Outflow,323
13,-1242007014_CO,TSS,Outflow,323
9,-1242007014_CO,TSS,Outflow,324
5,-1242007014_CO,TSS,Outflow,324
25,-1242007014_CO,TSS,Outflow,324
23,-1242007014_CO,TSS,Outflow,324
19,-1242007014_CO,TSS,Outflow,324
27,-1242007014_CO,TSS,Outflow,325
27,-1242007014_CO,TSS,Outflow,325
19,-1242007014_CO,TSS,Outflow,325
25,-1242007014_CO,TSS,Outflow,325
531,-1242007014_CO,TSS,Outflow,325
25,-1242007014_CO,TSS,Outflow,326
110,-1242007014_CO,TSS,Outflow,326
5,-1242007014_CO,TSS,Outflow,326
13,-1242007014_CO,TSS,Outflow,326
22,-1242007014_CO,TSS,Outflow,326
13,-1242007014_CO,TSS,Outflow,327
12,-1242007014_CO,TSS,Outflow,327
110,-1242007014_CO,TSS,Outflow,327
19,-1242007014_CO,TSS,Outflow,327
27,-1242007014_CO,TSS,Outflow,327
22,-1242007014_CO,TSS,Outflow,328
6,-1242007014_CO,TSS,Outflow,328
23,-1242007014_CO,TSS,Outflow,328
25,-1242007014_CO,TSS,Outflow,328
110,-1242007014_CO,TSS,Outflow,328
26,-1242007014_CO,TSS,Outflow,329
12,-1242007014_CO,TSS,Outflow,329
23,-1242007014_CO,TSS,Outflow,329
5,-1242007014_CO,TSS,Outflow,329
25,-1242007014_CO,TSS,Outflow,329
22,-1242007014_CO,TSS,Outflow,330
110,-1242007014_CO,TSS,Outflow,330
19,-1242007014_CO,TSS,Outflow,330
5,-1242007014_CO,TSS,Outflow,330
47,-1242007014_CO,TSS,Outflow,330
12,-1242007014_CO,TSS,Outflow,331
27,-1242007014_CO,TSS,Outflow,331
27,-1242007014_CO,TSS,Outflow,331
25,-1242007014_CO,TSS,Outflow,331
20,-1242007014_CO,TSS,Outflow,331
9,-1242007014_CO,TSS,Outflow,332
27,-1242007014_CO,TSS,Outflow,332
22,-1242007014_CO,TSS,Outflow,332
13,-1242007014_CO,TSS,Outflow,332
23,-1242007014_CO,TSS,Outflow,332
6,-1242007014_CO,TSS,Outflow,333
22,-1242007014_CO,TSS,Outflow,333
23,-1242007014_CO,TSS,Outflow,333
9,-1242007014_CO,TSS,Outflow,333
19,-1242007014_CO,TSS,Outflow,333
47,-1242007014_CO,TSS,Outflow,334
13,-1242007014_CO,TSS,Outflow,334
19,-1242007014_CO,TSS,Outflow,334
27,-1242007014_CO,TSS,Outflow,334
5,-1242007014_CO,TSS,Outflow,334
23,-1242007014_CO,TSS,Outflow,335
531,-1242007014_CO,TSS,Outflow,335
22,-1242007014_CO,TSS,Outflow,335
26,-1242007014_CO,TSS,Outflow,335
9,-1242007014_CO,TSS,Outflow,335
23,-1242007014_CO,TSS,Outflow,336
9,-1242007014_CO,TSS,Outflow,336
13,-1242007014_CO,TSS,Outflow,336
27,-1242007014_CO,TSS,Outflow,336
12,-1242007014_CO,TSS,Outflow,336
531,-1242007014_CO,TSS,Outflow,337
22,-1242007014_CO,TSS,Outflow,337
9,-1242007014_CO,TSS,Outflow,337
5,-1242007014_CO,TSS,Outflow,337
47,-1242007014_CO,TSS,Outflow,337
20,-1242007014_CO,TSS,Outflow,338
25,-1242007014_CO,TSS,Outflow,338
110,-1242007014_CO,TSS,Outflow,338
19,-1242007014_CO,TSS,Outflow,338
26,-1242007014_CO,TSS,Outflow,338
26,-1242007014_CO,TSS,Outflow,339
9,-1242007014_CO,TSS,Outflow,339
27,-1242007014_CO,TSS,Outflow,339
12,-1242007014_CO,TSS,Outflow,339
13,-1242007014_CO,TSS,Outflow,339
23,-1242007014_CO,TSS,Outflow,340
26,-1242007014_CO,TSS,Outflow,340
47,-1242007014_CO,TSS,Outflow,340
531,-1242007014_CO,TSS,Outflow,340
12,-1242007014_CO,TSS,Outflow,340
13,-1242007014_CO,TSS,Outflow,341
47,-1242007014_CO,TSS,Outflow,341
110,-1242007014_CO,TSS,Outflow,341
20,-1242007014_CO,TSS,Outflow,341
22,-1242007014_CO,TSS,Outflow,341
20,-1242007014_CO,TSS,Outflow,342
23,-1242007014_CO,TSS,Outflow,342
6,-1242007014_CO,TSS,Outflow,342
19,-1242007014_CO,TSS,Outflow,342
9,-1242007014_CO,TSS,Outflow,342
9,-1242007014_CO,TSS,Outflow,343
20,-1242007014_CO,TSS,Outflow,343
27,-1242007014_CO,TSS,Outflow,343
23,-1242007014_CO,TSS,Outflow,343
5,-1242007014_CO,TSS,Outflow,343
5,-1242007014_CO,TSS,Outflow,344
47,-1242007014_CO,TSS,Outflow,344
6,-1242007014_CO,TSS,Outflow,344
26,-1242007014_CO,TSS,Outflow,344
20,-1242007014_CO,TSS,Outflow,344
25,-1242007014_CO,TSS,Outflow,345
13,-1242007014_CO,TSS,Outflow,345
12,-1242007014_CO,TSS,Outflow,345
23,-1242007014_CO,TSS,Outflow,345
110,-1242007014_CO,TSS,Outflow,345
23,-1242007014_CO,TSS,Outflow,346
27,-1242007014_CO,TSS,Outflow,346
20,-1242007014_CO,TSS,Outflow,346
47,-1242007014_CO,TSS,Outflow,346
22,-1242007014_CO,TSS,Outflow,346
5,-1242007014_CO,TSS,Outflow,347
531,-1242007014_CO,TSS,Outflow,347
13,-1242007014_CO,TSS,Outflow,347
110,-1242007014_CO,TSS,Outflow,347
13,-1242007014_CO,TSS,Outflow,347
5,-1242007014_CO,TSS,Outflow,348
19,-1242007014_CO,TSS,Outflow,348
12,-1242007014_CO,TSS,Outflow,348
531,-1242007014_CO,TSS,Outflow,348
22,-1242007014_CO,TSS,Outflow,348
110,-1242007014_CO,TSS,Outflow,349
12,-1242007014_CO,TSS,Outflow,349
5,-1242007014_CO,TSS,Outflow,349
27,-1242007014_CO,TSS,Outflow,349
531,-1242007014_CO,TSS,Outflow,349
26,-1242007014_CO,TSS,Outflow,350
5,-1242007014_CO,TSS,Outflow,350
9,-1242007014_CO,TSS,Outflow,350
27,-1242007014_CO,TSS,Outflow,350
25,-1242007014_CO,TSS,Outflow,350
531,-1242007014_CO,TSS,Outflow,351
27,-1242007014_CO,TSS,Outflow,351
23,-1242007014_CO,TSS,Outflow,351
5,-1242007014_CO,TSS,Outflow,351
6,-1242007014_CO,TSS,Outflow,351
22,-1242007014_CO,TSS,Outflow,352
47,-1242007014_CO,TSS,Outflow,352
531,-1242007014_CO,TSS,Outflow,352
27,-1242007014_CO,TSS,Outflow,352
27,-1242007014_CO,TSS,Outflow,352
12,-1242007014_CO,TSS,Outflow,353
5,-1242007014_CO,TSS,Outflow,353
13,-1242007014_CO,TSS,Outflow,353
20,-1242007014_CO,TSS,Outflow,353
531,-1242007014_CO,TSS,Outflow,353
13,-1242007014_CO,TSS,Outflow,354
6,-1242007014_CO,TSS,Outflow,354
26,-1242007014_CO,TSS,Outflow,354
27,-1242007014_CO,TSS,Outflow,354
22,-1242007014_CO,TSS,Outflow,354
13,-1242007014_CO,TSS,Outflow,355
20,-1242007014_CO,TSS,Outflow,355
22,-1242007014_CO,TSS,Outflow,355
26,-1242007014_CO,TSS,Outflow,355
6,-1242007014_CO,TSS,Outflow,355
23,-1242007014_CO,TSS,Outflow,356
531,-1242007014_CO,TSS,Outflow,356
12,-1242007014_CO,TSS,Outflow,356
26,-1242007014_CO,TSS,Outflow,356
47,-1242007014_CO,TSS,Outflow,356
47,-1242007014_CO,TSS,Outflow,357
19,-1242007014_CO,TSS,Outflow,357
20,-1242007014_CO,TSS,Outflow,357
13,-1242007014_CO,TSS,Outflow,357
9,-1242007014_CO,TSS,Outflow,357
12,-1242007014_CO,TSS,Outflow,358
22,-1242007014_CO,TSS,Outflow,358
25,-1242007014_CO,TSS,Outflow,358
6,-1242007014_CO,TSS,Outflow,358
26,-1242007014_CO,TSS,Outflow,358
5,-1242007014_CO,TSS,Outflow,359
23,-1242007014_CO,TSS,Outflow,359
27,-1242007014_CO,TSS,Outflow,359
19,-1242007014_CO,TSS,Outflow,359
25,-1242007014_CO,TSS,Outflow,359
27,-1242007014_CO,TSS,Outflow,360
9,-1242007014_CO,TSS,Outflow,360
13,-1242007014_CO,TSS,Outflow,360
531,-1242007014_CO,TSS,Outflow,360
110,-1242007014_CO,TSS,Outflow,360
6,-1242007014_CO,TSS,Outflow,361
12,-1242007014_CO,TSS,Outflow,361
19,-1242007014_CO,TSS,Outflow,361
22,-1242007014_CO,TSS,Outflow,361
27,-1242007014_CO,TSS,Outflow,361
27,-1242007014_CO,TSS,Outflow,362
9,-1242007014_CO,TSS,Outflow,362
12,-1242007014_CO,TSS,Outflow,362
20,-1242007014_CO,TSS,Outflow,362
110,-1242007014_CO,TSS,Outflow,362
19,-1242007014_CO,TSS,Outflow,363
23,-1242007014_CO,TSS,Outflow,363
20,-1242007014_CO,TSS,Outflow,363
9,-1242007014_CO,TSS,Outflow,363
27,-1242007014_CO,TSS,Outflow,363
26,-1242007014_CO,TSS,Outflow,364
531,-1242007014_CO,TSS,Outflow,364
22,-1242007014_CO,TSS,Outflow,364
47,-1242007014_CO,TSS,Outflow,364
110,-1242007014_CO,TSS,Outflow,364
27,-1242007014_CO,TSS,Outflow,365
25,-1242007014_CO,TSS,Outflow,365
5,-1242007014_CO,TSS,Outflow,365
13,-1242007014_CO,TSS,Outflow,365
110,-1242007014_CO,TSS,Outflow,365
13,-1242007014_CO,TSS,Outflow,366
9,-1242007014_CO,TSS,Outflow,366
47,-1242007014_CO,TSS,Outflow,366
5,-1242007014_CO,TSS,Outflow,366
20,-1242007014_CO,TSS,Outflow,366
23,-1242007014_CO,TSS,Outflow,367
13,-1242007014_CO,TSS,Outflow,367
9,-1242007014_CO,TSS,Outflow,367
531,-1242007014_CO,TSS,Outflow,367
6,-1242007014_CO,TSS,Outflow,367
13,-1242007014_CO,TSS,Outflow,368
5,-1242007014_CO,TSS,Outflow,368
20,-1242007014_CO,TSS,Outflow,368
27,-1242007014_CO,TSS,Outflow,368
531,-1242007014_CO,TSS,Outflow,368
6,-1242007014_CO,TSS,Outflow,369
26,-1242007014_CO,TSS,Outflow,369
27,-1242007014_CO,TSS,Outflow,369
19,-1242007014_CO,TSS,Outflow,369
12,-1242007014_CO,TSS,Outflow,369
27,-1242007014_CO,TSS,Outflow,370
47,-1242007014_CO,TSS,Outflow,370
6,-1242007014_CO,TSS,Outflow,370
20,-1242007014_CO,TSS,Outflow,370
26,-1242007014_CO,TSS,Outflow,370
20,-1242007014_CO,TSS,Outflow,371
19,-1242007014_CO,TSS,Outflow,371
27,-1242007014_CO,TSS,Outflow,371
110,-1242007014_CO,TSS,Outflow,371
5,-1242007014_CO,TSS,Outflow,371
23,-1242007014_CO,TSS,Outflow,372
19,-1242007014_CO,TSS,Outflow,372
12,-1242007014_CO,TSS,Outflow,372
6,-1242007014_CO,TSS,Outflow,372
110,-1242007014_CO,TSS,Outflow,372
22,-1242007014_CO,TSS,Outflow,373
13,-1242007014_CO,TSS,Outflow,373
9,-1242007014_CO,TSS,Outflow,373
26,-1242007014_CO,TSS,Outflow,373
20,-1242007014_CO,TSS,Outflow,373
13,-1242007014_CO,TSS,Outflow,374
26,-1242007014_CO,TSS,Outflow,374
25,-1242007014_CO,TSS,Outflow,374
27,-1242007014_CO,TSS,Outflow,374
22,-1242007014_CO,TSS,Outflow,374
6,-1242007014_CO,TSS,Outflow,375
5,-1242007014_CO,TSS,Outflow,375
20,-1242007014_CO,TSS,Outflow,375
27,-1242007014_CO,TSS,Outflow,375
23,-1242007014_CO,TSS,Outflow,375
47,-1242007014_CO,TSS,Outflow,376
20,-1242007014_CO,TSS,Outflow,376
13,-1242007014_CO,TSS,Outflow,376
25,-1242007014_CO,TSS,Outflow,376
22,-1242007014_CO,TSS,Outflow,376
22,-1242007014_CO,TSS,Outflow,377
47,-1242007014_CO,TSS,Outflow,377
20,-1242007014_CO,TSS,Outflow,377
27,-1242007014_CO,TSS,Outflow,377
13,-1242007014_CO,TSS,Outflow,377
110,-1242007014_CO,TSS,Outflow,378
27,-1242007014_CO,TSS,Outflow,378
25,-1242007014_CO,TSS,Outflow,378
27,-1242007014_CO,TSS,Outflow,378
12,-1242007014_CO,TSS,Outflow,378
531,-1242007014_CO,TSS,Outflow,379
47,-1242007014_CO,TSS,Outflow,379
22,-1242007014_CO,TSS,Outflow,379
6,-1242007014_CO,TSS,Outflow,379
13,-1242007014_CO,TSS,Outflow,379
25,-1242007014_CO,TSS,Outflow,380
26,-1242007014_CO,TSS,Outflow,380
110,-1242007014_CO,TSS,Outflow,380
47,-1242007014_CO,TSS,Outflow,380
9,-1242007014_CO,TSS,Outflow,380
13,-1242007014_CO,TSS,Outflow,381
26,-1242007014_CO,TSS,Outflow,381
20,-1242007014_CO,TSS,Outflow,381
9,-1242007014_CO,TSS,Outflow,381
5,-1242007014_CO,TSS,Outflow,381
47,-1242007014_CO,TSS,Outflow,382
5,-1242007014_CO,TSS,Outflow,382
110,-1242007014_CO,TSS,Outflow,382
531,-1242007014_CO,TSS,Outflow,382
27,-1242007014_CO,TSS,Outflow,382
27,-1242007014_CO,TSS,Outflow,383
531,-1242007014_CO,TSS,Outflow,383
5,-1242007014_CO,TSS,Outflow,383
19,-1242007014_CO,TSS,Outflow,383
6,-1242007014_CO,TSS,Outflow,383
19,-1242007014_CO,TSS,Outflow,384
22,-1242007014_CO,TSS,Outflow,384
23,-1242007014_CO,TSS,Outflow,384
20,-1242007014_CO,TSS,Outflow,384
12,-1242007014_CO,TSS,Outflow,384
22,-1242007014_CO,TSS,Outflow,385
5,-1242007014_CO,TSS,Outflow,385
9,-1242007014_CO,TSS,Outflow,385
23,-1242007014_CO,TSS,Outflow,385
20,-1242007014_CO,TSS,Outflow,385
27,-1242007014_CO,TSS,Outflow,386
12,-1242007014_CO,TSS,Outflow,386
25,-1242007014_CO,TSS,Outflow,386
27,-1242007014_CO,TSS,Outflow,386
5,-1242007014_CO,TSS,Outflow,386
110,-1242007014_CO,TSS,Outflow,387
531,-1242007014_CO,TSS,Outflow,387
27,-1242007014_CO,TSS,Outflow,387
12,-1242007014_CO,TSS,Outflow,387
19,-1242007014_CO,TSS,Outflow,387
110,-1242007014_CO,TSS,Outflow,388
23,-1242007014_CO,TSS,Outflow,388
27,-1242007014_CO,TSS,Outflow,388
47,-1242007014_CO,TSS,Outflow,388
25,-1242007014_CO,TSS,Outflow,388
6,-1242007014_CO,TSS,Outflow,389
22,-1242007014_CO,TSS,Outflow,389
23,-1242007014_CO,TSS,Outflow,389
20,-1242007014_CO,TSS,Outflow,389
27,-1242007014_CO,TSS,Outflow,389
13,-1242007014_CO,TSS,Outflow,390
12,-1242007014_CO,TSS,Outflow,390
20,-1242007014_CO,TSS,Outflow,390
47,-1242007014_CO,TSS,Outflow,390
531,-1242007014_CO,TSS,Outflow,390
13,-1242007014_CO,TSS,Outflow,391
110,-1242007014_CO,TSS,Outflow,391
25,-1242007014_CO,TSS,Outflow,391
22,-1242007014_CO,TSS,Outflow,391
23,-1242007014_CO,TSS,Outflow,391
9,-1242007014_CO,TSS,Outflow,392
27,-1242007014_CO,TSS,Outflow,392
5,-1242007014_CO,TSS,Outflow,392
26,-1242007014_CO,TSS,Outflow,392
6,-1242007014_CO,TSS,Outflow,392
20,-1242007014_CO,TSS,Outflow,393
13,-1242007014_CO,TSS,Outflow,393
531,-1242007014_CO,TSS,Outflow,393
12,-1242007014_CO,TSS,Outflow,393
27,-1242007014_CO,TSS,Outflow,393
22,-1242007014_CO,TSS,Outflow,394
12,-1242007014_CO,TSS,Outflow,394
5,-1242007014_CO,TSS,Outflow,394
23,-1242007014_CO,TSS,Outflow,394
25,-1242007014_CO,TSS,Outflow,394
25,-1242007014_CO,TSS,Outflow,395
13,-1242007014_CO,TSS,Outflow,395
5,-1242007014_CO,TSS,Outflow,395
26,-1242007014_CO,TSS,Outflow,395
47,-1242007014_CO,TSS,Outflow,395
27,-1242007014_CO,TSS,Outflow,396
13,-1242007014_CO,TSS,Outflow,396
13,-1242007014_CO,TSS,Outflow,396
9,-1242007014_CO,TSS,Outflow,396
19,-1242007014_CO,TSS,Outflow,396
12,-1242007014_CO,TSS,Outflow,397
13,-1242007014_CO,TSS,Outflow,397
13,-1242007014_CO,TSS,Outflow,397
20,-1242007014_CO,TSS,Outflow,397
22,-1242007014_CO,TSS,Outflow,397
23,-1242007014_CO,TSS,Outflow,398
13,-1242007014_CO,TSS,Outflow,398
27,-1242007014_CO,TSS,Outflow,398
9,-1242007014_CO,TSS,Outflow,398
13,-1242007014_CO,TSS,Outflow,398
47,-1242007014_CO,TSS,Outflow,399
25,-1242007014_CO,TSS,Outflow,399
531,-1242007014_CO,TSS,Outflow,399
5,-1242007014_CO,TSS,Outflow,399
27,-1242007014_CO,TSS,Outflow,399
13,-1242007014_CO,TSS,Outflow,400
6,-1242007014_CO,TSS,Outflow,400
25,-1242007014_CO,TSS,Outflow,400
26,-1242007014_CO,TSS,Outflow,400
23,-1242007014_CO,TSS,Outflow,400
47,-1242007014_CO,TSS,Outflow,401
27,-1242007014_CO,TSS,Outflow,401
19,-1242007014_CO,TSS,Outflow,401
27,-1242007014_CO,TSS,Outflow,401
110,-1242007014_CO,TSS,Outflow,401
13,-1242007014_CO,TSS,Outflow,402
19,-1242007014_CO,TSS,Outflow,402
27,-1242007014_CO,TSS,Outflow,402
12,-1242007014_CO,TSS,Outflow,402
110,-1242007014_CO,TSS,Outflow,402
13,-1242007014_CO,TSS,Outflow,403
22,-1242007014_CO,TSS,Outflow,403
23,-1242007014_CO,TSS,Outflow,403
20,-1242007014_CO,TSS,Outflow,403
47,-1242007014_CO,TSS,Outflow,403
20,-1242007014_CO,TSS,Outflow,404
13,-1242007014_CO,TSS,Outflow,404
19,-1242007014_CO,TSS,Outflow,404
9,-1242007014_CO,TSS,Outflow,404
531,-1242007014_CO,TSS,Outflow,404
13,-1242007014_CO,TSS,Outflow,405
13,-1242007014_CO,TSS,Outflow,405
47,-1242007014_CO,TSS,Outflow,405
27,-1242007014_CO,TSS,Outflow,405
25,-1242007014_CO,TSS,Outflow,405
6,-1242007014_CO,TSS,Outflow,406
27,-1242007014_CO,TSS,Outflow,406
25,-1242007014_CO,TSS,Outflow,406
19,-1242007014_CO,TSS,Outflow,406
22,-1242007014_CO,TSS,Outflow,406
27,-1242007014_CO,TSS,Outflow,407
22,-1242007014_CO,TSS,Outflow,407
19,-1242007014_CO,TSS,Outflow,407
20,-1242007014_CO,TSS,Outflow,407
13,-1242007014_CO,TSS,Outflow,407
47,-1242007014_CO,TSS,Outflow,408
13,-1242007014_CO,TSS,Outflow,408
26,-1242007014_CO,TSS,Outflow,408
110,-1242007014_CO,TSS,Outflow,408
5,-1242007014_CO,TSS,Outflow,408
19,-1242007014_CO,TSS,Outflow,409
13,-1242007014_CO,TSS,Outflow,409
6,-1242007014_CO,TSS,Outflow,409
5,-1242007014_CO,TSS,Outflow,409
25,-1242007014_CO,TSS,Outflow,409
13,-1242007014_CO,TSS,Outflow,410
22,-1242007014_CO,TSS,Outflow,410
20,-1242007014_CO,TSS,Outflow,410
110,-1242007014_CO,TSS,Outflow,410
9,-1242007014_CO,TSS,Outflow,410
47,-1242007014_CO,TSS,Outflow,411
26,-1242007014_CO,TSS,Outflow,411
13,-1242007014_CO,TSS,Outflow,411
23,-1242007014_CO,TSS,Outflow,411
531,-1242007014_CO,TSS,Outflow,411
6,-1242007014_CO,TSS,Outflow,412
110,-1242007014_CO,TSS,Outflow,412
27,-1242007014_CO,TSS,Outflow,412
13,-1242007014_CO,TSS,Outflow,412
531,-1242007014_CO,TSS,Outflow,412
27,-1242007014_CO,TSS,Outflow,413
25,-1242007014_CO,TSS,Outflow,413
26,-1242007014_CO,TSS,Outflow,413
13,-1242007014_CO,TSS,Outflow,413
23,-1242007014_CO,TSS,Outflow,413
5,-1242007014_CO,TSS,Outflow,414
25,-1242007014_CO,TSS,Outflow,414
27,-1242007014_CO,TSS,Outflow,414
13,-1242007014_CO,TSS,Outflow,414
12,-1242007014_CO,TSS,Outflow,414
27,-1242007014_CO,TSS,Outflow,415
13,-1242007014_CO,TSS,Outflow,415
27,-1242007014_CO,TSS,Outflow,415
22,-1242007014_CO,TSS,Outflow,415
6,-1242007014_CO,TSS,Outflow,415
20,-1242007014_CO,TSS,Outflow,416
22,-1242007014_CO,TSS,Outflow,416
23,-1242007014_CO,TSS,Outflow,416
110,-1242007014_CO,TSS,Outflow,416
27,-1242007014_CO,TSS,Outflow,416
26,-1242007014_CO,TSS,Outflow,417
27,-1242007014_CO,TSS,Outflow,417
12,-1242007014_CO,TSS,Outflow,417
110,-1242007014_CO,TSS,Outflow,417
27,-1242007014_CO,TSS,Outflow,417
531,-1242007014_CO,TSS,Outflow,418
20,-1242007014_CO,TSS,Outflow,418
47,-1242007014_CO,TSS,Outflow,418
27,-1242007014_CO,TSS,Outflow,418
9,-1242007014_CO,TSS,Outflow,418
13,-1242007014_CO,TSS,Outflow,419
22,-1242007014_CO,TSS,Outflow,419
20,-1242007014_CO,TSS,Outflow,419
531,-1242007014_CO,TSS,Outflow,419
9,-1242007014_CO,TSS,Outflow,419
27,-1242007014_CO,TSS,Outflow,420
47,-1242007014_CO,TSS,Outflow,420
13,-1242007014_CO,TSS,Outflow,420
25,-1242007014_CO,TSS,Outflow,420
27,-1242007014_CO,TSS,Outflow,420
5,-1242007014_CO,TSS,Outflow,421
9,-1242007014_CO,TSS,Outflow,421
6,-1242007014_CO,TSS,Outflow,421
27,-1242007014_CO,TSS,Outflow,421
12,-1242007014_CO,TSS,Outflow,421
25,-1242007014_CO,TSS,Outflow,422
19,-1242007014_CO,TSS,Outflow,422
531,-1242007014_CO,TSS,Outflow,422
20,-1242007014_CO,TSS,Outflow,422
47,-1242007014_CO,TSS,Outflow,422
26,-1242007014_CO,TSS,Outflow,423
27,-1242007014_CO,TSS,Outflow,423
6,-1242007014_CO,TSS,Outflow,423
531,-1242007014_CO,TSS,Outflow,423
22,-1242007014_CO,TSS,Outflow,423
27,-1242007014_CO,TSS,Outflow,424
110,-1242007014_CO,TSS,Outflow,424
13,-1242007014_CO,TSS,Outflow,424
12,-1242007014_CO,TSS,Outflow,424
26,-1242007014_CO,TSS,Outflow,424
12,-1242007014_CO,TSS,Outflow,425
22,-1242007014_CO,TSS,Outflow,425
25,-1242007014_CO,TSS,Outflow,425
13,-1242007014_CO,TSS,Outflow,425
27,-1242007014_CO,TSS,Outflow,425
531,-1242007014_CO,TSS,Outflow,426
22,-1242007014_CO,TSS,Outflow,426
12,-1242007014_CO,TSS,Outflow,426
23,-1242007014_CO,TSS,Outflow,426
13,-1242007014_CO,TSS,Outflow,426
47,-1242007014_CO,TSS,Outflow,427
6,-1242007014_CO,TSS,Outflow,427
13,-1242007014_CO,TSS,Outflow,427
20,-1242007014_CO,TSS,Outflow,427
27,-1242007014_CO,TSS,Outflow,427
27,-1242007014_CO,TSS,Outflow,428
110,-1242007014_CO,TSS,Outflow,428
531,-1242007014_CO,TSS,Outflow,428
27,-1242007014_CO,TSS,Outflow,428
13,-1242007014_CO,TSS,Outflow,428
20,-1242007014_CO,TSS,Outflow,429
6,-1242007014_CO,TSS,Outflow,429
47,-1242007014_CO,TSS,Outflow,429
9,-1242007014_CO,TSS,Outflow,429
13,-1242007014_CO,TSS,Outflow,429
22,-1242007014_CO,TSS,Outflow,430
13,-1242007014_CO,TSS,Outflow,430
6,-1242007014_CO,TSS,Outflow,430
47,-1242007014_CO,TSS,Outflow,430
23,-1242007014_CO,TSS,Outflow,430
12,-1242007014_CO,TSS,Outflow,431
9,-1242007014_CO,TSS,Outflow,431
26,-1242007014_CO,TSS,Outflow,431
20,-1242007014_CO,TSS,Outflow,431
19,-1242007014_CO,TSS,Outflow,431
5,-1242007014_CO,TSS,Outflow,432
6,-1242007014_CO,TSS,Outflow,432
20,-1242007014_CO,TSS,Outflow,432
22,-1242007014_CO,TSS,Outflow,432
23,-1242007014_CO,TSS,Outflow,432
25,-1242007014_CO,TSS,Outflow,433
27,-1242007014_CO,TSS,Outflow,433
6,-1242007014_CO,TSS,Outflow,433
26,-1242007014_CO,TSS,Outflow,433
22,-1242007014_CO,TSS,Outflow,433
47,-1242007014_CO,TSS,Outflow,434
5,-1242007014_CO,TSS,Outflow,434
12,-1242007014_CO,TSS,Outflow,434
26,-1242007014_CO,TSS,Outflow,434
25,-1242007014_CO,TSS,Outflow,434
47,-1242007014_CO,TSS,Outflow,435
531,-1242007014_CO,TSS,Outflow,435
23,-1242007014_CO,TSS,Outflow,435
5,-1242007014_CO,TSS,Outflow,435
25,-1242007014_CO,TSS,Outflow,435
13,-1242007014_CO,TSS,Outflow,436
26,-1242007014_CO,TSS,Outflow,436
19,-1242007014_CO,TSS,Outflow,436
22,-1242007014_CO,TSS,Outflow,436
47,-1242007014_CO,TSS,Outflow,436
13,-1242007014_CO,TSS,Outflow,437
22,-1242007014_CO,TSS,Outflow,437
531,-1242007014_CO,TSS,Outflow,437
6,-1242007014_CO,TSS,Outflow,437
13,-1242007014_CO,TSS,Outflow,437
23,-1242007014_CO,TSS,Outflow,438
27,-1242007014_CO,TSS,Outflow,438
25,-1242007014_CO,TSS,Outflow,438
20,-1242007014_CO,TSS,Outflow,438
5,-1242007014_CO,TSS,Outflow,438
13,-1242007014_CO,TSS,Outflow,439
9,-1242007014_CO,TSS,Outflow,439
25,-1242007014_CO,TSS,Outflow,439
23,-1242007014_CO,TSS,Outflow,439
6,-1242007014_CO,TSS,Outflow,439
22,-1242007014_CO,TSS,Outflow,440
13,-1242007014_CO,TSS,Outflow,440
26,-1242007014_CO,TSS,Outflow,440
531,-1242007014_CO,TSS,Outflow,440
47,-1242007014_CO,TSS,Outflow,440
9,-1242007014_CO,TSS,Outflow,441
22,-1242007014_CO,TSS,Outflow,441
5,-1242007014_CO,TSS,Outflow,441
26,-1242007014_CO,TSS,Outflow,441
12,-1242007014_CO,TSS,Outflow,441
12,-1242007014_CO,TSS,Outflow,442
531,-1242007014_CO,TSS,Outflow,442
13,-1242007014_CO,TSS,Outflow,442
26,-1242007014_CO,TSS,Outflow,442
20,-1242007014_CO,TSS,Outflow,442
22,-1242007014_CO,TSS,Outflow,443
9,-1242007014_CO,TSS,Outflow,443
19,-1242007014_CO,TSS,Outflow,443
5,-1242007014_CO,TSS,Outflow,443
13,-1242007014_CO,TSS,Outflow,443
25,-1242007014_CO,TSS,Outflow,444
19,-1242007014_CO,TSS,Outflow,444
531,-1242007014_CO,TSS,Outflow,444
6,-1242007014_CO,TSS,Outflow,444
47,-1242007014_CO,TSS,Outflow,444
110,-1242007014_CO,TSS,Outflow,445
13,-1242007014_CO,TSS,Outflow,445
19,-1242007014_CO,TSS,Outflow,445
26,-1242007014_CO,TSS,Outflow,445
23,-1242007014_CO,TSS,Outflow,445
27,-1242007014_CO,TSS,Outflow,446
531,-1242007014_CO,TSS,Outflow,446
6,-1242007014_CO,TSS,Outflow,446
19,-1242007014_CO,TSS,Outflow,446
22,-1242007014_CO,TSS,Outflow,446
27,-1242007014_CO,TSS,Outflow,447
26,-1242007014_CO,TSS,Outflow,447
110,-1242007014_CO,TSS,Outflow,447
22,-1242007014_CO,TSS,Outflow,447
9,-1242007014_CO,TSS,Outflow,447
20,-1242007014_CO,TSS,Outflow,448
13,-1242007014_CO,TSS,Outflow,448
5,-1242007014_CO,TSS,Outflow,448
531,-1242007014_CO,TSS,Outflow,448
110,-1242007014_CO,TSS,Outflow,448
5,-1242007014_CO,TSS,Outflow,449
27,-1242007014_CO,TSS,Outflow,449
6,-1242007014_CO,TSS,Outflow,449
13,-1242007014_CO,TSS,Outflow,449
13,-1242007014_CO,TSS,Outflow,449
13,-1242007014_CO,TSS,Outflow,450
26,-1242007014_CO,TSS,Outflow,450
13,-1242007014_CO,TSS,Outflow,450
22,-1242007014_CO,TSS,Outflow,450
110,-1242007014_CO,TSS,Outflow,450
19,-1242007014_CO,TSS,Outflow,451
531,-1242007014_CO,TSS,Outflow,451
13,-1242007014_CO,TSS,Outflow,451
26,-1242007014_CO,TSS,Outflow,451
110,-1242007014_CO,TSS,Outflow,451
26,-1242007014_CO,TSS,Outflow,452
531,-1242007014_CO,TSS,Outflow,452
19,-1242007014_CO,TSS,Outflow,452
5,-1242007014_CO,TSS,Outflow,452
22,-1242007014_CO,TSS,Outflow,452
13,-1242007014_CO,TSS,Outflow,453
22,-1242007014_CO,TSS,Outflow,453
531,-1242007014_CO,TSS,Outflow,453
23,-1242007014_CO,TSS,Outflow,453
6,-1242007014_CO,TSS,Outflow,453
5,-1242007014_CO,TSS,Outflow,454
22,-1242007014_CO,TSS,Outflow,454
531,-1242007014_CO,TSS,Outflow,454
13,-1242007014_CO,TSS,Outflow,454
110,-1242007014_CO,TSS,Outflow,454
9,-1242007014_CO,TSS,Outflow,455
6,-1242007014_CO,TSS,Outflow,455
13,-1242007014_CO,TSS,Outflow,455
22,-1242007014_CO,TSS,Outflow,455
13,-1242007014_CO,TSS,Outflow,455
23,-1242007014_CO,TSS,Outflow,456
26,-1242007014_CO,TSS,Outflow,456
110,-1242007014_CO,TSS,Outflow,456
27,-1242007014_CO,TSS,Outflow,456
5,-1242007014_CO,TSS,Outflow,456
27,-1242007014_CO,TSS,Outflow,457
13,-1242007014_CO,TSS,Outflow,457
531,-1242007014_CO,TSS,Outflow,457
12,-1242007014_CO,TSS,Outflow,457
20,-1242007014_CO,TSS,Outflow,457
26,-1242007014_CO,TSS,Outflow,458
19,-1242007014_CO,TSS,Outflow,458
9,-1242007014_CO,TSS,Outflow,458
27,-1242007014_CO,TSS,Outflow,458
12,-1242007014_CO,TSS,Outflow,458
27,-1242007014_CO,TSS,Outflow,459
47,-1242007014_CO,TSS,Outflow,459
9,-1242007014_CO,TSS,Outflow,459
26,-1242007014_CO,TSS,Outflow,459
13,-1242007014_CO,TSS,Outflow,459
19,-1242007014_CO,TSS,Outflow,460
13,-1242007014_CO,TSS,Outflow,460
25,-1242007014_CO,TSS,Outflow,460
20,-1242007014_CO,TSS,Outflow,460
110,-1242007014_CO,TSS,Outflow,460
9,-1242007014_CO,TSS,Outflow,461
27,-1242007014_CO,TSS,Outflow,461
25,-1242007014_CO,TSS,Outflow,461
6,-1242007014_CO,TSS,Outflow,461
20,-1242007014_CO,TSS,Outflow,461
25,-1242007014_CO,TSS,Outflow,462
13,-1242007014_CO,TSS,Outflow,462
6,-1242007014_CO,TSS,Outflow,462
20,-1242007014_CO,TSS,Outflow,462
12,-1242007014_CO,TSS,Outflow,462
110,-1242007014_CO,TSS,Outflow,463
27,-1242007014_CO,TSS,Outflow,463
20,-1242007014_CO,TSS,Outflow,463
6,-1242007014_CO,TSS,Outflow,463
26,-1242007014_CO,TSS,Outflow,463
27,-1242007014_CO,TSS,Outflow,464
22,-1242007014_CO,TSS,Outflow,464
531,-1242007014_CO,TSS,Outflow,464
23,-1242007014_CO,TSS,Outflow,464
19,-1242007014_CO,TSS,Outflow,464
6,-1242007014_CO,TSS,Outflow,465
27,-1242007014_CO,TSS,Outflow,465
20,-1242007014_CO,TSS,Outflow,465
110,-1242007014_CO,TSS,Outflow,465
26,-1242007014_CO,TSS,Outflow,465
13,-1242007014_CO,TSS,Outflow,466
13,-1242007014_CO,TSS,Outflow,466
47,-1242007014_CO,TSS,Outflow,466
6,-1242007014_CO,TSS,Outflow,466
20,-1242007014_CO,TSS,Outflow,466
26,-1242007014_CO,TSS,Outflow,467
23,-1242007014_CO,TSS,Outflow,467
27,-1242007014_CO,TSS,Outflow,467
531,-1242007014_CO,TSS,Outflow,467
12,-1242007014_CO,TSS,Outflow,467
12,-1242007014_CO,TSS,Outflow,468
23,-1242007014_CO,TSS,Outflow,468
19,-1242007014_CO,TSS,Outflow,468
5,-1242007014_CO,TSS,Outflow,468
22,-1242007014_CO,TSS,Outflow,468
13,-1242007014_CO,TSS,Outflow,469
110,-1242007014_CO,TSS,Outflow,469
26,-1242007014_CO,TSS,Outflow,469
22,-1242007014_CO,TSS,Outflow,469
12,-1242007014_CO,TSS,Outflow,469
26,-1242007014_CO,TSS,Outflow,470
47,-1242007014_CO,TSS,Outflow,470
110,-1242007014_CO,TSS,Outflow,470
20,-1242007014_CO,TSS,Outflow,470
12,-1242007014_CO,TSS,Outflow,470
23,-1242007014_CO,TSS,Outflow,471
20,-1242007014_CO,TSS,Outflow,471
13,-1242007014_CO,TSS,Outflow,471
25,-1242007014_CO,TSS,Outflow,471
531,-1242007014_CO,TSS,Outflow,471
47,-1242007014_CO,TSS,Outflow,472
9,-1242007014_CO,TSS,Outflow,472
531,-1242007014_CO,TSS,Outflow,472
110,-1242007014_CO,TSS,Outflow,472
27,-1242007014_CO,TSS,Outflow,472
9,-1242007014_CO,TSS,Outflow,473
110,-1242007014_CO,TSS,Outflow,473
13,-1242007014_CO,TSS,Outflow,473
20,-1242007014_CO,TSS,Outflow,473
26,-1242007014_CO,TSS,Outflow,473
13,-1242007014_CO,TSS,Outflow,474
9,-1242007014_CO,TSS,Outflow,474
23,-1242007014_CO,TSS,Outflow,474
6,-1242007014_CO,TSS,Outflow,474
27,-1242007014_CO,TSS,Outflow,474
13,-1242007014_CO,TSS,Outflow,475
25,-1242007014_CO,TSS,Outflow,475
27,-1242007014_CO,TSS,Outflow,475
20,-1242007014_CO,TSS,Outflow,475
12,-1242007014_CO,TSS,Outflow,475
19,-1242007014_CO,TSS,Outflow,476
22,-1242007014_CO,TSS,Outflow,476
110,-1242007014_CO,TSS,Outflow,476
25,-1242007014_CO,TSS,Outflow,476
27,-1242007014_CO,TSS,Outflow,476
47,-1242007014_CO,TSS,Outflow,477
6,-1242007014_CO,TSS,Outflow,477
12,-1242007014_CO,TSS,Outflow,477
110,-1242007014_CO,TSS,Outflow,477
13,-1242007014_CO,TSS,Outflow,477
20,-1242007014_CO,TSS,Outflow,478
6,-1242007014_CO,TSS,Outflow,478
13,-1242007014_CO,TSS,Outflow,478
26,-1242007014_CO,TSS,Outflow,478
27,-1242007014_CO,TSS,Outflow,478
27,-1242007014_CO,TSS,Outflow,479
13,-1242007014_CO,TSS,Outflow,479
20,-1242007014_CO,TSS,Outflow,479
5,-1242007014_CO,TSS,Outflow,479
12,-1242007014_CO,TSS,Outflow,479
23,-1242007014_CO,TSS,Outflow,480
27,-1242007014_CO,TSS,Outflow,480
19,-1242007014_CO,TSS,Outflow,480
13,-1242007014_CO,TSS,Outflow,480
12,-1242007014_CO,TSS,Outflow,480
20,-1242007014_CO,TSS,Outflow,481
27,-1242007014_CO,TSS,Outflow,481
531,-1242007014_CO,TSS,Outflow,481
6,-1242007014_CO,TSS,Outflow,481
9,-1242007014_CO,TSS,Outflow,481
13,-1242007014_CO,TSS,Outflow,482
27,-1242007014_CO,TSS,Outflow,482
5,-1242007014_CO,TSS,Outflow,482
6,-1242007014_CO,TSS,Outflow,482
23,-1242007014_CO,TSS,Outflow,482
27,-1242007014_CO,TSS,Outflow,483
12,-1242007014_CO,TSS,Outflow,483
26,-1242007014_CO,TSS,Outflow,483
5,-1242007014_CO,TSS,Outflow,483
27,-1242007014_CO,TSS,Outflow,483
23,-1242007014_CO,TSS,Outflow,484
5,-1242007014_CO,TSS,Outflow,484
13,-1242007014_CO,TSS,Outflow,484
26,-1242007014_CO,TSS,Outflow,484
27,-1242007014_CO,TSS,Outflow,484
5,-1242007014_CO,TSS,Outflow,485
20,-1242007014_CO,TSS,Outflow,485
26,-1242007014_CO,TSS,Outflow,485
9,-1242007014_CO,TSS,Outflow,485
27,-1242007014_CO,TSS,Outflow,485
26,-1242007014_CO,TSS,Outflow,486
110,-1242007014_CO,TSS,Outflow,486
13,-1242007014_CO,TSS,Outflow,486
12,-1242007014_CO,TSS,Outflow,486
6,-1242007014_CO,TSS,Outflow,486
13,-1242007014_CO,TSS,Outflow,487
27,-1242007014_CO,TSS,Outflow,487
13,-1242007014_CO,TSS,Outflow,487
6,-1242007014_CO,TSS,Outflow,487
9,-1242007014_CO,TSS,Outflow,487
6,-1242007014_CO,TSS,Outflow,488
5,-1242007014_CO,TSS,Outflow,488
110,-1242007014_CO,TSS,Outflow,488
23,-1242007014_CO,TSS,Outflow,488
19,-1242007014_CO,TSS,Outflow,488
47,-1242007014_CO,TSS,Outflow,489
13,-1242007014_CO,TSS,Outflow,489
27,-1242007014_CO,TSS,Outflow,489
22,-1242007014_CO,TSS,Outflow,489
9,-1242007014_CO,TSS,Outflow,489
19,-1242007014_CO,TSS,Outflow,490
25,-1242007014_CO,TSS,Outflow,490
23,-1242007014_CO,TSS,Outflow,490
22,-1242007014_CO,TSS,Outflow,490
9,-1242007014_CO,TSS,Outflow,490
19,-1242007014_CO,TSS,Outflow,491
23,-1242007014_CO,TSS,Outflow,491
20,-1242007014_CO,TSS,Outflow,491
110,-1242007014_CO,TSS,Outflow,491
5,-1242007014_CO,TSS,Outflow,491
9,-1242007014_CO,TSS,Outflow,492
27,-1242007014_CO,TSS,Outflow,492
6,-1242007014_CO,TSS,Outflow,492
19,-1242007014_CO,TSS,Outflow,492
27,-1242007014_CO,TSS,Outflow,492
531,-1242007014_CO,TSS,Outflow,493
110,-1242007014_CO,TSS,Outflow,493
22,-1242007014_CO,TSS,Outflow,493
47,-1242007014_CO,TSS,Outflow,493
13,-1242007014_CO,TSS,Outflow,493
531,-1242007014_CO,TSS,Outflow,494
9,-1242007014_CO,TSS,Outflow,494
47,-1242007014_CO,TSS,Outflow,494
13,-1242007014_CO,TSS,Outflow,494
25,-1242007014_CO,TSS,Outflow,494
22,-1242007014_CO,TSS,Outflow,495
6,-1242007014_CO,TSS,Outflow,495
531,-1242007014_CO,TSS,Outflow,495
13,-1242007014_CO,TSS,Outflow,495
20,-1242007014_CO,TSS,Outflow,495
26,-1242007014_CO,TSS,Outflow,496
9,-1242007014_CO,TSS,Outflow,496
110,-1242007014_CO,TSS,Outflow,496
27,-1242007014_CO,TSS,Outflow,496
23,-1242007014_CO,TSS,Outflow,496
20,-1242007014_CO,TSS,Outflow,497
19,-1242007014_CO,TSS,Outflow,497
6,-1242007014_CO,TSS,Outflow,497
23,-1242007014_CO,TSS,Outflow,497
13,-1242007014_CO,TSS,Outflow,497
12,-1242007014_CO,TSS,Outflow,498
110,-1242007014_CO,TSS,Outflow,498
9,-1242007014_CO,TSS,Outflow,498
25,-1242007014_CO,TSS,Outflow,498
22,-1242007014_CO,TSS,Outflow,498
9,-1242007014_CO,TSS,Outflow,499
23,-1242007014_CO,TSS,Outflow,499
47,-1242007014_CO,TSS,Outflow,499
6,-1242007014_CO,TSS,Outflow,499
110,-1242007014_CO,TSS,Outflow,499
110,-1242007014_CO,TSS,Outflow,500
25,-1242007014_CO,TSS,Outflow,500
12,-1242007014_CO,TSS,Outflow,500
23,-1242007014_CO,TSS,Outflow,500
47,-1242007014_CO,TSS,Outflow,500
