EMC,Location,Analyte,Flow,Run
40,-1242007014_CO,TSS,Inflow,1
176,-1242007014_CO,TSS,Inflow,1
58,-1242007014_CO,TSS,Inflow,1
103,-1242007014_CO,TSS,Inflow,1
52,-1242007014_CO,TSS,Inflow,1
8,-1242007014_CO,TSS,Inflow,2
18,-1242007014_CO,TSS,Inflow,2
180,-1242007014_CO,TSS,Inflow,2
103,-1242007014_CO,TSS,Inflow,2
58,-1242007014_CO,TSS,Inflow,2
18,-1242007014_CO,TSS,Inflow,3
58,-1242007014_CO,TSS,Inflow,3
52,-1242007014_CO,TSS,Inflow,3
7,-1242007014_CO,TSS,Inflow,3
176,-1242007014_CO,TSS,Inflow,3
58,-1242007014_CO,TSS,Inflow,4
52,-1242007014_CO,TSS,Inflow,4
103,-1242007014_CO,TSS,Inflow,4
89,-1242007014_CO,TSS,Inflow,4
42,-1242007014_CO,TSS,Inflow,4
103,-1242007014_CO,TSS,Inflow,5
18,-1242007014_CO,TSS,Inflow,5
39,-1242007014_CO,TSS,Inflow,5
52,-1242007014_CO,TSS,Inflow,5
58,-1242007014_CO,TSS,Inflow,5
7,-1242007014_CO,TSS,Inflow,6
18,-1242007014_CO,TSS,Inflow,6
42,-1242007014_CO,TSS,Inflow,6
18,-1242007014_CO,TSS,Inflow,6
8,-1242007014_CO,TSS,Inflow,6
18,-1242007014_CO,TSS,Inflow,7
39,-1242007014_CO,TSS,Inflow,7
176,-1242007014_CO,TSS,Inflow,7
58,-1242007014_CO,TSS,Inflow,7
89,-1242007014_CO,TSS,Inflow,7
180,-1242007014_CO,TSS,Inflow,8
176,-1242007014_CO,TSS,Inflow,8
8,-1242007014_CO,TSS,Inflow,8
52,-1242007014_CO,TSS,Inflow,8
18,-1242007014_CO,TSS,Inflow,8
103,-1242007014_CO,TSS,Inflow,9
7,-1242007014_CO,TSS,Inflow,9
232,-1242007014_CO,TSS,Inflow,9
8,-1242007014_CO,TSS,Inflow,9
52,-1242007014_CO,TSS,Inflow,9
40,-1242007014_CO,TSS,Inflow,10
18,-1242007014_CO,TSS,Inflow,10
232,-1242007014_CO,TSS,Inflow,10
58,-1242007014_CO,TSS,Inflow,10
52,-1242007014_CO,TSS,Inflow,10
7,-1242007014_CO,TSS,Inflow,11
58,-1242007014_CO,TSS,Inflow,11
18,-1242007014_CO,TSS,Inflow,11
180,-1242007014_CO,TSS,Inflow,11
40,-1242007014_CO,TSS,Inflow,11
40,-1242007014_CO,TSS,Inflow,12
8,-1242007014_CO,TSS,Inflow,12
89,-1242007014_CO,TSS,Inflow,12
58,-1242007014_CO,TSS,Inflow,12
39,-1242007014_CO,TSS,Inflow,12
232,-1242007014_CO,TSS,Inflow,13
58,-1242007014_CO,TSS,Inflow,13
176,-1242007014_CO,TSS,Inflow,13
18,-1242007014_CO,TSS,Inflow,13
40,-1242007014_CO,TSS,Inflow,13
232,-1242007014_CO,TSS,Inflow,14
52,-1242007014_CO,TSS,Inflow,14
18,-1242007014_CO,TSS,Inflow,14
39,-1242007014_CO,TSS,Inflow,14
8,-1242007014_CO,TSS,Inflow,14
8,-1242007014_CO,TSS,Inflow,15
7,-1242007014_CO,TSS,Inflow,15
58,-1242007014_CO,TSS,Inflow,15
180,-1242007014_CO,TSS,Inflow,15
232,-1242007014_CO,TSS,Inflow,15
89,-1242007014_CO,TSS,Inflow,16
52,-1242007014_CO,TSS,Inflow,16
7,-1242007014_CO,TSS,Inflow,16
8,-1242007014_CO,TSS,Inflow,16
39,-1242007014_CO,TSS,Inflow,16
18,-1242007014_CO,TSS,Inflow,17
232,-1242007014_CO,TSS,Inflow,17
58,-1242007014_CO,TSS,Inflow,17
8,-1242007014_CO,TSS,Inflow,17
103,-1242007014_CO,TSS,Inflow,17
7,-1242007014_CO,TSS,Inflow,18
103,-1242007014_CO,TSS,Inflow,18
52,-1242007014_CO,TSS,Inflow,18
18,-1242007014_CO,TSS,Inflow,18
18,-1242007014_CO,TSS,Inflow,18
180,-1242007014_CO,TSS,Inflow,19
232,-1242007014_CO,TSS,Inflow,19
40,-1242007014_CO,TSS,Inflow,19
18,-1242007014_CO,TSS,Inflow,19
176,-1242007014_CO,TSS,Inflow,19
39,-1242007014_CO,TSS,Inflow,20
52,-1242007014_CO,TSS,Inflow,20
89,-1242007014_CO,TSS,Inflow,20
18,-1242007014_CO,TSS,Inflow,20
8,-1242007014_CO,TSS,Inflow,20
40,-1242007014_CO,TSS,Inflow,21
180,-1242007014_CO,TSS,Inflow,21
7,-1242007014_CO,TSS,Inflow,21
8,-1242007014_CO,TSS,Inflow,21
42,-1242007014_CO,TSS,Inflow,21
52,-1242007014_CO,TSS,Inflow,22
40,-1242007014_CO,TSS,Inflow,22
52,-1242007014_CO,TSS,Inflow,22
8,-1242007014_CO,TSS,Inflow,22
58,-1242007014_CO,TSS,Inflow,22
7,-1242007014_CO,TSS,Inflow,23
180,-1242007014_CO,TSS,Inflow,23
42,-1242007014_CO,TSS,Inflow,23
18,-1242007014_CO,TSS,Inflow,23
103,-1242007014_CO,TSS,Inflow,23
40,-1242007014_CO,TSS,Inflow,24
18,-1242007014_CO,TSS,Inflow,24
58,-1242007014_CO,TSS,Inflow,24
8,-1242007014_CO,TSS,Inflow,24
52,-1242007014_CO,TSS,Inflow,24
8,-1242007014_CO,TSS,Inflow,25
42,-1242007014_CO,TSS,Inflow,25
176,-1242007014_CO,TSS,Inflow,25
232,-1242007014_CO,TSS,Inflow,25
39,-1242007014_CO,TSS,Inflow,25
89,-1242007014_CO,TSS,Inflow,26
8,-1242007014_CO,TSS,Inflow,26
58,-1242007014_CO,TSS,Inflow,26
176,-1242007014_CO,TSS,Inflow,26
232,-1242007014_CO,TSS,Inflow,26
52,-1242007014_CO,TSS,Inflow,27
176,-1242007014_CO,TSS,Inflow,27
103,-1242007014_CO,TSS,Inflow,27
58,-1242007014_CO,TSS,Inflow,27
18,-1242007014_CO,TSS,Inflow,27
180,-1242007014_CO,TSS,Inflow,28
42,-1242007014_CO,TSS,Inflow,28
8,-1242007014_CO,TSS,Inflow,28
58,-1242007014_CO,TSS,Inflow,28
52,-1242007014_CO,TSS,Inflow,28
103,-1242007014_CO,TSS,Inflow,29
8,-1242007014_CO,TSS,Inflow,29
52,-1242007014_CO,TSS,Inflow,29
58,-1242007014_CO,TSS,Inflow,29
39,-1242007014_CO,TSS,Inflow,29
18,-1242007014_CO,TSS,Inflow,30
232,-1242007014_CO,TSS,Inflow,30
180,-1242007014_CO,TSS,Inflow,30
52,-1242007014_CO,TSS,Inflow,30
39,-1242007014_CO,TSS,Inflow,30
89,-1242007014_CO,TSS,Inflow,31
58,-1242007014_CO,TSS,Inflow,31
18,-1242007014_CO,TSS,Inflow,31
39,-1242007014_CO,TSS,Inflow,31
52,-1242007014_CO,TSS,Inflow,31
176,-1242007014_CO,TSS,Inflow,32
180,-1242007014_CO,TSS,Inflow,32
52,-1242007014_CO,TSS,Inflow,32
8,-1242007014_CO,TSS,Inflow,32
52,-1242007014_CO,TSS,Inflow,32
52,-1242007014_CO,TSS,Inflow,33
176,-1242007014_CO,TSS,Inflow,33
103,-1242007014_CO,TSS,Inflow,33
39,-1242007014_CO,TSS,Inflow,33
18,-1242007014_CO,TSS,Inflow,33
18,-1242007014_CO,TSS,Inflow,34
232,-1242007014_CO,TSS,Inflow,34
18,-1242007014_CO,TSS,Inflow,34
89,-1242007014_CO,TSS,Inflow,34
39,-1242007014_CO,TSS,Inflow,34
232,-1242007014_CO,TSS,Inflow,35
40,-1242007014_CO,TSS,Inflow,35
39,-1242007014_CO,TSS,Inflow,35
42,-1242007014_CO,TSS,Inflow,35
89,-1242007014_CO,TSS,Inflow,35
52,-1242007014_CO,TSS,Inflow,36
18,-1242007014_CO,TSS,Inflow,36
7,-1242007014_CO,TSS,Inflow,36
89,-1242007014_CO,TSS,Inflow,36
42,-1242007014_CO,TSS,Inflow,36
180,-1242007014_CO,TSS,Inflow,37
58,-1242007014_CO,TSS,Inflow,37
89,-1242007014_CO,TSS,Inflow,37
18,-1242007014_CO,TSS,Inflow,37
42,-1242007014_CO,TSS,Inflow,37
103,-1242007014_CO,TSS,Inflow,38
18,-1242007014_CO,TSS,Inflow,38
7,-1242007014_CO,TSS,Inflow,38
52,-1242007014_CO,TSS,Inflow,38
58,-1242007014_CO,TSS,Inflow,38
180,-1242007014_CO,TSS,Inflow,39
42,-1242007014_CO,TSS,Inflow,39
232,-1242007014_CO,TSS,Inflow,39
176,-1242007014_CO,TSS,Inflow,39
18,-1242007014_CO,TSS,Inflow,39
18,-1242007014_CO,TSS,Inflow,40
8,-1242007014_CO,TSS,Inflow,40
180,-1242007014_CO,TSS,Inflow,40
7,-1242007014_CO,TSS,Inflow,40
52,-1242007014_CO,TSS,Inflow,40
18,-1242007014_CO,TSS,Inflow,41
8,-1242007014_CO,TSS,Inflow,41
7,-1242007014_CO,TSS,Inflow,41
39,-1242007014_CO,TSS,Inflow,41
42,-1242007014_CO,TSS,Inflow,41
58,-1242007014_CO,TSS,Inflow,42
39,-1242007014_CO,TSS,Inflow,42
18,-1242007014_CO,TSS,Inflow,42
52,-1242007014_CO,TSS,Inflow,42
8,-1242007014_CO,TSS,Inflow,42
52,-1242007014_CO,TSS,Inflow,43
103,-1242007014_CO,TSS,Inflow,43
39,-1242007014_CO,TSS,Inflow,43
7,-1242007014_CO,TSS,Inflow,43
18,-1242007014_CO,TSS,Inflow,43
176,-1242007014_CO,TSS,Inflow,44
232,-1242007014_CO,TSS,Inflow,44
42,-1242007014_CO,TSS,Inflow,44
40,-1242007014_CO,TSS,Inflow,44
89,-1242007014_CO,TSS,Inflow,44
42,-1242007014_CO,TSS,Inflow,45
18,-1242007014_CO,TSS,Inflow,45
103,-1242007014_CO,TSS,Inflow,45
180,-1242007014_CO,TSS,Inflow,45
7,-1242007014_CO,TSS,Inflow,45
176,-1242007014_CO,TSS,Inflow,46
7,-1242007014_CO,TSS,Inflow,46
58,-1242007014_CO,TSS,Inflow,46
8,-1242007014_CO,TSS,Inflow,46
232,-1242007014_CO,TSS,Inflow,46
52,-1242007014_CO,TSS,Inflow,47
8,-1242007014_CO,TSS,Inflow,47
40,-1242007014_CO,TSS,Inflow,47
18,-1242007014_CO,TSS,Inflow,47
58,-1242007014_CO,TSS,Inflow,47
232,-1242007014_CO,TSS,Inflow,48
103,-1242007014_CO,TSS,Inflow,48
8,-1242007014_CO,TSS,Inflow,48
42,-1242007014_CO,TSS,Inflow,48
89,-1242007014_CO,TSS,Inflow,48
232,-1242007014_CO,TSS,Inflow,49
52,-1242007014_CO,TSS,Inflow,49
52,-1242007014_CO,TSS,Inflow,49
103,-1242007014_CO,TSS,Inflow,49
18,-1242007014_CO,TSS,Inflow,49
180,-1242007014_CO,TSS,Inflow,50
232,-1242007014_CO,TSS,Inflow,50
176,-1242007014_CO,TSS,Inflow,50
18,-1242007014_CO,TSS,Inflow,50
40,-1242007014_CO,TSS,Inflow,50
52,-1242007014_CO,TSS,Inflow,51
40,-1242007014_CO,TSS,Inflow,51
42,-1242007014_CO,TSS,Inflow,51
18,-1242007014_CO,TSS,Inflow,51
52,-1242007014_CO,TSS,Inflow,51
232,-1242007014_CO,TSS,Inflow,52
39,-1242007014_CO,TSS,Inflow,52
40,-1242007014_CO,TSS,Inflow,52
58,-1242007014_CO,TSS,Inflow,52
103,-1242007014_CO,TSS,Inflow,52
42,-1242007014_CO,TSS,Inflow,53
52,-1242007014_CO,TSS,Inflow,53
176,-1242007014_CO,TSS,Inflow,53
7,-1242007014_CO,TSS,Inflow,53
39,-1242007014_CO,TSS,Inflow,53
39,-1242007014_CO,TSS,Inflow,54
103,-1242007014_CO,TSS,Inflow,54
52,-1242007014_CO,TSS,Inflow,54
18,-1242007014_CO,TSS,Inflow,54
52,-1242007014_CO,TSS,Inflow,54
18,-1242007014_CO,TSS,Inflow,55
180,-1242007014_CO,TSS,Inflow,55
103,-1242007014_CO,TSS,Inflow,55
176,-1242007014_CO,TSS,Inflow,55
40,-1242007014_CO,TSS,Inflow,55
7,-1242007014_CO,TSS,Inflow,56
103,-1242007014_CO,TSS,Inflow,56
39,-1242007014_CO,TSS,Inflow,56
176,-1242007014_CO,TSS,Inflow,56
18,-1242007014_CO,TSS,Inflow,56
18,-1242007014_CO,TSS,Inflow,57
52,-1242007014_CO,TSS,Inflow,57
39,-1242007014_CO,TSS,Inflow,57
52,-1242007014_CO,TSS,Inflow,57
58,-1242007014_CO,TSS,Inflow,57
7,-1242007014_CO,TSS,Inflow,58
89,-1242007014_CO,TSS,Inflow,58
52,-1242007014_CO,TSS,Inflow,58
40,-1242007014_CO,TSS,Inflow,58
232,-1242007014_CO,TSS,Inflow,58
18,-1242007014_CO,TSS,Inflow,59
58,-1242007014_CO,TSS,Inflow,59
52,-1242007014_CO,TSS,Inflow,59
89,-1242007014_CO,TSS,Inflow,59
8,-1242007014_CO,TSS,Inflow,59
89,-1242007014_CO,TSS,Inflow,60
39,-1242007014_CO,TSS,Inflow,60
58,-1242007014_CO,TSS,Inflow,60
52,-1242007014_CO,TSS,Inflow,60
180,-1242007014_CO,TSS,Inflow,60
7,-1242007014_CO,TSS,Inflow,61
58,-1242007014_CO,TSS,Inflow,61
18,-1242007014_CO,TSS,Inflow,61
52,-1242007014_CO,TSS,Inflow,61
18,-1242007014_CO,TSS,Inflow,61
18,-1242007014_CO,TSS,Inflow,62
52,-1242007014_CO,TSS,Inflow,62
232,-1242007014_CO,TSS,Inflow,62
103,-1242007014_CO,TSS,Inflow,62
52,-1242007014_CO,TSS,Inflow,62
180,-1242007014_CO,TSS,Inflow,63
18,-1242007014_CO,TSS,Inflow,63
8,-1242007014_CO,TSS,Inflow,63
89,-1242007014_CO,TSS,Inflow,63
39,-1242007014_CO,TSS,Inflow,63
40,-1242007014_CO,TSS,Inflow,64
103,-1242007014_CO,TSS,Inflow,64
176,-1242007014_CO,TSS,Inflow,64
180,-1242007014_CO,TSS,Inflow,64
42,-1242007014_CO,TSS,Inflow,64
180,-1242007014_CO,TSS,Inflow,65
103,-1242007014_CO,TSS,Inflow,65
18,-1242007014_CO,TSS,Inflow,65
39,-1242007014_CO,TSS,Inflow,65
42,-1242007014_CO,TSS,Inflow,65
176,-1242007014_CO,TSS,Inflow,66
7,-1242007014_CO,TSS,Inflow,66
52,-1242007014_CO,TSS,Inflow,66
39,-1242007014_CO,TSS,Inflow,66
232,-1242007014_CO,TSS,Inflow,66
89,-1242007014_CO,TSS,Inflow,67
52,-1242007014_CO,TSS,Inflow,67
39,-1242007014_CO,TSS,Inflow,67
42,-1242007014_CO,TSS,Inflow,67
180,-1242007014_CO,TSS,Inflow,67
18,-1242007014_CO,TSS,Inflow,68
42,-1242007014_CO,TSS,Inflow,68
7,-1242007014_CO,TSS,Inflow,68
180,-1242007014_CO,TSS,Inflow,68
39,-1242007014_CO,TSS,Inflow,68
40,-1242007014_CO,TSS,Inflow,69
58,-1242007014_CO,TSS,Inflow,69
176,-1242007014_CO,TSS,Inflow,69
8,-1242007014_CO,TSS,Inflow,69
42,-1242007014_CO,TSS,Inflow,69
18,-1242007014_CO,TSS,Inflow,70
58,-1242007014_CO,TSS,Inflow,70
40,-1242007014_CO,TSS,Inflow,70
52,-1242007014_CO,TSS,Inflow,70
103,-1242007014_CO,TSS,Inflow,70
42,-1242007014_CO,TSS,Inflow,71
180,-1242007014_CO,TSS,Inflow,71
39,-1242007014_CO,TSS,Inflow,71
176,-1242007014_CO,TSS,Inflow,71
18,-1242007014_CO,TSS,Inflow,71
7,-1242007014_CO,TSS,Inflow,72
176,-1242007014_CO,TSS,Inflow,72
52,-1242007014_CO,TSS,Inflow,72
52,-1242007014_CO,TSS,Inflow,72
103,-1242007014_CO,TSS,Inflow,72
8,-1242007014_CO,TSS,Inflow,73
52,-1242007014_CO,TSS,Inflow,73
39,-1242007014_CO,TSS,Inflow,73
103,-1242007014_CO,TSS,Inflow,73
180,-1242007014_CO,TSS,Inflow,73
103,-1242007014_CO,TSS,Inflow,74
7,-1242007014_CO,TSS,Inflow,74
232,-1242007014_CO,TSS,Inflow,74
8,-1242007014_CO,TSS,Inflow,74
176,-1242007014_CO,TSS,Inflow,74
7,-1242007014_CO,TSS,Inflow,75
176,-1242007014_CO,TSS,Inflow,75
52,-1242007014_CO,TSS,Inflow,75
18,-1242007014_CO,TSS,Inflow,75
39,-1242007014_CO,TSS,Inflow,75
89,-1242007014_CO,TSS,Inflow,76
7,-1242007014_CO,TSS,Inflow,76
180,-1242007014_CO,TSS,Inflow,76
39,-1242007014_CO,TSS,Inflow,76
103,-1242007014_CO,TSS,Inflow,76
42,-1242007014_CO,TSS,Inflow,77
89,-1242007014_CO,TSS,Inflow,77
7,-1242007014_CO,TSS,Inflow,77
103,-1242007014_CO,TSS,Inflow,77
18,-1242007014_CO,TSS,Inflow,77
40,-1242007014_CO,TSS,Inflow,78
58,-1242007014_CO,TSS,Inflow,78
180,-1242007014_CO,TSS,Inflow,78
42,-1242007014_CO,TSS,Inflow,78
232,-1242007014_CO,TSS,Inflow,78
18,-1242007014_CO,TSS,Inflow,79
39,-1242007014_CO,TSS,Inflow,79
52,-1242007014_CO,TSS,Inflow,79
103,-1242007014_CO,TSS,Inflow,79
40,-1242007014_CO,TSS,Inflow,79
18,-1242007014_CO,TSS,Inflow,80
18,-1242007014_CO,TSS,Inflow,80
180,-1242007014_CO,TSS,Inflow,80
52,-1242007014_CO,TSS,Inflow,80
232,-1242007014_CO,TSS,Inflow,80
89,-1242007014_CO,TSS,Inflow,81
176,-1242007014_CO,TSS,Inflow,81
58,-1242007014_CO,TSS,Inflow,81
8,-1242007014_CO,TSS,Inflow,81
40,-1242007014_CO,TSS,Inflow,81
8,-1242007014_CO,TSS,Inflow,82
52,-1242007014_CO,TSS,Inflow,82
18,-1242007014_CO,TSS,Inflow,82
232,-1242007014_CO,TSS,Inflow,82
103,-1242007014_CO,TSS,Inflow,82
52,-1242007014_CO,TSS,Inflow,83
58,-1242007014_CO,TSS,Inflow,83
89,-1242007014_CO,TSS,Inflow,83
42,-1242007014_CO,TSS,Inflow,83
180,-1242007014_CO,TSS,Inflow,83
52,-1242007014_CO,TSS,Inflow,84
103,-1242007014_CO,TSS,Inflow,84
180,-1242007014_CO,TSS,Inflow,84
18,-1242007014_CO,TSS,Inflow,84
89,-1242007014_CO,TSS,Inflow,84
7,-1242007014_CO,TSS,Inflow,85
8,-1242007014_CO,TSS,Inflow,85
18,-1242007014_CO,TSS,Inflow,85
180,-1242007014_CO,TSS,Inflow,85
42,-1242007014_CO,TSS,Inflow,85
7,-1242007014_CO,TSS,Inflow,86
232,-1242007014_CO,TSS,Inflow,86
42,-1242007014_CO,TSS,Inflow,86
180,-1242007014_CO,TSS,Inflow,86
8,-1242007014_CO,TSS,Inflow,86
89,-1242007014_CO,TSS,Inflow,87
52,-1242007014_CO,TSS,Inflow,87
42,-1242007014_CO,TSS,Inflow,87
7,-1242007014_CO,TSS,Inflow,87
103,-1242007014_CO,TSS,Inflow,87
176,-1242007014_CO,TSS,Inflow,88
52,-1242007014_CO,TSS,Inflow,88
18,-1242007014_CO,TSS,Inflow,88
8,-1242007014_CO,TSS,Inflow,88
103,-1242007014_CO,TSS,Inflow,88
232,-1242007014_CO,TSS,Inflow,89
52,-1242007014_CO,TSS,Inflow,89
42,-1242007014_CO,TSS,Inflow,89
176,-1242007014_CO,TSS,Inflow,89
18,-1242007014_CO,TSS,Inflow,89
18,-1242007014_CO,TSS,Inflow,90
176,-1242007014_CO,TSS,Inflow,90
52,-1242007014_CO,TSS,Inflow,90
103,-1242007014_CO,TSS,Inflow,90
232,-1242007014_CO,TSS,Inflow,90
52,-1242007014_CO,TSS,Inflow,91
232,-1242007014_CO,TSS,Inflow,91
180,-1242007014_CO,TSS,Inflow,91
18,-1242007014_CO,TSS,Inflow,91
58,-1242007014_CO,TSS,Inflow,91
103,-1242007014_CO,TSS,Inflow,92
58,-1242007014_CO,TSS,Inflow,92
52,-1242007014_CO,TSS,Inflow,92
18,-1242007014_CO,TSS,Inflow,92
180,-1242007014_CO,TSS,Inflow,92
7,-1242007014_CO,TSS,Inflow,93
42,-1242007014_CO,TSS,Inflow,93
180,-1242007014_CO,TSS,Inflow,93
176,-1242007014_CO,TSS,Inflow,93
18,-1242007014_CO,TSS,Inflow,93
176,-1242007014_CO,TSS,Inflow,94
232,-1242007014_CO,TSS,Inflow,94
180,-1242007014_CO,TSS,Inflow,94
42,-1242007014_CO,TSS,Inflow,94
18,-1242007014_CO,TSS,Inflow,94
180,-1242007014_CO,TSS,Inflow,95
52,-1242007014_CO,TSS,Inflow,95
58,-1242007014_CO,TSS,Inflow,95
176,-1242007014_CO,TSS,Inflow,95
232,-1242007014_CO,TSS,Inflow,95
52,-1242007014_CO,TSS,Inflow,96
18,-1242007014_CO,TSS,Inflow,96
7,-1242007014_CO,TSS,Inflow,96
39,-1242007014_CO,TSS,Inflow,96
8,-1242007014_CO,TSS,Inflow,96
103,-1242007014_CO,TSS,Inflow,97
176,-1242007014_CO,TSS,Inflow,97
8,-1242007014_CO,TSS,Inflow,97
232,-1242007014_CO,TSS,Inflow,97
58,-1242007014_CO,TSS,Inflow,97
42,-1242007014_CO,TSS,Inflow,98
176,-1242007014_CO,TSS,Inflow,98
103,-1242007014_CO,TSS,Inflow,98
52,-1242007014_CO,TSS,Inflow,98
58,-1242007014_CO,TSS,Inflow,98
52,-1242007014_CO,TSS,Inflow,99
232,-1242007014_CO,TSS,Inflow,99
52,-1242007014_CO,TSS,Inflow,99
180,-1242007014_CO,TSS,Inflow,99
176,-1242007014_CO,TSS,Inflow,99
7,-1242007014_CO,TSS,Inflow,100
39,-1242007014_CO,TSS,Inflow,100
52,-1242007014_CO,TSS,Inflow,100
18,-1242007014_CO,TSS,Inflow,100
42,-1242007014_CO,TSS,Inflow,100
52,-1242007014_CO,TSS,Inflow,101
180,-1242007014_CO,TSS,Inflow,101
42,-1242007014_CO,TSS,Inflow,101
232,-1242007014_CO,TSS,Inflow,101
18,-1242007014_CO,TSS,Inflow,101
52,-1242007014_CO,TSS,Inflow,102
176,-1242007014_CO,TSS,Inflow,102
7,-1242007014_CO,TSS,Inflow,102
58,-1242007014_CO,TSS,Inflow,102
180,-1242007014_CO,TSS,Inflow,102
18,-1242007014_CO,TSS,Inflow,103
40,-1242007014_CO,TSS,Inflow,103
58,-1242007014_CO,TSS,Inflow,103
103,-1242007014_CO,TSS,Inflow,103
42,-1242007014_CO,TSS,Inflow,103
180,-1242007014_CO,TSS,Inflow,104
89,-1242007014_CO,TSS,Inflow,104
7,-1242007014_CO,TSS,Inflow,104
232,-1242007014_CO,TSS,Inflow,104
176,-1242007014_CO,TSS,Inflow,104
7,-1242007014_CO,TSS,Inflow,105
40,-1242007014_CO,TSS,Inflow,105
176,-1242007014_CO,TSS,Inflow,105
39,-1242007014_CO,TSS,Inflow,105
8,-1242007014_CO,TSS,Inflow,105
18,-1242007014_CO,TSS,Inflow,106
176,-1242007014_CO,TSS,Inflow,106
103,-1242007014_CO,TSS,Inflow,106
18,-1242007014_CO,TSS,Inflow,106
42,-1242007014_CO,TSS,Inflow,106
8,-1242007014_CO,TSS,Inflow,107
52,-1242007014_CO,TSS,Inflow,107
52,-1242007014_CO,TSS,Inflow,107
176,-1242007014_CO,TSS,Inflow,107
58,-1242007014_CO,TSS,Inflow,107
7,-1242007014_CO,TSS,Inflow,108
232,-1242007014_CO,TSS,Inflow,108
8,-1242007014_CO,TSS,Inflow,108
89,-1242007014_CO,TSS,Inflow,108
18,-1242007014_CO,TSS,Inflow,108
58,-1242007014_CO,TSS,Inflow,109
89,-1242007014_CO,TSS,Inflow,109
39,-1242007014_CO,TSS,Inflow,109
42,-1242007014_CO,TSS,Inflow,109
52,-1242007014_CO,TSS,Inflow,109
180,-1242007014_CO,TSS,Inflow,110
52,-1242007014_CO,TSS,Inflow,110
232,-1242007014_CO,TSS,Inflow,110
58,-1242007014_CO,TSS,Inflow,110
7,-1242007014_CO,TSS,Inflow,110
176,-1242007014_CO,TSS,Inflow,111
89,-1242007014_CO,TSS,Inflow,111
103,-1242007014_CO,TSS,Inflow,111
52,-1242007014_CO,TSS,Inflow,111
58,-1242007014_CO,TSS,Inflow,111
39,-1242007014_CO,TSS,Inflow,112
8,-1242007014_CO,TSS,Inflow,112
7,-1242007014_CO,TSS,Inflow,112
42,-1242007014_CO,TSS,Inflow,112
232,-1242007014_CO,TSS,Inflow,112
176,-1242007014_CO,TSS,Inflow,113
232,-1242007014_CO,TSS,Inflow,113
18,-1242007014_CO,TSS,Inflow,113
103,-1242007014_CO,TSS,Inflow,113
52,-1242007014_CO,TSS,Inflow,113
42,-1242007014_CO,TSS,Inflow,114
176,-1242007014_CO,TSS,Inflow,114
7,-1242007014_CO,TSS,Inflow,114
103,-1242007014_CO,TSS,Inflow,114
180,-1242007014_CO,TSS,Inflow,114
40,-1242007014_CO,TSS,Inflow,115
180,-1242007014_CO,TSS,Inflow,115
89,-1242007014_CO,TSS,Inflow,115
18,-1242007014_CO,TSS,Inflow,115
58,-1242007014_CO,TSS,Inflow,115
18,-1242007014_CO,TSS,Inflow,116
52,-1242007014_CO,TSS,Inflow,116
103,-1242007014_CO,TSS,Inflow,116
8,-1242007014_CO,TSS,Inflow,116
39,-1242007014_CO,TSS,Inflow,116
103,-1242007014_CO,TSS,Inflow,117
52,-1242007014_CO,TSS,Inflow,117
180,-1242007014_CO,TSS,Inflow,117
8,-1242007014_CO,TSS,Inflow,117
7,-1242007014_CO,TSS,Inflow,117
39,-1242007014_CO,TSS,Inflow,118
103,-1242007014_CO,TSS,Inflow,118
18,-1242007014_CO,TSS,Inflow,118
180,-1242007014_CO,TSS,Inflow,118
232,-1242007014_CO,TSS,Inflow,118
39,-1242007014_CO,TSS,Inflow,119
7,-1242007014_CO,TSS,Inflow,119
52,-1242007014_CO,TSS,Inflow,119
18,-1242007014_CO,TSS,Inflow,119
8,-1242007014_CO,TSS,Inflow,119
176,-1242007014_CO,TSS,Inflow,120
18,-1242007014_CO,TSS,Inflow,120
52,-1242007014_CO,TSS,Inflow,120
18,-1242007014_CO,TSS,Inflow,120
103,-1242007014_CO,TSS,Inflow,120
58,-1242007014_CO,TSS,Inflow,121
176,-1242007014_CO,TSS,Inflow,121
18,-1242007014_CO,TSS,Inflow,121
39,-1242007014_CO,TSS,Inflow,121
40,-1242007014_CO,TSS,Inflow,121
89,-1242007014_CO,TSS,Inflow,122
40,-1242007014_CO,TSS,Inflow,122
42,-1242007014_CO,TSS,Inflow,122
18,-1242007014_CO,TSS,Inflow,122
52,-1242007014_CO,TSS,Inflow,122
89,-1242007014_CO,TSS,Inflow,123
18,-1242007014_CO,TSS,Inflow,123
180,-1242007014_CO,TSS,Inflow,123
40,-1242007014_CO,TSS,Inflow,123
52,-1242007014_CO,TSS,Inflow,123
18,-1242007014_CO,TSS,Inflow,124
58,-1242007014_CO,TSS,Inflow,124
52,-1242007014_CO,TSS,Inflow,124
89,-1242007014_CO,TSS,Inflow,124
176,-1242007014_CO,TSS,Inflow,124
39,-1242007014_CO,TSS,Inflow,125
58,-1242007014_CO,TSS,Inflow,125
52,-1242007014_CO,TSS,Inflow,125
232,-1242007014_CO,TSS,Inflow,125
89,-1242007014_CO,TSS,Inflow,125
232,-1242007014_CO,TSS,Inflow,126
18,-1242007014_CO,TSS,Inflow,126
40,-1242007014_CO,TSS,Inflow,126
176,-1242007014_CO,TSS,Inflow,126
8,-1242007014_CO,TSS,Inflow,126
18,-1242007014_CO,TSS,Inflow,127
8,-1242007014_CO,TSS,Inflow,127
103,-1242007014_CO,TSS,Inflow,127
52,-1242007014_CO,TSS,Inflow,127
52,-1242007014_CO,TSS,Inflow,127
232,-1242007014_CO,TSS,Inflow,128
18,-1242007014_CO,TSS,Inflow,128
18,-1242007014_CO,TSS,Inflow,128
52,-1242007014_CO,TSS,Inflow,128
58,-1242007014_CO,TSS,Inflow,128
18,-1242007014_CO,TSS,Inflow,129
89,-1242007014_CO,TSS,Inflow,129
7,-1242007014_CO,TSS,Inflow,129
8,-1242007014_CO,TSS,Inflow,129
52,-1242007014_CO,TSS,Inflow,129
52,-1242007014_CO,TSS,Inflow,130
8,-1242007014_CO,TSS,Inflow,130
7,-1242007014_CO,TSS,Inflow,130
89,-1242007014_CO,TSS,Inflow,130
103,-1242007014_CO,TSS,Inflow,130
7,-1242007014_CO,TSS,Inflow,131
8,-1242007014_CO,TSS,Inflow,131
180,-1242007014_CO,TSS,Inflow,131
58,-1242007014_CO,TSS,Inflow,131
176,-1242007014_CO,TSS,Inflow,131
8,-1242007014_CO,TSS,Inflow,132
180,-1242007014_CO,TSS,Inflow,132
18,-1242007014_CO,TSS,Inflow,132
7,-1242007014_CO,TSS,Inflow,132
42,-1242007014_CO,TSS,Inflow,132
39,-1242007014_CO,TSS,Inflow,133
103,-1242007014_CO,TSS,Inflow,133
18,-1242007014_CO,TSS,Inflow,133
7,-1242007014_CO,TSS,Inflow,133
18,-1242007014_CO,TSS,Inflow,133
8,-1242007014_CO,TSS,Inflow,134
89,-1242007014_CO,TSS,Inflow,134
7,-1242007014_CO,TSS,Inflow,134
58,-1242007014_CO,TSS,Inflow,134
180,-1242007014_CO,TSS,Inflow,134
18,-1242007014_CO,TSS,Inflow,135
176,-1242007014_CO,TSS,Inflow,135
7,-1242007014_CO,TSS,Inflow,135
39,-1242007014_CO,TSS,Inflow,135
52,-1242007014_CO,TSS,Inflow,135
42,-1242007014_CO,TSS,Inflow,136
52,-1242007014_CO,TSS,Inflow,136
52,-1242007014_CO,TSS,Inflow,136
18,-1242007014_CO,TSS,Inflow,136
232,-1242007014_CO,TSS,Inflow,136
89,-1242007014_CO,TSS,Inflow,137
52,-1242007014_CO,TSS,Inflow,137
42,-1242007014_CO,TSS,Inflow,137
52,-1242007014_CO,TSS,Inflow,137
180,-1242007014_CO,TSS,Inflow,137
232,-1242007014_CO,TSS,Inflow,138
7,-1242007014_CO,TSS,Inflow,138
176,-1242007014_CO,TSS,Inflow,138
52,-1242007014_CO,TSS,Inflow,138
40,-1242007014_CO,TSS,Inflow,138
103,-1242007014_CO,TSS,Inflow,139
232,-1242007014_CO,TSS,Inflow,139
89,-1242007014_CO,TSS,Inflow,139
180,-1242007014_CO,TSS,Inflow,139
18,-1242007014_CO,TSS,Inflow,139
58,-1242007014_CO,TSS,Inflow,140
180,-1242007014_CO,TSS,Inflow,140
103,-1242007014_CO,TSS,Inflow,140
8,-1242007014_CO,TSS,Inflow,140
39,-1242007014_CO,TSS,Inflow,140
52,-1242007014_CO,TSS,Inflow,141
58,-1242007014_CO,TSS,Inflow,141
232,-1242007014_CO,TSS,Inflow,141
40,-1242007014_CO,TSS,Inflow,141
18,-1242007014_CO,TSS,Inflow,141
58,-1242007014_CO,TSS,Inflow,142
103,-1242007014_CO,TSS,Inflow,142
176,-1242007014_CO,TSS,Inflow,142
40,-1242007014_CO,TSS,Inflow,142
18,-1242007014_CO,TSS,Inflow,142
8,-1242007014_CO,TSS,Inflow,143
52,-1242007014_CO,TSS,Inflow,143
103,-1242007014_CO,TSS,Inflow,143
58,-1242007014_CO,TSS,Inflow,143
89,-1242007014_CO,TSS,Inflow,143
176,-1242007014_CO,TSS,Inflow,144
232,-1242007014_CO,TSS,Inflow,144
103,-1242007014_CO,TSS,Inflow,144
8,-1242007014_CO,TSS,Inflow,144
42,-1242007014_CO,TSS,Inflow,144
40,-1242007014_CO,TSS,Inflow,145
176,-1242007014_CO,TSS,Inflow,145
103,-1242007014_CO,TSS,Inflow,145
52,-1242007014_CO,TSS,Inflow,145
180,-1242007014_CO,TSS,Inflow,145
52,-1242007014_CO,TSS,Inflow,146
39,-1242007014_CO,TSS,Inflow,146
40,-1242007014_CO,TSS,Inflow,146
7,-1242007014_CO,TSS,Inflow,146
58,-1242007014_CO,TSS,Inflow,146
18,-1242007014_CO,TSS,Inflow,147
40,-1242007014_CO,TSS,Inflow,147
52,-1242007014_CO,TSS,Inflow,147
180,-1242007014_CO,TSS,Inflow,147
7,-1242007014_CO,TSS,Inflow,147
103,-1242007014_CO,TSS,Inflow,148
7,-1242007014_CO,TSS,Inflow,148
52,-1242007014_CO,TSS,Inflow,148
18,-1242007014_CO,TSS,Inflow,148
232,-1242007014_CO,TSS,Inflow,148
58,-1242007014_CO,TSS,Inflow,149
52,-1242007014_CO,TSS,Inflow,149
18,-1242007014_CO,TSS,Inflow,149
39,-1242007014_CO,TSS,Inflow,149
232,-1242007014_CO,TSS,Inflow,149
8,-1242007014_CO,TSS,Inflow,150
40,-1242007014_CO,TSS,Inflow,150
18,-1242007014_CO,TSS,Inflow,150
232,-1242007014_CO,TSS,Inflow,150
89,-1242007014_CO,TSS,Inflow,150
8,-1242007014_CO,TSS,Inflow,151
42,-1242007014_CO,TSS,Inflow,151
52,-1242007014_CO,TSS,Inflow,151
58,-1242007014_CO,TSS,Inflow,151
18,-1242007014_CO,TSS,Inflow,151
58,-1242007014_CO,TSS,Inflow,152
232,-1242007014_CO,TSS,Inflow,152
7,-1242007014_CO,TSS,Inflow,152
8,-1242007014_CO,TSS,Inflow,152
18,-1242007014_CO,TSS,Inflow,152
103,-1242007014_CO,TSS,Inflow,153
58,-1242007014_CO,TSS,Inflow,153
232,-1242007014_CO,TSS,Inflow,153
176,-1242007014_CO,TSS,Inflow,153
18,-1242007014_CO,TSS,Inflow,153
58,-1242007014_CO,TSS,Inflow,154
232,-1242007014_CO,TSS,Inflow,154
7,-1242007014_CO,TSS,Inflow,154
8,-1242007014_CO,TSS,Inflow,154
40,-1242007014_CO,TSS,Inflow,154
39,-1242007014_CO,TSS,Inflow,155
180,-1242007014_CO,TSS,Inflow,155
52,-1242007014_CO,TSS,Inflow,155
232,-1242007014_CO,TSS,Inflow,155
18,-1242007014_CO,TSS,Inflow,155
8,-1242007014_CO,TSS,Inflow,156
180,-1242007014_CO,TSS,Inflow,156
176,-1242007014_CO,TSS,Inflow,156
52,-1242007014_CO,TSS,Inflow,156
232,-1242007014_CO,TSS,Inflow,156
18,-1242007014_CO,TSS,Inflow,157
40,-1242007014_CO,TSS,Inflow,157
103,-1242007014_CO,TSS,Inflow,157
176,-1242007014_CO,TSS,Inflow,157
180,-1242007014_CO,TSS,Inflow,157
58,-1242007014_CO,TSS,Inflow,158
232,-1242007014_CO,TSS,Inflow,158
103,-1242007014_CO,TSS,Inflow,158
18,-1242007014_CO,TSS,Inflow,158
176,-1242007014_CO,TSS,Inflow,158
42,-1242007014_CO,TSS,Inflow,159
89,-1242007014_CO,TSS,Inflow,159
18,-1242007014_CO,TSS,Inflow,159
40,-1242007014_CO,TSS,Inflow,159
232,-1242007014_CO,TSS,Inflow,159
176,-1242007014_CO,TSS,Inflow,160
42,-1242007014_CO,TSS,Inflow,160
18,-1242007014_CO,TSS,Inflow,160
58,-1242007014_CO,TSS,Inflow,160
7,-1242007014_CO,TSS,Inflow,160
232,-1242007014_CO,TSS,Inflow,161
176,-1242007014_CO,TSS,Inflow,161
42,-1242007014_CO,TSS,Inflow,161
39,-1242007014_CO,TSS,Inflow,161
40,-1242007014_CO,TSS,Inflow,161
232,-1242007014_CO,TSS,Inflow,162
58,-1242007014_CO,TSS,Inflow,162
8,-1242007014_CO,TSS,Inflow,162
42,-1242007014_CO,TSS,Inflow,162
39,-1242007014_CO,TSS,Inflow,162
18,-1242007014_CO,TSS,Inflow,163
7,-1242007014_CO,TSS,Inflow,163
58,-1242007014_CO,TSS,Inflow,163
89,-1242007014_CO,TSS,Inflow,163
176,-1242007014_CO,TSS,Inflow,163
8,-1242007014_CO,TSS,Inflow,164
52,-1242007014_CO,TSS,Inflow,164
103,-1242007014_CO,TSS,Inflow,164
232,-1242007014_CO,TSS,Inflow,164
18,-1242007014_CO,TSS,Inflow,164
7,-1242007014_CO,TSS,Inflow,165
103,-1242007014_CO,TSS,Inflow,165
18,-1242007014_CO,TSS,Inflow,165
40,-1242007014_CO,TSS,Inflow,165
180,-1242007014_CO,TSS,Inflow,165
52,-1242007014_CO,TSS,Inflow,166
18,-1242007014_CO,TSS,Inflow,166
89,-1242007014_CO,TSS,Inflow,166
180,-1242007014_CO,TSS,Inflow,166
52,-1242007014_CO,TSS,Inflow,166
52,-1242007014_CO,TSS,Inflow,167
18,-1242007014_CO,TSS,Inflow,167
103,-1242007014_CO,TSS,Inflow,167
232,-1242007014_CO,TSS,Inflow,167
7,-1242007014_CO,TSS,Inflow,167
8,-1242007014_CO,TSS,Inflow,168
103,-1242007014_CO,TSS,Inflow,168
18,-1242007014_CO,TSS,Inflow,168
89,-1242007014_CO,TSS,Inflow,168
58,-1242007014_CO,TSS,Inflow,168
18,-1242007014_CO,TSS,Inflow,169
58,-1242007014_CO,TSS,Inflow,169
52,-1242007014_CO,TSS,Inflow,169
180,-1242007014_CO,TSS,Inflow,169
176,-1242007014_CO,TSS,Inflow,169
40,-1242007014_CO,TSS,Inflow,170
176,-1242007014_CO,TSS,Inflow,170
232,-1242007014_CO,TSS,Inflow,170
89,-1242007014_CO,TSS,Inflow,170
8,-1242007014_CO,TSS,Inflow,170
39,-1242007014_CO,TSS,Inflow,171
58,-1242007014_CO,TSS,Inflow,171
176,-1242007014_CO,TSS,Inflow,171
52,-1242007014_CO,TSS,Inflow,171
18,-1242007014_CO,TSS,Inflow,171
58,-1242007014_CO,TSS,Inflow,172
52,-1242007014_CO,TSS,Inflow,172
180,-1242007014_CO,TSS,Inflow,172
232,-1242007014_CO,TSS,Inflow,172
42,-1242007014_CO,TSS,Inflow,172
180,-1242007014_CO,TSS,Inflow,173
18,-1242007014_CO,TSS,Inflow,173
176,-1242007014_CO,TSS,Inflow,173
8,-1242007014_CO,TSS,Inflow,173
42,-1242007014_CO,TSS,Inflow,173
18,-1242007014_CO,TSS,Inflow,174
39,-1242007014_CO,TSS,Inflow,174
52,-1242007014_CO,TSS,Inflow,174
176,-1242007014_CO,TSS,Inflow,174
232,-1242007014_CO,TSS,Inflow,174
89,-1242007014_CO,TSS,Inflow,175
18,-1242007014_CO,TSS,Inflow,175
103,-1242007014_CO,TSS,Inflow,175
176,-1242007014_CO,TSS,Inflow,175
39,-1242007014_CO,TSS,Inflow,175
18,-1242007014_CO,TSS,Inflow,176
180,-1242007014_CO,TSS,Inflow,176
176,-1242007014_CO,TSS,Inflow,176
58,-1242007014_CO,TSS,Inflow,176
39,-1242007014_CO,TSS,Inflow,176
8,-1242007014_CO,TSS,Inflow,177
42,-1242007014_CO,TSS,Inflow,177
103,-1242007014_CO,TSS,Inflow,177
52,-1242007014_CO,TSS,Inflow,177
176,-1242007014_CO,TSS,Inflow,177
232,-1242007014_CO,TSS,Inflow,178
42,-1242007014_CO,TSS,Inflow,178
18,-1242007014_CO,TSS,Inflow,178
52,-1242007014_CO,TSS,Inflow,178
176,-1242007014_CO,TSS,Inflow,178
176,-1242007014_CO,TSS,Inflow,179
58,-1242007014_CO,TSS,Inflow,179
52,-1242007014_CO,TSS,Inflow,179
39,-1242007014_CO,TSS,Inflow,179
40,-1242007014_CO,TSS,Inflow,179
232,-1242007014_CO,TSS,Inflow,180
52,-1242007014_CO,TSS,Inflow,180
39,-1242007014_CO,TSS,Inflow,180
58,-1242007014_CO,TSS,Inflow,180
18,-1242007014_CO,TSS,Inflow,180
8,-1242007014_CO,TSS,Inflow,181
103,-1242007014_CO,TSS,Inflow,181
176,-1242007014_CO,TSS,Inflow,181
18,-1242007014_CO,TSS,Inflow,181
180,-1242007014_CO,TSS,Inflow,181
52,-1242007014_CO,TSS,Inflow,182
18,-1242007014_CO,TSS,Inflow,182
52,-1242007014_CO,TSS,Inflow,182
40,-1242007014_CO,TSS,Inflow,182
89,-1242007014_CO,TSS,Inflow,182
7,-1242007014_CO,TSS,Inflow,183
18,-1242007014_CO,TSS,Inflow,183
58,-1242007014_CO,TSS,Inflow,183
8,-1242007014_CO,TSS,Inflow,183
42,-1242007014_CO,TSS,Inflow,183
18,-1242007014_CO,TSS,Inflow,184
18,-1242007014_CO,TSS,Inflow,184
42,-1242007014_CO,TSS,Inflow,184
40,-1242007014_CO,TSS,Inflow,184
39,-1242007014_CO,TSS,Inflow,184
52,-1242007014_CO,TSS,Inflow,185
89,-1242007014_CO,TSS,Inflow,185
176,-1242007014_CO,TSS,Inflow,185
180,-1242007014_CO,TSS,Inflow,185
232,-1242007014_CO,TSS,Inflow,185
8,-1242007014_CO,TSS,Inflow,186
58,-1242007014_CO,TSS,Inflow,186
176,-1242007014_CO,TSS,Inflow,186
180,-1242007014_CO,TSS,Inflow,186
18,-1242007014_CO,TSS,Inflow,186
40,-1242007014_CO,TSS,Inflow,187
232,-1242007014_CO,TSS,Inflow,187
18,-1242007014_CO,TSS,Inflow,187
176,-1242007014_CO,TSS,Inflow,187
7,-1242007014_CO,TSS,Inflow,187
176,-1242007014_CO,TSS,Inflow,188
103,-1242007014_CO,TSS,Inflow,188
39,-1242007014_CO,TSS,Inflow,188
52,-1242007014_CO,TSS,Inflow,188
52,-1242007014_CO,TSS,Inflow,188
52,-1242007014_CO,TSS,Inflow,189
180,-1242007014_CO,TSS,Inflow,189
42,-1242007014_CO,TSS,Inflow,189
58,-1242007014_CO,TSS,Inflow,189
103,-1242007014_CO,TSS,Inflow,189
18,-1242007014_CO,TSS,Inflow,190
7,-1242007014_CO,TSS,Inflow,190
40,-1242007014_CO,TSS,Inflow,190
58,-1242007014_CO,TSS,Inflow,190
232,-1242007014_CO,TSS,Inflow,190
52,-1242007014_CO,TSS,Inflow,191
8,-1242007014_CO,TSS,Inflow,191
18,-1242007014_CO,TSS,Inflow,191
52,-1242007014_CO,TSS,Inflow,191
40,-1242007014_CO,TSS,Inflow,191
39,-1242007014_CO,TSS,Inflow,192
180,-1242007014_CO,TSS,Inflow,192
176,-1242007014_CO,TSS,Inflow,192
40,-1242007014_CO,TSS,Inflow,192
232,-1242007014_CO,TSS,Inflow,192
7,-1242007014_CO,TSS,Inflow,193
103,-1242007014_CO,TSS,Inflow,193
89,-1242007014_CO,TSS,Inflow,193
52,-1242007014_CO,TSS,Inflow,193
18,-1242007014_CO,TSS,Inflow,193
176,-1242007014_CO,TSS,Inflow,194
52,-1242007014_CO,TSS,Inflow,194
18,-1242007014_CO,TSS,Inflow,194
8,-1242007014_CO,TSS,Inflow,194
42,-1242007014_CO,TSS,Inflow,194
18,-1242007014_CO,TSS,Inflow,195
58,-1242007014_CO,TSS,Inflow,195
42,-1242007014_CO,TSS,Inflow,195
39,-1242007014_CO,TSS,Inflow,195
52,-1242007014_CO,TSS,Inflow,195
18,-1242007014_CO,TSS,Inflow,196
89,-1242007014_CO,TSS,Inflow,196
103,-1242007014_CO,TSS,Inflow,196
18,-1242007014_CO,TSS,Inflow,196
52,-1242007014_CO,TSS,Inflow,196
180,-1242007014_CO,TSS,Inflow,197
52,-1242007014_CO,TSS,Inflow,197
42,-1242007014_CO,TSS,Inflow,197
39,-1242007014_CO,TSS,Inflow,197
103,-1242007014_CO,TSS,Inflow,197
232,-1242007014_CO,TSS,Inflow,198
18,-1242007014_CO,TSS,Inflow,198
39,-1242007014_CO,TSS,Inflow,198
52,-1242007014_CO,TSS,Inflow,198
176,-1242007014_CO,TSS,Inflow,198
58,-1242007014_CO,TSS,Inflow,199
40,-1242007014_CO,TSS,Inflow,199
52,-1242007014_CO,TSS,Inflow,199
18,-1242007014_CO,TSS,Inflow,199
52,-1242007014_CO,TSS,Inflow,199
18,-1242007014_CO,TSS,Inflow,200
52,-1242007014_CO,TSS,Inflow,200
176,-1242007014_CO,TSS,Inflow,200
52,-1242007014_CO,TSS,Inflow,200
39,-1242007014_CO,TSS,Inflow,200
232,-1242007014_CO,TSS,Inflow,201
18,-1242007014_CO,TSS,Inflow,201
8,-1242007014_CO,TSS,Inflow,201
52,-1242007014_CO,TSS,Inflow,201
42,-1242007014_CO,TSS,Inflow,201
89,-1242007014_CO,TSS,Inflow,202
58,-1242007014_CO,TSS,Inflow,202
7,-1242007014_CO,TSS,Inflow,202
52,-1242007014_CO,TSS,Inflow,202
8,-1242007014_CO,TSS,Inflow,202
39,-1242007014_CO,TSS,Inflow,203
176,-1242007014_CO,TSS,Inflow,203
232,-1242007014_CO,TSS,Inflow,203
18,-1242007014_CO,TSS,Inflow,203
103,-1242007014_CO,TSS,Inflow,203
103,-1242007014_CO,TSS,Inflow,204
18,-1242007014_CO,TSS,Inflow,204
58,-1242007014_CO,TSS,Inflow,204
8,-1242007014_CO,TSS,Inflow,204
40,-1242007014_CO,TSS,Inflow,204
52,-1242007014_CO,TSS,Inflow,205
8,-1242007014_CO,TSS,Inflow,205
18,-1242007014_CO,TSS,Inflow,205
39,-1242007014_CO,TSS,Inflow,205
52,-1242007014_CO,TSS,Inflow,205
103,-1242007014_CO,TSS,Inflow,206
8,-1242007014_CO,TSS,Inflow,206
40,-1242007014_CO,TSS,Inflow,206
58,-1242007014_CO,TSS,Inflow,206
176,-1242007014_CO,TSS,Inflow,206
52,-1242007014_CO,TSS,Inflow,207
18,-1242007014_CO,TSS,Inflow,207
103,-1242007014_CO,TSS,Inflow,207
176,-1242007014_CO,TSS,Inflow,207
58,-1242007014_CO,TSS,Inflow,207
42,-1242007014_CO,TSS,Inflow,208
52,-1242007014_CO,TSS,Inflow,208
7,-1242007014_CO,TSS,Inflow,208
18,-1242007014_CO,TSS,Inflow,208
103,-1242007014_CO,TSS,Inflow,208
8,-1242007014_CO,TSS,Inflow,209
18,-1242007014_CO,TSS,Inflow,209
103,-1242007014_CO,TSS,Inflow,209
40,-1242007014_CO,TSS,Inflow,209
176,-1242007014_CO,TSS,Inflow,209
52,-1242007014_CO,TSS,Inflow,210
8,-1242007014_CO,TSS,Inflow,210
39,-1242007014_CO,TSS,Inflow,210
7,-1242007014_CO,TSS,Inflow,210
103,-1242007014_CO,TSS,Inflow,210
40,-1242007014_CO,TSS,Inflow,211
8,-1242007014_CO,TSS,Inflow,211
232,-1242007014_CO,TSS,Inflow,211
39,-1242007014_CO,TSS,Inflow,211
7,-1242007014_CO,TSS,Inflow,211
42,-1242007014_CO,TSS,Inflow,212
58,-1242007014_CO,TSS,Inflow,212
89,-1242007014_CO,TSS,Inflow,212
176,-1242007014_CO,TSS,Inflow,212
40,-1242007014_CO,TSS,Inflow,212
42,-1242007014_CO,TSS,Inflow,213
18,-1242007014_CO,TSS,Inflow,213
52,-1242007014_CO,TSS,Inflow,213
40,-1242007014_CO,TSS,Inflow,213
232,-1242007014_CO,TSS,Inflow,213
58,-1242007014_CO,TSS,Inflow,214
42,-1242007014_CO,TSS,Inflow,214
52,-1242007014_CO,TSS,Inflow,214
40,-1242007014_CO,TSS,Inflow,214
52,-1242007014_CO,TSS,Inflow,214
7,-1242007014_CO,TSS,Inflow,215
176,-1242007014_CO,TSS,Inflow,215
8,-1242007014_CO,TSS,Inflow,215
180,-1242007014_CO,TSS,Inflow,215
39,-1242007014_CO,TSS,Inflow,215
7,-1242007014_CO,TSS,Inflow,216
52,-1242007014_CO,TSS,Inflow,216
18,-1242007014_CO,TSS,Inflow,216
39,-1242007014_CO,TSS,Inflow,216
18,-1242007014_CO,TSS,Inflow,216
18,-1242007014_CO,TSS,Inflow,217
18,-1242007014_CO,TSS,Inflow,217
58,-1242007014_CO,TSS,Inflow,217
176,-1242007014_CO,TSS,Inflow,217
40,-1242007014_CO,TSS,Inflow,217
42,-1242007014_CO,TSS,Inflow,218
39,-1242007014_CO,TSS,Inflow,218
89,-1242007014_CO,TSS,Inflow,218
52,-1242007014_CO,TSS,Inflow,218
180,-1242007014_CO,TSS,Inflow,218
176,-1242007014_CO,TSS,Inflow,219
89,-1242007014_CO,TSS,Inflow,219
52,-1242007014_CO,TSS,Inflow,219
42,-1242007014_CO,TSS,Inflow,219
58,-1242007014_CO,TSS,Inflow,219
40,-1242007014_CO,TSS,Inflow,220
58,-1242007014_CO,TSS,Inflow,220
8,-1242007014_CO,TSS,Inflow,220
52,-1242007014_CO,TSS,Inflow,220
42,-1242007014_CO,TSS,Inflow,220
18,-1242007014_CO,TSS,Inflow,221
40,-1242007014_CO,TSS,Inflow,221
176,-1242007014_CO,TSS,Inflow,221
103,-1242007014_CO,TSS,Inflow,221
89,-1242007014_CO,TSS,Inflow,221
232,-1242007014_CO,TSS,Inflow,222
8,-1242007014_CO,TSS,Inflow,222
176,-1242007014_CO,TSS,Inflow,222
39,-1242007014_CO,TSS,Inflow,222
180,-1242007014_CO,TSS,Inflow,222
52,-1242007014_CO,TSS,Inflow,223
18,-1242007014_CO,TSS,Inflow,223
103,-1242007014_CO,TSS,Inflow,223
40,-1242007014_CO,TSS,Inflow,223
7,-1242007014_CO,TSS,Inflow,223
39,-1242007014_CO,TSS,Inflow,224
103,-1242007014_CO,TSS,Inflow,224
89,-1242007014_CO,TSS,Inflow,224
42,-1242007014_CO,TSS,Inflow,224
7,-1242007014_CO,TSS,Inflow,224
18,-1242007014_CO,TSS,Inflow,225
180,-1242007014_CO,TSS,Inflow,225
52,-1242007014_CO,TSS,Inflow,225
52,-1242007014_CO,TSS,Inflow,225
58,-1242007014_CO,TSS,Inflow,225
103,-1242007014_CO,TSS,Inflow,226
7,-1242007014_CO,TSS,Inflow,226
52,-1242007014_CO,TSS,Inflow,226
42,-1242007014_CO,TSS,Inflow,226
232,-1242007014_CO,TSS,Inflow,226
52,-1242007014_CO,TSS,Inflow,227
7,-1242007014_CO,TSS,Inflow,227
18,-1242007014_CO,TSS,Inflow,227
176,-1242007014_CO,TSS,Inflow,227
232,-1242007014_CO,TSS,Inflow,227
7,-1242007014_CO,TSS,Inflow,228
18,-1242007014_CO,TSS,Inflow,228
42,-1242007014_CO,TSS,Inflow,228
232,-1242007014_CO,TSS,Inflow,228
58,-1242007014_CO,TSS,Inflow,228
40,-1242007014_CO,TSS,Inflow,229
180,-1242007014_CO,TSS,Inflow,229
52,-1242007014_CO,TSS,Inflow,229
176,-1242007014_CO,TSS,Inflow,229
89,-1242007014_CO,TSS,Inflow,229
18,-1242007014_CO,TSS,Inflow,230
58,-1242007014_CO,TSS,Inflow,230
42,-1242007014_CO,TSS,Inflow,230
52,-1242007014_CO,TSS,Inflow,230
180,-1242007014_CO,TSS,Inflow,230
39,-1242007014_CO,TSS,Inflow,231
42,-1242007014_CO,TSS,Inflow,231
52,-1242007014_CO,TSS,Inflow,231
52,-1242007014_CO,TSS,Inflow,231
40,-1242007014_CO,TSS,Inflow,231
18,-1242007014_CO,TSS,Inflow,232
52,-1242007014_CO,TSS,Inflow,232
7,-1242007014_CO,TSS,Inflow,232
232,-1242007014_CO,TSS,Inflow,232
8,-1242007014_CO,TSS,Inflow,232
176,-1242007014_CO,TSS,Inflow,233
52,-1242007014_CO,TSS,Inflow,233
40,-1242007014_CO,TSS,Inflow,233
8,-1242007014_CO,TSS,Inflow,233
52,-1242007014_CO,TSS,Inflow,233
8,-1242007014_CO,TSS,Inflow,234
40,-1242007014_CO,TSS,Inflow,234
18,-1242007014_CO,TSS,Inflow,234
39,-1242007014_CO,TSS,Inflow,234
42,-1242007014_CO,TSS,Inflow,234
8,-1242007014_CO,TSS,Inflow,235
18,-1242007014_CO,TSS,Inflow,235
18,-1242007014_CO,TSS,Inflow,235
40,-1242007014_CO,TSS,Inflow,235
39,-1242007014_CO,TSS,Inflow,235
180,-1242007014_CO,TSS,Inflow,236
8,-1242007014_CO,TSS,Inflow,236
89,-1242007014_CO,TSS,Inflow,236
58,-1242007014_CO,TSS,Inflow,236
52,-1242007014_CO,TSS,Inflow,236
89,-1242007014_CO,TSS,Inflow,237
52,-1242007014_CO,TSS,Inflow,237
7,-1242007014_CO,TSS,Inflow,237
176,-1242007014_CO,TSS,Inflow,237
18,-1242007014_CO,TSS,Inflow,237
232,-1242007014_CO,TSS,Inflow,238
180,-1242007014_CO,TSS,Inflow,238
18,-1242007014_CO,TSS,Inflow,238
39,-1242007014_CO,TSS,Inflow,238
103,-1242007014_CO,TSS,Inflow,238
232,-1242007014_CO,TSS,Inflow,239
52,-1242007014_CO,TSS,Inflow,239
8,-1242007014_CO,TSS,Inflow,239
58,-1242007014_CO,TSS,Inflow,239
180,-1242007014_CO,TSS,Inflow,239
52,-1242007014_CO,TSS,Inflow,240
8,-1242007014_CO,TSS,Inflow,240
18,-1242007014_CO,TSS,Inflow,240
103,-1242007014_CO,TSS,Inflow,240
176,-1242007014_CO,TSS,Inflow,240
8,-1242007014_CO,TSS,Inflow,241
7,-1242007014_CO,TSS,Inflow,241
52,-1242007014_CO,TSS,Inflow,241
42,-1242007014_CO,TSS,Inflow,241
103,-1242007014_CO,TSS,Inflow,241
58,-1242007014_CO,TSS,Inflow,242
8,-1242007014_CO,TSS,Inflow,242
232,-1242007014_CO,TSS,Inflow,242
7,-1242007014_CO,TSS,Inflow,242
40,-1242007014_CO,TSS,Inflow,242
52,-1242007014_CO,TSS,Inflow,243
180,-1242007014_CO,TSS,Inflow,243
42,-1242007014_CO,TSS,Inflow,243
39,-1242007014_CO,TSS,Inflow,243
176,-1242007014_CO,TSS,Inflow,243
58,-1242007014_CO,TSS,Inflow,244
89,-1242007014_CO,TSS,Inflow,244
39,-1242007014_CO,TSS,Inflow,244
52,-1242007014_CO,TSS,Inflow,244
232,-1242007014_CO,TSS,Inflow,244
8,-1242007014_CO,TSS,Inflow,245
89,-1242007014_CO,TSS,Inflow,245
52,-1242007014_CO,TSS,Inflow,245
18,-1242007014_CO,TSS,Inflow,245
232,-1242007014_CO,TSS,Inflow,245
42,-1242007014_CO,TSS,Inflow,246
176,-1242007014_CO,TSS,Inflow,246
232,-1242007014_CO,TSS,Inflow,246
39,-1242007014_CO,TSS,Inflow,246
52,-1242007014_CO,TSS,Inflow,246
18,-1242007014_CO,TSS,Inflow,247
18,-1242007014_CO,TSS,Inflow,247
42,-1242007014_CO,TSS,Inflow,247
58,-1242007014_CO,TSS,Inflow,247
39,-1242007014_CO,TSS,Inflow,247
39,-1242007014_CO,TSS,Inflow,248
8,-1242007014_CO,TSS,Inflow,248
42,-1242007014_CO,TSS,Inflow,248
58,-1242007014_CO,TSS,Inflow,248
232,-1242007014_CO,TSS,Inflow,248
8,-1242007014_CO,TSS,Inflow,249
58,-1242007014_CO,TSS,Inflow,249
232,-1242007014_CO,TSS,Inflow,249
52,-1242007014_CO,TSS,Inflow,249
52,-1242007014_CO,TSS,Inflow,249
180,-1242007014_CO,TSS,Inflow,250
52,-1242007014_CO,TSS,Inflow,250
52,-1242007014_CO,TSS,Inflow,250
42,-1242007014_CO,TSS,Inflow,250
7,-1242007014_CO,TSS,Inflow,250
18,-1242007014_CO,TSS,Inflow,251
18,-1242007014_CO,TSS,Inflow,251
103,-1242007014_CO,TSS,Inflow,251
42,-1242007014_CO,TSS,Inflow,251
232,-1242007014_CO,TSS,Inflow,251
89,-1242007014_CO,TSS,Inflow,252
52,-1242007014_CO,TSS,Inflow,252
58,-1242007014_CO,TSS,Inflow,252
18,-1242007014_CO,TSS,Inflow,252
232,-1242007014_CO,TSS,Inflow,252
40,-1242007014_CO,TSS,Inflow,253
7,-1242007014_CO,TSS,Inflow,253
52,-1242007014_CO,TSS,Inflow,253
39,-1242007014_CO,TSS,Inflow,253
58,-1242007014_CO,TSS,Inflow,253
18,-1242007014_CO,TSS,Inflow,254
39,-1242007014_CO,TSS,Inflow,254
58,-1242007014_CO,TSS,Inflow,254
40,-1242007014_CO,TSS,Inflow,254
103,-1242007014_CO,TSS,Inflow,254
8,-1242007014_CO,TSS,Inflow,255
103,-1242007014_CO,TSS,Inflow,255
42,-1242007014_CO,TSS,Inflow,255
176,-1242007014_CO,TSS,Inflow,255
18,-1242007014_CO,TSS,Inflow,255
39,-1242007014_CO,TSS,Inflow,256
42,-1242007014_CO,TSS,Inflow,256
40,-1242007014_CO,TSS,Inflow,256
52,-1242007014_CO,TSS,Inflow,256
8,-1242007014_CO,TSS,Inflow,256
18,-1242007014_CO,TSS,Inflow,257
52,-1242007014_CO,TSS,Inflow,257
39,-1242007014_CO,TSS,Inflow,257
7,-1242007014_CO,TSS,Inflow,257
40,-1242007014_CO,TSS,Inflow,257
8,-1242007014_CO,TSS,Inflow,258
89,-1242007014_CO,TSS,Inflow,258
180,-1242007014_CO,TSS,Inflow,258
40,-1242007014_CO,TSS,Inflow,258
18,-1242007014_CO,TSS,Inflow,258
39,-1242007014_CO,TSS,Inflow,259
232,-1242007014_CO,TSS,Inflow,259
8,-1242007014_CO,TSS,Inflow,259
52,-1242007014_CO,TSS,Inflow,259
58,-1242007014_CO,TSS,Inflow,259
39,-1242007014_CO,TSS,Inflow,260
7,-1242007014_CO,TSS,Inflow,260
18,-1242007014_CO,TSS,Inflow,260
58,-1242007014_CO,TSS,Inflow,260
8,-1242007014_CO,TSS,Inflow,260
7,-1242007014_CO,TSS,Inflow,261
18,-1242007014_CO,TSS,Inflow,261
39,-1242007014_CO,TSS,Inflow,261
180,-1242007014_CO,TSS,Inflow,261
40,-1242007014_CO,TSS,Inflow,261
232,-1242007014_CO,TSS,Inflow,262
18,-1242007014_CO,TSS,Inflow,262
42,-1242007014_CO,TSS,Inflow,262
52,-1242007014_CO,TSS,Inflow,262
103,-1242007014_CO,TSS,Inflow,262
18,-1242007014_CO,TSS,Inflow,263
39,-1242007014_CO,TSS,Inflow,263
7,-1242007014_CO,TSS,Inflow,263
52,-1242007014_CO,TSS,Inflow,263
8,-1242007014_CO,TSS,Inflow,263
18,-1242007014_CO,TSS,Inflow,264
89,-1242007014_CO,TSS,Inflow,264
176,-1242007014_CO,TSS,Inflow,264
40,-1242007014_CO,TSS,Inflow,264
58,-1242007014_CO,TSS,Inflow,264
8,-1242007014_CO,TSS,Inflow,265
89,-1242007014_CO,TSS,Inflow,265
232,-1242007014_CO,TSS,Inflow,265
42,-1242007014_CO,TSS,Inflow,265
180,-1242007014_CO,TSS,Inflow,265
58,-1242007014_CO,TSS,Inflow,266
8,-1242007014_CO,TSS,Inflow,266
180,-1242007014_CO,TSS,Inflow,266
52,-1242007014_CO,TSS,Inflow,266
103,-1242007014_CO,TSS,Inflow,266
7,-1242007014_CO,TSS,Inflow,267
89,-1242007014_CO,TSS,Inflow,267
176,-1242007014_CO,TSS,Inflow,267
52,-1242007014_CO,TSS,Inflow,267
42,-1242007014_CO,TSS,Inflow,267
89,-1242007014_CO,TSS,Inflow,268
232,-1242007014_CO,TSS,Inflow,268
58,-1242007014_CO,TSS,Inflow,268
8,-1242007014_CO,TSS,Inflow,268
7,-1242007014_CO,TSS,Inflow,268
103,-1242007014_CO,TSS,Inflow,269
180,-1242007014_CO,TSS,Inflow,269
40,-1242007014_CO,TSS,Inflow,269
7,-1242007014_CO,TSS,Inflow,269
89,-1242007014_CO,TSS,Inflow,269
89,-1242007014_CO,TSS,Inflow,270
58,-1242007014_CO,TSS,Inflow,270
103,-1242007014_CO,TSS,Inflow,270
18,-1242007014_CO,TSS,Inflow,270
52,-1242007014_CO,TSS,Inflow,270
180,-1242007014_CO,TSS,Inflow,271
39,-1242007014_CO,TSS,Inflow,271
52,-1242007014_CO,TSS,Inflow,271
176,-1242007014_CO,TSS,Inflow,271
89,-1242007014_CO,TSS,Inflow,271
103,-1242007014_CO,TSS,Inflow,272
8,-1242007014_CO,TSS,Inflow,272
89,-1242007014_CO,TSS,Inflow,272
40,-1242007014_CO,TSS,Inflow,272
7,-1242007014_CO,TSS,Inflow,272
58,-1242007014_CO,TSS,Inflow,273
52,-1242007014_CO,TSS,Inflow,273
39,-1242007014_CO,TSS,Inflow,273
7,-1242007014_CO,TSS,Inflow,273
40,-1242007014_CO,TSS,Inflow,273
8,-1242007014_CO,TSS,Inflow,274
39,-1242007014_CO,TSS,Inflow,274
232,-1242007014_CO,TSS,Inflow,274
18,-1242007014_CO,TSS,Inflow,274
42,-1242007014_CO,TSS,Inflow,274
180,-1242007014_CO,TSS,Inflow,275
52,-1242007014_CO,TSS,Inflow,275
8,-1242007014_CO,TSS,Inflow,275
176,-1242007014_CO,TSS,Inflow,275
40,-1242007014_CO,TSS,Inflow,275
52,-1242007014_CO,TSS,Inflow,276
39,-1242007014_CO,TSS,Inflow,276
232,-1242007014_CO,TSS,Inflow,276
7,-1242007014_CO,TSS,Inflow,276
89,-1242007014_CO,TSS,Inflow,276
7,-1242007014_CO,TSS,Inflow,277
39,-1242007014_CO,TSS,Inflow,277
8,-1242007014_CO,TSS,Inflow,277
58,-1242007014_CO,TSS,Inflow,277
18,-1242007014_CO,TSS,Inflow,277
52,-1242007014_CO,TSS,Inflow,278
18,-1242007014_CO,TSS,Inflow,278
18,-1242007014_CO,TSS,Inflow,278
42,-1242007014_CO,TSS,Inflow,278
89,-1242007014_CO,TSS,Inflow,278
18,-1242007014_CO,TSS,Inflow,279
232,-1242007014_CO,TSS,Inflow,279
103,-1242007014_CO,TSS,Inflow,279
42,-1242007014_CO,TSS,Inflow,279
40,-1242007014_CO,TSS,Inflow,279
232,-1242007014_CO,TSS,Inflow,280
58,-1242007014_CO,TSS,Inflow,280
176,-1242007014_CO,TSS,Inflow,280
52,-1242007014_CO,TSS,Inflow,280
89,-1242007014_CO,TSS,Inflow,280
58,-1242007014_CO,TSS,Inflow,281
39,-1242007014_CO,TSS,Inflow,281
42,-1242007014_CO,TSS,Inflow,281
40,-1242007014_CO,TSS,Inflow,281
52,-1242007014_CO,TSS,Inflow,281
58,-1242007014_CO,TSS,Inflow,282
176,-1242007014_CO,TSS,Inflow,282
89,-1242007014_CO,TSS,Inflow,282
39,-1242007014_CO,TSS,Inflow,282
40,-1242007014_CO,TSS,Inflow,282
58,-1242007014_CO,TSS,Inflow,283
89,-1242007014_CO,TSS,Inflow,283
18,-1242007014_CO,TSS,Inflow,283
176,-1242007014_CO,TSS,Inflow,283
39,-1242007014_CO,TSS,Inflow,283
18,-1242007014_CO,TSS,Inflow,284
103,-1242007014_CO,TSS,Inflow,284
18,-1242007014_CO,TSS,Inflow,284
89,-1242007014_CO,TSS,Inflow,284
39,-1242007014_CO,TSS,Inflow,284
89,-1242007014_CO,TSS,Inflow,285
40,-1242007014_CO,TSS,Inflow,285
39,-1242007014_CO,TSS,Inflow,285
42,-1242007014_CO,TSS,Inflow,285
18,-1242007014_CO,TSS,Inflow,285
7,-1242007014_CO,TSS,Inflow,286
39,-1242007014_CO,TSS,Inflow,286
8,-1242007014_CO,TSS,Inflow,286
232,-1242007014_CO,TSS,Inflow,286
180,-1242007014_CO,TSS,Inflow,286
89,-1242007014_CO,TSS,Inflow,287
42,-1242007014_CO,TSS,Inflow,287
18,-1242007014_CO,TSS,Inflow,287
176,-1242007014_CO,TSS,Inflow,287
180,-1242007014_CO,TSS,Inflow,287
18,-1242007014_CO,TSS,Inflow,288
42,-1242007014_CO,TSS,Inflow,288
40,-1242007014_CO,TSS,Inflow,288
176,-1242007014_CO,TSS,Inflow,288
58,-1242007014_CO,TSS,Inflow,288
232,-1242007014_CO,TSS,Inflow,289
180,-1242007014_CO,TSS,Inflow,289
103,-1242007014_CO,TSS,Inflow,289
40,-1242007014_CO,TSS,Inflow,289
18,-1242007014_CO,TSS,Inflow,289
7,-1242007014_CO,TSS,Inflow,290
8,-1242007014_CO,TSS,Inflow,290
58,-1242007014_CO,TSS,Inflow,290
18,-1242007014_CO,TSS,Inflow,290
103,-1242007014_CO,TSS,Inflow,290
89,-1242007014_CO,TSS,Inflow,291
232,-1242007014_CO,TSS,Inflow,291
42,-1242007014_CO,TSS,Inflow,291
103,-1242007014_CO,TSS,Inflow,291
8,-1242007014_CO,TSS,Inflow,291
176,-1242007014_CO,TSS,Inflow,292
18,-1242007014_CO,TSS,Inflow,292
7,-1242007014_CO,TSS,Inflow,292
180,-1242007014_CO,TSS,Inflow,292
52,-1242007014_CO,TSS,Inflow,292
103,-1242007014_CO,TSS,Inflow,293
89,-1242007014_CO,TSS,Inflow,293
52,-1242007014_CO,TSS,Inflow,293
52,-1242007014_CO,TSS,Inflow,293
180,-1242007014_CO,TSS,Inflow,293
39,-1242007014_CO,TSS,Inflow,294
52,-1242007014_CO,TSS,Inflow,294
18,-1242007014_CO,TSS,Inflow,294
103,-1242007014_CO,TSS,Inflow,294
40,-1242007014_CO,TSS,Inflow,294
40,-1242007014_CO,TSS,Inflow,295
18,-1242007014_CO,TSS,Inflow,295
52,-1242007014_CO,TSS,Inflow,295
8,-1242007014_CO,TSS,Inflow,295
18,-1242007014_CO,TSS,Inflow,295
52,-1242007014_CO,TSS,Inflow,296
18,-1242007014_CO,TSS,Inflow,296
180,-1242007014_CO,TSS,Inflow,296
232,-1242007014_CO,TSS,Inflow,296
103,-1242007014_CO,TSS,Inflow,296
58,-1242007014_CO,TSS,Inflow,297
52,-1242007014_CO,TSS,Inflow,297
176,-1242007014_CO,TSS,Inflow,297
40,-1242007014_CO,TSS,Inflow,297
103,-1242007014_CO,TSS,Inflow,297
58,-1242007014_CO,TSS,Inflow,298
176,-1242007014_CO,TSS,Inflow,298
18,-1242007014_CO,TSS,Inflow,298
52,-1242007014_CO,TSS,Inflow,298
39,-1242007014_CO,TSS,Inflow,298
40,-1242007014_CO,TSS,Inflow,299
18,-1242007014_CO,TSS,Inflow,299
180,-1242007014_CO,TSS,Inflow,299
8,-1242007014_CO,TSS,Inflow,299
58,-1242007014_CO,TSS,Inflow,299
89,-1242007014_CO,TSS,Inflow,300
232,-1242007014_CO,TSS,Inflow,300
7,-1242007014_CO,TSS,Inflow,300
52,-1242007014_CO,TSS,Inflow,300
18,-1242007014_CO,TSS,Inflow,300
103,-1242007014_CO,TSS,Inflow,301
40,-1242007014_CO,TSS,Inflow,301
39,-1242007014_CO,TSS,Inflow,301
42,-1242007014_CO,TSS,Inflow,301
18,-1242007014_CO,TSS,Inflow,301
8,-1242007014_CO,TSS,Inflow,302
52,-1242007014_CO,TSS,Inflow,302
40,-1242007014_CO,TSS,Inflow,302
52,-1242007014_CO,TSS,Inflow,302
103,-1242007014_CO,TSS,Inflow,302
7,-1242007014_CO,TSS,Inflow,303
232,-1242007014_CO,TSS,Inflow,303
8,-1242007014_CO,TSS,Inflow,303
52,-1242007014_CO,TSS,Inflow,303
39,-1242007014_CO,TSS,Inflow,303
52,-1242007014_CO,TSS,Inflow,304
8,-1242007014_CO,TSS,Inflow,304
176,-1242007014_CO,TSS,Inflow,304
89,-1242007014_CO,TSS,Inflow,304
18,-1242007014_CO,TSS,Inflow,304
58,-1242007014_CO,TSS,Inflow,305
103,-1242007014_CO,TSS,Inflow,305
52,-1242007014_CO,TSS,Inflow,305
18,-1242007014_CO,TSS,Inflow,305
176,-1242007014_CO,TSS,Inflow,305
7,-1242007014_CO,TSS,Inflow,306
52,-1242007014_CO,TSS,Inflow,306
8,-1242007014_CO,TSS,Inflow,306
176,-1242007014_CO,TSS,Inflow,306
103,-1242007014_CO,TSS,Inflow,306
89,-1242007014_CO,TSS,Inflow,307
103,-1242007014_CO,TSS,Inflow,307
8,-1242007014_CO,TSS,Inflow,307
232,-1242007014_CO,TSS,Inflow,307
7,-1242007014_CO,TSS,Inflow,307
176,-1242007014_CO,TSS,Inflow,308
103,-1242007014_CO,TSS,Inflow,308
89,-1242007014_CO,TSS,Inflow,308
232,-1242007014_CO,TSS,Inflow,308
42,-1242007014_CO,TSS,Inflow,308
18,-1242007014_CO,TSS,Inflow,309
52,-1242007014_CO,TSS,Inflow,309
42,-1242007014_CO,TSS,Inflow,309
58,-1242007014_CO,TSS,Inflow,309
52,-1242007014_CO,TSS,Inflow,309
18,-1242007014_CO,TSS,Inflow,310
7,-1242007014_CO,TSS,Inflow,310
180,-1242007014_CO,TSS,Inflow,310
42,-1242007014_CO,TSS,Inflow,310
89,-1242007014_CO,TSS,Inflow,310
42,-1242007014_CO,TSS,Inflow,311
40,-1242007014_CO,TSS,Inflow,311
176,-1242007014_CO,TSS,Inflow,311
39,-1242007014_CO,TSS,Inflow,311
103,-1242007014_CO,TSS,Inflow,311
232,-1242007014_CO,TSS,Inflow,312
39,-1242007014_CO,TSS,Inflow,312
52,-1242007014_CO,TSS,Inflow,312
8,-1242007014_CO,TSS,Inflow,312
18,-1242007014_CO,TSS,Inflow,312
8,-1242007014_CO,TSS,Inflow,313
232,-1242007014_CO,TSS,Inflow,313
42,-1242007014_CO,TSS,Inflow,313
39,-1242007014_CO,TSS,Inflow,313
18,-1242007014_CO,TSS,Inflow,313
8,-1242007014_CO,TSS,Inflow,314
40,-1242007014_CO,TSS,Inflow,314
18,-1242007014_CO,TSS,Inflow,314
52,-1242007014_CO,TSS,Inflow,314
232,-1242007014_CO,TSS,Inflow,314
58,-1242007014_CO,TSS,Inflow,315
7,-1242007014_CO,TSS,Inflow,315
176,-1242007014_CO,TSS,Inflow,315
232,-1242007014_CO,TSS,Inflow,315
39,-1242007014_CO,TSS,Inflow,315
52,-1242007014_CO,TSS,Inflow,316
103,-1242007014_CO,TSS,Inflow,316
8,-1242007014_CO,TSS,Inflow,316
39,-1242007014_CO,TSS,Inflow,316
58,-1242007014_CO,TSS,Inflow,316
103,-1242007014_CO,TSS,Inflow,317
18,-1242007014_CO,TSS,Inflow,317
176,-1242007014_CO,TSS,Inflow,317
180,-1242007014_CO,TSS,Inflow,317
52,-1242007014_CO,TSS,Inflow,317
180,-1242007014_CO,TSS,Inflow,318
18,-1242007014_CO,TSS,Inflow,318
232,-1242007014_CO,TSS,Inflow,318
52,-1242007014_CO,TSS,Inflow,318
89,-1242007014_CO,TSS,Inflow,318
42,-1242007014_CO,TSS,Inflow,319
18,-1242007014_CO,TSS,Inflow,319
18,-1242007014_CO,TSS,Inflow,319
52,-1242007014_CO,TSS,Inflow,319
232,-1242007014_CO,TSS,Inflow,319
42,-1242007014_CO,TSS,Inflow,320
8,-1242007014_CO,TSS,Inflow,320
7,-1242007014_CO,TSS,Inflow,320
103,-1242007014_CO,TSS,Inflow,320
52,-1242007014_CO,TSS,Inflow,320
52,-1242007014_CO,TSS,Inflow,321
39,-1242007014_CO,TSS,Inflow,321
180,-1242007014_CO,TSS,Inflow,321
176,-1242007014_CO,TSS,Inflow,321
58,-1242007014_CO,TSS,Inflow,321
39,-1242007014_CO,TSS,Inflow,322
103,-1242007014_CO,TSS,Inflow,322
232,-1242007014_CO,TSS,Inflow,322
52,-1242007014_CO,TSS,Inflow,322
40,-1242007014_CO,TSS,Inflow,322
7,-1242007014_CO,TSS,Inflow,323
40,-1242007014_CO,TSS,Inflow,323
176,-1242007014_CO,TSS,Inflow,323
58,-1242007014_CO,TSS,Inflow,323
18,-1242007014_CO,TSS,Inflow,323
18,-1242007014_CO,TSS,Inflow,324
58,-1242007014_CO,TSS,Inflow,324
18,-1242007014_CO,TSS,Inflow,324
8,-1242007014_CO,TSS,Inflow,324
180,-1242007014_CO,TSS,Inflow,324
18,-1242007014_CO,TSS,Inflow,325
18,-1242007014_CO,TSS,Inflow,325
40,-1242007014_CO,TSS,Inflow,325
176,-1242007014_CO,TSS,Inflow,325
7,-1242007014_CO,TSS,Inflow,325
103,-1242007014_CO,TSS,Inflow,326
8,-1242007014_CO,TSS,Inflow,326
7,-1242007014_CO,TSS,Inflow,326
42,-1242007014_CO,TSS,Inflow,326
39,-1242007014_CO,TSS,Inflow,326
7,-1242007014_CO,TSS,Inflow,327
180,-1242007014_CO,TSS,Inflow,327
103,-1242007014_CO,TSS,Inflow,327
176,-1242007014_CO,TSS,Inflow,327
42,-1242007014_CO,TSS,Inflow,327
58,-1242007014_CO,TSS,Inflow,328
39,-1242007014_CO,TSS,Inflow,328
180,-1242007014_CO,TSS,Inflow,328
42,-1242007014_CO,TSS,Inflow,328
103,-1242007014_CO,TSS,Inflow,328
42,-1242007014_CO,TSS,Inflow,329
39,-1242007014_CO,TSS,Inflow,329
89,-1242007014_CO,TSS,Inflow,329
52,-1242007014_CO,TSS,Inflow,329
7,-1242007014_CO,TSS,Inflow,329
7,-1242007014_CO,TSS,Inflow,330
180,-1242007014_CO,TSS,Inflow,330
232,-1242007014_CO,TSS,Inflow,330
39,-1242007014_CO,TSS,Inflow,330
18,-1242007014_CO,TSS,Inflow,330
39,-1242007014_CO,TSS,Inflow,331
58,-1242007014_CO,TSS,Inflow,331
176,-1242007014_CO,TSS,Inflow,331
103,-1242007014_CO,TSS,Inflow,331
52,-1242007014_CO,TSS,Inflow,331
7,-1242007014_CO,TSS,Inflow,332
39,-1242007014_CO,TSS,Inflow,332
52,-1242007014_CO,TSS,Inflow,332
18,-1242007014_CO,TSS,Inflow,332
8,-1242007014_CO,TSS,Inflow,332
18,-1242007014_CO,TSS,Inflow,333
180,-1242007014_CO,TSS,Inflow,333
103,-1242007014_CO,TSS,Inflow,333
176,-1242007014_CO,TSS,Inflow,333
89,-1242007014_CO,TSS,Inflow,333
89,-1242007014_CO,TSS,Inflow,334
58,-1242007014_CO,TSS,Inflow,334
18,-1242007014_CO,TSS,Inflow,334
42,-1242007014_CO,TSS,Inflow,334
39,-1242007014_CO,TSS,Inflow,334
58,-1242007014_CO,TSS,Inflow,335
7,-1242007014_CO,TSS,Inflow,335
18,-1242007014_CO,TSS,Inflow,335
52,-1242007014_CO,TSS,Inflow,335
39,-1242007014_CO,TSS,Inflow,335
39,-1242007014_CO,TSS,Inflow,336
52,-1242007014_CO,TSS,Inflow,336
8,-1242007014_CO,TSS,Inflow,336
176,-1242007014_CO,TSS,Inflow,336
58,-1242007014_CO,TSS,Inflow,336
103,-1242007014_CO,TSS,Inflow,337
8,-1242007014_CO,TSS,Inflow,337
180,-1242007014_CO,TSS,Inflow,337
40,-1242007014_CO,TSS,Inflow,337
7,-1242007014_CO,TSS,Inflow,337
52,-1242007014_CO,TSS,Inflow,338
18,-1242007014_CO,TSS,Inflow,338
8,-1242007014_CO,TSS,Inflow,338
7,-1242007014_CO,TSS,Inflow,338
40,-1242007014_CO,TSS,Inflow,338
18,-1242007014_CO,TSS,Inflow,339
40,-1242007014_CO,TSS,Inflow,339
42,-1242007014_CO,TSS,Inflow,339
176,-1242007014_CO,TSS,Inflow,339
103,-1242007014_CO,TSS,Inflow,339
39,-1242007014_CO,TSS,Inflow,340
7,-1242007014_CO,TSS,Inflow,340
8,-1242007014_CO,TSS,Inflow,340
232,-1242007014_CO,TSS,Inflow,340
180,-1242007014_CO,TSS,Inflow,340
58,-1242007014_CO,TSS,Inflow,341
39,-1242007014_CO,TSS,Inflow,341
180,-1242007014_CO,TSS,Inflow,341
103,-1242007014_CO,TSS,Inflow,341
18,-1242007014_CO,TSS,Inflow,341
176,-1242007014_CO,TSS,Inflow,342
232,-1242007014_CO,TSS,Inflow,342
40,-1242007014_CO,TSS,Inflow,342
8,-1242007014_CO,TSS,Inflow,342
58,-1242007014_CO,TSS,Inflow,342
180,-1242007014_CO,TSS,Inflow,343
52,-1242007014_CO,TSS,Inflow,343
40,-1242007014_CO,TSS,Inflow,343
58,-1242007014_CO,TSS,Inflow,343
39,-1242007014_CO,TSS,Inflow,343
58,-1242007014_CO,TSS,Inflow,344
52,-1242007014_CO,TSS,Inflow,344
232,-1242007014_CO,TSS,Inflow,344
103,-1242007014_CO,TSS,Inflow,344
8,-1242007014_CO,TSS,Inflow,344
7,-1242007014_CO,TSS,Inflow,345
8,-1242007014_CO,TSS,Inflow,345
103,-1242007014_CO,TSS,Inflow,345
52,-1242007014_CO,TSS,Inflow,345
232,-1242007014_CO,TSS,Inflow,345
103,-1242007014_CO,TSS,Inflow,346
58,-1242007014_CO,TSS,Inflow,346
40,-1242007014_CO,TSS,Inflow,346
232,-1242007014_CO,TSS,Inflow,346
89,-1242007014_CO,TSS,Inflow,346
52,-1242007014_CO,TSS,Inflow,347
7,-1242007014_CO,TSS,Inflow,347
8,-1242007014_CO,TSS,Inflow,347
103,-1242007014_CO,TSS,Inflow,347
180,-1242007014_CO,TSS,Inflow,347
180,-1242007014_CO,TSS,Inflow,348
176,-1242007014_CO,TSS,Inflow,348
18,-1242007014_CO,TSS,Inflow,348
232,-1242007014_CO,TSS,Inflow,348
39,-1242007014_CO,TSS,Inflow,348
40,-1242007014_CO,TSS,Inflow,349
7,-1242007014_CO,TSS,Inflow,349
39,-1242007014_CO,TSS,Inflow,349
52,-1242007014_CO,TSS,Inflow,349
232,-1242007014_CO,TSS,Inflow,349
52,-1242007014_CO,TSS,Inflow,350
103,-1242007014_CO,TSS,Inflow,350
39,-1242007014_CO,TSS,Inflow,350
18,-1242007014_CO,TSS,Inflow,350
232,-1242007014_CO,TSS,Inflow,350
40,-1242007014_CO,TSS,Inflow,351
180,-1242007014_CO,TSS,Inflow,351
18,-1242007014_CO,TSS,Inflow,351
42,-1242007014_CO,TSS,Inflow,351
176,-1242007014_CO,TSS,Inflow,351
58,-1242007014_CO,TSS,Inflow,352
39,-1242007014_CO,TSS,Inflow,352
40,-1242007014_CO,TSS,Inflow,352
52,-1242007014_CO,TSS,Inflow,352
18,-1242007014_CO,TSS,Inflow,352
232,-1242007014_CO,TSS,Inflow,353
8,-1242007014_CO,TSS,Inflow,353
18,-1242007014_CO,TSS,Inflow,353
58,-1242007014_CO,TSS,Inflow,353
42,-1242007014_CO,TSS,Inflow,353
39,-1242007014_CO,TSS,Inflow,354
42,-1242007014_CO,TSS,Inflow,354
7,-1242007014_CO,TSS,Inflow,354
176,-1242007014_CO,TSS,Inflow,354
232,-1242007014_CO,TSS,Inflow,354
58,-1242007014_CO,TSS,Inflow,355
180,-1242007014_CO,TSS,Inflow,355
52,-1242007014_CO,TSS,Inflow,355
52,-1242007014_CO,TSS,Inflow,355
103,-1242007014_CO,TSS,Inflow,355
52,-1242007014_CO,TSS,Inflow,356
18,-1242007014_CO,TSS,Inflow,356
103,-1242007014_CO,TSS,Inflow,356
180,-1242007014_CO,TSS,Inflow,356
7,-1242007014_CO,TSS,Inflow,356
103,-1242007014_CO,TSS,Inflow,357
232,-1242007014_CO,TSS,Inflow,357
180,-1242007014_CO,TSS,Inflow,357
176,-1242007014_CO,TSS,Inflow,357
8,-1242007014_CO,TSS,Inflow,357
8,-1242007014_CO,TSS,Inflow,358
103,-1242007014_CO,TSS,Inflow,358
52,-1242007014_CO,TSS,Inflow,358
89,-1242007014_CO,TSS,Inflow,358
42,-1242007014_CO,TSS,Inflow,358
52,-1242007014_CO,TSS,Inflow,359
58,-1242007014_CO,TSS,Inflow,359
18,-1242007014_CO,TSS,Inflow,359
7,-1242007014_CO,TSS,Inflow,359
42,-1242007014_CO,TSS,Inflow,359
89,-1242007014_CO,TSS,Inflow,360
180,-1242007014_CO,TSS,Inflow,360
8,-1242007014_CO,TSS,Inflow,360
58,-1242007014_CO,TSS,Inflow,360
18,-1242007014_CO,TSS,Inflow,360
103,-1242007014_CO,TSS,Inflow,361
18,-1242007014_CO,TSS,Inflow,361
18,-1242007014_CO,TSS,Inflow,361
232,-1242007014_CO,TSS,Inflow,361
8,-1242007014_CO,TSS,Inflow,361
7,-1242007014_CO,TSS,Inflow,362
103,-1242007014_CO,TSS,Inflow,362
180,-1242007014_CO,TSS,Inflow,362
18,-1242007014_CO,TSS,Inflow,362
52,-1242007014_CO,TSS,Inflow,362
103,-1242007014_CO,TSS,Inflow,363
7,-1242007014_CO,TSS,Inflow,363
42,-1242007014_CO,TSS,Inflow,363
89,-1242007014_CO,TSS,Inflow,363
18,-1242007014_CO,TSS,Inflow,363
42,-1242007014_CO,TSS,Inflow,364
52,-1242007014_CO,TSS,Inflow,364
103,-1242007014_CO,TSS,Inflow,364
52,-1242007014_CO,TSS,Inflow,364
8,-1242007014_CO,TSS,Inflow,364
7,-1242007014_CO,TSS,Inflow,365
18,-1242007014_CO,TSS,Inflow,365
18,-1242007014_CO,TSS,Inflow,365
52,-1242007014_CO,TSS,Inflow,365
8,-1242007014_CO,TSS,Inflow,365
89,-1242007014_CO,TSS,Inflow,366
8,-1242007014_CO,TSS,Inflow,366
180,-1242007014_CO,TSS,Inflow,366
18,-1242007014_CO,TSS,Inflow,366
18,-1242007014_CO,TSS,Inflow,366
176,-1242007014_CO,TSS,Inflow,367
18,-1242007014_CO,TSS,Inflow,367
180,-1242007014_CO,TSS,Inflow,367
58,-1242007014_CO,TSS,Inflow,367
52,-1242007014_CO,TSS,Inflow,367
40,-1242007014_CO,TSS,Inflow,368
52,-1242007014_CO,TSS,Inflow,368
180,-1242007014_CO,TSS,Inflow,368
39,-1242007014_CO,TSS,Inflow,368
7,-1242007014_CO,TSS,Inflow,368
89,-1242007014_CO,TSS,Inflow,369
58,-1242007014_CO,TSS,Inflow,369
103,-1242007014_CO,TSS,Inflow,369
232,-1242007014_CO,TSS,Inflow,369
180,-1242007014_CO,TSS,Inflow,369
18,-1242007014_CO,TSS,Inflow,370
18,-1242007014_CO,TSS,Inflow,370
89,-1242007014_CO,TSS,Inflow,370
180,-1242007014_CO,TSS,Inflow,370
39,-1242007014_CO,TSS,Inflow,370
18,-1242007014_CO,TSS,Inflow,371
8,-1242007014_CO,TSS,Inflow,371
52,-1242007014_CO,TSS,Inflow,371
42,-1242007014_CO,TSS,Inflow,371
18,-1242007014_CO,TSS,Inflow,371
7,-1242007014_CO,TSS,Inflow,372
18,-1242007014_CO,TSS,Inflow,372
52,-1242007014_CO,TSS,Inflow,372
103,-1242007014_CO,TSS,Inflow,372
176,-1242007014_CO,TSS,Inflow,372
52,-1242007014_CO,TSS,Inflow,373
18,-1242007014_CO,TSS,Inflow,373
176,-1242007014_CO,TSS,Inflow,373
39,-1242007014_CO,TSS,Inflow,373
52,-1242007014_CO,TSS,Inflow,373
7,-1242007014_CO,TSS,Inflow,374
176,-1242007014_CO,TSS,Inflow,374
52,-1242007014_CO,TSS,Inflow,374
89,-1242007014_CO,TSS,Inflow,374
8,-1242007014_CO,TSS,Inflow,374
40,-1242007014_CO,TSS,Inflow,375
18,-1242007014_CO,TSS,Inflow,375
103,-1242007014_CO,TSS,Inflow,375
52,-1242007014_CO,TSS,Inflow,375
8,-1242007014_CO,TSS,Inflow,375
8,-1242007014_CO,TSS,Inflow,376
39,-1242007014_CO,TSS,Inflow,376
89,-1242007014_CO,TSS,Inflow,376
176,-1242007014_CO,TSS,Inflow,376
18,-1242007014_CO,TSS,Inflow,376
176,-1242007014_CO,TSS,Inflow,377
52,-1242007014_CO,TSS,Inflow,377
52,-1242007014_CO,TSS,Inflow,377
58,-1242007014_CO,TSS,Inflow,377
18,-1242007014_CO,TSS,Inflow,377
8,-1242007014_CO,TSS,Inflow,378
103,-1242007014_CO,TSS,Inflow,378
7,-1242007014_CO,TSS,Inflow,378
18,-1242007014_CO,TSS,Inflow,378
89,-1242007014_CO,TSS,Inflow,378
18,-1242007014_CO,TSS,Inflow,379
180,-1242007014_CO,TSS,Inflow,379
8,-1242007014_CO,TSS,Inflow,379
52,-1242007014_CO,TSS,Inflow,379
40,-1242007014_CO,TSS,Inflow,379
232,-1242007014_CO,TSS,Inflow,380
180,-1242007014_CO,TSS,Inflow,380
7,-1242007014_CO,TSS,Inflow,380
42,-1242007014_CO,TSS,Inflow,380
18,-1242007014_CO,TSS,Inflow,380
52,-1242007014_CO,TSS,Inflow,381
176,-1242007014_CO,TSS,Inflow,381
58,-1242007014_CO,TSS,Inflow,381
232,-1242007014_CO,TSS,Inflow,381
89,-1242007014_CO,TSS,Inflow,381
232,-1242007014_CO,TSS,Inflow,382
176,-1242007014_CO,TSS,Inflow,382
52,-1242007014_CO,TSS,Inflow,382
18,-1242007014_CO,TSS,Inflow,382
18,-1242007014_CO,TSS,Inflow,382
18,-1242007014_CO,TSS,Inflow,383
103,-1242007014_CO,TSS,Inflow,383
180,-1242007014_CO,TSS,Inflow,383
8,-1242007014_CO,TSS,Inflow,383
52,-1242007014_CO,TSS,Inflow,383
232,-1242007014_CO,TSS,Inflow,384
176,-1242007014_CO,TSS,Inflow,384
7,-1242007014_CO,TSS,Inflow,384
8,-1242007014_CO,TSS,Inflow,384
180,-1242007014_CO,TSS,Inflow,384
18,-1242007014_CO,TSS,Inflow,385
52,-1242007014_CO,TSS,Inflow,385
232,-1242007014_CO,TSS,Inflow,385
8,-1242007014_CO,TSS,Inflow,385
176,-1242007014_CO,TSS,Inflow,385
18,-1242007014_CO,TSS,Inflow,386
52,-1242007014_CO,TSS,Inflow,386
89,-1242007014_CO,TSS,Inflow,386
18,-1242007014_CO,TSS,Inflow,386
176,-1242007014_CO,TSS,Inflow,386
8,-1242007014_CO,TSS,Inflow,387
18,-1242007014_CO,TSS,Inflow,387
180,-1242007014_CO,TSS,Inflow,387
7,-1242007014_CO,TSS,Inflow,387
52,-1242007014_CO,TSS,Inflow,387
18,-1242007014_CO,TSS,Inflow,388
8,-1242007014_CO,TSS,Inflow,388
103,-1242007014_CO,TSS,Inflow,388
40,-1242007014_CO,TSS,Inflow,388
39,-1242007014_CO,TSS,Inflow,388
8,-1242007014_CO,TSS,Inflow,389
52,-1242007014_CO,TSS,Inflow,389
52,-1242007014_CO,TSS,Inflow,389
58,-1242007014_CO,TSS,Inflow,389
89,-1242007014_CO,TSS,Inflow,389
40,-1242007014_CO,TSS,Inflow,390
176,-1242007014_CO,TSS,Inflow,390
8,-1242007014_CO,TSS,Inflow,390
89,-1242007014_CO,TSS,Inflow,390
103,-1242007014_CO,TSS,Inflow,390
39,-1242007014_CO,TSS,Inflow,391
176,-1242007014_CO,TSS,Inflow,391
18,-1242007014_CO,TSS,Inflow,391
52,-1242007014_CO,TSS,Inflow,391
40,-1242007014_CO,TSS,Inflow,391
180,-1242007014_CO,TSS,Inflow,392
40,-1242007014_CO,TSS,Inflow,392
52,-1242007014_CO,TSS,Inflow,392
7,-1242007014_CO,TSS,Inflow,392
18,-1242007014_CO,TSS,Inflow,392
180,-1242007014_CO,TSS,Inflow,393
103,-1242007014_CO,TSS,Inflow,393
58,-1242007014_CO,TSS,Inflow,393
52,-1242007014_CO,TSS,Inflow,393
39,-1242007014_CO,TSS,Inflow,393
52,-1242007014_CO,TSS,Inflow,394
103,-1242007014_CO,TSS,Inflow,394
180,-1242007014_CO,TSS,Inflow,394
89,-1242007014_CO,TSS,Inflow,394
39,-1242007014_CO,TSS,Inflow,394
103,-1242007014_CO,TSS,Inflow,395
42,-1242007014_CO,TSS,Inflow,395
52,-1242007014_CO,TSS,Inflow,395
8,-1242007014_CO,TSS,Inflow,395
89,-1242007014_CO,TSS,Inflow,395
42,-1242007014_CO,TSS,Inflow,396
103,-1242007014_CO,TSS,Inflow,396
180,-1242007014_CO,TSS,Inflow,396
58,-1242007014_CO,TSS,Inflow,396
176,-1242007014_CO,TSS,Inflow,396
42,-1242007014_CO,TSS,Inflow,397
7,-1242007014_CO,TSS,Inflow,397
52,-1242007014_CO,TSS,Inflow,397
18,-1242007014_CO,TSS,Inflow,397
176,-1242007014_CO,TSS,Inflow,397
232,-1242007014_CO,TSS,Inflow,398
176,-1242007014_CO,TSS,Inflow,398
7,-1242007014_CO,TSS,Inflow,398
52,-1242007014_CO,TSS,Inflow,398
18,-1242007014_CO,TSS,Inflow,398
52,-1242007014_CO,TSS,Inflow,399
42,-1242007014_CO,TSS,Inflow,399
89,-1242007014_CO,TSS,Inflow,399
176,-1242007014_CO,TSS,Inflow,399
7,-1242007014_CO,TSS,Inflow,399
39,-1242007014_CO,TSS,Inflow,400
103,-1242007014_CO,TSS,Inflow,400
8,-1242007014_CO,TSS,Inflow,400
18,-1242007014_CO,TSS,Inflow,400
232,-1242007014_CO,TSS,Inflow,400
180,-1242007014_CO,TSS,Inflow,401
52,-1242007014_CO,TSS,Inflow,401
40,-1242007014_CO,TSS,Inflow,401
232,-1242007014_CO,TSS,Inflow,401
89,-1242007014_CO,TSS,Inflow,401
8,-1242007014_CO,TSS,Inflow,402
176,-1242007014_CO,TSS,Inflow,402
89,-1242007014_CO,TSS,Inflow,402
52,-1242007014_CO,TSS,Inflow,402
18,-1242007014_CO,TSS,Inflow,402
52,-1242007014_CO,TSS,Inflow,403
176,-1242007014_CO,TSS,Inflow,403
232,-1242007014_CO,TSS,Inflow,403
52,-1242007014_CO,TSS,Inflow,403
39,-1242007014_CO,TSS,Inflow,403
52,-1242007014_CO,TSS,Inflow,404
8,-1242007014_CO,TSS,Inflow,404
232,-1242007014_CO,TSS,Inflow,404
89,-1242007014_CO,TSS,Inflow,404
18,-1242007014_CO,TSS,Inflow,404
18,-1242007014_CO,TSS,Inflow,405
176,-1242007014_CO,TSS,Inflow,405
89,-1242007014_CO,TSS,Inflow,405
232,-1242007014_CO,TSS,Inflow,405
7,-1242007014_CO,TSS,Inflow,405
89,-1242007014_CO,TSS,Inflow,406
42,-1242007014_CO,TSS,Inflow,406
40,-1242007014_CO,TSS,Inflow,406
52,-1242007014_CO,TSS,Inflow,406
39,-1242007014_CO,TSS,Inflow,406
180,-1242007014_CO,TSS,Inflow,407
89,-1242007014_CO,TSS,Inflow,407
18,-1242007014_CO,TSS,Inflow,407
52,-1242007014_CO,TSS,Inflow,407
40,-1242007014_CO,TSS,Inflow,407
52,-1242007014_CO,TSS,Inflow,408
52,-1242007014_CO,TSS,Inflow,408
42,-1242007014_CO,TSS,Inflow,408
180,-1242007014_CO,TSS,Inflow,408
7,-1242007014_CO,TSS,Inflow,408
103,-1242007014_CO,TSS,Inflow,409
18,-1242007014_CO,TSS,Inflow,409
52,-1242007014_CO,TSS,Inflow,409
176,-1242007014_CO,TSS,Inflow,409
180,-1242007014_CO,TSS,Inflow,409
176,-1242007014_CO,TSS,Inflow,410
8,-1242007014_CO,TSS,Inflow,410
89,-1242007014_CO,TSS,Inflow,410
39,-1242007014_CO,TSS,Inflow,410
52,-1242007014_CO,TSS,Inflow,410
180,-1242007014_CO,TSS,Inflow,411
18,-1242007014_CO,TSS,Inflow,411
42,-1242007014_CO,TSS,Inflow,411
89,-1242007014_CO,TSS,Inflow,411
103,-1242007014_CO,TSS,Inflow,411
52,-1242007014_CO,TSS,Inflow,412
89,-1242007014_CO,TSS,Inflow,412
176,-1242007014_CO,TSS,Inflow,412
18,-1242007014_CO,TSS,Inflow,412
39,-1242007014_CO,TSS,Inflow,412
232,-1242007014_CO,TSS,Inflow,413
52,-1242007014_CO,TSS,Inflow,413
58,-1242007014_CO,TSS,Inflow,413
8,-1242007014_CO,TSS,Inflow,413
180,-1242007014_CO,TSS,Inflow,413
232,-1242007014_CO,TSS,Inflow,414
18,-1242007014_CO,TSS,Inflow,414
39,-1242007014_CO,TSS,Inflow,414
52,-1242007014_CO,TSS,Inflow,414
176,-1242007014_CO,TSS,Inflow,414
39,-1242007014_CO,TSS,Inflow,415
232,-1242007014_CO,TSS,Inflow,415
42,-1242007014_CO,TSS,Inflow,415
58,-1242007014_CO,TSS,Inflow,415
103,-1242007014_CO,TSS,Inflow,415
39,-1242007014_CO,TSS,Inflow,416
7,-1242007014_CO,TSS,Inflow,416
18,-1242007014_CO,TSS,Inflow,416
8,-1242007014_CO,TSS,Inflow,416
176,-1242007014_CO,TSS,Inflow,416
8,-1242007014_CO,TSS,Inflow,417
42,-1242007014_CO,TSS,Inflow,417
52,-1242007014_CO,TSS,Inflow,417
39,-1242007014_CO,TSS,Inflow,417
176,-1242007014_CO,TSS,Inflow,417
232,-1242007014_CO,TSS,Inflow,418
18,-1242007014_CO,TSS,Inflow,418
39,-1242007014_CO,TSS,Inflow,418
180,-1242007014_CO,TSS,Inflow,418
42,-1242007014_CO,TSS,Inflow,418
103,-1242007014_CO,TSS,Inflow,419
52,-1242007014_CO,TSS,Inflow,419
18,-1242007014_CO,TSS,Inflow,419
18,-1242007014_CO,TSS,Inflow,419
52,-1242007014_CO,TSS,Inflow,419
89,-1242007014_CO,TSS,Inflow,420
18,-1242007014_CO,TSS,Inflow,420
52,-1242007014_CO,TSS,Inflow,420
232,-1242007014_CO,TSS,Inflow,420
8,-1242007014_CO,TSS,Inflow,420
40,-1242007014_CO,TSS,Inflow,421
42,-1242007014_CO,TSS,Inflow,421
52,-1242007014_CO,TSS,Inflow,421
176,-1242007014_CO,TSS,Inflow,421
8,-1242007014_CO,TSS,Inflow,421
7,-1242007014_CO,TSS,Inflow,422
40,-1242007014_CO,TSS,Inflow,422
232,-1242007014_CO,TSS,Inflow,422
8,-1242007014_CO,TSS,Inflow,422
42,-1242007014_CO,TSS,Inflow,422
52,-1242007014_CO,TSS,Inflow,423
103,-1242007014_CO,TSS,Inflow,423
176,-1242007014_CO,TSS,Inflow,423
180,-1242007014_CO,TSS,Inflow,423
40,-1242007014_CO,TSS,Inflow,423
58,-1242007014_CO,TSS,Inflow,424
40,-1242007014_CO,TSS,Inflow,424
180,-1242007014_CO,TSS,Inflow,424
8,-1242007014_CO,TSS,Inflow,424
18,-1242007014_CO,TSS,Inflow,424
58,-1242007014_CO,TSS,Inflow,425
7,-1242007014_CO,TSS,Inflow,425
103,-1242007014_CO,TSS,Inflow,425
42,-1242007014_CO,TSS,Inflow,425
52,-1242007014_CO,TSS,Inflow,425
232,-1242007014_CO,TSS,Inflow,426
18,-1242007014_CO,TSS,Inflow,426
176,-1242007014_CO,TSS,Inflow,426
89,-1242007014_CO,TSS,Inflow,426
52,-1242007014_CO,TSS,Inflow,426
8,-1242007014_CO,TSS,Inflow,427
42,-1242007014_CO,TSS,Inflow,427
7,-1242007014_CO,TSS,Inflow,427
52,-1242007014_CO,TSS,Inflow,427
39,-1242007014_CO,TSS,Inflow,427
7,-1242007014_CO,TSS,Inflow,428
232,-1242007014_CO,TSS,Inflow,428
18,-1242007014_CO,TSS,Inflow,428
103,-1242007014_CO,TSS,Inflow,428
8,-1242007014_CO,TSS,Inflow,428
8,-1242007014_CO,TSS,Inflow,429
42,-1242007014_CO,TSS,Inflow,429
7,-1242007014_CO,TSS,Inflow,429
232,-1242007014_CO,TSS,Inflow,429
52,-1242007014_CO,TSS,Inflow,429
52,-1242007014_CO,TSS,Inflow,430
42,-1242007014_CO,TSS,Inflow,430
89,-1242007014_CO,TSS,Inflow,430
40,-1242007014_CO,TSS,Inflow,430
180,-1242007014_CO,TSS,Inflow,430
176,-1242007014_CO,TSS,Inflow,431
89,-1242007014_CO,TSS,Inflow,431
232,-1242007014_CO,TSS,Inflow,431
18,-1242007014_CO,TSS,Inflow,431
180,-1242007014_CO,TSS,Inflow,431
8,-1242007014_CO,TSS,Inflow,432
89,-1242007014_CO,TSS,Inflow,432
18,-1242007014_CO,TSS,Inflow,432
58,-1242007014_CO,TSS,Inflow,432
40,-1242007014_CO,TSS,Inflow,432
39,-1242007014_CO,TSS,Inflow,433
176,-1242007014_CO,TSS,Inflow,433
232,-1242007014_CO,TSS,Inflow,433
40,-1242007014_CO,TSS,Inflow,433
52,-1242007014_CO,TSS,Inflow,433
180,-1242007014_CO,TSS,Inflow,434
18,-1242007014_CO,TSS,Inflow,434
42,-1242007014_CO,TSS,Inflow,434
52,-1242007014_CO,TSS,Inflow,434
8,-1242007014_CO,TSS,Inflow,434
52,-1242007014_CO,TSS,Inflow,435
18,-1242007014_CO,TSS,Inflow,435
40,-1242007014_CO,TSS,Inflow,435
18,-1242007014_CO,TSS,Inflow,435
39,-1242007014_CO,TSS,Inflow,435
40,-1242007014_CO,TSS,Inflow,436
39,-1242007014_CO,TSS,Inflow,436
8,-1242007014_CO,TSS,Inflow,436
7,-1242007014_CO,TSS,Inflow,436
18,-1242007014_CO,TSS,Inflow,436
18,-1242007014_CO,TSS,Inflow,437
52,-1242007014_CO,TSS,Inflow,437
8,-1242007014_CO,TSS,Inflow,437
58,-1242007014_CO,TSS,Inflow,437
7,-1242007014_CO,TSS,Inflow,437
176,-1242007014_CO,TSS,Inflow,438
58,-1242007014_CO,TSS,Inflow,438
18,-1242007014_CO,TSS,Inflow,438
39,-1242007014_CO,TSS,Inflow,438
52,-1242007014_CO,TSS,Inflow,438
18,-1242007014_CO,TSS,Inflow,439
176,-1242007014_CO,TSS,Inflow,439
58,-1242007014_CO,TSS,Inflow,439
39,-1242007014_CO,TSS,Inflow,439
52,-1242007014_CO,TSS,Inflow,439
7,-1242007014_CO,TSS,Inflow,440
52,-1242007014_CO,TSS,Inflow,440
18,-1242007014_CO,TSS,Inflow,440
103,-1242007014_CO,TSS,Inflow,440
176,-1242007014_CO,TSS,Inflow,440
52,-1242007014_CO,TSS,Inflow,441
7,-1242007014_CO,TSS,Inflow,441
18,-1242007014_CO,TSS,Inflow,441
52,-1242007014_CO,TSS,Inflow,441
176,-1242007014_CO,TSS,Inflow,441
103,-1242007014_CO,TSS,Inflow,442
89,-1242007014_CO,TSS,Inflow,442
176,-1242007014_CO,TSS,Inflow,442
39,-1242007014_CO,TSS,Inflow,442
18,-1242007014_CO,TSS,Inflow,442
103,-1242007014_CO,TSS,Inflow,443
52,-1242007014_CO,TSS,Inflow,443
42,-1242007014_CO,TSS,Inflow,443
40,-1242007014_CO,TSS,Inflow,443
8,-1242007014_CO,TSS,Inflow,443
52,-1242007014_CO,TSS,Inflow,444
42,-1242007014_CO,TSS,Inflow,444
103,-1242007014_CO,TSS,Inflow,444
8,-1242007014_CO,TSS,Inflow,444
180,-1242007014_CO,TSS,Inflow,444
232,-1242007014_CO,TSS,Inflow,445
39,-1242007014_CO,TSS,Inflow,445
103,-1242007014_CO,TSS,Inflow,445
18,-1242007014_CO,TSS,Inflow,445
18,-1242007014_CO,TSS,Inflow,445
52,-1242007014_CO,TSS,Inflow,446
176,-1242007014_CO,TSS,Inflow,446
89,-1242007014_CO,TSS,Inflow,446
52,-1242007014_CO,TSS,Inflow,446
7,-1242007014_CO,TSS,Inflow,446
8,-1242007014_CO,TSS,Inflow,447
52,-1242007014_CO,TSS,Inflow,447
40,-1242007014_CO,TSS,Inflow,447
176,-1242007014_CO,TSS,Inflow,447
232,-1242007014_CO,TSS,Inflow,447
18,-1242007014_CO,TSS,Inflow,448
52,-1242007014_CO,TSS,Inflow,448
8,-1242007014_CO,TSS,Inflow,448
180,-1242007014_CO,TSS,Inflow,448
58,-1242007014_CO,TSS,Inflow,448
103,-1242007014_CO,TSS,Inflow,449
176,-1242007014_CO,TSS,Inflow,449
52,-1242007014_CO,TSS,Inflow,449
40,-1242007014_CO,TSS,Inflow,449
18,-1242007014_CO,TSS,Inflow,449
103,-1242007014_CO,TSS,Inflow,450
52,-1242007014_CO,TSS,Inflow,450
176,-1242007014_CO,TSS,Inflow,450
7,-1242007014_CO,TSS,Inflow,450
52,-1242007014_CO,TSS,Inflow,450
8,-1242007014_CO,TSS,Inflow,451
176,-1242007014_CO,TSS,Inflow,451
18,-1242007014_CO,TSS,Inflow,451
7,-1242007014_CO,TSS,Inflow,451
18,-1242007014_CO,TSS,Inflow,451
18,-1242007014_CO,TSS,Inflow,452
180,-1242007014_CO,TSS,Inflow,452
8,-1242007014_CO,TSS,Inflow,452
232,-1242007014_CO,TSS,Inflow,452
42,-1242007014_CO,TSS,Inflow,452
7,-1242007014_CO,TSS,Inflow,453
58,-1242007014_CO,TSS,Inflow,453
52,-1242007014_CO,TSS,Inflow,453
180,-1242007014_CO,TSS,Inflow,453
232,-1242007014_CO,TSS,Inflow,453
40,-1242007014_CO,TSS,Inflow,454
7,-1242007014_CO,TSS,Inflow,454
180,-1242007014_CO,TSS,Inflow,454
58,-1242007014_CO,TSS,Inflow,454
39,-1242007014_CO,TSS,Inflow,454
176,-1242007014_CO,TSS,Inflow,455
18,-1242007014_CO,TSS,Inflow,455
52,-1242007014_CO,TSS,Inflow,455
42,-1242007014_CO,TSS,Inflow,455
7,-1242007014_CO,TSS,Inflow,455
232,-1242007014_CO,TSS,Inflow,456
89,-1242007014_CO,TSS,Inflow,456
39,-1242007014_CO,TSS,Inflow,456
176,-1242007014_CO,TSS,Inflow,456
40,-1242007014_CO,TSS,Inflow,456
42,-1242007014_CO,TSS,Inflow,457
58,-1242007014_CO,TSS,Inflow,457
39,-1242007014_CO,TSS,Inflow,457
40,-1242007014_CO,TSS,Inflow,457
7,-1242007014_CO,TSS,Inflow,457
232,-1242007014_CO,TSS,Inflow,458
18,-1242007014_CO,TSS,Inflow,458
42,-1242007014_CO,TSS,Inflow,458
52,-1242007014_CO,TSS,Inflow,458
176,-1242007014_CO,TSS,Inflow,458
7,-1242007014_CO,TSS,Inflow,459
52,-1242007014_CO,TSS,Inflow,459
39,-1242007014_CO,TSS,Inflow,459
18,-1242007014_CO,TSS,Inflow,459
232,-1242007014_CO,TSS,Inflow,459
52,-1242007014_CO,TSS,Inflow,460
7,-1242007014_CO,TSS,Inflow,460
40,-1242007014_CO,TSS,Inflow,460
180,-1242007014_CO,TSS,Inflow,460
52,-1242007014_CO,TSS,Inflow,460
52,-1242007014_CO,TSS,Inflow,461
52,-1242007014_CO,TSS,Inflow,461
18,-1242007014_CO,TSS,Inflow,461
7,-1242007014_CO,TSS,Inflow,461
180,-1242007014_CO,TSS,Inflow,461
42,-1242007014_CO,TSS,Inflow,462
52,-1242007014_CO,TSS,Inflow,462
7,-1242007014_CO,TSS,Inflow,462
89,-1242007014_CO,TSS,Inflow,462
39,-1242007014_CO,TSS,Inflow,462
39,-1242007014_CO,TSS,Inflow,463
42,-1242007014_CO,TSS,Inflow,463
180,-1242007014_CO,TSS,Inflow,463
89,-1242007014_CO,TSS,Inflow,463
232,-1242007014_CO,TSS,Inflow,463
58,-1242007014_CO,TSS,Inflow,464
7,-1242007014_CO,TSS,Inflow,464
180,-1242007014_CO,TSS,Inflow,464
176,-1242007014_CO,TSS,Inflow,464
52,-1242007014_CO,TSS,Inflow,464
176,-1242007014_CO,TSS,Inflow,465
58,-1242007014_CO,TSS,Inflow,465
7,-1242007014_CO,TSS,Inflow,465
18,-1242007014_CO,TSS,Inflow,465
18,-1242007014_CO,TSS,Inflow,465
18,-1242007014_CO,TSS,Inflow,466
180,-1242007014_CO,TSS,Inflow,466
52,-1242007014_CO,TSS,Inflow,466
89,-1242007014_CO,TSS,Inflow,466
39,-1242007014_CO,TSS,Inflow,466
18,-1242007014_CO,TSS,Inflow,467
40,-1242007014_CO,TSS,Inflow,467
180,-1242007014_CO,TSS,Inflow,467
39,-1242007014_CO,TSS,Inflow,467
52,-1242007014_CO,TSS,Inflow,467
180,-1242007014_CO,TSS,Inflow,468
103,-1242007014_CO,TSS,Inflow,468
52,-1242007014_CO,TSS,Inflow,468
89,-1242007014_CO,TSS,Inflow,468
39,-1242007014_CO,TSS,Inflow,468
58,-1242007014_CO,TSS,Inflow,469
40,-1242007014_CO,TSS,Inflow,469
18,-1242007014_CO,TSS,Inflow,469
180,-1242007014_CO,TSS,Inflow,469
52,-1242007014_CO,TSS,Inflow,469
18,-1242007014_CO,TSS,Inflow,470
52,-1242007014_CO,TSS,Inflow,470
18,-1242007014_CO,TSS,Inflow,470
7,-1242007014_CO,TSS,Inflow,470
40,-1242007014_CO,TSS,Inflow,470
7,-1242007014_CO,TSS,Inflow,471
42,-1242007014_CO,TSS,Inflow,471
176,-1242007014_CO,TSS,Inflow,471
8,-1242007014_CO,TSS,Inflow,471
18,-1242007014_CO,TSS,Inflow,471
52,-1242007014_CO,TSS,Inflow,472
42,-1242007014_CO,TSS,Inflow,472
232,-1242007014_CO,TSS,Inflow,472
58,-1242007014_CO,TSS,Inflow,472
18,-1242007014_CO,TSS,Inflow,472
232,-1242007014_CO,TSS,Inflow,473
52,-1242007014_CO,TSS,Inflow,473
42,-1242007014_CO,TSS,Inflow,473
176,-1242007014_CO,TSS,Inflow,473
52,-1242007014_CO,TSS,Inflow,473
176,-1242007014_CO,TSS,Inflow,474
42,-1242007014_CO,TSS,Inflow,474
8,-1242007014_CO,TSS,Inflow,474
40,-1242007014_CO,TSS,Inflow,474
58,-1242007014_CO,TSS,Inflow,474
103,-1242007014_CO,TSS,Inflow,475
52,-1242007014_CO,TSS,Inflow,475
8,-1242007014_CO,TSS,Inflow,475
232,-1242007014_CO,TSS,Inflow,475
176,-1242007014_CO,TSS,Inflow,475
180,-1242007014_CO,TSS,Inflow,476
52,-1242007014_CO,TSS,Inflow,476
103,-1242007014_CO,TSS,Inflow,476
18,-1242007014_CO,TSS,Inflow,476
42,-1242007014_CO,TSS,Inflow,476
103,-1242007014_CO,TSS,Inflow,477
176,-1242007014_CO,TSS,Inflow,477
18,-1242007014_CO,TSS,Inflow,477
180,-1242007014_CO,TSS,Inflow,477
8,-1242007014_CO,TSS,Inflow,477
40,-1242007014_CO,TSS,Inflow,478
18,-1242007014_CO,TSS,Inflow,478
52,-1242007014_CO,TSS,Inflow,478
52,-1242007014_CO,TSS,Inflow,478
18,-1242007014_CO,TSS,Inflow,478
18,-1242007014_CO,TSS,Inflow,479
18,-1242007014_CO,TSS,Inflow,479
58,-1242007014_CO,TSS,Inflow,479
89,-1242007014_CO,TSS,Inflow,479
52,-1242007014_CO,TSS,Inflow,479
89,-1242007014_CO,TSS,Inflow,480
58,-1242007014_CO,TSS,Inflow,480
8,-1242007014_CO,TSS,Inflow,480
52,-1242007014_CO,TSS,Inflow,480
42,-1242007014_CO,TSS,Inflow,480
103,-1242007014_CO,TSS,Inflow,481
18,-1242007014_CO,TSS,Inflow,481
176,-1242007014_CO,TSS,Inflow,481
58,-1242007014_CO,TSS,Inflow,481
52,-1242007014_CO,TSS,Inflow,481
40,-1242007014_CO,TSS,Inflow,482
232,-1242007014_CO,TSS,Inflow,482
58,-1242007014_CO,TSS,Inflow,482
18,-1242007014_CO,TSS,Inflow,482
103,-1242007014_CO,TSS,Inflow,482
18,-1242007014_CO,TSS,Inflow,483
52,-1242007014_CO,TSS,Inflow,483
52,-1242007014_CO,TSS,Inflow,483
18,-1242007014_CO,TSS,Inflow,483
176,-1242007014_CO,TSS,Inflow,483
52,-1242007014_CO,TSS,Inflow,484
7,-1242007014_CO,TSS,Inflow,484
176,-1242007014_CO,TSS,Inflow,484
103,-1242007014_CO,TSS,Inflow,484
42,-1242007014_CO,TSS,Inflow,484
232,-1242007014_CO,TSS,Inflow,485
180,-1242007014_CO,TSS,Inflow,485
8,-1242007014_CO,TSS,Inflow,485
7,-1242007014_CO,TSS,Inflow,485
103,-1242007014_CO,TSS,Inflow,485
18,-1242007014_CO,TSS,Inflow,486
52,-1242007014_CO,TSS,Inflow,486
103,-1242007014_CO,TSS,Inflow,486
7,-1242007014_CO,TSS,Inflow,486
176,-1242007014_CO,TSS,Inflow,486
42,-1242007014_CO,TSS,Inflow,487
52,-1242007014_CO,TSS,Inflow,487
40,-1242007014_CO,TSS,Inflow,487
18,-1242007014_CO,TSS,Inflow,487
232,-1242007014_CO,TSS,Inflow,487
103,-1242007014_CO,TSS,Inflow,488
176,-1242007014_CO,TSS,Inflow,488
8,-1242007014_CO,TSS,Inflow,488
39,-1242007014_CO,TSS,Inflow,488
232,-1242007014_CO,TSS,Inflow,488
42,-1242007014_CO,TSS,Inflow,489
52,-1242007014_CO,TSS,Inflow,489
103,-1242007014_CO,TSS,Inflow,489
58,-1242007014_CO,TSS,Inflow,489
18,-1242007014_CO,TSS,Inflow,489
18,-1242007014_CO,TSS,Inflow,490
8,-1242007014_CO,TSS,Inflow,490
58,-1242007014_CO,TSS,Inflow,490
180,-1242007014_CO,TSS,Inflow,490
52,-1242007014_CO,TSS,Inflow,490
89,-1242007014_CO,TSS,Inflow,491
52,-1242007014_CO,TSS,Inflow,491
103,-1242007014_CO,TSS,Inflow,491
39,-1242007014_CO,TSS,Inflow,491
7,-1242007014_CO,TSS,Inflow,491
89,-1242007014_CO,TSS,Inflow,492
58,-1242007014_CO,TSS,Inflow,492
232,-1242007014_CO,TSS,Inflow,492
7,-1242007014_CO,TSS,Inflow,492
103,-1242007014_CO,TSS,Inflow,492
42,-1242007014_CO,TSS,Inflow,493
180,-1242007014_CO,TSS,Inflow,493
7,-1242007014_CO,TSS,Inflow,493
103,-1242007014_CO,TSS,Inflow,493
8,-1242007014_CO,TSS,Inflow,493
180,-1242007014_CO,TSS,Inflow,494
58,-1242007014_CO,TSS,Inflow,494
40,-1242007014_CO,TSS,Inflow,494
7,-1242007014_CO,TSS,Inflow,494
18,-1242007014_CO,TSS,Inflow,494
52,-1242007014_CO,TSS,Inflow,495
42,-1242007014_CO,TSS,Inflow,495
180,-1242007014_CO,TSS,Inflow,495
103,-1242007014_CO,TSS,Inflow,495
8,-1242007014_CO,TSS,Inflow,495
52,-1242007014_CO,TSS,Inflow,496
176,-1242007014_CO,TSS,Inflow,496
58,-1242007014_CO,TSS,Inflow,496
18,-1242007014_CO,TSS,Inflow,496
40,-1242007014_CO,TSS,Inflow,496
42,-1242007014_CO,TSS,Inflow,497
8,-1242007014_CO,TSS,Inflow,497
52,-1242007014_CO,TSS,Inflow,497
18,-1242007014_CO,TSS,Inflow,497
232,-1242007014_CO,TSS,Inflow,497
39,-1242007014_CO,TSS,Inflow,498
180,-1242007014_CO,TSS,Inflow,498
18,-1242007014_CO,TSS,Inflow,498
58,-1242007014_CO,TSS,Inflow,498
103,-1242007014_CO,TSS,Inflow,498
232,-1242007014_CO,TSS,Inflow,499
180,-1242007014_CO,TSS,Inflow,499
103,-1242007014_CO,TSS,Inflow,499
52,-1242007014_CO,TSS,Inflow,499
18,-1242007014_CO,TSS,Inflow,499
39,-1242007014_CO,TSS,Inflow,500
180,-1242007014_CO,TSS,Inflow,500
58,-1242007014_CO,TSS,Inflow,500
89,-1242007014_CO,TSS,Inflow,500
18,-1242007014_CO,TSS,Inflow,500
