EMC,Location,Analyte,Flow,Run
18,-1242007014_CO,TSS,Inflow,1
18,-1242007014_CO,TSS,Inflow,1
7,-1242007014_CO,TSS,Inflow,1
58,-1242007014_CO,TSS,Inflow,1
180,-1242007014_CO,TSS,Inflow,1
18,-1242007014_CO,TSS,Inflow,2
89,-1242007014_CO,TSS,Inflow,2
103,-1242007014_CO,TSS,Inflow,2
39,-1242007014_CO,TSS,Inflow,2
232,-1242007014_CO,TSS,Inflow,2
232,-1242007014_CO,TSS,Inflow,3
40,-1242007014_CO,TSS,Inflow,3
180,-1242007014_CO,TSS,Inflow,3
7,-1242007014_CO,TSS,Inflow,3
89,-1242007014_CO,TSS,Inflow,3
232,-1242007014_CO,TSS,Inflow,4
180,-1242007014_CO,TSS,Inflow,4
8,-1242007014_CO,TSS,Inflow,4
103,-1242007014_CO,TSS,Inflow,4
176,-1242007014_CO,TSS,Inflow,4
180,-1242007014_CO,TSS,Inflow,5
40,-1242007014_CO,TSS,Inflow,5
18,-1242007014_CO,TSS,Inflow,5
42,-1242007014_CO,TSS,Inflow,5
8,-1242007014_CO,TSS,Inflow,5
8,-1242007014_CO,TSS,Inflow,6
103,-1242007014_CO,TSS,Inflow,6
18,-1242007014_CO,TSS,Inflow,6
58,-1242007014_CO,TSS,Inflow,6
52,-1242007014_CO,TSS,Inflow,6
8,-1242007014_CO,TSS,Inflow,7
58,-1242007014_CO,TSS,Inflow,7
103,-1242007014_CO,TSS,Inflow,7
89,-1242007014_CO,TSS,Inflow,7
52,-1242007014_CO,TSS,Inflow,7
176,-1242007014_CO,TSS,Inflow,8
39,-1242007014_CO,TSS,Inflow,8
7,-1242007014_CO,TSS,Inflow,8
18,-1242007014_CO,TSS,Inflow,8
18,-1242007014_CO,TSS,Inflow,8
18,-1242007014_CO,TSS,Inflow,9
180,-1242007014_CO,TSS,Inflow,9
89,-1242007014_CO,TSS,Inflow,9
39,-1242007014_CO,TSS,Inflow,9
58,-1242007014_CO,TSS,Inflow,9
58,-1242007014_CO,TSS,Inflow,10
180,-1242007014_CO,TSS,Inflow,10
40,-1242007014_CO,TSS,Inflow,10
52,-1242007014_CO,TSS,Inflow,10
8,-1242007014_CO,TSS,Inflow,10
8,-1242007014_CO,TSS,Inflow,11
18,-1242007014_CO,TSS,Inflow,11
52,-1242007014_CO,TSS,Inflow,11
89,-1242007014_CO,TSS,Inflow,11
39,-1242007014_CO,TSS,Inflow,11
7,-1242007014_CO,TSS,Inflow,12
180,-1242007014_CO,TSS,Inflow,12
52,-1242007014_CO,TSS,Inflow,12
103,-1242007014_CO,TSS,Inflow,12
232,-1242007014_CO,TSS,Inflow,12
18,-1242007014_CO,TSS,Inflow,13
39,-1242007014_CO,TSS,Inflow,13
42,-1242007014_CO,TSS,Inflow,13
8,-1242007014_CO,TSS,Inflow,13
103,-1242007014_CO,TSS,Inflow,13
18,-1242007014_CO,TSS,Inflow,14
176,-1242007014_CO,TSS,Inflow,14
52,-1242007014_CO,TSS,Inflow,14
39,-1242007014_CO,TSS,Inflow,14
103,-1242007014_CO,TSS,Inflow,14
58,-1242007014_CO,TSS,Inflow,15
42,-1242007014_CO,TSS,Inflow,15
7,-1242007014_CO,TSS,Inflow,15
180,-1242007014_CO,TSS,Inflow,15
52,-1242007014_CO,TSS,Inflow,15
8,-1242007014_CO,TSS,Inflow,16
103,-1242007014_CO,TSS,Inflow,16
52,-1242007014_CO,TSS,Inflow,16
39,-1242007014_CO,TSS,Inflow,16
232,-1242007014_CO,TSS,Inflow,16
89,-1242007014_CO,TSS,Inflow,17
180,-1242007014_CO,TSS,Inflow,17
18,-1242007014_CO,TSS,Inflow,17
232,-1242007014_CO,TSS,Inflow,17
58,-1242007014_CO,TSS,Inflow,17
176,-1242007014_CO,TSS,Inflow,18
39,-1242007014_CO,TSS,Inflow,18
18,-1242007014_CO,TSS,Inflow,18
180,-1242007014_CO,TSS,Inflow,18
8,-1242007014_CO,TSS,Inflow,18
180,-1242007014_CO,TSS,Inflow,19
103,-1242007014_CO,TSS,Inflow,19
18,-1242007014_CO,TSS,Inflow,19
52,-1242007014_CO,TSS,Inflow,19
39,-1242007014_CO,TSS,Inflow,19
52,-1242007014_CO,TSS,Inflow,20
58,-1242007014_CO,TSS,Inflow,20
39,-1242007014_CO,TSS,Inflow,20
8,-1242007014_CO,TSS,Inflow,20
176,-1242007014_CO,TSS,Inflow,20
42,-1242007014_CO,TSS,Inflow,21
18,-1242007014_CO,TSS,Inflow,21
39,-1242007014_CO,TSS,Inflow,21
180,-1242007014_CO,TSS,Inflow,21
52,-1242007014_CO,TSS,Inflow,21
39,-1242007014_CO,TSS,Inflow,22
89,-1242007014_CO,TSS,Inflow,22
40,-1242007014_CO,TSS,Inflow,22
52,-1242007014_CO,TSS,Inflow,22
232,-1242007014_CO,TSS,Inflow,22
18,-1242007014_CO,TSS,Inflow,23
40,-1242007014_CO,TSS,Inflow,23
42,-1242007014_CO,TSS,Inflow,23
7,-1242007014_CO,TSS,Inflow,23
52,-1242007014_CO,TSS,Inflow,23
103,-1242007014_CO,TSS,Inflow,24
232,-1242007014_CO,TSS,Inflow,24
18,-1242007014_CO,TSS,Inflow,24
52,-1242007014_CO,TSS,Inflow,24
7,-1242007014_CO,TSS,Inflow,24
232,-1242007014_CO,TSS,Inflow,25
40,-1242007014_CO,TSS,Inflow,25
52,-1242007014_CO,TSS,Inflow,25
180,-1242007014_CO,TSS,Inflow,25
7,-1242007014_CO,TSS,Inflow,25
58,-1242007014_CO,TSS,Inflow,26
7,-1242007014_CO,TSS,Inflow,26
232,-1242007014_CO,TSS,Inflow,26
52,-1242007014_CO,TSS,Inflow,26
103,-1242007014_CO,TSS,Inflow,26
176,-1242007014_CO,TSS,Inflow,27
40,-1242007014_CO,TSS,Inflow,27
42,-1242007014_CO,TSS,Inflow,27
103,-1242007014_CO,TSS,Inflow,27
180,-1242007014_CO,TSS,Inflow,27
39,-1242007014_CO,TSS,Inflow,28
40,-1242007014_CO,TSS,Inflow,28
18,-1242007014_CO,TSS,Inflow,28
89,-1242007014_CO,TSS,Inflow,28
180,-1242007014_CO,TSS,Inflow,28
232,-1242007014_CO,TSS,Inflow,29
52,-1242007014_CO,TSS,Inflow,29
58,-1242007014_CO,TSS,Inflow,29
18,-1242007014_CO,TSS,Inflow,29
40,-1242007014_CO,TSS,Inflow,29
103,-1242007014_CO,TSS,Inflow,30
18,-1242007014_CO,TSS,Inflow,30
58,-1242007014_CO,TSS,Inflow,30
89,-1242007014_CO,TSS,Inflow,30
39,-1242007014_CO,TSS,Inflow,30
39,-1242007014_CO,TSS,Inflow,31
103,-1242007014_CO,TSS,Inflow,31
180,-1242007014_CO,TSS,Inflow,31
40,-1242007014_CO,TSS,Inflow,31
52,-1242007014_CO,TSS,Inflow,31
40,-1242007014_CO,TSS,Inflow,32
18,-1242007014_CO,TSS,Inflow,32
89,-1242007014_CO,TSS,Inflow,32
52,-1242007014_CO,TSS,Inflow,32
8,-1242007014_CO,TSS,Inflow,32
39,-1242007014_CO,TSS,Inflow,33
8,-1242007014_CO,TSS,Inflow,33
58,-1242007014_CO,TSS,Inflow,33
40,-1242007014_CO,TSS,Inflow,33
89,-1242007014_CO,TSS,Inflow,33
52,-1242007014_CO,TSS,Inflow,34
40,-1242007014_CO,TSS,Inflow,34
58,-1242007014_CO,TSS,Inflow,34
180,-1242007014_CO,TSS,Inflow,34
42,-1242007014_CO,TSS,Inflow,34
180,-1242007014_CO,TSS,Inflow,35
42,-1242007014_CO,TSS,Inflow,35
52,-1242007014_CO,TSS,Inflow,35
103,-1242007014_CO,TSS,Inflow,35
8,-1242007014_CO,TSS,Inflow,35
180,-1242007014_CO,TSS,Inflow,36
89,-1242007014_CO,TSS,Inflow,36
52,-1242007014_CO,TSS,Inflow,36
103,-1242007014_CO,TSS,Inflow,36
176,-1242007014_CO,TSS,Inflow,36
39,-1242007014_CO,TSS,Inflow,37
18,-1242007014_CO,TSS,Inflow,37
18,-1242007014_CO,TSS,Inflow,37
52,-1242007014_CO,TSS,Inflow,37
58,-1242007014_CO,TSS,Inflow,37
176,-1242007014_CO,TSS,Inflow,38
52,-1242007014_CO,TSS,Inflow,38
180,-1242007014_CO,TSS,Inflow,38
18,-1242007014_CO,TSS,Inflow,38
42,-1242007014_CO,TSS,Inflow,38
8,-1242007014_CO,TSS,Inflow,39
39,-1242007014_CO,TSS,Inflow,39
176,-1242007014_CO,TSS,Inflow,39
42,-1242007014_CO,TSS,Inflow,39
89,-1242007014_CO,TSS,Inflow,39
232,-1242007014_CO,TSS,Inflow,40
18,-1242007014_CO,TSS,Inflow,40
52,-1242007014_CO,TSS,Inflow,40
7,-1242007014_CO,TSS,Inflow,40
180,-1242007014_CO,TSS,Inflow,40
52,-1242007014_CO,TSS,Inflow,41
52,-1242007014_CO,TSS,Inflow,41
18,-1242007014_CO,TSS,Inflow,41
42,-1242007014_CO,TSS,Inflow,41
39,-1242007014_CO,TSS,Inflow,41
18,-1242007014_CO,TSS,Inflow,42
89,-1242007014_CO,TSS,Inflow,42
42,-1242007014_CO,TSS,Inflow,42
232,-1242007014_CO,TSS,Inflow,42
39,-1242007014_CO,TSS,Inflow,42
18,-1242007014_CO,TSS,Inflow,43
89,-1242007014_CO,TSS,Inflow,43
180,-1242007014_CO,TSS,Inflow,43
7,-1242007014_CO,TSS,Inflow,43
18,-1242007014_CO,TSS,Inflow,43
58,-1242007014_CO,TSS,Inflow,44
39,-1242007014_CO,TSS,Inflow,44
8,-1242007014_CO,TSS,Inflow,44
89,-1242007014_CO,TSS,Inflow,44
40,-1242007014_CO,TSS,Inflow,44
52,-1242007014_CO,TSS,Inflow,45
7,-1242007014_CO,TSS,Inflow,45
52,-1242007014_CO,TSS,Inflow,45
58,-1242007014_CO,TSS,Inflow,45
103,-1242007014_CO,TSS,Inflow,45
52,-1242007014_CO,TSS,Inflow,46
18,-1242007014_CO,TSS,Inflow,46
8,-1242007014_CO,TSS,Inflow,46
40,-1242007014_CO,TSS,Inflow,46
39,-1242007014_CO,TSS,Inflow,46
39,-1242007014_CO,TSS,Inflow,47
232,-1242007014_CO,TSS,Inflow,47
52,-1242007014_CO,TSS,Inflow,47
18,-1242007014_CO,TSS,Inflow,47
89,-1242007014_CO,TSS,Inflow,47
176,-1242007014_CO,TSS,Inflow,48
232,-1242007014_CO,TSS,Inflow,48
8,-1242007014_CO,TSS,Inflow,48
180,-1242007014_CO,TSS,Inflow,48
52,-1242007014_CO,TSS,Inflow,48
8,-1242007014_CO,TSS,Inflow,49
18,-1242007014_CO,TSS,Inflow,49
7,-1242007014_CO,TSS,Inflow,49
52,-1242007014_CO,TSS,Inflow,49
40,-1242007014_CO,TSS,Inflow,49
18,-1242007014_CO,TSS,Inflow,50
89,-1242007014_CO,TSS,Inflow,50
40,-1242007014_CO,TSS,Inflow,50
42,-1242007014_CO,TSS,Inflow,50
7,-1242007014_CO,TSS,Inflow,50
52,-1242007014_CO,TSS,Inflow,51
18,-1242007014_CO,TSS,Inflow,51
52,-1242007014_CO,TSS,Inflow,51
232,-1242007014_CO,TSS,Inflow,51
18,-1242007014_CO,TSS,Inflow,51
52,-1242007014_CO,TSS,Inflow,52
232,-1242007014_CO,TSS,Inflow,52
18,-1242007014_CO,TSS,Inflow,52
180,-1242007014_CO,TSS,Inflow,52
103,-1242007014_CO,TSS,Inflow,52
40,-1242007014_CO,TSS,Inflow,53
18,-1242007014_CO,TSS,Inflow,53
52,-1242007014_CO,TSS,Inflow,53
176,-1242007014_CO,TSS,Inflow,53
7,-1242007014_CO,TSS,Inflow,53
52,-1242007014_CO,TSS,Inflow,54
52,-1242007014_CO,TSS,Inflow,54
176,-1242007014_CO,TSS,Inflow,54
18,-1242007014_CO,TSS,Inflow,54
8,-1242007014_CO,TSS,Inflow,54
89,-1242007014_CO,TSS,Inflow,55
103,-1242007014_CO,TSS,Inflow,55
180,-1242007014_CO,TSS,Inflow,55
18,-1242007014_CO,TSS,Inflow,55
52,-1242007014_CO,TSS,Inflow,55
42,-1242007014_CO,TSS,Inflow,56
8,-1242007014_CO,TSS,Inflow,56
52,-1242007014_CO,TSS,Inflow,56
103,-1242007014_CO,TSS,Inflow,56
58,-1242007014_CO,TSS,Inflow,56
18,-1242007014_CO,TSS,Inflow,57
180,-1242007014_CO,TSS,Inflow,57
52,-1242007014_CO,TSS,Inflow,57
89,-1242007014_CO,TSS,Inflow,57
7,-1242007014_CO,TSS,Inflow,57
58,-1242007014_CO,TSS,Inflow,58
18,-1242007014_CO,TSS,Inflow,58
42,-1242007014_CO,TSS,Inflow,58
232,-1242007014_CO,TSS,Inflow,58
176,-1242007014_CO,TSS,Inflow,58
180,-1242007014_CO,TSS,Inflow,59
39,-1242007014_CO,TSS,Inflow,59
40,-1242007014_CO,TSS,Inflow,59
18,-1242007014_CO,TSS,Inflow,59
8,-1242007014_CO,TSS,Inflow,59
42,-1242007014_CO,TSS,Inflow,60
18,-1242007014_CO,TSS,Inflow,60
39,-1242007014_CO,TSS,Inflow,60
180,-1242007014_CO,TSS,Inflow,60
52,-1242007014_CO,TSS,Inflow,60
8,-1242007014_CO,TSS,Inflow,61
18,-1242007014_CO,TSS,Inflow,61
103,-1242007014_CO,TSS,Inflow,61
40,-1242007014_CO,TSS,Inflow,61
232,-1242007014_CO,TSS,Inflow,61
18,-1242007014_CO,TSS,Inflow,62
39,-1242007014_CO,TSS,Inflow,62
176,-1242007014_CO,TSS,Inflow,62
18,-1242007014_CO,TSS,Inflow,62
7,-1242007014_CO,TSS,Inflow,62
103,-1242007014_CO,TSS,Inflow,63
232,-1242007014_CO,TSS,Inflow,63
42,-1242007014_CO,TSS,Inflow,63
39,-1242007014_CO,TSS,Inflow,63
176,-1242007014_CO,TSS,Inflow,63
40,-1242007014_CO,TSS,Inflow,64
8,-1242007014_CO,TSS,Inflow,64
58,-1242007014_CO,TSS,Inflow,64
39,-1242007014_CO,TSS,Inflow,64
180,-1242007014_CO,TSS,Inflow,64
39,-1242007014_CO,TSS,Inflow,65
58,-1242007014_CO,TSS,Inflow,65
180,-1242007014_CO,TSS,Inflow,65
52,-1242007014_CO,TSS,Inflow,65
42,-1242007014_CO,TSS,Inflow,65
39,-1242007014_CO,TSS,Inflow,66
58,-1242007014_CO,TSS,Inflow,66
42,-1242007014_CO,TSS,Inflow,66
52,-1242007014_CO,TSS,Inflow,66
18,-1242007014_CO,TSS,Inflow,66
8,-1242007014_CO,TSS,Inflow,67
176,-1242007014_CO,TSS,Inflow,67
42,-1242007014_CO,TSS,Inflow,67
18,-1242007014_CO,TSS,Inflow,67
89,-1242007014_CO,TSS,Inflow,67
39,-1242007014_CO,TSS,Inflow,68
52,-1242007014_CO,TSS,Inflow,68
18,-1242007014_CO,TSS,Inflow,68
232,-1242007014_CO,TSS,Inflow,68
103,-1242007014_CO,TSS,Inflow,68
7,-1242007014_CO,TSS,Inflow,69
18,-1242007014_CO,TSS,Inflow,69
52,-1242007014_CO,TSS,Inflow,69
89,-1242007014_CO,TSS,Inflow,69
180,-1242007014_CO,TSS,Inflow,69
39,-1242007014_CO,TSS,Inflow,70
52,-1242007014_CO,TSS,Inflow,70
103,-1242007014_CO,TSS,Inflow,70
18,-1242007014_CO,TSS,Inflow,70
42,-1242007014_CO,TSS,Inflow,70
89,-1242007014_CO,TSS,Inflow,71
52,-1242007014_CO,TSS,Inflow,71
232,-1242007014_CO,TSS,Inflow,71
42,-1242007014_CO,TSS,Inflow,71
176,-1242007014_CO,TSS,Inflow,71
40,-1242007014_CO,TSS,Inflow,72
89,-1242007014_CO,TSS,Inflow,72
52,-1242007014_CO,TSS,Inflow,72
52,-1242007014_CO,TSS,Inflow,72
7,-1242007014_CO,TSS,Inflow,72
103,-1242007014_CO,TSS,Inflow,73
176,-1242007014_CO,TSS,Inflow,73
58,-1242007014_CO,TSS,Inflow,73
180,-1242007014_CO,TSS,Inflow,73
18,-1242007014_CO,TSS,Inflow,73
52,-1242007014_CO,TSS,Inflow,74
39,-1242007014_CO,TSS,Inflow,74
89,-1242007014_CO,TSS,Inflow,74
7,-1242007014_CO,TSS,Inflow,74
232,-1242007014_CO,TSS,Inflow,74
8,-1242007014_CO,TSS,Inflow,75
103,-1242007014_CO,TSS,Inflow,75
180,-1242007014_CO,TSS,Inflow,75
52,-1242007014_CO,TSS,Inflow,75
18,-1242007014_CO,TSS,Inflow,75
18,-1242007014_CO,TSS,Inflow,76
7,-1242007014_CO,TSS,Inflow,76
39,-1242007014_CO,TSS,Inflow,76
42,-1242007014_CO,TSS,Inflow,76
40,-1242007014_CO,TSS,Inflow,76
176,-1242007014_CO,TSS,Inflow,77
58,-1242007014_CO,TSS,Inflow,77
18,-1242007014_CO,TSS,Inflow,77
52,-1242007014_CO,TSS,Inflow,77
18,-1242007014_CO,TSS,Inflow,77
176,-1242007014_CO,TSS,Inflow,78
18,-1242007014_CO,TSS,Inflow,78
8,-1242007014_CO,TSS,Inflow,78
58,-1242007014_CO,TSS,Inflow,78
180,-1242007014_CO,TSS,Inflow,78
18,-1242007014_CO,TSS,Inflow,79
232,-1242007014_CO,TSS,Inflow,79
7,-1242007014_CO,TSS,Inflow,79
8,-1242007014_CO,TSS,Inflow,79
52,-1242007014_CO,TSS,Inflow,79
176,-1242007014_CO,TSS,Inflow,80
7,-1242007014_CO,TSS,Inflow,80
18,-1242007014_CO,TSS,Inflow,80
58,-1242007014_CO,TSS,Inflow,80
39,-1242007014_CO,TSS,Inflow,80
18,-1242007014_CO,TSS,Inflow,81
89,-1242007014_CO,TSS,Inflow,81
176,-1242007014_CO,TSS,Inflow,81
18,-1242007014_CO,TSS,Inflow,81
39,-1242007014_CO,TSS,Inflow,81
52,-1242007014_CO,TSS,Inflow,82
8,-1242007014_CO,TSS,Inflow,82
232,-1242007014_CO,TSS,Inflow,82
176,-1242007014_CO,TSS,Inflow,82
18,-1242007014_CO,TSS,Inflow,82
8,-1242007014_CO,TSS,Inflow,83
42,-1242007014_CO,TSS,Inflow,83
232,-1242007014_CO,TSS,Inflow,83
7,-1242007014_CO,TSS,Inflow,83
89,-1242007014_CO,TSS,Inflow,83
103,-1242007014_CO,TSS,Inflow,84
18,-1242007014_CO,TSS,Inflow,84
18,-1242007014_CO,TSS,Inflow,84
232,-1242007014_CO,TSS,Inflow,84
40,-1242007014_CO,TSS,Inflow,84
176,-1242007014_CO,TSS,Inflow,85
103,-1242007014_CO,TSS,Inflow,85
52,-1242007014_CO,TSS,Inflow,85
52,-1242007014_CO,TSS,Inflow,85
39,-1242007014_CO,TSS,Inflow,85
52,-1242007014_CO,TSS,Inflow,86
180,-1242007014_CO,TSS,Inflow,86
40,-1242007014_CO,TSS,Inflow,86
18,-1242007014_CO,TSS,Inflow,86
7,-1242007014_CO,TSS,Inflow,86
232,-1242007014_CO,TSS,Inflow,87
89,-1242007014_CO,TSS,Inflow,87
18,-1242007014_CO,TSS,Inflow,87
58,-1242007014_CO,TSS,Inflow,87
52,-1242007014_CO,TSS,Inflow,87
52,-1242007014_CO,TSS,Inflow,88
8,-1242007014_CO,TSS,Inflow,88
176,-1242007014_CO,TSS,Inflow,88
18,-1242007014_CO,TSS,Inflow,88
58,-1242007014_CO,TSS,Inflow,88
39,-1242007014_CO,TSS,Inflow,89
232,-1242007014_CO,TSS,Inflow,89
52,-1242007014_CO,TSS,Inflow,89
18,-1242007014_CO,TSS,Inflow,89
89,-1242007014_CO,TSS,Inflow,89
7,-1242007014_CO,TSS,Inflow,90
176,-1242007014_CO,TSS,Inflow,90
40,-1242007014_CO,TSS,Inflow,90
89,-1242007014_CO,TSS,Inflow,90
52,-1242007014_CO,TSS,Inflow,90
58,-1242007014_CO,TSS,Inflow,91
52,-1242007014_CO,TSS,Inflow,91
232,-1242007014_CO,TSS,Inflow,91
52,-1242007014_CO,TSS,Inflow,91
8,-1242007014_CO,TSS,Inflow,91
232,-1242007014_CO,TSS,Inflow,92
7,-1242007014_CO,TSS,Inflow,92
18,-1242007014_CO,TSS,Inflow,92
176,-1242007014_CO,TSS,Inflow,92
42,-1242007014_CO,TSS,Inflow,92
58,-1242007014_CO,TSS,Inflow,93
40,-1242007014_CO,TSS,Inflow,93
89,-1242007014_CO,TSS,Inflow,93
39,-1242007014_CO,TSS,Inflow,93
232,-1242007014_CO,TSS,Inflow,93
42,-1242007014_CO,TSS,Inflow,94
8,-1242007014_CO,TSS,Inflow,94
18,-1242007014_CO,TSS,Inflow,94
39,-1242007014_CO,TSS,Inflow,94
18,-1242007014_CO,TSS,Inflow,94
232,-1242007014_CO,TSS,Inflow,95
39,-1242007014_CO,TSS,Inflow,95
180,-1242007014_CO,TSS,Inflow,95
18,-1242007014_CO,TSS,Inflow,95
8,-1242007014_CO,TSS,Inflow,95
52,-1242007014_CO,TSS,Inflow,96
52,-1242007014_CO,TSS,Inflow,96
89,-1242007014_CO,TSS,Inflow,96
58,-1242007014_CO,TSS,Inflow,96
103,-1242007014_CO,TSS,Inflow,96
39,-1242007014_CO,TSS,Inflow,97
58,-1242007014_CO,TSS,Inflow,97
18,-1242007014_CO,TSS,Inflow,97
8,-1242007014_CO,TSS,Inflow,97
180,-1242007014_CO,TSS,Inflow,97
232,-1242007014_CO,TSS,Inflow,98
52,-1242007014_CO,TSS,Inflow,98
18,-1242007014_CO,TSS,Inflow,98
180,-1242007014_CO,TSS,Inflow,98
40,-1242007014_CO,TSS,Inflow,98
176,-1242007014_CO,TSS,Inflow,99
18,-1242007014_CO,TSS,Inflow,99
7,-1242007014_CO,TSS,Inflow,99
89,-1242007014_CO,TSS,Inflow,99
58,-1242007014_CO,TSS,Inflow,99
18,-1242007014_CO,TSS,Inflow,100
103,-1242007014_CO,TSS,Inflow,100
42,-1242007014_CO,TSS,Inflow,100
18,-1242007014_CO,TSS,Inflow,100
232,-1242007014_CO,TSS,Inflow,100
232,-1242007014_CO,TSS,Inflow,101
180,-1242007014_CO,TSS,Inflow,101
42,-1242007014_CO,TSS,Inflow,101
89,-1242007014_CO,TSS,Inflow,101
52,-1242007014_CO,TSS,Inflow,101
18,-1242007014_CO,TSS,Inflow,102
39,-1242007014_CO,TSS,Inflow,102
103,-1242007014_CO,TSS,Inflow,102
18,-1242007014_CO,TSS,Inflow,102
180,-1242007014_CO,TSS,Inflow,102
52,-1242007014_CO,TSS,Inflow,103
58,-1242007014_CO,TSS,Inflow,103
52,-1242007014_CO,TSS,Inflow,103
39,-1242007014_CO,TSS,Inflow,103
18,-1242007014_CO,TSS,Inflow,103
103,-1242007014_CO,TSS,Inflow,104
176,-1242007014_CO,TSS,Inflow,104
180,-1242007014_CO,TSS,Inflow,104
7,-1242007014_CO,TSS,Inflow,104
18,-1242007014_CO,TSS,Inflow,104
40,-1242007014_CO,TSS,Inflow,105
52,-1242007014_CO,TSS,Inflow,105
8,-1242007014_CO,TSS,Inflow,105
18,-1242007014_CO,TSS,Inflow,105
180,-1242007014_CO,TSS,Inflow,105
39,-1242007014_CO,TSS,Inflow,106
232,-1242007014_CO,TSS,Inflow,106
42,-1242007014_CO,TSS,Inflow,106
52,-1242007014_CO,TSS,Inflow,106
52,-1242007014_CO,TSS,Inflow,106
89,-1242007014_CO,TSS,Inflow,107
7,-1242007014_CO,TSS,Inflow,107
103,-1242007014_CO,TSS,Inflow,107
52,-1242007014_CO,TSS,Inflow,107
42,-1242007014_CO,TSS,Inflow,107
7,-1242007014_CO,TSS,Inflow,108
58,-1242007014_CO,TSS,Inflow,108
52,-1242007014_CO,TSS,Inflow,108
103,-1242007014_CO,TSS,Inflow,108
176,-1242007014_CO,TSS,Inflow,108
18,-1242007014_CO,TSS,Inflow,109
58,-1242007014_CO,TSS,Inflow,109
40,-1242007014_CO,TSS,Inflow,109
8,-1242007014_CO,TSS,Inflow,109
232,-1242007014_CO,TSS,Inflow,109
232,-1242007014_CO,TSS,Inflow,110
52,-1242007014_CO,TSS,Inflow,110
39,-1242007014_CO,TSS,Inflow,110
18,-1242007014_CO,TSS,Inflow,110
18,-1242007014_CO,TSS,Inflow,110
89,-1242007014_CO,TSS,Inflow,111
176,-1242007014_CO,TSS,Inflow,111
7,-1242007014_CO,TSS,Inflow,111
52,-1242007014_CO,TSS,Inflow,111
39,-1242007014_CO,TSS,Inflow,111
7,-1242007014_CO,TSS,Inflow,112
180,-1242007014_CO,TSS,Inflow,112
52,-1242007014_CO,TSS,Inflow,112
89,-1242007014_CO,TSS,Inflow,112
40,-1242007014_CO,TSS,Inflow,112
8,-1242007014_CO,TSS,Inflow,113
52,-1242007014_CO,TSS,Inflow,113
176,-1242007014_CO,TSS,Inflow,113
103,-1242007014_CO,TSS,Inflow,113
58,-1242007014_CO,TSS,Inflow,113
176,-1242007014_CO,TSS,Inflow,114
8,-1242007014_CO,TSS,Inflow,114
18,-1242007014_CO,TSS,Inflow,114
232,-1242007014_CO,TSS,Inflow,114
18,-1242007014_CO,TSS,Inflow,114
180,-1242007014_CO,TSS,Inflow,115
39,-1242007014_CO,TSS,Inflow,115
18,-1242007014_CO,TSS,Inflow,115
58,-1242007014_CO,TSS,Inflow,115
103,-1242007014_CO,TSS,Inflow,115
18,-1242007014_CO,TSS,Inflow,116
8,-1242007014_CO,TSS,Inflow,116
180,-1242007014_CO,TSS,Inflow,116
232,-1242007014_CO,TSS,Inflow,116
18,-1242007014_CO,TSS,Inflow,116
89,-1242007014_CO,TSS,Inflow,117
176,-1242007014_CO,TSS,Inflow,117
40,-1242007014_CO,TSS,Inflow,117
52,-1242007014_CO,TSS,Inflow,117
7,-1242007014_CO,TSS,Inflow,117
42,-1242007014_CO,TSS,Inflow,118
176,-1242007014_CO,TSS,Inflow,118
52,-1242007014_CO,TSS,Inflow,118
103,-1242007014_CO,TSS,Inflow,118
89,-1242007014_CO,TSS,Inflow,118
180,-1242007014_CO,TSS,Inflow,119
7,-1242007014_CO,TSS,Inflow,119
39,-1242007014_CO,TSS,Inflow,119
103,-1242007014_CO,TSS,Inflow,119
52,-1242007014_CO,TSS,Inflow,119
40,-1242007014_CO,TSS,Inflow,120
7,-1242007014_CO,TSS,Inflow,120
89,-1242007014_CO,TSS,Inflow,120
18,-1242007014_CO,TSS,Inflow,120
39,-1242007014_CO,TSS,Inflow,120
176,-1242007014_CO,TSS,Inflow,121
58,-1242007014_CO,TSS,Inflow,121
18,-1242007014_CO,TSS,Inflow,121
18,-1242007014_CO,TSS,Inflow,121
103,-1242007014_CO,TSS,Inflow,121
39,-1242007014_CO,TSS,Inflow,122
7,-1242007014_CO,TSS,Inflow,122
40,-1242007014_CO,TSS,Inflow,122
232,-1242007014_CO,TSS,Inflow,122
180,-1242007014_CO,TSS,Inflow,122
39,-1242007014_CO,TSS,Inflow,123
176,-1242007014_CO,TSS,Inflow,123
58,-1242007014_CO,TSS,Inflow,123
42,-1242007014_CO,TSS,Inflow,123
18,-1242007014_CO,TSS,Inflow,123
40,-1242007014_CO,TSS,Inflow,124
89,-1242007014_CO,TSS,Inflow,124
52,-1242007014_CO,TSS,Inflow,124
58,-1242007014_CO,TSS,Inflow,124
52,-1242007014_CO,TSS,Inflow,124
18,-1242007014_CO,TSS,Inflow,125
42,-1242007014_CO,TSS,Inflow,125
103,-1242007014_CO,TSS,Inflow,125
8,-1242007014_CO,TSS,Inflow,125
89,-1242007014_CO,TSS,Inflow,125
89,-1242007014_CO,TSS,Inflow,126
180,-1242007014_CO,TSS,Inflow,126
58,-1242007014_CO,TSS,Inflow,126
7,-1242007014_CO,TSS,Inflow,126
42,-1242007014_CO,TSS,Inflow,126
58,-1242007014_CO,TSS,Inflow,127
52,-1242007014_CO,TSS,Inflow,127
18,-1242007014_CO,TSS,Inflow,127
8,-1242007014_CO,TSS,Inflow,127
180,-1242007014_CO,TSS,Inflow,127
42,-1242007014_CO,TSS,Inflow,128
18,-1242007014_CO,TSS,Inflow,128
40,-1242007014_CO,TSS,Inflow,128
52,-1242007014_CO,TSS,Inflow,128
8,-1242007014_CO,TSS,Inflow,128
52,-1242007014_CO,TSS,Inflow,129
39,-1242007014_CO,TSS,Inflow,129
89,-1242007014_CO,TSS,Inflow,129
8,-1242007014_CO,TSS,Inflow,129
232,-1242007014_CO,TSS,Inflow,129
8,-1242007014_CO,TSS,Inflow,130
103,-1242007014_CO,TSS,Inflow,130
180,-1242007014_CO,TSS,Inflow,130
39,-1242007014_CO,TSS,Inflow,130
40,-1242007014_CO,TSS,Inflow,130
18,-1242007014_CO,TSS,Inflow,131
40,-1242007014_CO,TSS,Inflow,131
8,-1242007014_CO,TSS,Inflow,131
89,-1242007014_CO,TSS,Inflow,131
176,-1242007014_CO,TSS,Inflow,131
89,-1242007014_CO,TSS,Inflow,132
176,-1242007014_CO,TSS,Inflow,132
52,-1242007014_CO,TSS,Inflow,132
18,-1242007014_CO,TSS,Inflow,132
18,-1242007014_CO,TSS,Inflow,132
232,-1242007014_CO,TSS,Inflow,133
52,-1242007014_CO,TSS,Inflow,133
89,-1242007014_CO,TSS,Inflow,133
18,-1242007014_CO,TSS,Inflow,133
39,-1242007014_CO,TSS,Inflow,133
40,-1242007014_CO,TSS,Inflow,134
232,-1242007014_CO,TSS,Inflow,134
52,-1242007014_CO,TSS,Inflow,134
42,-1242007014_CO,TSS,Inflow,134
39,-1242007014_CO,TSS,Inflow,134
7,-1242007014_CO,TSS,Inflow,135
8,-1242007014_CO,TSS,Inflow,135
39,-1242007014_CO,TSS,Inflow,135
18,-1242007014_CO,TSS,Inflow,135
52,-1242007014_CO,TSS,Inflow,135
40,-1242007014_CO,TSS,Inflow,136
42,-1242007014_CO,TSS,Inflow,136
39,-1242007014_CO,TSS,Inflow,136
52,-1242007014_CO,TSS,Inflow,136
232,-1242007014_CO,TSS,Inflow,136
52,-1242007014_CO,TSS,Inflow,137
176,-1242007014_CO,TSS,Inflow,137
40,-1242007014_CO,TSS,Inflow,137
7,-1242007014_CO,TSS,Inflow,137
8,-1242007014_CO,TSS,Inflow,137
7,-1242007014_CO,TSS,Inflow,138
58,-1242007014_CO,TSS,Inflow,138
42,-1242007014_CO,TSS,Inflow,138
18,-1242007014_CO,TSS,Inflow,138
89,-1242007014_CO,TSS,Inflow,138
58,-1242007014_CO,TSS,Inflow,139
52,-1242007014_CO,TSS,Inflow,139
42,-1242007014_CO,TSS,Inflow,139
103,-1242007014_CO,TSS,Inflow,139
232,-1242007014_CO,TSS,Inflow,139
39,-1242007014_CO,TSS,Inflow,140
103,-1242007014_CO,TSS,Inflow,140
42,-1242007014_CO,TSS,Inflow,140
18,-1242007014_CO,TSS,Inflow,140
180,-1242007014_CO,TSS,Inflow,140
180,-1242007014_CO,TSS,Inflow,141
39,-1242007014_CO,TSS,Inflow,141
58,-1242007014_CO,TSS,Inflow,141
103,-1242007014_CO,TSS,Inflow,141
40,-1242007014_CO,TSS,Inflow,141
58,-1242007014_CO,TSS,Inflow,142
89,-1242007014_CO,TSS,Inflow,142
42,-1242007014_CO,TSS,Inflow,142
180,-1242007014_CO,TSS,Inflow,142
39,-1242007014_CO,TSS,Inflow,142
8,-1242007014_CO,TSS,Inflow,143
7,-1242007014_CO,TSS,Inflow,143
18,-1242007014_CO,TSS,Inflow,143
39,-1242007014_CO,TSS,Inflow,143
180,-1242007014_CO,TSS,Inflow,143
18,-1242007014_CO,TSS,Inflow,144
103,-1242007014_CO,TSS,Inflow,144
232,-1242007014_CO,TSS,Inflow,144
7,-1242007014_CO,TSS,Inflow,144
180,-1242007014_CO,TSS,Inflow,144
18,-1242007014_CO,TSS,Inflow,145
89,-1242007014_CO,TSS,Inflow,145
52,-1242007014_CO,TSS,Inflow,145
18,-1242007014_CO,TSS,Inflow,145
40,-1242007014_CO,TSS,Inflow,145
40,-1242007014_CO,TSS,Inflow,146
52,-1242007014_CO,TSS,Inflow,146
39,-1242007014_CO,TSS,Inflow,146
103,-1242007014_CO,TSS,Inflow,146
89,-1242007014_CO,TSS,Inflow,146
52,-1242007014_CO,TSS,Inflow,147
39,-1242007014_CO,TSS,Inflow,147
8,-1242007014_CO,TSS,Inflow,147
89,-1242007014_CO,TSS,Inflow,147
40,-1242007014_CO,TSS,Inflow,147
39,-1242007014_CO,TSS,Inflow,148
52,-1242007014_CO,TSS,Inflow,148
42,-1242007014_CO,TSS,Inflow,148
58,-1242007014_CO,TSS,Inflow,148
18,-1242007014_CO,TSS,Inflow,148
103,-1242007014_CO,TSS,Inflow,149
180,-1242007014_CO,TSS,Inflow,149
89,-1242007014_CO,TSS,Inflow,149
176,-1242007014_CO,TSS,Inflow,149
52,-1242007014_CO,TSS,Inflow,149
232,-1242007014_CO,TSS,Inflow,150
7,-1242007014_CO,TSS,Inflow,150
39,-1242007014_CO,TSS,Inflow,150
176,-1242007014_CO,TSS,Inflow,150
58,-1242007014_CO,TSS,Inflow,150
58,-1242007014_CO,TSS,Inflow,151
40,-1242007014_CO,TSS,Inflow,151
89,-1242007014_CO,TSS,Inflow,151
18,-1242007014_CO,TSS,Inflow,151
52,-1242007014_CO,TSS,Inflow,151
7,-1242007014_CO,TSS,Inflow,152
176,-1242007014_CO,TSS,Inflow,152
232,-1242007014_CO,TSS,Inflow,152
18,-1242007014_CO,TSS,Inflow,152
40,-1242007014_CO,TSS,Inflow,152
8,-1242007014_CO,TSS,Inflow,153
103,-1242007014_CO,TSS,Inflow,153
52,-1242007014_CO,TSS,Inflow,153
7,-1242007014_CO,TSS,Inflow,153
58,-1242007014_CO,TSS,Inflow,153
58,-1242007014_CO,TSS,Inflow,154
52,-1242007014_CO,TSS,Inflow,154
232,-1242007014_CO,TSS,Inflow,154
40,-1242007014_CO,TSS,Inflow,154
89,-1242007014_CO,TSS,Inflow,154
7,-1242007014_CO,TSS,Inflow,155
52,-1242007014_CO,TSS,Inflow,155
42,-1242007014_CO,TSS,Inflow,155
40,-1242007014_CO,TSS,Inflow,155
58,-1242007014_CO,TSS,Inflow,155
52,-1242007014_CO,TSS,Inflow,156
18,-1242007014_CO,TSS,Inflow,156
8,-1242007014_CO,TSS,Inflow,156
40,-1242007014_CO,TSS,Inflow,156
232,-1242007014_CO,TSS,Inflow,156
7,-1242007014_CO,TSS,Inflow,157
180,-1242007014_CO,TSS,Inflow,157
232,-1242007014_CO,TSS,Inflow,157
52,-1242007014_CO,TSS,Inflow,157
176,-1242007014_CO,TSS,Inflow,157
52,-1242007014_CO,TSS,Inflow,158
18,-1242007014_CO,TSS,Inflow,158
180,-1242007014_CO,TSS,Inflow,158
42,-1242007014_CO,TSS,Inflow,158
39,-1242007014_CO,TSS,Inflow,158
52,-1242007014_CO,TSS,Inflow,159
232,-1242007014_CO,TSS,Inflow,159
42,-1242007014_CO,TSS,Inflow,159
39,-1242007014_CO,TSS,Inflow,159
180,-1242007014_CO,TSS,Inflow,159
40,-1242007014_CO,TSS,Inflow,160
52,-1242007014_CO,TSS,Inflow,160
176,-1242007014_CO,TSS,Inflow,160
18,-1242007014_CO,TSS,Inflow,160
7,-1242007014_CO,TSS,Inflow,160
176,-1242007014_CO,TSS,Inflow,161
52,-1242007014_CO,TSS,Inflow,161
232,-1242007014_CO,TSS,Inflow,161
89,-1242007014_CO,TSS,Inflow,161
52,-1242007014_CO,TSS,Inflow,161
58,-1242007014_CO,TSS,Inflow,162
7,-1242007014_CO,TSS,Inflow,162
18,-1242007014_CO,TSS,Inflow,162
176,-1242007014_CO,TSS,Inflow,162
103,-1242007014_CO,TSS,Inflow,162
8,-1242007014_CO,TSS,Inflow,163
40,-1242007014_CO,TSS,Inflow,163
176,-1242007014_CO,TSS,Inflow,163
7,-1242007014_CO,TSS,Inflow,163
58,-1242007014_CO,TSS,Inflow,163
18,-1242007014_CO,TSS,Inflow,164
18,-1242007014_CO,TSS,Inflow,164
176,-1242007014_CO,TSS,Inflow,164
58,-1242007014_CO,TSS,Inflow,164
232,-1242007014_CO,TSS,Inflow,164
8,-1242007014_CO,TSS,Inflow,165
18,-1242007014_CO,TSS,Inflow,165
176,-1242007014_CO,TSS,Inflow,165
42,-1242007014_CO,TSS,Inflow,165
52,-1242007014_CO,TSS,Inflow,165
40,-1242007014_CO,TSS,Inflow,166
18,-1242007014_CO,TSS,Inflow,166
52,-1242007014_CO,TSS,Inflow,166
89,-1242007014_CO,TSS,Inflow,166
180,-1242007014_CO,TSS,Inflow,166
8,-1242007014_CO,TSS,Inflow,167
232,-1242007014_CO,TSS,Inflow,167
103,-1242007014_CO,TSS,Inflow,167
39,-1242007014_CO,TSS,Inflow,167
52,-1242007014_CO,TSS,Inflow,167
40,-1242007014_CO,TSS,Inflow,168
176,-1242007014_CO,TSS,Inflow,168
18,-1242007014_CO,TSS,Inflow,168
39,-1242007014_CO,TSS,Inflow,168
52,-1242007014_CO,TSS,Inflow,168
52,-1242007014_CO,TSS,Inflow,169
39,-1242007014_CO,TSS,Inflow,169
18,-1242007014_CO,TSS,Inflow,169
7,-1242007014_CO,TSS,Inflow,169
89,-1242007014_CO,TSS,Inflow,169
89,-1242007014_CO,TSS,Inflow,170
58,-1242007014_CO,TSS,Inflow,170
7,-1242007014_CO,TSS,Inflow,170
8,-1242007014_CO,TSS,Inflow,170
39,-1242007014_CO,TSS,Inflow,170
8,-1242007014_CO,TSS,Inflow,171
18,-1242007014_CO,TSS,Inflow,171
40,-1242007014_CO,TSS,Inflow,171
232,-1242007014_CO,TSS,Inflow,171
42,-1242007014_CO,TSS,Inflow,171
42,-1242007014_CO,TSS,Inflow,172
232,-1242007014_CO,TSS,Inflow,172
52,-1242007014_CO,TSS,Inflow,172
176,-1242007014_CO,TSS,Inflow,172
18,-1242007014_CO,TSS,Inflow,172
103,-1242007014_CO,TSS,Inflow,173
40,-1242007014_CO,TSS,Inflow,173
176,-1242007014_CO,TSS,Inflow,173
58,-1242007014_CO,TSS,Inflow,173
8,-1242007014_CO,TSS,Inflow,173
8,-1242007014_CO,TSS,Inflow,174
18,-1242007014_CO,TSS,Inflow,174
42,-1242007014_CO,TSS,Inflow,174
103,-1242007014_CO,TSS,Inflow,174
180,-1242007014_CO,TSS,Inflow,174
40,-1242007014_CO,TSS,Inflow,175
7,-1242007014_CO,TSS,Inflow,175
18,-1242007014_CO,TSS,Inflow,175
89,-1242007014_CO,TSS,Inflow,175
58,-1242007014_CO,TSS,Inflow,175
180,-1242007014_CO,TSS,Inflow,176
40,-1242007014_CO,TSS,Inflow,176
39,-1242007014_CO,TSS,Inflow,176
18,-1242007014_CO,TSS,Inflow,176
52,-1242007014_CO,TSS,Inflow,176
232,-1242007014_CO,TSS,Inflow,177
18,-1242007014_CO,TSS,Inflow,177
18,-1242007014_CO,TSS,Inflow,177
176,-1242007014_CO,TSS,Inflow,177
8,-1242007014_CO,TSS,Inflow,177
52,-1242007014_CO,TSS,Inflow,178
18,-1242007014_CO,TSS,Inflow,178
7,-1242007014_CO,TSS,Inflow,178
58,-1242007014_CO,TSS,Inflow,178
232,-1242007014_CO,TSS,Inflow,178
8,-1242007014_CO,TSS,Inflow,179
39,-1242007014_CO,TSS,Inflow,179
42,-1242007014_CO,TSS,Inflow,179
18,-1242007014_CO,TSS,Inflow,179
58,-1242007014_CO,TSS,Inflow,179
232,-1242007014_CO,TSS,Inflow,180
42,-1242007014_CO,TSS,Inflow,180
52,-1242007014_CO,TSS,Inflow,180
18,-1242007014_CO,TSS,Inflow,180
8,-1242007014_CO,TSS,Inflow,180
8,-1242007014_CO,TSS,Inflow,181
176,-1242007014_CO,TSS,Inflow,181
232,-1242007014_CO,TSS,Inflow,181
18,-1242007014_CO,TSS,Inflow,181
7,-1242007014_CO,TSS,Inflow,181
18,-1242007014_CO,TSS,Inflow,182
58,-1242007014_CO,TSS,Inflow,182
103,-1242007014_CO,TSS,Inflow,182
8,-1242007014_CO,TSS,Inflow,182
18,-1242007014_CO,TSS,Inflow,182
7,-1242007014_CO,TSS,Inflow,183
52,-1242007014_CO,TSS,Inflow,183
58,-1242007014_CO,TSS,Inflow,183
39,-1242007014_CO,TSS,Inflow,183
180,-1242007014_CO,TSS,Inflow,183
58,-1242007014_CO,TSS,Inflow,184
52,-1242007014_CO,TSS,Inflow,184
176,-1242007014_CO,TSS,Inflow,184
103,-1242007014_CO,TSS,Inflow,184
39,-1242007014_CO,TSS,Inflow,184
8,-1242007014_CO,TSS,Inflow,185
232,-1242007014_CO,TSS,Inflow,185
18,-1242007014_CO,TSS,Inflow,185
7,-1242007014_CO,TSS,Inflow,185
176,-1242007014_CO,TSS,Inflow,185
18,-1242007014_CO,TSS,Inflow,186
176,-1242007014_CO,TSS,Inflow,186
89,-1242007014_CO,TSS,Inflow,186
42,-1242007014_CO,TSS,Inflow,186
180,-1242007014_CO,TSS,Inflow,186
52,-1242007014_CO,TSS,Inflow,187
7,-1242007014_CO,TSS,Inflow,187
232,-1242007014_CO,TSS,Inflow,187
103,-1242007014_CO,TSS,Inflow,187
176,-1242007014_CO,TSS,Inflow,187
7,-1242007014_CO,TSS,Inflow,188
40,-1242007014_CO,TSS,Inflow,188
18,-1242007014_CO,TSS,Inflow,188
176,-1242007014_CO,TSS,Inflow,188
180,-1242007014_CO,TSS,Inflow,188
39,-1242007014_CO,TSS,Inflow,189
7,-1242007014_CO,TSS,Inflow,189
180,-1242007014_CO,TSS,Inflow,189
18,-1242007014_CO,TSS,Inflow,189
52,-1242007014_CO,TSS,Inflow,189
180,-1242007014_CO,TSS,Inflow,190
18,-1242007014_CO,TSS,Inflow,190
176,-1242007014_CO,TSS,Inflow,190
58,-1242007014_CO,TSS,Inflow,190
18,-1242007014_CO,TSS,Inflow,190
18,-1242007014_CO,TSS,Inflow,191
103,-1242007014_CO,TSS,Inflow,191
39,-1242007014_CO,TSS,Inflow,191
18,-1242007014_CO,TSS,Inflow,191
52,-1242007014_CO,TSS,Inflow,191
52,-1242007014_CO,TSS,Inflow,192
180,-1242007014_CO,TSS,Inflow,192
42,-1242007014_CO,TSS,Inflow,192
89,-1242007014_CO,TSS,Inflow,192
18,-1242007014_CO,TSS,Inflow,192
52,-1242007014_CO,TSS,Inflow,193
7,-1242007014_CO,TSS,Inflow,193
58,-1242007014_CO,TSS,Inflow,193
89,-1242007014_CO,TSS,Inflow,193
232,-1242007014_CO,TSS,Inflow,193
52,-1242007014_CO,TSS,Inflow,194
42,-1242007014_CO,TSS,Inflow,194
180,-1242007014_CO,TSS,Inflow,194
39,-1242007014_CO,TSS,Inflow,194
18,-1242007014_CO,TSS,Inflow,194
42,-1242007014_CO,TSS,Inflow,195
39,-1242007014_CO,TSS,Inflow,195
180,-1242007014_CO,TSS,Inflow,195
103,-1242007014_CO,TSS,Inflow,195
58,-1242007014_CO,TSS,Inflow,195
18,-1242007014_CO,TSS,Inflow,196
89,-1242007014_CO,TSS,Inflow,196
103,-1242007014_CO,TSS,Inflow,196
232,-1242007014_CO,TSS,Inflow,196
8,-1242007014_CO,TSS,Inflow,196
18,-1242007014_CO,TSS,Inflow,197
42,-1242007014_CO,TSS,Inflow,197
7,-1242007014_CO,TSS,Inflow,197
52,-1242007014_CO,TSS,Inflow,197
103,-1242007014_CO,TSS,Inflow,197
7,-1242007014_CO,TSS,Inflow,198
42,-1242007014_CO,TSS,Inflow,198
180,-1242007014_CO,TSS,Inflow,198
52,-1242007014_CO,TSS,Inflow,198
176,-1242007014_CO,TSS,Inflow,198
89,-1242007014_CO,TSS,Inflow,199
103,-1242007014_CO,TSS,Inflow,199
52,-1242007014_CO,TSS,Inflow,199
58,-1242007014_CO,TSS,Inflow,199
7,-1242007014_CO,TSS,Inflow,199
232,-1242007014_CO,TSS,Inflow,200
40,-1242007014_CO,TSS,Inflow,200
7,-1242007014_CO,TSS,Inflow,200
180,-1242007014_CO,TSS,Inflow,200
42,-1242007014_CO,TSS,Inflow,200
18,-1242007014_CO,TSS,Inflow,201
40,-1242007014_CO,TSS,Inflow,201
42,-1242007014_CO,TSS,Inflow,201
52,-1242007014_CO,TSS,Inflow,201
18,-1242007014_CO,TSS,Inflow,201
7,-1242007014_CO,TSS,Inflow,202
18,-1242007014_CO,TSS,Inflow,202
39,-1242007014_CO,TSS,Inflow,202
89,-1242007014_CO,TSS,Inflow,202
40,-1242007014_CO,TSS,Inflow,202
8,-1242007014_CO,TSS,Inflow,203
89,-1242007014_CO,TSS,Inflow,203
39,-1242007014_CO,TSS,Inflow,203
40,-1242007014_CO,TSS,Inflow,203
42,-1242007014_CO,TSS,Inflow,203
7,-1242007014_CO,TSS,Inflow,204
89,-1242007014_CO,TSS,Inflow,204
52,-1242007014_CO,TSS,Inflow,204
18,-1242007014_CO,TSS,Inflow,204
232,-1242007014_CO,TSS,Inflow,204
89,-1242007014_CO,TSS,Inflow,205
42,-1242007014_CO,TSS,Inflow,205
18,-1242007014_CO,TSS,Inflow,205
40,-1242007014_CO,TSS,Inflow,205
7,-1242007014_CO,TSS,Inflow,205
39,-1242007014_CO,TSS,Inflow,206
89,-1242007014_CO,TSS,Inflow,206
7,-1242007014_CO,TSS,Inflow,206
18,-1242007014_CO,TSS,Inflow,206
42,-1242007014_CO,TSS,Inflow,206
180,-1242007014_CO,TSS,Inflow,207
52,-1242007014_CO,TSS,Inflow,207
39,-1242007014_CO,TSS,Inflow,207
52,-1242007014_CO,TSS,Inflow,207
176,-1242007014_CO,TSS,Inflow,207
39,-1242007014_CO,TSS,Inflow,208
52,-1242007014_CO,TSS,Inflow,208
42,-1242007014_CO,TSS,Inflow,208
7,-1242007014_CO,TSS,Inflow,208
52,-1242007014_CO,TSS,Inflow,208
176,-1242007014_CO,TSS,Inflow,209
89,-1242007014_CO,TSS,Inflow,209
40,-1242007014_CO,TSS,Inflow,209
232,-1242007014_CO,TSS,Inflow,209
18,-1242007014_CO,TSS,Inflow,209
52,-1242007014_CO,TSS,Inflow,210
18,-1242007014_CO,TSS,Inflow,210
58,-1242007014_CO,TSS,Inflow,210
176,-1242007014_CO,TSS,Inflow,210
39,-1242007014_CO,TSS,Inflow,210
52,-1242007014_CO,TSS,Inflow,211
42,-1242007014_CO,TSS,Inflow,211
89,-1242007014_CO,TSS,Inflow,211
180,-1242007014_CO,TSS,Inflow,211
7,-1242007014_CO,TSS,Inflow,211
7,-1242007014_CO,TSS,Inflow,212
52,-1242007014_CO,TSS,Inflow,212
40,-1242007014_CO,TSS,Inflow,212
18,-1242007014_CO,TSS,Inflow,212
42,-1242007014_CO,TSS,Inflow,212
103,-1242007014_CO,TSS,Inflow,213
52,-1242007014_CO,TSS,Inflow,213
58,-1242007014_CO,TSS,Inflow,213
89,-1242007014_CO,TSS,Inflow,213
52,-1242007014_CO,TSS,Inflow,213
18,-1242007014_CO,TSS,Inflow,214
52,-1242007014_CO,TSS,Inflow,214
40,-1242007014_CO,TSS,Inflow,214
42,-1242007014_CO,TSS,Inflow,214
103,-1242007014_CO,TSS,Inflow,214
52,-1242007014_CO,TSS,Inflow,215
176,-1242007014_CO,TSS,Inflow,215
232,-1242007014_CO,TSS,Inflow,215
7,-1242007014_CO,TSS,Inflow,215
52,-1242007014_CO,TSS,Inflow,215
176,-1242007014_CO,TSS,Inflow,216
18,-1242007014_CO,TSS,Inflow,216
39,-1242007014_CO,TSS,Inflow,216
7,-1242007014_CO,TSS,Inflow,216
89,-1242007014_CO,TSS,Inflow,216
39,-1242007014_CO,TSS,Inflow,217
8,-1242007014_CO,TSS,Inflow,217
180,-1242007014_CO,TSS,Inflow,217
58,-1242007014_CO,TSS,Inflow,217
40,-1242007014_CO,TSS,Inflow,217
42,-1242007014_CO,TSS,Inflow,218
40,-1242007014_CO,TSS,Inflow,218
232,-1242007014_CO,TSS,Inflow,218
103,-1242007014_CO,TSS,Inflow,218
176,-1242007014_CO,TSS,Inflow,218
40,-1242007014_CO,TSS,Inflow,219
52,-1242007014_CO,TSS,Inflow,219
89,-1242007014_CO,TSS,Inflow,219
52,-1242007014_CO,TSS,Inflow,219
103,-1242007014_CO,TSS,Inflow,219
8,-1242007014_CO,TSS,Inflow,220
42,-1242007014_CO,TSS,Inflow,220
89,-1242007014_CO,TSS,Inflow,220
18,-1242007014_CO,TSS,Inflow,220
18,-1242007014_CO,TSS,Inflow,220
18,-1242007014_CO,TSS,Inflow,221
8,-1242007014_CO,TSS,Inflow,221
103,-1242007014_CO,TSS,Inflow,221
176,-1242007014_CO,TSS,Inflow,221
42,-1242007014_CO,TSS,Inflow,221
8,-1242007014_CO,TSS,Inflow,222
176,-1242007014_CO,TSS,Inflow,222
103,-1242007014_CO,TSS,Inflow,222
7,-1242007014_CO,TSS,Inflow,222
232,-1242007014_CO,TSS,Inflow,222
52,-1242007014_CO,TSS,Inflow,223
89,-1242007014_CO,TSS,Inflow,223
8,-1242007014_CO,TSS,Inflow,223
7,-1242007014_CO,TSS,Inflow,223
39,-1242007014_CO,TSS,Inflow,223
39,-1242007014_CO,TSS,Inflow,224
232,-1242007014_CO,TSS,Inflow,224
18,-1242007014_CO,TSS,Inflow,224
58,-1242007014_CO,TSS,Inflow,224
7,-1242007014_CO,TSS,Inflow,224
42,-1242007014_CO,TSS,Inflow,225
8,-1242007014_CO,TSS,Inflow,225
58,-1242007014_CO,TSS,Inflow,225
18,-1242007014_CO,TSS,Inflow,225
52,-1242007014_CO,TSS,Inflow,225
52,-1242007014_CO,TSS,Inflow,226
176,-1242007014_CO,TSS,Inflow,226
89,-1242007014_CO,TSS,Inflow,226
103,-1242007014_CO,TSS,Inflow,226
232,-1242007014_CO,TSS,Inflow,226
7,-1242007014_CO,TSS,Inflow,227
176,-1242007014_CO,TSS,Inflow,227
8,-1242007014_CO,TSS,Inflow,227
39,-1242007014_CO,TSS,Inflow,227
52,-1242007014_CO,TSS,Inflow,227
40,-1242007014_CO,TSS,Inflow,228
180,-1242007014_CO,TSS,Inflow,228
58,-1242007014_CO,TSS,Inflow,228
232,-1242007014_CO,TSS,Inflow,228
8,-1242007014_CO,TSS,Inflow,228
52,-1242007014_CO,TSS,Inflow,229
18,-1242007014_CO,TSS,Inflow,229
180,-1242007014_CO,TSS,Inflow,229
7,-1242007014_CO,TSS,Inflow,229
89,-1242007014_CO,TSS,Inflow,229
7,-1242007014_CO,TSS,Inflow,230
40,-1242007014_CO,TSS,Inflow,230
39,-1242007014_CO,TSS,Inflow,230
18,-1242007014_CO,TSS,Inflow,230
58,-1242007014_CO,TSS,Inflow,230
180,-1242007014_CO,TSS,Inflow,231
89,-1242007014_CO,TSS,Inflow,231
18,-1242007014_CO,TSS,Inflow,231
52,-1242007014_CO,TSS,Inflow,231
7,-1242007014_CO,TSS,Inflow,231
180,-1242007014_CO,TSS,Inflow,232
18,-1242007014_CO,TSS,Inflow,232
39,-1242007014_CO,TSS,Inflow,232
103,-1242007014_CO,TSS,Inflow,232
52,-1242007014_CO,TSS,Inflow,232
232,-1242007014_CO,TSS,Inflow,233
8,-1242007014_CO,TSS,Inflow,233
89,-1242007014_CO,TSS,Inflow,233
7,-1242007014_CO,TSS,Inflow,233
52,-1242007014_CO,TSS,Inflow,233
8,-1242007014_CO,TSS,Inflow,234
39,-1242007014_CO,TSS,Inflow,234
180,-1242007014_CO,TSS,Inflow,234
89,-1242007014_CO,TSS,Inflow,234
7,-1242007014_CO,TSS,Inflow,234
176,-1242007014_CO,TSS,Inflow,235
103,-1242007014_CO,TSS,Inflow,235
52,-1242007014_CO,TSS,Inflow,235
180,-1242007014_CO,TSS,Inflow,235
42,-1242007014_CO,TSS,Inflow,235
8,-1242007014_CO,TSS,Inflow,236
58,-1242007014_CO,TSS,Inflow,236
103,-1242007014_CO,TSS,Inflow,236
42,-1242007014_CO,TSS,Inflow,236
18,-1242007014_CO,TSS,Inflow,236
232,-1242007014_CO,TSS,Inflow,237
52,-1242007014_CO,TSS,Inflow,237
18,-1242007014_CO,TSS,Inflow,237
39,-1242007014_CO,TSS,Inflow,237
42,-1242007014_CO,TSS,Inflow,237
40,-1242007014_CO,TSS,Inflow,238
39,-1242007014_CO,TSS,Inflow,238
58,-1242007014_CO,TSS,Inflow,238
18,-1242007014_CO,TSS,Inflow,238
176,-1242007014_CO,TSS,Inflow,238
18,-1242007014_CO,TSS,Inflow,239
180,-1242007014_CO,TSS,Inflow,239
176,-1242007014_CO,TSS,Inflow,239
89,-1242007014_CO,TSS,Inflow,239
52,-1242007014_CO,TSS,Inflow,239
58,-1242007014_CO,TSS,Inflow,240
7,-1242007014_CO,TSS,Inflow,240
52,-1242007014_CO,TSS,Inflow,240
176,-1242007014_CO,TSS,Inflow,240
180,-1242007014_CO,TSS,Inflow,240
89,-1242007014_CO,TSS,Inflow,241
40,-1242007014_CO,TSS,Inflow,241
58,-1242007014_CO,TSS,Inflow,241
7,-1242007014_CO,TSS,Inflow,241
176,-1242007014_CO,TSS,Inflow,241
7,-1242007014_CO,TSS,Inflow,242
176,-1242007014_CO,TSS,Inflow,242
42,-1242007014_CO,TSS,Inflow,242
52,-1242007014_CO,TSS,Inflow,242
52,-1242007014_CO,TSS,Inflow,242
52,-1242007014_CO,TSS,Inflow,243
180,-1242007014_CO,TSS,Inflow,243
89,-1242007014_CO,TSS,Inflow,243
176,-1242007014_CO,TSS,Inflow,243
58,-1242007014_CO,TSS,Inflow,243
103,-1242007014_CO,TSS,Inflow,244
40,-1242007014_CO,TSS,Inflow,244
18,-1242007014_CO,TSS,Inflow,244
39,-1242007014_CO,TSS,Inflow,244
180,-1242007014_CO,TSS,Inflow,244
58,-1242007014_CO,TSS,Inflow,245
180,-1242007014_CO,TSS,Inflow,245
232,-1242007014_CO,TSS,Inflow,245
7,-1242007014_CO,TSS,Inflow,245
52,-1242007014_CO,TSS,Inflow,245
18,-1242007014_CO,TSS,Inflow,246
52,-1242007014_CO,TSS,Inflow,246
89,-1242007014_CO,TSS,Inflow,246
39,-1242007014_CO,TSS,Inflow,246
52,-1242007014_CO,TSS,Inflow,246
40,-1242007014_CO,TSS,Inflow,247
39,-1242007014_CO,TSS,Inflow,247
103,-1242007014_CO,TSS,Inflow,247
52,-1242007014_CO,TSS,Inflow,247
58,-1242007014_CO,TSS,Inflow,247
58,-1242007014_CO,TSS,Inflow,248
8,-1242007014_CO,TSS,Inflow,248
7,-1242007014_CO,TSS,Inflow,248
103,-1242007014_CO,TSS,Inflow,248
232,-1242007014_CO,TSS,Inflow,248
52,-1242007014_CO,TSS,Inflow,249
89,-1242007014_CO,TSS,Inflow,249
18,-1242007014_CO,TSS,Inflow,249
39,-1242007014_CO,TSS,Inflow,249
176,-1242007014_CO,TSS,Inflow,249
52,-1242007014_CO,TSS,Inflow,250
18,-1242007014_CO,TSS,Inflow,250
232,-1242007014_CO,TSS,Inflow,250
103,-1242007014_CO,TSS,Inflow,250
42,-1242007014_CO,TSS,Inflow,250
18,-1242007014_CO,TSS,Inflow,251
232,-1242007014_CO,TSS,Inflow,251
58,-1242007014_CO,TSS,Inflow,251
180,-1242007014_CO,TSS,Inflow,251
89,-1242007014_CO,TSS,Inflow,251
58,-1242007014_CO,TSS,Inflow,252
52,-1242007014_CO,TSS,Inflow,252
176,-1242007014_CO,TSS,Inflow,252
40,-1242007014_CO,TSS,Inflow,252
7,-1242007014_CO,TSS,Inflow,252
180,-1242007014_CO,TSS,Inflow,253
18,-1242007014_CO,TSS,Inflow,253
7,-1242007014_CO,TSS,Inflow,253
8,-1242007014_CO,TSS,Inflow,253
103,-1242007014_CO,TSS,Inflow,253
18,-1242007014_CO,TSS,Inflow,254
58,-1242007014_CO,TSS,Inflow,254
7,-1242007014_CO,TSS,Inflow,254
42,-1242007014_CO,TSS,Inflow,254
40,-1242007014_CO,TSS,Inflow,254
176,-1242007014_CO,TSS,Inflow,255
39,-1242007014_CO,TSS,Inflow,255
58,-1242007014_CO,TSS,Inflow,255
42,-1242007014_CO,TSS,Inflow,255
103,-1242007014_CO,TSS,Inflow,255
7,-1242007014_CO,TSS,Inflow,256
8,-1242007014_CO,TSS,Inflow,256
58,-1242007014_CO,TSS,Inflow,256
89,-1242007014_CO,TSS,Inflow,256
18,-1242007014_CO,TSS,Inflow,256
176,-1242007014_CO,TSS,Inflow,257
89,-1242007014_CO,TSS,Inflow,257
8,-1242007014_CO,TSS,Inflow,257
58,-1242007014_CO,TSS,Inflow,257
40,-1242007014_CO,TSS,Inflow,257
18,-1242007014_CO,TSS,Inflow,258
58,-1242007014_CO,TSS,Inflow,258
232,-1242007014_CO,TSS,Inflow,258
40,-1242007014_CO,TSS,Inflow,258
52,-1242007014_CO,TSS,Inflow,258
89,-1242007014_CO,TSS,Inflow,259
7,-1242007014_CO,TSS,Inflow,259
103,-1242007014_CO,TSS,Inflow,259
180,-1242007014_CO,TSS,Inflow,259
42,-1242007014_CO,TSS,Inflow,259
40,-1242007014_CO,TSS,Inflow,260
232,-1242007014_CO,TSS,Inflow,260
8,-1242007014_CO,TSS,Inflow,260
52,-1242007014_CO,TSS,Inflow,260
7,-1242007014_CO,TSS,Inflow,260
39,-1242007014_CO,TSS,Inflow,261
232,-1242007014_CO,TSS,Inflow,261
18,-1242007014_CO,TSS,Inflow,261
42,-1242007014_CO,TSS,Inflow,261
52,-1242007014_CO,TSS,Inflow,261
232,-1242007014_CO,TSS,Inflow,262
52,-1242007014_CO,TSS,Inflow,262
39,-1242007014_CO,TSS,Inflow,262
18,-1242007014_CO,TSS,Inflow,262
89,-1242007014_CO,TSS,Inflow,262
58,-1242007014_CO,TSS,Inflow,263
52,-1242007014_CO,TSS,Inflow,263
176,-1242007014_CO,TSS,Inflow,263
232,-1242007014_CO,TSS,Inflow,263
18,-1242007014_CO,TSS,Inflow,263
232,-1242007014_CO,TSS,Inflow,264
18,-1242007014_CO,TSS,Inflow,264
180,-1242007014_CO,TSS,Inflow,264
40,-1242007014_CO,TSS,Inflow,264
52,-1242007014_CO,TSS,Inflow,264
18,-1242007014_CO,TSS,Inflow,265
176,-1242007014_CO,TSS,Inflow,265
52,-1242007014_CO,TSS,Inflow,265
7,-1242007014_CO,TSS,Inflow,265
42,-1242007014_CO,TSS,Inflow,265
8,-1242007014_CO,TSS,Inflow,266
18,-1242007014_CO,TSS,Inflow,266
232,-1242007014_CO,TSS,Inflow,266
39,-1242007014_CO,TSS,Inflow,266
52,-1242007014_CO,TSS,Inflow,266
176,-1242007014_CO,TSS,Inflow,267
42,-1242007014_CO,TSS,Inflow,267
180,-1242007014_CO,TSS,Inflow,267
8,-1242007014_CO,TSS,Inflow,267
18,-1242007014_CO,TSS,Inflow,267
39,-1242007014_CO,TSS,Inflow,268
52,-1242007014_CO,TSS,Inflow,268
232,-1242007014_CO,TSS,Inflow,268
52,-1242007014_CO,TSS,Inflow,268
176,-1242007014_CO,TSS,Inflow,268
52,-1242007014_CO,TSS,Inflow,269
18,-1242007014_CO,TSS,Inflow,269
39,-1242007014_CO,TSS,Inflow,269
8,-1242007014_CO,TSS,Inflow,269
40,-1242007014_CO,TSS,Inflow,269
7,-1242007014_CO,TSS,Inflow,270
8,-1242007014_CO,TSS,Inflow,270
18,-1242007014_CO,TSS,Inflow,270
180,-1242007014_CO,TSS,Inflow,270
39,-1242007014_CO,TSS,Inflow,270
232,-1242007014_CO,TSS,Inflow,271
52,-1242007014_CO,TSS,Inflow,271
176,-1242007014_CO,TSS,Inflow,271
18,-1242007014_CO,TSS,Inflow,271
180,-1242007014_CO,TSS,Inflow,271
180,-1242007014_CO,TSS,Inflow,272
176,-1242007014_CO,TSS,Inflow,272
89,-1242007014_CO,TSS,Inflow,272
39,-1242007014_CO,TSS,Inflow,272
103,-1242007014_CO,TSS,Inflow,272
40,-1242007014_CO,TSS,Inflow,273
89,-1242007014_CO,TSS,Inflow,273
18,-1242007014_CO,TSS,Inflow,273
39,-1242007014_CO,TSS,Inflow,273
52,-1242007014_CO,TSS,Inflow,273
8,-1242007014_CO,TSS,Inflow,274
180,-1242007014_CO,TSS,Inflow,274
18,-1242007014_CO,TSS,Inflow,274
52,-1242007014_CO,TSS,Inflow,274
232,-1242007014_CO,TSS,Inflow,274
42,-1242007014_CO,TSS,Inflow,275
232,-1242007014_CO,TSS,Inflow,275
18,-1242007014_CO,TSS,Inflow,275
89,-1242007014_CO,TSS,Inflow,275
18,-1242007014_CO,TSS,Inflow,275
52,-1242007014_CO,TSS,Inflow,276
18,-1242007014_CO,TSS,Inflow,276
176,-1242007014_CO,TSS,Inflow,276
39,-1242007014_CO,TSS,Inflow,276
180,-1242007014_CO,TSS,Inflow,276
52,-1242007014_CO,TSS,Inflow,277
7,-1242007014_CO,TSS,Inflow,277
89,-1242007014_CO,TSS,Inflow,277
58,-1242007014_CO,TSS,Inflow,277
39,-1242007014_CO,TSS,Inflow,277
40,-1242007014_CO,TSS,Inflow,278
52,-1242007014_CO,TSS,Inflow,278
58,-1242007014_CO,TSS,Inflow,278
52,-1242007014_CO,TSS,Inflow,278
18,-1242007014_CO,TSS,Inflow,278
232,-1242007014_CO,TSS,Inflow,279
18,-1242007014_CO,TSS,Inflow,279
52,-1242007014_CO,TSS,Inflow,279
8,-1242007014_CO,TSS,Inflow,279
39,-1242007014_CO,TSS,Inflow,279
232,-1242007014_CO,TSS,Inflow,280
7,-1242007014_CO,TSS,Inflow,280
8,-1242007014_CO,TSS,Inflow,280
103,-1242007014_CO,TSS,Inflow,280
176,-1242007014_CO,TSS,Inflow,280
103,-1242007014_CO,TSS,Inflow,281
18,-1242007014_CO,TSS,Inflow,281
232,-1242007014_CO,TSS,Inflow,281
42,-1242007014_CO,TSS,Inflow,281
89,-1242007014_CO,TSS,Inflow,281
89,-1242007014_CO,TSS,Inflow,282
8,-1242007014_CO,TSS,Inflow,282
232,-1242007014_CO,TSS,Inflow,282
7,-1242007014_CO,TSS,Inflow,282
103,-1242007014_CO,TSS,Inflow,282
58,-1242007014_CO,TSS,Inflow,283
39,-1242007014_CO,TSS,Inflow,283
180,-1242007014_CO,TSS,Inflow,283
7,-1242007014_CO,TSS,Inflow,283
232,-1242007014_CO,TSS,Inflow,283
18,-1242007014_CO,TSS,Inflow,284
103,-1242007014_CO,TSS,Inflow,284
42,-1242007014_CO,TSS,Inflow,284
39,-1242007014_CO,TSS,Inflow,284
7,-1242007014_CO,TSS,Inflow,284
39,-1242007014_CO,TSS,Inflow,285
40,-1242007014_CO,TSS,Inflow,285
42,-1242007014_CO,TSS,Inflow,285
180,-1242007014_CO,TSS,Inflow,285
58,-1242007014_CO,TSS,Inflow,285
58,-1242007014_CO,TSS,Inflow,286
52,-1242007014_CO,TSS,Inflow,286
180,-1242007014_CO,TSS,Inflow,286
18,-1242007014_CO,TSS,Inflow,286
18,-1242007014_CO,TSS,Inflow,286
176,-1242007014_CO,TSS,Inflow,287
18,-1242007014_CO,TSS,Inflow,287
52,-1242007014_CO,TSS,Inflow,287
180,-1242007014_CO,TSS,Inflow,287
7,-1242007014_CO,TSS,Inflow,287
180,-1242007014_CO,TSS,Inflow,288
18,-1242007014_CO,TSS,Inflow,288
52,-1242007014_CO,TSS,Inflow,288
40,-1242007014_CO,TSS,Inflow,288
52,-1242007014_CO,TSS,Inflow,288
103,-1242007014_CO,TSS,Inflow,289
180,-1242007014_CO,TSS,Inflow,289
7,-1242007014_CO,TSS,Inflow,289
18,-1242007014_CO,TSS,Inflow,289
42,-1242007014_CO,TSS,Inflow,289
52,-1242007014_CO,TSS,Inflow,290
40,-1242007014_CO,TSS,Inflow,290
8,-1242007014_CO,TSS,Inflow,290
7,-1242007014_CO,TSS,Inflow,290
42,-1242007014_CO,TSS,Inflow,290
232,-1242007014_CO,TSS,Inflow,291
8,-1242007014_CO,TSS,Inflow,291
176,-1242007014_CO,TSS,Inflow,291
18,-1242007014_CO,TSS,Inflow,291
103,-1242007014_CO,TSS,Inflow,291
89,-1242007014_CO,TSS,Inflow,292
103,-1242007014_CO,TSS,Inflow,292
18,-1242007014_CO,TSS,Inflow,292
232,-1242007014_CO,TSS,Inflow,292
7,-1242007014_CO,TSS,Inflow,292
42,-1242007014_CO,TSS,Inflow,293
39,-1242007014_CO,TSS,Inflow,293
58,-1242007014_CO,TSS,Inflow,293
89,-1242007014_CO,TSS,Inflow,293
7,-1242007014_CO,TSS,Inflow,293
176,-1242007014_CO,TSS,Inflow,294
232,-1242007014_CO,TSS,Inflow,294
42,-1242007014_CO,TSS,Inflow,294
103,-1242007014_CO,TSS,Inflow,294
52,-1242007014_CO,TSS,Inflow,294
39,-1242007014_CO,TSS,Inflow,295
58,-1242007014_CO,TSS,Inflow,295
40,-1242007014_CO,TSS,Inflow,295
52,-1242007014_CO,TSS,Inflow,295
8,-1242007014_CO,TSS,Inflow,295
40,-1242007014_CO,TSS,Inflow,296
18,-1242007014_CO,TSS,Inflow,296
52,-1242007014_CO,TSS,Inflow,296
7,-1242007014_CO,TSS,Inflow,296
42,-1242007014_CO,TSS,Inflow,296
58,-1242007014_CO,TSS,Inflow,297
7,-1242007014_CO,TSS,Inflow,297
89,-1242007014_CO,TSS,Inflow,297
18,-1242007014_CO,TSS,Inflow,297
8,-1242007014_CO,TSS,Inflow,297
18,-1242007014_CO,TSS,Inflow,298
103,-1242007014_CO,TSS,Inflow,298
40,-1242007014_CO,TSS,Inflow,298
18,-1242007014_CO,TSS,Inflow,298
176,-1242007014_CO,TSS,Inflow,298
232,-1242007014_CO,TSS,Inflow,299
103,-1242007014_CO,TSS,Inflow,299
40,-1242007014_CO,TSS,Inflow,299
176,-1242007014_CO,TSS,Inflow,299
39,-1242007014_CO,TSS,Inflow,299
103,-1242007014_CO,TSS,Inflow,300
180,-1242007014_CO,TSS,Inflow,300
39,-1242007014_CO,TSS,Inflow,300
232,-1242007014_CO,TSS,Inflow,300
89,-1242007014_CO,TSS,Inflow,300
18,-1242007014_CO,TSS,Inflow,301
180,-1242007014_CO,TSS,Inflow,301
39,-1242007014_CO,TSS,Inflow,301
18,-1242007014_CO,TSS,Inflow,301
176,-1242007014_CO,TSS,Inflow,301
8,-1242007014_CO,TSS,Inflow,302
40,-1242007014_CO,TSS,Inflow,302
18,-1242007014_CO,TSS,Inflow,302
176,-1242007014_CO,TSS,Inflow,302
18,-1242007014_CO,TSS,Inflow,302
176,-1242007014_CO,TSS,Inflow,303
103,-1242007014_CO,TSS,Inflow,303
232,-1242007014_CO,TSS,Inflow,303
89,-1242007014_CO,TSS,Inflow,303
18,-1242007014_CO,TSS,Inflow,303
18,-1242007014_CO,TSS,Inflow,304
103,-1242007014_CO,TSS,Inflow,304
8,-1242007014_CO,TSS,Inflow,304
7,-1242007014_CO,TSS,Inflow,304
180,-1242007014_CO,TSS,Inflow,304
7,-1242007014_CO,TSS,Inflow,305
52,-1242007014_CO,TSS,Inflow,305
39,-1242007014_CO,TSS,Inflow,305
58,-1242007014_CO,TSS,Inflow,305
52,-1242007014_CO,TSS,Inflow,305
52,-1242007014_CO,TSS,Inflow,306
58,-1242007014_CO,TSS,Inflow,306
7,-1242007014_CO,TSS,Inflow,306
18,-1242007014_CO,TSS,Inflow,306
176,-1242007014_CO,TSS,Inflow,306
232,-1242007014_CO,TSS,Inflow,307
52,-1242007014_CO,TSS,Inflow,307
18,-1242007014_CO,TSS,Inflow,307
176,-1242007014_CO,TSS,Inflow,307
52,-1242007014_CO,TSS,Inflow,307
40,-1242007014_CO,TSS,Inflow,308
103,-1242007014_CO,TSS,Inflow,308
8,-1242007014_CO,TSS,Inflow,308
52,-1242007014_CO,TSS,Inflow,308
42,-1242007014_CO,TSS,Inflow,308
18,-1242007014_CO,TSS,Inflow,309
7,-1242007014_CO,TSS,Inflow,309
58,-1242007014_CO,TSS,Inflow,309
52,-1242007014_CO,TSS,Inflow,309
18,-1242007014_CO,TSS,Inflow,309
180,-1242007014_CO,TSS,Inflow,310
40,-1242007014_CO,TSS,Inflow,310
103,-1242007014_CO,TSS,Inflow,310
7,-1242007014_CO,TSS,Inflow,310
89,-1242007014_CO,TSS,Inflow,310
103,-1242007014_CO,TSS,Inflow,311
180,-1242007014_CO,TSS,Inflow,311
40,-1242007014_CO,TSS,Inflow,311
42,-1242007014_CO,TSS,Inflow,311
232,-1242007014_CO,TSS,Inflow,311
39,-1242007014_CO,TSS,Inflow,312
42,-1242007014_CO,TSS,Inflow,312
58,-1242007014_CO,TSS,Inflow,312
18,-1242007014_CO,TSS,Inflow,312
176,-1242007014_CO,TSS,Inflow,312
176,-1242007014_CO,TSS,Inflow,313
103,-1242007014_CO,TSS,Inflow,313
8,-1242007014_CO,TSS,Inflow,313
18,-1242007014_CO,TSS,Inflow,313
40,-1242007014_CO,TSS,Inflow,313
18,-1242007014_CO,TSS,Inflow,314
58,-1242007014_CO,TSS,Inflow,314
52,-1242007014_CO,TSS,Inflow,314
7,-1242007014_CO,TSS,Inflow,314
180,-1242007014_CO,TSS,Inflow,314
52,-1242007014_CO,TSS,Inflow,315
58,-1242007014_CO,TSS,Inflow,315
52,-1242007014_CO,TSS,Inflow,315
8,-1242007014_CO,TSS,Inflow,315
40,-1242007014_CO,TSS,Inflow,315
42,-1242007014_CO,TSS,Inflow,316
176,-1242007014_CO,TSS,Inflow,316
52,-1242007014_CO,TSS,Inflow,316
103,-1242007014_CO,TSS,Inflow,316
89,-1242007014_CO,TSS,Inflow,316
52,-1242007014_CO,TSS,Inflow,317
7,-1242007014_CO,TSS,Inflow,317
42,-1242007014_CO,TSS,Inflow,317
180,-1242007014_CO,TSS,Inflow,317
89,-1242007014_CO,TSS,Inflow,317
176,-1242007014_CO,TSS,Inflow,318
232,-1242007014_CO,TSS,Inflow,318
42,-1242007014_CO,TSS,Inflow,318
40,-1242007014_CO,TSS,Inflow,318
58,-1242007014_CO,TSS,Inflow,318
40,-1242007014_CO,TSS,Inflow,319
52,-1242007014_CO,TSS,Inflow,319
8,-1242007014_CO,TSS,Inflow,319
7,-1242007014_CO,TSS,Inflow,319
58,-1242007014_CO,TSS,Inflow,319
39,-1242007014_CO,TSS,Inflow,320
176,-1242007014_CO,TSS,Inflow,320
58,-1242007014_CO,TSS,Inflow,320
42,-1242007014_CO,TSS,Inflow,320
18,-1242007014_CO,TSS,Inflow,320
7,-1242007014_CO,TSS,Inflow,321
18,-1242007014_CO,TSS,Inflow,321
42,-1242007014_CO,TSS,Inflow,321
40,-1242007014_CO,TSS,Inflow,321
176,-1242007014_CO,TSS,Inflow,321
52,-1242007014_CO,TSS,Inflow,322
232,-1242007014_CO,TSS,Inflow,322
52,-1242007014_CO,TSS,Inflow,322
58,-1242007014_CO,TSS,Inflow,322
180,-1242007014_CO,TSS,Inflow,322
58,-1242007014_CO,TSS,Inflow,323
52,-1242007014_CO,TSS,Inflow,323
176,-1242007014_CO,TSS,Inflow,323
180,-1242007014_CO,TSS,Inflow,323
42,-1242007014_CO,TSS,Inflow,323
58,-1242007014_CO,TSS,Inflow,324
52,-1242007014_CO,TSS,Inflow,324
232,-1242007014_CO,TSS,Inflow,324
39,-1242007014_CO,TSS,Inflow,324
180,-1242007014_CO,TSS,Inflow,324
52,-1242007014_CO,TSS,Inflow,325
42,-1242007014_CO,TSS,Inflow,325
18,-1242007014_CO,TSS,Inflow,325
103,-1242007014_CO,TSS,Inflow,325
89,-1242007014_CO,TSS,Inflow,325
18,-1242007014_CO,TSS,Inflow,326
58,-1242007014_CO,TSS,Inflow,326
42,-1242007014_CO,TSS,Inflow,326
52,-1242007014_CO,TSS,Inflow,326
103,-1242007014_CO,TSS,Inflow,326
40,-1242007014_CO,TSS,Inflow,327
180,-1242007014_CO,TSS,Inflow,327
89,-1242007014_CO,TSS,Inflow,327
58,-1242007014_CO,TSS,Inflow,327
8,-1242007014_CO,TSS,Inflow,327
18,-1242007014_CO,TSS,Inflow,328
180,-1242007014_CO,TSS,Inflow,328
89,-1242007014_CO,TSS,Inflow,328
176,-1242007014_CO,TSS,Inflow,328
52,-1242007014_CO,TSS,Inflow,328
40,-1242007014_CO,TSS,Inflow,329
180,-1242007014_CO,TSS,Inflow,329
39,-1242007014_CO,TSS,Inflow,329
176,-1242007014_CO,TSS,Inflow,329
18,-1242007014_CO,TSS,Inflow,329
42,-1242007014_CO,TSS,Inflow,330
18,-1242007014_CO,TSS,Inflow,330
89,-1242007014_CO,TSS,Inflow,330
232,-1242007014_CO,TSS,Inflow,330
52,-1242007014_CO,TSS,Inflow,330
232,-1242007014_CO,TSS,Inflow,331
40,-1242007014_CO,TSS,Inflow,331
8,-1242007014_CO,TSS,Inflow,331
7,-1242007014_CO,TSS,Inflow,331
103,-1242007014_CO,TSS,Inflow,331
58,-1242007014_CO,TSS,Inflow,332
18,-1242007014_CO,TSS,Inflow,332
180,-1242007014_CO,TSS,Inflow,332
103,-1242007014_CO,TSS,Inflow,332
232,-1242007014_CO,TSS,Inflow,332
103,-1242007014_CO,TSS,Inflow,333
89,-1242007014_CO,TSS,Inflow,333
232,-1242007014_CO,TSS,Inflow,333
8,-1242007014_CO,TSS,Inflow,333
58,-1242007014_CO,TSS,Inflow,333
18,-1242007014_CO,TSS,Inflow,334
89,-1242007014_CO,TSS,Inflow,334
39,-1242007014_CO,TSS,Inflow,334
103,-1242007014_CO,TSS,Inflow,334
8,-1242007014_CO,TSS,Inflow,334
52,-1242007014_CO,TSS,Inflow,335
7,-1242007014_CO,TSS,Inflow,335
232,-1242007014_CO,TSS,Inflow,335
39,-1242007014_CO,TSS,Inflow,335
180,-1242007014_CO,TSS,Inflow,335
40,-1242007014_CO,TSS,Inflow,336
89,-1242007014_CO,TSS,Inflow,336
42,-1242007014_CO,TSS,Inflow,336
18,-1242007014_CO,TSS,Inflow,336
39,-1242007014_CO,TSS,Inflow,336
58,-1242007014_CO,TSS,Inflow,337
42,-1242007014_CO,TSS,Inflow,337
7,-1242007014_CO,TSS,Inflow,337
52,-1242007014_CO,TSS,Inflow,337
18,-1242007014_CO,TSS,Inflow,337
40,-1242007014_CO,TSS,Inflow,338
176,-1242007014_CO,TSS,Inflow,338
89,-1242007014_CO,TSS,Inflow,338
180,-1242007014_CO,TSS,Inflow,338
39,-1242007014_CO,TSS,Inflow,338
18,-1242007014_CO,TSS,Inflow,339
176,-1242007014_CO,TSS,Inflow,339
8,-1242007014_CO,TSS,Inflow,339
52,-1242007014_CO,TSS,Inflow,339
180,-1242007014_CO,TSS,Inflow,339
39,-1242007014_CO,TSS,Inflow,340
40,-1242007014_CO,TSS,Inflow,340
7,-1242007014_CO,TSS,Inflow,340
180,-1242007014_CO,TSS,Inflow,340
8,-1242007014_CO,TSS,Inflow,340
18,-1242007014_CO,TSS,Inflow,341
89,-1242007014_CO,TSS,Inflow,341
40,-1242007014_CO,TSS,Inflow,341
52,-1242007014_CO,TSS,Inflow,341
18,-1242007014_CO,TSS,Inflow,341
39,-1242007014_CO,TSS,Inflow,342
58,-1242007014_CO,TSS,Inflow,342
18,-1242007014_CO,TSS,Inflow,342
176,-1242007014_CO,TSS,Inflow,342
180,-1242007014_CO,TSS,Inflow,342
58,-1242007014_CO,TSS,Inflow,343
7,-1242007014_CO,TSS,Inflow,343
52,-1242007014_CO,TSS,Inflow,343
39,-1242007014_CO,TSS,Inflow,343
232,-1242007014_CO,TSS,Inflow,343
18,-1242007014_CO,TSS,Inflow,344
89,-1242007014_CO,TSS,Inflow,344
42,-1242007014_CO,TSS,Inflow,344
232,-1242007014_CO,TSS,Inflow,344
39,-1242007014_CO,TSS,Inflow,344
180,-1242007014_CO,TSS,Inflow,345
52,-1242007014_CO,TSS,Inflow,345
103,-1242007014_CO,TSS,Inflow,345
8,-1242007014_CO,TSS,Inflow,345
40,-1242007014_CO,TSS,Inflow,345
18,-1242007014_CO,TSS,Inflow,346
8,-1242007014_CO,TSS,Inflow,346
40,-1242007014_CO,TSS,Inflow,346
89,-1242007014_CO,TSS,Inflow,346
232,-1242007014_CO,TSS,Inflow,346
7,-1242007014_CO,TSS,Inflow,347
40,-1242007014_CO,TSS,Inflow,347
89,-1242007014_CO,TSS,Inflow,347
180,-1242007014_CO,TSS,Inflow,347
52,-1242007014_CO,TSS,Inflow,347
7,-1242007014_CO,TSS,Inflow,348
52,-1242007014_CO,TSS,Inflow,348
8,-1242007014_CO,TSS,Inflow,348
103,-1242007014_CO,TSS,Inflow,348
52,-1242007014_CO,TSS,Inflow,348
176,-1242007014_CO,TSS,Inflow,349
18,-1242007014_CO,TSS,Inflow,349
8,-1242007014_CO,TSS,Inflow,349
7,-1242007014_CO,TSS,Inflow,349
89,-1242007014_CO,TSS,Inflow,349
52,-1242007014_CO,TSS,Inflow,350
89,-1242007014_CO,TSS,Inflow,350
39,-1242007014_CO,TSS,Inflow,350
58,-1242007014_CO,TSS,Inflow,350
42,-1242007014_CO,TSS,Inflow,350
232,-1242007014_CO,TSS,Inflow,351
180,-1242007014_CO,TSS,Inflow,351
103,-1242007014_CO,TSS,Inflow,351
8,-1242007014_CO,TSS,Inflow,351
40,-1242007014_CO,TSS,Inflow,351
7,-1242007014_CO,TSS,Inflow,352
232,-1242007014_CO,TSS,Inflow,352
176,-1242007014_CO,TSS,Inflow,352
52,-1242007014_CO,TSS,Inflow,352
89,-1242007014_CO,TSS,Inflow,352
52,-1242007014_CO,TSS,Inflow,353
89,-1242007014_CO,TSS,Inflow,353
18,-1242007014_CO,TSS,Inflow,353
176,-1242007014_CO,TSS,Inflow,353
40,-1242007014_CO,TSS,Inflow,353
58,-1242007014_CO,TSS,Inflow,354
180,-1242007014_CO,TSS,Inflow,354
52,-1242007014_CO,TSS,Inflow,354
103,-1242007014_CO,TSS,Inflow,354
18,-1242007014_CO,TSS,Inflow,354
42,-1242007014_CO,TSS,Inflow,355
89,-1242007014_CO,TSS,Inflow,355
232,-1242007014_CO,TSS,Inflow,355
39,-1242007014_CO,TSS,Inflow,355
103,-1242007014_CO,TSS,Inflow,355
180,-1242007014_CO,TSS,Inflow,356
52,-1242007014_CO,TSS,Inflow,356
52,-1242007014_CO,TSS,Inflow,356
40,-1242007014_CO,TSS,Inflow,356
89,-1242007014_CO,TSS,Inflow,356
89,-1242007014_CO,TSS,Inflow,357
103,-1242007014_CO,TSS,Inflow,357
52,-1242007014_CO,TSS,Inflow,357
40,-1242007014_CO,TSS,Inflow,357
18,-1242007014_CO,TSS,Inflow,357
42,-1242007014_CO,TSS,Inflow,358
232,-1242007014_CO,TSS,Inflow,358
180,-1242007014_CO,TSS,Inflow,358
8,-1242007014_CO,TSS,Inflow,358
103,-1242007014_CO,TSS,Inflow,358
103,-1242007014_CO,TSS,Inflow,359
42,-1242007014_CO,TSS,Inflow,359
8,-1242007014_CO,TSS,Inflow,359
58,-1242007014_CO,TSS,Inflow,359
89,-1242007014_CO,TSS,Inflow,359
39,-1242007014_CO,TSS,Inflow,360
18,-1242007014_CO,TSS,Inflow,360
42,-1242007014_CO,TSS,Inflow,360
176,-1242007014_CO,TSS,Inflow,360
89,-1242007014_CO,TSS,Inflow,360
52,-1242007014_CO,TSS,Inflow,361
40,-1242007014_CO,TSS,Inflow,361
18,-1242007014_CO,TSS,Inflow,361
52,-1242007014_CO,TSS,Inflow,361
7,-1242007014_CO,TSS,Inflow,361
39,-1242007014_CO,TSS,Inflow,362
89,-1242007014_CO,TSS,Inflow,362
42,-1242007014_CO,TSS,Inflow,362
8,-1242007014_CO,TSS,Inflow,362
18,-1242007014_CO,TSS,Inflow,362
18,-1242007014_CO,TSS,Inflow,363
180,-1242007014_CO,TSS,Inflow,363
52,-1242007014_CO,TSS,Inflow,363
232,-1242007014_CO,TSS,Inflow,363
8,-1242007014_CO,TSS,Inflow,363
232,-1242007014_CO,TSS,Inflow,364
8,-1242007014_CO,TSS,Inflow,364
18,-1242007014_CO,TSS,Inflow,364
42,-1242007014_CO,TSS,Inflow,364
18,-1242007014_CO,TSS,Inflow,364
42,-1242007014_CO,TSS,Inflow,365
39,-1242007014_CO,TSS,Inflow,365
52,-1242007014_CO,TSS,Inflow,365
18,-1242007014_CO,TSS,Inflow,365
180,-1242007014_CO,TSS,Inflow,365
52,-1242007014_CO,TSS,Inflow,366
58,-1242007014_CO,TSS,Inflow,366
18,-1242007014_CO,TSS,Inflow,366
40,-1242007014_CO,TSS,Inflow,366
42,-1242007014_CO,TSS,Inflow,366
42,-1242007014_CO,TSS,Inflow,367
40,-1242007014_CO,TSS,Inflow,367
18,-1242007014_CO,TSS,Inflow,367
103,-1242007014_CO,TSS,Inflow,367
52,-1242007014_CO,TSS,Inflow,367
89,-1242007014_CO,TSS,Inflow,368
232,-1242007014_CO,TSS,Inflow,368
176,-1242007014_CO,TSS,Inflow,368
7,-1242007014_CO,TSS,Inflow,368
52,-1242007014_CO,TSS,Inflow,368
58,-1242007014_CO,TSS,Inflow,369
89,-1242007014_CO,TSS,Inflow,369
18,-1242007014_CO,TSS,Inflow,369
8,-1242007014_CO,TSS,Inflow,369
42,-1242007014_CO,TSS,Inflow,369
89,-1242007014_CO,TSS,Inflow,370
8,-1242007014_CO,TSS,Inflow,370
52,-1242007014_CO,TSS,Inflow,370
42,-1242007014_CO,TSS,Inflow,370
39,-1242007014_CO,TSS,Inflow,370
18,-1242007014_CO,TSS,Inflow,371
232,-1242007014_CO,TSS,Inflow,371
40,-1242007014_CO,TSS,Inflow,371
176,-1242007014_CO,TSS,Inflow,371
180,-1242007014_CO,TSS,Inflow,371
39,-1242007014_CO,TSS,Inflow,372
103,-1242007014_CO,TSS,Inflow,372
89,-1242007014_CO,TSS,Inflow,372
58,-1242007014_CO,TSS,Inflow,372
40,-1242007014_CO,TSS,Inflow,372
39,-1242007014_CO,TSS,Inflow,373
42,-1242007014_CO,TSS,Inflow,373
8,-1242007014_CO,TSS,Inflow,373
18,-1242007014_CO,TSS,Inflow,373
89,-1242007014_CO,TSS,Inflow,373
39,-1242007014_CO,TSS,Inflow,374
180,-1242007014_CO,TSS,Inflow,374
52,-1242007014_CO,TSS,Inflow,374
42,-1242007014_CO,TSS,Inflow,374
52,-1242007014_CO,TSS,Inflow,374
103,-1242007014_CO,TSS,Inflow,375
18,-1242007014_CO,TSS,Inflow,375
52,-1242007014_CO,TSS,Inflow,375
8,-1242007014_CO,TSS,Inflow,375
42,-1242007014_CO,TSS,Inflow,375
52,-1242007014_CO,TSS,Inflow,376
89,-1242007014_CO,TSS,Inflow,376
18,-1242007014_CO,TSS,Inflow,376
232,-1242007014_CO,TSS,Inflow,376
18,-1242007014_CO,TSS,Inflow,376
39,-1242007014_CO,TSS,Inflow,377
103,-1242007014_CO,TSS,Inflow,377
52,-1242007014_CO,TSS,Inflow,377
176,-1242007014_CO,TSS,Inflow,377
8,-1242007014_CO,TSS,Inflow,377
58,-1242007014_CO,TSS,Inflow,378
8,-1242007014_CO,TSS,Inflow,378
42,-1242007014_CO,TSS,Inflow,378
18,-1242007014_CO,TSS,Inflow,378
18,-1242007014_CO,TSS,Inflow,378
103,-1242007014_CO,TSS,Inflow,379
52,-1242007014_CO,TSS,Inflow,379
7,-1242007014_CO,TSS,Inflow,379
18,-1242007014_CO,TSS,Inflow,379
89,-1242007014_CO,TSS,Inflow,379
42,-1242007014_CO,TSS,Inflow,380
180,-1242007014_CO,TSS,Inflow,380
39,-1242007014_CO,TSS,Inflow,380
58,-1242007014_CO,TSS,Inflow,380
103,-1242007014_CO,TSS,Inflow,380
232,-1242007014_CO,TSS,Inflow,381
103,-1242007014_CO,TSS,Inflow,381
18,-1242007014_CO,TSS,Inflow,381
176,-1242007014_CO,TSS,Inflow,381
42,-1242007014_CO,TSS,Inflow,381
103,-1242007014_CO,TSS,Inflow,382
40,-1242007014_CO,TSS,Inflow,382
18,-1242007014_CO,TSS,Inflow,382
176,-1242007014_CO,TSS,Inflow,382
7,-1242007014_CO,TSS,Inflow,382
42,-1242007014_CO,TSS,Inflow,383
7,-1242007014_CO,TSS,Inflow,383
180,-1242007014_CO,TSS,Inflow,383
40,-1242007014_CO,TSS,Inflow,383
232,-1242007014_CO,TSS,Inflow,383
39,-1242007014_CO,TSS,Inflow,384
8,-1242007014_CO,TSS,Inflow,384
18,-1242007014_CO,TSS,Inflow,384
176,-1242007014_CO,TSS,Inflow,384
180,-1242007014_CO,TSS,Inflow,384
52,-1242007014_CO,TSS,Inflow,385
103,-1242007014_CO,TSS,Inflow,385
40,-1242007014_CO,TSS,Inflow,385
232,-1242007014_CO,TSS,Inflow,385
7,-1242007014_CO,TSS,Inflow,385
8,-1242007014_CO,TSS,Inflow,386
58,-1242007014_CO,TSS,Inflow,386
52,-1242007014_CO,TSS,Inflow,386
7,-1242007014_CO,TSS,Inflow,386
39,-1242007014_CO,TSS,Inflow,386
40,-1242007014_CO,TSS,Inflow,387
232,-1242007014_CO,TSS,Inflow,387
52,-1242007014_CO,TSS,Inflow,387
18,-1242007014_CO,TSS,Inflow,387
52,-1242007014_CO,TSS,Inflow,387
52,-1242007014_CO,TSS,Inflow,388
180,-1242007014_CO,TSS,Inflow,388
7,-1242007014_CO,TSS,Inflow,388
8,-1242007014_CO,TSS,Inflow,388
89,-1242007014_CO,TSS,Inflow,388
103,-1242007014_CO,TSS,Inflow,389
39,-1242007014_CO,TSS,Inflow,389
180,-1242007014_CO,TSS,Inflow,389
18,-1242007014_CO,TSS,Inflow,389
8,-1242007014_CO,TSS,Inflow,389
40,-1242007014_CO,TSS,Inflow,390
8,-1242007014_CO,TSS,Inflow,390
180,-1242007014_CO,TSS,Inflow,390
89,-1242007014_CO,TSS,Inflow,390
52,-1242007014_CO,TSS,Inflow,390
42,-1242007014_CO,TSS,Inflow,391
52,-1242007014_CO,TSS,Inflow,391
232,-1242007014_CO,TSS,Inflow,391
52,-1242007014_CO,TSS,Inflow,391
180,-1242007014_CO,TSS,Inflow,391
52,-1242007014_CO,TSS,Inflow,392
7,-1242007014_CO,TSS,Inflow,392
180,-1242007014_CO,TSS,Inflow,392
18,-1242007014_CO,TSS,Inflow,392
42,-1242007014_CO,TSS,Inflow,392
58,-1242007014_CO,TSS,Inflow,393
18,-1242007014_CO,TSS,Inflow,393
8,-1242007014_CO,TSS,Inflow,393
52,-1242007014_CO,TSS,Inflow,393
176,-1242007014_CO,TSS,Inflow,393
52,-1242007014_CO,TSS,Inflow,394
18,-1242007014_CO,TSS,Inflow,394
52,-1242007014_CO,TSS,Inflow,394
7,-1242007014_CO,TSS,Inflow,394
176,-1242007014_CO,TSS,Inflow,394
18,-1242007014_CO,TSS,Inflow,395
103,-1242007014_CO,TSS,Inflow,395
40,-1242007014_CO,TSS,Inflow,395
52,-1242007014_CO,TSS,Inflow,395
7,-1242007014_CO,TSS,Inflow,395
8,-1242007014_CO,TSS,Inflow,396
18,-1242007014_CO,TSS,Inflow,396
52,-1242007014_CO,TSS,Inflow,396
176,-1242007014_CO,TSS,Inflow,396
18,-1242007014_CO,TSS,Inflow,396
180,-1242007014_CO,TSS,Inflow,397
18,-1242007014_CO,TSS,Inflow,397
52,-1242007014_CO,TSS,Inflow,397
52,-1242007014_CO,TSS,Inflow,397
58,-1242007014_CO,TSS,Inflow,397
180,-1242007014_CO,TSS,Inflow,398
42,-1242007014_CO,TSS,Inflow,398
89,-1242007014_CO,TSS,Inflow,398
232,-1242007014_CO,TSS,Inflow,398
18,-1242007014_CO,TSS,Inflow,398
89,-1242007014_CO,TSS,Inflow,399
42,-1242007014_CO,TSS,Inflow,399
58,-1242007014_CO,TSS,Inflow,399
103,-1242007014_CO,TSS,Inflow,399
39,-1242007014_CO,TSS,Inflow,399
18,-1242007014_CO,TSS,Inflow,400
52,-1242007014_CO,TSS,Inflow,400
18,-1242007014_CO,TSS,Inflow,400
180,-1242007014_CO,TSS,Inflow,400
176,-1242007014_CO,TSS,Inflow,400
180,-1242007014_CO,TSS,Inflow,401
58,-1242007014_CO,TSS,Inflow,401
42,-1242007014_CO,TSS,Inflow,401
52,-1242007014_CO,TSS,Inflow,401
7,-1242007014_CO,TSS,Inflow,401
103,-1242007014_CO,TSS,Inflow,402
18,-1242007014_CO,TSS,Inflow,402
18,-1242007014_CO,TSS,Inflow,402
42,-1242007014_CO,TSS,Inflow,402
52,-1242007014_CO,TSS,Inflow,402
18,-1242007014_CO,TSS,Inflow,403
8,-1242007014_CO,TSS,Inflow,403
42,-1242007014_CO,TSS,Inflow,403
18,-1242007014_CO,TSS,Inflow,403
7,-1242007014_CO,TSS,Inflow,403
8,-1242007014_CO,TSS,Inflow,404
52,-1242007014_CO,TSS,Inflow,404
42,-1242007014_CO,TSS,Inflow,404
18,-1242007014_CO,TSS,Inflow,404
40,-1242007014_CO,TSS,Inflow,404
8,-1242007014_CO,TSS,Inflow,405
18,-1242007014_CO,TSS,Inflow,405
232,-1242007014_CO,TSS,Inflow,405
89,-1242007014_CO,TSS,Inflow,405
180,-1242007014_CO,TSS,Inflow,405
103,-1242007014_CO,TSS,Inflow,406
39,-1242007014_CO,TSS,Inflow,406
89,-1242007014_CO,TSS,Inflow,406
8,-1242007014_CO,TSS,Inflow,406
232,-1242007014_CO,TSS,Inflow,406
180,-1242007014_CO,TSS,Inflow,407
103,-1242007014_CO,TSS,Inflow,407
8,-1242007014_CO,TSS,Inflow,407
18,-1242007014_CO,TSS,Inflow,407
89,-1242007014_CO,TSS,Inflow,407
40,-1242007014_CO,TSS,Inflow,408
52,-1242007014_CO,TSS,Inflow,408
52,-1242007014_CO,TSS,Inflow,408
18,-1242007014_CO,TSS,Inflow,408
18,-1242007014_CO,TSS,Inflow,408
232,-1242007014_CO,TSS,Inflow,409
18,-1242007014_CO,TSS,Inflow,409
18,-1242007014_CO,TSS,Inflow,409
40,-1242007014_CO,TSS,Inflow,409
176,-1242007014_CO,TSS,Inflow,409
18,-1242007014_CO,TSS,Inflow,410
39,-1242007014_CO,TSS,Inflow,410
52,-1242007014_CO,TSS,Inflow,410
103,-1242007014_CO,TSS,Inflow,410
58,-1242007014_CO,TSS,Inflow,410
7,-1242007014_CO,TSS,Inflow,411
42,-1242007014_CO,TSS,Inflow,411
52,-1242007014_CO,TSS,Inflow,411
58,-1242007014_CO,TSS,Inflow,411
39,-1242007014_CO,TSS,Inflow,411
18,-1242007014_CO,TSS,Inflow,412
58,-1242007014_CO,TSS,Inflow,412
18,-1242007014_CO,TSS,Inflow,412
52,-1242007014_CO,TSS,Inflow,412
7,-1242007014_CO,TSS,Inflow,412
39,-1242007014_CO,TSS,Inflow,413
52,-1242007014_CO,TSS,Inflow,413
18,-1242007014_CO,TSS,Inflow,413
8,-1242007014_CO,TSS,Inflow,413
7,-1242007014_CO,TSS,Inflow,413
176,-1242007014_CO,TSS,Inflow,414
52,-1242007014_CO,TSS,Inflow,414
42,-1242007014_CO,TSS,Inflow,414
18,-1242007014_CO,TSS,Inflow,414
8,-1242007014_CO,TSS,Inflow,414
232,-1242007014_CO,TSS,Inflow,415
52,-1242007014_CO,TSS,Inflow,415
7,-1242007014_CO,TSS,Inflow,415
180,-1242007014_CO,TSS,Inflow,415
39,-1242007014_CO,TSS,Inflow,415
18,-1242007014_CO,TSS,Inflow,416
40,-1242007014_CO,TSS,Inflow,416
8,-1242007014_CO,TSS,Inflow,416
52,-1242007014_CO,TSS,Inflow,416
39,-1242007014_CO,TSS,Inflow,416
52,-1242007014_CO,TSS,Inflow,417
42,-1242007014_CO,TSS,Inflow,417
52,-1242007014_CO,TSS,Inflow,417
39,-1242007014_CO,TSS,Inflow,417
232,-1242007014_CO,TSS,Inflow,417
42,-1242007014_CO,TSS,Inflow,418
103,-1242007014_CO,TSS,Inflow,418
52,-1242007014_CO,TSS,Inflow,418
40,-1242007014_CO,TSS,Inflow,418
52,-1242007014_CO,TSS,Inflow,418
89,-1242007014_CO,TSS,Inflow,419
42,-1242007014_CO,TSS,Inflow,419
18,-1242007014_CO,TSS,Inflow,419
52,-1242007014_CO,TSS,Inflow,419
232,-1242007014_CO,TSS,Inflow,419
40,-1242007014_CO,TSS,Inflow,420
232,-1242007014_CO,TSS,Inflow,420
39,-1242007014_CO,TSS,Inflow,420
52,-1242007014_CO,TSS,Inflow,420
42,-1242007014_CO,TSS,Inflow,420
7,-1242007014_CO,TSS,Inflow,421
176,-1242007014_CO,TSS,Inflow,421
103,-1242007014_CO,TSS,Inflow,421
8,-1242007014_CO,TSS,Inflow,421
42,-1242007014_CO,TSS,Inflow,421
232,-1242007014_CO,TSS,Inflow,422
52,-1242007014_CO,TSS,Inflow,422
42,-1242007014_CO,TSS,Inflow,422
180,-1242007014_CO,TSS,Inflow,422
58,-1242007014_CO,TSS,Inflow,422
232,-1242007014_CO,TSS,Inflow,423
103,-1242007014_CO,TSS,Inflow,423
7,-1242007014_CO,TSS,Inflow,423
58,-1242007014_CO,TSS,Inflow,423
180,-1242007014_CO,TSS,Inflow,423
232,-1242007014_CO,TSS,Inflow,424
176,-1242007014_CO,TSS,Inflow,424
89,-1242007014_CO,TSS,Inflow,424
7,-1242007014_CO,TSS,Inflow,424
40,-1242007014_CO,TSS,Inflow,424
52,-1242007014_CO,TSS,Inflow,425
58,-1242007014_CO,TSS,Inflow,425
232,-1242007014_CO,TSS,Inflow,425
52,-1242007014_CO,TSS,Inflow,425
39,-1242007014_CO,TSS,Inflow,425
103,-1242007014_CO,TSS,Inflow,426
180,-1242007014_CO,TSS,Inflow,426
39,-1242007014_CO,TSS,Inflow,426
18,-1242007014_CO,TSS,Inflow,426
7,-1242007014_CO,TSS,Inflow,426
7,-1242007014_CO,TSS,Inflow,427
8,-1242007014_CO,TSS,Inflow,427
180,-1242007014_CO,TSS,Inflow,427
52,-1242007014_CO,TSS,Inflow,427
40,-1242007014_CO,TSS,Inflow,427
8,-1242007014_CO,TSS,Inflow,428
232,-1242007014_CO,TSS,Inflow,428
58,-1242007014_CO,TSS,Inflow,428
52,-1242007014_CO,TSS,Inflow,428
18,-1242007014_CO,TSS,Inflow,428
18,-1242007014_CO,TSS,Inflow,429
7,-1242007014_CO,TSS,Inflow,429
52,-1242007014_CO,TSS,Inflow,429
103,-1242007014_CO,TSS,Inflow,429
58,-1242007014_CO,TSS,Inflow,429
7,-1242007014_CO,TSS,Inflow,430
232,-1242007014_CO,TSS,Inflow,430
176,-1242007014_CO,TSS,Inflow,430
52,-1242007014_CO,TSS,Inflow,430
103,-1242007014_CO,TSS,Inflow,430
52,-1242007014_CO,TSS,Inflow,431
42,-1242007014_CO,TSS,Inflow,431
232,-1242007014_CO,TSS,Inflow,431
18,-1242007014_CO,TSS,Inflow,431
39,-1242007014_CO,TSS,Inflow,431
52,-1242007014_CO,TSS,Inflow,432
180,-1242007014_CO,TSS,Inflow,432
103,-1242007014_CO,TSS,Inflow,432
42,-1242007014_CO,TSS,Inflow,432
8,-1242007014_CO,TSS,Inflow,432
103,-1242007014_CO,TSS,Inflow,433
42,-1242007014_CO,TSS,Inflow,433
52,-1242007014_CO,TSS,Inflow,433
52,-1242007014_CO,TSS,Inflow,433
176,-1242007014_CO,TSS,Inflow,433
39,-1242007014_CO,TSS,Inflow,434
89,-1242007014_CO,TSS,Inflow,434
42,-1242007014_CO,TSS,Inflow,434
18,-1242007014_CO,TSS,Inflow,434
40,-1242007014_CO,TSS,Inflow,434
8,-1242007014_CO,TSS,Inflow,435
180,-1242007014_CO,TSS,Inflow,435
42,-1242007014_CO,TSS,Inflow,435
18,-1242007014_CO,TSS,Inflow,435
52,-1242007014_CO,TSS,Inflow,435
58,-1242007014_CO,TSS,Inflow,436
39,-1242007014_CO,TSS,Inflow,436
8,-1242007014_CO,TSS,Inflow,436
232,-1242007014_CO,TSS,Inflow,436
180,-1242007014_CO,TSS,Inflow,436
18,-1242007014_CO,TSS,Inflow,437
7,-1242007014_CO,TSS,Inflow,437
52,-1242007014_CO,TSS,Inflow,437
40,-1242007014_CO,TSS,Inflow,437
232,-1242007014_CO,TSS,Inflow,437
52,-1242007014_CO,TSS,Inflow,438
180,-1242007014_CO,TSS,Inflow,438
8,-1242007014_CO,TSS,Inflow,438
18,-1242007014_CO,TSS,Inflow,438
7,-1242007014_CO,TSS,Inflow,438
176,-1242007014_CO,TSS,Inflow,439
8,-1242007014_CO,TSS,Inflow,439
89,-1242007014_CO,TSS,Inflow,439
18,-1242007014_CO,TSS,Inflow,439
232,-1242007014_CO,TSS,Inflow,439
52,-1242007014_CO,TSS,Inflow,440
8,-1242007014_CO,TSS,Inflow,440
58,-1242007014_CO,TSS,Inflow,440
42,-1242007014_CO,TSS,Inflow,440
40,-1242007014_CO,TSS,Inflow,440
18,-1242007014_CO,TSS,Inflow,441
58,-1242007014_CO,TSS,Inflow,441
180,-1242007014_CO,TSS,Inflow,441
103,-1242007014_CO,TSS,Inflow,441
42,-1242007014_CO,TSS,Inflow,441
18,-1242007014_CO,TSS,Inflow,442
39,-1242007014_CO,TSS,Inflow,442
89,-1242007014_CO,TSS,Inflow,442
232,-1242007014_CO,TSS,Inflow,442
58,-1242007014_CO,TSS,Inflow,442
8,-1242007014_CO,TSS,Inflow,443
18,-1242007014_CO,TSS,Inflow,443
103,-1242007014_CO,TSS,Inflow,443
232,-1242007014_CO,TSS,Inflow,443
180,-1242007014_CO,TSS,Inflow,443
52,-1242007014_CO,TSS,Inflow,444
232,-1242007014_CO,TSS,Inflow,444
39,-1242007014_CO,TSS,Inflow,444
7,-1242007014_CO,TSS,Inflow,444
18,-1242007014_CO,TSS,Inflow,444
7,-1242007014_CO,TSS,Inflow,445
8,-1242007014_CO,TSS,Inflow,445
52,-1242007014_CO,TSS,Inflow,445
52,-1242007014_CO,TSS,Inflow,445
58,-1242007014_CO,TSS,Inflow,445
52,-1242007014_CO,TSS,Inflow,446
180,-1242007014_CO,TSS,Inflow,446
40,-1242007014_CO,TSS,Inflow,446
89,-1242007014_CO,TSS,Inflow,446
232,-1242007014_CO,TSS,Inflow,446
52,-1242007014_CO,TSS,Inflow,447
232,-1242007014_CO,TSS,Inflow,447
52,-1242007014_CO,TSS,Inflow,447
39,-1242007014_CO,TSS,Inflow,447
42,-1242007014_CO,TSS,Inflow,447
232,-1242007014_CO,TSS,Inflow,448
176,-1242007014_CO,TSS,Inflow,448
40,-1242007014_CO,TSS,Inflow,448
180,-1242007014_CO,TSS,Inflow,448
103,-1242007014_CO,TSS,Inflow,448
40,-1242007014_CO,TSS,Inflow,449
103,-1242007014_CO,TSS,Inflow,449
89,-1242007014_CO,TSS,Inflow,449
39,-1242007014_CO,TSS,Inflow,449
176,-1242007014_CO,TSS,Inflow,449
39,-1242007014_CO,TSS,Inflow,450
176,-1242007014_CO,TSS,Inflow,450
8,-1242007014_CO,TSS,Inflow,450
89,-1242007014_CO,TSS,Inflow,450
42,-1242007014_CO,TSS,Inflow,450
89,-1242007014_CO,TSS,Inflow,451
58,-1242007014_CO,TSS,Inflow,451
7,-1242007014_CO,TSS,Inflow,451
52,-1242007014_CO,TSS,Inflow,451
176,-1242007014_CO,TSS,Inflow,451
42,-1242007014_CO,TSS,Inflow,452
232,-1242007014_CO,TSS,Inflow,452
180,-1242007014_CO,TSS,Inflow,452
103,-1242007014_CO,TSS,Inflow,452
176,-1242007014_CO,TSS,Inflow,452
176,-1242007014_CO,TSS,Inflow,453
52,-1242007014_CO,TSS,Inflow,453
232,-1242007014_CO,TSS,Inflow,453
8,-1242007014_CO,TSS,Inflow,453
40,-1242007014_CO,TSS,Inflow,453
58,-1242007014_CO,TSS,Inflow,454
8,-1242007014_CO,TSS,Inflow,454
103,-1242007014_CO,TSS,Inflow,454
18,-1242007014_CO,TSS,Inflow,454
40,-1242007014_CO,TSS,Inflow,454
52,-1242007014_CO,TSS,Inflow,455
58,-1242007014_CO,TSS,Inflow,455
52,-1242007014_CO,TSS,Inflow,455
42,-1242007014_CO,TSS,Inflow,455
18,-1242007014_CO,TSS,Inflow,455
52,-1242007014_CO,TSS,Inflow,456
58,-1242007014_CO,TSS,Inflow,456
8,-1242007014_CO,TSS,Inflow,456
103,-1242007014_CO,TSS,Inflow,456
39,-1242007014_CO,TSS,Inflow,456
7,-1242007014_CO,TSS,Inflow,457
232,-1242007014_CO,TSS,Inflow,457
40,-1242007014_CO,TSS,Inflow,457
103,-1242007014_CO,TSS,Inflow,457
176,-1242007014_CO,TSS,Inflow,457
40,-1242007014_CO,TSS,Inflow,458
18,-1242007014_CO,TSS,Inflow,458
52,-1242007014_CO,TSS,Inflow,458
103,-1242007014_CO,TSS,Inflow,458
8,-1242007014_CO,TSS,Inflow,458
18,-1242007014_CO,TSS,Inflow,459
7,-1242007014_CO,TSS,Inflow,459
52,-1242007014_CO,TSS,Inflow,459
39,-1242007014_CO,TSS,Inflow,459
176,-1242007014_CO,TSS,Inflow,459
89,-1242007014_CO,TSS,Inflow,460
7,-1242007014_CO,TSS,Inflow,460
42,-1242007014_CO,TSS,Inflow,460
180,-1242007014_CO,TSS,Inflow,460
40,-1242007014_CO,TSS,Inflow,460
18,-1242007014_CO,TSS,Inflow,461
18,-1242007014_CO,TSS,Inflow,461
232,-1242007014_CO,TSS,Inflow,461
7,-1242007014_CO,TSS,Inflow,461
40,-1242007014_CO,TSS,Inflow,461
232,-1242007014_CO,TSS,Inflow,462
52,-1242007014_CO,TSS,Inflow,462
89,-1242007014_CO,TSS,Inflow,462
18,-1242007014_CO,TSS,Inflow,462
103,-1242007014_CO,TSS,Inflow,462
18,-1242007014_CO,TSS,Inflow,463
180,-1242007014_CO,TSS,Inflow,463
8,-1242007014_CO,TSS,Inflow,463
18,-1242007014_CO,TSS,Inflow,463
103,-1242007014_CO,TSS,Inflow,463
58,-1242007014_CO,TSS,Inflow,464
180,-1242007014_CO,TSS,Inflow,464
42,-1242007014_CO,TSS,Inflow,464
176,-1242007014_CO,TSS,Inflow,464
39,-1242007014_CO,TSS,Inflow,464
52,-1242007014_CO,TSS,Inflow,465
39,-1242007014_CO,TSS,Inflow,465
58,-1242007014_CO,TSS,Inflow,465
89,-1242007014_CO,TSS,Inflow,465
40,-1242007014_CO,TSS,Inflow,465
18,-1242007014_CO,TSS,Inflow,466
39,-1242007014_CO,TSS,Inflow,466
52,-1242007014_CO,TSS,Inflow,466
58,-1242007014_CO,TSS,Inflow,466
52,-1242007014_CO,TSS,Inflow,466
7,-1242007014_CO,TSS,Inflow,467
176,-1242007014_CO,TSS,Inflow,467
103,-1242007014_CO,TSS,Inflow,467
180,-1242007014_CO,TSS,Inflow,467
42,-1242007014_CO,TSS,Inflow,467
52,-1242007014_CO,TSS,Inflow,468
103,-1242007014_CO,TSS,Inflow,468
180,-1242007014_CO,TSS,Inflow,468
18,-1242007014_CO,TSS,Inflow,468
58,-1242007014_CO,TSS,Inflow,468
39,-1242007014_CO,TSS,Inflow,469
7,-1242007014_CO,TSS,Inflow,469
58,-1242007014_CO,TSS,Inflow,469
8,-1242007014_CO,TSS,Inflow,469
52,-1242007014_CO,TSS,Inflow,469
52,-1242007014_CO,TSS,Inflow,470
39,-1242007014_CO,TSS,Inflow,470
232,-1242007014_CO,TSS,Inflow,470
18,-1242007014_CO,TSS,Inflow,470
42,-1242007014_CO,TSS,Inflow,470
18,-1242007014_CO,TSS,Inflow,471
52,-1242007014_CO,TSS,Inflow,471
40,-1242007014_CO,TSS,Inflow,471
8,-1242007014_CO,TSS,Inflow,471
39,-1242007014_CO,TSS,Inflow,471
52,-1242007014_CO,TSS,Inflow,472
18,-1242007014_CO,TSS,Inflow,472
89,-1242007014_CO,TSS,Inflow,472
232,-1242007014_CO,TSS,Inflow,472
176,-1242007014_CO,TSS,Inflow,472
42,-1242007014_CO,TSS,Inflow,473
52,-1242007014_CO,TSS,Inflow,473
58,-1242007014_CO,TSS,Inflow,473
18,-1242007014_CO,TSS,Inflow,473
39,-1242007014_CO,TSS,Inflow,473
8,-1242007014_CO,TSS,Inflow,474
7,-1242007014_CO,TSS,Inflow,474
40,-1242007014_CO,TSS,Inflow,474
42,-1242007014_CO,TSS,Inflow,474
176,-1242007014_CO,TSS,Inflow,474
58,-1242007014_CO,TSS,Inflow,475
180,-1242007014_CO,TSS,Inflow,475
232,-1242007014_CO,TSS,Inflow,475
52,-1242007014_CO,TSS,Inflow,475
18,-1242007014_CO,TSS,Inflow,475
40,-1242007014_CO,TSS,Inflow,476
18,-1242007014_CO,TSS,Inflow,476
7,-1242007014_CO,TSS,Inflow,476
58,-1242007014_CO,TSS,Inflow,476
103,-1242007014_CO,TSS,Inflow,476
52,-1242007014_CO,TSS,Inflow,477
7,-1242007014_CO,TSS,Inflow,477
42,-1242007014_CO,TSS,Inflow,477
52,-1242007014_CO,TSS,Inflow,477
39,-1242007014_CO,TSS,Inflow,477
232,-1242007014_CO,TSS,Inflow,478
18,-1242007014_CO,TSS,Inflow,478
180,-1242007014_CO,TSS,Inflow,478
176,-1242007014_CO,TSS,Inflow,478
7,-1242007014_CO,TSS,Inflow,478
40,-1242007014_CO,TSS,Inflow,479
232,-1242007014_CO,TSS,Inflow,479
7,-1242007014_CO,TSS,Inflow,479
103,-1242007014_CO,TSS,Inflow,479
42,-1242007014_CO,TSS,Inflow,479
52,-1242007014_CO,TSS,Inflow,480
39,-1242007014_CO,TSS,Inflow,480
176,-1242007014_CO,TSS,Inflow,480
52,-1242007014_CO,TSS,Inflow,480
18,-1242007014_CO,TSS,Inflow,480
232,-1242007014_CO,TSS,Inflow,481
180,-1242007014_CO,TSS,Inflow,481
89,-1242007014_CO,TSS,Inflow,481
42,-1242007014_CO,TSS,Inflow,481
7,-1242007014_CO,TSS,Inflow,481
58,-1242007014_CO,TSS,Inflow,482
42,-1242007014_CO,TSS,Inflow,482
103,-1242007014_CO,TSS,Inflow,482
18,-1242007014_CO,TSS,Inflow,482
180,-1242007014_CO,TSS,Inflow,482
42,-1242007014_CO,TSS,Inflow,483
39,-1242007014_CO,TSS,Inflow,483
58,-1242007014_CO,TSS,Inflow,483
52,-1242007014_CO,TSS,Inflow,483
18,-1242007014_CO,TSS,Inflow,483
89,-1242007014_CO,TSS,Inflow,484
8,-1242007014_CO,TSS,Inflow,484
7,-1242007014_CO,TSS,Inflow,484
39,-1242007014_CO,TSS,Inflow,484
103,-1242007014_CO,TSS,Inflow,484
42,-1242007014_CO,TSS,Inflow,485
18,-1242007014_CO,TSS,Inflow,485
103,-1242007014_CO,TSS,Inflow,485
232,-1242007014_CO,TSS,Inflow,485
52,-1242007014_CO,TSS,Inflow,485
58,-1242007014_CO,TSS,Inflow,486
8,-1242007014_CO,TSS,Inflow,486
39,-1242007014_CO,TSS,Inflow,486
103,-1242007014_CO,TSS,Inflow,486
89,-1242007014_CO,TSS,Inflow,486
176,-1242007014_CO,TSS,Inflow,487
18,-1242007014_CO,TSS,Inflow,487
8,-1242007014_CO,TSS,Inflow,487
58,-1242007014_CO,TSS,Inflow,487
103,-1242007014_CO,TSS,Inflow,487
180,-1242007014_CO,TSS,Inflow,488
176,-1242007014_CO,TSS,Inflow,488
39,-1242007014_CO,TSS,Inflow,488
8,-1242007014_CO,TSS,Inflow,488
58,-1242007014_CO,TSS,Inflow,488
18,-1242007014_CO,TSS,Inflow,489
58,-1242007014_CO,TSS,Inflow,489
176,-1242007014_CO,TSS,Inflow,489
52,-1242007014_CO,TSS,Inflow,489
89,-1242007014_CO,TSS,Inflow,489
42,-1242007014_CO,TSS,Inflow,490
7,-1242007014_CO,TSS,Inflow,490
58,-1242007014_CO,TSS,Inflow,490
52,-1242007014_CO,TSS,Inflow,490
52,-1242007014_CO,TSS,Inflow,490
58,-1242007014_CO,TSS,Inflow,491
103,-1242007014_CO,TSS,Inflow,491
18,-1242007014_CO,TSS,Inflow,491
39,-1242007014_CO,TSS,Inflow,491
18,-1242007014_CO,TSS,Inflow,491
89,-1242007014_CO,TSS,Inflow,492
8,-1242007014_CO,TSS,Inflow,492
7,-1242007014_CO,TSS,Inflow,492
103,-1242007014_CO,TSS,Inflow,492
52,-1242007014_CO,TSS,Inflow,492
52,-1242007014_CO,TSS,Inflow,493
8,-1242007014_CO,TSS,Inflow,493
18,-1242007014_CO,TSS,Inflow,493
58,-1242007014_CO,TSS,Inflow,493
40,-1242007014_CO,TSS,Inflow,493
8,-1242007014_CO,TSS,Inflow,494
52,-1242007014_CO,TSS,Inflow,494
42,-1242007014_CO,TSS,Inflow,494
52,-1242007014_CO,TSS,Inflow,494
58,-1242007014_CO,TSS,Inflow,494
176,-1242007014_CO,TSS,Inflow,495
18,-1242007014_CO,TSS,Inflow,495
52,-1242007014_CO,TSS,Inflow,495
52,-1242007014_CO,TSS,Inflow,495
18,-1242007014_CO,TSS,Inflow,495
7,-1242007014_CO,TSS,Inflow,496
39,-1242007014_CO,TSS,Inflow,496
180,-1242007014_CO,TSS,Inflow,496
103,-1242007014_CO,TSS,Inflow,496
8,-1242007014_CO,TSS,Inflow,496
18,-1242007014_CO,TSS,Inflow,497
103,-1242007014_CO,TSS,Inflow,497
52,-1242007014_CO,TSS,Inflow,497
180,-1242007014_CO,TSS,Inflow,497
39,-1242007014_CO,TSS,Inflow,497
39,-1242007014_CO,TSS,Inflow,498
7,-1242007014_CO,TSS,Inflow,498
52,-1242007014_CO,TSS,Inflow,498
180,-1242007014_CO,TSS,Inflow,498
40,-1242007014_CO,TSS,Inflow,498
42,-1242007014_CO,TSS,Inflow,499
8,-1242007014_CO,TSS,Inflow,499
103,-1242007014_CO,TSS,Inflow,499
7,-1242007014_CO,TSS,Inflow,499
89,-1242007014_CO,TSS,Inflow,499
40,-1242007014_CO,TSS,Inflow,500
89,-1242007014_CO,TSS,Inflow,500
52,-1242007014_CO,TSS,Inflow,500
58,-1242007014_CO,TSS,Inflow,500
7,-1242007014_CO,TSS,Inflow,500
