EMC,Location,Analyte,Flow,Run
19,-1242007014_CO,TSS,Outflow,1
12,-1242007014_CO,TSS,Outflow,1
26,-1242007014_CO,TSS,Outflow,1
9,-1242007014_CO,TSS,Outflow,1
22,-1242007014_CO,TSS,Outflow,1
47,-1242007014_CO,TSS,Outflow,2
26,-1242007014_CO,TSS,Outflow,2
110,-1242007014_CO,TSS,Outflow,2
9,-1242007014_CO,TSS,Outflow,2
13,-1242007014_CO,TSS,Outflow,2
19,-1242007014_CO,TSS,Outflow,3
27,-1242007014_CO,TSS,Outflow,3
12,-1242007014_CO,TSS,Outflow,3
23,-1242007014_CO,TSS,Outflow,3
6,-1242007014_CO,TSS,Outflow,3
27,-1242007014_CO,TSS,Outflow,4
20,-1242007014_CO,TSS,Outflow,4
25,-1242007014_CO,TSS,Outflow,4
26,-1242007014_CO,TSS,Outflow,4
19,-1242007014_CO,TSS,Outflow,4
9,-1242007014_CO,TSS,Outflow,5
47,-1242007014_CO,TSS,Outflow,5
5,-1242007014_CO,TSS,Outflow,5
19,-1242007014_CO,TSS,Outflow,5
26,-1242007014_CO,TSS,Outflow,5
110,-1242007014_CO,TSS,Outflow,6
12,-1242007014_CO,TSS,Outflow,6
5,-1242007014_CO,TSS,Outflow,6
27,-1242007014_CO,TSS,Outflow,6
9,-1242007014_CO,TSS,Outflow,6
13,-1242007014_CO,TSS,Outflow,7
47,-1242007014_CO,TSS,Outflow,7
20,-1242007014_CO,TSS,Outflow,7
12,-1242007014_CO,TSS,Outflow,7
22,-1242007014_CO,TSS,Outflow,7
13,-1242007014_CO,TSS,Outflow,8
5,-1242007014_CO,TSS,Outflow,8
25,-1242007014_CO,TSS,Outflow,8
12,-1242007014_CO,TSS,Outflow,8
13,-1242007014_CO,TSS,Outflow,8
25,-1242007014_CO,TSS,Outflow,9
20,-1242007014_CO,TSS,Outflow,9
531,-1242007014_CO,TSS,Outflow,9
19,-1242007014_CO,TSS,Outflow,9
22,-1242007014_CO,TSS,Outflow,9
27,-1242007014_CO,TSS,Outflow,10
13,-1242007014_CO,TSS,Outflow,10
23,-1242007014_CO,TSS,Outflow,10
5,-1242007014_CO,TSS,Outflow,10
13,-1242007014_CO,TSS,Outflow,10
110,-1242007014_CO,TSS,Outflow,11
5,-1242007014_CO,TSS,Outflow,11
23,-1242007014_CO,TSS,Outflow,11
25,-1242007014_CO,TSS,Outflow,11
27,-1242007014_CO,TSS,Outflow,11
13,-1242007014_CO,TSS,Outflow,12
531,-1242007014_CO,TSS,Outflow,12
25,-1242007014_CO,TSS,Outflow,12
6,-1242007014_CO,TSS,Outflow,12
22,-1242007014_CO,TSS,Outflow,12
6,-1242007014_CO,TSS,Outflow,13
20,-1242007014_CO,TSS,Outflow,13
25,-1242007014_CO,TSS,Outflow,13
19,-1242007014_CO,TSS,Outflow,13
12,-1242007014_CO,TSS,Outflow,13
19,-1242007014_CO,TSS,Outflow,14
531,-1242007014_CO,TSS,Outflow,14
23,-1242007014_CO,TSS,Outflow,14
12,-1242007014_CO,TSS,Outflow,14
25,-1242007014_CO,TSS,Outflow,14
9,-1242007014_CO,TSS,Outflow,15
47,-1242007014_CO,TSS,Outflow,15
19,-1242007014_CO,TSS,Outflow,15
13,-1242007014_CO,TSS,Outflow,15
22,-1242007014_CO,TSS,Outflow,15
13,-1242007014_CO,TSS,Outflow,16
5,-1242007014_CO,TSS,Outflow,16
25,-1242007014_CO,TSS,Outflow,16
531,-1242007014_CO,TSS,Outflow,16
22,-1242007014_CO,TSS,Outflow,16
47,-1242007014_CO,TSS,Outflow,17
25,-1242007014_CO,TSS,Outflow,17
5,-1242007014_CO,TSS,Outflow,17
6,-1242007014_CO,TSS,Outflow,17
9,-1242007014_CO,TSS,Outflow,17
6,-1242007014_CO,TSS,Outflow,18
531,-1242007014_CO,TSS,Outflow,18
47,-1242007014_CO,TSS,Outflow,18
110,-1242007014_CO,TSS,Outflow,18
19,-1242007014_CO,TSS,Outflow,18
26,-1242007014_CO,TSS,Outflow,19
27,-1242007014_CO,TSS,Outflow,19
13,-1242007014_CO,TSS,Outflow,19
23,-1242007014_CO,TSS,Outflow,19
27,-1242007014_CO,TSS,Outflow,19
25,-1242007014_CO,TSS,Outflow,20
22,-1242007014_CO,TSS,Outflow,20
13,-1242007014_CO,TSS,Outflow,20
12,-1242007014_CO,TSS,Outflow,20
6,-1242007014_CO,TSS,Outflow,20
25,-1242007014_CO,TSS,Outflow,21
19,-1242007014_CO,TSS,Outflow,21
22,-1242007014_CO,TSS,Outflow,21
20,-1242007014_CO,TSS,Outflow,21
47,-1242007014_CO,TSS,Outflow,21
20,-1242007014_CO,TSS,Outflow,22
27,-1242007014_CO,TSS,Outflow,22
13,-1242007014_CO,TSS,Outflow,22
6,-1242007014_CO,TSS,Outflow,22
26,-1242007014_CO,TSS,Outflow,22
13,-1242007014_CO,TSS,Outflow,23
25,-1242007014_CO,TSS,Outflow,23
27,-1242007014_CO,TSS,Outflow,23
531,-1242007014_CO,TSS,Outflow,23
47,-1242007014_CO,TSS,Outflow,23
25,-1242007014_CO,TSS,Outflow,24
12,-1242007014_CO,TSS,Outflow,24
6,-1242007014_CO,TSS,Outflow,24
26,-1242007014_CO,TSS,Outflow,24
27,-1242007014_CO,TSS,Outflow,24
25,-1242007014_CO,TSS,Outflow,25
9,-1242007014_CO,TSS,Outflow,25
6,-1242007014_CO,TSS,Outflow,25
531,-1242007014_CO,TSS,Outflow,25
12,-1242007014_CO,TSS,Outflow,25
27,-1242007014_CO,TSS,Outflow,26
531,-1242007014_CO,TSS,Outflow,26
27,-1242007014_CO,TSS,Outflow,26
47,-1242007014_CO,TSS,Outflow,26
26,-1242007014_CO,TSS,Outflow,26
13,-1242007014_CO,TSS,Outflow,27
26,-1242007014_CO,TSS,Outflow,27
47,-1242007014_CO,TSS,Outflow,27
531,-1242007014_CO,TSS,Outflow,27
25,-1242007014_CO,TSS,Outflow,27
13,-1242007014_CO,TSS,Outflow,28
20,-1242007014_CO,TSS,Outflow,28
9,-1242007014_CO,TSS,Outflow,28
26,-1242007014_CO,TSS,Outflow,28
12,-1242007014_CO,TSS,Outflow,28
47,-1242007014_CO,TSS,Outflow,29
26,-1242007014_CO,TSS,Outflow,29
22,-1242007014_CO,TSS,Outflow,29
12,-1242007014_CO,TSS,Outflow,29
531,-1242007014_CO,TSS,Outflow,29
110,-1242007014_CO,TSS,Outflow,30
23,-1242007014_CO,TSS,Outflow,30
26,-1242007014_CO,TSS,Outflow,30
12,-1242007014_CO,TSS,Outflow,30
5,-1242007014_CO,TSS,Outflow,30
9,-1242007014_CO,TSS,Outflow,31
22,-1242007014_CO,TSS,Outflow,31
20,-1242007014_CO,TSS,Outflow,31
6,-1242007014_CO,TSS,Outflow,31
13,-1242007014_CO,TSS,Outflow,31
531,-1242007014_CO,TSS,Outflow,32
47,-1242007014_CO,TSS,Outflow,32
13,-1242007014_CO,TSS,Outflow,32
20,-1242007014_CO,TSS,Outflow,32
6,-1242007014_CO,TSS,Outflow,32
23,-1242007014_CO,TSS,Outflow,33
13,-1242007014_CO,TSS,Outflow,33
25,-1242007014_CO,TSS,Outflow,33
47,-1242007014_CO,TSS,Outflow,33
26,-1242007014_CO,TSS,Outflow,33
27,-1242007014_CO,TSS,Outflow,34
23,-1242007014_CO,TSS,Outflow,34
25,-1242007014_CO,TSS,Outflow,34
110,-1242007014_CO,TSS,Outflow,34
12,-1242007014_CO,TSS,Outflow,34
22,-1242007014_CO,TSS,Outflow,35
531,-1242007014_CO,TSS,Outflow,35
47,-1242007014_CO,TSS,Outflow,35
13,-1242007014_CO,TSS,Outflow,35
19,-1242007014_CO,TSS,Outflow,35
20,-1242007014_CO,TSS,Outflow,36
110,-1242007014_CO,TSS,Outflow,36
6,-1242007014_CO,TSS,Outflow,36
47,-1242007014_CO,TSS,Outflow,36
26,-1242007014_CO,TSS,Outflow,36
22,-1242007014_CO,TSS,Outflow,37
13,-1242007014_CO,TSS,Outflow,37
27,-1242007014_CO,TSS,Outflow,37
6,-1242007014_CO,TSS,Outflow,37
13,-1242007014_CO,TSS,Outflow,37
19,-1242007014_CO,TSS,Outflow,38
6,-1242007014_CO,TSS,Outflow,38
26,-1242007014_CO,TSS,Outflow,38
47,-1242007014_CO,TSS,Outflow,38
27,-1242007014_CO,TSS,Outflow,38
27,-1242007014_CO,TSS,Outflow,39
5,-1242007014_CO,TSS,Outflow,39
12,-1242007014_CO,TSS,Outflow,39
23,-1242007014_CO,TSS,Outflow,39
47,-1242007014_CO,TSS,Outflow,39
5,-1242007014_CO,TSS,Outflow,40
13,-1242007014_CO,TSS,Outflow,40
9,-1242007014_CO,TSS,Outflow,40
13,-1242007014_CO,TSS,Outflow,40
531,-1242007014_CO,TSS,Outflow,40
27,-1242007014_CO,TSS,Outflow,41
20,-1242007014_CO,TSS,Outflow,41
27,-1242007014_CO,TSS,Outflow,41
9,-1242007014_CO,TSS,Outflow,41
6,-1242007014_CO,TSS,Outflow,41
23,-1242007014_CO,TSS,Outflow,42
26,-1242007014_CO,TSS,Outflow,42
13,-1242007014_CO,TSS,Outflow,42
19,-1242007014_CO,TSS,Outflow,42
9,-1242007014_CO,TSS,Outflow,42
23,-1242007014_CO,TSS,Outflow,43
26,-1242007014_CO,TSS,Outflow,43
27,-1242007014_CO,TSS,Outflow,43
25,-1242007014_CO,TSS,Outflow,43
13,-1242007014_CO,TSS,Outflow,43
20,-1242007014_CO,TSS,Outflow,44
23,-1242007014_CO,TSS,Outflow,44
110,-1242007014_CO,TSS,Outflow,44
9,-1242007014_CO,TSS,Outflow,44
25,-1242007014_CO,TSS,Outflow,44
12,-1242007014_CO,TSS,Outflow,45
19,-1242007014_CO,TSS,Outflow,45
13,-1242007014_CO,TSS,Outflow,45
26,-1242007014_CO,TSS,Outflow,45
23,-1242007014_CO,TSS,Outflow,45
13,-1242007014_CO,TSS,Outflow,46
20,-1242007014_CO,TSS,Outflow,46
25,-1242007014_CO,TSS,Outflow,46
47,-1242007014_CO,TSS,Outflow,46
22,-1242007014_CO,TSS,Outflow,46
19,-1242007014_CO,TSS,Outflow,47
23,-1242007014_CO,TSS,Outflow,47
47,-1242007014_CO,TSS,Outflow,47
5,-1242007014_CO,TSS,Outflow,47
6,-1242007014_CO,TSS,Outflow,47
5,-1242007014_CO,TSS,Outflow,48
110,-1242007014_CO,TSS,Outflow,48
23,-1242007014_CO,TSS,Outflow,48
13,-1242007014_CO,TSS,Outflow,48
12,-1242007014_CO,TSS,Outflow,48
6,-1242007014_CO,TSS,Outflow,49
531,-1242007014_CO,TSS,Outflow,49
5,-1242007014_CO,TSS,Outflow,49
19,-1242007014_CO,TSS,Outflow,49
26,-1242007014_CO,TSS,Outflow,49
26,-1242007014_CO,TSS,Outflow,50
27,-1242007014_CO,TSS,Outflow,50
110,-1242007014_CO,TSS,Outflow,50
9,-1242007014_CO,TSS,Outflow,50
13,-1242007014_CO,TSS,Outflow,50
23,-1242007014_CO,TSS,Outflow,51
25,-1242007014_CO,TSS,Outflow,51
26,-1242007014_CO,TSS,Outflow,51
20,-1242007014_CO,TSS,Outflow,51
19,-1242007014_CO,TSS,Outflow,51
47,-1242007014_CO,TSS,Outflow,52
13,-1242007014_CO,TSS,Outflow,52
22,-1242007014_CO,TSS,Outflow,52
5,-1242007014_CO,TSS,Outflow,52
531,-1242007014_CO,TSS,Outflow,52
12,-1242007014_CO,TSS,Outflow,53
22,-1242007014_CO,TSS,Outflow,53
25,-1242007014_CO,TSS,Outflow,53
47,-1242007014_CO,TSS,Outflow,53
13,-1242007014_CO,TSS,Outflow,53
13,-1242007014_CO,TSS,Outflow,54
531,-1242007014_CO,TSS,Outflow,54
12,-1242007014_CO,TSS,Outflow,54
9,-1242007014_CO,TSS,Outflow,54
22,-1242007014_CO,TSS,Outflow,54
20,-1242007014_CO,TSS,Outflow,55
13,-1242007014_CO,TSS,Outflow,55
12,-1242007014_CO,TSS,Outflow,55
23,-1242007014_CO,TSS,Outflow,55
19,-1242007014_CO,TSS,Outflow,55
27,-1242007014_CO,TSS,Outflow,56
13,-1242007014_CO,TSS,Outflow,56
47,-1242007014_CO,TSS,Outflow,56
12,-1242007014_CO,TSS,Outflow,56
6,-1242007014_CO,TSS,Outflow,56
25,-1242007014_CO,TSS,Outflow,57
110,-1242007014_CO,TSS,Outflow,57
531,-1242007014_CO,TSS,Outflow,57
12,-1242007014_CO,TSS,Outflow,57
23,-1242007014_CO,TSS,Outflow,57
6,-1242007014_CO,TSS,Outflow,58
23,-1242007014_CO,TSS,Outflow,58
27,-1242007014_CO,TSS,Outflow,58
13,-1242007014_CO,TSS,Outflow,58
20,-1242007014_CO,TSS,Outflow,58
23,-1242007014_CO,TSS,Outflow,59
531,-1242007014_CO,TSS,Outflow,59
110,-1242007014_CO,TSS,Outflow,59
19,-1242007014_CO,TSS,Outflow,59
47,-1242007014_CO,TSS,Outflow,59
23,-1242007014_CO,TSS,Outflow,60
9,-1242007014_CO,TSS,Outflow,60
19,-1242007014_CO,TSS,Outflow,60
13,-1242007014_CO,TSS,Outflow,60
26,-1242007014_CO,TSS,Outflow,60
110,-1242007014_CO,TSS,Outflow,61
13,-1242007014_CO,TSS,Outflow,61
23,-1242007014_CO,TSS,Outflow,61
12,-1242007014_CO,TSS,Outflow,61
26,-1242007014_CO,TSS,Outflow,61
13,-1242007014_CO,TSS,Outflow,62
19,-1242007014_CO,TSS,Outflow,62
25,-1242007014_CO,TSS,Outflow,62
22,-1242007014_CO,TSS,Outflow,62
9,-1242007014_CO,TSS,Outflow,62
13,-1242007014_CO,TSS,Outflow,63
5,-1242007014_CO,TSS,Outflow,63
12,-1242007014_CO,TSS,Outflow,63
20,-1242007014_CO,TSS,Outflow,63
110,-1242007014_CO,TSS,Outflow,63
6,-1242007014_CO,TSS,Outflow,64
47,-1242007014_CO,TSS,Outflow,64
20,-1242007014_CO,TSS,Outflow,64
9,-1242007014_CO,TSS,Outflow,64
110,-1242007014_CO,TSS,Outflow,64
27,-1242007014_CO,TSS,Outflow,65
23,-1242007014_CO,TSS,Outflow,65
13,-1242007014_CO,TSS,Outflow,65
19,-1242007014_CO,TSS,Outflow,65
9,-1242007014_CO,TSS,Outflow,65
20,-1242007014_CO,TSS,Outflow,66
27,-1242007014_CO,TSS,Outflow,66
9,-1242007014_CO,TSS,Outflow,66
22,-1242007014_CO,TSS,Outflow,66
26,-1242007014_CO,TSS,Outflow,66
22,-1242007014_CO,TSS,Outflow,67
19,-1242007014_CO,TSS,Outflow,67
12,-1242007014_CO,TSS,Outflow,67
531,-1242007014_CO,TSS,Outflow,67
26,-1242007014_CO,TSS,Outflow,67
22,-1242007014_CO,TSS,Outflow,68
12,-1242007014_CO,TSS,Outflow,68
25,-1242007014_CO,TSS,Outflow,68
27,-1242007014_CO,TSS,Outflow,68
6,-1242007014_CO,TSS,Outflow,68
27,-1242007014_CO,TSS,Outflow,69
13,-1242007014_CO,TSS,Outflow,69
23,-1242007014_CO,TSS,Outflow,69
47,-1242007014_CO,TSS,Outflow,69
20,-1242007014_CO,TSS,Outflow,69
5,-1242007014_CO,TSS,Outflow,70
19,-1242007014_CO,TSS,Outflow,70
25,-1242007014_CO,TSS,Outflow,70
26,-1242007014_CO,TSS,Outflow,70
23,-1242007014_CO,TSS,Outflow,70
27,-1242007014_CO,TSS,Outflow,71
26,-1242007014_CO,TSS,Outflow,71
110,-1242007014_CO,TSS,Outflow,71
13,-1242007014_CO,TSS,Outflow,71
6,-1242007014_CO,TSS,Outflow,71
26,-1242007014_CO,TSS,Outflow,72
20,-1242007014_CO,TSS,Outflow,72
5,-1242007014_CO,TSS,Outflow,72
25,-1242007014_CO,TSS,Outflow,72
22,-1242007014_CO,TSS,Outflow,72
13,-1242007014_CO,TSS,Outflow,73
20,-1242007014_CO,TSS,Outflow,73
110,-1242007014_CO,TSS,Outflow,73
9,-1242007014_CO,TSS,Outflow,73
5,-1242007014_CO,TSS,Outflow,73
13,-1242007014_CO,TSS,Outflow,74
5,-1242007014_CO,TSS,Outflow,74
27,-1242007014_CO,TSS,Outflow,74
9,-1242007014_CO,TSS,Outflow,74
27,-1242007014_CO,TSS,Outflow,74
27,-1242007014_CO,TSS,Outflow,75
12,-1242007014_CO,TSS,Outflow,75
9,-1242007014_CO,TSS,Outflow,75
6,-1242007014_CO,TSS,Outflow,75
531,-1242007014_CO,TSS,Outflow,75
13,-1242007014_CO,TSS,Outflow,76
20,-1242007014_CO,TSS,Outflow,76
110,-1242007014_CO,TSS,Outflow,76
6,-1242007014_CO,TSS,Outflow,76
27,-1242007014_CO,TSS,Outflow,76
47,-1242007014_CO,TSS,Outflow,77
22,-1242007014_CO,TSS,Outflow,77
9,-1242007014_CO,TSS,Outflow,77
23,-1242007014_CO,TSS,Outflow,77
19,-1242007014_CO,TSS,Outflow,77
27,-1242007014_CO,TSS,Outflow,78
27,-1242007014_CO,TSS,Outflow,78
26,-1242007014_CO,TSS,Outflow,78
19,-1242007014_CO,TSS,Outflow,78
22,-1242007014_CO,TSS,Outflow,78
27,-1242007014_CO,TSS,Outflow,79
531,-1242007014_CO,TSS,Outflow,79
20,-1242007014_CO,TSS,Outflow,79
47,-1242007014_CO,TSS,Outflow,79
22,-1242007014_CO,TSS,Outflow,79
13,-1242007014_CO,TSS,Outflow,80
47,-1242007014_CO,TSS,Outflow,80
26,-1242007014_CO,TSS,Outflow,80
27,-1242007014_CO,TSS,Outflow,80
6,-1242007014_CO,TSS,Outflow,80
12,-1242007014_CO,TSS,Outflow,81
13,-1242007014_CO,TSS,Outflow,81
26,-1242007014_CO,TSS,Outflow,81
23,-1242007014_CO,TSS,Outflow,81
22,-1242007014_CO,TSS,Outflow,81
13,-1242007014_CO,TSS,Outflow,82
12,-1242007014_CO,TSS,Outflow,82
110,-1242007014_CO,TSS,Outflow,82
6,-1242007014_CO,TSS,Outflow,82
19,-1242007014_CO,TSS,Outflow,82
27,-1242007014_CO,TSS,Outflow,83
47,-1242007014_CO,TSS,Outflow,83
27,-1242007014_CO,TSS,Outflow,83
9,-1242007014_CO,TSS,Outflow,83
12,-1242007014_CO,TSS,Outflow,83
13,-1242007014_CO,TSS,Outflow,84
9,-1242007014_CO,TSS,Outflow,84
25,-1242007014_CO,TSS,Outflow,84
110,-1242007014_CO,TSS,Outflow,84
26,-1242007014_CO,TSS,Outflow,84
12,-1242007014_CO,TSS,Outflow,85
6,-1242007014_CO,TSS,Outflow,85
25,-1242007014_CO,TSS,Outflow,85
27,-1242007014_CO,TSS,Outflow,85
22,-1242007014_CO,TSS,Outflow,85
22,-1242007014_CO,TSS,Outflow,86
531,-1242007014_CO,TSS,Outflow,86
27,-1242007014_CO,TSS,Outflow,86
13,-1242007014_CO,TSS,Outflow,86
6,-1242007014_CO,TSS,Outflow,86
20,-1242007014_CO,TSS,Outflow,87
27,-1242007014_CO,TSS,Outflow,87
26,-1242007014_CO,TSS,Outflow,87
13,-1242007014_CO,TSS,Outflow,87
9,-1242007014_CO,TSS,Outflow,87
20,-1242007014_CO,TSS,Outflow,88
5,-1242007014_CO,TSS,Outflow,88
110,-1242007014_CO,TSS,Outflow,88
47,-1242007014_CO,TSS,Outflow,88
22,-1242007014_CO,TSS,Outflow,88
27,-1242007014_CO,TSS,Outflow,89
13,-1242007014_CO,TSS,Outflow,89
531,-1242007014_CO,TSS,Outflow,89
47,-1242007014_CO,TSS,Outflow,89
27,-1242007014_CO,TSS,Outflow,89
23,-1242007014_CO,TSS,Outflow,90
13,-1242007014_CO,TSS,Outflow,90
19,-1242007014_CO,TSS,Outflow,90
25,-1242007014_CO,TSS,Outflow,90
531,-1242007014_CO,TSS,Outflow,90
12,-1242007014_CO,TSS,Outflow,91
19,-1242007014_CO,TSS,Outflow,91
9,-1242007014_CO,TSS,Outflow,91
13,-1242007014_CO,TSS,Outflow,91
25,-1242007014_CO,TSS,Outflow,91
47,-1242007014_CO,TSS,Outflow,92
27,-1242007014_CO,TSS,Outflow,92
6,-1242007014_CO,TSS,Outflow,92
25,-1242007014_CO,TSS,Outflow,92
26,-1242007014_CO,TSS,Outflow,92
27,-1242007014_CO,TSS,Outflow,93
27,-1242007014_CO,TSS,Outflow,93
26,-1242007014_CO,TSS,Outflow,93
5,-1242007014_CO,TSS,Outflow,93
110,-1242007014_CO,TSS,Outflow,93
20,-1242007014_CO,TSS,Outflow,94
12,-1242007014_CO,TSS,Outflow,94
5,-1242007014_CO,TSS,Outflow,94
19,-1242007014_CO,TSS,Outflow,94
6,-1242007014_CO,TSS,Outflow,94
9,-1242007014_CO,TSS,Outflow,95
20,-1242007014_CO,TSS,Outflow,95
19,-1242007014_CO,TSS,Outflow,95
25,-1242007014_CO,TSS,Outflow,95
26,-1242007014_CO,TSS,Outflow,95
19,-1242007014_CO,TSS,Outflow,96
6,-1242007014_CO,TSS,Outflow,96
23,-1242007014_CO,TSS,Outflow,96
12,-1242007014_CO,TSS,Outflow,96
13,-1242007014_CO,TSS,Outflow,96
12,-1242007014_CO,TSS,Outflow,97
23,-1242007014_CO,TSS,Outflow,97
25,-1242007014_CO,TSS,Outflow,97
20,-1242007014_CO,TSS,Outflow,97
26,-1242007014_CO,TSS,Outflow,97
12,-1242007014_CO,TSS,Outflow,98
13,-1242007014_CO,TSS,Outflow,98
22,-1242007014_CO,TSS,Outflow,98
5,-1242007014_CO,TSS,Outflow,98
20,-1242007014_CO,TSS,Outflow,98
6,-1242007014_CO,TSS,Outflow,99
9,-1242007014_CO,TSS,Outflow,99
47,-1242007014_CO,TSS,Outflow,99
26,-1242007014_CO,TSS,Outflow,99
110,-1242007014_CO,TSS,Outflow,99
47,-1242007014_CO,TSS,Outflow,100
13,-1242007014_CO,TSS,Outflow,100
20,-1242007014_CO,TSS,Outflow,100
12,-1242007014_CO,TSS,Outflow,100
110,-1242007014_CO,TSS,Outflow,100
22,-1242007014_CO,TSS,Outflow,101
6,-1242007014_CO,TSS,Outflow,101
110,-1242007014_CO,TSS,Outflow,101
19,-1242007014_CO,TSS,Outflow,101
26,-1242007014_CO,TSS,Outflow,101
25,-1242007014_CO,TSS,Outflow,102
19,-1242007014_CO,TSS,Outflow,102
13,-1242007014_CO,TSS,Outflow,102
13,-1242007014_CO,TSS,Outflow,102
27,-1242007014_CO,TSS,Outflow,102
5,-1242007014_CO,TSS,Outflow,103
6,-1242007014_CO,TSS,Outflow,103
531,-1242007014_CO,TSS,Outflow,103
26,-1242007014_CO,TSS,Outflow,103
27,-1242007014_CO,TSS,Outflow,103
12,-1242007014_CO,TSS,Outflow,104
20,-1242007014_CO,TSS,Outflow,104
23,-1242007014_CO,TSS,Outflow,104
26,-1242007014_CO,TSS,Outflow,104
25,-1242007014_CO,TSS,Outflow,104
47,-1242007014_CO,TSS,Outflow,105
13,-1242007014_CO,TSS,Outflow,105
27,-1242007014_CO,TSS,Outflow,105
5,-1242007014_CO,TSS,Outflow,105
27,-1242007014_CO,TSS,Outflow,105
23,-1242007014_CO,TSS,Outflow,106
9,-1242007014_CO,TSS,Outflow,106
12,-1242007014_CO,TSS,Outflow,106
13,-1242007014_CO,TSS,Outflow,106
27,-1242007014_CO,TSS,Outflow,106
27,-1242007014_CO,TSS,Outflow,107
26,-1242007014_CO,TSS,Outflow,107
13,-1242007014_CO,TSS,Outflow,107
23,-1242007014_CO,TSS,Outflow,107
5,-1242007014_CO,TSS,Outflow,107
47,-1242007014_CO,TSS,Outflow,108
26,-1242007014_CO,TSS,Outflow,108
13,-1242007014_CO,TSS,Outflow,108
110,-1242007014_CO,TSS,Outflow,108
12,-1242007014_CO,TSS,Outflow,108
110,-1242007014_CO,TSS,Outflow,109
27,-1242007014_CO,TSS,Outflow,109
20,-1242007014_CO,TSS,Outflow,109
26,-1242007014_CO,TSS,Outflow,109
19,-1242007014_CO,TSS,Outflow,109
23,-1242007014_CO,TSS,Outflow,110
20,-1242007014_CO,TSS,Outflow,110
12,-1242007014_CO,TSS,Outflow,110
22,-1242007014_CO,TSS,Outflow,110
25,-1242007014_CO,TSS,Outflow,110
110,-1242007014_CO,TSS,Outflow,111
5,-1242007014_CO,TSS,Outflow,111
27,-1242007014_CO,TSS,Outflow,111
25,-1242007014_CO,TSS,Outflow,111
47,-1242007014_CO,TSS,Outflow,111
27,-1242007014_CO,TSS,Outflow,112
47,-1242007014_CO,TSS,Outflow,112
531,-1242007014_CO,TSS,Outflow,112
23,-1242007014_CO,TSS,Outflow,112
110,-1242007014_CO,TSS,Outflow,112
13,-1242007014_CO,TSS,Outflow,113
20,-1242007014_CO,TSS,Outflow,113
23,-1242007014_CO,TSS,Outflow,113
13,-1242007014_CO,TSS,Outflow,113
12,-1242007014_CO,TSS,Outflow,113
19,-1242007014_CO,TSS,Outflow,114
13,-1242007014_CO,TSS,Outflow,114
20,-1242007014_CO,TSS,Outflow,114
6,-1242007014_CO,TSS,Outflow,114
47,-1242007014_CO,TSS,Outflow,114
110,-1242007014_CO,TSS,Outflow,115
23,-1242007014_CO,TSS,Outflow,115
26,-1242007014_CO,TSS,Outflow,115
531,-1242007014_CO,TSS,Outflow,115
12,-1242007014_CO,TSS,Outflow,115
12,-1242007014_CO,TSS,Outflow,116
9,-1242007014_CO,TSS,Outflow,116
47,-1242007014_CO,TSS,Outflow,116
6,-1242007014_CO,TSS,Outflow,116
19,-1242007014_CO,TSS,Outflow,116
27,-1242007014_CO,TSS,Outflow,117
13,-1242007014_CO,TSS,Outflow,117
531,-1242007014_CO,TSS,Outflow,117
27,-1242007014_CO,TSS,Outflow,117
110,-1242007014_CO,TSS,Outflow,117
13,-1242007014_CO,TSS,Outflow,118
27,-1242007014_CO,TSS,Outflow,118
22,-1242007014_CO,TSS,Outflow,118
6,-1242007014_CO,TSS,Outflow,118
27,-1242007014_CO,TSS,Outflow,118
26,-1242007014_CO,TSS,Outflow,119
27,-1242007014_CO,TSS,Outflow,119
9,-1242007014_CO,TSS,Outflow,119
13,-1242007014_CO,TSS,Outflow,119
19,-1242007014_CO,TSS,Outflow,119
25,-1242007014_CO,TSS,Outflow,120
19,-1242007014_CO,TSS,Outflow,120
27,-1242007014_CO,TSS,Outflow,120
20,-1242007014_CO,TSS,Outflow,120
22,-1242007014_CO,TSS,Outflow,120
13,-1242007014_CO,TSS,Outflow,121
110,-1242007014_CO,TSS,Outflow,121
12,-1242007014_CO,TSS,Outflow,121
22,-1242007014_CO,TSS,Outflow,121
26,-1242007014_CO,TSS,Outflow,121
20,-1242007014_CO,TSS,Outflow,122
531,-1242007014_CO,TSS,Outflow,122
26,-1242007014_CO,TSS,Outflow,122
27,-1242007014_CO,TSS,Outflow,122
13,-1242007014_CO,TSS,Outflow,122
26,-1242007014_CO,TSS,Outflow,123
23,-1242007014_CO,TSS,Outflow,123
27,-1242007014_CO,TSS,Outflow,123
531,-1242007014_CO,TSS,Outflow,123
22,-1242007014_CO,TSS,Outflow,123
110,-1242007014_CO,TSS,Outflow,124
22,-1242007014_CO,TSS,Outflow,124
25,-1242007014_CO,TSS,Outflow,124
9,-1242007014_CO,TSS,Outflow,124
27,-1242007014_CO,TSS,Outflow,124
13,-1242007014_CO,TSS,Outflow,125
20,-1242007014_CO,TSS,Outflow,125
110,-1242007014_CO,TSS,Outflow,125
6,-1242007014_CO,TSS,Outflow,125
9,-1242007014_CO,TSS,Outflow,125
13,-1242007014_CO,TSS,Outflow,126
6,-1242007014_CO,TSS,Outflow,126
47,-1242007014_CO,TSS,Outflow,126
27,-1242007014_CO,TSS,Outflow,126
25,-1242007014_CO,TSS,Outflow,126
13,-1242007014_CO,TSS,Outflow,127
531,-1242007014_CO,TSS,Outflow,127
9,-1242007014_CO,TSS,Outflow,127
20,-1242007014_CO,TSS,Outflow,127
19,-1242007014_CO,TSS,Outflow,127
110,-1242007014_CO,TSS,Outflow,128
27,-1242007014_CO,TSS,Outflow,128
47,-1242007014_CO,TSS,Outflow,128
5,-1242007014_CO,TSS,Outflow,128
19,-1242007014_CO,TSS,Outflow,128
22,-1242007014_CO,TSS,Outflow,129
12,-1242007014_CO,TSS,Outflow,129
5,-1242007014_CO,TSS,Outflow,129
26,-1242007014_CO,TSS,Outflow,129
13,-1242007014_CO,TSS,Outflow,129
26,-1242007014_CO,TSS,Outflow,130
19,-1242007014_CO,TSS,Outflow,130
9,-1242007014_CO,TSS,Outflow,130
13,-1242007014_CO,TSS,Outflow,130
13,-1242007014_CO,TSS,Outflow,130
22,-1242007014_CO,TSS,Outflow,131
9,-1242007014_CO,TSS,Outflow,131
27,-1242007014_CO,TSS,Outflow,131
12,-1242007014_CO,TSS,Outflow,131
20,-1242007014_CO,TSS,Outflow,131
27,-1242007014_CO,TSS,Outflow,132
47,-1242007014_CO,TSS,Outflow,132
25,-1242007014_CO,TSS,Outflow,132
110,-1242007014_CO,TSS,Outflow,132
13,-1242007014_CO,TSS,Outflow,132
47,-1242007014_CO,TSS,Outflow,133
110,-1242007014_CO,TSS,Outflow,133
23,-1242007014_CO,TSS,Outflow,133
5,-1242007014_CO,TSS,Outflow,133
531,-1242007014_CO,TSS,Outflow,133
25,-1242007014_CO,TSS,Outflow,134
9,-1242007014_CO,TSS,Outflow,134
23,-1242007014_CO,TSS,Outflow,134
47,-1242007014_CO,TSS,Outflow,134
22,-1242007014_CO,TSS,Outflow,134
531,-1242007014_CO,TSS,Outflow,135
9,-1242007014_CO,TSS,Outflow,135
20,-1242007014_CO,TSS,Outflow,135
26,-1242007014_CO,TSS,Outflow,135
27,-1242007014_CO,TSS,Outflow,135
6,-1242007014_CO,TSS,Outflow,136
27,-1242007014_CO,TSS,Outflow,136
13,-1242007014_CO,TSS,Outflow,136
5,-1242007014_CO,TSS,Outflow,136
23,-1242007014_CO,TSS,Outflow,136
26,-1242007014_CO,TSS,Outflow,137
6,-1242007014_CO,TSS,Outflow,137
27,-1242007014_CO,TSS,Outflow,137
13,-1242007014_CO,TSS,Outflow,137
13,-1242007014_CO,TSS,Outflow,137
27,-1242007014_CO,TSS,Outflow,138
13,-1242007014_CO,TSS,Outflow,138
26,-1242007014_CO,TSS,Outflow,138
19,-1242007014_CO,TSS,Outflow,138
13,-1242007014_CO,TSS,Outflow,138
26,-1242007014_CO,TSS,Outflow,139
27,-1242007014_CO,TSS,Outflow,139
23,-1242007014_CO,TSS,Outflow,139
20,-1242007014_CO,TSS,Outflow,139
13,-1242007014_CO,TSS,Outflow,139
13,-1242007014_CO,TSS,Outflow,140
47,-1242007014_CO,TSS,Outflow,140
27,-1242007014_CO,TSS,Outflow,140
22,-1242007014_CO,TSS,Outflow,140
27,-1242007014_CO,TSS,Outflow,140
13,-1242007014_CO,TSS,Outflow,141
110,-1242007014_CO,TSS,Outflow,141
531,-1242007014_CO,TSS,Outflow,141
25,-1242007014_CO,TSS,Outflow,141
20,-1242007014_CO,TSS,Outflow,141
9,-1242007014_CO,TSS,Outflow,142
26,-1242007014_CO,TSS,Outflow,142
27,-1242007014_CO,TSS,Outflow,142
47,-1242007014_CO,TSS,Outflow,142
25,-1242007014_CO,TSS,Outflow,142
23,-1242007014_CO,TSS,Outflow,143
27,-1242007014_CO,TSS,Outflow,143
13,-1242007014_CO,TSS,Outflow,143
47,-1242007014_CO,TSS,Outflow,143
27,-1242007014_CO,TSS,Outflow,143
27,-1242007014_CO,TSS,Outflow,144
531,-1242007014_CO,TSS,Outflow,144
13,-1242007014_CO,TSS,Outflow,144
13,-1242007014_CO,TSS,Outflow,144
22,-1242007014_CO,TSS,Outflow,144
13,-1242007014_CO,TSS,Outflow,145
22,-1242007014_CO,TSS,Outflow,145
26,-1242007014_CO,TSS,Outflow,145
20,-1242007014_CO,TSS,Outflow,145
25,-1242007014_CO,TSS,Outflow,145
9,-1242007014_CO,TSS,Outflow,146
12,-1242007014_CO,TSS,Outflow,146
25,-1242007014_CO,TSS,Outflow,146
22,-1242007014_CO,TSS,Outflow,146
19,-1242007014_CO,TSS,Outflow,146
13,-1242007014_CO,TSS,Outflow,147
20,-1242007014_CO,TSS,Outflow,147
27,-1242007014_CO,TSS,Outflow,147
22,-1242007014_CO,TSS,Outflow,147
19,-1242007014_CO,TSS,Outflow,147
25,-1242007014_CO,TSS,Outflow,148
6,-1242007014_CO,TSS,Outflow,148
9,-1242007014_CO,TSS,Outflow,148
47,-1242007014_CO,TSS,Outflow,148
26,-1242007014_CO,TSS,Outflow,148
19,-1242007014_CO,TSS,Outflow,149
9,-1242007014_CO,TSS,Outflow,149
27,-1242007014_CO,TSS,Outflow,149
531,-1242007014_CO,TSS,Outflow,149
47,-1242007014_CO,TSS,Outflow,149
19,-1242007014_CO,TSS,Outflow,150
5,-1242007014_CO,TSS,Outflow,150
110,-1242007014_CO,TSS,Outflow,150
531,-1242007014_CO,TSS,Outflow,150
26,-1242007014_CO,TSS,Outflow,150
9,-1242007014_CO,TSS,Outflow,151
27,-1242007014_CO,TSS,Outflow,151
27,-1242007014_CO,TSS,Outflow,151
531,-1242007014_CO,TSS,Outflow,151
12,-1242007014_CO,TSS,Outflow,151
9,-1242007014_CO,TSS,Outflow,152
110,-1242007014_CO,TSS,Outflow,152
27,-1242007014_CO,TSS,Outflow,152
22,-1242007014_CO,TSS,Outflow,152
26,-1242007014_CO,TSS,Outflow,152
47,-1242007014_CO,TSS,Outflow,153
20,-1242007014_CO,TSS,Outflow,153
12,-1242007014_CO,TSS,Outflow,153
25,-1242007014_CO,TSS,Outflow,153
27,-1242007014_CO,TSS,Outflow,153
13,-1242007014_CO,TSS,Outflow,154
20,-1242007014_CO,TSS,Outflow,154
19,-1242007014_CO,TSS,Outflow,154
6,-1242007014_CO,TSS,Outflow,154
9,-1242007014_CO,TSS,Outflow,154
20,-1242007014_CO,TSS,Outflow,155
47,-1242007014_CO,TSS,Outflow,155
27,-1242007014_CO,TSS,Outflow,155
110,-1242007014_CO,TSS,Outflow,155
27,-1242007014_CO,TSS,Outflow,155
6,-1242007014_CO,TSS,Outflow,156
13,-1242007014_CO,TSS,Outflow,156
20,-1242007014_CO,TSS,Outflow,156
26,-1242007014_CO,TSS,Outflow,156
22,-1242007014_CO,TSS,Outflow,156
13,-1242007014_CO,TSS,Outflow,157
13,-1242007014_CO,TSS,Outflow,157
20,-1242007014_CO,TSS,Outflow,157
5,-1242007014_CO,TSS,Outflow,157
25,-1242007014_CO,TSS,Outflow,157
13,-1242007014_CO,TSS,Outflow,158
13,-1242007014_CO,TSS,Outflow,158
47,-1242007014_CO,TSS,Outflow,158
531,-1242007014_CO,TSS,Outflow,158
12,-1242007014_CO,TSS,Outflow,158
13,-1242007014_CO,TSS,Outflow,159
27,-1242007014_CO,TSS,Outflow,159
12,-1242007014_CO,TSS,Outflow,159
6,-1242007014_CO,TSS,Outflow,159
110,-1242007014_CO,TSS,Outflow,159
23,-1242007014_CO,TSS,Outflow,160
12,-1242007014_CO,TSS,Outflow,160
6,-1242007014_CO,TSS,Outflow,160
20,-1242007014_CO,TSS,Outflow,160
27,-1242007014_CO,TSS,Outflow,160
27,-1242007014_CO,TSS,Outflow,161
25,-1242007014_CO,TSS,Outflow,161
13,-1242007014_CO,TSS,Outflow,161
5,-1242007014_CO,TSS,Outflow,161
23,-1242007014_CO,TSS,Outflow,161
6,-1242007014_CO,TSS,Outflow,162
23,-1242007014_CO,TSS,Outflow,162
13,-1242007014_CO,TSS,Outflow,162
22,-1242007014_CO,TSS,Outflow,162
20,-1242007014_CO,TSS,Outflow,162
6,-1242007014_CO,TSS,Outflow,163
9,-1242007014_CO,TSS,Outflow,163
27,-1242007014_CO,TSS,Outflow,163
531,-1242007014_CO,TSS,Outflow,163
26,-1242007014_CO,TSS,Outflow,163
13,-1242007014_CO,TSS,Outflow,164
22,-1242007014_CO,TSS,Outflow,164
12,-1242007014_CO,TSS,Outflow,164
110,-1242007014_CO,TSS,Outflow,164
47,-1242007014_CO,TSS,Outflow,164
27,-1242007014_CO,TSS,Outflow,165
26,-1242007014_CO,TSS,Outflow,165
110,-1242007014_CO,TSS,Outflow,165
531,-1242007014_CO,TSS,Outflow,165
13,-1242007014_CO,TSS,Outflow,165
13,-1242007014_CO,TSS,Outflow,166
6,-1242007014_CO,TSS,Outflow,166
531,-1242007014_CO,TSS,Outflow,166
12,-1242007014_CO,TSS,Outflow,166
26,-1242007014_CO,TSS,Outflow,166
12,-1242007014_CO,TSS,Outflow,167
22,-1242007014_CO,TSS,Outflow,167
23,-1242007014_CO,TSS,Outflow,167
47,-1242007014_CO,TSS,Outflow,167
531,-1242007014_CO,TSS,Outflow,167
23,-1242007014_CO,TSS,Outflow,168
13,-1242007014_CO,TSS,Outflow,168
5,-1242007014_CO,TSS,Outflow,168
9,-1242007014_CO,TSS,Outflow,168
26,-1242007014_CO,TSS,Outflow,168
22,-1242007014_CO,TSS,Outflow,169
25,-1242007014_CO,TSS,Outflow,169
47,-1242007014_CO,TSS,Outflow,169
27,-1242007014_CO,TSS,Outflow,169
9,-1242007014_CO,TSS,Outflow,169
12,-1242007014_CO,TSS,Outflow,170
13,-1242007014_CO,TSS,Outflow,170
5,-1242007014_CO,TSS,Outflow,170
27,-1242007014_CO,TSS,Outflow,170
27,-1242007014_CO,TSS,Outflow,170
9,-1242007014_CO,TSS,Outflow,171
20,-1242007014_CO,TSS,Outflow,171
110,-1242007014_CO,TSS,Outflow,171
19,-1242007014_CO,TSS,Outflow,171
13,-1242007014_CO,TSS,Outflow,171
27,-1242007014_CO,TSS,Outflow,172
25,-1242007014_CO,TSS,Outflow,172
13,-1242007014_CO,TSS,Outflow,172
9,-1242007014_CO,TSS,Outflow,172
13,-1242007014_CO,TSS,Outflow,172
26,-1242007014_CO,TSS,Outflow,173
12,-1242007014_CO,TSS,Outflow,173
13,-1242007014_CO,TSS,Outflow,173
5,-1242007014_CO,TSS,Outflow,173
22,-1242007014_CO,TSS,Outflow,173
12,-1242007014_CO,TSS,Outflow,174
13,-1242007014_CO,TSS,Outflow,174
27,-1242007014_CO,TSS,Outflow,174
20,-1242007014_CO,TSS,Outflow,174
23,-1242007014_CO,TSS,Outflow,174
6,-1242007014_CO,TSS,Outflow,175
531,-1242007014_CO,TSS,Outflow,175
22,-1242007014_CO,TSS,Outflow,175
47,-1242007014_CO,TSS,Outflow,175
110,-1242007014_CO,TSS,Outflow,175
12,-1242007014_CO,TSS,Outflow,176
23,-1242007014_CO,TSS,Outflow,176
13,-1242007014_CO,TSS,Outflow,176
27,-1242007014_CO,TSS,Outflow,176
5,-1242007014_CO,TSS,Outflow,176
12,-1242007014_CO,TSS,Outflow,177
13,-1242007014_CO,TSS,Outflow,177
26,-1242007014_CO,TSS,Outflow,177
23,-1242007014_CO,TSS,Outflow,177
20,-1242007014_CO,TSS,Outflow,177
19,-1242007014_CO,TSS,Outflow,178
22,-1242007014_CO,TSS,Outflow,178
20,-1242007014_CO,TSS,Outflow,178
47,-1242007014_CO,TSS,Outflow,178
12,-1242007014_CO,TSS,Outflow,178
531,-1242007014_CO,TSS,Outflow,179
9,-1242007014_CO,TSS,Outflow,179
5,-1242007014_CO,TSS,Outflow,179
12,-1242007014_CO,TSS,Outflow,179
23,-1242007014_CO,TSS,Outflow,179
12,-1242007014_CO,TSS,Outflow,180
22,-1242007014_CO,TSS,Outflow,180
6,-1242007014_CO,TSS,Outflow,180
27,-1242007014_CO,TSS,Outflow,180
23,-1242007014_CO,TSS,Outflow,180
20,-1242007014_CO,TSS,Outflow,181
110,-1242007014_CO,TSS,Outflow,181
23,-1242007014_CO,TSS,Outflow,181
22,-1242007014_CO,TSS,Outflow,181
13,-1242007014_CO,TSS,Outflow,181
13,-1242007014_CO,TSS,Outflow,182
6,-1242007014_CO,TSS,Outflow,182
13,-1242007014_CO,TSS,Outflow,182
5,-1242007014_CO,TSS,Outflow,182
9,-1242007014_CO,TSS,Outflow,182
13,-1242007014_CO,TSS,Outflow,183
6,-1242007014_CO,TSS,Outflow,183
5,-1242007014_CO,TSS,Outflow,183
25,-1242007014_CO,TSS,Outflow,183
26,-1242007014_CO,TSS,Outflow,183
13,-1242007014_CO,TSS,Outflow,184
20,-1242007014_CO,TSS,Outflow,184
23,-1242007014_CO,TSS,Outflow,184
5,-1242007014_CO,TSS,Outflow,184
47,-1242007014_CO,TSS,Outflow,184
27,-1242007014_CO,TSS,Outflow,185
23,-1242007014_CO,TSS,Outflow,185
13,-1242007014_CO,TSS,Outflow,185
27,-1242007014_CO,TSS,Outflow,185
26,-1242007014_CO,TSS,Outflow,185
13,-1242007014_CO,TSS,Outflow,186
25,-1242007014_CO,TSS,Outflow,186
23,-1242007014_CO,TSS,Outflow,186
6,-1242007014_CO,TSS,Outflow,186
26,-1242007014_CO,TSS,Outflow,186
13,-1242007014_CO,TSS,Outflow,187
20,-1242007014_CO,TSS,Outflow,187
110,-1242007014_CO,TSS,Outflow,187
25,-1242007014_CO,TSS,Outflow,187
19,-1242007014_CO,TSS,Outflow,187
110,-1242007014_CO,TSS,Outflow,188
13,-1242007014_CO,TSS,Outflow,188
25,-1242007014_CO,TSS,Outflow,188
22,-1242007014_CO,TSS,Outflow,188
531,-1242007014_CO,TSS,Outflow,188
26,-1242007014_CO,TSS,Outflow,189
13,-1242007014_CO,TSS,Outflow,189
19,-1242007014_CO,TSS,Outflow,189
27,-1242007014_CO,TSS,Outflow,189
12,-1242007014_CO,TSS,Outflow,189
110,-1242007014_CO,TSS,Outflow,190
6,-1242007014_CO,TSS,Outflow,190
5,-1242007014_CO,TSS,Outflow,190
13,-1242007014_CO,TSS,Outflow,190
27,-1242007014_CO,TSS,Outflow,190
27,-1242007014_CO,TSS,Outflow,191
20,-1242007014_CO,TSS,Outflow,191
9,-1242007014_CO,TSS,Outflow,191
5,-1242007014_CO,TSS,Outflow,191
47,-1242007014_CO,TSS,Outflow,191
22,-1242007014_CO,TSS,Outflow,192
27,-1242007014_CO,TSS,Outflow,192
13,-1242007014_CO,TSS,Outflow,192
19,-1242007014_CO,TSS,Outflow,192
27,-1242007014_CO,TSS,Outflow,192
9,-1242007014_CO,TSS,Outflow,193
110,-1242007014_CO,TSS,Outflow,193
13,-1242007014_CO,TSS,Outflow,193
22,-1242007014_CO,TSS,Outflow,193
27,-1242007014_CO,TSS,Outflow,193
19,-1242007014_CO,TSS,Outflow,194
9,-1242007014_CO,TSS,Outflow,194
12,-1242007014_CO,TSS,Outflow,194
27,-1242007014_CO,TSS,Outflow,194
25,-1242007014_CO,TSS,Outflow,194
13,-1242007014_CO,TSS,Outflow,195
9,-1242007014_CO,TSS,Outflow,195
110,-1242007014_CO,TSS,Outflow,195
47,-1242007014_CO,TSS,Outflow,195
12,-1242007014_CO,TSS,Outflow,195
27,-1242007014_CO,TSS,Outflow,196
20,-1242007014_CO,TSS,Outflow,196
25,-1242007014_CO,TSS,Outflow,196
9,-1242007014_CO,TSS,Outflow,196
19,-1242007014_CO,TSS,Outflow,196
22,-1242007014_CO,TSS,Outflow,197
12,-1242007014_CO,TSS,Outflow,197
19,-1242007014_CO,TSS,Outflow,197
47,-1242007014_CO,TSS,Outflow,197
531,-1242007014_CO,TSS,Outflow,197
27,-1242007014_CO,TSS,Outflow,198
20,-1242007014_CO,TSS,Outflow,198
23,-1242007014_CO,TSS,Outflow,198
47,-1242007014_CO,TSS,Outflow,198
26,-1242007014_CO,TSS,Outflow,198
27,-1242007014_CO,TSS,Outflow,199
23,-1242007014_CO,TSS,Outflow,199
12,-1242007014_CO,TSS,Outflow,199
13,-1242007014_CO,TSS,Outflow,199
27,-1242007014_CO,TSS,Outflow,199
25,-1242007014_CO,TSS,Outflow,200
531,-1242007014_CO,TSS,Outflow,200
27,-1242007014_CO,TSS,Outflow,200
27,-1242007014_CO,TSS,Outflow,200
23,-1242007014_CO,TSS,Outflow,200
531,-1242007014_CO,TSS,Outflow,201
25,-1242007014_CO,TSS,Outflow,201
6,-1242007014_CO,TSS,Outflow,201
19,-1242007014_CO,TSS,Outflow,201
13,-1242007014_CO,TSS,Outflow,201
23,-1242007014_CO,TSS,Outflow,202
531,-1242007014_CO,TSS,Outflow,202
9,-1242007014_CO,TSS,Outflow,202
12,-1242007014_CO,TSS,Outflow,202
5,-1242007014_CO,TSS,Outflow,202
12,-1242007014_CO,TSS,Outflow,203
23,-1242007014_CO,TSS,Outflow,203
27,-1242007014_CO,TSS,Outflow,203
531,-1242007014_CO,TSS,Outflow,203
22,-1242007014_CO,TSS,Outflow,203
531,-1242007014_CO,TSS,Outflow,204
12,-1242007014_CO,TSS,Outflow,204
26,-1242007014_CO,TSS,Outflow,204
9,-1242007014_CO,TSS,Outflow,204
19,-1242007014_CO,TSS,Outflow,204
22,-1242007014_CO,TSS,Outflow,205
12,-1242007014_CO,TSS,Outflow,205
19,-1242007014_CO,TSS,Outflow,205
6,-1242007014_CO,TSS,Outflow,205
531,-1242007014_CO,TSS,Outflow,205
5,-1242007014_CO,TSS,Outflow,206
13,-1242007014_CO,TSS,Outflow,206
26,-1242007014_CO,TSS,Outflow,206
20,-1242007014_CO,TSS,Outflow,206
25,-1242007014_CO,TSS,Outflow,206
531,-1242007014_CO,TSS,Outflow,207
9,-1242007014_CO,TSS,Outflow,207
26,-1242007014_CO,TSS,Outflow,207
22,-1242007014_CO,TSS,Outflow,207
13,-1242007014_CO,TSS,Outflow,207
13,-1242007014_CO,TSS,Outflow,208
19,-1242007014_CO,TSS,Outflow,208
20,-1242007014_CO,TSS,Outflow,208
27,-1242007014_CO,TSS,Outflow,208
26,-1242007014_CO,TSS,Outflow,208
27,-1242007014_CO,TSS,Outflow,209
19,-1242007014_CO,TSS,Outflow,209
13,-1242007014_CO,TSS,Outflow,209
9,-1242007014_CO,TSS,Outflow,209
531,-1242007014_CO,TSS,Outflow,209
531,-1242007014_CO,TSS,Outflow,210
9,-1242007014_CO,TSS,Outflow,210
13,-1242007014_CO,TSS,Outflow,210
27,-1242007014_CO,TSS,Outflow,210
20,-1242007014_CO,TSS,Outflow,210
20,-1242007014_CO,TSS,Outflow,211
110,-1242007014_CO,TSS,Outflow,211
23,-1242007014_CO,TSS,Outflow,211
19,-1242007014_CO,TSS,Outflow,211
6,-1242007014_CO,TSS,Outflow,211
23,-1242007014_CO,TSS,Outflow,212
22,-1242007014_CO,TSS,Outflow,212
110,-1242007014_CO,TSS,Outflow,212
9,-1242007014_CO,TSS,Outflow,212
12,-1242007014_CO,TSS,Outflow,212
13,-1242007014_CO,TSS,Outflow,213
19,-1242007014_CO,TSS,Outflow,213
26,-1242007014_CO,TSS,Outflow,213
9,-1242007014_CO,TSS,Outflow,213
531,-1242007014_CO,TSS,Outflow,213
12,-1242007014_CO,TSS,Outflow,214
531,-1242007014_CO,TSS,Outflow,214
27,-1242007014_CO,TSS,Outflow,214
20,-1242007014_CO,TSS,Outflow,214
27,-1242007014_CO,TSS,Outflow,214
27,-1242007014_CO,TSS,Outflow,215
19,-1242007014_CO,TSS,Outflow,215
13,-1242007014_CO,TSS,Outflow,215
110,-1242007014_CO,TSS,Outflow,215
22,-1242007014_CO,TSS,Outflow,215
25,-1242007014_CO,TSS,Outflow,216
13,-1242007014_CO,TSS,Outflow,216
110,-1242007014_CO,TSS,Outflow,216
9,-1242007014_CO,TSS,Outflow,216
6,-1242007014_CO,TSS,Outflow,216
27,-1242007014_CO,TSS,Outflow,217
20,-1242007014_CO,TSS,Outflow,217
23,-1242007014_CO,TSS,Outflow,217
13,-1242007014_CO,TSS,Outflow,217
531,-1242007014_CO,TSS,Outflow,217
47,-1242007014_CO,TSS,Outflow,218
5,-1242007014_CO,TSS,Outflow,218
22,-1242007014_CO,TSS,Outflow,218
19,-1242007014_CO,TSS,Outflow,218
531,-1242007014_CO,TSS,Outflow,218
9,-1242007014_CO,TSS,Outflow,219
19,-1242007014_CO,TSS,Outflow,219
6,-1242007014_CO,TSS,Outflow,219
12,-1242007014_CO,TSS,Outflow,219
22,-1242007014_CO,TSS,Outflow,219
110,-1242007014_CO,TSS,Outflow,220
19,-1242007014_CO,TSS,Outflow,220
25,-1242007014_CO,TSS,Outflow,220
20,-1242007014_CO,TSS,Outflow,220
6,-1242007014_CO,TSS,Outflow,220
6,-1242007014_CO,TSS,Outflow,221
20,-1242007014_CO,TSS,Outflow,221
22,-1242007014_CO,TSS,Outflow,221
26,-1242007014_CO,TSS,Outflow,221
9,-1242007014_CO,TSS,Outflow,221
13,-1242007014_CO,TSS,Outflow,222
19,-1242007014_CO,TSS,Outflow,222
22,-1242007014_CO,TSS,Outflow,222
27,-1242007014_CO,TSS,Outflow,222
13,-1242007014_CO,TSS,Outflow,222
6,-1242007014_CO,TSS,Outflow,223
13,-1242007014_CO,TSS,Outflow,223
12,-1242007014_CO,TSS,Outflow,223
27,-1242007014_CO,TSS,Outflow,223
13,-1242007014_CO,TSS,Outflow,223
12,-1242007014_CO,TSS,Outflow,224
25,-1242007014_CO,TSS,Outflow,224
110,-1242007014_CO,TSS,Outflow,224
13,-1242007014_CO,TSS,Outflow,224
23,-1242007014_CO,TSS,Outflow,224
25,-1242007014_CO,TSS,Outflow,225
20,-1242007014_CO,TSS,Outflow,225
5,-1242007014_CO,TSS,Outflow,225
110,-1242007014_CO,TSS,Outflow,225
23,-1242007014_CO,TSS,Outflow,225
6,-1242007014_CO,TSS,Outflow,226
47,-1242007014_CO,TSS,Outflow,226
26,-1242007014_CO,TSS,Outflow,226
23,-1242007014_CO,TSS,Outflow,226
22,-1242007014_CO,TSS,Outflow,226
110,-1242007014_CO,TSS,Outflow,227
13,-1242007014_CO,TSS,Outflow,227
25,-1242007014_CO,TSS,Outflow,227
27,-1242007014_CO,TSS,Outflow,227
26,-1242007014_CO,TSS,Outflow,227
531,-1242007014_CO,TSS,Outflow,228
22,-1242007014_CO,TSS,Outflow,228
47,-1242007014_CO,TSS,Outflow,228
26,-1242007014_CO,TSS,Outflow,228
27,-1242007014_CO,TSS,Outflow,228
20,-1242007014_CO,TSS,Outflow,229
22,-1242007014_CO,TSS,Outflow,229
26,-1242007014_CO,TSS,Outflow,229
27,-1242007014_CO,TSS,Outflow,229
13,-1242007014_CO,TSS,Outflow,229
22,-1242007014_CO,TSS,Outflow,230
110,-1242007014_CO,TSS,Outflow,230
12,-1242007014_CO,TSS,Outflow,230
47,-1242007014_CO,TSS,Outflow,230
27,-1242007014_CO,TSS,Outflow,230
6,-1242007014_CO,TSS,Outflow,231
20,-1242007014_CO,TSS,Outflow,231
27,-1242007014_CO,TSS,Outflow,231
13,-1242007014_CO,TSS,Outflow,231
531,-1242007014_CO,TSS,Outflow,231
6,-1242007014_CO,TSS,Outflow,232
26,-1242007014_CO,TSS,Outflow,232
47,-1242007014_CO,TSS,Outflow,232
13,-1242007014_CO,TSS,Outflow,232
27,-1242007014_CO,TSS,Outflow,232
47,-1242007014_CO,TSS,Outflow,233
22,-1242007014_CO,TSS,Outflow,233
5,-1242007014_CO,TSS,Outflow,233
20,-1242007014_CO,TSS,Outflow,233
9,-1242007014_CO,TSS,Outflow,233
23,-1242007014_CO,TSS,Outflow,234
12,-1242007014_CO,TSS,Outflow,234
531,-1242007014_CO,TSS,Outflow,234
27,-1242007014_CO,TSS,Outflow,234
27,-1242007014_CO,TSS,Outflow,234
22,-1242007014_CO,TSS,Outflow,235
23,-1242007014_CO,TSS,Outflow,235
9,-1242007014_CO,TSS,Outflow,235
5,-1242007014_CO,TSS,Outflow,235
27,-1242007014_CO,TSS,Outflow,235
22,-1242007014_CO,TSS,Outflow,236
9,-1242007014_CO,TSS,Outflow,236
13,-1242007014_CO,TSS,Outflow,236
531,-1242007014_CO,TSS,Outflow,236
26,-1242007014_CO,TSS,Outflow,236
22,-1242007014_CO,TSS,Outflow,237
531,-1242007014_CO,TSS,Outflow,237
47,-1242007014_CO,TSS,Outflow,237
25,-1242007014_CO,TSS,Outflow,237
9,-1242007014_CO,TSS,Outflow,237
5,-1242007014_CO,TSS,Outflow,238
22,-1242007014_CO,TSS,Outflow,238
110,-1242007014_CO,TSS,Outflow,238
6,-1242007014_CO,TSS,Outflow,238
25,-1242007014_CO,TSS,Outflow,238
26,-1242007014_CO,TSS,Outflow,239
13,-1242007014_CO,TSS,Outflow,239
531,-1242007014_CO,TSS,Outflow,239
20,-1242007014_CO,TSS,Outflow,239
12,-1242007014_CO,TSS,Outflow,239
110,-1242007014_CO,TSS,Outflow,240
531,-1242007014_CO,TSS,Outflow,240
23,-1242007014_CO,TSS,Outflow,240
27,-1242007014_CO,TSS,Outflow,240
20,-1242007014_CO,TSS,Outflow,240
531,-1242007014_CO,TSS,Outflow,241
47,-1242007014_CO,TSS,Outflow,241
25,-1242007014_CO,TSS,Outflow,241
20,-1242007014_CO,TSS,Outflow,241
19,-1242007014_CO,TSS,Outflow,241
5,-1242007014_CO,TSS,Outflow,242
13,-1242007014_CO,TSS,Outflow,242
20,-1242007014_CO,TSS,Outflow,242
12,-1242007014_CO,TSS,Outflow,242
22,-1242007014_CO,TSS,Outflow,242
20,-1242007014_CO,TSS,Outflow,243
5,-1242007014_CO,TSS,Outflow,243
27,-1242007014_CO,TSS,Outflow,243
13,-1242007014_CO,TSS,Outflow,243
6,-1242007014_CO,TSS,Outflow,243
23,-1242007014_CO,TSS,Outflow,244
26,-1242007014_CO,TSS,Outflow,244
27,-1242007014_CO,TSS,Outflow,244
9,-1242007014_CO,TSS,Outflow,244
22,-1242007014_CO,TSS,Outflow,244
25,-1242007014_CO,TSS,Outflow,245
23,-1242007014_CO,TSS,Outflow,245
110,-1242007014_CO,TSS,Outflow,245
19,-1242007014_CO,TSS,Outflow,245
20,-1242007014_CO,TSS,Outflow,245
6,-1242007014_CO,TSS,Outflow,246
12,-1242007014_CO,TSS,Outflow,246
26,-1242007014_CO,TSS,Outflow,246
25,-1242007014_CO,TSS,Outflow,246
5,-1242007014_CO,TSS,Outflow,246
13,-1242007014_CO,TSS,Outflow,247
6,-1242007014_CO,TSS,Outflow,247
26,-1242007014_CO,TSS,Outflow,247
47,-1242007014_CO,TSS,Outflow,247
19,-1242007014_CO,TSS,Outflow,247
25,-1242007014_CO,TSS,Outflow,248
6,-1242007014_CO,TSS,Outflow,248
27,-1242007014_CO,TSS,Outflow,248
23,-1242007014_CO,TSS,Outflow,248
19,-1242007014_CO,TSS,Outflow,248
5,-1242007014_CO,TSS,Outflow,249
27,-1242007014_CO,TSS,Outflow,249
25,-1242007014_CO,TSS,Outflow,249
19,-1242007014_CO,TSS,Outflow,249
531,-1242007014_CO,TSS,Outflow,249
23,-1242007014_CO,TSS,Outflow,250
47,-1242007014_CO,TSS,Outflow,250
12,-1242007014_CO,TSS,Outflow,250
110,-1242007014_CO,TSS,Outflow,250
22,-1242007014_CO,TSS,Outflow,250
22,-1242007014_CO,TSS,Outflow,251
110,-1242007014_CO,TSS,Outflow,251
20,-1242007014_CO,TSS,Outflow,251
27,-1242007014_CO,TSS,Outflow,251
12,-1242007014_CO,TSS,Outflow,251
13,-1242007014_CO,TSS,Outflow,252
23,-1242007014_CO,TSS,Outflow,252
9,-1242007014_CO,TSS,Outflow,252
20,-1242007014_CO,TSS,Outflow,252
110,-1242007014_CO,TSS,Outflow,252
19,-1242007014_CO,TSS,Outflow,253
22,-1242007014_CO,TSS,Outflow,253
5,-1242007014_CO,TSS,Outflow,253
25,-1242007014_CO,TSS,Outflow,253
9,-1242007014_CO,TSS,Outflow,253
13,-1242007014_CO,TSS,Outflow,254
5,-1242007014_CO,TSS,Outflow,254
47,-1242007014_CO,TSS,Outflow,254
531,-1242007014_CO,TSS,Outflow,254
12,-1242007014_CO,TSS,Outflow,254
9,-1242007014_CO,TSS,Outflow,255
19,-1242007014_CO,TSS,Outflow,255
6,-1242007014_CO,TSS,Outflow,255
25,-1242007014_CO,TSS,Outflow,255
26,-1242007014_CO,TSS,Outflow,255
110,-1242007014_CO,TSS,Outflow,256
25,-1242007014_CO,TSS,Outflow,256
13,-1242007014_CO,TSS,Outflow,256
19,-1242007014_CO,TSS,Outflow,256
531,-1242007014_CO,TSS,Outflow,256
110,-1242007014_CO,TSS,Outflow,257
19,-1242007014_CO,TSS,Outflow,257
9,-1242007014_CO,TSS,Outflow,257
13,-1242007014_CO,TSS,Outflow,257
5,-1242007014_CO,TSS,Outflow,257
26,-1242007014_CO,TSS,Outflow,258
22,-1242007014_CO,TSS,Outflow,258
25,-1242007014_CO,TSS,Outflow,258
9,-1242007014_CO,TSS,Outflow,258
110,-1242007014_CO,TSS,Outflow,258
26,-1242007014_CO,TSS,Outflow,259
110,-1242007014_CO,TSS,Outflow,259
531,-1242007014_CO,TSS,Outflow,259
12,-1242007014_CO,TSS,Outflow,259
6,-1242007014_CO,TSS,Outflow,259
5,-1242007014_CO,TSS,Outflow,260
47,-1242007014_CO,TSS,Outflow,260
27,-1242007014_CO,TSS,Outflow,260
25,-1242007014_CO,TSS,Outflow,260
110,-1242007014_CO,TSS,Outflow,260
27,-1242007014_CO,TSS,Outflow,261
12,-1242007014_CO,TSS,Outflow,261
13,-1242007014_CO,TSS,Outflow,261
9,-1242007014_CO,TSS,Outflow,261
6,-1242007014_CO,TSS,Outflow,261
19,-1242007014_CO,TSS,Outflow,262
6,-1242007014_CO,TSS,Outflow,262
12,-1242007014_CO,TSS,Outflow,262
13,-1242007014_CO,TSS,Outflow,262
531,-1242007014_CO,TSS,Outflow,262
25,-1242007014_CO,TSS,Outflow,263
26,-1242007014_CO,TSS,Outflow,263
13,-1242007014_CO,TSS,Outflow,263
47,-1242007014_CO,TSS,Outflow,263
20,-1242007014_CO,TSS,Outflow,263
13,-1242007014_CO,TSS,Outflow,264
20,-1242007014_CO,TSS,Outflow,264
110,-1242007014_CO,TSS,Outflow,264
9,-1242007014_CO,TSS,Outflow,264
13,-1242007014_CO,TSS,Outflow,264
20,-1242007014_CO,TSS,Outflow,265
13,-1242007014_CO,TSS,Outflow,265
25,-1242007014_CO,TSS,Outflow,265
5,-1242007014_CO,TSS,Outflow,265
13,-1242007014_CO,TSS,Outflow,265
47,-1242007014_CO,TSS,Outflow,266
19,-1242007014_CO,TSS,Outflow,266
25,-1242007014_CO,TSS,Outflow,266
12,-1242007014_CO,TSS,Outflow,266
6,-1242007014_CO,TSS,Outflow,266
9,-1242007014_CO,TSS,Outflow,267
110,-1242007014_CO,TSS,Outflow,267
20,-1242007014_CO,TSS,Outflow,267
13,-1242007014_CO,TSS,Outflow,267
25,-1242007014_CO,TSS,Outflow,267
6,-1242007014_CO,TSS,Outflow,268
13,-1242007014_CO,TSS,Outflow,268
26,-1242007014_CO,TSS,Outflow,268
25,-1242007014_CO,TSS,Outflow,268
23,-1242007014_CO,TSS,Outflow,268
27,-1242007014_CO,TSS,Outflow,269
22,-1242007014_CO,TSS,Outflow,269
12,-1242007014_CO,TSS,Outflow,269
47,-1242007014_CO,TSS,Outflow,269
6,-1242007014_CO,TSS,Outflow,269
27,-1242007014_CO,TSS,Outflow,270
27,-1242007014_CO,TSS,Outflow,270
22,-1242007014_CO,TSS,Outflow,270
531,-1242007014_CO,TSS,Outflow,270
110,-1242007014_CO,TSS,Outflow,270
26,-1242007014_CO,TSS,Outflow,271
19,-1242007014_CO,TSS,Outflow,271
531,-1242007014_CO,TSS,Outflow,271
12,-1242007014_CO,TSS,Outflow,271
13,-1242007014_CO,TSS,Outflow,271
25,-1242007014_CO,TSS,Outflow,272
13,-1242007014_CO,TSS,Outflow,272
9,-1242007014_CO,TSS,Outflow,272
12,-1242007014_CO,TSS,Outflow,272
23,-1242007014_CO,TSS,Outflow,272
27,-1242007014_CO,TSS,Outflow,273
22,-1242007014_CO,TSS,Outflow,273
5,-1242007014_CO,TSS,Outflow,273
13,-1242007014_CO,TSS,Outflow,273
20,-1242007014_CO,TSS,Outflow,273
27,-1242007014_CO,TSS,Outflow,274
22,-1242007014_CO,TSS,Outflow,274
23,-1242007014_CO,TSS,Outflow,274
12,-1242007014_CO,TSS,Outflow,274
9,-1242007014_CO,TSS,Outflow,274
19,-1242007014_CO,TSS,Outflow,275
26,-1242007014_CO,TSS,Outflow,275
9,-1242007014_CO,TSS,Outflow,275
20,-1242007014_CO,TSS,Outflow,275
5,-1242007014_CO,TSS,Outflow,275
47,-1242007014_CO,TSS,Outflow,276
20,-1242007014_CO,TSS,Outflow,276
13,-1242007014_CO,TSS,Outflow,276
27,-1242007014_CO,TSS,Outflow,276
23,-1242007014_CO,TSS,Outflow,276
531,-1242007014_CO,TSS,Outflow,277
25,-1242007014_CO,TSS,Outflow,277
13,-1242007014_CO,TSS,Outflow,277
12,-1242007014_CO,TSS,Outflow,277
5,-1242007014_CO,TSS,Outflow,277
26,-1242007014_CO,TSS,Outflow,278
27,-1242007014_CO,TSS,Outflow,278
22,-1242007014_CO,TSS,Outflow,278
25,-1242007014_CO,TSS,Outflow,278
5,-1242007014_CO,TSS,Outflow,278
6,-1242007014_CO,TSS,Outflow,279
5,-1242007014_CO,TSS,Outflow,279
531,-1242007014_CO,TSS,Outflow,279
27,-1242007014_CO,TSS,Outflow,279
23,-1242007014_CO,TSS,Outflow,279
5,-1242007014_CO,TSS,Outflow,280
13,-1242007014_CO,TSS,Outflow,280
26,-1242007014_CO,TSS,Outflow,280
9,-1242007014_CO,TSS,Outflow,280
13,-1242007014_CO,TSS,Outflow,280
26,-1242007014_CO,TSS,Outflow,281
23,-1242007014_CO,TSS,Outflow,281
13,-1242007014_CO,TSS,Outflow,281
22,-1242007014_CO,TSS,Outflow,281
531,-1242007014_CO,TSS,Outflow,281
13,-1242007014_CO,TSS,Outflow,282
5,-1242007014_CO,TSS,Outflow,282
26,-1242007014_CO,TSS,Outflow,282
27,-1242007014_CO,TSS,Outflow,282
6,-1242007014_CO,TSS,Outflow,282
531,-1242007014_CO,TSS,Outflow,283
47,-1242007014_CO,TSS,Outflow,283
27,-1242007014_CO,TSS,Outflow,283
20,-1242007014_CO,TSS,Outflow,283
5,-1242007014_CO,TSS,Outflow,283
110,-1242007014_CO,TSS,Outflow,284
25,-1242007014_CO,TSS,Outflow,284
13,-1242007014_CO,TSS,Outflow,284
20,-1242007014_CO,TSS,Outflow,284
12,-1242007014_CO,TSS,Outflow,284
5,-1242007014_CO,TSS,Outflow,285
26,-1242007014_CO,TSS,Outflow,285
25,-1242007014_CO,TSS,Outflow,285
6,-1242007014_CO,TSS,Outflow,285
47,-1242007014_CO,TSS,Outflow,285
27,-1242007014_CO,TSS,Outflow,286
531,-1242007014_CO,TSS,Outflow,286
13,-1242007014_CO,TSS,Outflow,286
25,-1242007014_CO,TSS,Outflow,286
13,-1242007014_CO,TSS,Outflow,286
20,-1242007014_CO,TSS,Outflow,287
26,-1242007014_CO,TSS,Outflow,287
23,-1242007014_CO,TSS,Outflow,287
5,-1242007014_CO,TSS,Outflow,287
19,-1242007014_CO,TSS,Outflow,287
23,-1242007014_CO,TSS,Outflow,288
27,-1242007014_CO,TSS,Outflow,288
5,-1242007014_CO,TSS,Outflow,288
531,-1242007014_CO,TSS,Outflow,288
9,-1242007014_CO,TSS,Outflow,288
19,-1242007014_CO,TSS,Outflow,289
6,-1242007014_CO,TSS,Outflow,289
27,-1242007014_CO,TSS,Outflow,289
20,-1242007014_CO,TSS,Outflow,289
531,-1242007014_CO,TSS,Outflow,289
19,-1242007014_CO,TSS,Outflow,290
22,-1242007014_CO,TSS,Outflow,290
47,-1242007014_CO,TSS,Outflow,290
110,-1242007014_CO,TSS,Outflow,290
6,-1242007014_CO,TSS,Outflow,290
9,-1242007014_CO,TSS,Outflow,291
26,-1242007014_CO,TSS,Outflow,291
20,-1242007014_CO,TSS,Outflow,291
13,-1242007014_CO,TSS,Outflow,291
27,-1242007014_CO,TSS,Outflow,291
20,-1242007014_CO,TSS,Outflow,292
9,-1242007014_CO,TSS,Outflow,292
47,-1242007014_CO,TSS,Outflow,292
19,-1242007014_CO,TSS,Outflow,292
110,-1242007014_CO,TSS,Outflow,292
25,-1242007014_CO,TSS,Outflow,293
26,-1242007014_CO,TSS,Outflow,293
20,-1242007014_CO,TSS,Outflow,293
110,-1242007014_CO,TSS,Outflow,293
22,-1242007014_CO,TSS,Outflow,293
27,-1242007014_CO,TSS,Outflow,294
47,-1242007014_CO,TSS,Outflow,294
13,-1242007014_CO,TSS,Outflow,294
9,-1242007014_CO,TSS,Outflow,294
5,-1242007014_CO,TSS,Outflow,294
13,-1242007014_CO,TSS,Outflow,295
22,-1242007014_CO,TSS,Outflow,295
5,-1242007014_CO,TSS,Outflow,295
531,-1242007014_CO,TSS,Outflow,295
27,-1242007014_CO,TSS,Outflow,295
26,-1242007014_CO,TSS,Outflow,296
19,-1242007014_CO,TSS,Outflow,296
27,-1242007014_CO,TSS,Outflow,296
110,-1242007014_CO,TSS,Outflow,296
5,-1242007014_CO,TSS,Outflow,296
27,-1242007014_CO,TSS,Outflow,297
13,-1242007014_CO,TSS,Outflow,297
23,-1242007014_CO,TSS,Outflow,297
19,-1242007014_CO,TSS,Outflow,297
20,-1242007014_CO,TSS,Outflow,297
47,-1242007014_CO,TSS,Outflow,298
13,-1242007014_CO,TSS,Outflow,298
531,-1242007014_CO,TSS,Outflow,298
26,-1242007014_CO,TSS,Outflow,298
20,-1242007014_CO,TSS,Outflow,298
531,-1242007014_CO,TSS,Outflow,299
25,-1242007014_CO,TSS,Outflow,299
19,-1242007014_CO,TSS,Outflow,299
13,-1242007014_CO,TSS,Outflow,299
47,-1242007014_CO,TSS,Outflow,299
6,-1242007014_CO,TSS,Outflow,300
531,-1242007014_CO,TSS,Outflow,300
13,-1242007014_CO,TSS,Outflow,300
27,-1242007014_CO,TSS,Outflow,300
25,-1242007014_CO,TSS,Outflow,300
12,-1242007014_CO,TSS,Outflow,301
23,-1242007014_CO,TSS,Outflow,301
47,-1242007014_CO,TSS,Outflow,301
5,-1242007014_CO,TSS,Outflow,301
13,-1242007014_CO,TSS,Outflow,301
110,-1242007014_CO,TSS,Outflow,302
27,-1242007014_CO,TSS,Outflow,302
47,-1242007014_CO,TSS,Outflow,302
23,-1242007014_CO,TSS,Outflow,302
6,-1242007014_CO,TSS,Outflow,302
26,-1242007014_CO,TSS,Outflow,303
12,-1242007014_CO,TSS,Outflow,303
9,-1242007014_CO,TSS,Outflow,303
27,-1242007014_CO,TSS,Outflow,303
19,-1242007014_CO,TSS,Outflow,303
47,-1242007014_CO,TSS,Outflow,304
5,-1242007014_CO,TSS,Outflow,304
9,-1242007014_CO,TSS,Outflow,304
13,-1242007014_CO,TSS,Outflow,304
19,-1242007014_CO,TSS,Outflow,304
27,-1242007014_CO,TSS,Outflow,305
20,-1242007014_CO,TSS,Outflow,305
23,-1242007014_CO,TSS,Outflow,305
27,-1242007014_CO,TSS,Outflow,305
531,-1242007014_CO,TSS,Outflow,305
27,-1242007014_CO,TSS,Outflow,306
13,-1242007014_CO,TSS,Outflow,306
25,-1242007014_CO,TSS,Outflow,306
531,-1242007014_CO,TSS,Outflow,306
27,-1242007014_CO,TSS,Outflow,306
19,-1242007014_CO,TSS,Outflow,307
12,-1242007014_CO,TSS,Outflow,307
13,-1242007014_CO,TSS,Outflow,307
5,-1242007014_CO,TSS,Outflow,307
27,-1242007014_CO,TSS,Outflow,307
110,-1242007014_CO,TSS,Outflow,308
26,-1242007014_CO,TSS,Outflow,308
25,-1242007014_CO,TSS,Outflow,308
531,-1242007014_CO,TSS,Outflow,308
27,-1242007014_CO,TSS,Outflow,308
27,-1242007014_CO,TSS,Outflow,309
20,-1242007014_CO,TSS,Outflow,309
6,-1242007014_CO,TSS,Outflow,309
13,-1242007014_CO,TSS,Outflow,309
26,-1242007014_CO,TSS,Outflow,309
27,-1242007014_CO,TSS,Outflow,310
19,-1242007014_CO,TSS,Outflow,310
9,-1242007014_CO,TSS,Outflow,310
47,-1242007014_CO,TSS,Outflow,310
13,-1242007014_CO,TSS,Outflow,310
5,-1242007014_CO,TSS,Outflow,311
13,-1242007014_CO,TSS,Outflow,311
27,-1242007014_CO,TSS,Outflow,311
19,-1242007014_CO,TSS,Outflow,311
531,-1242007014_CO,TSS,Outflow,311
5,-1242007014_CO,TSS,Outflow,312
27,-1242007014_CO,TSS,Outflow,312
9,-1242007014_CO,TSS,Outflow,312
26,-1242007014_CO,TSS,Outflow,312
531,-1242007014_CO,TSS,Outflow,312
47,-1242007014_CO,TSS,Outflow,313
6,-1242007014_CO,TSS,Outflow,313
22,-1242007014_CO,TSS,Outflow,313
9,-1242007014_CO,TSS,Outflow,313
20,-1242007014_CO,TSS,Outflow,313
26,-1242007014_CO,TSS,Outflow,314
47,-1242007014_CO,TSS,Outflow,314
531,-1242007014_CO,TSS,Outflow,314
23,-1242007014_CO,TSS,Outflow,314
110,-1242007014_CO,TSS,Outflow,314
23,-1242007014_CO,TSS,Outflow,315
12,-1242007014_CO,TSS,Outflow,315
20,-1242007014_CO,TSS,Outflow,315
13,-1242007014_CO,TSS,Outflow,315
27,-1242007014_CO,TSS,Outflow,315
19,-1242007014_CO,TSS,Outflow,316
13,-1242007014_CO,TSS,Outflow,316
26,-1242007014_CO,TSS,Outflow,316
23,-1242007014_CO,TSS,Outflow,316
27,-1242007014_CO,TSS,Outflow,316
20,-1242007014_CO,TSS,Outflow,317
110,-1242007014_CO,TSS,Outflow,317
6,-1242007014_CO,TSS,Outflow,317
23,-1242007014_CO,TSS,Outflow,317
5,-1242007014_CO,TSS,Outflow,317
25,-1242007014_CO,TSS,Outflow,318
13,-1242007014_CO,TSS,Outflow,318
531,-1242007014_CO,TSS,Outflow,318
47,-1242007014_CO,TSS,Outflow,318
9,-1242007014_CO,TSS,Outflow,318
12,-1242007014_CO,TSS,Outflow,319
531,-1242007014_CO,TSS,Outflow,319
19,-1242007014_CO,TSS,Outflow,319
20,-1242007014_CO,TSS,Outflow,319
13,-1242007014_CO,TSS,Outflow,319
22,-1242007014_CO,TSS,Outflow,320
20,-1242007014_CO,TSS,Outflow,320
25,-1242007014_CO,TSS,Outflow,320
9,-1242007014_CO,TSS,Outflow,320
23,-1242007014_CO,TSS,Outflow,320
12,-1242007014_CO,TSS,Outflow,321
5,-1242007014_CO,TSS,Outflow,321
27,-1242007014_CO,TSS,Outflow,321
22,-1242007014_CO,TSS,Outflow,321
13,-1242007014_CO,TSS,Outflow,321
20,-1242007014_CO,TSS,Outflow,322
5,-1242007014_CO,TSS,Outflow,322
25,-1242007014_CO,TSS,Outflow,322
27,-1242007014_CO,TSS,Outflow,322
27,-1242007014_CO,TSS,Outflow,322
19,-1242007014_CO,TSS,Outflow,323
27,-1242007014_CO,TSS,Outflow,323
25,-1242007014_CO,TSS,Outflow,323
6,-1242007014_CO,TSS,Outflow,323
531,-1242007014_CO,TSS,Outflow,323
22,-1242007014_CO,TSS,Outflow,324
5,-1242007014_CO,TSS,Outflow,324
531,-1242007014_CO,TSS,Outflow,324
110,-1242007014_CO,TSS,Outflow,324
26,-1242007014_CO,TSS,Outflow,324
5,-1242007014_CO,TSS,Outflow,325
13,-1242007014_CO,TSS,Outflow,325
27,-1242007014_CO,TSS,Outflow,325
25,-1242007014_CO,TSS,Outflow,325
27,-1242007014_CO,TSS,Outflow,325
110,-1242007014_CO,TSS,Outflow,326
19,-1242007014_CO,TSS,Outflow,326
531,-1242007014_CO,TSS,Outflow,326
9,-1242007014_CO,TSS,Outflow,326
13,-1242007014_CO,TSS,Outflow,326
27,-1242007014_CO,TSS,Outflow,327
110,-1242007014_CO,TSS,Outflow,327
20,-1242007014_CO,TSS,Outflow,327
6,-1242007014_CO,TSS,Outflow,327
9,-1242007014_CO,TSS,Outflow,327
13,-1242007014_CO,TSS,Outflow,328
26,-1242007014_CO,TSS,Outflow,328
22,-1242007014_CO,TSS,Outflow,328
20,-1242007014_CO,TSS,Outflow,328
9,-1242007014_CO,TSS,Outflow,328
13,-1242007014_CO,TSS,Outflow,329
20,-1242007014_CO,TSS,Outflow,329
25,-1242007014_CO,TSS,Outflow,329
9,-1242007014_CO,TSS,Outflow,329
531,-1242007014_CO,TSS,Outflow,329
13,-1242007014_CO,TSS,Outflow,330
47,-1242007014_CO,TSS,Outflow,330
23,-1242007014_CO,TSS,Outflow,330
27,-1242007014_CO,TSS,Outflow,330
6,-1242007014_CO,TSS,Outflow,330
12,-1242007014_CO,TSS,Outflow,331
27,-1242007014_CO,TSS,Outflow,331
13,-1242007014_CO,TSS,Outflow,331
9,-1242007014_CO,TSS,Outflow,331
531,-1242007014_CO,TSS,Outflow,331
23,-1242007014_CO,TSS,Outflow,332
6,-1242007014_CO,TSS,Outflow,332
13,-1242007014_CO,TSS,Outflow,332
5,-1242007014_CO,TSS,Outflow,332
531,-1242007014_CO,TSS,Outflow,332
19,-1242007014_CO,TSS,Outflow,333
20,-1242007014_CO,TSS,Outflow,333
6,-1242007014_CO,TSS,Outflow,333
26,-1242007014_CO,TSS,Outflow,333
47,-1242007014_CO,TSS,Outflow,333
25,-1242007014_CO,TSS,Outflow,334
22,-1242007014_CO,TSS,Outflow,334
5,-1242007014_CO,TSS,Outflow,334
47,-1242007014_CO,TSS,Outflow,334
23,-1242007014_CO,TSS,Outflow,334
12,-1242007014_CO,TSS,Outflow,335
110,-1242007014_CO,TSS,Outflow,335
27,-1242007014_CO,TSS,Outflow,335
25,-1242007014_CO,TSS,Outflow,335
23,-1242007014_CO,TSS,Outflow,335
22,-1242007014_CO,TSS,Outflow,336
47,-1242007014_CO,TSS,Outflow,336
25,-1242007014_CO,TSS,Outflow,336
13,-1242007014_CO,TSS,Outflow,336
23,-1242007014_CO,TSS,Outflow,336
13,-1242007014_CO,TSS,Outflow,337
19,-1242007014_CO,TSS,Outflow,337
27,-1242007014_CO,TSS,Outflow,337
26,-1242007014_CO,TSS,Outflow,337
20,-1242007014_CO,TSS,Outflow,337
47,-1242007014_CO,TSS,Outflow,338
5,-1242007014_CO,TSS,Outflow,338
110,-1242007014_CO,TSS,Outflow,338
27,-1242007014_CO,TSS,Outflow,338
22,-1242007014_CO,TSS,Outflow,338
9,-1242007014_CO,TSS,Outflow,339
20,-1242007014_CO,TSS,Outflow,339
6,-1242007014_CO,TSS,Outflow,339
22,-1242007014_CO,TSS,Outflow,339
47,-1242007014_CO,TSS,Outflow,339
27,-1242007014_CO,TSS,Outflow,340
12,-1242007014_CO,TSS,Outflow,340
6,-1242007014_CO,TSS,Outflow,340
19,-1242007014_CO,TSS,Outflow,340
25,-1242007014_CO,TSS,Outflow,340
13,-1242007014_CO,TSS,Outflow,341
27,-1242007014_CO,TSS,Outflow,341
9,-1242007014_CO,TSS,Outflow,341
19,-1242007014_CO,TSS,Outflow,341
20,-1242007014_CO,TSS,Outflow,341
110,-1242007014_CO,TSS,Outflow,342
26,-1242007014_CO,TSS,Outflow,342
25,-1242007014_CO,TSS,Outflow,342
12,-1242007014_CO,TSS,Outflow,342
27,-1242007014_CO,TSS,Outflow,342
27,-1242007014_CO,TSS,Outflow,343
6,-1242007014_CO,TSS,Outflow,343
110,-1242007014_CO,TSS,Outflow,343
26,-1242007014_CO,TSS,Outflow,343
19,-1242007014_CO,TSS,Outflow,343
13,-1242007014_CO,TSS,Outflow,344
22,-1242007014_CO,TSS,Outflow,344
19,-1242007014_CO,TSS,Outflow,344
531,-1242007014_CO,TSS,Outflow,344
110,-1242007014_CO,TSS,Outflow,344
9,-1242007014_CO,TSS,Outflow,345
27,-1242007014_CO,TSS,Outflow,345
110,-1242007014_CO,TSS,Outflow,345
20,-1242007014_CO,TSS,Outflow,345
531,-1242007014_CO,TSS,Outflow,345
22,-1242007014_CO,TSS,Outflow,346
13,-1242007014_CO,TSS,Outflow,346
19,-1242007014_CO,TSS,Outflow,346
13,-1242007014_CO,TSS,Outflow,346
110,-1242007014_CO,TSS,Outflow,346
20,-1242007014_CO,TSS,Outflow,347
12,-1242007014_CO,TSS,Outflow,347
25,-1242007014_CO,TSS,Outflow,347
26,-1242007014_CO,TSS,Outflow,347
22,-1242007014_CO,TSS,Outflow,347
26,-1242007014_CO,TSS,Outflow,348
22,-1242007014_CO,TSS,Outflow,348
23,-1242007014_CO,TSS,Outflow,348
19,-1242007014_CO,TSS,Outflow,348
5,-1242007014_CO,TSS,Outflow,348
110,-1242007014_CO,TSS,Outflow,349
9,-1242007014_CO,TSS,Outflow,349
20,-1242007014_CO,TSS,Outflow,349
13,-1242007014_CO,TSS,Outflow,349
19,-1242007014_CO,TSS,Outflow,349
13,-1242007014_CO,TSS,Outflow,350
6,-1242007014_CO,TSS,Outflow,350
27,-1242007014_CO,TSS,Outflow,350
47,-1242007014_CO,TSS,Outflow,350
27,-1242007014_CO,TSS,Outflow,350
12,-1242007014_CO,TSS,Outflow,351
47,-1242007014_CO,TSS,Outflow,351
19,-1242007014_CO,TSS,Outflow,351
5,-1242007014_CO,TSS,Outflow,351
20,-1242007014_CO,TSS,Outflow,351
12,-1242007014_CO,TSS,Outflow,352
9,-1242007014_CO,TSS,Outflow,352
22,-1242007014_CO,TSS,Outflow,352
20,-1242007014_CO,TSS,Outflow,352
531,-1242007014_CO,TSS,Outflow,352
13,-1242007014_CO,TSS,Outflow,353
47,-1242007014_CO,TSS,Outflow,353
25,-1242007014_CO,TSS,Outflow,353
27,-1242007014_CO,TSS,Outflow,353
23,-1242007014_CO,TSS,Outflow,353
12,-1242007014_CO,TSS,Outflow,354
25,-1242007014_CO,TSS,Outflow,354
26,-1242007014_CO,TSS,Outflow,354
22,-1242007014_CO,TSS,Outflow,354
13,-1242007014_CO,TSS,Outflow,354
13,-1242007014_CO,TSS,Outflow,355
22,-1242007014_CO,TSS,Outflow,355
12,-1242007014_CO,TSS,Outflow,355
531,-1242007014_CO,TSS,Outflow,355
20,-1242007014_CO,TSS,Outflow,355
19,-1242007014_CO,TSS,Outflow,356
27,-1242007014_CO,TSS,Outflow,356
47,-1242007014_CO,TSS,Outflow,356
25,-1242007014_CO,TSS,Outflow,356
13,-1242007014_CO,TSS,Outflow,356
531,-1242007014_CO,TSS,Outflow,357
110,-1242007014_CO,TSS,Outflow,357
47,-1242007014_CO,TSS,Outflow,357
13,-1242007014_CO,TSS,Outflow,357
5,-1242007014_CO,TSS,Outflow,357
26,-1242007014_CO,TSS,Outflow,358
22,-1242007014_CO,TSS,Outflow,358
23,-1242007014_CO,TSS,Outflow,358
27,-1242007014_CO,TSS,Outflow,358
13,-1242007014_CO,TSS,Outflow,358
26,-1242007014_CO,TSS,Outflow,359
25,-1242007014_CO,TSS,Outflow,359
23,-1242007014_CO,TSS,Outflow,359
13,-1242007014_CO,TSS,Outflow,359
110,-1242007014_CO,TSS,Outflow,359
22,-1242007014_CO,TSS,Outflow,360
26,-1242007014_CO,TSS,Outflow,360
531,-1242007014_CO,TSS,Outflow,360
9,-1242007014_CO,TSS,Outflow,360
5,-1242007014_CO,TSS,Outflow,360
9,-1242007014_CO,TSS,Outflow,361
27,-1242007014_CO,TSS,Outflow,361
20,-1242007014_CO,TSS,Outflow,361
5,-1242007014_CO,TSS,Outflow,361
12,-1242007014_CO,TSS,Outflow,361
23,-1242007014_CO,TSS,Outflow,362
26,-1242007014_CO,TSS,Outflow,362
110,-1242007014_CO,TSS,Outflow,362
12,-1242007014_CO,TSS,Outflow,362
19,-1242007014_CO,TSS,Outflow,362
23,-1242007014_CO,TSS,Outflow,363
25,-1242007014_CO,TSS,Outflow,363
13,-1242007014_CO,TSS,Outflow,363
12,-1242007014_CO,TSS,Outflow,363
6,-1242007014_CO,TSS,Outflow,363
26,-1242007014_CO,TSS,Outflow,364
20,-1242007014_CO,TSS,Outflow,364
22,-1242007014_CO,TSS,Outflow,364
12,-1242007014_CO,TSS,Outflow,364
9,-1242007014_CO,TSS,Outflow,364
13,-1242007014_CO,TSS,Outflow,365
531,-1242007014_CO,TSS,Outflow,365
12,-1242007014_CO,TSS,Outflow,365
20,-1242007014_CO,TSS,Outflow,365
23,-1242007014_CO,TSS,Outflow,365
13,-1242007014_CO,TSS,Outflow,366
12,-1242007014_CO,TSS,Outflow,366
110,-1242007014_CO,TSS,Outflow,366
27,-1242007014_CO,TSS,Outflow,366
22,-1242007014_CO,TSS,Outflow,366
19,-1242007014_CO,TSS,Outflow,367
13,-1242007014_CO,TSS,Outflow,367
25,-1242007014_CO,TSS,Outflow,367
531,-1242007014_CO,TSS,Outflow,367
26,-1242007014_CO,TSS,Outflow,367
9,-1242007014_CO,TSS,Outflow,368
22,-1242007014_CO,TSS,Outflow,368
5,-1242007014_CO,TSS,Outflow,368
12,-1242007014_CO,TSS,Outflow,368
27,-1242007014_CO,TSS,Outflow,368
13,-1242007014_CO,TSS,Outflow,369
5,-1242007014_CO,TSS,Outflow,369
12,-1242007014_CO,TSS,Outflow,369
13,-1242007014_CO,TSS,Outflow,369
9,-1242007014_CO,TSS,Outflow,369
27,-1242007014_CO,TSS,Outflow,370
13,-1242007014_CO,TSS,Outflow,370
27,-1242007014_CO,TSS,Outflow,370
5,-1242007014_CO,TSS,Outflow,370
6,-1242007014_CO,TSS,Outflow,370
20,-1242007014_CO,TSS,Outflow,371
19,-1242007014_CO,TSS,Outflow,371
9,-1242007014_CO,TSS,Outflow,371
26,-1242007014_CO,TSS,Outflow,371
6,-1242007014_CO,TSS,Outflow,371
47,-1242007014_CO,TSS,Outflow,372
27,-1242007014_CO,TSS,Outflow,372
19,-1242007014_CO,TSS,Outflow,372
6,-1242007014_CO,TSS,Outflow,372
22,-1242007014_CO,TSS,Outflow,372
23,-1242007014_CO,TSS,Outflow,373
13,-1242007014_CO,TSS,Outflow,373
531,-1242007014_CO,TSS,Outflow,373
27,-1242007014_CO,TSS,Outflow,373
13,-1242007014_CO,TSS,Outflow,373
23,-1242007014_CO,TSS,Outflow,374
9,-1242007014_CO,TSS,Outflow,374
13,-1242007014_CO,TSS,Outflow,374
25,-1242007014_CO,TSS,Outflow,374
5,-1242007014_CO,TSS,Outflow,374
19,-1242007014_CO,TSS,Outflow,375
110,-1242007014_CO,TSS,Outflow,375
25,-1242007014_CO,TSS,Outflow,375
9,-1242007014_CO,TSS,Outflow,375
5,-1242007014_CO,TSS,Outflow,375
26,-1242007014_CO,TSS,Outflow,376
22,-1242007014_CO,TSS,Outflow,376
13,-1242007014_CO,TSS,Outflow,376
5,-1242007014_CO,TSS,Outflow,376
531,-1242007014_CO,TSS,Outflow,376
5,-1242007014_CO,TSS,Outflow,377
20,-1242007014_CO,TSS,Outflow,377
23,-1242007014_CO,TSS,Outflow,377
26,-1242007014_CO,TSS,Outflow,377
27,-1242007014_CO,TSS,Outflow,377
27,-1242007014_CO,TSS,Outflow,378
13,-1242007014_CO,TSS,Outflow,378
531,-1242007014_CO,TSS,Outflow,378
5,-1242007014_CO,TSS,Outflow,378
47,-1242007014_CO,TSS,Outflow,378
47,-1242007014_CO,TSS,Outflow,379
25,-1242007014_CO,TSS,Outflow,379
6,-1242007014_CO,TSS,Outflow,379
27,-1242007014_CO,TSS,Outflow,379
22,-1242007014_CO,TSS,Outflow,379
531,-1242007014_CO,TSS,Outflow,380
25,-1242007014_CO,TSS,Outflow,380
22,-1242007014_CO,TSS,Outflow,380
5,-1242007014_CO,TSS,Outflow,380
110,-1242007014_CO,TSS,Outflow,380
47,-1242007014_CO,TSS,Outflow,381
5,-1242007014_CO,TSS,Outflow,381
23,-1242007014_CO,TSS,Outflow,381
26,-1242007014_CO,TSS,Outflow,381
110,-1242007014_CO,TSS,Outflow,381
19,-1242007014_CO,TSS,Outflow,382
531,-1242007014_CO,TSS,Outflow,382
26,-1242007014_CO,TSS,Outflow,382
47,-1242007014_CO,TSS,Outflow,382
9,-1242007014_CO,TSS,Outflow,382
23,-1242007014_CO,TSS,Outflow,383
27,-1242007014_CO,TSS,Outflow,383
531,-1242007014_CO,TSS,Outflow,383
47,-1242007014_CO,TSS,Outflow,383
5,-1242007014_CO,TSS,Outflow,383
5,-1242007014_CO,TSS,Outflow,384
6,-1242007014_CO,TSS,Outflow,384
531,-1242007014_CO,TSS,Outflow,384
23,-1242007014_CO,TSS,Outflow,384
20,-1242007014_CO,TSS,Outflow,384
12,-1242007014_CO,TSS,Outflow,385
6,-1242007014_CO,TSS,Outflow,385
47,-1242007014_CO,TSS,Outflow,385
13,-1242007014_CO,TSS,Outflow,385
19,-1242007014_CO,TSS,Outflow,385
27,-1242007014_CO,TSS,Outflow,386
531,-1242007014_CO,TSS,Outflow,386
12,-1242007014_CO,TSS,Outflow,386
26,-1242007014_CO,TSS,Outflow,386
47,-1242007014_CO,TSS,Outflow,386
47,-1242007014_CO,TSS,Outflow,387
25,-1242007014_CO,TSS,Outflow,387
19,-1242007014_CO,TSS,Outflow,387
6,-1242007014_CO,TSS,Outflow,387
531,-1242007014_CO,TSS,Outflow,387
5,-1242007014_CO,TSS,Outflow,388
6,-1242007014_CO,TSS,Outflow,388
13,-1242007014_CO,TSS,Outflow,388
26,-1242007014_CO,TSS,Outflow,388
110,-1242007014_CO,TSS,Outflow,388
47,-1242007014_CO,TSS,Outflow,389
110,-1242007014_CO,TSS,Outflow,389
9,-1242007014_CO,TSS,Outflow,389
13,-1242007014_CO,TSS,Outflow,389
23,-1242007014_CO,TSS,Outflow,389
22,-1242007014_CO,TSS,Outflow,390
20,-1242007014_CO,TSS,Outflow,390
110,-1242007014_CO,TSS,Outflow,390
25,-1242007014_CO,TSS,Outflow,390
26,-1242007014_CO,TSS,Outflow,390
23,-1242007014_CO,TSS,Outflow,391
5,-1242007014_CO,TSS,Outflow,391
25,-1242007014_CO,TSS,Outflow,391
9,-1242007014_CO,TSS,Outflow,391
13,-1242007014_CO,TSS,Outflow,391
20,-1242007014_CO,TSS,Outflow,392
47,-1242007014_CO,TSS,Outflow,392
25,-1242007014_CO,TSS,Outflow,392
5,-1242007014_CO,TSS,Outflow,392
12,-1242007014_CO,TSS,Outflow,392
23,-1242007014_CO,TSS,Outflow,393
110,-1242007014_CO,TSS,Outflow,393
5,-1242007014_CO,TSS,Outflow,393
27,-1242007014_CO,TSS,Outflow,393
9,-1242007014_CO,TSS,Outflow,393
12,-1242007014_CO,TSS,Outflow,394
23,-1242007014_CO,TSS,Outflow,394
19,-1242007014_CO,TSS,Outflow,394
22,-1242007014_CO,TSS,Outflow,394
20,-1242007014_CO,TSS,Outflow,394
47,-1242007014_CO,TSS,Outflow,395
9,-1242007014_CO,TSS,Outflow,395
13,-1242007014_CO,TSS,Outflow,395
20,-1242007014_CO,TSS,Outflow,395
27,-1242007014_CO,TSS,Outflow,395
23,-1242007014_CO,TSS,Outflow,396
531,-1242007014_CO,TSS,Outflow,396
13,-1242007014_CO,TSS,Outflow,396
47,-1242007014_CO,TSS,Outflow,396
20,-1242007014_CO,TSS,Outflow,396
25,-1242007014_CO,TSS,Outflow,397
5,-1242007014_CO,TSS,Outflow,397
47,-1242007014_CO,TSS,Outflow,397
12,-1242007014_CO,TSS,Outflow,397
531,-1242007014_CO,TSS,Outflow,397
9,-1242007014_CO,TSS,Outflow,398
27,-1242007014_CO,TSS,Outflow,398
5,-1242007014_CO,TSS,Outflow,398
12,-1242007014_CO,TSS,Outflow,398
25,-1242007014_CO,TSS,Outflow,398
13,-1242007014_CO,TSS,Outflow,399
22,-1242007014_CO,TSS,Outflow,399
20,-1242007014_CO,TSS,Outflow,399
9,-1242007014_CO,TSS,Outflow,399
13,-1242007014_CO,TSS,Outflow,399
26,-1242007014_CO,TSS,Outflow,400
19,-1242007014_CO,TSS,Outflow,400
12,-1242007014_CO,TSS,Outflow,400
20,-1242007014_CO,TSS,Outflow,400
22,-1242007014_CO,TSS,Outflow,400
110,-1242007014_CO,TSS,Outflow,401
13,-1242007014_CO,TSS,Outflow,401
26,-1242007014_CO,TSS,Outflow,401
5,-1242007014_CO,TSS,Outflow,401
6,-1242007014_CO,TSS,Outflow,401
13,-1242007014_CO,TSS,Outflow,402
6,-1242007014_CO,TSS,Outflow,402
20,-1242007014_CO,TSS,Outflow,402
26,-1242007014_CO,TSS,Outflow,402
12,-1242007014_CO,TSS,Outflow,402
13,-1242007014_CO,TSS,Outflow,403
27,-1242007014_CO,TSS,Outflow,403
110,-1242007014_CO,TSS,Outflow,403
20,-1242007014_CO,TSS,Outflow,403
9,-1242007014_CO,TSS,Outflow,403
531,-1242007014_CO,TSS,Outflow,404
27,-1242007014_CO,TSS,Outflow,404
13,-1242007014_CO,TSS,Outflow,404
26,-1242007014_CO,TSS,Outflow,404
19,-1242007014_CO,TSS,Outflow,404
22,-1242007014_CO,TSS,Outflow,405
9,-1242007014_CO,TSS,Outflow,405
13,-1242007014_CO,TSS,Outflow,405
26,-1242007014_CO,TSS,Outflow,405
13,-1242007014_CO,TSS,Outflow,405
26,-1242007014_CO,TSS,Outflow,406
6,-1242007014_CO,TSS,Outflow,406
22,-1242007014_CO,TSS,Outflow,406
12,-1242007014_CO,TSS,Outflow,406
13,-1242007014_CO,TSS,Outflow,406
6,-1242007014_CO,TSS,Outflow,407
9,-1242007014_CO,TSS,Outflow,407
12,-1242007014_CO,TSS,Outflow,407
5,-1242007014_CO,TSS,Outflow,407
22,-1242007014_CO,TSS,Outflow,407
23,-1242007014_CO,TSS,Outflow,408
25,-1242007014_CO,TSS,Outflow,408
20,-1242007014_CO,TSS,Outflow,408
22,-1242007014_CO,TSS,Outflow,408
531,-1242007014_CO,TSS,Outflow,408
6,-1242007014_CO,TSS,Outflow,409
27,-1242007014_CO,TSS,Outflow,409
13,-1242007014_CO,TSS,Outflow,409
531,-1242007014_CO,TSS,Outflow,409
20,-1242007014_CO,TSS,Outflow,409
9,-1242007014_CO,TSS,Outflow,410
27,-1242007014_CO,TSS,Outflow,410
531,-1242007014_CO,TSS,Outflow,410
5,-1242007014_CO,TSS,Outflow,410
47,-1242007014_CO,TSS,Outflow,410
27,-1242007014_CO,TSS,Outflow,411
12,-1242007014_CO,TSS,Outflow,411
20,-1242007014_CO,TSS,Outflow,411
47,-1242007014_CO,TSS,Outflow,411
9,-1242007014_CO,TSS,Outflow,411
27,-1242007014_CO,TSS,Outflow,412
20,-1242007014_CO,TSS,Outflow,412
23,-1242007014_CO,TSS,Outflow,412
6,-1242007014_CO,TSS,Outflow,412
12,-1242007014_CO,TSS,Outflow,412
20,-1242007014_CO,TSS,Outflow,413
47,-1242007014_CO,TSS,Outflow,413
5,-1242007014_CO,TSS,Outflow,413
27,-1242007014_CO,TSS,Outflow,413
22,-1242007014_CO,TSS,Outflow,413
531,-1242007014_CO,TSS,Outflow,414
110,-1242007014_CO,TSS,Outflow,414
23,-1242007014_CO,TSS,Outflow,414
9,-1242007014_CO,TSS,Outflow,414
27,-1242007014_CO,TSS,Outflow,414
47,-1242007014_CO,TSS,Outflow,415
12,-1242007014_CO,TSS,Outflow,415
13,-1242007014_CO,TSS,Outflow,415
25,-1242007014_CO,TSS,Outflow,415
27,-1242007014_CO,TSS,Outflow,415
5,-1242007014_CO,TSS,Outflow,416
12,-1242007014_CO,TSS,Outflow,416
27,-1242007014_CO,TSS,Outflow,416
19,-1242007014_CO,TSS,Outflow,416
13,-1242007014_CO,TSS,Outflow,416
9,-1242007014_CO,TSS,Outflow,417
13,-1242007014_CO,TSS,Outflow,417
20,-1242007014_CO,TSS,Outflow,417
19,-1242007014_CO,TSS,Outflow,417
47,-1242007014_CO,TSS,Outflow,417
13,-1242007014_CO,TSS,Outflow,418
26,-1242007014_CO,TSS,Outflow,418
110,-1242007014_CO,TSS,Outflow,418
22,-1242007014_CO,TSS,Outflow,418
6,-1242007014_CO,TSS,Outflow,418
13,-1242007014_CO,TSS,Outflow,419
531,-1242007014_CO,TSS,Outflow,419
13,-1242007014_CO,TSS,Outflow,419
19,-1242007014_CO,TSS,Outflow,419
27,-1242007014_CO,TSS,Outflow,419
20,-1242007014_CO,TSS,Outflow,420
9,-1242007014_CO,TSS,Outflow,420
22,-1242007014_CO,TSS,Outflow,420
27,-1242007014_CO,TSS,Outflow,420
19,-1242007014_CO,TSS,Outflow,420
12,-1242007014_CO,TSS,Outflow,421
9,-1242007014_CO,TSS,Outflow,421
20,-1242007014_CO,TSS,Outflow,421
6,-1242007014_CO,TSS,Outflow,421
23,-1242007014_CO,TSS,Outflow,421
27,-1242007014_CO,TSS,Outflow,422
25,-1242007014_CO,TSS,Outflow,422
26,-1242007014_CO,TSS,Outflow,422
12,-1242007014_CO,TSS,Outflow,422
23,-1242007014_CO,TSS,Outflow,422
22,-1242007014_CO,TSS,Outflow,423
20,-1242007014_CO,TSS,Outflow,423
19,-1242007014_CO,TSS,Outflow,423
27,-1242007014_CO,TSS,Outflow,423
26,-1242007014_CO,TSS,Outflow,423
9,-1242007014_CO,TSS,Outflow,424
110,-1242007014_CO,TSS,Outflow,424
531,-1242007014_CO,TSS,Outflow,424
22,-1242007014_CO,TSS,Outflow,424
26,-1242007014_CO,TSS,Outflow,424
9,-1242007014_CO,TSS,Outflow,425
27,-1242007014_CO,TSS,Outflow,425
27,-1242007014_CO,TSS,Outflow,425
20,-1242007014_CO,TSS,Outflow,425
110,-1242007014_CO,TSS,Outflow,425
23,-1242007014_CO,TSS,Outflow,426
110,-1242007014_CO,TSS,Outflow,426
20,-1242007014_CO,TSS,Outflow,426
13,-1242007014_CO,TSS,Outflow,426
27,-1242007014_CO,TSS,Outflow,426
47,-1242007014_CO,TSS,Outflow,427
26,-1242007014_CO,TSS,Outflow,427
9,-1242007014_CO,TSS,Outflow,427
19,-1242007014_CO,TSS,Outflow,427
13,-1242007014_CO,TSS,Outflow,427
531,-1242007014_CO,TSS,Outflow,428
26,-1242007014_CO,TSS,Outflow,428
9,-1242007014_CO,TSS,Outflow,428
13,-1242007014_CO,TSS,Outflow,428
22,-1242007014_CO,TSS,Outflow,428
19,-1242007014_CO,TSS,Outflow,429
13,-1242007014_CO,TSS,Outflow,429
26,-1242007014_CO,TSS,Outflow,429
531,-1242007014_CO,TSS,Outflow,429
13,-1242007014_CO,TSS,Outflow,429
6,-1242007014_CO,TSS,Outflow,430
9,-1242007014_CO,TSS,Outflow,430
20,-1242007014_CO,TSS,Outflow,430
531,-1242007014_CO,TSS,Outflow,430
22,-1242007014_CO,TSS,Outflow,430
22,-1242007014_CO,TSS,Outflow,431
26,-1242007014_CO,TSS,Outflow,431
19,-1242007014_CO,TSS,Outflow,431
25,-1242007014_CO,TSS,Outflow,431
20,-1242007014_CO,TSS,Outflow,431
25,-1242007014_CO,TSS,Outflow,432
6,-1242007014_CO,TSS,Outflow,432
13,-1242007014_CO,TSS,Outflow,432
13,-1242007014_CO,TSS,Outflow,432
27,-1242007014_CO,TSS,Outflow,432
20,-1242007014_CO,TSS,Outflow,433
22,-1242007014_CO,TSS,Outflow,433
9,-1242007014_CO,TSS,Outflow,433
6,-1242007014_CO,TSS,Outflow,433
12,-1242007014_CO,TSS,Outflow,433
6,-1242007014_CO,TSS,Outflow,434
531,-1242007014_CO,TSS,Outflow,434
25,-1242007014_CO,TSS,Outflow,434
20,-1242007014_CO,TSS,Outflow,434
22,-1242007014_CO,TSS,Outflow,434
6,-1242007014_CO,TSS,Outflow,435
110,-1242007014_CO,TSS,Outflow,435
9,-1242007014_CO,TSS,Outflow,435
20,-1242007014_CO,TSS,Outflow,435
26,-1242007014_CO,TSS,Outflow,435
110,-1242007014_CO,TSS,Outflow,436
9,-1242007014_CO,TSS,Outflow,436
5,-1242007014_CO,TSS,Outflow,436
23,-1242007014_CO,TSS,Outflow,436
27,-1242007014_CO,TSS,Outflow,436
26,-1242007014_CO,TSS,Outflow,437
531,-1242007014_CO,TSS,Outflow,437
13,-1242007014_CO,TSS,Outflow,437
20,-1242007014_CO,TSS,Outflow,437
27,-1242007014_CO,TSS,Outflow,437
110,-1242007014_CO,TSS,Outflow,438
13,-1242007014_CO,TSS,Outflow,438
47,-1242007014_CO,TSS,Outflow,438
9,-1242007014_CO,TSS,Outflow,438
6,-1242007014_CO,TSS,Outflow,438
5,-1242007014_CO,TSS,Outflow,439
26,-1242007014_CO,TSS,Outflow,439
6,-1242007014_CO,TSS,Outflow,439
13,-1242007014_CO,TSS,Outflow,439
27,-1242007014_CO,TSS,Outflow,439
13,-1242007014_CO,TSS,Outflow,440
19,-1242007014_CO,TSS,Outflow,440
5,-1242007014_CO,TSS,Outflow,440
27,-1242007014_CO,TSS,Outflow,440
12,-1242007014_CO,TSS,Outflow,440
25,-1242007014_CO,TSS,Outflow,441
5,-1242007014_CO,TSS,Outflow,441
27,-1242007014_CO,TSS,Outflow,441
47,-1242007014_CO,TSS,Outflow,441
27,-1242007014_CO,TSS,Outflow,441
6,-1242007014_CO,TSS,Outflow,442
27,-1242007014_CO,TSS,Outflow,442
47,-1242007014_CO,TSS,Outflow,442
13,-1242007014_CO,TSS,Outflow,442
9,-1242007014_CO,TSS,Outflow,442
110,-1242007014_CO,TSS,Outflow,443
22,-1242007014_CO,TSS,Outflow,443
23,-1242007014_CO,TSS,Outflow,443
27,-1242007014_CO,TSS,Outflow,443
27,-1242007014_CO,TSS,Outflow,443
47,-1242007014_CO,TSS,Outflow,444
12,-1242007014_CO,TSS,Outflow,444
23,-1242007014_CO,TSS,Outflow,444
13,-1242007014_CO,TSS,Outflow,444
5,-1242007014_CO,TSS,Outflow,444
5,-1242007014_CO,TSS,Outflow,445
9,-1242007014_CO,TSS,Outflow,445
13,-1242007014_CO,TSS,Outflow,445
13,-1242007014_CO,TSS,Outflow,445
531,-1242007014_CO,TSS,Outflow,445
110,-1242007014_CO,TSS,Outflow,446
13,-1242007014_CO,TSS,Outflow,446
23,-1242007014_CO,TSS,Outflow,446
27,-1242007014_CO,TSS,Outflow,446
19,-1242007014_CO,TSS,Outflow,446
27,-1242007014_CO,TSS,Outflow,447
5,-1242007014_CO,TSS,Outflow,447
25,-1242007014_CO,TSS,Outflow,447
26,-1242007014_CO,TSS,Outflow,447
110,-1242007014_CO,TSS,Outflow,447
26,-1242007014_CO,TSS,Outflow,448
13,-1242007014_CO,TSS,Outflow,448
20,-1242007014_CO,TSS,Outflow,448
47,-1242007014_CO,TSS,Outflow,448
110,-1242007014_CO,TSS,Outflow,448
5,-1242007014_CO,TSS,Outflow,449
22,-1242007014_CO,TSS,Outflow,449
19,-1242007014_CO,TSS,Outflow,449
110,-1242007014_CO,TSS,Outflow,449
9,-1242007014_CO,TSS,Outflow,449
25,-1242007014_CO,TSS,Outflow,450
110,-1242007014_CO,TSS,Outflow,450
19,-1242007014_CO,TSS,Outflow,450
23,-1242007014_CO,TSS,Outflow,450
20,-1242007014_CO,TSS,Outflow,450
25,-1242007014_CO,TSS,Outflow,451
27,-1242007014_CO,TSS,Outflow,451
20,-1242007014_CO,TSS,Outflow,451
19,-1242007014_CO,TSS,Outflow,451
5,-1242007014_CO,TSS,Outflow,451
9,-1242007014_CO,TSS,Outflow,452
12,-1242007014_CO,TSS,Outflow,452
23,-1242007014_CO,TSS,Outflow,452
27,-1242007014_CO,TSS,Outflow,452
6,-1242007014_CO,TSS,Outflow,452
19,-1242007014_CO,TSS,Outflow,453
531,-1242007014_CO,TSS,Outflow,453
6,-1242007014_CO,TSS,Outflow,453
110,-1242007014_CO,TSS,Outflow,453
5,-1242007014_CO,TSS,Outflow,453
25,-1242007014_CO,TSS,Outflow,454
47,-1242007014_CO,TSS,Outflow,454
6,-1242007014_CO,TSS,Outflow,454
19,-1242007014_CO,TSS,Outflow,454
12,-1242007014_CO,TSS,Outflow,454
27,-1242007014_CO,TSS,Outflow,455
47,-1242007014_CO,TSS,Outflow,455
531,-1242007014_CO,TSS,Outflow,455
22,-1242007014_CO,TSS,Outflow,455
19,-1242007014_CO,TSS,Outflow,455
110,-1242007014_CO,TSS,Outflow,456
9,-1242007014_CO,TSS,Outflow,456
6,-1242007014_CO,TSS,Outflow,456
531,-1242007014_CO,TSS,Outflow,456
13,-1242007014_CO,TSS,Outflow,456
531,-1242007014_CO,TSS,Outflow,457
6,-1242007014_CO,TSS,Outflow,457
19,-1242007014_CO,TSS,Outflow,457
20,-1242007014_CO,TSS,Outflow,457
26,-1242007014_CO,TSS,Outflow,457
9,-1242007014_CO,TSS,Outflow,458
5,-1242007014_CO,TSS,Outflow,458
20,-1242007014_CO,TSS,Outflow,458
25,-1242007014_CO,TSS,Outflow,458
27,-1242007014_CO,TSS,Outflow,458
47,-1242007014_CO,TSS,Outflow,459
26,-1242007014_CO,TSS,Outflow,459
13,-1242007014_CO,TSS,Outflow,459
20,-1242007014_CO,TSS,Outflow,459
6,-1242007014_CO,TSS,Outflow,459
6,-1242007014_CO,TSS,Outflow,460
26,-1242007014_CO,TSS,Outflow,460
22,-1242007014_CO,TSS,Outflow,460
27,-1242007014_CO,TSS,Outflow,460
9,-1242007014_CO,TSS,Outflow,460
12,-1242007014_CO,TSS,Outflow,461
47,-1242007014_CO,TSS,Outflow,461
19,-1242007014_CO,TSS,Outflow,461
22,-1242007014_CO,TSS,Outflow,461
26,-1242007014_CO,TSS,Outflow,461
5,-1242007014_CO,TSS,Outflow,462
19,-1242007014_CO,TSS,Outflow,462
26,-1242007014_CO,TSS,Outflow,462
27,-1242007014_CO,TSS,Outflow,462
27,-1242007014_CO,TSS,Outflow,462
26,-1242007014_CO,TSS,Outflow,463
20,-1242007014_CO,TSS,Outflow,463
47,-1242007014_CO,TSS,Outflow,463
27,-1242007014_CO,TSS,Outflow,463
9,-1242007014_CO,TSS,Outflow,463
19,-1242007014_CO,TSS,Outflow,464
20,-1242007014_CO,TSS,Outflow,464
47,-1242007014_CO,TSS,Outflow,464
6,-1242007014_CO,TSS,Outflow,464
110,-1242007014_CO,TSS,Outflow,464
13,-1242007014_CO,TSS,Outflow,465
12,-1242007014_CO,TSS,Outflow,465
9,-1242007014_CO,TSS,Outflow,465
22,-1242007014_CO,TSS,Outflow,465
26,-1242007014_CO,TSS,Outflow,465
12,-1242007014_CO,TSS,Outflow,466
6,-1242007014_CO,TSS,Outflow,466
5,-1242007014_CO,TSS,Outflow,466
26,-1242007014_CO,TSS,Outflow,466
27,-1242007014_CO,TSS,Outflow,466
5,-1242007014_CO,TSS,Outflow,467
27,-1242007014_CO,TSS,Outflow,467
110,-1242007014_CO,TSS,Outflow,467
23,-1242007014_CO,TSS,Outflow,467
12,-1242007014_CO,TSS,Outflow,467
19,-1242007014_CO,TSS,Outflow,468
13,-1242007014_CO,TSS,Outflow,468
6,-1242007014_CO,TSS,Outflow,468
20,-1242007014_CO,TSS,Outflow,468
25,-1242007014_CO,TSS,Outflow,468
110,-1242007014_CO,TSS,Outflow,469
23,-1242007014_CO,TSS,Outflow,469
531,-1242007014_CO,TSS,Outflow,469
13,-1242007014_CO,TSS,Outflow,469
9,-1242007014_CO,TSS,Outflow,469
9,-1242007014_CO,TSS,Outflow,470
20,-1242007014_CO,TSS,Outflow,470
6,-1242007014_CO,TSS,Outflow,470
19,-1242007014_CO,TSS,Outflow,470
27,-1242007014_CO,TSS,Outflow,470
9,-1242007014_CO,TSS,Outflow,471
12,-1242007014_CO,TSS,Outflow,471
25,-1242007014_CO,TSS,Outflow,471
23,-1242007014_CO,TSS,Outflow,471
110,-1242007014_CO,TSS,Outflow,471
27,-1242007014_CO,TSS,Outflow,472
26,-1242007014_CO,TSS,Outflow,472
25,-1242007014_CO,TSS,Outflow,472
13,-1242007014_CO,TSS,Outflow,472
19,-1242007014_CO,TSS,Outflow,472
27,-1242007014_CO,TSS,Outflow,473
22,-1242007014_CO,TSS,Outflow,473
27,-1242007014_CO,TSS,Outflow,473
26,-1242007014_CO,TSS,Outflow,473
110,-1242007014_CO,TSS,Outflow,473
6,-1242007014_CO,TSS,Outflow,474
27,-1242007014_CO,TSS,Outflow,474
25,-1242007014_CO,TSS,Outflow,474
23,-1242007014_CO,TSS,Outflow,474
9,-1242007014_CO,TSS,Outflow,474
13,-1242007014_CO,TSS,Outflow,475
23,-1242007014_CO,TSS,Outflow,475
19,-1242007014_CO,TSS,Outflow,475
6,-1242007014_CO,TSS,Outflow,475
531,-1242007014_CO,TSS,Outflow,475
13,-1242007014_CO,TSS,Outflow,476
6,-1242007014_CO,TSS,Outflow,476
47,-1242007014_CO,TSS,Outflow,476
27,-1242007014_CO,TSS,Outflow,476
531,-1242007014_CO,TSS,Outflow,476
13,-1242007014_CO,TSS,Outflow,477
12,-1242007014_CO,TSS,Outflow,477
6,-1242007014_CO,TSS,Outflow,477
20,-1242007014_CO,TSS,Outflow,477
13,-1242007014_CO,TSS,Outflow,477
12,-1242007014_CO,TSS,Outflow,478
6,-1242007014_CO,TSS,Outflow,478
110,-1242007014_CO,TSS,Outflow,478
531,-1242007014_CO,TSS,Outflow,478
5,-1242007014_CO,TSS,Outflow,478
47,-1242007014_CO,TSS,Outflow,479
22,-1242007014_CO,TSS,Outflow,479
27,-1242007014_CO,TSS,Outflow,479
23,-1242007014_CO,TSS,Outflow,479
19,-1242007014_CO,TSS,Outflow,479
22,-1242007014_CO,TSS,Outflow,480
13,-1242007014_CO,TSS,Outflow,480
26,-1242007014_CO,TSS,Outflow,480
5,-1242007014_CO,TSS,Outflow,480
19,-1242007014_CO,TSS,Outflow,480
22,-1242007014_CO,TSS,Outflow,481
27,-1242007014_CO,TSS,Outflow,481
12,-1242007014_CO,TSS,Outflow,481
26,-1242007014_CO,TSS,Outflow,481
19,-1242007014_CO,TSS,Outflow,481
19,-1242007014_CO,TSS,Outflow,482
6,-1242007014_CO,TSS,Outflow,482
20,-1242007014_CO,TSS,Outflow,482
47,-1242007014_CO,TSS,Outflow,482
27,-1242007014_CO,TSS,Outflow,482
27,-1242007014_CO,TSS,Outflow,483
27,-1242007014_CO,TSS,Outflow,483
13,-1242007014_CO,TSS,Outflow,483
19,-1242007014_CO,TSS,Outflow,483
26,-1242007014_CO,TSS,Outflow,483
22,-1242007014_CO,TSS,Outflow,484
13,-1242007014_CO,TSS,Outflow,484
27,-1242007014_CO,TSS,Outflow,484
26,-1242007014_CO,TSS,Outflow,484
9,-1242007014_CO,TSS,Outflow,484
23,-1242007014_CO,TSS,Outflow,485
22,-1242007014_CO,TSS,Outflow,485
47,-1242007014_CO,TSS,Outflow,485
20,-1242007014_CO,TSS,Outflow,485
9,-1242007014_CO,TSS,Outflow,485
13,-1242007014_CO,TSS,Outflow,486
22,-1242007014_CO,TSS,Outflow,486
20,-1242007014_CO,TSS,Outflow,486
531,-1242007014_CO,TSS,Outflow,486
5,-1242007014_CO,TSS,Outflow,486
12,-1242007014_CO,TSS,Outflow,487
22,-1242007014_CO,TSS,Outflow,487
20,-1242007014_CO,TSS,Outflow,487
13,-1242007014_CO,TSS,Outflow,487
23,-1242007014_CO,TSS,Outflow,487
13,-1242007014_CO,TSS,Outflow,488
26,-1242007014_CO,TSS,Outflow,488
19,-1242007014_CO,TSS,Outflow,488
25,-1242007014_CO,TSS,Outflow,488
13,-1242007014_CO,TSS,Outflow,488
13,-1242007014_CO,TSS,Outflow,489
20,-1242007014_CO,TSS,Outflow,489
27,-1242007014_CO,TSS,Outflow,489
531,-1242007014_CO,TSS,Outflow,489
5,-1242007014_CO,TSS,Outflow,489
110,-1242007014_CO,TSS,Outflow,490
23,-1242007014_CO,TSS,Outflow,490
13,-1242007014_CO,TSS,Outflow,490
26,-1242007014_CO,TSS,Outflow,490
47,-1242007014_CO,TSS,Outflow,490
47,-1242007014_CO,TSS,Outflow,491
27,-1242007014_CO,TSS,Outflow,491
6,-1242007014_CO,TSS,Outflow,491
20,-1242007014_CO,TSS,Outflow,491
26,-1242007014_CO,TSS,Outflow,491
9,-1242007014_CO,TSS,Outflow,492
25,-1242007014_CO,TSS,Outflow,492
47,-1242007014_CO,TSS,Outflow,492
6,-1242007014_CO,TSS,Outflow,492
23,-1242007014_CO,TSS,Outflow,492
12,-1242007014_CO,TSS,Outflow,493
13,-1242007014_CO,TSS,Outflow,493
19,-1242007014_CO,TSS,Outflow,493
6,-1242007014_CO,TSS,Outflow,493
22,-1242007014_CO,TSS,Outflow,493
9,-1242007014_CO,TSS,Outflow,494
6,-1242007014_CO,TSS,Outflow,494
110,-1242007014_CO,TSS,Outflow,494
27,-1242007014_CO,TSS,Outflow,494
26,-1242007014_CO,TSS,Outflow,494
19,-1242007014_CO,TSS,Outflow,495
13,-1242007014_CO,TSS,Outflow,495
27,-1242007014_CO,TSS,Outflow,495
23,-1242007014_CO,TSS,Outflow,495
6,-1242007014_CO,TSS,Outflow,495
47,-1242007014_CO,TSS,Outflow,496
13,-1242007014_CO,TSS,Outflow,496
9,-1242007014_CO,TSS,Outflow,496
12,-1242007014_CO,TSS,Outflow,496
110,-1242007014_CO,TSS,Outflow,496
22,-1242007014_CO,TSS,Outflow,497
26,-1242007014_CO,TSS,Outflow,497
5,-1242007014_CO,TSS,Outflow,497
27,-1242007014_CO,TSS,Outflow,497
13,-1242007014_CO,TSS,Outflow,497
6,-1242007014_CO,TSS,Outflow,498
9,-1242007014_CO,TSS,Outflow,498
110,-1242007014_CO,TSS,Outflow,498
27,-1242007014_CO,TSS,Outflow,498
23,-1242007014_CO,TSS,Outflow,498
110,-1242007014_CO,TSS,Outflow,499
5,-1242007014_CO,TSS,Outflow,499
25,-1242007014_CO,TSS,Outflow,499
19,-1242007014_CO,TSS,Outflow,499
13,-1242007014_CO,TSS,Outflow,499
47,-1242007014_CO,TSS,Outflow,500
531,-1242007014_CO,TSS,Outflow,500
23,-1242007014_CO,TSS,Outflow,500
6,-1242007014_CO,TSS,Outflow,500
13,-1242007014_CO,TSS,Outflow,500
