EMC,Location,Analyte,Flow,Run
25,-1242007014_CO,TSS,Outflow,1
531,-1242007014_CO,TSS,Outflow,1
12,-1242007014_CO,TSS,Outflow,1
26,-1242007014_CO,TSS,Outflow,1
13,-1242007014_CO,TSS,Outflow,1
13,-1242007014_CO,TSS,Outflow,2
19,-1242007014_CO,TSS,Outflow,2
12,-1242007014_CO,TSS,Outflow,2
25,-1242007014_CO,TSS,Outflow,2
6,-1242007014_CO,TSS,Outflow,2
47,-1242007014_CO,TSS,Outflow,3
6,-1242007014_CO,TSS,Outflow,3
22,-1242007014_CO,TSS,Outflow,3
5,-1242007014_CO,TSS,Outflow,3
13,-1242007014_CO,TSS,Outflow,3
12,-1242007014_CO,TSS,Outflow,4
27,-1242007014_CO,TSS,Outflow,4
22,-1242007014_CO,TSS,Outflow,4
20,-1242007014_CO,TSS,Outflow,4
23,-1242007014_CO,TSS,Outflow,4
5,-1242007014_CO,TSS,Outflow,5
47,-1242007014_CO,TSS,Outflow,5
25,-1242007014_CO,TSS,Outflow,5
22,-1242007014_CO,TSS,Outflow,5
9,-1242007014_CO,TSS,Outflow,5
22,-1242007014_CO,TSS,Outflow,6
23,-1242007014_CO,TSS,Outflow,6
26,-1242007014_CO,TSS,Outflow,6
12,-1242007014_CO,TSS,Outflow,6
19,-1242007014_CO,TSS,Outflow,6
5,-1242007014_CO,TSS,Outflow,7
23,-1242007014_CO,TSS,Outflow,7
47,-1242007014_CO,TSS,Outflow,7
6,-1242007014_CO,TSS,Outflow,7
13,-1242007014_CO,TSS,Outflow,7
12,-1242007014_CO,TSS,Outflow,8
13,-1242007014_CO,TSS,Outflow,8
20,-1242007014_CO,TSS,Outflow,8
13,-1242007014_CO,TSS,Outflow,8
531,-1242007014_CO,TSS,Outflow,8
26,-1242007014_CO,TSS,Outflow,9
20,-1242007014_CO,TSS,Outflow,9
531,-1242007014_CO,TSS,Outflow,9
13,-1242007014_CO,TSS,Outflow,9
23,-1242007014_CO,TSS,Outflow,9
19,-1242007014_CO,TSS,Outflow,10
9,-1242007014_CO,TSS,Outflow,10
6,-1242007014_CO,TSS,Outflow,10
20,-1242007014_CO,TSS,Outflow,10
13,-1242007014_CO,TSS,Outflow,10
6,-1242007014_CO,TSS,Outflow,11
110,-1242007014_CO,TSS,Outflow,11
27,-1242007014_CO,TSS,Outflow,11
47,-1242007014_CO,TSS,Outflow,11
13,-1242007014_CO,TSS,Outflow,11
26,-1242007014_CO,TSS,Outflow,12
9,-1242007014_CO,TSS,Outflow,12
25,-1242007014_CO,TSS,Outflow,12
47,-1242007014_CO,TSS,Outflow,12
20,-1242007014_CO,TSS,Outflow,12
47,-1242007014_CO,TSS,Outflow,13
19,-1242007014_CO,TSS,Outflow,13
27,-1242007014_CO,TSS,Outflow,13
22,-1242007014_CO,TSS,Outflow,13
531,-1242007014_CO,TSS,Outflow,13
13,-1242007014_CO,TSS,Outflow,14
9,-1242007014_CO,TSS,Outflow,14
12,-1242007014_CO,TSS,Outflow,14
13,-1242007014_CO,TSS,Outflow,14
531,-1242007014_CO,TSS,Outflow,14
531,-1242007014_CO,TSS,Outflow,15
22,-1242007014_CO,TSS,Outflow,15
9,-1242007014_CO,TSS,Outflow,15
26,-1242007014_CO,TSS,Outflow,15
19,-1242007014_CO,TSS,Outflow,15
26,-1242007014_CO,TSS,Outflow,16
110,-1242007014_CO,TSS,Outflow,16
27,-1242007014_CO,TSS,Outflow,16
6,-1242007014_CO,TSS,Outflow,16
23,-1242007014_CO,TSS,Outflow,16
13,-1242007014_CO,TSS,Outflow,17
12,-1242007014_CO,TSS,Outflow,17
110,-1242007014_CO,TSS,Outflow,17
9,-1242007014_CO,TSS,Outflow,17
531,-1242007014_CO,TSS,Outflow,17
20,-1242007014_CO,TSS,Outflow,18
9,-1242007014_CO,TSS,Outflow,18
23,-1242007014_CO,TSS,Outflow,18
27,-1242007014_CO,TSS,Outflow,18
531,-1242007014_CO,TSS,Outflow,18
26,-1242007014_CO,TSS,Outflow,19
531,-1242007014_CO,TSS,Outflow,19
19,-1242007014_CO,TSS,Outflow,19
22,-1242007014_CO,TSS,Outflow,19
12,-1242007014_CO,TSS,Outflow,19
13,-1242007014_CO,TSS,Outflow,20
20,-1242007014_CO,TSS,Outflow,20
22,-1242007014_CO,TSS,Outflow,20
26,-1242007014_CO,TSS,Outflow,20
25,-1242007014_CO,TSS,Outflow,20
9,-1242007014_CO,TSS,Outflow,21
531,-1242007014_CO,TSS,Outflow,21
6,-1242007014_CO,TSS,Outflow,21
27,-1242007014_CO,TSS,Outflow,21
5,-1242007014_CO,TSS,Outflow,21
6,-1242007014_CO,TSS,Outflow,22
25,-1242007014_CO,TSS,Outflow,22
13,-1242007014_CO,TSS,Outflow,22
12,-1242007014_CO,TSS,Outflow,22
47,-1242007014_CO,TSS,Outflow,22
531,-1242007014_CO,TSS,Outflow,23
12,-1242007014_CO,TSS,Outflow,23
5,-1242007014_CO,TSS,Outflow,23
6,-1242007014_CO,TSS,Outflow,23
27,-1242007014_CO,TSS,Outflow,23
22,-1242007014_CO,TSS,Outflow,24
20,-1242007014_CO,TSS,Outflow,24
27,-1242007014_CO,TSS,Outflow,24
9,-1242007014_CO,TSS,Outflow,24
27,-1242007014_CO,TSS,Outflow,24
25,-1242007014_CO,TSS,Outflow,25
23,-1242007014_CO,TSS,Outflow,25
5,-1242007014_CO,TSS,Outflow,25
27,-1242007014_CO,TSS,Outflow,25
531,-1242007014_CO,TSS,Outflow,25
25,-1242007014_CO,TSS,Outflow,26
9,-1242007014_CO,TSS,Outflow,26
5,-1242007014_CO,TSS,Outflow,26
531,-1242007014_CO,TSS,Outflow,26
23,-1242007014_CO,TSS,Outflow,26
12,-1242007014_CO,TSS,Outflow,27
27,-1242007014_CO,TSS,Outflow,27
26,-1242007014_CO,TSS,Outflow,27
13,-1242007014_CO,TSS,Outflow,27
110,-1242007014_CO,TSS,Outflow,27
110,-1242007014_CO,TSS,Outflow,28
12,-1242007014_CO,TSS,Outflow,28
19,-1242007014_CO,TSS,Outflow,28
27,-1242007014_CO,TSS,Outflow,28
25,-1242007014_CO,TSS,Outflow,28
27,-1242007014_CO,TSS,Outflow,29
531,-1242007014_CO,TSS,Outflow,29
110,-1242007014_CO,TSS,Outflow,29
22,-1242007014_CO,TSS,Outflow,29
9,-1242007014_CO,TSS,Outflow,29
20,-1242007014_CO,TSS,Outflow,30
22,-1242007014_CO,TSS,Outflow,30
26,-1242007014_CO,TSS,Outflow,30
9,-1242007014_CO,TSS,Outflow,30
5,-1242007014_CO,TSS,Outflow,30
23,-1242007014_CO,TSS,Outflow,31
110,-1242007014_CO,TSS,Outflow,31
26,-1242007014_CO,TSS,Outflow,31
12,-1242007014_CO,TSS,Outflow,31
5,-1242007014_CO,TSS,Outflow,31
20,-1242007014_CO,TSS,Outflow,32
27,-1242007014_CO,TSS,Outflow,32
5,-1242007014_CO,TSS,Outflow,32
27,-1242007014_CO,TSS,Outflow,32
47,-1242007014_CO,TSS,Outflow,32
23,-1242007014_CO,TSS,Outflow,33
110,-1242007014_CO,TSS,Outflow,33
13,-1242007014_CO,TSS,Outflow,33
47,-1242007014_CO,TSS,Outflow,33
19,-1242007014_CO,TSS,Outflow,33
19,-1242007014_CO,TSS,Outflow,34
27,-1242007014_CO,TSS,Outflow,34
13,-1242007014_CO,TSS,Outflow,34
23,-1242007014_CO,TSS,Outflow,34
12,-1242007014_CO,TSS,Outflow,34
47,-1242007014_CO,TSS,Outflow,35
5,-1242007014_CO,TSS,Outflow,35
27,-1242007014_CO,TSS,Outflow,35
25,-1242007014_CO,TSS,Outflow,35
27,-1242007014_CO,TSS,Outflow,35
20,-1242007014_CO,TSS,Outflow,36
110,-1242007014_CO,TSS,Outflow,36
47,-1242007014_CO,TSS,Outflow,36
25,-1242007014_CO,TSS,Outflow,36
27,-1242007014_CO,TSS,Outflow,36
47,-1242007014_CO,TSS,Outflow,37
12,-1242007014_CO,TSS,Outflow,37
22,-1242007014_CO,TSS,Outflow,37
531,-1242007014_CO,TSS,Outflow,37
26,-1242007014_CO,TSS,Outflow,37
13,-1242007014_CO,TSS,Outflow,38
6,-1242007014_CO,TSS,Outflow,38
110,-1242007014_CO,TSS,Outflow,38
27,-1242007014_CO,TSS,Outflow,38
25,-1242007014_CO,TSS,Outflow,38
12,-1242007014_CO,TSS,Outflow,39
27,-1242007014_CO,TSS,Outflow,39
23,-1242007014_CO,TSS,Outflow,39
22,-1242007014_CO,TSS,Outflow,39
9,-1242007014_CO,TSS,Outflow,39
23,-1242007014_CO,TSS,Outflow,40
9,-1242007014_CO,TSS,Outflow,40
19,-1242007014_CO,TSS,Outflow,40
20,-1242007014_CO,TSS,Outflow,40
13,-1242007014_CO,TSS,Outflow,40
13,-1242007014_CO,TSS,Outflow,41
27,-1242007014_CO,TSS,Outflow,41
23,-1242007014_CO,TSS,Outflow,41
13,-1242007014_CO,TSS,Outflow,41
25,-1242007014_CO,TSS,Outflow,41
23,-1242007014_CO,TSS,Outflow,42
25,-1242007014_CO,TSS,Outflow,42
9,-1242007014_CO,TSS,Outflow,42
5,-1242007014_CO,TSS,Outflow,42
531,-1242007014_CO,TSS,Outflow,42
20,-1242007014_CO,TSS,Outflow,43
5,-1242007014_CO,TSS,Outflow,43
19,-1242007014_CO,TSS,Outflow,43
22,-1242007014_CO,TSS,Outflow,43
531,-1242007014_CO,TSS,Outflow,43
12,-1242007014_CO,TSS,Outflow,44
19,-1242007014_CO,TSS,Outflow,44
25,-1242007014_CO,TSS,Outflow,44
27,-1242007014_CO,TSS,Outflow,44
9,-1242007014_CO,TSS,Outflow,44
26,-1242007014_CO,TSS,Outflow,45
47,-1242007014_CO,TSS,Outflow,45
13,-1242007014_CO,TSS,Outflow,45
6,-1242007014_CO,TSS,Outflow,45
27,-1242007014_CO,TSS,Outflow,45
27,-1242007014_CO,TSS,Outflow,46
26,-1242007014_CO,TSS,Outflow,46
19,-1242007014_CO,TSS,Outflow,46
5,-1242007014_CO,TSS,Outflow,46
12,-1242007014_CO,TSS,Outflow,46
6,-1242007014_CO,TSS,Outflow,47
531,-1242007014_CO,TSS,Outflow,47
12,-1242007014_CO,TSS,Outflow,47
13,-1242007014_CO,TSS,Outflow,47
110,-1242007014_CO,TSS,Outflow,47
13,-1242007014_CO,TSS,Outflow,48
110,-1242007014_CO,TSS,Outflow,48
13,-1242007014_CO,TSS,Outflow,48
531,-1242007014_CO,TSS,Outflow,48
12,-1242007014_CO,TSS,Outflow,48
6,-1242007014_CO,TSS,Outflow,49
19,-1242007014_CO,TSS,Outflow,49
25,-1242007014_CO,TSS,Outflow,49
22,-1242007014_CO,TSS,Outflow,49
23,-1242007014_CO,TSS,Outflow,49
20,-1242007014_CO,TSS,Outflow,50
47,-1242007014_CO,TSS,Outflow,50
27,-1242007014_CO,TSS,Outflow,50
27,-1242007014_CO,TSS,Outflow,50
26,-1242007014_CO,TSS,Outflow,50
13,-1242007014_CO,TSS,Outflow,51
20,-1242007014_CO,TSS,Outflow,51
25,-1242007014_CO,TSS,Outflow,51
27,-1242007014_CO,TSS,Outflow,51
23,-1242007014_CO,TSS,Outflow,51
26,-1242007014_CO,TSS,Outflow,52
23,-1242007014_CO,TSS,Outflow,52
20,-1242007014_CO,TSS,Outflow,52
6,-1242007014_CO,TSS,Outflow,52
22,-1242007014_CO,TSS,Outflow,52
19,-1242007014_CO,TSS,Outflow,53
9,-1242007014_CO,TSS,Outflow,53
531,-1242007014_CO,TSS,Outflow,53
22,-1242007014_CO,TSS,Outflow,53
27,-1242007014_CO,TSS,Outflow,53
12,-1242007014_CO,TSS,Outflow,54
5,-1242007014_CO,TSS,Outflow,54
6,-1242007014_CO,TSS,Outflow,54
22,-1242007014_CO,TSS,Outflow,54
47,-1242007014_CO,TSS,Outflow,54
110,-1242007014_CO,TSS,Outflow,55
13,-1242007014_CO,TSS,Outflow,55
22,-1242007014_CO,TSS,Outflow,55
47,-1242007014_CO,TSS,Outflow,55
19,-1242007014_CO,TSS,Outflow,55
47,-1242007014_CO,TSS,Outflow,56
9,-1242007014_CO,TSS,Outflow,56
13,-1242007014_CO,TSS,Outflow,56
531,-1242007014_CO,TSS,Outflow,56
6,-1242007014_CO,TSS,Outflow,56
6,-1242007014_CO,TSS,Outflow,57
22,-1242007014_CO,TSS,Outflow,57
19,-1242007014_CO,TSS,Outflow,57
26,-1242007014_CO,TSS,Outflow,57
27,-1242007014_CO,TSS,Outflow,57
12,-1242007014_CO,TSS,Outflow,58
13,-1242007014_CO,TSS,Outflow,58
26,-1242007014_CO,TSS,Outflow,58
531,-1242007014_CO,TSS,Outflow,58
19,-1242007014_CO,TSS,Outflow,58
12,-1242007014_CO,TSS,Outflow,59
27,-1242007014_CO,TSS,Outflow,59
13,-1242007014_CO,TSS,Outflow,59
27,-1242007014_CO,TSS,Outflow,59
13,-1242007014_CO,TSS,Outflow,59
12,-1242007014_CO,TSS,Outflow,60
25,-1242007014_CO,TSS,Outflow,60
13,-1242007014_CO,TSS,Outflow,60
9,-1242007014_CO,TSS,Outflow,60
27,-1242007014_CO,TSS,Outflow,60
9,-1242007014_CO,TSS,Outflow,61
25,-1242007014_CO,TSS,Outflow,61
5,-1242007014_CO,TSS,Outflow,61
12,-1242007014_CO,TSS,Outflow,61
531,-1242007014_CO,TSS,Outflow,61
20,-1242007014_CO,TSS,Outflow,62
27,-1242007014_CO,TSS,Outflow,62
13,-1242007014_CO,TSS,Outflow,62
25,-1242007014_CO,TSS,Outflow,62
5,-1242007014_CO,TSS,Outflow,62
27,-1242007014_CO,TSS,Outflow,63
26,-1242007014_CO,TSS,Outflow,63
27,-1242007014_CO,TSS,Outflow,63
5,-1242007014_CO,TSS,Outflow,63
110,-1242007014_CO,TSS,Outflow,63
13,-1242007014_CO,TSS,Outflow,64
6,-1242007014_CO,TSS,Outflow,64
20,-1242007014_CO,TSS,Outflow,64
12,-1242007014_CO,TSS,Outflow,64
531,-1242007014_CO,TSS,Outflow,64
25,-1242007014_CO,TSS,Outflow,65
5,-1242007014_CO,TSS,Outflow,65
47,-1242007014_CO,TSS,Outflow,65
27,-1242007014_CO,TSS,Outflow,65
13,-1242007014_CO,TSS,Outflow,65
12,-1242007014_CO,TSS,Outflow,66
25,-1242007014_CO,TSS,Outflow,66
20,-1242007014_CO,TSS,Outflow,66
27,-1242007014_CO,TSS,Outflow,66
5,-1242007014_CO,TSS,Outflow,66
26,-1242007014_CO,TSS,Outflow,67
9,-1242007014_CO,TSS,Outflow,67
531,-1242007014_CO,TSS,Outflow,67
25,-1242007014_CO,TSS,Outflow,67
110,-1242007014_CO,TSS,Outflow,67
27,-1242007014_CO,TSS,Outflow,68
22,-1242007014_CO,TSS,Outflow,68
12,-1242007014_CO,TSS,Outflow,68
26,-1242007014_CO,TSS,Outflow,68
20,-1242007014_CO,TSS,Outflow,68
13,-1242007014_CO,TSS,Outflow,69
25,-1242007014_CO,TSS,Outflow,69
531,-1242007014_CO,TSS,Outflow,69
47,-1242007014_CO,TSS,Outflow,69
22,-1242007014_CO,TSS,Outflow,69
12,-1242007014_CO,TSS,Outflow,70
27,-1242007014_CO,TSS,Outflow,70
22,-1242007014_CO,TSS,Outflow,70
20,-1242007014_CO,TSS,Outflow,70
6,-1242007014_CO,TSS,Outflow,70
9,-1242007014_CO,TSS,Outflow,71
23,-1242007014_CO,TSS,Outflow,71
13,-1242007014_CO,TSS,Outflow,71
6,-1242007014_CO,TSS,Outflow,71
27,-1242007014_CO,TSS,Outflow,71
5,-1242007014_CO,TSS,Outflow,72
23,-1242007014_CO,TSS,Outflow,72
110,-1242007014_CO,TSS,Outflow,72
47,-1242007014_CO,TSS,Outflow,72
27,-1242007014_CO,TSS,Outflow,72
25,-1242007014_CO,TSS,Outflow,73
23,-1242007014_CO,TSS,Outflow,73
12,-1242007014_CO,TSS,Outflow,73
9,-1242007014_CO,TSS,Outflow,73
26,-1242007014_CO,TSS,Outflow,73
13,-1242007014_CO,TSS,Outflow,74
5,-1242007014_CO,TSS,Outflow,74
20,-1242007014_CO,TSS,Outflow,74
25,-1242007014_CO,TSS,Outflow,74
12,-1242007014_CO,TSS,Outflow,74
9,-1242007014_CO,TSS,Outflow,75
19,-1242007014_CO,TSS,Outflow,75
27,-1242007014_CO,TSS,Outflow,75
531,-1242007014_CO,TSS,Outflow,75
110,-1242007014_CO,TSS,Outflow,75
23,-1242007014_CO,TSS,Outflow,76
26,-1242007014_CO,TSS,Outflow,76
27,-1242007014_CO,TSS,Outflow,76
6,-1242007014_CO,TSS,Outflow,76
9,-1242007014_CO,TSS,Outflow,76
20,-1242007014_CO,TSS,Outflow,77
27,-1242007014_CO,TSS,Outflow,77
25,-1242007014_CO,TSS,Outflow,77
12,-1242007014_CO,TSS,Outflow,77
6,-1242007014_CO,TSS,Outflow,77
5,-1242007014_CO,TSS,Outflow,78
20,-1242007014_CO,TSS,Outflow,78
22,-1242007014_CO,TSS,Outflow,78
25,-1242007014_CO,TSS,Outflow,78
27,-1242007014_CO,TSS,Outflow,78
13,-1242007014_CO,TSS,Outflow,79
22,-1242007014_CO,TSS,Outflow,79
5,-1242007014_CO,TSS,Outflow,79
6,-1242007014_CO,TSS,Outflow,79
13,-1242007014_CO,TSS,Outflow,79
25,-1242007014_CO,TSS,Outflow,80
12,-1242007014_CO,TSS,Outflow,80
19,-1242007014_CO,TSS,Outflow,80
47,-1242007014_CO,TSS,Outflow,80
6,-1242007014_CO,TSS,Outflow,80
25,-1242007014_CO,TSS,Outflow,81
110,-1242007014_CO,TSS,Outflow,81
5,-1242007014_CO,TSS,Outflow,81
13,-1242007014_CO,TSS,Outflow,81
9,-1242007014_CO,TSS,Outflow,81
13,-1242007014_CO,TSS,Outflow,82
13,-1242007014_CO,TSS,Outflow,82
23,-1242007014_CO,TSS,Outflow,82
6,-1242007014_CO,TSS,Outflow,82
20,-1242007014_CO,TSS,Outflow,82
5,-1242007014_CO,TSS,Outflow,83
13,-1242007014_CO,TSS,Outflow,83
26,-1242007014_CO,TSS,Outflow,83
12,-1242007014_CO,TSS,Outflow,83
20,-1242007014_CO,TSS,Outflow,83
13,-1242007014_CO,TSS,Outflow,84
27,-1242007014_CO,TSS,Outflow,84
25,-1242007014_CO,TSS,Outflow,84
531,-1242007014_CO,TSS,Outflow,84
13,-1242007014_CO,TSS,Outflow,84
23,-1242007014_CO,TSS,Outflow,85
27,-1242007014_CO,TSS,Outflow,85
12,-1242007014_CO,TSS,Outflow,85
19,-1242007014_CO,TSS,Outflow,85
531,-1242007014_CO,TSS,Outflow,85
26,-1242007014_CO,TSS,Outflow,86
13,-1242007014_CO,TSS,Outflow,86
19,-1242007014_CO,TSS,Outflow,86
47,-1242007014_CO,TSS,Outflow,86
25,-1242007014_CO,TSS,Outflow,86
531,-1242007014_CO,TSS,Outflow,87
19,-1242007014_CO,TSS,Outflow,87
20,-1242007014_CO,TSS,Outflow,87
22,-1242007014_CO,TSS,Outflow,87
26,-1242007014_CO,TSS,Outflow,87
9,-1242007014_CO,TSS,Outflow,88
19,-1242007014_CO,TSS,Outflow,88
531,-1242007014_CO,TSS,Outflow,88
110,-1242007014_CO,TSS,Outflow,88
5,-1242007014_CO,TSS,Outflow,88
13,-1242007014_CO,TSS,Outflow,89
19,-1242007014_CO,TSS,Outflow,89
6,-1242007014_CO,TSS,Outflow,89
9,-1242007014_CO,TSS,Outflow,89
13,-1242007014_CO,TSS,Outflow,89
27,-1242007014_CO,TSS,Outflow,90
13,-1242007014_CO,TSS,Outflow,90
26,-1242007014_CO,TSS,Outflow,90
27,-1242007014_CO,TSS,Outflow,90
12,-1242007014_CO,TSS,Outflow,90
23,-1242007014_CO,TSS,Outflow,91
12,-1242007014_CO,TSS,Outflow,91
27,-1242007014_CO,TSS,Outflow,91
110,-1242007014_CO,TSS,Outflow,91
13,-1242007014_CO,TSS,Outflow,91
22,-1242007014_CO,TSS,Outflow,92
6,-1242007014_CO,TSS,Outflow,92
12,-1242007014_CO,TSS,Outflow,92
9,-1242007014_CO,TSS,Outflow,92
27,-1242007014_CO,TSS,Outflow,92
27,-1242007014_CO,TSS,Outflow,93
13,-1242007014_CO,TSS,Outflow,93
6,-1242007014_CO,TSS,Outflow,93
47,-1242007014_CO,TSS,Outflow,93
20,-1242007014_CO,TSS,Outflow,93
22,-1242007014_CO,TSS,Outflow,94
25,-1242007014_CO,TSS,Outflow,94
23,-1242007014_CO,TSS,Outflow,94
9,-1242007014_CO,TSS,Outflow,94
13,-1242007014_CO,TSS,Outflow,94
12,-1242007014_CO,TSS,Outflow,95
26,-1242007014_CO,TSS,Outflow,95
13,-1242007014_CO,TSS,Outflow,95
13,-1242007014_CO,TSS,Outflow,95
19,-1242007014_CO,TSS,Outflow,95
531,-1242007014_CO,TSS,Outflow,96
5,-1242007014_CO,TSS,Outflow,96
26,-1242007014_CO,TSS,Outflow,96
25,-1242007014_CO,TSS,Outflow,96
12,-1242007014_CO,TSS,Outflow,96
23,-1242007014_CO,TSS,Outflow,97
9,-1242007014_CO,TSS,Outflow,97
22,-1242007014_CO,TSS,Outflow,97
47,-1242007014_CO,TSS,Outflow,97
25,-1242007014_CO,TSS,Outflow,97
23,-1242007014_CO,TSS,Outflow,98
9,-1242007014_CO,TSS,Outflow,98
12,-1242007014_CO,TSS,Outflow,98
47,-1242007014_CO,TSS,Outflow,98
27,-1242007014_CO,TSS,Outflow,98
9,-1242007014_CO,TSS,Outflow,99
25,-1242007014_CO,TSS,Outflow,99
13,-1242007014_CO,TSS,Outflow,99
23,-1242007014_CO,TSS,Outflow,99
6,-1242007014_CO,TSS,Outflow,99
23,-1242007014_CO,TSS,Outflow,100
27,-1242007014_CO,TSS,Outflow,100
47,-1242007014_CO,TSS,Outflow,100
19,-1242007014_CO,TSS,Outflow,100
25,-1242007014_CO,TSS,Outflow,100
25,-1242007014_CO,TSS,Outflow,101
47,-1242007014_CO,TSS,Outflow,101
26,-1242007014_CO,TSS,Outflow,101
27,-1242007014_CO,TSS,Outflow,101
5,-1242007014_CO,TSS,Outflow,101
19,-1242007014_CO,TSS,Outflow,102
22,-1242007014_CO,TSS,Outflow,102
12,-1242007014_CO,TSS,Outflow,102
6,-1242007014_CO,TSS,Outflow,102
25,-1242007014_CO,TSS,Outflow,102
531,-1242007014_CO,TSS,Outflow,103
22,-1242007014_CO,TSS,Outflow,103
110,-1242007014_CO,TSS,Outflow,103
25,-1242007014_CO,TSS,Outflow,103
13,-1242007014_CO,TSS,Outflow,103
5,-1242007014_CO,TSS,Outflow,104
13,-1242007014_CO,TSS,Outflow,104
22,-1242007014_CO,TSS,Outflow,104
12,-1242007014_CO,TSS,Outflow,104
110,-1242007014_CO,TSS,Outflow,104
26,-1242007014_CO,TSS,Outflow,105
19,-1242007014_CO,TSS,Outflow,105
13,-1242007014_CO,TSS,Outflow,105
27,-1242007014_CO,TSS,Outflow,105
13,-1242007014_CO,TSS,Outflow,105
23,-1242007014_CO,TSS,Outflow,106
13,-1242007014_CO,TSS,Outflow,106
19,-1242007014_CO,TSS,Outflow,106
531,-1242007014_CO,TSS,Outflow,106
47,-1242007014_CO,TSS,Outflow,106
25,-1242007014_CO,TSS,Outflow,107
23,-1242007014_CO,TSS,Outflow,107
26,-1242007014_CO,TSS,Outflow,107
27,-1242007014_CO,TSS,Outflow,107
27,-1242007014_CO,TSS,Outflow,107
20,-1242007014_CO,TSS,Outflow,108
5,-1242007014_CO,TSS,Outflow,108
25,-1242007014_CO,TSS,Outflow,108
23,-1242007014_CO,TSS,Outflow,108
26,-1242007014_CO,TSS,Outflow,108
9,-1242007014_CO,TSS,Outflow,109
25,-1242007014_CO,TSS,Outflow,109
20,-1242007014_CO,TSS,Outflow,109
6,-1242007014_CO,TSS,Outflow,109
13,-1242007014_CO,TSS,Outflow,109
6,-1242007014_CO,TSS,Outflow,110
9,-1242007014_CO,TSS,Outflow,110
23,-1242007014_CO,TSS,Outflow,110
25,-1242007014_CO,TSS,Outflow,110
531,-1242007014_CO,TSS,Outflow,110
19,-1242007014_CO,TSS,Outflow,111
13,-1242007014_CO,TSS,Outflow,111
27,-1242007014_CO,TSS,Outflow,111
6,-1242007014_CO,TSS,Outflow,111
110,-1242007014_CO,TSS,Outflow,111
13,-1242007014_CO,TSS,Outflow,112
13,-1242007014_CO,TSS,Outflow,112
27,-1242007014_CO,TSS,Outflow,112
110,-1242007014_CO,TSS,Outflow,112
26,-1242007014_CO,TSS,Outflow,112
27,-1242007014_CO,TSS,Outflow,113
531,-1242007014_CO,TSS,Outflow,113
25,-1242007014_CO,TSS,Outflow,113
5,-1242007014_CO,TSS,Outflow,113
9,-1242007014_CO,TSS,Outflow,113
23,-1242007014_CO,TSS,Outflow,114
25,-1242007014_CO,TSS,Outflow,114
110,-1242007014_CO,TSS,Outflow,114
5,-1242007014_CO,TSS,Outflow,114
27,-1242007014_CO,TSS,Outflow,114
27,-1242007014_CO,TSS,Outflow,115
12,-1242007014_CO,TSS,Outflow,115
23,-1242007014_CO,TSS,Outflow,115
13,-1242007014_CO,TSS,Outflow,115
47,-1242007014_CO,TSS,Outflow,115
12,-1242007014_CO,TSS,Outflow,116
25,-1242007014_CO,TSS,Outflow,116
5,-1242007014_CO,TSS,Outflow,116
23,-1242007014_CO,TSS,Outflow,116
47,-1242007014_CO,TSS,Outflow,116
9,-1242007014_CO,TSS,Outflow,117
13,-1242007014_CO,TSS,Outflow,117
5,-1242007014_CO,TSS,Outflow,117
13,-1242007014_CO,TSS,Outflow,117
27,-1242007014_CO,TSS,Outflow,117
9,-1242007014_CO,TSS,Outflow,118
12,-1242007014_CO,TSS,Outflow,118
13,-1242007014_CO,TSS,Outflow,118
26,-1242007014_CO,TSS,Outflow,118
23,-1242007014_CO,TSS,Outflow,118
25,-1242007014_CO,TSS,Outflow,119
26,-1242007014_CO,TSS,Outflow,119
23,-1242007014_CO,TSS,Outflow,119
22,-1242007014_CO,TSS,Outflow,119
5,-1242007014_CO,TSS,Outflow,119
27,-1242007014_CO,TSS,Outflow,120
25,-1242007014_CO,TSS,Outflow,120
22,-1242007014_CO,TSS,Outflow,120
27,-1242007014_CO,TSS,Outflow,120
531,-1242007014_CO,TSS,Outflow,120
47,-1242007014_CO,TSS,Outflow,121
12,-1242007014_CO,TSS,Outflow,121
19,-1242007014_CO,TSS,Outflow,121
20,-1242007014_CO,TSS,Outflow,121
13,-1242007014_CO,TSS,Outflow,121
22,-1242007014_CO,TSS,Outflow,122
25,-1242007014_CO,TSS,Outflow,122
27,-1242007014_CO,TSS,Outflow,122
26,-1242007014_CO,TSS,Outflow,122
531,-1242007014_CO,TSS,Outflow,122
19,-1242007014_CO,TSS,Outflow,123
47,-1242007014_CO,TSS,Outflow,123
27,-1242007014_CO,TSS,Outflow,123
25,-1242007014_CO,TSS,Outflow,123
13,-1242007014_CO,TSS,Outflow,123
27,-1242007014_CO,TSS,Outflow,124
9,-1242007014_CO,TSS,Outflow,124
26,-1242007014_CO,TSS,Outflow,124
47,-1242007014_CO,TSS,Outflow,124
5,-1242007014_CO,TSS,Outflow,124
19,-1242007014_CO,TSS,Outflow,125
110,-1242007014_CO,TSS,Outflow,125
22,-1242007014_CO,TSS,Outflow,125
47,-1242007014_CO,TSS,Outflow,125
26,-1242007014_CO,TSS,Outflow,125
12,-1242007014_CO,TSS,Outflow,126
27,-1242007014_CO,TSS,Outflow,126
22,-1242007014_CO,TSS,Outflow,126
110,-1242007014_CO,TSS,Outflow,126
47,-1242007014_CO,TSS,Outflow,126
5,-1242007014_CO,TSS,Outflow,127
47,-1242007014_CO,TSS,Outflow,127
13,-1242007014_CO,TSS,Outflow,127
19,-1242007014_CO,TSS,Outflow,127
27,-1242007014_CO,TSS,Outflow,127
20,-1242007014_CO,TSS,Outflow,128
22,-1242007014_CO,TSS,Outflow,128
9,-1242007014_CO,TSS,Outflow,128
5,-1242007014_CO,TSS,Outflow,128
6,-1242007014_CO,TSS,Outflow,128
5,-1242007014_CO,TSS,Outflow,129
26,-1242007014_CO,TSS,Outflow,129
47,-1242007014_CO,TSS,Outflow,129
110,-1242007014_CO,TSS,Outflow,129
12,-1242007014_CO,TSS,Outflow,129
22,-1242007014_CO,TSS,Outflow,130
531,-1242007014_CO,TSS,Outflow,130
47,-1242007014_CO,TSS,Outflow,130
23,-1242007014_CO,TSS,Outflow,130
19,-1242007014_CO,TSS,Outflow,130
27,-1242007014_CO,TSS,Outflow,131
6,-1242007014_CO,TSS,Outflow,131
5,-1242007014_CO,TSS,Outflow,131
19,-1242007014_CO,TSS,Outflow,131
13,-1242007014_CO,TSS,Outflow,131
27,-1242007014_CO,TSS,Outflow,132
531,-1242007014_CO,TSS,Outflow,132
19,-1242007014_CO,TSS,Outflow,132
47,-1242007014_CO,TSS,Outflow,132
5,-1242007014_CO,TSS,Outflow,132
13,-1242007014_CO,TSS,Outflow,133
25,-1242007014_CO,TSS,Outflow,133
22,-1242007014_CO,TSS,Outflow,133
13,-1242007014_CO,TSS,Outflow,133
12,-1242007014_CO,TSS,Outflow,133
26,-1242007014_CO,TSS,Outflow,134
13,-1242007014_CO,TSS,Outflow,134
20,-1242007014_CO,TSS,Outflow,134
13,-1242007014_CO,TSS,Outflow,134
110,-1242007014_CO,TSS,Outflow,134
531,-1242007014_CO,TSS,Outflow,135
6,-1242007014_CO,TSS,Outflow,135
13,-1242007014_CO,TSS,Outflow,135
23,-1242007014_CO,TSS,Outflow,135
12,-1242007014_CO,TSS,Outflow,135
27,-1242007014_CO,TSS,Outflow,136
19,-1242007014_CO,TSS,Outflow,136
27,-1242007014_CO,TSS,Outflow,136
23,-1242007014_CO,TSS,Outflow,136
6,-1242007014_CO,TSS,Outflow,136
47,-1242007014_CO,TSS,Outflow,137
531,-1242007014_CO,TSS,Outflow,137
13,-1242007014_CO,TSS,Outflow,137
19,-1242007014_CO,TSS,Outflow,137
5,-1242007014_CO,TSS,Outflow,137
27,-1242007014_CO,TSS,Outflow,138
110,-1242007014_CO,TSS,Outflow,138
23,-1242007014_CO,TSS,Outflow,138
22,-1242007014_CO,TSS,Outflow,138
9,-1242007014_CO,TSS,Outflow,138
47,-1242007014_CO,TSS,Outflow,139
13,-1242007014_CO,TSS,Outflow,139
26,-1242007014_CO,TSS,Outflow,139
25,-1242007014_CO,TSS,Outflow,139
19,-1242007014_CO,TSS,Outflow,139
47,-1242007014_CO,TSS,Outflow,140
6,-1242007014_CO,TSS,Outflow,140
5,-1242007014_CO,TSS,Outflow,140
23,-1242007014_CO,TSS,Outflow,140
13,-1242007014_CO,TSS,Outflow,140
26,-1242007014_CO,TSS,Outflow,141
531,-1242007014_CO,TSS,Outflow,141
25,-1242007014_CO,TSS,Outflow,141
27,-1242007014_CO,TSS,Outflow,141
110,-1242007014_CO,TSS,Outflow,141
12,-1242007014_CO,TSS,Outflow,142
19,-1242007014_CO,TSS,Outflow,142
27,-1242007014_CO,TSS,Outflow,142
13,-1242007014_CO,TSS,Outflow,142
110,-1242007014_CO,TSS,Outflow,142
23,-1242007014_CO,TSS,Outflow,143
5,-1242007014_CO,TSS,Outflow,143
27,-1242007014_CO,TSS,Outflow,143
13,-1242007014_CO,TSS,Outflow,143
531,-1242007014_CO,TSS,Outflow,143
25,-1242007014_CO,TSS,Outflow,144
13,-1242007014_CO,TSS,Outflow,144
26,-1242007014_CO,TSS,Outflow,144
22,-1242007014_CO,TSS,Outflow,144
23,-1242007014_CO,TSS,Outflow,144
531,-1242007014_CO,TSS,Outflow,145
20,-1242007014_CO,TSS,Outflow,145
25,-1242007014_CO,TSS,Outflow,145
19,-1242007014_CO,TSS,Outflow,145
23,-1242007014_CO,TSS,Outflow,145
47,-1242007014_CO,TSS,Outflow,146
110,-1242007014_CO,TSS,Outflow,146
23,-1242007014_CO,TSS,Outflow,146
26,-1242007014_CO,TSS,Outflow,146
13,-1242007014_CO,TSS,Outflow,146
23,-1242007014_CO,TSS,Outflow,147
531,-1242007014_CO,TSS,Outflow,147
22,-1242007014_CO,TSS,Outflow,147
6,-1242007014_CO,TSS,Outflow,147
110,-1242007014_CO,TSS,Outflow,147
6,-1242007014_CO,TSS,Outflow,148
13,-1242007014_CO,TSS,Outflow,148
110,-1242007014_CO,TSS,Outflow,148
20,-1242007014_CO,TSS,Outflow,148
9,-1242007014_CO,TSS,Outflow,148
110,-1242007014_CO,TSS,Outflow,149
5,-1242007014_CO,TSS,Outflow,149
27,-1242007014_CO,TSS,Outflow,149
27,-1242007014_CO,TSS,Outflow,149
13,-1242007014_CO,TSS,Outflow,149
13,-1242007014_CO,TSS,Outflow,150
20,-1242007014_CO,TSS,Outflow,150
47,-1242007014_CO,TSS,Outflow,150
27,-1242007014_CO,TSS,Outflow,150
22,-1242007014_CO,TSS,Outflow,150
6,-1242007014_CO,TSS,Outflow,151
5,-1242007014_CO,TSS,Outflow,151
27,-1242007014_CO,TSS,Outflow,151
19,-1242007014_CO,TSS,Outflow,151
13,-1242007014_CO,TSS,Outflow,151
27,-1242007014_CO,TSS,Outflow,152
13,-1242007014_CO,TSS,Outflow,152
6,-1242007014_CO,TSS,Outflow,152
22,-1242007014_CO,TSS,Outflow,152
27,-1242007014_CO,TSS,Outflow,152
13,-1242007014_CO,TSS,Outflow,153
12,-1242007014_CO,TSS,Outflow,153
19,-1242007014_CO,TSS,Outflow,153
27,-1242007014_CO,TSS,Outflow,153
22,-1242007014_CO,TSS,Outflow,153
27,-1242007014_CO,TSS,Outflow,154
25,-1242007014_CO,TSS,Outflow,154
5,-1242007014_CO,TSS,Outflow,154
22,-1242007014_CO,TSS,Outflow,154
6,-1242007014_CO,TSS,Outflow,154
531,-1242007014_CO,TSS,Outflow,155
25,-1242007014_CO,TSS,Outflow,155
9,-1242007014_CO,TSS,Outflow,155
13,-1242007014_CO,TSS,Outflow,155
22,-1242007014_CO,TSS,Outflow,155
27,-1242007014_CO,TSS,Outflow,156
110,-1242007014_CO,TSS,Outflow,156
25,-1242007014_CO,TSS,Outflow,156
5,-1242007014_CO,TSS,Outflow,156
27,-1242007014_CO,TSS,Outflow,156
26,-1242007014_CO,TSS,Outflow,157
47,-1242007014_CO,TSS,Outflow,157
27,-1242007014_CO,TSS,Outflow,157
531,-1242007014_CO,TSS,Outflow,157
9,-1242007014_CO,TSS,Outflow,157
26,-1242007014_CO,TSS,Outflow,158
6,-1242007014_CO,TSS,Outflow,158
531,-1242007014_CO,TSS,Outflow,158
22,-1242007014_CO,TSS,Outflow,158
13,-1242007014_CO,TSS,Outflow,158
27,-1242007014_CO,TSS,Outflow,159
27,-1242007014_CO,TSS,Outflow,159
5,-1242007014_CO,TSS,Outflow,159
531,-1242007014_CO,TSS,Outflow,159
22,-1242007014_CO,TSS,Outflow,159
27,-1242007014_CO,TSS,Outflow,160
23,-1242007014_CO,TSS,Outflow,160
25,-1242007014_CO,TSS,Outflow,160
47,-1242007014_CO,TSS,Outflow,160
13,-1242007014_CO,TSS,Outflow,160
5,-1242007014_CO,TSS,Outflow,161
13,-1242007014_CO,TSS,Outflow,161
27,-1242007014_CO,TSS,Outflow,161
20,-1242007014_CO,TSS,Outflow,161
110,-1242007014_CO,TSS,Outflow,161
6,-1242007014_CO,TSS,Outflow,162
27,-1242007014_CO,TSS,Outflow,162
27,-1242007014_CO,TSS,Outflow,162
25,-1242007014_CO,TSS,Outflow,162
22,-1242007014_CO,TSS,Outflow,162
6,-1242007014_CO,TSS,Outflow,163
47,-1242007014_CO,TSS,Outflow,163
25,-1242007014_CO,TSS,Outflow,163
27,-1242007014_CO,TSS,Outflow,163
27,-1242007014_CO,TSS,Outflow,163
25,-1242007014_CO,TSS,Outflow,164
9,-1242007014_CO,TSS,Outflow,164
20,-1242007014_CO,TSS,Outflow,164
26,-1242007014_CO,TSS,Outflow,164
23,-1242007014_CO,TSS,Outflow,164
25,-1242007014_CO,TSS,Outflow,165
19,-1242007014_CO,TSS,Outflow,165
110,-1242007014_CO,TSS,Outflow,165
27,-1242007014_CO,TSS,Outflow,165
27,-1242007014_CO,TSS,Outflow,165
13,-1242007014_CO,TSS,Outflow,166
27,-1242007014_CO,TSS,Outflow,166
6,-1242007014_CO,TSS,Outflow,166
23,-1242007014_CO,TSS,Outflow,166
22,-1242007014_CO,TSS,Outflow,166
6,-1242007014_CO,TSS,Outflow,167
13,-1242007014_CO,TSS,Outflow,167
26,-1242007014_CO,TSS,Outflow,167
110,-1242007014_CO,TSS,Outflow,167
27,-1242007014_CO,TSS,Outflow,167
47,-1242007014_CO,TSS,Outflow,168
6,-1242007014_CO,TSS,Outflow,168
13,-1242007014_CO,TSS,Outflow,168
110,-1242007014_CO,TSS,Outflow,168
27,-1242007014_CO,TSS,Outflow,168
9,-1242007014_CO,TSS,Outflow,169
5,-1242007014_CO,TSS,Outflow,169
19,-1242007014_CO,TSS,Outflow,169
23,-1242007014_CO,TSS,Outflow,169
47,-1242007014_CO,TSS,Outflow,169
27,-1242007014_CO,TSS,Outflow,170
26,-1242007014_CO,TSS,Outflow,170
531,-1242007014_CO,TSS,Outflow,170
19,-1242007014_CO,TSS,Outflow,170
12,-1242007014_CO,TSS,Outflow,170
20,-1242007014_CO,TSS,Outflow,171
13,-1242007014_CO,TSS,Outflow,171
19,-1242007014_CO,TSS,Outflow,171
23,-1242007014_CO,TSS,Outflow,171
47,-1242007014_CO,TSS,Outflow,171
26,-1242007014_CO,TSS,Outflow,172
13,-1242007014_CO,TSS,Outflow,172
110,-1242007014_CO,TSS,Outflow,172
6,-1242007014_CO,TSS,Outflow,172
12,-1242007014_CO,TSS,Outflow,172
6,-1242007014_CO,TSS,Outflow,173
23,-1242007014_CO,TSS,Outflow,173
5,-1242007014_CO,TSS,Outflow,173
27,-1242007014_CO,TSS,Outflow,173
27,-1242007014_CO,TSS,Outflow,173
27,-1242007014_CO,TSS,Outflow,174
19,-1242007014_CO,TSS,Outflow,174
13,-1242007014_CO,TSS,Outflow,174
26,-1242007014_CO,TSS,Outflow,174
531,-1242007014_CO,TSS,Outflow,174
27,-1242007014_CO,TSS,Outflow,175
26,-1242007014_CO,TSS,Outflow,175
9,-1242007014_CO,TSS,Outflow,175
25,-1242007014_CO,TSS,Outflow,175
19,-1242007014_CO,TSS,Outflow,175
13,-1242007014_CO,TSS,Outflow,176
27,-1242007014_CO,TSS,Outflow,176
13,-1242007014_CO,TSS,Outflow,176
110,-1242007014_CO,TSS,Outflow,176
47,-1242007014_CO,TSS,Outflow,176
47,-1242007014_CO,TSS,Outflow,177
13,-1242007014_CO,TSS,Outflow,177
23,-1242007014_CO,TSS,Outflow,177
9,-1242007014_CO,TSS,Outflow,177
22,-1242007014_CO,TSS,Outflow,177
26,-1242007014_CO,TSS,Outflow,178
27,-1242007014_CO,TSS,Outflow,178
12,-1242007014_CO,TSS,Outflow,178
20,-1242007014_CO,TSS,Outflow,178
13,-1242007014_CO,TSS,Outflow,178
6,-1242007014_CO,TSS,Outflow,179
110,-1242007014_CO,TSS,Outflow,179
23,-1242007014_CO,TSS,Outflow,179
19,-1242007014_CO,TSS,Outflow,179
26,-1242007014_CO,TSS,Outflow,179
13,-1242007014_CO,TSS,Outflow,180
110,-1242007014_CO,TSS,Outflow,180
25,-1242007014_CO,TSS,Outflow,180
9,-1242007014_CO,TSS,Outflow,180
5,-1242007014_CO,TSS,Outflow,180
27,-1242007014_CO,TSS,Outflow,181
22,-1242007014_CO,TSS,Outflow,181
23,-1242007014_CO,TSS,Outflow,181
47,-1242007014_CO,TSS,Outflow,181
13,-1242007014_CO,TSS,Outflow,181
22,-1242007014_CO,TSS,Outflow,182
25,-1242007014_CO,TSS,Outflow,182
26,-1242007014_CO,TSS,Outflow,182
47,-1242007014_CO,TSS,Outflow,182
13,-1242007014_CO,TSS,Outflow,182
5,-1242007014_CO,TSS,Outflow,183
23,-1242007014_CO,TSS,Outflow,183
13,-1242007014_CO,TSS,Outflow,183
47,-1242007014_CO,TSS,Outflow,183
12,-1242007014_CO,TSS,Outflow,183
5,-1242007014_CO,TSS,Outflow,184
25,-1242007014_CO,TSS,Outflow,184
531,-1242007014_CO,TSS,Outflow,184
9,-1242007014_CO,TSS,Outflow,184
23,-1242007014_CO,TSS,Outflow,184
27,-1242007014_CO,TSS,Outflow,185
6,-1242007014_CO,TSS,Outflow,185
5,-1242007014_CO,TSS,Outflow,185
531,-1242007014_CO,TSS,Outflow,185
110,-1242007014_CO,TSS,Outflow,185
26,-1242007014_CO,TSS,Outflow,186
531,-1242007014_CO,TSS,Outflow,186
110,-1242007014_CO,TSS,Outflow,186
23,-1242007014_CO,TSS,Outflow,186
13,-1242007014_CO,TSS,Outflow,186
27,-1242007014_CO,TSS,Outflow,187
19,-1242007014_CO,TSS,Outflow,187
5,-1242007014_CO,TSS,Outflow,187
25,-1242007014_CO,TSS,Outflow,187
13,-1242007014_CO,TSS,Outflow,187
27,-1242007014_CO,TSS,Outflow,188
19,-1242007014_CO,TSS,Outflow,188
25,-1242007014_CO,TSS,Outflow,188
110,-1242007014_CO,TSS,Outflow,188
5,-1242007014_CO,TSS,Outflow,188
23,-1242007014_CO,TSS,Outflow,189
13,-1242007014_CO,TSS,Outflow,189
20,-1242007014_CO,TSS,Outflow,189
22,-1242007014_CO,TSS,Outflow,189
12,-1242007014_CO,TSS,Outflow,189
110,-1242007014_CO,TSS,Outflow,190
20,-1242007014_CO,TSS,Outflow,190
19,-1242007014_CO,TSS,Outflow,190
26,-1242007014_CO,TSS,Outflow,190
531,-1242007014_CO,TSS,Outflow,190
22,-1242007014_CO,TSS,Outflow,191
13,-1242007014_CO,TSS,Outflow,191
25,-1242007014_CO,TSS,Outflow,191
27,-1242007014_CO,TSS,Outflow,191
12,-1242007014_CO,TSS,Outflow,191
27,-1242007014_CO,TSS,Outflow,192
531,-1242007014_CO,TSS,Outflow,192
6,-1242007014_CO,TSS,Outflow,192
20,-1242007014_CO,TSS,Outflow,192
26,-1242007014_CO,TSS,Outflow,192
27,-1242007014_CO,TSS,Outflow,193
9,-1242007014_CO,TSS,Outflow,193
26,-1242007014_CO,TSS,Outflow,193
13,-1242007014_CO,TSS,Outflow,193
23,-1242007014_CO,TSS,Outflow,193
13,-1242007014_CO,TSS,Outflow,194
19,-1242007014_CO,TSS,Outflow,194
5,-1242007014_CO,TSS,Outflow,194
27,-1242007014_CO,TSS,Outflow,194
25,-1242007014_CO,TSS,Outflow,194
110,-1242007014_CO,TSS,Outflow,195
19,-1242007014_CO,TSS,Outflow,195
20,-1242007014_CO,TSS,Outflow,195
22,-1242007014_CO,TSS,Outflow,195
531,-1242007014_CO,TSS,Outflow,195
27,-1242007014_CO,TSS,Outflow,196
25,-1242007014_CO,TSS,Outflow,196
6,-1242007014_CO,TSS,Outflow,196
19,-1242007014_CO,TSS,Outflow,196
531,-1242007014_CO,TSS,Outflow,196
27,-1242007014_CO,TSS,Outflow,197
20,-1242007014_CO,TSS,Outflow,197
47,-1242007014_CO,TSS,Outflow,197
531,-1242007014_CO,TSS,Outflow,197
25,-1242007014_CO,TSS,Outflow,197
6,-1242007014_CO,TSS,Outflow,198
13,-1242007014_CO,TSS,Outflow,198
27,-1242007014_CO,TSS,Outflow,198
23,-1242007014_CO,TSS,Outflow,198
531,-1242007014_CO,TSS,Outflow,198
26,-1242007014_CO,TSS,Outflow,199
19,-1242007014_CO,TSS,Outflow,199
22,-1242007014_CO,TSS,Outflow,199
9,-1242007014_CO,TSS,Outflow,199
12,-1242007014_CO,TSS,Outflow,199
22,-1242007014_CO,TSS,Outflow,200
27,-1242007014_CO,TSS,Outflow,200
13,-1242007014_CO,TSS,Outflow,200
12,-1242007014_CO,TSS,Outflow,200
27,-1242007014_CO,TSS,Outflow,200
23,-1242007014_CO,TSS,Outflow,201
20,-1242007014_CO,TSS,Outflow,201
110,-1242007014_CO,TSS,Outflow,201
13,-1242007014_CO,TSS,Outflow,201
531,-1242007014_CO,TSS,Outflow,201
23,-1242007014_CO,TSS,Outflow,202
19,-1242007014_CO,TSS,Outflow,202
13,-1242007014_CO,TSS,Outflow,202
22,-1242007014_CO,TSS,Outflow,202
9,-1242007014_CO,TSS,Outflow,202
20,-1242007014_CO,TSS,Outflow,203
9,-1242007014_CO,TSS,Outflow,203
13,-1242007014_CO,TSS,Outflow,203
13,-1242007014_CO,TSS,Outflow,203
22,-1242007014_CO,TSS,Outflow,203
19,-1242007014_CO,TSS,Outflow,204
531,-1242007014_CO,TSS,Outflow,204
12,-1242007014_CO,TSS,Outflow,204
47,-1242007014_CO,TSS,Outflow,204
110,-1242007014_CO,TSS,Outflow,204
5,-1242007014_CO,TSS,Outflow,205
20,-1242007014_CO,TSS,Outflow,205
23,-1242007014_CO,TSS,Outflow,205
27,-1242007014_CO,TSS,Outflow,205
19,-1242007014_CO,TSS,Outflow,205
5,-1242007014_CO,TSS,Outflow,206
13,-1242007014_CO,TSS,Outflow,206
27,-1242007014_CO,TSS,Outflow,206
27,-1242007014_CO,TSS,Outflow,206
20,-1242007014_CO,TSS,Outflow,206
13,-1242007014_CO,TSS,Outflow,207
5,-1242007014_CO,TSS,Outflow,207
531,-1242007014_CO,TSS,Outflow,207
110,-1242007014_CO,TSS,Outflow,207
22,-1242007014_CO,TSS,Outflow,207
110,-1242007014_CO,TSS,Outflow,208
47,-1242007014_CO,TSS,Outflow,208
26,-1242007014_CO,TSS,Outflow,208
27,-1242007014_CO,TSS,Outflow,208
6,-1242007014_CO,TSS,Outflow,208
26,-1242007014_CO,TSS,Outflow,209
27,-1242007014_CO,TSS,Outflow,209
22,-1242007014_CO,TSS,Outflow,209
6,-1242007014_CO,TSS,Outflow,209
13,-1242007014_CO,TSS,Outflow,209
27,-1242007014_CO,TSS,Outflow,210
26,-1242007014_CO,TSS,Outflow,210
25,-1242007014_CO,TSS,Outflow,210
47,-1242007014_CO,TSS,Outflow,210
12,-1242007014_CO,TSS,Outflow,210
5,-1242007014_CO,TSS,Outflow,211
531,-1242007014_CO,TSS,Outflow,211
20,-1242007014_CO,TSS,Outflow,211
6,-1242007014_CO,TSS,Outflow,211
9,-1242007014_CO,TSS,Outflow,211
25,-1242007014_CO,TSS,Outflow,212
27,-1242007014_CO,TSS,Outflow,212
9,-1242007014_CO,TSS,Outflow,212
531,-1242007014_CO,TSS,Outflow,212
27,-1242007014_CO,TSS,Outflow,212
27,-1242007014_CO,TSS,Outflow,213
6,-1242007014_CO,TSS,Outflow,213
19,-1242007014_CO,TSS,Outflow,213
5,-1242007014_CO,TSS,Outflow,213
25,-1242007014_CO,TSS,Outflow,213
6,-1242007014_CO,TSS,Outflow,214
20,-1242007014_CO,TSS,Outflow,214
531,-1242007014_CO,TSS,Outflow,214
13,-1242007014_CO,TSS,Outflow,214
22,-1242007014_CO,TSS,Outflow,214
20,-1242007014_CO,TSS,Outflow,215
26,-1242007014_CO,TSS,Outflow,215
9,-1242007014_CO,TSS,Outflow,215
22,-1242007014_CO,TSS,Outflow,215
6,-1242007014_CO,TSS,Outflow,215
27,-1242007014_CO,TSS,Outflow,216
9,-1242007014_CO,TSS,Outflow,216
531,-1242007014_CO,TSS,Outflow,216
20,-1242007014_CO,TSS,Outflow,216
110,-1242007014_CO,TSS,Outflow,216
27,-1242007014_CO,TSS,Outflow,217
13,-1242007014_CO,TSS,Outflow,217
5,-1242007014_CO,TSS,Outflow,217
47,-1242007014_CO,TSS,Outflow,217
9,-1242007014_CO,TSS,Outflow,217
6,-1242007014_CO,TSS,Outflow,218
47,-1242007014_CO,TSS,Outflow,218
110,-1242007014_CO,TSS,Outflow,218
26,-1242007014_CO,TSS,Outflow,218
13,-1242007014_CO,TSS,Outflow,218
27,-1242007014_CO,TSS,Outflow,219
5,-1242007014_CO,TSS,Outflow,219
13,-1242007014_CO,TSS,Outflow,219
20,-1242007014_CO,TSS,Outflow,219
27,-1242007014_CO,TSS,Outflow,219
9,-1242007014_CO,TSS,Outflow,220
12,-1242007014_CO,TSS,Outflow,220
110,-1242007014_CO,TSS,Outflow,220
20,-1242007014_CO,TSS,Outflow,220
531,-1242007014_CO,TSS,Outflow,220
20,-1242007014_CO,TSS,Outflow,221
47,-1242007014_CO,TSS,Outflow,221
9,-1242007014_CO,TSS,Outflow,221
19,-1242007014_CO,TSS,Outflow,221
531,-1242007014_CO,TSS,Outflow,221
23,-1242007014_CO,TSS,Outflow,222
6,-1242007014_CO,TSS,Outflow,222
27,-1242007014_CO,TSS,Outflow,222
26,-1242007014_CO,TSS,Outflow,222
47,-1242007014_CO,TSS,Outflow,222
22,-1242007014_CO,TSS,Outflow,223
26,-1242007014_CO,TSS,Outflow,223
531,-1242007014_CO,TSS,Outflow,223
25,-1242007014_CO,TSS,Outflow,223
13,-1242007014_CO,TSS,Outflow,223
23,-1242007014_CO,TSS,Outflow,224
5,-1242007014_CO,TSS,Outflow,224
20,-1242007014_CO,TSS,Outflow,224
47,-1242007014_CO,TSS,Outflow,224
110,-1242007014_CO,TSS,Outflow,224
27,-1242007014_CO,TSS,Outflow,225
26,-1242007014_CO,TSS,Outflow,225
13,-1242007014_CO,TSS,Outflow,225
25,-1242007014_CO,TSS,Outflow,225
9,-1242007014_CO,TSS,Outflow,225
23,-1242007014_CO,TSS,Outflow,226
47,-1242007014_CO,TSS,Outflow,226
5,-1242007014_CO,TSS,Outflow,226
6,-1242007014_CO,TSS,Outflow,226
13,-1242007014_CO,TSS,Outflow,226
22,-1242007014_CO,TSS,Outflow,227
23,-1242007014_CO,TSS,Outflow,227
531,-1242007014_CO,TSS,Outflow,227
13,-1242007014_CO,TSS,Outflow,227
27,-1242007014_CO,TSS,Outflow,227
26,-1242007014_CO,TSS,Outflow,228
25,-1242007014_CO,TSS,Outflow,228
531,-1242007014_CO,TSS,Outflow,228
110,-1242007014_CO,TSS,Outflow,228
13,-1242007014_CO,TSS,Outflow,228
9,-1242007014_CO,TSS,Outflow,229
47,-1242007014_CO,TSS,Outflow,229
23,-1242007014_CO,TSS,Outflow,229
110,-1242007014_CO,TSS,Outflow,229
27,-1242007014_CO,TSS,Outflow,229
13,-1242007014_CO,TSS,Outflow,230
13,-1242007014_CO,TSS,Outflow,230
47,-1242007014_CO,TSS,Outflow,230
110,-1242007014_CO,TSS,Outflow,230
23,-1242007014_CO,TSS,Outflow,230
20,-1242007014_CO,TSS,Outflow,231
5,-1242007014_CO,TSS,Outflow,231
25,-1242007014_CO,TSS,Outflow,231
13,-1242007014_CO,TSS,Outflow,231
6,-1242007014_CO,TSS,Outflow,231
23,-1242007014_CO,TSS,Outflow,232
531,-1242007014_CO,TSS,Outflow,232
13,-1242007014_CO,TSS,Outflow,232
9,-1242007014_CO,TSS,Outflow,232
26,-1242007014_CO,TSS,Outflow,232
27,-1242007014_CO,TSS,Outflow,233
110,-1242007014_CO,TSS,Outflow,233
25,-1242007014_CO,TSS,Outflow,233
22,-1242007014_CO,TSS,Outflow,233
19,-1242007014_CO,TSS,Outflow,233
22,-1242007014_CO,TSS,Outflow,234
13,-1242007014_CO,TSS,Outflow,234
20,-1242007014_CO,TSS,Outflow,234
6,-1242007014_CO,TSS,Outflow,234
25,-1242007014_CO,TSS,Outflow,234
110,-1242007014_CO,TSS,Outflow,235
19,-1242007014_CO,TSS,Outflow,235
13,-1242007014_CO,TSS,Outflow,235
47,-1242007014_CO,TSS,Outflow,235
531,-1242007014_CO,TSS,Outflow,235
13,-1242007014_CO,TSS,Outflow,236
12,-1242007014_CO,TSS,Outflow,236
110,-1242007014_CO,TSS,Outflow,236
23,-1242007014_CO,TSS,Outflow,236
22,-1242007014_CO,TSS,Outflow,236
13,-1242007014_CO,TSS,Outflow,237
26,-1242007014_CO,TSS,Outflow,237
27,-1242007014_CO,TSS,Outflow,237
27,-1242007014_CO,TSS,Outflow,237
9,-1242007014_CO,TSS,Outflow,237
13,-1242007014_CO,TSS,Outflow,238
12,-1242007014_CO,TSS,Outflow,238
25,-1242007014_CO,TSS,Outflow,238
27,-1242007014_CO,TSS,Outflow,238
5,-1242007014_CO,TSS,Outflow,238
19,-1242007014_CO,TSS,Outflow,239
13,-1242007014_CO,TSS,Outflow,239
531,-1242007014_CO,TSS,Outflow,239
27,-1242007014_CO,TSS,Outflow,239
26,-1242007014_CO,TSS,Outflow,239
25,-1242007014_CO,TSS,Outflow,240
6,-1242007014_CO,TSS,Outflow,240
5,-1242007014_CO,TSS,Outflow,240
20,-1242007014_CO,TSS,Outflow,240
531,-1242007014_CO,TSS,Outflow,240
47,-1242007014_CO,TSS,Outflow,241
13,-1242007014_CO,TSS,Outflow,241
6,-1242007014_CO,TSS,Outflow,241
5,-1242007014_CO,TSS,Outflow,241
12,-1242007014_CO,TSS,Outflow,241
110,-1242007014_CO,TSS,Outflow,242
23,-1242007014_CO,TSS,Outflow,242
26,-1242007014_CO,TSS,Outflow,242
13,-1242007014_CO,TSS,Outflow,242
13,-1242007014_CO,TSS,Outflow,242
26,-1242007014_CO,TSS,Outflow,243
23,-1242007014_CO,TSS,Outflow,243
47,-1242007014_CO,TSS,Outflow,243
19,-1242007014_CO,TSS,Outflow,243
6,-1242007014_CO,TSS,Outflow,243
27,-1242007014_CO,TSS,Outflow,244
110,-1242007014_CO,TSS,Outflow,244
19,-1242007014_CO,TSS,Outflow,244
5,-1242007014_CO,TSS,Outflow,244
9,-1242007014_CO,TSS,Outflow,244
26,-1242007014_CO,TSS,Outflow,245
9,-1242007014_CO,TSS,Outflow,245
47,-1242007014_CO,TSS,Outflow,245
5,-1242007014_CO,TSS,Outflow,245
27,-1242007014_CO,TSS,Outflow,245
9,-1242007014_CO,TSS,Outflow,246
25,-1242007014_CO,TSS,Outflow,246
27,-1242007014_CO,TSS,Outflow,246
20,-1242007014_CO,TSS,Outflow,246
13,-1242007014_CO,TSS,Outflow,246
12,-1242007014_CO,TSS,Outflow,247
47,-1242007014_CO,TSS,Outflow,247
27,-1242007014_CO,TSS,Outflow,247
26,-1242007014_CO,TSS,Outflow,247
13,-1242007014_CO,TSS,Outflow,247
27,-1242007014_CO,TSS,Outflow,248
20,-1242007014_CO,TSS,Outflow,248
6,-1242007014_CO,TSS,Outflow,248
9,-1242007014_CO,TSS,Outflow,248
13,-1242007014_CO,TSS,Outflow,248
6,-1242007014_CO,TSS,Outflow,249
13,-1242007014_CO,TSS,Outflow,249
13,-1242007014_CO,TSS,Outflow,249
47,-1242007014_CO,TSS,Outflow,249
110,-1242007014_CO,TSS,Outflow,249
531,-1242007014_CO,TSS,Outflow,250
13,-1242007014_CO,TSS,Outflow,250
12,-1242007014_CO,TSS,Outflow,250
22,-1242007014_CO,TSS,Outflow,250
23,-1242007014_CO,TSS,Outflow,250
6,-1242007014_CO,TSS,Outflow,251
22,-1242007014_CO,TSS,Outflow,251
13,-1242007014_CO,TSS,Outflow,251
27,-1242007014_CO,TSS,Outflow,251
25,-1242007014_CO,TSS,Outflow,251
9,-1242007014_CO,TSS,Outflow,252
13,-1242007014_CO,TSS,Outflow,252
5,-1242007014_CO,TSS,Outflow,252
25,-1242007014_CO,TSS,Outflow,252
19,-1242007014_CO,TSS,Outflow,252
22,-1242007014_CO,TSS,Outflow,253
19,-1242007014_CO,TSS,Outflow,253
12,-1242007014_CO,TSS,Outflow,253
110,-1242007014_CO,TSS,Outflow,253
27,-1242007014_CO,TSS,Outflow,253
25,-1242007014_CO,TSS,Outflow,254
6,-1242007014_CO,TSS,Outflow,254
12,-1242007014_CO,TSS,Outflow,254
23,-1242007014_CO,TSS,Outflow,254
22,-1242007014_CO,TSS,Outflow,254
26,-1242007014_CO,TSS,Outflow,255
13,-1242007014_CO,TSS,Outflow,255
9,-1242007014_CO,TSS,Outflow,255
20,-1242007014_CO,TSS,Outflow,255
19,-1242007014_CO,TSS,Outflow,255
13,-1242007014_CO,TSS,Outflow,256
20,-1242007014_CO,TSS,Outflow,256
25,-1242007014_CO,TSS,Outflow,256
27,-1242007014_CO,TSS,Outflow,256
47,-1242007014_CO,TSS,Outflow,256
23,-1242007014_CO,TSS,Outflow,257
13,-1242007014_CO,TSS,Outflow,257
25,-1242007014_CO,TSS,Outflow,257
19,-1242007014_CO,TSS,Outflow,257
5,-1242007014_CO,TSS,Outflow,257
9,-1242007014_CO,TSS,Outflow,258
26,-1242007014_CO,TSS,Outflow,258
27,-1242007014_CO,TSS,Outflow,258
13,-1242007014_CO,TSS,Outflow,258
20,-1242007014_CO,TSS,Outflow,258
22,-1242007014_CO,TSS,Outflow,259
23,-1242007014_CO,TSS,Outflow,259
6,-1242007014_CO,TSS,Outflow,259
13,-1242007014_CO,TSS,Outflow,259
110,-1242007014_CO,TSS,Outflow,259
5,-1242007014_CO,TSS,Outflow,260
47,-1242007014_CO,TSS,Outflow,260
6,-1242007014_CO,TSS,Outflow,260
13,-1242007014_CO,TSS,Outflow,260
9,-1242007014_CO,TSS,Outflow,260
12,-1242007014_CO,TSS,Outflow,261
19,-1242007014_CO,TSS,Outflow,261
27,-1242007014_CO,TSS,Outflow,261
25,-1242007014_CO,TSS,Outflow,261
27,-1242007014_CO,TSS,Outflow,261
26,-1242007014_CO,TSS,Outflow,262
9,-1242007014_CO,TSS,Outflow,262
27,-1242007014_CO,TSS,Outflow,262
20,-1242007014_CO,TSS,Outflow,262
23,-1242007014_CO,TSS,Outflow,262
25,-1242007014_CO,TSS,Outflow,263
27,-1242007014_CO,TSS,Outflow,263
13,-1242007014_CO,TSS,Outflow,263
23,-1242007014_CO,TSS,Outflow,263
5,-1242007014_CO,TSS,Outflow,263
5,-1242007014_CO,TSS,Outflow,264
20,-1242007014_CO,TSS,Outflow,264
27,-1242007014_CO,TSS,Outflow,264
26,-1242007014_CO,TSS,Outflow,264
25,-1242007014_CO,TSS,Outflow,264
23,-1242007014_CO,TSS,Outflow,265
9,-1242007014_CO,TSS,Outflow,265
13,-1242007014_CO,TSS,Outflow,265
27,-1242007014_CO,TSS,Outflow,265
6,-1242007014_CO,TSS,Outflow,265
5,-1242007014_CO,TSS,Outflow,266
25,-1242007014_CO,TSS,Outflow,266
20,-1242007014_CO,TSS,Outflow,266
47,-1242007014_CO,TSS,Outflow,266
27,-1242007014_CO,TSS,Outflow,266
27,-1242007014_CO,TSS,Outflow,267
27,-1242007014_CO,TSS,Outflow,267
26,-1242007014_CO,TSS,Outflow,267
110,-1242007014_CO,TSS,Outflow,267
47,-1242007014_CO,TSS,Outflow,267
6,-1242007014_CO,TSS,Outflow,268
19,-1242007014_CO,TSS,Outflow,268
9,-1242007014_CO,TSS,Outflow,268
23,-1242007014_CO,TSS,Outflow,268
22,-1242007014_CO,TSS,Outflow,268
531,-1242007014_CO,TSS,Outflow,269
20,-1242007014_CO,TSS,Outflow,269
110,-1242007014_CO,TSS,Outflow,269
5,-1242007014_CO,TSS,Outflow,269
27,-1242007014_CO,TSS,Outflow,269
13,-1242007014_CO,TSS,Outflow,270
19,-1242007014_CO,TSS,Outflow,270
27,-1242007014_CO,TSS,Outflow,270
23,-1242007014_CO,TSS,Outflow,270
47,-1242007014_CO,TSS,Outflow,270
20,-1242007014_CO,TSS,Outflow,271
27,-1242007014_CO,TSS,Outflow,271
12,-1242007014_CO,TSS,Outflow,271
110,-1242007014_CO,TSS,Outflow,271
9,-1242007014_CO,TSS,Outflow,271
22,-1242007014_CO,TSS,Outflow,272
5,-1242007014_CO,TSS,Outflow,272
6,-1242007014_CO,TSS,Outflow,272
9,-1242007014_CO,TSS,Outflow,272
47,-1242007014_CO,TSS,Outflow,272
110,-1242007014_CO,TSS,Outflow,273
47,-1242007014_CO,TSS,Outflow,273
27,-1242007014_CO,TSS,Outflow,273
12,-1242007014_CO,TSS,Outflow,273
22,-1242007014_CO,TSS,Outflow,273
110,-1242007014_CO,TSS,Outflow,274
12,-1242007014_CO,TSS,Outflow,274
5,-1242007014_CO,TSS,Outflow,274
27,-1242007014_CO,TSS,Outflow,274
23,-1242007014_CO,TSS,Outflow,274
9,-1242007014_CO,TSS,Outflow,275
22,-1242007014_CO,TSS,Outflow,275
531,-1242007014_CO,TSS,Outflow,275
26,-1242007014_CO,TSS,Outflow,275
25,-1242007014_CO,TSS,Outflow,275
9,-1242007014_CO,TSS,Outflow,276
26,-1242007014_CO,TSS,Outflow,276
13,-1242007014_CO,TSS,Outflow,276
110,-1242007014_CO,TSS,Outflow,276
6,-1242007014_CO,TSS,Outflow,276
22,-1242007014_CO,TSS,Outflow,277
27,-1242007014_CO,TSS,Outflow,277
20,-1242007014_CO,TSS,Outflow,277
5,-1242007014_CO,TSS,Outflow,277
13,-1242007014_CO,TSS,Outflow,277
13,-1242007014_CO,TSS,Outflow,278
47,-1242007014_CO,TSS,Outflow,278
12,-1242007014_CO,TSS,Outflow,278
6,-1242007014_CO,TSS,Outflow,278
27,-1242007014_CO,TSS,Outflow,278
531,-1242007014_CO,TSS,Outflow,279
19,-1242007014_CO,TSS,Outflow,279
23,-1242007014_CO,TSS,Outflow,279
22,-1242007014_CO,TSS,Outflow,279
26,-1242007014_CO,TSS,Outflow,279
6,-1242007014_CO,TSS,Outflow,280
26,-1242007014_CO,TSS,Outflow,280
13,-1242007014_CO,TSS,Outflow,280
110,-1242007014_CO,TSS,Outflow,280
47,-1242007014_CO,TSS,Outflow,280
531,-1242007014_CO,TSS,Outflow,281
6,-1242007014_CO,TSS,Outflow,281
5,-1242007014_CO,TSS,Outflow,281
13,-1242007014_CO,TSS,Outflow,281
26,-1242007014_CO,TSS,Outflow,281
110,-1242007014_CO,TSS,Outflow,282
47,-1242007014_CO,TSS,Outflow,282
22,-1242007014_CO,TSS,Outflow,282
27,-1242007014_CO,TSS,Outflow,282
12,-1242007014_CO,TSS,Outflow,282
20,-1242007014_CO,TSS,Outflow,283
23,-1242007014_CO,TSS,Outflow,283
22,-1242007014_CO,TSS,Outflow,283
19,-1242007014_CO,TSS,Outflow,283
47,-1242007014_CO,TSS,Outflow,283
13,-1242007014_CO,TSS,Outflow,284
531,-1242007014_CO,TSS,Outflow,284
110,-1242007014_CO,TSS,Outflow,284
27,-1242007014_CO,TSS,Outflow,284
22,-1242007014_CO,TSS,Outflow,284
110,-1242007014_CO,TSS,Outflow,285
47,-1242007014_CO,TSS,Outflow,285
27,-1242007014_CO,TSS,Outflow,285
13,-1242007014_CO,TSS,Outflow,285
27,-1242007014_CO,TSS,Outflow,285
19,-1242007014_CO,TSS,Outflow,286
12,-1242007014_CO,TSS,Outflow,286
531,-1242007014_CO,TSS,Outflow,286
25,-1242007014_CO,TSS,Outflow,286
5,-1242007014_CO,TSS,Outflow,286
110,-1242007014_CO,TSS,Outflow,287
12,-1242007014_CO,TSS,Outflow,287
20,-1242007014_CO,TSS,Outflow,287
5,-1242007014_CO,TSS,Outflow,287
19,-1242007014_CO,TSS,Outflow,287
22,-1242007014_CO,TSS,Outflow,288
9,-1242007014_CO,TSS,Outflow,288
13,-1242007014_CO,TSS,Outflow,288
6,-1242007014_CO,TSS,Outflow,288
13,-1242007014_CO,TSS,Outflow,288
27,-1242007014_CO,TSS,Outflow,289
27,-1242007014_CO,TSS,Outflow,289
20,-1242007014_CO,TSS,Outflow,289
9,-1242007014_CO,TSS,Outflow,289
19,-1242007014_CO,TSS,Outflow,289
13,-1242007014_CO,TSS,Outflow,290
23,-1242007014_CO,TSS,Outflow,290
27,-1242007014_CO,TSS,Outflow,290
9,-1242007014_CO,TSS,Outflow,290
22,-1242007014_CO,TSS,Outflow,290
6,-1242007014_CO,TSS,Outflow,291
20,-1242007014_CO,TSS,Outflow,291
26,-1242007014_CO,TSS,Outflow,291
19,-1242007014_CO,TSS,Outflow,291
13,-1242007014_CO,TSS,Outflow,291
531,-1242007014_CO,TSS,Outflow,292
6,-1242007014_CO,TSS,Outflow,292
13,-1242007014_CO,TSS,Outflow,292
13,-1242007014_CO,TSS,Outflow,292
5,-1242007014_CO,TSS,Outflow,292
27,-1242007014_CO,TSS,Outflow,293
23,-1242007014_CO,TSS,Outflow,293
13,-1242007014_CO,TSS,Outflow,293
47,-1242007014_CO,TSS,Outflow,293
20,-1242007014_CO,TSS,Outflow,293
27,-1242007014_CO,TSS,Outflow,294
110,-1242007014_CO,TSS,Outflow,294
13,-1242007014_CO,TSS,Outflow,294
531,-1242007014_CO,TSS,Outflow,294
9,-1242007014_CO,TSS,Outflow,294
13,-1242007014_CO,TSS,Outflow,295
20,-1242007014_CO,TSS,Outflow,295
9,-1242007014_CO,TSS,Outflow,295
27,-1242007014_CO,TSS,Outflow,295
12,-1242007014_CO,TSS,Outflow,295
531,-1242007014_CO,TSS,Outflow,296
12,-1242007014_CO,TSS,Outflow,296
23,-1242007014_CO,TSS,Outflow,296
47,-1242007014_CO,TSS,Outflow,296
25,-1242007014_CO,TSS,Outflow,296
110,-1242007014_CO,TSS,Outflow,297
5,-1242007014_CO,TSS,Outflow,297
25,-1242007014_CO,TSS,Outflow,297
27,-1242007014_CO,TSS,Outflow,297
26,-1242007014_CO,TSS,Outflow,297
110,-1242007014_CO,TSS,Outflow,298
26,-1242007014_CO,TSS,Outflow,298
12,-1242007014_CO,TSS,Outflow,298
27,-1242007014_CO,TSS,Outflow,298
23,-1242007014_CO,TSS,Outflow,298
27,-1242007014_CO,TSS,Outflow,299
5,-1242007014_CO,TSS,Outflow,299
22,-1242007014_CO,TSS,Outflow,299
110,-1242007014_CO,TSS,Outflow,299
6,-1242007014_CO,TSS,Outflow,299
22,-1242007014_CO,TSS,Outflow,300
27,-1242007014_CO,TSS,Outflow,300
5,-1242007014_CO,TSS,Outflow,300
19,-1242007014_CO,TSS,Outflow,300
25,-1242007014_CO,TSS,Outflow,300
13,-1242007014_CO,TSS,Outflow,301
6,-1242007014_CO,TSS,Outflow,301
20,-1242007014_CO,TSS,Outflow,301
22,-1242007014_CO,TSS,Outflow,301
12,-1242007014_CO,TSS,Outflow,301
23,-1242007014_CO,TSS,Outflow,302
26,-1242007014_CO,TSS,Outflow,302
27,-1242007014_CO,TSS,Outflow,302
110,-1242007014_CO,TSS,Outflow,302
19,-1242007014_CO,TSS,Outflow,302
6,-1242007014_CO,TSS,Outflow,303
22,-1242007014_CO,TSS,Outflow,303
13,-1242007014_CO,TSS,Outflow,303
20,-1242007014_CO,TSS,Outflow,303
47,-1242007014_CO,TSS,Outflow,303
13,-1242007014_CO,TSS,Outflow,304
9,-1242007014_CO,TSS,Outflow,304
110,-1242007014_CO,TSS,Outflow,304
27,-1242007014_CO,TSS,Outflow,304
23,-1242007014_CO,TSS,Outflow,304
110,-1242007014_CO,TSS,Outflow,305
26,-1242007014_CO,TSS,Outflow,305
13,-1242007014_CO,TSS,Outflow,305
25,-1242007014_CO,TSS,Outflow,305
23,-1242007014_CO,TSS,Outflow,305
20,-1242007014_CO,TSS,Outflow,306
5,-1242007014_CO,TSS,Outflow,306
25,-1242007014_CO,TSS,Outflow,306
27,-1242007014_CO,TSS,Outflow,306
27,-1242007014_CO,TSS,Outflow,306
19,-1242007014_CO,TSS,Outflow,307
27,-1242007014_CO,TSS,Outflow,307
26,-1242007014_CO,TSS,Outflow,307
22,-1242007014_CO,TSS,Outflow,307
5,-1242007014_CO,TSS,Outflow,307
110,-1242007014_CO,TSS,Outflow,308
6,-1242007014_CO,TSS,Outflow,308
25,-1242007014_CO,TSS,Outflow,308
9,-1242007014_CO,TSS,Outflow,308
20,-1242007014_CO,TSS,Outflow,308
13,-1242007014_CO,TSS,Outflow,309
5,-1242007014_CO,TSS,Outflow,309
47,-1242007014_CO,TSS,Outflow,309
26,-1242007014_CO,TSS,Outflow,309
12,-1242007014_CO,TSS,Outflow,309
110,-1242007014_CO,TSS,Outflow,310
13,-1242007014_CO,TSS,Outflow,310
27,-1242007014_CO,TSS,Outflow,310
20,-1242007014_CO,TSS,Outflow,310
531,-1242007014_CO,TSS,Outflow,310
531,-1242007014_CO,TSS,Outflow,311
19,-1242007014_CO,TSS,Outflow,311
110,-1242007014_CO,TSS,Outflow,311
13,-1242007014_CO,TSS,Outflow,311
13,-1242007014_CO,TSS,Outflow,311
531,-1242007014_CO,TSS,Outflow,312
47,-1242007014_CO,TSS,Outflow,312
26,-1242007014_CO,TSS,Outflow,312
6,-1242007014_CO,TSS,Outflow,312
22,-1242007014_CO,TSS,Outflow,312
13,-1242007014_CO,TSS,Outflow,313
27,-1242007014_CO,TSS,Outflow,313
20,-1242007014_CO,TSS,Outflow,313
25,-1242007014_CO,TSS,Outflow,313
23,-1242007014_CO,TSS,Outflow,313
5,-1242007014_CO,TSS,Outflow,314
6,-1242007014_CO,TSS,Outflow,314
9,-1242007014_CO,TSS,Outflow,314
25,-1242007014_CO,TSS,Outflow,314
110,-1242007014_CO,TSS,Outflow,314
26,-1242007014_CO,TSS,Outflow,315
22,-1242007014_CO,TSS,Outflow,315
9,-1242007014_CO,TSS,Outflow,315
47,-1242007014_CO,TSS,Outflow,315
19,-1242007014_CO,TSS,Outflow,315
27,-1242007014_CO,TSS,Outflow,316
22,-1242007014_CO,TSS,Outflow,316
9,-1242007014_CO,TSS,Outflow,316
110,-1242007014_CO,TSS,Outflow,316
25,-1242007014_CO,TSS,Outflow,316
19,-1242007014_CO,TSS,Outflow,317
47,-1242007014_CO,TSS,Outflow,317
27,-1242007014_CO,TSS,Outflow,317
23,-1242007014_CO,TSS,Outflow,317
531,-1242007014_CO,TSS,Outflow,317
9,-1242007014_CO,TSS,Outflow,318
110,-1242007014_CO,TSS,Outflow,318
13,-1242007014_CO,TSS,Outflow,318
531,-1242007014_CO,TSS,Outflow,318
27,-1242007014_CO,TSS,Outflow,318
27,-1242007014_CO,TSS,Outflow,319
23,-1242007014_CO,TSS,Outflow,319
47,-1242007014_CO,TSS,Outflow,319
26,-1242007014_CO,TSS,Outflow,319
27,-1242007014_CO,TSS,Outflow,319
13,-1242007014_CO,TSS,Outflow,320
47,-1242007014_CO,TSS,Outflow,320
5,-1242007014_CO,TSS,Outflow,320
13,-1242007014_CO,TSS,Outflow,320
27,-1242007014_CO,TSS,Outflow,320
47,-1242007014_CO,TSS,Outflow,321
13,-1242007014_CO,TSS,Outflow,321
25,-1242007014_CO,TSS,Outflow,321
23,-1242007014_CO,TSS,Outflow,321
27,-1242007014_CO,TSS,Outflow,321
27,-1242007014_CO,TSS,Outflow,322
12,-1242007014_CO,TSS,Outflow,322
19,-1242007014_CO,TSS,Outflow,322
23,-1242007014_CO,TSS,Outflow,322
13,-1242007014_CO,TSS,Outflow,322
531,-1242007014_CO,TSS,Outflow,323
23,-1242007014_CO,TSS,Outflow,323
5,-1242007014_CO,TSS,Outflow,323
6,-1242007014_CO,TSS,Outflow,323
12,-1242007014_CO,TSS,Outflow,323
9,-1242007014_CO,TSS,Outflow,324
531,-1242007014_CO,TSS,Outflow,324
12,-1242007014_CO,TSS,Outflow,324
47,-1242007014_CO,TSS,Outflow,324
6,-1242007014_CO,TSS,Outflow,324
26,-1242007014_CO,TSS,Outflow,325
25,-1242007014_CO,TSS,Outflow,325
19,-1242007014_CO,TSS,Outflow,325
110,-1242007014_CO,TSS,Outflow,325
13,-1242007014_CO,TSS,Outflow,325
25,-1242007014_CO,TSS,Outflow,326
13,-1242007014_CO,TSS,Outflow,326
6,-1242007014_CO,TSS,Outflow,326
20,-1242007014_CO,TSS,Outflow,326
27,-1242007014_CO,TSS,Outflow,326
13,-1242007014_CO,TSS,Outflow,327
22,-1242007014_CO,TSS,Outflow,327
6,-1242007014_CO,TSS,Outflow,327
19,-1242007014_CO,TSS,Outflow,327
13,-1242007014_CO,TSS,Outflow,327
13,-1242007014_CO,TSS,Outflow,328
26,-1242007014_CO,TSS,Outflow,328
12,-1242007014_CO,TSS,Outflow,328
5,-1242007014_CO,TSS,Outflow,328
22,-1242007014_CO,TSS,Outflow,328
5,-1242007014_CO,TSS,Outflow,329
19,-1242007014_CO,TSS,Outflow,329
13,-1242007014_CO,TSS,Outflow,329
20,-1242007014_CO,TSS,Outflow,329
26,-1242007014_CO,TSS,Outflow,329
110,-1242007014_CO,TSS,Outflow,330
27,-1242007014_CO,TSS,Outflow,330
6,-1242007014_CO,TSS,Outflow,330
20,-1242007014_CO,TSS,Outflow,330
13,-1242007014_CO,TSS,Outflow,330
110,-1242007014_CO,TSS,Outflow,331
13,-1242007014_CO,TSS,Outflow,331
20,-1242007014_CO,TSS,Outflow,331
12,-1242007014_CO,TSS,Outflow,331
19,-1242007014_CO,TSS,Outflow,331
23,-1242007014_CO,TSS,Outflow,332
25,-1242007014_CO,TSS,Outflow,332
47,-1242007014_CO,TSS,Outflow,332
19,-1242007014_CO,TSS,Outflow,332
27,-1242007014_CO,TSS,Outflow,332
27,-1242007014_CO,TSS,Outflow,333
110,-1242007014_CO,TSS,Outflow,333
23,-1242007014_CO,TSS,Outflow,333
9,-1242007014_CO,TSS,Outflow,333
25,-1242007014_CO,TSS,Outflow,333
12,-1242007014_CO,TSS,Outflow,334
9,-1242007014_CO,TSS,Outflow,334
19,-1242007014_CO,TSS,Outflow,334
25,-1242007014_CO,TSS,Outflow,334
13,-1242007014_CO,TSS,Outflow,334
12,-1242007014_CO,TSS,Outflow,335
5,-1242007014_CO,TSS,Outflow,335
20,-1242007014_CO,TSS,Outflow,335
6,-1242007014_CO,TSS,Outflow,335
13,-1242007014_CO,TSS,Outflow,335
5,-1242007014_CO,TSS,Outflow,336
19,-1242007014_CO,TSS,Outflow,336
6,-1242007014_CO,TSS,Outflow,336
23,-1242007014_CO,TSS,Outflow,336
20,-1242007014_CO,TSS,Outflow,336
6,-1242007014_CO,TSS,Outflow,337
531,-1242007014_CO,TSS,Outflow,337
26,-1242007014_CO,TSS,Outflow,337
9,-1242007014_CO,TSS,Outflow,337
13,-1242007014_CO,TSS,Outflow,337
23,-1242007014_CO,TSS,Outflow,338
20,-1242007014_CO,TSS,Outflow,338
12,-1242007014_CO,TSS,Outflow,338
47,-1242007014_CO,TSS,Outflow,338
13,-1242007014_CO,TSS,Outflow,338
13,-1242007014_CO,TSS,Outflow,339
27,-1242007014_CO,TSS,Outflow,339
26,-1242007014_CO,TSS,Outflow,339
9,-1242007014_CO,TSS,Outflow,339
19,-1242007014_CO,TSS,Outflow,339
22,-1242007014_CO,TSS,Outflow,340
9,-1242007014_CO,TSS,Outflow,340
26,-1242007014_CO,TSS,Outflow,340
27,-1242007014_CO,TSS,Outflow,340
12,-1242007014_CO,TSS,Outflow,340
47,-1242007014_CO,TSS,Outflow,341
5,-1242007014_CO,TSS,Outflow,341
19,-1242007014_CO,TSS,Outflow,341
13,-1242007014_CO,TSS,Outflow,341
23,-1242007014_CO,TSS,Outflow,341
47,-1242007014_CO,TSS,Outflow,342
20,-1242007014_CO,TSS,Outflow,342
9,-1242007014_CO,TSS,Outflow,342
23,-1242007014_CO,TSS,Outflow,342
13,-1242007014_CO,TSS,Outflow,342
6,-1242007014_CO,TSS,Outflow,343
19,-1242007014_CO,TSS,Outflow,343
27,-1242007014_CO,TSS,Outflow,343
27,-1242007014_CO,TSS,Outflow,343
25,-1242007014_CO,TSS,Outflow,343
25,-1242007014_CO,TSS,Outflow,344
12,-1242007014_CO,TSS,Outflow,344
9,-1242007014_CO,TSS,Outflow,344
20,-1242007014_CO,TSS,Outflow,344
26,-1242007014_CO,TSS,Outflow,344
25,-1242007014_CO,TSS,Outflow,345
531,-1242007014_CO,TSS,Outflow,345
27,-1242007014_CO,TSS,Outflow,345
47,-1242007014_CO,TSS,Outflow,345
19,-1242007014_CO,TSS,Outflow,345
27,-1242007014_CO,TSS,Outflow,346
531,-1242007014_CO,TSS,Outflow,346
47,-1242007014_CO,TSS,Outflow,346
13,-1242007014_CO,TSS,Outflow,346
25,-1242007014_CO,TSS,Outflow,346
47,-1242007014_CO,TSS,Outflow,347
531,-1242007014_CO,TSS,Outflow,347
13,-1242007014_CO,TSS,Outflow,347
27,-1242007014_CO,TSS,Outflow,347
20,-1242007014_CO,TSS,Outflow,347
531,-1242007014_CO,TSS,Outflow,348
110,-1242007014_CO,TSS,Outflow,348
9,-1242007014_CO,TSS,Outflow,348
27,-1242007014_CO,TSS,Outflow,348
20,-1242007014_CO,TSS,Outflow,348
20,-1242007014_CO,TSS,Outflow,349
9,-1242007014_CO,TSS,Outflow,349
531,-1242007014_CO,TSS,Outflow,349
27,-1242007014_CO,TSS,Outflow,349
23,-1242007014_CO,TSS,Outflow,349
26,-1242007014_CO,TSS,Outflow,350
531,-1242007014_CO,TSS,Outflow,350
27,-1242007014_CO,TSS,Outflow,350
6,-1242007014_CO,TSS,Outflow,350
12,-1242007014_CO,TSS,Outflow,350
20,-1242007014_CO,TSS,Outflow,351
23,-1242007014_CO,TSS,Outflow,351
110,-1242007014_CO,TSS,Outflow,351
47,-1242007014_CO,TSS,Outflow,351
27,-1242007014_CO,TSS,Outflow,351
12,-1242007014_CO,TSS,Outflow,352
531,-1242007014_CO,TSS,Outflow,352
13,-1242007014_CO,TSS,Outflow,352
19,-1242007014_CO,TSS,Outflow,352
9,-1242007014_CO,TSS,Outflow,352
5,-1242007014_CO,TSS,Outflow,353
110,-1242007014_CO,TSS,Outflow,353
23,-1242007014_CO,TSS,Outflow,353
47,-1242007014_CO,TSS,Outflow,353
27,-1242007014_CO,TSS,Outflow,353
13,-1242007014_CO,TSS,Outflow,354
110,-1242007014_CO,TSS,Outflow,354
26,-1242007014_CO,TSS,Outflow,354
12,-1242007014_CO,TSS,Outflow,354
6,-1242007014_CO,TSS,Outflow,354
19,-1242007014_CO,TSS,Outflow,355
12,-1242007014_CO,TSS,Outflow,355
23,-1242007014_CO,TSS,Outflow,355
13,-1242007014_CO,TSS,Outflow,355
9,-1242007014_CO,TSS,Outflow,355
27,-1242007014_CO,TSS,Outflow,356
110,-1242007014_CO,TSS,Outflow,356
20,-1242007014_CO,TSS,Outflow,356
47,-1242007014_CO,TSS,Outflow,356
25,-1242007014_CO,TSS,Outflow,356
13,-1242007014_CO,TSS,Outflow,357
47,-1242007014_CO,TSS,Outflow,357
23,-1242007014_CO,TSS,Outflow,357
25,-1242007014_CO,TSS,Outflow,357
13,-1242007014_CO,TSS,Outflow,357
22,-1242007014_CO,TSS,Outflow,358
6,-1242007014_CO,TSS,Outflow,358
20,-1242007014_CO,TSS,Outflow,358
25,-1242007014_CO,TSS,Outflow,358
12,-1242007014_CO,TSS,Outflow,358
25,-1242007014_CO,TSS,Outflow,359
6,-1242007014_CO,TSS,Outflow,359
47,-1242007014_CO,TSS,Outflow,359
13,-1242007014_CO,TSS,Outflow,359
19,-1242007014_CO,TSS,Outflow,359
13,-1242007014_CO,TSS,Outflow,360
20,-1242007014_CO,TSS,Outflow,360
23,-1242007014_CO,TSS,Outflow,360
19,-1242007014_CO,TSS,Outflow,360
9,-1242007014_CO,TSS,Outflow,360
12,-1242007014_CO,TSS,Outflow,361
26,-1242007014_CO,TSS,Outflow,361
9,-1242007014_CO,TSS,Outflow,361
25,-1242007014_CO,TSS,Outflow,361
23,-1242007014_CO,TSS,Outflow,361
9,-1242007014_CO,TSS,Outflow,362
20,-1242007014_CO,TSS,Outflow,362
12,-1242007014_CO,TSS,Outflow,362
6,-1242007014_CO,TSS,Outflow,362
110,-1242007014_CO,TSS,Outflow,362
13,-1242007014_CO,TSS,Outflow,363
19,-1242007014_CO,TSS,Outflow,363
9,-1242007014_CO,TSS,Outflow,363
531,-1242007014_CO,TSS,Outflow,363
12,-1242007014_CO,TSS,Outflow,363
26,-1242007014_CO,TSS,Outflow,364
25,-1242007014_CO,TSS,Outflow,364
27,-1242007014_CO,TSS,Outflow,364
531,-1242007014_CO,TSS,Outflow,364
27,-1242007014_CO,TSS,Outflow,364
23,-1242007014_CO,TSS,Outflow,365
531,-1242007014_CO,TSS,Outflow,365
26,-1242007014_CO,TSS,Outflow,365
13,-1242007014_CO,TSS,Outflow,365
5,-1242007014_CO,TSS,Outflow,365
6,-1242007014_CO,TSS,Outflow,366
12,-1242007014_CO,TSS,Outflow,366
27,-1242007014_CO,TSS,Outflow,366
531,-1242007014_CO,TSS,Outflow,366
13,-1242007014_CO,TSS,Outflow,366
5,-1242007014_CO,TSS,Outflow,367
110,-1242007014_CO,TSS,Outflow,367
26,-1242007014_CO,TSS,Outflow,367
25,-1242007014_CO,TSS,Outflow,367
531,-1242007014_CO,TSS,Outflow,367
23,-1242007014_CO,TSS,Outflow,368
47,-1242007014_CO,TSS,Outflow,368
19,-1242007014_CO,TSS,Outflow,368
110,-1242007014_CO,TSS,Outflow,368
20,-1242007014_CO,TSS,Outflow,368
20,-1242007014_CO,TSS,Outflow,369
110,-1242007014_CO,TSS,Outflow,369
22,-1242007014_CO,TSS,Outflow,369
27,-1242007014_CO,TSS,Outflow,369
26,-1242007014_CO,TSS,Outflow,369
9,-1242007014_CO,TSS,Outflow,370
110,-1242007014_CO,TSS,Outflow,370
27,-1242007014_CO,TSS,Outflow,370
5,-1242007014_CO,TSS,Outflow,370
20,-1242007014_CO,TSS,Outflow,370
27,-1242007014_CO,TSS,Outflow,371
22,-1242007014_CO,TSS,Outflow,371
531,-1242007014_CO,TSS,Outflow,371
47,-1242007014_CO,TSS,Outflow,371
9,-1242007014_CO,TSS,Outflow,371
47,-1242007014_CO,TSS,Outflow,372
12,-1242007014_CO,TSS,Outflow,372
9,-1242007014_CO,TSS,Outflow,372
26,-1242007014_CO,TSS,Outflow,372
13,-1242007014_CO,TSS,Outflow,372
531,-1242007014_CO,TSS,Outflow,373
110,-1242007014_CO,TSS,Outflow,373
25,-1242007014_CO,TSS,Outflow,373
27,-1242007014_CO,TSS,Outflow,373
47,-1242007014_CO,TSS,Outflow,373
25,-1242007014_CO,TSS,Outflow,374
110,-1242007014_CO,TSS,Outflow,374
26,-1242007014_CO,TSS,Outflow,374
6,-1242007014_CO,TSS,Outflow,374
13,-1242007014_CO,TSS,Outflow,374
27,-1242007014_CO,TSS,Outflow,375
20,-1242007014_CO,TSS,Outflow,375
25,-1242007014_CO,TSS,Outflow,375
13,-1242007014_CO,TSS,Outflow,375
12,-1242007014_CO,TSS,Outflow,375
9,-1242007014_CO,TSS,Outflow,376
23,-1242007014_CO,TSS,Outflow,376
25,-1242007014_CO,TSS,Outflow,376
13,-1242007014_CO,TSS,Outflow,376
110,-1242007014_CO,TSS,Outflow,376
6,-1242007014_CO,TSS,Outflow,377
47,-1242007014_CO,TSS,Outflow,377
26,-1242007014_CO,TSS,Outflow,377
20,-1242007014_CO,TSS,Outflow,377
531,-1242007014_CO,TSS,Outflow,377
13,-1242007014_CO,TSS,Outflow,378
5,-1242007014_CO,TSS,Outflow,378
12,-1242007014_CO,TSS,Outflow,378
9,-1242007014_CO,TSS,Outflow,378
13,-1242007014_CO,TSS,Outflow,378
13,-1242007014_CO,TSS,Outflow,379
47,-1242007014_CO,TSS,Outflow,379
23,-1242007014_CO,TSS,Outflow,379
13,-1242007014_CO,TSS,Outflow,379
27,-1242007014_CO,TSS,Outflow,379
6,-1242007014_CO,TSS,Outflow,380
47,-1242007014_CO,TSS,Outflow,380
5,-1242007014_CO,TSS,Outflow,380
19,-1242007014_CO,TSS,Outflow,380
13,-1242007014_CO,TSS,Outflow,380
47,-1242007014_CO,TSS,Outflow,381
25,-1242007014_CO,TSS,Outflow,381
5,-1242007014_CO,TSS,Outflow,381
19,-1242007014_CO,TSS,Outflow,381
27,-1242007014_CO,TSS,Outflow,381
27,-1242007014_CO,TSS,Outflow,382
9,-1242007014_CO,TSS,Outflow,382
25,-1242007014_CO,TSS,Outflow,382
19,-1242007014_CO,TSS,Outflow,382
47,-1242007014_CO,TSS,Outflow,382
19,-1242007014_CO,TSS,Outflow,383
13,-1242007014_CO,TSS,Outflow,383
12,-1242007014_CO,TSS,Outflow,383
25,-1242007014_CO,TSS,Outflow,383
23,-1242007014_CO,TSS,Outflow,383
22,-1242007014_CO,TSS,Outflow,384
9,-1242007014_CO,TSS,Outflow,384
47,-1242007014_CO,TSS,Outflow,384
27,-1242007014_CO,TSS,Outflow,384
19,-1242007014_CO,TSS,Outflow,384
20,-1242007014_CO,TSS,Outflow,385
110,-1242007014_CO,TSS,Outflow,385
26,-1242007014_CO,TSS,Outflow,385
9,-1242007014_CO,TSS,Outflow,385
13,-1242007014_CO,TSS,Outflow,385
27,-1242007014_CO,TSS,Outflow,386
6,-1242007014_CO,TSS,Outflow,386
13,-1242007014_CO,TSS,Outflow,386
19,-1242007014_CO,TSS,Outflow,386
110,-1242007014_CO,TSS,Outflow,386
23,-1242007014_CO,TSS,Outflow,387
47,-1242007014_CO,TSS,Outflow,387
13,-1242007014_CO,TSS,Outflow,387
6,-1242007014_CO,TSS,Outflow,387
20,-1242007014_CO,TSS,Outflow,387
47,-1242007014_CO,TSS,Outflow,388
26,-1242007014_CO,TSS,Outflow,388
23,-1242007014_CO,TSS,Outflow,388
25,-1242007014_CO,TSS,Outflow,388
13,-1242007014_CO,TSS,Outflow,388
22,-1242007014_CO,TSS,Outflow,389
26,-1242007014_CO,TSS,Outflow,389
20,-1242007014_CO,TSS,Outflow,389
531,-1242007014_CO,TSS,Outflow,389
12,-1242007014_CO,TSS,Outflow,389
5,-1242007014_CO,TSS,Outflow,390
531,-1242007014_CO,TSS,Outflow,390
9,-1242007014_CO,TSS,Outflow,390
47,-1242007014_CO,TSS,Outflow,390
12,-1242007014_CO,TSS,Outflow,390
13,-1242007014_CO,TSS,Outflow,391
5,-1242007014_CO,TSS,Outflow,391
27,-1242007014_CO,TSS,Outflow,391
13,-1242007014_CO,TSS,Outflow,391
531,-1242007014_CO,TSS,Outflow,391
6,-1242007014_CO,TSS,Outflow,392
26,-1242007014_CO,TSS,Outflow,392
12,-1242007014_CO,TSS,Outflow,392
531,-1242007014_CO,TSS,Outflow,392
9,-1242007014_CO,TSS,Outflow,392
5,-1242007014_CO,TSS,Outflow,393
531,-1242007014_CO,TSS,Outflow,393
6,-1242007014_CO,TSS,Outflow,393
27,-1242007014_CO,TSS,Outflow,393
22,-1242007014_CO,TSS,Outflow,393
19,-1242007014_CO,TSS,Outflow,394
25,-1242007014_CO,TSS,Outflow,394
110,-1242007014_CO,TSS,Outflow,394
9,-1242007014_CO,TSS,Outflow,394
20,-1242007014_CO,TSS,Outflow,394
19,-1242007014_CO,TSS,Outflow,395
9,-1242007014_CO,TSS,Outflow,395
23,-1242007014_CO,TSS,Outflow,395
5,-1242007014_CO,TSS,Outflow,395
27,-1242007014_CO,TSS,Outflow,395
25,-1242007014_CO,TSS,Outflow,396
13,-1242007014_CO,TSS,Outflow,396
13,-1242007014_CO,TSS,Outflow,396
27,-1242007014_CO,TSS,Outflow,396
27,-1242007014_CO,TSS,Outflow,396
25,-1242007014_CO,TSS,Outflow,397
26,-1242007014_CO,TSS,Outflow,397
9,-1242007014_CO,TSS,Outflow,397
531,-1242007014_CO,TSS,Outflow,397
13,-1242007014_CO,TSS,Outflow,397
5,-1242007014_CO,TSS,Outflow,398
6,-1242007014_CO,TSS,Outflow,398
110,-1242007014_CO,TSS,Outflow,398
47,-1242007014_CO,TSS,Outflow,398
9,-1242007014_CO,TSS,Outflow,398
22,-1242007014_CO,TSS,Outflow,399
27,-1242007014_CO,TSS,Outflow,399
26,-1242007014_CO,TSS,Outflow,399
531,-1242007014_CO,TSS,Outflow,399
20,-1242007014_CO,TSS,Outflow,399
5,-1242007014_CO,TSS,Outflow,400
27,-1242007014_CO,TSS,Outflow,400
23,-1242007014_CO,TSS,Outflow,400
26,-1242007014_CO,TSS,Outflow,400
13,-1242007014_CO,TSS,Outflow,400
9,-1242007014_CO,TSS,Outflow,401
110,-1242007014_CO,TSS,Outflow,401
19,-1242007014_CO,TSS,Outflow,401
27,-1242007014_CO,TSS,Outflow,401
26,-1242007014_CO,TSS,Outflow,401
19,-1242007014_CO,TSS,Outflow,402
26,-1242007014_CO,TSS,Outflow,402
22,-1242007014_CO,TSS,Outflow,402
13,-1242007014_CO,TSS,Outflow,402
25,-1242007014_CO,TSS,Outflow,402
22,-1242007014_CO,TSS,Outflow,403
13,-1242007014_CO,TSS,Outflow,403
12,-1242007014_CO,TSS,Outflow,403
6,-1242007014_CO,TSS,Outflow,403
27,-1242007014_CO,TSS,Outflow,403
13,-1242007014_CO,TSS,Outflow,404
23,-1242007014_CO,TSS,Outflow,404
27,-1242007014_CO,TSS,Outflow,404
110,-1242007014_CO,TSS,Outflow,404
531,-1242007014_CO,TSS,Outflow,404
13,-1242007014_CO,TSS,Outflow,405
26,-1242007014_CO,TSS,Outflow,405
110,-1242007014_CO,TSS,Outflow,405
27,-1242007014_CO,TSS,Outflow,405
531,-1242007014_CO,TSS,Outflow,405
26,-1242007014_CO,TSS,Outflow,406
27,-1242007014_CO,TSS,Outflow,406
531,-1242007014_CO,TSS,Outflow,406
23,-1242007014_CO,TSS,Outflow,406
13,-1242007014_CO,TSS,Outflow,406
47,-1242007014_CO,TSS,Outflow,407
13,-1242007014_CO,TSS,Outflow,407
25,-1242007014_CO,TSS,Outflow,407
9,-1242007014_CO,TSS,Outflow,407
12,-1242007014_CO,TSS,Outflow,407
6,-1242007014_CO,TSS,Outflow,408
12,-1242007014_CO,TSS,Outflow,408
20,-1242007014_CO,TSS,Outflow,408
9,-1242007014_CO,TSS,Outflow,408
13,-1242007014_CO,TSS,Outflow,408
6,-1242007014_CO,TSS,Outflow,409
9,-1242007014_CO,TSS,Outflow,409
110,-1242007014_CO,TSS,Outflow,409
12,-1242007014_CO,TSS,Outflow,409
531,-1242007014_CO,TSS,Outflow,409
22,-1242007014_CO,TSS,Outflow,410
27,-1242007014_CO,TSS,Outflow,410
23,-1242007014_CO,TSS,Outflow,410
12,-1242007014_CO,TSS,Outflow,410
25,-1242007014_CO,TSS,Outflow,410
19,-1242007014_CO,TSS,Outflow,411
12,-1242007014_CO,TSS,Outflow,411
5,-1242007014_CO,TSS,Outflow,411
9,-1242007014_CO,TSS,Outflow,411
531,-1242007014_CO,TSS,Outflow,411
6,-1242007014_CO,TSS,Outflow,412
9,-1242007014_CO,TSS,Outflow,412
23,-1242007014_CO,TSS,Outflow,412
22,-1242007014_CO,TSS,Outflow,412
20,-1242007014_CO,TSS,Outflow,412
531,-1242007014_CO,TSS,Outflow,413
5,-1242007014_CO,TSS,Outflow,413
19,-1242007014_CO,TSS,Outflow,413
23,-1242007014_CO,TSS,Outflow,413
47,-1242007014_CO,TSS,Outflow,413
110,-1242007014_CO,TSS,Outflow,414
9,-1242007014_CO,TSS,Outflow,414
12,-1242007014_CO,TSS,Outflow,414
13,-1242007014_CO,TSS,Outflow,414
6,-1242007014_CO,TSS,Outflow,414
23,-1242007014_CO,TSS,Outflow,415
27,-1242007014_CO,TSS,Outflow,415
9,-1242007014_CO,TSS,Outflow,415
20,-1242007014_CO,TSS,Outflow,415
22,-1242007014_CO,TSS,Outflow,415
13,-1242007014_CO,TSS,Outflow,416
19,-1242007014_CO,TSS,Outflow,416
12,-1242007014_CO,TSS,Outflow,416
26,-1242007014_CO,TSS,Outflow,416
531,-1242007014_CO,TSS,Outflow,416
9,-1242007014_CO,TSS,Outflow,417
19,-1242007014_CO,TSS,Outflow,417
26,-1242007014_CO,TSS,Outflow,417
6,-1242007014_CO,TSS,Outflow,417
110,-1242007014_CO,TSS,Outflow,417
6,-1242007014_CO,TSS,Outflow,418
110,-1242007014_CO,TSS,Outflow,418
27,-1242007014_CO,TSS,Outflow,418
13,-1242007014_CO,TSS,Outflow,418
5,-1242007014_CO,TSS,Outflow,418
47,-1242007014_CO,TSS,Outflow,419
5,-1242007014_CO,TSS,Outflow,419
23,-1242007014_CO,TSS,Outflow,419
9,-1242007014_CO,TSS,Outflow,419
12,-1242007014_CO,TSS,Outflow,419
27,-1242007014_CO,TSS,Outflow,420
25,-1242007014_CO,TSS,Outflow,420
9,-1242007014_CO,TSS,Outflow,420
5,-1242007014_CO,TSS,Outflow,420
19,-1242007014_CO,TSS,Outflow,420
23,-1242007014_CO,TSS,Outflow,421
531,-1242007014_CO,TSS,Outflow,421
20,-1242007014_CO,TSS,Outflow,421
47,-1242007014_CO,TSS,Outflow,421
25,-1242007014_CO,TSS,Outflow,421
26,-1242007014_CO,TSS,Outflow,422
25,-1242007014_CO,TSS,Outflow,422
20,-1242007014_CO,TSS,Outflow,422
12,-1242007014_CO,TSS,Outflow,422
27,-1242007014_CO,TSS,Outflow,422
9,-1242007014_CO,TSS,Outflow,423
27,-1242007014_CO,TSS,Outflow,423
13,-1242007014_CO,TSS,Outflow,423
26,-1242007014_CO,TSS,Outflow,423
6,-1242007014_CO,TSS,Outflow,423
9,-1242007014_CO,TSS,Outflow,424
23,-1242007014_CO,TSS,Outflow,424
110,-1242007014_CO,TSS,Outflow,424
22,-1242007014_CO,TSS,Outflow,424
47,-1242007014_CO,TSS,Outflow,424
22,-1242007014_CO,TSS,Outflow,425
23,-1242007014_CO,TSS,Outflow,425
47,-1242007014_CO,TSS,Outflow,425
27,-1242007014_CO,TSS,Outflow,425
19,-1242007014_CO,TSS,Outflow,425
19,-1242007014_CO,TSS,Outflow,426
12,-1242007014_CO,TSS,Outflow,426
22,-1242007014_CO,TSS,Outflow,426
13,-1242007014_CO,TSS,Outflow,426
5,-1242007014_CO,TSS,Outflow,426
13,-1242007014_CO,TSS,Outflow,427
25,-1242007014_CO,TSS,Outflow,427
19,-1242007014_CO,TSS,Outflow,427
27,-1242007014_CO,TSS,Outflow,427
26,-1242007014_CO,TSS,Outflow,427
27,-1242007014_CO,TSS,Outflow,428
22,-1242007014_CO,TSS,Outflow,428
23,-1242007014_CO,TSS,Outflow,428
27,-1242007014_CO,TSS,Outflow,428
26,-1242007014_CO,TSS,Outflow,428
25,-1242007014_CO,TSS,Outflow,429
12,-1242007014_CO,TSS,Outflow,429
26,-1242007014_CO,TSS,Outflow,429
110,-1242007014_CO,TSS,Outflow,429
531,-1242007014_CO,TSS,Outflow,429
110,-1242007014_CO,TSS,Outflow,430
23,-1242007014_CO,TSS,Outflow,430
22,-1242007014_CO,TSS,Outflow,430
531,-1242007014_CO,TSS,Outflow,430
6,-1242007014_CO,TSS,Outflow,430
6,-1242007014_CO,TSS,Outflow,431
23,-1242007014_CO,TSS,Outflow,431
19,-1242007014_CO,TSS,Outflow,431
27,-1242007014_CO,TSS,Outflow,431
22,-1242007014_CO,TSS,Outflow,431
110,-1242007014_CO,TSS,Outflow,432
27,-1242007014_CO,TSS,Outflow,432
25,-1242007014_CO,TSS,Outflow,432
6,-1242007014_CO,TSS,Outflow,432
47,-1242007014_CO,TSS,Outflow,432
26,-1242007014_CO,TSS,Outflow,433
27,-1242007014_CO,TSS,Outflow,433
47,-1242007014_CO,TSS,Outflow,433
19,-1242007014_CO,TSS,Outflow,433
13,-1242007014_CO,TSS,Outflow,433
531,-1242007014_CO,TSS,Outflow,434
25,-1242007014_CO,TSS,Outflow,434
110,-1242007014_CO,TSS,Outflow,434
19,-1242007014_CO,TSS,Outflow,434
22,-1242007014_CO,TSS,Outflow,434
19,-1242007014_CO,TSS,Outflow,435
5,-1242007014_CO,TSS,Outflow,435
531,-1242007014_CO,TSS,Outflow,435
27,-1242007014_CO,TSS,Outflow,435
13,-1242007014_CO,TSS,Outflow,435
19,-1242007014_CO,TSS,Outflow,436
27,-1242007014_CO,TSS,Outflow,436
12,-1242007014_CO,TSS,Outflow,436
9,-1242007014_CO,TSS,Outflow,436
23,-1242007014_CO,TSS,Outflow,436
5,-1242007014_CO,TSS,Outflow,437
9,-1242007014_CO,TSS,Outflow,437
12,-1242007014_CO,TSS,Outflow,437
23,-1242007014_CO,TSS,Outflow,437
19,-1242007014_CO,TSS,Outflow,437
26,-1242007014_CO,TSS,Outflow,438
5,-1242007014_CO,TSS,Outflow,438
20,-1242007014_CO,TSS,Outflow,438
110,-1242007014_CO,TSS,Outflow,438
9,-1242007014_CO,TSS,Outflow,438
20,-1242007014_CO,TSS,Outflow,439
6,-1242007014_CO,TSS,Outflow,439
9,-1242007014_CO,TSS,Outflow,439
110,-1242007014_CO,TSS,Outflow,439
25,-1242007014_CO,TSS,Outflow,439
13,-1242007014_CO,TSS,Outflow,440
531,-1242007014_CO,TSS,Outflow,440
20,-1242007014_CO,TSS,Outflow,440
12,-1242007014_CO,TSS,Outflow,440
27,-1242007014_CO,TSS,Outflow,440
110,-1242007014_CO,TSS,Outflow,441
531,-1242007014_CO,TSS,Outflow,441
13,-1242007014_CO,TSS,Outflow,441
19,-1242007014_CO,TSS,Outflow,441
23,-1242007014_CO,TSS,Outflow,441
26,-1242007014_CO,TSS,Outflow,442
25,-1242007014_CO,TSS,Outflow,442
20,-1242007014_CO,TSS,Outflow,442
5,-1242007014_CO,TSS,Outflow,442
27,-1242007014_CO,TSS,Outflow,442
22,-1242007014_CO,TSS,Outflow,443
27,-1242007014_CO,TSS,Outflow,443
531,-1242007014_CO,TSS,Outflow,443
47,-1242007014_CO,TSS,Outflow,443
110,-1242007014_CO,TSS,Outflow,443
47,-1242007014_CO,TSS,Outflow,444
5,-1242007014_CO,TSS,Outflow,444
6,-1242007014_CO,TSS,Outflow,444
25,-1242007014_CO,TSS,Outflow,444
27,-1242007014_CO,TSS,Outflow,444
13,-1242007014_CO,TSS,Outflow,445
9,-1242007014_CO,TSS,Outflow,445
5,-1242007014_CO,TSS,Outflow,445
27,-1242007014_CO,TSS,Outflow,445
110,-1242007014_CO,TSS,Outflow,445
5,-1242007014_CO,TSS,Outflow,446
27,-1242007014_CO,TSS,Outflow,446
26,-1242007014_CO,TSS,Outflow,446
19,-1242007014_CO,TSS,Outflow,446
6,-1242007014_CO,TSS,Outflow,446
47,-1242007014_CO,TSS,Outflow,447
110,-1242007014_CO,TSS,Outflow,447
25,-1242007014_CO,TSS,Outflow,447
20,-1242007014_CO,TSS,Outflow,447
19,-1242007014_CO,TSS,Outflow,447
25,-1242007014_CO,TSS,Outflow,448
6,-1242007014_CO,TSS,Outflow,448
13,-1242007014_CO,TSS,Outflow,448
27,-1242007014_CO,TSS,Outflow,448
13,-1242007014_CO,TSS,Outflow,448
13,-1242007014_CO,TSS,Outflow,449
531,-1242007014_CO,TSS,Outflow,449
23,-1242007014_CO,TSS,Outflow,449
6,-1242007014_CO,TSS,Outflow,449
25,-1242007014_CO,TSS,Outflow,449
5,-1242007014_CO,TSS,Outflow,450
9,-1242007014_CO,TSS,Outflow,450
23,-1242007014_CO,TSS,Outflow,450
12,-1242007014_CO,TSS,Outflow,450
20,-1242007014_CO,TSS,Outflow,450
13,-1242007014_CO,TSS,Outflow,451
110,-1242007014_CO,TSS,Outflow,451
26,-1242007014_CO,TSS,Outflow,451
27,-1242007014_CO,TSS,Outflow,451
19,-1242007014_CO,TSS,Outflow,451
9,-1242007014_CO,TSS,Outflow,452
26,-1242007014_CO,TSS,Outflow,452
6,-1242007014_CO,TSS,Outflow,452
23,-1242007014_CO,TSS,Outflow,452
27,-1242007014_CO,TSS,Outflow,452
531,-1242007014_CO,TSS,Outflow,453
27,-1242007014_CO,TSS,Outflow,453
5,-1242007014_CO,TSS,Outflow,453
6,-1242007014_CO,TSS,Outflow,453
20,-1242007014_CO,TSS,Outflow,453
12,-1242007014_CO,TSS,Outflow,454
110,-1242007014_CO,TSS,Outflow,454
6,-1242007014_CO,TSS,Outflow,454
26,-1242007014_CO,TSS,Outflow,454
27,-1242007014_CO,TSS,Outflow,454
27,-1242007014_CO,TSS,Outflow,455
23,-1242007014_CO,TSS,Outflow,455
12,-1242007014_CO,TSS,Outflow,455
5,-1242007014_CO,TSS,Outflow,455
22,-1242007014_CO,TSS,Outflow,455
22,-1242007014_CO,TSS,Outflow,456
27,-1242007014_CO,TSS,Outflow,456
110,-1242007014_CO,TSS,Outflow,456
9,-1242007014_CO,TSS,Outflow,456
5,-1242007014_CO,TSS,Outflow,456
25,-1242007014_CO,TSS,Outflow,457
13,-1242007014_CO,TSS,Outflow,457
12,-1242007014_CO,TSS,Outflow,457
13,-1242007014_CO,TSS,Outflow,457
110,-1242007014_CO,TSS,Outflow,457
9,-1242007014_CO,TSS,Outflow,458
13,-1242007014_CO,TSS,Outflow,458
531,-1242007014_CO,TSS,Outflow,458
27,-1242007014_CO,TSS,Outflow,458
27,-1242007014_CO,TSS,Outflow,458
13,-1242007014_CO,TSS,Outflow,459
13,-1242007014_CO,TSS,Outflow,459
27,-1242007014_CO,TSS,Outflow,459
110,-1242007014_CO,TSS,Outflow,459
47,-1242007014_CO,TSS,Outflow,459
531,-1242007014_CO,TSS,Outflow,460
26,-1242007014_CO,TSS,Outflow,460
19,-1242007014_CO,TSS,Outflow,460
13,-1242007014_CO,TSS,Outflow,460
47,-1242007014_CO,TSS,Outflow,460
27,-1242007014_CO,TSS,Outflow,461
5,-1242007014_CO,TSS,Outflow,461
27,-1242007014_CO,TSS,Outflow,461
531,-1242007014_CO,TSS,Outflow,461
110,-1242007014_CO,TSS,Outflow,461
47,-1242007014_CO,TSS,Outflow,462
26,-1242007014_CO,TSS,Outflow,462
27,-1242007014_CO,TSS,Outflow,462
25,-1242007014_CO,TSS,Outflow,462
19,-1242007014_CO,TSS,Outflow,462
6,-1242007014_CO,TSS,Outflow,463
19,-1242007014_CO,TSS,Outflow,463
26,-1242007014_CO,TSS,Outflow,463
22,-1242007014_CO,TSS,Outflow,463
27,-1242007014_CO,TSS,Outflow,463
22,-1242007014_CO,TSS,Outflow,464
27,-1242007014_CO,TSS,Outflow,464
5,-1242007014_CO,TSS,Outflow,464
6,-1242007014_CO,TSS,Outflow,464
23,-1242007014_CO,TSS,Outflow,464
531,-1242007014_CO,TSS,Outflow,465
110,-1242007014_CO,TSS,Outflow,465
23,-1242007014_CO,TSS,Outflow,465
13,-1242007014_CO,TSS,Outflow,465
12,-1242007014_CO,TSS,Outflow,465
110,-1242007014_CO,TSS,Outflow,466
9,-1242007014_CO,TSS,Outflow,466
27,-1242007014_CO,TSS,Outflow,466
13,-1242007014_CO,TSS,Outflow,466
20,-1242007014_CO,TSS,Outflow,466
25,-1242007014_CO,TSS,Outflow,467
20,-1242007014_CO,TSS,Outflow,467
23,-1242007014_CO,TSS,Outflow,467
27,-1242007014_CO,TSS,Outflow,467
13,-1242007014_CO,TSS,Outflow,467
23,-1242007014_CO,TSS,Outflow,468
9,-1242007014_CO,TSS,Outflow,468
110,-1242007014_CO,TSS,Outflow,468
27,-1242007014_CO,TSS,Outflow,468
22,-1242007014_CO,TSS,Outflow,468
110,-1242007014_CO,TSS,Outflow,469
27,-1242007014_CO,TSS,Outflow,469
13,-1242007014_CO,TSS,Outflow,469
9,-1242007014_CO,TSS,Outflow,469
5,-1242007014_CO,TSS,Outflow,469
23,-1242007014_CO,TSS,Outflow,470
13,-1242007014_CO,TSS,Outflow,470
26,-1242007014_CO,TSS,Outflow,470
47,-1242007014_CO,TSS,Outflow,470
20,-1242007014_CO,TSS,Outflow,470
531,-1242007014_CO,TSS,Outflow,471
9,-1242007014_CO,TSS,Outflow,471
27,-1242007014_CO,TSS,Outflow,471
110,-1242007014_CO,TSS,Outflow,471
26,-1242007014_CO,TSS,Outflow,471
26,-1242007014_CO,TSS,Outflow,472
20,-1242007014_CO,TSS,Outflow,472
6,-1242007014_CO,TSS,Outflow,472
5,-1242007014_CO,TSS,Outflow,472
27,-1242007014_CO,TSS,Outflow,472
12,-1242007014_CO,TSS,Outflow,473
13,-1242007014_CO,TSS,Outflow,473
47,-1242007014_CO,TSS,Outflow,473
25,-1242007014_CO,TSS,Outflow,473
20,-1242007014_CO,TSS,Outflow,473
110,-1242007014_CO,TSS,Outflow,474
22,-1242007014_CO,TSS,Outflow,474
47,-1242007014_CO,TSS,Outflow,474
9,-1242007014_CO,TSS,Outflow,474
27,-1242007014_CO,TSS,Outflow,474
13,-1242007014_CO,TSS,Outflow,475
26,-1242007014_CO,TSS,Outflow,475
13,-1242007014_CO,TSS,Outflow,475
47,-1242007014_CO,TSS,Outflow,475
110,-1242007014_CO,TSS,Outflow,475
110,-1242007014_CO,TSS,Outflow,476
19,-1242007014_CO,TSS,Outflow,476
13,-1242007014_CO,TSS,Outflow,476
22,-1242007014_CO,TSS,Outflow,476
26,-1242007014_CO,TSS,Outflow,476
26,-1242007014_CO,TSS,Outflow,477
110,-1242007014_CO,TSS,Outflow,477
22,-1242007014_CO,TSS,Outflow,477
27,-1242007014_CO,TSS,Outflow,477
13,-1242007014_CO,TSS,Outflow,477
23,-1242007014_CO,TSS,Outflow,478
22,-1242007014_CO,TSS,Outflow,478
12,-1242007014_CO,TSS,Outflow,478
27,-1242007014_CO,TSS,Outflow,478
25,-1242007014_CO,TSS,Outflow,478
27,-1242007014_CO,TSS,Outflow,479
110,-1242007014_CO,TSS,Outflow,479
9,-1242007014_CO,TSS,Outflow,479
6,-1242007014_CO,TSS,Outflow,479
531,-1242007014_CO,TSS,Outflow,479
12,-1242007014_CO,TSS,Outflow,480
6,-1242007014_CO,TSS,Outflow,480
13,-1242007014_CO,TSS,Outflow,480
13,-1242007014_CO,TSS,Outflow,480
19,-1242007014_CO,TSS,Outflow,480
19,-1242007014_CO,TSS,Outflow,481
13,-1242007014_CO,TSS,Outflow,481
20,-1242007014_CO,TSS,Outflow,481
6,-1242007014_CO,TSS,Outflow,481
27,-1242007014_CO,TSS,Outflow,481
13,-1242007014_CO,TSS,Outflow,482
20,-1242007014_CO,TSS,Outflow,482
12,-1242007014_CO,TSS,Outflow,482
5,-1242007014_CO,TSS,Outflow,482
9,-1242007014_CO,TSS,Outflow,482
110,-1242007014_CO,TSS,Outflow,483
12,-1242007014_CO,TSS,Outflow,483
47,-1242007014_CO,TSS,Outflow,483
9,-1242007014_CO,TSS,Outflow,483
531,-1242007014_CO,TSS,Outflow,483
20,-1242007014_CO,TSS,Outflow,484
6,-1242007014_CO,TSS,Outflow,484
27,-1242007014_CO,TSS,Outflow,484
110,-1242007014_CO,TSS,Outflow,484
27,-1242007014_CO,TSS,Outflow,484
5,-1242007014_CO,TSS,Outflow,485
25,-1242007014_CO,TSS,Outflow,485
27,-1242007014_CO,TSS,Outflow,485
531,-1242007014_CO,TSS,Outflow,485
12,-1242007014_CO,TSS,Outflow,485
27,-1242007014_CO,TSS,Outflow,486
22,-1242007014_CO,TSS,Outflow,486
13,-1242007014_CO,TSS,Outflow,486
47,-1242007014_CO,TSS,Outflow,486
12,-1242007014_CO,TSS,Outflow,486
22,-1242007014_CO,TSS,Outflow,487
12,-1242007014_CO,TSS,Outflow,487
531,-1242007014_CO,TSS,Outflow,487
19,-1242007014_CO,TSS,Outflow,487
27,-1242007014_CO,TSS,Outflow,487
6,-1242007014_CO,TSS,Outflow,488
20,-1242007014_CO,TSS,Outflow,488
13,-1242007014_CO,TSS,Outflow,488
25,-1242007014_CO,TSS,Outflow,488
26,-1242007014_CO,TSS,Outflow,488
6,-1242007014_CO,TSS,Outflow,489
9,-1242007014_CO,TSS,Outflow,489
47,-1242007014_CO,TSS,Outflow,489
110,-1242007014_CO,TSS,Outflow,489
26,-1242007014_CO,TSS,Outflow,489
110,-1242007014_CO,TSS,Outflow,490
47,-1242007014_CO,TSS,Outflow,490
22,-1242007014_CO,TSS,Outflow,490
27,-1242007014_CO,TSS,Outflow,490
26,-1242007014_CO,TSS,Outflow,490
13,-1242007014_CO,TSS,Outflow,491
25,-1242007014_CO,TSS,Outflow,491
6,-1242007014_CO,TSS,Outflow,491
13,-1242007014_CO,TSS,Outflow,491
23,-1242007014_CO,TSS,Outflow,491
12,-1242007014_CO,TSS,Outflow,492
26,-1242007014_CO,TSS,Outflow,492
13,-1242007014_CO,TSS,Outflow,492
5,-1242007014_CO,TSS,Outflow,492
23,-1242007014_CO,TSS,Outflow,492
110,-1242007014_CO,TSS,Outflow,493
27,-1242007014_CO,TSS,Outflow,493
12,-1242007014_CO,TSS,Outflow,493
22,-1242007014_CO,TSS,Outflow,493
5,-1242007014_CO,TSS,Outflow,493
13,-1242007014_CO,TSS,Outflow,494
19,-1242007014_CO,TSS,Outflow,494
23,-1242007014_CO,TSS,Outflow,494
5,-1242007014_CO,TSS,Outflow,494
27,-1242007014_CO,TSS,Outflow,494
13,-1242007014_CO,TSS,Outflow,495
27,-1242007014_CO,TSS,Outflow,495
5,-1242007014_CO,TSS,Outflow,495
47,-1242007014_CO,TSS,Outflow,495
23,-1242007014_CO,TSS,Outflow,495
6,-1242007014_CO,TSS,Outflow,496
27,-1242007014_CO,TSS,Outflow,496
9,-1242007014_CO,TSS,Outflow,496
19,-1242007014_CO,TSS,Outflow,496
5,-1242007014_CO,TSS,Outflow,496
12,-1242007014_CO,TSS,Outflow,497
531,-1242007014_CO,TSS,Outflow,497
22,-1242007014_CO,TSS,Outflow,497
110,-1242007014_CO,TSS,Outflow,497
26,-1242007014_CO,TSS,Outflow,497
6,-1242007014_CO,TSS,Outflow,498
25,-1242007014_CO,TSS,Outflow,498
12,-1242007014_CO,TSS,Outflow,498
531,-1242007014_CO,TSS,Outflow,498
47,-1242007014_CO,TSS,Outflow,498
13,-1242007014_CO,TSS,Outflow,499
47,-1242007014_CO,TSS,Outflow,499
23,-1242007014_CO,TSS,Outflow,499
27,-1242007014_CO,TSS,Outflow,499
26,-1242007014_CO,TSS,Outflow,499
23,-1242007014_CO,TSS,Outflow,500
20,-1242007014_CO,TSS,Outflow,500
22,-1242007014_CO,TSS,Outflow,500
9,-1242007014_CO,TSS,Outflow,500
27,-1242007014_CO,TSS,Outflow,500
