EMC,Location,Analyte,Flow,Run
12,-1242007014_CO,TSS,Outflow,1
6,-1242007014_CO,TSS,Outflow,1
27,-1242007014_CO,TSS,Outflow,1
27,-1242007014_CO,TSS,Outflow,1
13,-1242007014_CO,TSS,Outflow,1
110,-1242007014_CO,TSS,Outflow,2
12,-1242007014_CO,TSS,Outflow,2
531,-1242007014_CO,TSS,Outflow,2
25,-1242007014_CO,TSS,Outflow,2
22,-1242007014_CO,TSS,Outflow,2
23,-1242007014_CO,TSS,Outflow,3
13,-1242007014_CO,TSS,Outflow,3
47,-1242007014_CO,TSS,Outflow,3
110,-1242007014_CO,TSS,Outflow,3
13,-1242007014_CO,TSS,Outflow,3
27,-1242007014_CO,TSS,Outflow,4
9,-1242007014_CO,TSS,Outflow,4
26,-1242007014_CO,TSS,Outflow,4
5,-1242007014_CO,TSS,Outflow,4
13,-1242007014_CO,TSS,Outflow,4
25,-1242007014_CO,TSS,Outflow,5
27,-1242007014_CO,TSS,Outflow,5
9,-1242007014_CO,TSS,Outflow,5
12,-1242007014_CO,TSS,Outflow,5
13,-1242007014_CO,TSS,Outflow,5
25,-1242007014_CO,TSS,Outflow,6
110,-1242007014_CO,TSS,Outflow,6
27,-1242007014_CO,TSS,Outflow,6
26,-1242007014_CO,TSS,Outflow,6
47,-1242007014_CO,TSS,Outflow,6
531,-1242007014_CO,TSS,Outflow,7
25,-1242007014_CO,TSS,Outflow,7
26,-1242007014_CO,TSS,Outflow,7
20,-1242007014_CO,TSS,Outflow,7
13,-1242007014_CO,TSS,Outflow,7
22,-1242007014_CO,TSS,Outflow,8
19,-1242007014_CO,TSS,Outflow,8
25,-1242007014_CO,TSS,Outflow,8
12,-1242007014_CO,TSS,Outflow,8
6,-1242007014_CO,TSS,Outflow,8
23,-1242007014_CO,TSS,Outflow,9
13,-1242007014_CO,TSS,Outflow,9
13,-1242007014_CO,TSS,Outflow,9
27,-1242007014_CO,TSS,Outflow,9
19,-1242007014_CO,TSS,Outflow,9
19,-1242007014_CO,TSS,Outflow,10
13,-1242007014_CO,TSS,Outflow,10
12,-1242007014_CO,TSS,Outflow,10
9,-1242007014_CO,TSS,Outflow,10
5,-1242007014_CO,TSS,Outflow,10
25,-1242007014_CO,TSS,Outflow,11
20,-1242007014_CO,TSS,Outflow,11
531,-1242007014_CO,TSS,Outflow,11
26,-1242007014_CO,TSS,Outflow,11
9,-1242007014_CO,TSS,Outflow,11
6,-1242007014_CO,TSS,Outflow,12
13,-1242007014_CO,TSS,Outflow,12
26,-1242007014_CO,TSS,Outflow,12
5,-1242007014_CO,TSS,Outflow,12
22,-1242007014_CO,TSS,Outflow,12
12,-1242007014_CO,TSS,Outflow,13
5,-1242007014_CO,TSS,Outflow,13
25,-1242007014_CO,TSS,Outflow,13
27,-1242007014_CO,TSS,Outflow,13
6,-1242007014_CO,TSS,Outflow,13
26,-1242007014_CO,TSS,Outflow,14
531,-1242007014_CO,TSS,Outflow,14
9,-1242007014_CO,TSS,Outflow,14
6,-1242007014_CO,TSS,Outflow,14
25,-1242007014_CO,TSS,Outflow,14
27,-1242007014_CO,TSS,Outflow,15
6,-1242007014_CO,TSS,Outflow,15
12,-1242007014_CO,TSS,Outflow,15
22,-1242007014_CO,TSS,Outflow,15
19,-1242007014_CO,TSS,Outflow,15
531,-1242007014_CO,TSS,Outflow,16
110,-1242007014_CO,TSS,Outflow,16
27,-1242007014_CO,TSS,Outflow,16
9,-1242007014_CO,TSS,Outflow,16
22,-1242007014_CO,TSS,Outflow,16
47,-1242007014_CO,TSS,Outflow,17
25,-1242007014_CO,TSS,Outflow,17
6,-1242007014_CO,TSS,Outflow,17
20,-1242007014_CO,TSS,Outflow,17
110,-1242007014_CO,TSS,Outflow,17
531,-1242007014_CO,TSS,Outflow,18
12,-1242007014_CO,TSS,Outflow,18
27,-1242007014_CO,TSS,Outflow,18
19,-1242007014_CO,TSS,Outflow,18
25,-1242007014_CO,TSS,Outflow,18
531,-1242007014_CO,TSS,Outflow,19
25,-1242007014_CO,TSS,Outflow,19
26,-1242007014_CO,TSS,Outflow,19
20,-1242007014_CO,TSS,Outflow,19
47,-1242007014_CO,TSS,Outflow,19
26,-1242007014_CO,TSS,Outflow,20
9,-1242007014_CO,TSS,Outflow,20
13,-1242007014_CO,TSS,Outflow,20
20,-1242007014_CO,TSS,Outflow,20
27,-1242007014_CO,TSS,Outflow,20
20,-1242007014_CO,TSS,Outflow,21
23,-1242007014_CO,TSS,Outflow,21
5,-1242007014_CO,TSS,Outflow,21
531,-1242007014_CO,TSS,Outflow,21
6,-1242007014_CO,TSS,Outflow,21
13,-1242007014_CO,TSS,Outflow,22
47,-1242007014_CO,TSS,Outflow,22
531,-1242007014_CO,TSS,Outflow,22
13,-1242007014_CO,TSS,Outflow,22
20,-1242007014_CO,TSS,Outflow,22
22,-1242007014_CO,TSS,Outflow,23
6,-1242007014_CO,TSS,Outflow,23
20,-1242007014_CO,TSS,Outflow,23
25,-1242007014_CO,TSS,Outflow,23
12,-1242007014_CO,TSS,Outflow,23
13,-1242007014_CO,TSS,Outflow,24
47,-1242007014_CO,TSS,Outflow,24
27,-1242007014_CO,TSS,Outflow,24
20,-1242007014_CO,TSS,Outflow,24
27,-1242007014_CO,TSS,Outflow,24
25,-1242007014_CO,TSS,Outflow,25
22,-1242007014_CO,TSS,Outflow,25
110,-1242007014_CO,TSS,Outflow,25
13,-1242007014_CO,TSS,Outflow,25
5,-1242007014_CO,TSS,Outflow,25
19,-1242007014_CO,TSS,Outflow,26
27,-1242007014_CO,TSS,Outflow,26
6,-1242007014_CO,TSS,Outflow,26
47,-1242007014_CO,TSS,Outflow,26
12,-1242007014_CO,TSS,Outflow,26
6,-1242007014_CO,TSS,Outflow,27
27,-1242007014_CO,TSS,Outflow,27
26,-1242007014_CO,TSS,Outflow,27
5,-1242007014_CO,TSS,Outflow,27
23,-1242007014_CO,TSS,Outflow,27
13,-1242007014_CO,TSS,Outflow,28
47,-1242007014_CO,TSS,Outflow,28
6,-1242007014_CO,TSS,Outflow,28
12,-1242007014_CO,TSS,Outflow,28
26,-1242007014_CO,TSS,Outflow,28
26,-1242007014_CO,TSS,Outflow,29
110,-1242007014_CO,TSS,Outflow,29
47,-1242007014_CO,TSS,Outflow,29
20,-1242007014_CO,TSS,Outflow,29
9,-1242007014_CO,TSS,Outflow,29
5,-1242007014_CO,TSS,Outflow,30
25,-1242007014_CO,TSS,Outflow,30
110,-1242007014_CO,TSS,Outflow,30
27,-1242007014_CO,TSS,Outflow,30
13,-1242007014_CO,TSS,Outflow,30
26,-1242007014_CO,TSS,Outflow,31
531,-1242007014_CO,TSS,Outflow,31
5,-1242007014_CO,TSS,Outflow,31
9,-1242007014_CO,TSS,Outflow,31
27,-1242007014_CO,TSS,Outflow,31
12,-1242007014_CO,TSS,Outflow,32
13,-1242007014_CO,TSS,Outflow,32
9,-1242007014_CO,TSS,Outflow,32
26,-1242007014_CO,TSS,Outflow,32
23,-1242007014_CO,TSS,Outflow,32
47,-1242007014_CO,TSS,Outflow,33
27,-1242007014_CO,TSS,Outflow,33
110,-1242007014_CO,TSS,Outflow,33
22,-1242007014_CO,TSS,Outflow,33
5,-1242007014_CO,TSS,Outflow,33
27,-1242007014_CO,TSS,Outflow,34
9,-1242007014_CO,TSS,Outflow,34
531,-1242007014_CO,TSS,Outflow,34
13,-1242007014_CO,TSS,Outflow,34
25,-1242007014_CO,TSS,Outflow,34
27,-1242007014_CO,TSS,Outflow,35
27,-1242007014_CO,TSS,Outflow,35
23,-1242007014_CO,TSS,Outflow,35
5,-1242007014_CO,TSS,Outflow,35
19,-1242007014_CO,TSS,Outflow,35
6,-1242007014_CO,TSS,Outflow,36
9,-1242007014_CO,TSS,Outflow,36
20,-1242007014_CO,TSS,Outflow,36
22,-1242007014_CO,TSS,Outflow,36
13,-1242007014_CO,TSS,Outflow,36
22,-1242007014_CO,TSS,Outflow,37
110,-1242007014_CO,TSS,Outflow,37
26,-1242007014_CO,TSS,Outflow,37
12,-1242007014_CO,TSS,Outflow,37
47,-1242007014_CO,TSS,Outflow,37
9,-1242007014_CO,TSS,Outflow,38
531,-1242007014_CO,TSS,Outflow,38
25,-1242007014_CO,TSS,Outflow,38
23,-1242007014_CO,TSS,Outflow,38
5,-1242007014_CO,TSS,Outflow,38
19,-1242007014_CO,TSS,Outflow,39
13,-1242007014_CO,TSS,Outflow,39
22,-1242007014_CO,TSS,Outflow,39
13,-1242007014_CO,TSS,Outflow,39
5,-1242007014_CO,TSS,Outflow,39
9,-1242007014_CO,TSS,Outflow,40
25,-1242007014_CO,TSS,Outflow,40
26,-1242007014_CO,TSS,Outflow,40
5,-1242007014_CO,TSS,Outflow,40
6,-1242007014_CO,TSS,Outflow,40
26,-1242007014_CO,TSS,Outflow,41
25,-1242007014_CO,TSS,Outflow,41
19,-1242007014_CO,TSS,Outflow,41
531,-1242007014_CO,TSS,Outflow,41
47,-1242007014_CO,TSS,Outflow,41
22,-1242007014_CO,TSS,Outflow,42
6,-1242007014_CO,TSS,Outflow,42
25,-1242007014_CO,TSS,Outflow,42
531,-1242007014_CO,TSS,Outflow,42
5,-1242007014_CO,TSS,Outflow,42
47,-1242007014_CO,TSS,Outflow,43
26,-1242007014_CO,TSS,Outflow,43
22,-1242007014_CO,TSS,Outflow,43
25,-1242007014_CO,TSS,Outflow,43
531,-1242007014_CO,TSS,Outflow,43
5,-1242007014_CO,TSS,Outflow,44
47,-1242007014_CO,TSS,Outflow,44
27,-1242007014_CO,TSS,Outflow,44
20,-1242007014_CO,TSS,Outflow,44
12,-1242007014_CO,TSS,Outflow,44
25,-1242007014_CO,TSS,Outflow,45
26,-1242007014_CO,TSS,Outflow,45
13,-1242007014_CO,TSS,Outflow,45
6,-1242007014_CO,TSS,Outflow,45
5,-1242007014_CO,TSS,Outflow,45
12,-1242007014_CO,TSS,Outflow,46
20,-1242007014_CO,TSS,Outflow,46
5,-1242007014_CO,TSS,Outflow,46
23,-1242007014_CO,TSS,Outflow,46
6,-1242007014_CO,TSS,Outflow,46
23,-1242007014_CO,TSS,Outflow,47
13,-1242007014_CO,TSS,Outflow,47
20,-1242007014_CO,TSS,Outflow,47
531,-1242007014_CO,TSS,Outflow,47
27,-1242007014_CO,TSS,Outflow,47
531,-1242007014_CO,TSS,Outflow,48
13,-1242007014_CO,TSS,Outflow,48
25,-1242007014_CO,TSS,Outflow,48
20,-1242007014_CO,TSS,Outflow,48
47,-1242007014_CO,TSS,Outflow,48
531,-1242007014_CO,TSS,Outflow,49
110,-1242007014_CO,TSS,Outflow,49
26,-1242007014_CO,TSS,Outflow,49
27,-1242007014_CO,TSS,Outflow,49
27,-1242007014_CO,TSS,Outflow,49
47,-1242007014_CO,TSS,Outflow,50
5,-1242007014_CO,TSS,Outflow,50
13,-1242007014_CO,TSS,Outflow,50
27,-1242007014_CO,TSS,Outflow,50
20,-1242007014_CO,TSS,Outflow,50
19,-1242007014_CO,TSS,Outflow,51
12,-1242007014_CO,TSS,Outflow,51
22,-1242007014_CO,TSS,Outflow,51
6,-1242007014_CO,TSS,Outflow,51
5,-1242007014_CO,TSS,Outflow,51
9,-1242007014_CO,TSS,Outflow,52
23,-1242007014_CO,TSS,Outflow,52
27,-1242007014_CO,TSS,Outflow,52
12,-1242007014_CO,TSS,Outflow,52
13,-1242007014_CO,TSS,Outflow,52
5,-1242007014_CO,TSS,Outflow,53
6,-1242007014_CO,TSS,Outflow,53
19,-1242007014_CO,TSS,Outflow,53
20,-1242007014_CO,TSS,Outflow,53
13,-1242007014_CO,TSS,Outflow,53
26,-1242007014_CO,TSS,Outflow,54
47,-1242007014_CO,TSS,Outflow,54
27,-1242007014_CO,TSS,Outflow,54
22,-1242007014_CO,TSS,Outflow,54
25,-1242007014_CO,TSS,Outflow,54
25,-1242007014_CO,TSS,Outflow,55
6,-1242007014_CO,TSS,Outflow,55
531,-1242007014_CO,TSS,Outflow,55
27,-1242007014_CO,TSS,Outflow,55
26,-1242007014_CO,TSS,Outflow,55
19,-1242007014_CO,TSS,Outflow,56
13,-1242007014_CO,TSS,Outflow,56
5,-1242007014_CO,TSS,Outflow,56
23,-1242007014_CO,TSS,Outflow,56
22,-1242007014_CO,TSS,Outflow,56
23,-1242007014_CO,TSS,Outflow,57
19,-1242007014_CO,TSS,Outflow,57
22,-1242007014_CO,TSS,Outflow,57
110,-1242007014_CO,TSS,Outflow,57
13,-1242007014_CO,TSS,Outflow,57
110,-1242007014_CO,TSS,Outflow,58
47,-1242007014_CO,TSS,Outflow,58
5,-1242007014_CO,TSS,Outflow,58
20,-1242007014_CO,TSS,Outflow,58
26,-1242007014_CO,TSS,Outflow,58
13,-1242007014_CO,TSS,Outflow,59
20,-1242007014_CO,TSS,Outflow,59
6,-1242007014_CO,TSS,Outflow,59
26,-1242007014_CO,TSS,Outflow,59
110,-1242007014_CO,TSS,Outflow,59
9,-1242007014_CO,TSS,Outflow,60
13,-1242007014_CO,TSS,Outflow,60
6,-1242007014_CO,TSS,Outflow,60
5,-1242007014_CO,TSS,Outflow,60
25,-1242007014_CO,TSS,Outflow,60
27,-1242007014_CO,TSS,Outflow,61
6,-1242007014_CO,TSS,Outflow,61
19,-1242007014_CO,TSS,Outflow,61
23,-1242007014_CO,TSS,Outflow,61
9,-1242007014_CO,TSS,Outflow,61
13,-1242007014_CO,TSS,Outflow,62
13,-1242007014_CO,TSS,Outflow,62
25,-1242007014_CO,TSS,Outflow,62
27,-1242007014_CO,TSS,Outflow,62
9,-1242007014_CO,TSS,Outflow,62
531,-1242007014_CO,TSS,Outflow,63
12,-1242007014_CO,TSS,Outflow,63
27,-1242007014_CO,TSS,Outflow,63
19,-1242007014_CO,TSS,Outflow,63
26,-1242007014_CO,TSS,Outflow,63
13,-1242007014_CO,TSS,Outflow,64
13,-1242007014_CO,TSS,Outflow,64
47,-1242007014_CO,TSS,Outflow,64
20,-1242007014_CO,TSS,Outflow,64
19,-1242007014_CO,TSS,Outflow,64
47,-1242007014_CO,TSS,Outflow,65
19,-1242007014_CO,TSS,Outflow,65
13,-1242007014_CO,TSS,Outflow,65
22,-1242007014_CO,TSS,Outflow,65
27,-1242007014_CO,TSS,Outflow,65
26,-1242007014_CO,TSS,Outflow,66
19,-1242007014_CO,TSS,Outflow,66
25,-1242007014_CO,TSS,Outflow,66
6,-1242007014_CO,TSS,Outflow,66
110,-1242007014_CO,TSS,Outflow,66
23,-1242007014_CO,TSS,Outflow,67
5,-1242007014_CO,TSS,Outflow,67
47,-1242007014_CO,TSS,Outflow,67
531,-1242007014_CO,TSS,Outflow,67
6,-1242007014_CO,TSS,Outflow,67
531,-1242007014_CO,TSS,Outflow,68
22,-1242007014_CO,TSS,Outflow,68
27,-1242007014_CO,TSS,Outflow,68
13,-1242007014_CO,TSS,Outflow,68
5,-1242007014_CO,TSS,Outflow,68
22,-1242007014_CO,TSS,Outflow,69
5,-1242007014_CO,TSS,Outflow,69
110,-1242007014_CO,TSS,Outflow,69
27,-1242007014_CO,TSS,Outflow,69
27,-1242007014_CO,TSS,Outflow,69
27,-1242007014_CO,TSS,Outflow,70
12,-1242007014_CO,TSS,Outflow,70
5,-1242007014_CO,TSS,Outflow,70
13,-1242007014_CO,TSS,Outflow,70
26,-1242007014_CO,TSS,Outflow,70
23,-1242007014_CO,TSS,Outflow,71
19,-1242007014_CO,TSS,Outflow,71
110,-1242007014_CO,TSS,Outflow,71
47,-1242007014_CO,TSS,Outflow,71
20,-1242007014_CO,TSS,Outflow,71
26,-1242007014_CO,TSS,Outflow,72
23,-1242007014_CO,TSS,Outflow,72
22,-1242007014_CO,TSS,Outflow,72
531,-1242007014_CO,TSS,Outflow,72
25,-1242007014_CO,TSS,Outflow,72
22,-1242007014_CO,TSS,Outflow,73
26,-1242007014_CO,TSS,Outflow,73
25,-1242007014_CO,TSS,Outflow,73
12,-1242007014_CO,TSS,Outflow,73
13,-1242007014_CO,TSS,Outflow,73
531,-1242007014_CO,TSS,Outflow,74
5,-1242007014_CO,TSS,Outflow,74
110,-1242007014_CO,TSS,Outflow,74
27,-1242007014_CO,TSS,Outflow,74
25,-1242007014_CO,TSS,Outflow,74
5,-1242007014_CO,TSS,Outflow,75
27,-1242007014_CO,TSS,Outflow,75
9,-1242007014_CO,TSS,Outflow,75
13,-1242007014_CO,TSS,Outflow,75
13,-1242007014_CO,TSS,Outflow,75
20,-1242007014_CO,TSS,Outflow,76
19,-1242007014_CO,TSS,Outflow,76
23,-1242007014_CO,TSS,Outflow,76
27,-1242007014_CO,TSS,Outflow,76
5,-1242007014_CO,TSS,Outflow,76
110,-1242007014_CO,TSS,Outflow,77
531,-1242007014_CO,TSS,Outflow,77
12,-1242007014_CO,TSS,Outflow,77
5,-1242007014_CO,TSS,Outflow,77
6,-1242007014_CO,TSS,Outflow,77
19,-1242007014_CO,TSS,Outflow,78
12,-1242007014_CO,TSS,Outflow,78
110,-1242007014_CO,TSS,Outflow,78
22,-1242007014_CO,TSS,Outflow,78
6,-1242007014_CO,TSS,Outflow,78
12,-1242007014_CO,TSS,Outflow,79
27,-1242007014_CO,TSS,Outflow,79
110,-1242007014_CO,TSS,Outflow,79
22,-1242007014_CO,TSS,Outflow,79
6,-1242007014_CO,TSS,Outflow,79
531,-1242007014_CO,TSS,Outflow,80
110,-1242007014_CO,TSS,Outflow,80
12,-1242007014_CO,TSS,Outflow,80
19,-1242007014_CO,TSS,Outflow,80
22,-1242007014_CO,TSS,Outflow,80
9,-1242007014_CO,TSS,Outflow,81
110,-1242007014_CO,TSS,Outflow,81
13,-1242007014_CO,TSS,Outflow,81
531,-1242007014_CO,TSS,Outflow,81
20,-1242007014_CO,TSS,Outflow,81
110,-1242007014_CO,TSS,Outflow,82
13,-1242007014_CO,TSS,Outflow,82
26,-1242007014_CO,TSS,Outflow,82
20,-1242007014_CO,TSS,Outflow,82
22,-1242007014_CO,TSS,Outflow,82
26,-1242007014_CO,TSS,Outflow,83
27,-1242007014_CO,TSS,Outflow,83
9,-1242007014_CO,TSS,Outflow,83
110,-1242007014_CO,TSS,Outflow,83
6,-1242007014_CO,TSS,Outflow,83
110,-1242007014_CO,TSS,Outflow,84
27,-1242007014_CO,TSS,Outflow,84
13,-1242007014_CO,TSS,Outflow,84
19,-1242007014_CO,TSS,Outflow,84
25,-1242007014_CO,TSS,Outflow,84
5,-1242007014_CO,TSS,Outflow,85
27,-1242007014_CO,TSS,Outflow,85
531,-1242007014_CO,TSS,Outflow,85
19,-1242007014_CO,TSS,Outflow,85
13,-1242007014_CO,TSS,Outflow,85
13,-1242007014_CO,TSS,Outflow,86
22,-1242007014_CO,TSS,Outflow,86
9,-1242007014_CO,TSS,Outflow,86
20,-1242007014_CO,TSS,Outflow,86
26,-1242007014_CO,TSS,Outflow,86
22,-1242007014_CO,TSS,Outflow,87
5,-1242007014_CO,TSS,Outflow,87
27,-1242007014_CO,TSS,Outflow,87
26,-1242007014_CO,TSS,Outflow,87
110,-1242007014_CO,TSS,Outflow,87
9,-1242007014_CO,TSS,Outflow,88
531,-1242007014_CO,TSS,Outflow,88
13,-1242007014_CO,TSS,Outflow,88
26,-1242007014_CO,TSS,Outflow,88
47,-1242007014_CO,TSS,Outflow,88
23,-1242007014_CO,TSS,Outflow,89
19,-1242007014_CO,TSS,Outflow,89
5,-1242007014_CO,TSS,Outflow,89
20,-1242007014_CO,TSS,Outflow,89
26,-1242007014_CO,TSS,Outflow,89
12,-1242007014_CO,TSS,Outflow,90
26,-1242007014_CO,TSS,Outflow,90
5,-1242007014_CO,TSS,Outflow,90
13,-1242007014_CO,TSS,Outflow,90
20,-1242007014_CO,TSS,Outflow,90
23,-1242007014_CO,TSS,Outflow,91
22,-1242007014_CO,TSS,Outflow,91
25,-1242007014_CO,TSS,Outflow,91
20,-1242007014_CO,TSS,Outflow,91
12,-1242007014_CO,TSS,Outflow,91
25,-1242007014_CO,TSS,Outflow,92
19,-1242007014_CO,TSS,Outflow,92
13,-1242007014_CO,TSS,Outflow,92
27,-1242007014_CO,TSS,Outflow,92
531,-1242007014_CO,TSS,Outflow,92
531,-1242007014_CO,TSS,Outflow,93
23,-1242007014_CO,TSS,Outflow,93
6,-1242007014_CO,TSS,Outflow,93
25,-1242007014_CO,TSS,Outflow,93
47,-1242007014_CO,TSS,Outflow,93
27,-1242007014_CO,TSS,Outflow,94
47,-1242007014_CO,TSS,Outflow,94
25,-1242007014_CO,TSS,Outflow,94
9,-1242007014_CO,TSS,Outflow,94
12,-1242007014_CO,TSS,Outflow,94
27,-1242007014_CO,TSS,Outflow,95
5,-1242007014_CO,TSS,Outflow,95
531,-1242007014_CO,TSS,Outflow,95
13,-1242007014_CO,TSS,Outflow,95
26,-1242007014_CO,TSS,Outflow,95
13,-1242007014_CO,TSS,Outflow,96
26,-1242007014_CO,TSS,Outflow,96
23,-1242007014_CO,TSS,Outflow,96
22,-1242007014_CO,TSS,Outflow,96
6,-1242007014_CO,TSS,Outflow,96
22,-1242007014_CO,TSS,Outflow,97
27,-1242007014_CO,TSS,Outflow,97
25,-1242007014_CO,TSS,Outflow,97
26,-1242007014_CO,TSS,Outflow,97
47,-1242007014_CO,TSS,Outflow,97
6,-1242007014_CO,TSS,Outflow,98
23,-1242007014_CO,TSS,Outflow,98
13,-1242007014_CO,TSS,Outflow,98
25,-1242007014_CO,TSS,Outflow,98
12,-1242007014_CO,TSS,Outflow,98
47,-1242007014_CO,TSS,Outflow,99
20,-1242007014_CO,TSS,Outflow,99
22,-1242007014_CO,TSS,Outflow,99
110,-1242007014_CO,TSS,Outflow,99
9,-1242007014_CO,TSS,Outflow,99
6,-1242007014_CO,TSS,Outflow,100
13,-1242007014_CO,TSS,Outflow,100
531,-1242007014_CO,TSS,Outflow,100
26,-1242007014_CO,TSS,Outflow,100
22,-1242007014_CO,TSS,Outflow,100
5,-1242007014_CO,TSS,Outflow,101
13,-1242007014_CO,TSS,Outflow,101
110,-1242007014_CO,TSS,Outflow,101
13,-1242007014_CO,TSS,Outflow,101
26,-1242007014_CO,TSS,Outflow,101
26,-1242007014_CO,TSS,Outflow,102
110,-1242007014_CO,TSS,Outflow,102
20,-1242007014_CO,TSS,Outflow,102
13,-1242007014_CO,TSS,Outflow,102
27,-1242007014_CO,TSS,Outflow,102
5,-1242007014_CO,TSS,Outflow,103
9,-1242007014_CO,TSS,Outflow,103
25,-1242007014_CO,TSS,Outflow,103
531,-1242007014_CO,TSS,Outflow,103
27,-1242007014_CO,TSS,Outflow,103
27,-1242007014_CO,TSS,Outflow,104
13,-1242007014_CO,TSS,Outflow,104
12,-1242007014_CO,TSS,Outflow,104
26,-1242007014_CO,TSS,Outflow,104
13,-1242007014_CO,TSS,Outflow,104
6,-1242007014_CO,TSS,Outflow,105
22,-1242007014_CO,TSS,Outflow,105
47,-1242007014_CO,TSS,Outflow,105
13,-1242007014_CO,TSS,Outflow,105
26,-1242007014_CO,TSS,Outflow,105
531,-1242007014_CO,TSS,Outflow,106
110,-1242007014_CO,TSS,Outflow,106
22,-1242007014_CO,TSS,Outflow,106
27,-1242007014_CO,TSS,Outflow,106
20,-1242007014_CO,TSS,Outflow,106
25,-1242007014_CO,TSS,Outflow,107
20,-1242007014_CO,TSS,Outflow,107
27,-1242007014_CO,TSS,Outflow,107
19,-1242007014_CO,TSS,Outflow,107
5,-1242007014_CO,TSS,Outflow,107
110,-1242007014_CO,TSS,Outflow,108
531,-1242007014_CO,TSS,Outflow,108
6,-1242007014_CO,TSS,Outflow,108
19,-1242007014_CO,TSS,Outflow,108
25,-1242007014_CO,TSS,Outflow,108
531,-1242007014_CO,TSS,Outflow,109
9,-1242007014_CO,TSS,Outflow,109
6,-1242007014_CO,TSS,Outflow,109
110,-1242007014_CO,TSS,Outflow,109
47,-1242007014_CO,TSS,Outflow,109
23,-1242007014_CO,TSS,Outflow,110
110,-1242007014_CO,TSS,Outflow,110
27,-1242007014_CO,TSS,Outflow,110
6,-1242007014_CO,TSS,Outflow,110
25,-1242007014_CO,TSS,Outflow,110
9,-1242007014_CO,TSS,Outflow,111
6,-1242007014_CO,TSS,Outflow,111
27,-1242007014_CO,TSS,Outflow,111
25,-1242007014_CO,TSS,Outflow,111
27,-1242007014_CO,TSS,Outflow,111
13,-1242007014_CO,TSS,Outflow,112
5,-1242007014_CO,TSS,Outflow,112
22,-1242007014_CO,TSS,Outflow,112
110,-1242007014_CO,TSS,Outflow,112
13,-1242007014_CO,TSS,Outflow,112
27,-1242007014_CO,TSS,Outflow,113
6,-1242007014_CO,TSS,Outflow,113
23,-1242007014_CO,TSS,Outflow,113
20,-1242007014_CO,TSS,Outflow,113
531,-1242007014_CO,TSS,Outflow,113
110,-1242007014_CO,TSS,Outflow,114
26,-1242007014_CO,TSS,Outflow,114
27,-1242007014_CO,TSS,Outflow,114
27,-1242007014_CO,TSS,Outflow,114
9,-1242007014_CO,TSS,Outflow,114
9,-1242007014_CO,TSS,Outflow,115
12,-1242007014_CO,TSS,Outflow,115
27,-1242007014_CO,TSS,Outflow,115
23,-1242007014_CO,TSS,Outflow,115
19,-1242007014_CO,TSS,Outflow,115
5,-1242007014_CO,TSS,Outflow,116
531,-1242007014_CO,TSS,Outflow,116
26,-1242007014_CO,TSS,Outflow,116
9,-1242007014_CO,TSS,Outflow,116
19,-1242007014_CO,TSS,Outflow,116
531,-1242007014_CO,TSS,Outflow,117
20,-1242007014_CO,TSS,Outflow,117
25,-1242007014_CO,TSS,Outflow,117
19,-1242007014_CO,TSS,Outflow,117
110,-1242007014_CO,TSS,Outflow,117
5,-1242007014_CO,TSS,Outflow,118
110,-1242007014_CO,TSS,Outflow,118
13,-1242007014_CO,TSS,Outflow,118
9,-1242007014_CO,TSS,Outflow,118
13,-1242007014_CO,TSS,Outflow,118
13,-1242007014_CO,TSS,Outflow,119
23,-1242007014_CO,TSS,Outflow,119
25,-1242007014_CO,TSS,Outflow,119
9,-1242007014_CO,TSS,Outflow,119
6,-1242007014_CO,TSS,Outflow,119
531,-1242007014_CO,TSS,Outflow,120
25,-1242007014_CO,TSS,Outflow,120
9,-1242007014_CO,TSS,Outflow,120
22,-1242007014_CO,TSS,Outflow,120
5,-1242007014_CO,TSS,Outflow,120
13,-1242007014_CO,TSS,Outflow,121
531,-1242007014_CO,TSS,Outflow,121
12,-1242007014_CO,TSS,Outflow,121
6,-1242007014_CO,TSS,Outflow,121
27,-1242007014_CO,TSS,Outflow,121
22,-1242007014_CO,TSS,Outflow,122
25,-1242007014_CO,TSS,Outflow,122
12,-1242007014_CO,TSS,Outflow,122
20,-1242007014_CO,TSS,Outflow,122
13,-1242007014_CO,TSS,Outflow,122
27,-1242007014_CO,TSS,Outflow,123
5,-1242007014_CO,TSS,Outflow,123
26,-1242007014_CO,TSS,Outflow,123
25,-1242007014_CO,TSS,Outflow,123
13,-1242007014_CO,TSS,Outflow,123
110,-1242007014_CO,TSS,Outflow,124
23,-1242007014_CO,TSS,Outflow,124
27,-1242007014_CO,TSS,Outflow,124
6,-1242007014_CO,TSS,Outflow,124
13,-1242007014_CO,TSS,Outflow,124
12,-1242007014_CO,TSS,Outflow,125
47,-1242007014_CO,TSS,Outflow,125
110,-1242007014_CO,TSS,Outflow,125
23,-1242007014_CO,TSS,Outflow,125
13,-1242007014_CO,TSS,Outflow,125
27,-1242007014_CO,TSS,Outflow,126
47,-1242007014_CO,TSS,Outflow,126
20,-1242007014_CO,TSS,Outflow,126
13,-1242007014_CO,TSS,Outflow,126
12,-1242007014_CO,TSS,Outflow,126
531,-1242007014_CO,TSS,Outflow,127
27,-1242007014_CO,TSS,Outflow,127
23,-1242007014_CO,TSS,Outflow,127
47,-1242007014_CO,TSS,Outflow,127
13,-1242007014_CO,TSS,Outflow,127
25,-1242007014_CO,TSS,Outflow,128
9,-1242007014_CO,TSS,Outflow,128
531,-1242007014_CO,TSS,Outflow,128
22,-1242007014_CO,TSS,Outflow,128
27,-1242007014_CO,TSS,Outflow,128
13,-1242007014_CO,TSS,Outflow,129
27,-1242007014_CO,TSS,Outflow,129
9,-1242007014_CO,TSS,Outflow,129
12,-1242007014_CO,TSS,Outflow,129
13,-1242007014_CO,TSS,Outflow,129
5,-1242007014_CO,TSS,Outflow,130
13,-1242007014_CO,TSS,Outflow,130
23,-1242007014_CO,TSS,Outflow,130
110,-1242007014_CO,TSS,Outflow,130
27,-1242007014_CO,TSS,Outflow,130
12,-1242007014_CO,TSS,Outflow,131
6,-1242007014_CO,TSS,Outflow,131
5,-1242007014_CO,TSS,Outflow,131
23,-1242007014_CO,TSS,Outflow,131
9,-1242007014_CO,TSS,Outflow,131
22,-1242007014_CO,TSS,Outflow,132
23,-1242007014_CO,TSS,Outflow,132
13,-1242007014_CO,TSS,Outflow,132
26,-1242007014_CO,TSS,Outflow,132
110,-1242007014_CO,TSS,Outflow,132
12,-1242007014_CO,TSS,Outflow,133
22,-1242007014_CO,TSS,Outflow,133
13,-1242007014_CO,TSS,Outflow,133
110,-1242007014_CO,TSS,Outflow,133
5,-1242007014_CO,TSS,Outflow,133
5,-1242007014_CO,TSS,Outflow,134
19,-1242007014_CO,TSS,Outflow,134
27,-1242007014_CO,TSS,Outflow,134
27,-1242007014_CO,TSS,Outflow,134
23,-1242007014_CO,TSS,Outflow,134
6,-1242007014_CO,TSS,Outflow,135
22,-1242007014_CO,TSS,Outflow,135
110,-1242007014_CO,TSS,Outflow,135
13,-1242007014_CO,TSS,Outflow,135
26,-1242007014_CO,TSS,Outflow,135
27,-1242007014_CO,TSS,Outflow,136
27,-1242007014_CO,TSS,Outflow,136
19,-1242007014_CO,TSS,Outflow,136
12,-1242007014_CO,TSS,Outflow,136
22,-1242007014_CO,TSS,Outflow,136
25,-1242007014_CO,TSS,Outflow,137
531,-1242007014_CO,TSS,Outflow,137
19,-1242007014_CO,TSS,Outflow,137
9,-1242007014_CO,TSS,Outflow,137
13,-1242007014_CO,TSS,Outflow,137
20,-1242007014_CO,TSS,Outflow,138
13,-1242007014_CO,TSS,Outflow,138
47,-1242007014_CO,TSS,Outflow,138
25,-1242007014_CO,TSS,Outflow,138
26,-1242007014_CO,TSS,Outflow,138
22,-1242007014_CO,TSS,Outflow,139
110,-1242007014_CO,TSS,Outflow,139
13,-1242007014_CO,TSS,Outflow,139
23,-1242007014_CO,TSS,Outflow,139
19,-1242007014_CO,TSS,Outflow,139
19,-1242007014_CO,TSS,Outflow,140
13,-1242007014_CO,TSS,Outflow,140
22,-1242007014_CO,TSS,Outflow,140
25,-1242007014_CO,TSS,Outflow,140
27,-1242007014_CO,TSS,Outflow,140
5,-1242007014_CO,TSS,Outflow,141
19,-1242007014_CO,TSS,Outflow,141
9,-1242007014_CO,TSS,Outflow,141
27,-1242007014_CO,TSS,Outflow,141
47,-1242007014_CO,TSS,Outflow,141
13,-1242007014_CO,TSS,Outflow,142
22,-1242007014_CO,TSS,Outflow,142
12,-1242007014_CO,TSS,Outflow,142
13,-1242007014_CO,TSS,Outflow,142
110,-1242007014_CO,TSS,Outflow,142
27,-1242007014_CO,TSS,Outflow,143
110,-1242007014_CO,TSS,Outflow,143
47,-1242007014_CO,TSS,Outflow,143
19,-1242007014_CO,TSS,Outflow,143
20,-1242007014_CO,TSS,Outflow,143
22,-1242007014_CO,TSS,Outflow,144
12,-1242007014_CO,TSS,Outflow,144
531,-1242007014_CO,TSS,Outflow,144
9,-1242007014_CO,TSS,Outflow,144
19,-1242007014_CO,TSS,Outflow,144
110,-1242007014_CO,TSS,Outflow,145
12,-1242007014_CO,TSS,Outflow,145
9,-1242007014_CO,TSS,Outflow,145
26,-1242007014_CO,TSS,Outflow,145
27,-1242007014_CO,TSS,Outflow,145
9,-1242007014_CO,TSS,Outflow,146
47,-1242007014_CO,TSS,Outflow,146
12,-1242007014_CO,TSS,Outflow,146
531,-1242007014_CO,TSS,Outflow,146
19,-1242007014_CO,TSS,Outflow,146
13,-1242007014_CO,TSS,Outflow,147
110,-1242007014_CO,TSS,Outflow,147
6,-1242007014_CO,TSS,Outflow,147
531,-1242007014_CO,TSS,Outflow,147
20,-1242007014_CO,TSS,Outflow,147
9,-1242007014_CO,TSS,Outflow,148
531,-1242007014_CO,TSS,Outflow,148
110,-1242007014_CO,TSS,Outflow,148
6,-1242007014_CO,TSS,Outflow,148
22,-1242007014_CO,TSS,Outflow,148
47,-1242007014_CO,TSS,Outflow,149
27,-1242007014_CO,TSS,Outflow,149
5,-1242007014_CO,TSS,Outflow,149
12,-1242007014_CO,TSS,Outflow,149
531,-1242007014_CO,TSS,Outflow,149
110,-1242007014_CO,TSS,Outflow,150
6,-1242007014_CO,TSS,Outflow,150
47,-1242007014_CO,TSS,Outflow,150
5,-1242007014_CO,TSS,Outflow,150
13,-1242007014_CO,TSS,Outflow,150
27,-1242007014_CO,TSS,Outflow,151
531,-1242007014_CO,TSS,Outflow,151
13,-1242007014_CO,TSS,Outflow,151
110,-1242007014_CO,TSS,Outflow,151
22,-1242007014_CO,TSS,Outflow,151
6,-1242007014_CO,TSS,Outflow,152
27,-1242007014_CO,TSS,Outflow,152
20,-1242007014_CO,TSS,Outflow,152
531,-1242007014_CO,TSS,Outflow,152
47,-1242007014_CO,TSS,Outflow,152
531,-1242007014_CO,TSS,Outflow,153
12,-1242007014_CO,TSS,Outflow,153
20,-1242007014_CO,TSS,Outflow,153
110,-1242007014_CO,TSS,Outflow,153
13,-1242007014_CO,TSS,Outflow,153
13,-1242007014_CO,TSS,Outflow,154
27,-1242007014_CO,TSS,Outflow,154
12,-1242007014_CO,TSS,Outflow,154
23,-1242007014_CO,TSS,Outflow,154
26,-1242007014_CO,TSS,Outflow,154
25,-1242007014_CO,TSS,Outflow,155
9,-1242007014_CO,TSS,Outflow,155
12,-1242007014_CO,TSS,Outflow,155
5,-1242007014_CO,TSS,Outflow,155
19,-1242007014_CO,TSS,Outflow,155
27,-1242007014_CO,TSS,Outflow,156
47,-1242007014_CO,TSS,Outflow,156
9,-1242007014_CO,TSS,Outflow,156
5,-1242007014_CO,TSS,Outflow,156
13,-1242007014_CO,TSS,Outflow,156
26,-1242007014_CO,TSS,Outflow,157
27,-1242007014_CO,TSS,Outflow,157
9,-1242007014_CO,TSS,Outflow,157
12,-1242007014_CO,TSS,Outflow,157
5,-1242007014_CO,TSS,Outflow,157
23,-1242007014_CO,TSS,Outflow,158
25,-1242007014_CO,TSS,Outflow,158
20,-1242007014_CO,TSS,Outflow,158
47,-1242007014_CO,TSS,Outflow,158
22,-1242007014_CO,TSS,Outflow,158
5,-1242007014_CO,TSS,Outflow,159
12,-1242007014_CO,TSS,Outflow,159
531,-1242007014_CO,TSS,Outflow,159
22,-1242007014_CO,TSS,Outflow,159
19,-1242007014_CO,TSS,Outflow,159
23,-1242007014_CO,TSS,Outflow,160
531,-1242007014_CO,TSS,Outflow,160
25,-1242007014_CO,TSS,Outflow,160
13,-1242007014_CO,TSS,Outflow,160
19,-1242007014_CO,TSS,Outflow,160
5,-1242007014_CO,TSS,Outflow,161
19,-1242007014_CO,TSS,Outflow,161
13,-1242007014_CO,TSS,Outflow,161
12,-1242007014_CO,TSS,Outflow,161
23,-1242007014_CO,TSS,Outflow,161
6,-1242007014_CO,TSS,Outflow,162
27,-1242007014_CO,TSS,Outflow,162
9,-1242007014_CO,TSS,Outflow,162
12,-1242007014_CO,TSS,Outflow,162
23,-1242007014_CO,TSS,Outflow,162
531,-1242007014_CO,TSS,Outflow,163
13,-1242007014_CO,TSS,Outflow,163
27,-1242007014_CO,TSS,Outflow,163
27,-1242007014_CO,TSS,Outflow,163
23,-1242007014_CO,TSS,Outflow,163
23,-1242007014_CO,TSS,Outflow,164
110,-1242007014_CO,TSS,Outflow,164
27,-1242007014_CO,TSS,Outflow,164
13,-1242007014_CO,TSS,Outflow,164
9,-1242007014_CO,TSS,Outflow,164
27,-1242007014_CO,TSS,Outflow,165
23,-1242007014_CO,TSS,Outflow,165
6,-1242007014_CO,TSS,Outflow,165
20,-1242007014_CO,TSS,Outflow,165
12,-1242007014_CO,TSS,Outflow,165
25,-1242007014_CO,TSS,Outflow,166
27,-1242007014_CO,TSS,Outflow,166
23,-1242007014_CO,TSS,Outflow,166
531,-1242007014_CO,TSS,Outflow,166
110,-1242007014_CO,TSS,Outflow,166
5,-1242007014_CO,TSS,Outflow,167
23,-1242007014_CO,TSS,Outflow,167
19,-1242007014_CO,TSS,Outflow,167
20,-1242007014_CO,TSS,Outflow,167
27,-1242007014_CO,TSS,Outflow,167
25,-1242007014_CO,TSS,Outflow,168
13,-1242007014_CO,TSS,Outflow,168
26,-1242007014_CO,TSS,Outflow,168
13,-1242007014_CO,TSS,Outflow,168
27,-1242007014_CO,TSS,Outflow,168
47,-1242007014_CO,TSS,Outflow,169
27,-1242007014_CO,TSS,Outflow,169
22,-1242007014_CO,TSS,Outflow,169
26,-1242007014_CO,TSS,Outflow,169
531,-1242007014_CO,TSS,Outflow,169
9,-1242007014_CO,TSS,Outflow,170
12,-1242007014_CO,TSS,Outflow,170
27,-1242007014_CO,TSS,Outflow,170
19,-1242007014_CO,TSS,Outflow,170
13,-1242007014_CO,TSS,Outflow,170
19,-1242007014_CO,TSS,Outflow,171
531,-1242007014_CO,TSS,Outflow,171
26,-1242007014_CO,TSS,Outflow,171
20,-1242007014_CO,TSS,Outflow,171
25,-1242007014_CO,TSS,Outflow,171
25,-1242007014_CO,TSS,Outflow,172
5,-1242007014_CO,TSS,Outflow,172
27,-1242007014_CO,TSS,Outflow,172
23,-1242007014_CO,TSS,Outflow,172
27,-1242007014_CO,TSS,Outflow,172
19,-1242007014_CO,TSS,Outflow,173
6,-1242007014_CO,TSS,Outflow,173
13,-1242007014_CO,TSS,Outflow,173
20,-1242007014_CO,TSS,Outflow,173
13,-1242007014_CO,TSS,Outflow,173
19,-1242007014_CO,TSS,Outflow,174
27,-1242007014_CO,TSS,Outflow,174
12,-1242007014_CO,TSS,Outflow,174
9,-1242007014_CO,TSS,Outflow,174
531,-1242007014_CO,TSS,Outflow,174
13,-1242007014_CO,TSS,Outflow,175
13,-1242007014_CO,TSS,Outflow,175
9,-1242007014_CO,TSS,Outflow,175
22,-1242007014_CO,TSS,Outflow,175
531,-1242007014_CO,TSS,Outflow,175
20,-1242007014_CO,TSS,Outflow,176
531,-1242007014_CO,TSS,Outflow,176
19,-1242007014_CO,TSS,Outflow,176
6,-1242007014_CO,TSS,Outflow,176
12,-1242007014_CO,TSS,Outflow,176
25,-1242007014_CO,TSS,Outflow,177
23,-1242007014_CO,TSS,Outflow,177
110,-1242007014_CO,TSS,Outflow,177
13,-1242007014_CO,TSS,Outflow,177
27,-1242007014_CO,TSS,Outflow,177
110,-1242007014_CO,TSS,Outflow,178
12,-1242007014_CO,TSS,Outflow,178
27,-1242007014_CO,TSS,Outflow,178
47,-1242007014_CO,TSS,Outflow,178
26,-1242007014_CO,TSS,Outflow,178
23,-1242007014_CO,TSS,Outflow,179
25,-1242007014_CO,TSS,Outflow,179
27,-1242007014_CO,TSS,Outflow,179
13,-1242007014_CO,TSS,Outflow,179
22,-1242007014_CO,TSS,Outflow,179
26,-1242007014_CO,TSS,Outflow,180
22,-1242007014_CO,TSS,Outflow,180
25,-1242007014_CO,TSS,Outflow,180
20,-1242007014_CO,TSS,Outflow,180
5,-1242007014_CO,TSS,Outflow,180
27,-1242007014_CO,TSS,Outflow,181
20,-1242007014_CO,TSS,Outflow,181
26,-1242007014_CO,TSS,Outflow,181
110,-1242007014_CO,TSS,Outflow,181
13,-1242007014_CO,TSS,Outflow,181
27,-1242007014_CO,TSS,Outflow,182
25,-1242007014_CO,TSS,Outflow,182
13,-1242007014_CO,TSS,Outflow,182
22,-1242007014_CO,TSS,Outflow,182
13,-1242007014_CO,TSS,Outflow,182
19,-1242007014_CO,TSS,Outflow,183
25,-1242007014_CO,TSS,Outflow,183
6,-1242007014_CO,TSS,Outflow,183
13,-1242007014_CO,TSS,Outflow,183
47,-1242007014_CO,TSS,Outflow,183
23,-1242007014_CO,TSS,Outflow,184
110,-1242007014_CO,TSS,Outflow,184
19,-1242007014_CO,TSS,Outflow,184
47,-1242007014_CO,TSS,Outflow,184
27,-1242007014_CO,TSS,Outflow,184
23,-1242007014_CO,TSS,Outflow,185
110,-1242007014_CO,TSS,Outflow,185
20,-1242007014_CO,TSS,Outflow,185
9,-1242007014_CO,TSS,Outflow,185
22,-1242007014_CO,TSS,Outflow,185
27,-1242007014_CO,TSS,Outflow,186
110,-1242007014_CO,TSS,Outflow,186
22,-1242007014_CO,TSS,Outflow,186
27,-1242007014_CO,TSS,Outflow,186
5,-1242007014_CO,TSS,Outflow,186
27,-1242007014_CO,TSS,Outflow,187
6,-1242007014_CO,TSS,Outflow,187
13,-1242007014_CO,TSS,Outflow,187
19,-1242007014_CO,TSS,Outflow,187
13,-1242007014_CO,TSS,Outflow,187
23,-1242007014_CO,TSS,Outflow,188
25,-1242007014_CO,TSS,Outflow,188
12,-1242007014_CO,TSS,Outflow,188
13,-1242007014_CO,TSS,Outflow,188
531,-1242007014_CO,TSS,Outflow,188
20,-1242007014_CO,TSS,Outflow,189
5,-1242007014_CO,TSS,Outflow,189
47,-1242007014_CO,TSS,Outflow,189
12,-1242007014_CO,TSS,Outflow,189
23,-1242007014_CO,TSS,Outflow,189
20,-1242007014_CO,TSS,Outflow,190
12,-1242007014_CO,TSS,Outflow,190
9,-1242007014_CO,TSS,Outflow,190
5,-1242007014_CO,TSS,Outflow,190
26,-1242007014_CO,TSS,Outflow,190
9,-1242007014_CO,TSS,Outflow,191
5,-1242007014_CO,TSS,Outflow,191
25,-1242007014_CO,TSS,Outflow,191
23,-1242007014_CO,TSS,Outflow,191
20,-1242007014_CO,TSS,Outflow,191
12,-1242007014_CO,TSS,Outflow,192
6,-1242007014_CO,TSS,Outflow,192
27,-1242007014_CO,TSS,Outflow,192
23,-1242007014_CO,TSS,Outflow,192
22,-1242007014_CO,TSS,Outflow,192
23,-1242007014_CO,TSS,Outflow,193
9,-1242007014_CO,TSS,Outflow,193
13,-1242007014_CO,TSS,Outflow,193
13,-1242007014_CO,TSS,Outflow,193
5,-1242007014_CO,TSS,Outflow,193
20,-1242007014_CO,TSS,Outflow,194
22,-1242007014_CO,TSS,Outflow,194
25,-1242007014_CO,TSS,Outflow,194
23,-1242007014_CO,TSS,Outflow,194
5,-1242007014_CO,TSS,Outflow,194
23,-1242007014_CO,TSS,Outflow,195
22,-1242007014_CO,TSS,Outflow,195
25,-1242007014_CO,TSS,Outflow,195
26,-1242007014_CO,TSS,Outflow,195
27,-1242007014_CO,TSS,Outflow,195
12,-1242007014_CO,TSS,Outflow,196
13,-1242007014_CO,TSS,Outflow,196
47,-1242007014_CO,TSS,Outflow,196
27,-1242007014_CO,TSS,Outflow,196
22,-1242007014_CO,TSS,Outflow,196
27,-1242007014_CO,TSS,Outflow,197
22,-1242007014_CO,TSS,Outflow,197
12,-1242007014_CO,TSS,Outflow,197
531,-1242007014_CO,TSS,Outflow,197
5,-1242007014_CO,TSS,Outflow,197
23,-1242007014_CO,TSS,Outflow,198
20,-1242007014_CO,TSS,Outflow,198
12,-1242007014_CO,TSS,Outflow,198
22,-1242007014_CO,TSS,Outflow,198
25,-1242007014_CO,TSS,Outflow,198
531,-1242007014_CO,TSS,Outflow,199
27,-1242007014_CO,TSS,Outflow,199
47,-1242007014_CO,TSS,Outflow,199
9,-1242007014_CO,TSS,Outflow,199
12,-1242007014_CO,TSS,Outflow,199
6,-1242007014_CO,TSS,Outflow,200
5,-1242007014_CO,TSS,Outflow,200
9,-1242007014_CO,TSS,Outflow,200
12,-1242007014_CO,TSS,Outflow,200
22,-1242007014_CO,TSS,Outflow,200
13,-1242007014_CO,TSS,Outflow,201
13,-1242007014_CO,TSS,Outflow,201
23,-1242007014_CO,TSS,Outflow,201
22,-1242007014_CO,TSS,Outflow,201
19,-1242007014_CO,TSS,Outflow,201
27,-1242007014_CO,TSS,Outflow,202
19,-1242007014_CO,TSS,Outflow,202
531,-1242007014_CO,TSS,Outflow,202
5,-1242007014_CO,TSS,Outflow,202
9,-1242007014_CO,TSS,Outflow,202
5,-1242007014_CO,TSS,Outflow,203
19,-1242007014_CO,TSS,Outflow,203
6,-1242007014_CO,TSS,Outflow,203
110,-1242007014_CO,TSS,Outflow,203
23,-1242007014_CO,TSS,Outflow,203
13,-1242007014_CO,TSS,Outflow,204
27,-1242007014_CO,TSS,Outflow,204
27,-1242007014_CO,TSS,Outflow,204
9,-1242007014_CO,TSS,Outflow,204
23,-1242007014_CO,TSS,Outflow,204
20,-1242007014_CO,TSS,Outflow,205
110,-1242007014_CO,TSS,Outflow,205
19,-1242007014_CO,TSS,Outflow,205
23,-1242007014_CO,TSS,Outflow,205
27,-1242007014_CO,TSS,Outflow,205
13,-1242007014_CO,TSS,Outflow,206
47,-1242007014_CO,TSS,Outflow,206
25,-1242007014_CO,TSS,Outflow,206
22,-1242007014_CO,TSS,Outflow,206
531,-1242007014_CO,TSS,Outflow,206
12,-1242007014_CO,TSS,Outflow,207
5,-1242007014_CO,TSS,Outflow,207
47,-1242007014_CO,TSS,Outflow,207
26,-1242007014_CO,TSS,Outflow,207
9,-1242007014_CO,TSS,Outflow,207
5,-1242007014_CO,TSS,Outflow,208
22,-1242007014_CO,TSS,Outflow,208
25,-1242007014_CO,TSS,Outflow,208
9,-1242007014_CO,TSS,Outflow,208
26,-1242007014_CO,TSS,Outflow,208
22,-1242007014_CO,TSS,Outflow,209
19,-1242007014_CO,TSS,Outflow,209
6,-1242007014_CO,TSS,Outflow,209
13,-1242007014_CO,TSS,Outflow,209
9,-1242007014_CO,TSS,Outflow,209
27,-1242007014_CO,TSS,Outflow,210
47,-1242007014_CO,TSS,Outflow,210
20,-1242007014_CO,TSS,Outflow,210
13,-1242007014_CO,TSS,Outflow,210
531,-1242007014_CO,TSS,Outflow,210
25,-1242007014_CO,TSS,Outflow,211
19,-1242007014_CO,TSS,Outflow,211
27,-1242007014_CO,TSS,Outflow,211
9,-1242007014_CO,TSS,Outflow,211
26,-1242007014_CO,TSS,Outflow,211
13,-1242007014_CO,TSS,Outflow,212
23,-1242007014_CO,TSS,Outflow,212
19,-1242007014_CO,TSS,Outflow,212
22,-1242007014_CO,TSS,Outflow,212
9,-1242007014_CO,TSS,Outflow,212
12,-1242007014_CO,TSS,Outflow,213
27,-1242007014_CO,TSS,Outflow,213
13,-1242007014_CO,TSS,Outflow,213
47,-1242007014_CO,TSS,Outflow,213
22,-1242007014_CO,TSS,Outflow,213
25,-1242007014_CO,TSS,Outflow,214
531,-1242007014_CO,TSS,Outflow,214
26,-1242007014_CO,TSS,Outflow,214
27,-1242007014_CO,TSS,Outflow,214
23,-1242007014_CO,TSS,Outflow,214
25,-1242007014_CO,TSS,Outflow,215
27,-1242007014_CO,TSS,Outflow,215
12,-1242007014_CO,TSS,Outflow,215
110,-1242007014_CO,TSS,Outflow,215
20,-1242007014_CO,TSS,Outflow,215
13,-1242007014_CO,TSS,Outflow,216
9,-1242007014_CO,TSS,Outflow,216
19,-1242007014_CO,TSS,Outflow,216
23,-1242007014_CO,TSS,Outflow,216
110,-1242007014_CO,TSS,Outflow,216
19,-1242007014_CO,TSS,Outflow,217
13,-1242007014_CO,TSS,Outflow,217
5,-1242007014_CO,TSS,Outflow,217
27,-1242007014_CO,TSS,Outflow,217
6,-1242007014_CO,TSS,Outflow,217
20,-1242007014_CO,TSS,Outflow,218
23,-1242007014_CO,TSS,Outflow,218
19,-1242007014_CO,TSS,Outflow,218
110,-1242007014_CO,TSS,Outflow,218
22,-1242007014_CO,TSS,Outflow,218
13,-1242007014_CO,TSS,Outflow,219
26,-1242007014_CO,TSS,Outflow,219
12,-1242007014_CO,TSS,Outflow,219
22,-1242007014_CO,TSS,Outflow,219
110,-1242007014_CO,TSS,Outflow,219
5,-1242007014_CO,TSS,Outflow,220
531,-1242007014_CO,TSS,Outflow,220
47,-1242007014_CO,TSS,Outflow,220
9,-1242007014_CO,TSS,Outflow,220
22,-1242007014_CO,TSS,Outflow,220
9,-1242007014_CO,TSS,Outflow,221
6,-1242007014_CO,TSS,Outflow,221
27,-1242007014_CO,TSS,Outflow,221
22,-1242007014_CO,TSS,Outflow,221
13,-1242007014_CO,TSS,Outflow,221
110,-1242007014_CO,TSS,Outflow,222
12,-1242007014_CO,TSS,Outflow,222
27,-1242007014_CO,TSS,Outflow,222
19,-1242007014_CO,TSS,Outflow,222
22,-1242007014_CO,TSS,Outflow,222
26,-1242007014_CO,TSS,Outflow,223
27,-1242007014_CO,TSS,Outflow,223
25,-1242007014_CO,TSS,Outflow,223
6,-1242007014_CO,TSS,Outflow,223
110,-1242007014_CO,TSS,Outflow,223
19,-1242007014_CO,TSS,Outflow,224
27,-1242007014_CO,TSS,Outflow,224
12,-1242007014_CO,TSS,Outflow,224
110,-1242007014_CO,TSS,Outflow,224
6,-1242007014_CO,TSS,Outflow,224
13,-1242007014_CO,TSS,Outflow,225
26,-1242007014_CO,TSS,Outflow,225
110,-1242007014_CO,TSS,Outflow,225
20,-1242007014_CO,TSS,Outflow,225
12,-1242007014_CO,TSS,Outflow,225
47,-1242007014_CO,TSS,Outflow,226
19,-1242007014_CO,TSS,Outflow,226
5,-1242007014_CO,TSS,Outflow,226
27,-1242007014_CO,TSS,Outflow,226
25,-1242007014_CO,TSS,Outflow,226
9,-1242007014_CO,TSS,Outflow,227
12,-1242007014_CO,TSS,Outflow,227
22,-1242007014_CO,TSS,Outflow,227
23,-1242007014_CO,TSS,Outflow,227
47,-1242007014_CO,TSS,Outflow,227
27,-1242007014_CO,TSS,Outflow,228
531,-1242007014_CO,TSS,Outflow,228
19,-1242007014_CO,TSS,Outflow,228
22,-1242007014_CO,TSS,Outflow,228
9,-1242007014_CO,TSS,Outflow,228
20,-1242007014_CO,TSS,Outflow,229
47,-1242007014_CO,TSS,Outflow,229
531,-1242007014_CO,TSS,Outflow,229
25,-1242007014_CO,TSS,Outflow,229
12,-1242007014_CO,TSS,Outflow,229
6,-1242007014_CO,TSS,Outflow,230
27,-1242007014_CO,TSS,Outflow,230
22,-1242007014_CO,TSS,Outflow,230
5,-1242007014_CO,TSS,Outflow,230
23,-1242007014_CO,TSS,Outflow,230
22,-1242007014_CO,TSS,Outflow,231
5,-1242007014_CO,TSS,Outflow,231
531,-1242007014_CO,TSS,Outflow,231
26,-1242007014_CO,TSS,Outflow,231
19,-1242007014_CO,TSS,Outflow,231
25,-1242007014_CO,TSS,Outflow,232
22,-1242007014_CO,TSS,Outflow,232
12,-1242007014_CO,TSS,Outflow,232
6,-1242007014_CO,TSS,Outflow,232
13,-1242007014_CO,TSS,Outflow,232
531,-1242007014_CO,TSS,Outflow,233
110,-1242007014_CO,TSS,Outflow,233
5,-1242007014_CO,TSS,Outflow,233
6,-1242007014_CO,TSS,Outflow,233
13,-1242007014_CO,TSS,Outflow,233
13,-1242007014_CO,TSS,Outflow,234
20,-1242007014_CO,TSS,Outflow,234
26,-1242007014_CO,TSS,Outflow,234
27,-1242007014_CO,TSS,Outflow,234
22,-1242007014_CO,TSS,Outflow,234
47,-1242007014_CO,TSS,Outflow,235
13,-1242007014_CO,TSS,Outflow,235
531,-1242007014_CO,TSS,Outflow,235
27,-1242007014_CO,TSS,Outflow,235
20,-1242007014_CO,TSS,Outflow,235
27,-1242007014_CO,TSS,Outflow,236
13,-1242007014_CO,TSS,Outflow,236
25,-1242007014_CO,TSS,Outflow,236
110,-1242007014_CO,TSS,Outflow,236
13,-1242007014_CO,TSS,Outflow,236
12,-1242007014_CO,TSS,Outflow,237
47,-1242007014_CO,TSS,Outflow,237
27,-1242007014_CO,TSS,Outflow,237
25,-1242007014_CO,TSS,Outflow,237
6,-1242007014_CO,TSS,Outflow,237
22,-1242007014_CO,TSS,Outflow,238
531,-1242007014_CO,TSS,Outflow,238
5,-1242007014_CO,TSS,Outflow,238
13,-1242007014_CO,TSS,Outflow,238
25,-1242007014_CO,TSS,Outflow,238
25,-1242007014_CO,TSS,Outflow,239
531,-1242007014_CO,TSS,Outflow,239
22,-1242007014_CO,TSS,Outflow,239
5,-1242007014_CO,TSS,Outflow,239
13,-1242007014_CO,TSS,Outflow,239
23,-1242007014_CO,TSS,Outflow,240
47,-1242007014_CO,TSS,Outflow,240
12,-1242007014_CO,TSS,Outflow,240
13,-1242007014_CO,TSS,Outflow,240
9,-1242007014_CO,TSS,Outflow,240
6,-1242007014_CO,TSS,Outflow,241
13,-1242007014_CO,TSS,Outflow,241
27,-1242007014_CO,TSS,Outflow,241
110,-1242007014_CO,TSS,Outflow,241
27,-1242007014_CO,TSS,Outflow,241
27,-1242007014_CO,TSS,Outflow,242
26,-1242007014_CO,TSS,Outflow,242
22,-1242007014_CO,TSS,Outflow,242
12,-1242007014_CO,TSS,Outflow,242
9,-1242007014_CO,TSS,Outflow,242
13,-1242007014_CO,TSS,Outflow,243
13,-1242007014_CO,TSS,Outflow,243
110,-1242007014_CO,TSS,Outflow,243
9,-1242007014_CO,TSS,Outflow,243
20,-1242007014_CO,TSS,Outflow,243
531,-1242007014_CO,TSS,Outflow,244
26,-1242007014_CO,TSS,Outflow,244
12,-1242007014_CO,TSS,Outflow,244
20,-1242007014_CO,TSS,Outflow,244
22,-1242007014_CO,TSS,Outflow,244
5,-1242007014_CO,TSS,Outflow,245
531,-1242007014_CO,TSS,Outflow,245
6,-1242007014_CO,TSS,Outflow,245
13,-1242007014_CO,TSS,Outflow,245
26,-1242007014_CO,TSS,Outflow,245
5,-1242007014_CO,TSS,Outflow,246
25,-1242007014_CO,TSS,Outflow,246
19,-1242007014_CO,TSS,Outflow,246
22,-1242007014_CO,TSS,Outflow,246
23,-1242007014_CO,TSS,Outflow,246
27,-1242007014_CO,TSS,Outflow,247
13,-1242007014_CO,TSS,Outflow,247
23,-1242007014_CO,TSS,Outflow,247
531,-1242007014_CO,TSS,Outflow,247
6,-1242007014_CO,TSS,Outflow,247
13,-1242007014_CO,TSS,Outflow,248
110,-1242007014_CO,TSS,Outflow,248
20,-1242007014_CO,TSS,Outflow,248
26,-1242007014_CO,TSS,Outflow,248
47,-1242007014_CO,TSS,Outflow,248
22,-1242007014_CO,TSS,Outflow,249
47,-1242007014_CO,TSS,Outflow,249
531,-1242007014_CO,TSS,Outflow,249
20,-1242007014_CO,TSS,Outflow,249
19,-1242007014_CO,TSS,Outflow,249
6,-1242007014_CO,TSS,Outflow,250
110,-1242007014_CO,TSS,Outflow,250
19,-1242007014_CO,TSS,Outflow,250
22,-1242007014_CO,TSS,Outflow,250
23,-1242007014_CO,TSS,Outflow,250
5,-1242007014_CO,TSS,Outflow,251
6,-1242007014_CO,TSS,Outflow,251
22,-1242007014_CO,TSS,Outflow,251
19,-1242007014_CO,TSS,Outflow,251
12,-1242007014_CO,TSS,Outflow,251
27,-1242007014_CO,TSS,Outflow,252
13,-1242007014_CO,TSS,Outflow,252
23,-1242007014_CO,TSS,Outflow,252
47,-1242007014_CO,TSS,Outflow,252
9,-1242007014_CO,TSS,Outflow,252
5,-1242007014_CO,TSS,Outflow,253
25,-1242007014_CO,TSS,Outflow,253
47,-1242007014_CO,TSS,Outflow,253
13,-1242007014_CO,TSS,Outflow,253
13,-1242007014_CO,TSS,Outflow,253
531,-1242007014_CO,TSS,Outflow,254
13,-1242007014_CO,TSS,Outflow,254
22,-1242007014_CO,TSS,Outflow,254
5,-1242007014_CO,TSS,Outflow,254
26,-1242007014_CO,TSS,Outflow,254
531,-1242007014_CO,TSS,Outflow,255
23,-1242007014_CO,TSS,Outflow,255
13,-1242007014_CO,TSS,Outflow,255
47,-1242007014_CO,TSS,Outflow,255
9,-1242007014_CO,TSS,Outflow,255
25,-1242007014_CO,TSS,Outflow,256
12,-1242007014_CO,TSS,Outflow,256
26,-1242007014_CO,TSS,Outflow,256
19,-1242007014_CO,TSS,Outflow,256
5,-1242007014_CO,TSS,Outflow,256
6,-1242007014_CO,TSS,Outflow,257
26,-1242007014_CO,TSS,Outflow,257
27,-1242007014_CO,TSS,Outflow,257
23,-1242007014_CO,TSS,Outflow,257
12,-1242007014_CO,TSS,Outflow,257
12,-1242007014_CO,TSS,Outflow,258
13,-1242007014_CO,TSS,Outflow,258
26,-1242007014_CO,TSS,Outflow,258
20,-1242007014_CO,TSS,Outflow,258
110,-1242007014_CO,TSS,Outflow,258
47,-1242007014_CO,TSS,Outflow,259
5,-1242007014_CO,TSS,Outflow,259
23,-1242007014_CO,TSS,Outflow,259
19,-1242007014_CO,TSS,Outflow,259
110,-1242007014_CO,TSS,Outflow,259
23,-1242007014_CO,TSS,Outflow,260
531,-1242007014_CO,TSS,Outflow,260
27,-1242007014_CO,TSS,Outflow,260
22,-1242007014_CO,TSS,Outflow,260
6,-1242007014_CO,TSS,Outflow,260
6,-1242007014_CO,TSS,Outflow,261
12,-1242007014_CO,TSS,Outflow,261
13,-1242007014_CO,TSS,Outflow,261
13,-1242007014_CO,TSS,Outflow,261
26,-1242007014_CO,TSS,Outflow,261
12,-1242007014_CO,TSS,Outflow,262
5,-1242007014_CO,TSS,Outflow,262
110,-1242007014_CO,TSS,Outflow,262
27,-1242007014_CO,TSS,Outflow,262
25,-1242007014_CO,TSS,Outflow,262
27,-1242007014_CO,TSS,Outflow,263
47,-1242007014_CO,TSS,Outflow,263
9,-1242007014_CO,TSS,Outflow,263
110,-1242007014_CO,TSS,Outflow,263
25,-1242007014_CO,TSS,Outflow,263
25,-1242007014_CO,TSS,Outflow,264
12,-1242007014_CO,TSS,Outflow,264
6,-1242007014_CO,TSS,Outflow,264
13,-1242007014_CO,TSS,Outflow,264
531,-1242007014_CO,TSS,Outflow,264
22,-1242007014_CO,TSS,Outflow,265
9,-1242007014_CO,TSS,Outflow,265
5,-1242007014_CO,TSS,Outflow,265
25,-1242007014_CO,TSS,Outflow,265
27,-1242007014_CO,TSS,Outflow,265
12,-1242007014_CO,TSS,Outflow,266
5,-1242007014_CO,TSS,Outflow,266
13,-1242007014_CO,TSS,Outflow,266
20,-1242007014_CO,TSS,Outflow,266
6,-1242007014_CO,TSS,Outflow,266
27,-1242007014_CO,TSS,Outflow,267
27,-1242007014_CO,TSS,Outflow,267
23,-1242007014_CO,TSS,Outflow,267
531,-1242007014_CO,TSS,Outflow,267
6,-1242007014_CO,TSS,Outflow,267
23,-1242007014_CO,TSS,Outflow,268
27,-1242007014_CO,TSS,Outflow,268
6,-1242007014_CO,TSS,Outflow,268
19,-1242007014_CO,TSS,Outflow,268
13,-1242007014_CO,TSS,Outflow,268
6,-1242007014_CO,TSS,Outflow,269
26,-1242007014_CO,TSS,Outflow,269
110,-1242007014_CO,TSS,Outflow,269
19,-1242007014_CO,TSS,Outflow,269
20,-1242007014_CO,TSS,Outflow,269
23,-1242007014_CO,TSS,Outflow,270
19,-1242007014_CO,TSS,Outflow,270
13,-1242007014_CO,TSS,Outflow,270
110,-1242007014_CO,TSS,Outflow,270
5,-1242007014_CO,TSS,Outflow,270
27,-1242007014_CO,TSS,Outflow,271
19,-1242007014_CO,TSS,Outflow,271
13,-1242007014_CO,TSS,Outflow,271
110,-1242007014_CO,TSS,Outflow,271
5,-1242007014_CO,TSS,Outflow,271
9,-1242007014_CO,TSS,Outflow,272
13,-1242007014_CO,TSS,Outflow,272
6,-1242007014_CO,TSS,Outflow,272
27,-1242007014_CO,TSS,Outflow,272
531,-1242007014_CO,TSS,Outflow,272
47,-1242007014_CO,TSS,Outflow,273
23,-1242007014_CO,TSS,Outflow,273
20,-1242007014_CO,TSS,Outflow,273
6,-1242007014_CO,TSS,Outflow,273
12,-1242007014_CO,TSS,Outflow,273
9,-1242007014_CO,TSS,Outflow,274
13,-1242007014_CO,TSS,Outflow,274
13,-1242007014_CO,TSS,Outflow,274
531,-1242007014_CO,TSS,Outflow,274
5,-1242007014_CO,TSS,Outflow,274
12,-1242007014_CO,TSS,Outflow,275
23,-1242007014_CO,TSS,Outflow,275
25,-1242007014_CO,TSS,Outflow,275
27,-1242007014_CO,TSS,Outflow,275
47,-1242007014_CO,TSS,Outflow,275
9,-1242007014_CO,TSS,Outflow,276
5,-1242007014_CO,TSS,Outflow,276
19,-1242007014_CO,TSS,Outflow,276
12,-1242007014_CO,TSS,Outflow,276
110,-1242007014_CO,TSS,Outflow,276
13,-1242007014_CO,TSS,Outflow,277
19,-1242007014_CO,TSS,Outflow,277
12,-1242007014_CO,TSS,Outflow,277
25,-1242007014_CO,TSS,Outflow,277
531,-1242007014_CO,TSS,Outflow,277
19,-1242007014_CO,TSS,Outflow,278
531,-1242007014_CO,TSS,Outflow,278
27,-1242007014_CO,TSS,Outflow,278
13,-1242007014_CO,TSS,Outflow,278
9,-1242007014_CO,TSS,Outflow,278
22,-1242007014_CO,TSS,Outflow,279
531,-1242007014_CO,TSS,Outflow,279
12,-1242007014_CO,TSS,Outflow,279
20,-1242007014_CO,TSS,Outflow,279
13,-1242007014_CO,TSS,Outflow,279
27,-1242007014_CO,TSS,Outflow,280
531,-1242007014_CO,TSS,Outflow,280
12,-1242007014_CO,TSS,Outflow,280
23,-1242007014_CO,TSS,Outflow,280
5,-1242007014_CO,TSS,Outflow,280
20,-1242007014_CO,TSS,Outflow,281
9,-1242007014_CO,TSS,Outflow,281
6,-1242007014_CO,TSS,Outflow,281
19,-1242007014_CO,TSS,Outflow,281
13,-1242007014_CO,TSS,Outflow,281
6,-1242007014_CO,TSS,Outflow,282
25,-1242007014_CO,TSS,Outflow,282
47,-1242007014_CO,TSS,Outflow,282
13,-1242007014_CO,TSS,Outflow,282
13,-1242007014_CO,TSS,Outflow,282
13,-1242007014_CO,TSS,Outflow,283
23,-1242007014_CO,TSS,Outflow,283
47,-1242007014_CO,TSS,Outflow,283
19,-1242007014_CO,TSS,Outflow,283
531,-1242007014_CO,TSS,Outflow,283
6,-1242007014_CO,TSS,Outflow,284
13,-1242007014_CO,TSS,Outflow,284
25,-1242007014_CO,TSS,Outflow,284
20,-1242007014_CO,TSS,Outflow,284
19,-1242007014_CO,TSS,Outflow,284
27,-1242007014_CO,TSS,Outflow,285
13,-1242007014_CO,TSS,Outflow,285
19,-1242007014_CO,TSS,Outflow,285
20,-1242007014_CO,TSS,Outflow,285
12,-1242007014_CO,TSS,Outflow,285
110,-1242007014_CO,TSS,Outflow,286
13,-1242007014_CO,TSS,Outflow,286
27,-1242007014_CO,TSS,Outflow,286
26,-1242007014_CO,TSS,Outflow,286
531,-1242007014_CO,TSS,Outflow,286
6,-1242007014_CO,TSS,Outflow,287
25,-1242007014_CO,TSS,Outflow,287
13,-1242007014_CO,TSS,Outflow,287
27,-1242007014_CO,TSS,Outflow,287
26,-1242007014_CO,TSS,Outflow,287
13,-1242007014_CO,TSS,Outflow,288
20,-1242007014_CO,TSS,Outflow,288
110,-1242007014_CO,TSS,Outflow,288
13,-1242007014_CO,TSS,Outflow,288
6,-1242007014_CO,TSS,Outflow,288
20,-1242007014_CO,TSS,Outflow,289
23,-1242007014_CO,TSS,Outflow,289
110,-1242007014_CO,TSS,Outflow,289
5,-1242007014_CO,TSS,Outflow,289
12,-1242007014_CO,TSS,Outflow,289
13,-1242007014_CO,TSS,Outflow,290
19,-1242007014_CO,TSS,Outflow,290
22,-1242007014_CO,TSS,Outflow,290
110,-1242007014_CO,TSS,Outflow,290
5,-1242007014_CO,TSS,Outflow,290
25,-1242007014_CO,TSS,Outflow,291
19,-1242007014_CO,TSS,Outflow,291
12,-1242007014_CO,TSS,Outflow,291
531,-1242007014_CO,TSS,Outflow,291
20,-1242007014_CO,TSS,Outflow,291
23,-1242007014_CO,TSS,Outflow,292
27,-1242007014_CO,TSS,Outflow,292
20,-1242007014_CO,TSS,Outflow,292
47,-1242007014_CO,TSS,Outflow,292
13,-1242007014_CO,TSS,Outflow,292
27,-1242007014_CO,TSS,Outflow,293
27,-1242007014_CO,TSS,Outflow,293
26,-1242007014_CO,TSS,Outflow,293
12,-1242007014_CO,TSS,Outflow,293
19,-1242007014_CO,TSS,Outflow,293
13,-1242007014_CO,TSS,Outflow,294
110,-1242007014_CO,TSS,Outflow,294
23,-1242007014_CO,TSS,Outflow,294
27,-1242007014_CO,TSS,Outflow,294
9,-1242007014_CO,TSS,Outflow,294
27,-1242007014_CO,TSS,Outflow,295
22,-1242007014_CO,TSS,Outflow,295
110,-1242007014_CO,TSS,Outflow,295
13,-1242007014_CO,TSS,Outflow,295
6,-1242007014_CO,TSS,Outflow,295
47,-1242007014_CO,TSS,Outflow,296
26,-1242007014_CO,TSS,Outflow,296
23,-1242007014_CO,TSS,Outflow,296
12,-1242007014_CO,TSS,Outflow,296
22,-1242007014_CO,TSS,Outflow,296
13,-1242007014_CO,TSS,Outflow,297
23,-1242007014_CO,TSS,Outflow,297
26,-1242007014_CO,TSS,Outflow,297
25,-1242007014_CO,TSS,Outflow,297
12,-1242007014_CO,TSS,Outflow,297
13,-1242007014_CO,TSS,Outflow,298
47,-1242007014_CO,TSS,Outflow,298
20,-1242007014_CO,TSS,Outflow,298
26,-1242007014_CO,TSS,Outflow,298
110,-1242007014_CO,TSS,Outflow,298
22,-1242007014_CO,TSS,Outflow,299
13,-1242007014_CO,TSS,Outflow,299
13,-1242007014_CO,TSS,Outflow,299
6,-1242007014_CO,TSS,Outflow,299
9,-1242007014_CO,TSS,Outflow,299
27,-1242007014_CO,TSS,Outflow,300
5,-1242007014_CO,TSS,Outflow,300
22,-1242007014_CO,TSS,Outflow,300
531,-1242007014_CO,TSS,Outflow,300
20,-1242007014_CO,TSS,Outflow,300
13,-1242007014_CO,TSS,Outflow,301
19,-1242007014_CO,TSS,Outflow,301
26,-1242007014_CO,TSS,Outflow,301
23,-1242007014_CO,TSS,Outflow,301
12,-1242007014_CO,TSS,Outflow,301
23,-1242007014_CO,TSS,Outflow,302
531,-1242007014_CO,TSS,Outflow,302
5,-1242007014_CO,TSS,Outflow,302
110,-1242007014_CO,TSS,Outflow,302
6,-1242007014_CO,TSS,Outflow,302
27,-1242007014_CO,TSS,Outflow,303
12,-1242007014_CO,TSS,Outflow,303
531,-1242007014_CO,TSS,Outflow,303
20,-1242007014_CO,TSS,Outflow,303
22,-1242007014_CO,TSS,Outflow,303
47,-1242007014_CO,TSS,Outflow,304
12,-1242007014_CO,TSS,Outflow,304
531,-1242007014_CO,TSS,Outflow,304
27,-1242007014_CO,TSS,Outflow,304
13,-1242007014_CO,TSS,Outflow,304
9,-1242007014_CO,TSS,Outflow,305
110,-1242007014_CO,TSS,Outflow,305
531,-1242007014_CO,TSS,Outflow,305
19,-1242007014_CO,TSS,Outflow,305
5,-1242007014_CO,TSS,Outflow,305
23,-1242007014_CO,TSS,Outflow,306
25,-1242007014_CO,TSS,Outflow,306
13,-1242007014_CO,TSS,Outflow,306
22,-1242007014_CO,TSS,Outflow,306
26,-1242007014_CO,TSS,Outflow,306
110,-1242007014_CO,TSS,Outflow,307
26,-1242007014_CO,TSS,Outflow,307
19,-1242007014_CO,TSS,Outflow,307
22,-1242007014_CO,TSS,Outflow,307
13,-1242007014_CO,TSS,Outflow,307
13,-1242007014_CO,TSS,Outflow,308
6,-1242007014_CO,TSS,Outflow,308
26,-1242007014_CO,TSS,Outflow,308
27,-1242007014_CO,TSS,Outflow,308
23,-1242007014_CO,TSS,Outflow,308
23,-1242007014_CO,TSS,Outflow,309
19,-1242007014_CO,TSS,Outflow,309
6,-1242007014_CO,TSS,Outflow,309
110,-1242007014_CO,TSS,Outflow,309
25,-1242007014_CO,TSS,Outflow,309
13,-1242007014_CO,TSS,Outflow,310
27,-1242007014_CO,TSS,Outflow,310
110,-1242007014_CO,TSS,Outflow,310
25,-1242007014_CO,TSS,Outflow,310
47,-1242007014_CO,TSS,Outflow,310
6,-1242007014_CO,TSS,Outflow,311
110,-1242007014_CO,TSS,Outflow,311
26,-1242007014_CO,TSS,Outflow,311
13,-1242007014_CO,TSS,Outflow,311
531,-1242007014_CO,TSS,Outflow,311
531,-1242007014_CO,TSS,Outflow,312
12,-1242007014_CO,TSS,Outflow,312
27,-1242007014_CO,TSS,Outflow,312
20,-1242007014_CO,TSS,Outflow,312
27,-1242007014_CO,TSS,Outflow,312
531,-1242007014_CO,TSS,Outflow,313
6,-1242007014_CO,TSS,Outflow,313
47,-1242007014_CO,TSS,Outflow,313
26,-1242007014_CO,TSS,Outflow,313
23,-1242007014_CO,TSS,Outflow,313
531,-1242007014_CO,TSS,Outflow,314
13,-1242007014_CO,TSS,Outflow,314
110,-1242007014_CO,TSS,Outflow,314
12,-1242007014_CO,TSS,Outflow,314
5,-1242007014_CO,TSS,Outflow,314
531,-1242007014_CO,TSS,Outflow,315
27,-1242007014_CO,TSS,Outflow,315
22,-1242007014_CO,TSS,Outflow,315
13,-1242007014_CO,TSS,Outflow,315
6,-1242007014_CO,TSS,Outflow,315
25,-1242007014_CO,TSS,Outflow,316
6,-1242007014_CO,TSS,Outflow,316
110,-1242007014_CO,TSS,Outflow,316
13,-1242007014_CO,TSS,Outflow,316
26,-1242007014_CO,TSS,Outflow,316
20,-1242007014_CO,TSS,Outflow,317
22,-1242007014_CO,TSS,Outflow,317
110,-1242007014_CO,TSS,Outflow,317
27,-1242007014_CO,TSS,Outflow,317
13,-1242007014_CO,TSS,Outflow,317
5,-1242007014_CO,TSS,Outflow,318
20,-1242007014_CO,TSS,Outflow,318
26,-1242007014_CO,TSS,Outflow,318
22,-1242007014_CO,TSS,Outflow,318
6,-1242007014_CO,TSS,Outflow,318
13,-1242007014_CO,TSS,Outflow,319
27,-1242007014_CO,TSS,Outflow,319
12,-1242007014_CO,TSS,Outflow,319
110,-1242007014_CO,TSS,Outflow,319
47,-1242007014_CO,TSS,Outflow,319
19,-1242007014_CO,TSS,Outflow,320
22,-1242007014_CO,TSS,Outflow,320
27,-1242007014_CO,TSS,Outflow,320
13,-1242007014_CO,TSS,Outflow,320
27,-1242007014_CO,TSS,Outflow,320
23,-1242007014_CO,TSS,Outflow,321
110,-1242007014_CO,TSS,Outflow,321
6,-1242007014_CO,TSS,Outflow,321
25,-1242007014_CO,TSS,Outflow,321
20,-1242007014_CO,TSS,Outflow,321
6,-1242007014_CO,TSS,Outflow,322
20,-1242007014_CO,TSS,Outflow,322
9,-1242007014_CO,TSS,Outflow,322
110,-1242007014_CO,TSS,Outflow,322
26,-1242007014_CO,TSS,Outflow,322
531,-1242007014_CO,TSS,Outflow,323
110,-1242007014_CO,TSS,Outflow,323
5,-1242007014_CO,TSS,Outflow,323
25,-1242007014_CO,TSS,Outflow,323
20,-1242007014_CO,TSS,Outflow,323
13,-1242007014_CO,TSS,Outflow,324
27,-1242007014_CO,TSS,Outflow,324
13,-1242007014_CO,TSS,Outflow,324
25,-1242007014_CO,TSS,Outflow,324
9,-1242007014_CO,TSS,Outflow,324
27,-1242007014_CO,TSS,Outflow,325
19,-1242007014_CO,TSS,Outflow,325
23,-1242007014_CO,TSS,Outflow,325
6,-1242007014_CO,TSS,Outflow,325
26,-1242007014_CO,TSS,Outflow,325
25,-1242007014_CO,TSS,Outflow,326
6,-1242007014_CO,TSS,Outflow,326
27,-1242007014_CO,TSS,Outflow,326
19,-1242007014_CO,TSS,Outflow,326
22,-1242007014_CO,TSS,Outflow,326
26,-1242007014_CO,TSS,Outflow,327
25,-1242007014_CO,TSS,Outflow,327
20,-1242007014_CO,TSS,Outflow,327
6,-1242007014_CO,TSS,Outflow,327
5,-1242007014_CO,TSS,Outflow,327
110,-1242007014_CO,TSS,Outflow,328
23,-1242007014_CO,TSS,Outflow,328
531,-1242007014_CO,TSS,Outflow,328
27,-1242007014_CO,TSS,Outflow,328
25,-1242007014_CO,TSS,Outflow,328
27,-1242007014_CO,TSS,Outflow,329
531,-1242007014_CO,TSS,Outflow,329
47,-1242007014_CO,TSS,Outflow,329
9,-1242007014_CO,TSS,Outflow,329
12,-1242007014_CO,TSS,Outflow,329
27,-1242007014_CO,TSS,Outflow,330
26,-1242007014_CO,TSS,Outflow,330
25,-1242007014_CO,TSS,Outflow,330
22,-1242007014_CO,TSS,Outflow,330
20,-1242007014_CO,TSS,Outflow,330
12,-1242007014_CO,TSS,Outflow,331
22,-1242007014_CO,TSS,Outflow,331
23,-1242007014_CO,TSS,Outflow,331
13,-1242007014_CO,TSS,Outflow,331
27,-1242007014_CO,TSS,Outflow,331
6,-1242007014_CO,TSS,Outflow,332
26,-1242007014_CO,TSS,Outflow,332
27,-1242007014_CO,TSS,Outflow,332
13,-1242007014_CO,TSS,Outflow,332
20,-1242007014_CO,TSS,Outflow,332
26,-1242007014_CO,TSS,Outflow,333
13,-1242007014_CO,TSS,Outflow,333
20,-1242007014_CO,TSS,Outflow,333
13,-1242007014_CO,TSS,Outflow,333
27,-1242007014_CO,TSS,Outflow,333
531,-1242007014_CO,TSS,Outflow,334
27,-1242007014_CO,TSS,Outflow,334
19,-1242007014_CO,TSS,Outflow,334
22,-1242007014_CO,TSS,Outflow,334
26,-1242007014_CO,TSS,Outflow,334
26,-1242007014_CO,TSS,Outflow,335
23,-1242007014_CO,TSS,Outflow,335
25,-1242007014_CO,TSS,Outflow,335
20,-1242007014_CO,TSS,Outflow,335
110,-1242007014_CO,TSS,Outflow,335
27,-1242007014_CO,TSS,Outflow,336
23,-1242007014_CO,TSS,Outflow,336
5,-1242007014_CO,TSS,Outflow,336
6,-1242007014_CO,TSS,Outflow,336
13,-1242007014_CO,TSS,Outflow,336
12,-1242007014_CO,TSS,Outflow,337
25,-1242007014_CO,TSS,Outflow,337
110,-1242007014_CO,TSS,Outflow,337
26,-1242007014_CO,TSS,Outflow,337
27,-1242007014_CO,TSS,Outflow,337
26,-1242007014_CO,TSS,Outflow,338
27,-1242007014_CO,TSS,Outflow,338
531,-1242007014_CO,TSS,Outflow,338
110,-1242007014_CO,TSS,Outflow,338
47,-1242007014_CO,TSS,Outflow,338
27,-1242007014_CO,TSS,Outflow,339
23,-1242007014_CO,TSS,Outflow,339
6,-1242007014_CO,TSS,Outflow,339
531,-1242007014_CO,TSS,Outflow,339
20,-1242007014_CO,TSS,Outflow,339
27,-1242007014_CO,TSS,Outflow,340
12,-1242007014_CO,TSS,Outflow,340
13,-1242007014_CO,TSS,Outflow,340
25,-1242007014_CO,TSS,Outflow,340
27,-1242007014_CO,TSS,Outflow,340
27,-1242007014_CO,TSS,Outflow,341
9,-1242007014_CO,TSS,Outflow,341
13,-1242007014_CO,TSS,Outflow,341
5,-1242007014_CO,TSS,Outflow,341
12,-1242007014_CO,TSS,Outflow,341
19,-1242007014_CO,TSS,Outflow,342
12,-1242007014_CO,TSS,Outflow,342
6,-1242007014_CO,TSS,Outflow,342
25,-1242007014_CO,TSS,Outflow,342
20,-1242007014_CO,TSS,Outflow,342
5,-1242007014_CO,TSS,Outflow,343
25,-1242007014_CO,TSS,Outflow,343
26,-1242007014_CO,TSS,Outflow,343
6,-1242007014_CO,TSS,Outflow,343
27,-1242007014_CO,TSS,Outflow,343
20,-1242007014_CO,TSS,Outflow,344
531,-1242007014_CO,TSS,Outflow,344
110,-1242007014_CO,TSS,Outflow,344
6,-1242007014_CO,TSS,Outflow,344
27,-1242007014_CO,TSS,Outflow,344
9,-1242007014_CO,TSS,Outflow,345
23,-1242007014_CO,TSS,Outflow,345
26,-1242007014_CO,TSS,Outflow,345
22,-1242007014_CO,TSS,Outflow,345
27,-1242007014_CO,TSS,Outflow,345
9,-1242007014_CO,TSS,Outflow,346
27,-1242007014_CO,TSS,Outflow,346
22,-1242007014_CO,TSS,Outflow,346
26,-1242007014_CO,TSS,Outflow,346
25,-1242007014_CO,TSS,Outflow,346
110,-1242007014_CO,TSS,Outflow,347
13,-1242007014_CO,TSS,Outflow,347
47,-1242007014_CO,TSS,Outflow,347
19,-1242007014_CO,TSS,Outflow,347
23,-1242007014_CO,TSS,Outflow,347
19,-1242007014_CO,TSS,Outflow,348
531,-1242007014_CO,TSS,Outflow,348
9,-1242007014_CO,TSS,Outflow,348
13,-1242007014_CO,TSS,Outflow,348
13,-1242007014_CO,TSS,Outflow,348
110,-1242007014_CO,TSS,Outflow,349
9,-1242007014_CO,TSS,Outflow,349
12,-1242007014_CO,TSS,Outflow,349
47,-1242007014_CO,TSS,Outflow,349
20,-1242007014_CO,TSS,Outflow,349
5,-1242007014_CO,TSS,Outflow,350
47,-1242007014_CO,TSS,Outflow,350
531,-1242007014_CO,TSS,Outflow,350
6,-1242007014_CO,TSS,Outflow,350
13,-1242007014_CO,TSS,Outflow,350
19,-1242007014_CO,TSS,Outflow,351
22,-1242007014_CO,TSS,Outflow,351
531,-1242007014_CO,TSS,Outflow,351
9,-1242007014_CO,TSS,Outflow,351
47,-1242007014_CO,TSS,Outflow,351
20,-1242007014_CO,TSS,Outflow,352
47,-1242007014_CO,TSS,Outflow,352
6,-1242007014_CO,TSS,Outflow,352
22,-1242007014_CO,TSS,Outflow,352
27,-1242007014_CO,TSS,Outflow,352
22,-1242007014_CO,TSS,Outflow,353
9,-1242007014_CO,TSS,Outflow,353
13,-1242007014_CO,TSS,Outflow,353
25,-1242007014_CO,TSS,Outflow,353
47,-1242007014_CO,TSS,Outflow,353
13,-1242007014_CO,TSS,Outflow,354
12,-1242007014_CO,TSS,Outflow,354
6,-1242007014_CO,TSS,Outflow,354
9,-1242007014_CO,TSS,Outflow,354
27,-1242007014_CO,TSS,Outflow,354
27,-1242007014_CO,TSS,Outflow,355
25,-1242007014_CO,TSS,Outflow,355
23,-1242007014_CO,TSS,Outflow,355
19,-1242007014_CO,TSS,Outflow,355
12,-1242007014_CO,TSS,Outflow,355
6,-1242007014_CO,TSS,Outflow,356
531,-1242007014_CO,TSS,Outflow,356
13,-1242007014_CO,TSS,Outflow,356
27,-1242007014_CO,TSS,Outflow,356
26,-1242007014_CO,TSS,Outflow,356
20,-1242007014_CO,TSS,Outflow,357
23,-1242007014_CO,TSS,Outflow,357
27,-1242007014_CO,TSS,Outflow,357
19,-1242007014_CO,TSS,Outflow,357
27,-1242007014_CO,TSS,Outflow,357
5,-1242007014_CO,TSS,Outflow,358
110,-1242007014_CO,TSS,Outflow,358
27,-1242007014_CO,TSS,Outflow,358
47,-1242007014_CO,TSS,Outflow,358
23,-1242007014_CO,TSS,Outflow,358
27,-1242007014_CO,TSS,Outflow,359
531,-1242007014_CO,TSS,Outflow,359
22,-1242007014_CO,TSS,Outflow,359
5,-1242007014_CO,TSS,Outflow,359
27,-1242007014_CO,TSS,Outflow,359
12,-1242007014_CO,TSS,Outflow,360
5,-1242007014_CO,TSS,Outflow,360
531,-1242007014_CO,TSS,Outflow,360
27,-1242007014_CO,TSS,Outflow,360
23,-1242007014_CO,TSS,Outflow,360
27,-1242007014_CO,TSS,Outflow,361
13,-1242007014_CO,TSS,Outflow,361
531,-1242007014_CO,TSS,Outflow,361
110,-1242007014_CO,TSS,Outflow,361
22,-1242007014_CO,TSS,Outflow,361
25,-1242007014_CO,TSS,Outflow,362
22,-1242007014_CO,TSS,Outflow,362
27,-1242007014_CO,TSS,Outflow,362
6,-1242007014_CO,TSS,Outflow,362
13,-1242007014_CO,TSS,Outflow,362
13,-1242007014_CO,TSS,Outflow,363
27,-1242007014_CO,TSS,Outflow,363
9,-1242007014_CO,TSS,Outflow,363
23,-1242007014_CO,TSS,Outflow,363
6,-1242007014_CO,TSS,Outflow,363
5,-1242007014_CO,TSS,Outflow,364
13,-1242007014_CO,TSS,Outflow,364
6,-1242007014_CO,TSS,Outflow,364
23,-1242007014_CO,TSS,Outflow,364
25,-1242007014_CO,TSS,Outflow,364
25,-1242007014_CO,TSS,Outflow,365
12,-1242007014_CO,TSS,Outflow,365
19,-1242007014_CO,TSS,Outflow,365
26,-1242007014_CO,TSS,Outflow,365
23,-1242007014_CO,TSS,Outflow,365
12,-1242007014_CO,TSS,Outflow,366
13,-1242007014_CO,TSS,Outflow,366
5,-1242007014_CO,TSS,Outflow,366
6,-1242007014_CO,TSS,Outflow,366
22,-1242007014_CO,TSS,Outflow,366
9,-1242007014_CO,TSS,Outflow,367
27,-1242007014_CO,TSS,Outflow,367
26,-1242007014_CO,TSS,Outflow,367
110,-1242007014_CO,TSS,Outflow,367
47,-1242007014_CO,TSS,Outflow,367
9,-1242007014_CO,TSS,Outflow,368
13,-1242007014_CO,TSS,Outflow,368
12,-1242007014_CO,TSS,Outflow,368
25,-1242007014_CO,TSS,Outflow,368
19,-1242007014_CO,TSS,Outflow,368
5,-1242007014_CO,TSS,Outflow,369
26,-1242007014_CO,TSS,Outflow,369
6,-1242007014_CO,TSS,Outflow,369
47,-1242007014_CO,TSS,Outflow,369
22,-1242007014_CO,TSS,Outflow,369
5,-1242007014_CO,TSS,Outflow,370
25,-1242007014_CO,TSS,Outflow,370
9,-1242007014_CO,TSS,Outflow,370
531,-1242007014_CO,TSS,Outflow,370
47,-1242007014_CO,TSS,Outflow,370
22,-1242007014_CO,TSS,Outflow,371
531,-1242007014_CO,TSS,Outflow,371
6,-1242007014_CO,TSS,Outflow,371
25,-1242007014_CO,TSS,Outflow,371
12,-1242007014_CO,TSS,Outflow,371
9,-1242007014_CO,TSS,Outflow,372
20,-1242007014_CO,TSS,Outflow,372
25,-1242007014_CO,TSS,Outflow,372
27,-1242007014_CO,TSS,Outflow,372
5,-1242007014_CO,TSS,Outflow,372
13,-1242007014_CO,TSS,Outflow,373
19,-1242007014_CO,TSS,Outflow,373
27,-1242007014_CO,TSS,Outflow,373
25,-1242007014_CO,TSS,Outflow,373
9,-1242007014_CO,TSS,Outflow,373
26,-1242007014_CO,TSS,Outflow,374
27,-1242007014_CO,TSS,Outflow,374
5,-1242007014_CO,TSS,Outflow,374
9,-1242007014_CO,TSS,Outflow,374
13,-1242007014_CO,TSS,Outflow,374
20,-1242007014_CO,TSS,Outflow,375
27,-1242007014_CO,TSS,Outflow,375
23,-1242007014_CO,TSS,Outflow,375
19,-1242007014_CO,TSS,Outflow,375
12,-1242007014_CO,TSS,Outflow,375
6,-1242007014_CO,TSS,Outflow,376
19,-1242007014_CO,TSS,Outflow,376
27,-1242007014_CO,TSS,Outflow,376
23,-1242007014_CO,TSS,Outflow,376
110,-1242007014_CO,TSS,Outflow,376
531,-1242007014_CO,TSS,Outflow,377
5,-1242007014_CO,TSS,Outflow,377
23,-1242007014_CO,TSS,Outflow,377
25,-1242007014_CO,TSS,Outflow,377
12,-1242007014_CO,TSS,Outflow,377
22,-1242007014_CO,TSS,Outflow,378
13,-1242007014_CO,TSS,Outflow,378
27,-1242007014_CO,TSS,Outflow,378
27,-1242007014_CO,TSS,Outflow,378
23,-1242007014_CO,TSS,Outflow,378
25,-1242007014_CO,TSS,Outflow,379
20,-1242007014_CO,TSS,Outflow,379
23,-1242007014_CO,TSS,Outflow,379
26,-1242007014_CO,TSS,Outflow,379
12,-1242007014_CO,TSS,Outflow,379
13,-1242007014_CO,TSS,Outflow,380
6,-1242007014_CO,TSS,Outflow,380
5,-1242007014_CO,TSS,Outflow,380
19,-1242007014_CO,TSS,Outflow,380
9,-1242007014_CO,TSS,Outflow,380
531,-1242007014_CO,TSS,Outflow,381
13,-1242007014_CO,TSS,Outflow,381
26,-1242007014_CO,TSS,Outflow,381
20,-1242007014_CO,TSS,Outflow,381
110,-1242007014_CO,TSS,Outflow,381
47,-1242007014_CO,TSS,Outflow,382
531,-1242007014_CO,TSS,Outflow,382
13,-1242007014_CO,TSS,Outflow,382
27,-1242007014_CO,TSS,Outflow,382
6,-1242007014_CO,TSS,Outflow,382
6,-1242007014_CO,TSS,Outflow,383
22,-1242007014_CO,TSS,Outflow,383
9,-1242007014_CO,TSS,Outflow,383
23,-1242007014_CO,TSS,Outflow,383
13,-1242007014_CO,TSS,Outflow,383
20,-1242007014_CO,TSS,Outflow,384
22,-1242007014_CO,TSS,Outflow,384
110,-1242007014_CO,TSS,Outflow,384
23,-1242007014_CO,TSS,Outflow,384
26,-1242007014_CO,TSS,Outflow,384
9,-1242007014_CO,TSS,Outflow,385
25,-1242007014_CO,TSS,Outflow,385
13,-1242007014_CO,TSS,Outflow,385
20,-1242007014_CO,TSS,Outflow,385
12,-1242007014_CO,TSS,Outflow,385
27,-1242007014_CO,TSS,Outflow,386
531,-1242007014_CO,TSS,Outflow,386
27,-1242007014_CO,TSS,Outflow,386
20,-1242007014_CO,TSS,Outflow,386
47,-1242007014_CO,TSS,Outflow,386
25,-1242007014_CO,TSS,Outflow,387
20,-1242007014_CO,TSS,Outflow,387
26,-1242007014_CO,TSS,Outflow,387
6,-1242007014_CO,TSS,Outflow,387
12,-1242007014_CO,TSS,Outflow,387
12,-1242007014_CO,TSS,Outflow,388
26,-1242007014_CO,TSS,Outflow,388
47,-1242007014_CO,TSS,Outflow,388
13,-1242007014_CO,TSS,Outflow,388
9,-1242007014_CO,TSS,Outflow,388
5,-1242007014_CO,TSS,Outflow,389
531,-1242007014_CO,TSS,Outflow,389
9,-1242007014_CO,TSS,Outflow,389
27,-1242007014_CO,TSS,Outflow,389
13,-1242007014_CO,TSS,Outflow,389
110,-1242007014_CO,TSS,Outflow,390
9,-1242007014_CO,TSS,Outflow,390
27,-1242007014_CO,TSS,Outflow,390
6,-1242007014_CO,TSS,Outflow,390
531,-1242007014_CO,TSS,Outflow,390
19,-1242007014_CO,TSS,Outflow,391
110,-1242007014_CO,TSS,Outflow,391
9,-1242007014_CO,TSS,Outflow,391
531,-1242007014_CO,TSS,Outflow,391
20,-1242007014_CO,TSS,Outflow,391
23,-1242007014_CO,TSS,Outflow,392
9,-1242007014_CO,TSS,Outflow,392
27,-1242007014_CO,TSS,Outflow,392
6,-1242007014_CO,TSS,Outflow,392
20,-1242007014_CO,TSS,Outflow,392
22,-1242007014_CO,TSS,Outflow,393
531,-1242007014_CO,TSS,Outflow,393
26,-1242007014_CO,TSS,Outflow,393
27,-1242007014_CO,TSS,Outflow,393
25,-1242007014_CO,TSS,Outflow,393
47,-1242007014_CO,TSS,Outflow,394
13,-1242007014_CO,TSS,Outflow,394
12,-1242007014_CO,TSS,Outflow,394
5,-1242007014_CO,TSS,Outflow,394
13,-1242007014_CO,TSS,Outflow,394
27,-1242007014_CO,TSS,Outflow,395
19,-1242007014_CO,TSS,Outflow,395
6,-1242007014_CO,TSS,Outflow,395
9,-1242007014_CO,TSS,Outflow,395
47,-1242007014_CO,TSS,Outflow,395
47,-1242007014_CO,TSS,Outflow,396
25,-1242007014_CO,TSS,Outflow,396
13,-1242007014_CO,TSS,Outflow,396
20,-1242007014_CO,TSS,Outflow,396
26,-1242007014_CO,TSS,Outflow,396
6,-1242007014_CO,TSS,Outflow,397
19,-1242007014_CO,TSS,Outflow,397
20,-1242007014_CO,TSS,Outflow,397
110,-1242007014_CO,TSS,Outflow,397
9,-1242007014_CO,TSS,Outflow,397
19,-1242007014_CO,TSS,Outflow,398
22,-1242007014_CO,TSS,Outflow,398
23,-1242007014_CO,TSS,Outflow,398
25,-1242007014_CO,TSS,Outflow,398
26,-1242007014_CO,TSS,Outflow,398
13,-1242007014_CO,TSS,Outflow,399
27,-1242007014_CO,TSS,Outflow,399
6,-1242007014_CO,TSS,Outflow,399
12,-1242007014_CO,TSS,Outflow,399
22,-1242007014_CO,TSS,Outflow,399
110,-1242007014_CO,TSS,Outflow,400
5,-1242007014_CO,TSS,Outflow,400
25,-1242007014_CO,TSS,Outflow,400
9,-1242007014_CO,TSS,Outflow,400
20,-1242007014_CO,TSS,Outflow,400
12,-1242007014_CO,TSS,Outflow,401
6,-1242007014_CO,TSS,Outflow,401
110,-1242007014_CO,TSS,Outflow,401
22,-1242007014_CO,TSS,Outflow,401
27,-1242007014_CO,TSS,Outflow,401
9,-1242007014_CO,TSS,Outflow,402
531,-1242007014_CO,TSS,Outflow,402
22,-1242007014_CO,TSS,Outflow,402
12,-1242007014_CO,TSS,Outflow,402
27,-1242007014_CO,TSS,Outflow,402
20,-1242007014_CO,TSS,Outflow,403
13,-1242007014_CO,TSS,Outflow,403
23,-1242007014_CO,TSS,Outflow,403
27,-1242007014_CO,TSS,Outflow,403
6,-1242007014_CO,TSS,Outflow,403
5,-1242007014_CO,TSS,Outflow,404
110,-1242007014_CO,TSS,Outflow,404
27,-1242007014_CO,TSS,Outflow,404
12,-1242007014_CO,TSS,Outflow,404
6,-1242007014_CO,TSS,Outflow,404
531,-1242007014_CO,TSS,Outflow,405
9,-1242007014_CO,TSS,Outflow,405
6,-1242007014_CO,TSS,Outflow,405
13,-1242007014_CO,TSS,Outflow,405
20,-1242007014_CO,TSS,Outflow,405
13,-1242007014_CO,TSS,Outflow,406
27,-1242007014_CO,TSS,Outflow,406
22,-1242007014_CO,TSS,Outflow,406
20,-1242007014_CO,TSS,Outflow,406
6,-1242007014_CO,TSS,Outflow,406
12,-1242007014_CO,TSS,Outflow,407
13,-1242007014_CO,TSS,Outflow,407
25,-1242007014_CO,TSS,Outflow,407
27,-1242007014_CO,TSS,Outflow,407
20,-1242007014_CO,TSS,Outflow,407
23,-1242007014_CO,TSS,Outflow,408
47,-1242007014_CO,TSS,Outflow,408
13,-1242007014_CO,TSS,Outflow,408
13,-1242007014_CO,TSS,Outflow,408
20,-1242007014_CO,TSS,Outflow,408
12,-1242007014_CO,TSS,Outflow,409
531,-1242007014_CO,TSS,Outflow,409
27,-1242007014_CO,TSS,Outflow,409
20,-1242007014_CO,TSS,Outflow,409
13,-1242007014_CO,TSS,Outflow,409
23,-1242007014_CO,TSS,Outflow,410
12,-1242007014_CO,TSS,Outflow,410
13,-1242007014_CO,TSS,Outflow,410
110,-1242007014_CO,TSS,Outflow,410
20,-1242007014_CO,TSS,Outflow,410
9,-1242007014_CO,TSS,Outflow,411
13,-1242007014_CO,TSS,Outflow,411
19,-1242007014_CO,TSS,Outflow,411
6,-1242007014_CO,TSS,Outflow,411
12,-1242007014_CO,TSS,Outflow,411
110,-1242007014_CO,TSS,Outflow,412
13,-1242007014_CO,TSS,Outflow,412
23,-1242007014_CO,TSS,Outflow,412
27,-1242007014_CO,TSS,Outflow,412
25,-1242007014_CO,TSS,Outflow,412
13,-1242007014_CO,TSS,Outflow,413
22,-1242007014_CO,TSS,Outflow,413
25,-1242007014_CO,TSS,Outflow,413
20,-1242007014_CO,TSS,Outflow,413
5,-1242007014_CO,TSS,Outflow,413
19,-1242007014_CO,TSS,Outflow,414
12,-1242007014_CO,TSS,Outflow,414
20,-1242007014_CO,TSS,Outflow,414
13,-1242007014_CO,TSS,Outflow,414
26,-1242007014_CO,TSS,Outflow,414
5,-1242007014_CO,TSS,Outflow,415
9,-1242007014_CO,TSS,Outflow,415
25,-1242007014_CO,TSS,Outflow,415
22,-1242007014_CO,TSS,Outflow,415
12,-1242007014_CO,TSS,Outflow,415
19,-1242007014_CO,TSS,Outflow,416
531,-1242007014_CO,TSS,Outflow,416
25,-1242007014_CO,TSS,Outflow,416
27,-1242007014_CO,TSS,Outflow,416
26,-1242007014_CO,TSS,Outflow,416
26,-1242007014_CO,TSS,Outflow,417
25,-1242007014_CO,TSS,Outflow,417
47,-1242007014_CO,TSS,Outflow,417
531,-1242007014_CO,TSS,Outflow,417
19,-1242007014_CO,TSS,Outflow,417
27,-1242007014_CO,TSS,Outflow,418
23,-1242007014_CO,TSS,Outflow,418
13,-1242007014_CO,TSS,Outflow,418
47,-1242007014_CO,TSS,Outflow,418
20,-1242007014_CO,TSS,Outflow,418
5,-1242007014_CO,TSS,Outflow,419
6,-1242007014_CO,TSS,Outflow,419
26,-1242007014_CO,TSS,Outflow,419
13,-1242007014_CO,TSS,Outflow,419
9,-1242007014_CO,TSS,Outflow,419
23,-1242007014_CO,TSS,Outflow,420
22,-1242007014_CO,TSS,Outflow,420
110,-1242007014_CO,TSS,Outflow,420
13,-1242007014_CO,TSS,Outflow,420
27,-1242007014_CO,TSS,Outflow,420
110,-1242007014_CO,TSS,Outflow,421
531,-1242007014_CO,TSS,Outflow,421
9,-1242007014_CO,TSS,Outflow,421
25,-1242007014_CO,TSS,Outflow,421
47,-1242007014_CO,TSS,Outflow,421
531,-1242007014_CO,TSS,Outflow,422
20,-1242007014_CO,TSS,Outflow,422
6,-1242007014_CO,TSS,Outflow,422
27,-1242007014_CO,TSS,Outflow,422
13,-1242007014_CO,TSS,Outflow,422
27,-1242007014_CO,TSS,Outflow,423
23,-1242007014_CO,TSS,Outflow,423
12,-1242007014_CO,TSS,Outflow,423
20,-1242007014_CO,TSS,Outflow,423
9,-1242007014_CO,TSS,Outflow,423
110,-1242007014_CO,TSS,Outflow,424
27,-1242007014_CO,TSS,Outflow,424
27,-1242007014_CO,TSS,Outflow,424
9,-1242007014_CO,TSS,Outflow,424
13,-1242007014_CO,TSS,Outflow,424
20,-1242007014_CO,TSS,Outflow,425
22,-1242007014_CO,TSS,Outflow,425
26,-1242007014_CO,TSS,Outflow,425
23,-1242007014_CO,TSS,Outflow,425
531,-1242007014_CO,TSS,Outflow,425
9,-1242007014_CO,TSS,Outflow,426
23,-1242007014_CO,TSS,Outflow,426
26,-1242007014_CO,TSS,Outflow,426
19,-1242007014_CO,TSS,Outflow,426
531,-1242007014_CO,TSS,Outflow,426
25,-1242007014_CO,TSS,Outflow,427
9,-1242007014_CO,TSS,Outflow,427
19,-1242007014_CO,TSS,Outflow,427
110,-1242007014_CO,TSS,Outflow,427
23,-1242007014_CO,TSS,Outflow,427
26,-1242007014_CO,TSS,Outflow,428
27,-1242007014_CO,TSS,Outflow,428
6,-1242007014_CO,TSS,Outflow,428
5,-1242007014_CO,TSS,Outflow,428
13,-1242007014_CO,TSS,Outflow,428
6,-1242007014_CO,TSS,Outflow,429
27,-1242007014_CO,TSS,Outflow,429
26,-1242007014_CO,TSS,Outflow,429
13,-1242007014_CO,TSS,Outflow,429
110,-1242007014_CO,TSS,Outflow,429
19,-1242007014_CO,TSS,Outflow,430
531,-1242007014_CO,TSS,Outflow,430
23,-1242007014_CO,TSS,Outflow,430
5,-1242007014_CO,TSS,Outflow,430
13,-1242007014_CO,TSS,Outflow,430
531,-1242007014_CO,TSS,Outflow,431
23,-1242007014_CO,TSS,Outflow,431
9,-1242007014_CO,TSS,Outflow,431
47,-1242007014_CO,TSS,Outflow,431
12,-1242007014_CO,TSS,Outflow,431
19,-1242007014_CO,TSS,Outflow,432
26,-1242007014_CO,TSS,Outflow,432
22,-1242007014_CO,TSS,Outflow,432
13,-1242007014_CO,TSS,Outflow,432
27,-1242007014_CO,TSS,Outflow,432
23,-1242007014_CO,TSS,Outflow,433
47,-1242007014_CO,TSS,Outflow,433
12,-1242007014_CO,TSS,Outflow,433
13,-1242007014_CO,TSS,Outflow,433
9,-1242007014_CO,TSS,Outflow,433
13,-1242007014_CO,TSS,Outflow,434
5,-1242007014_CO,TSS,Outflow,434
25,-1242007014_CO,TSS,Outflow,434
27,-1242007014_CO,TSS,Outflow,434
20,-1242007014_CO,TSS,Outflow,434
531,-1242007014_CO,TSS,Outflow,435
6,-1242007014_CO,TSS,Outflow,435
5,-1242007014_CO,TSS,Outflow,435
12,-1242007014_CO,TSS,Outflow,435
47,-1242007014_CO,TSS,Outflow,435
531,-1242007014_CO,TSS,Outflow,436
19,-1242007014_CO,TSS,Outflow,436
47,-1242007014_CO,TSS,Outflow,436
13,-1242007014_CO,TSS,Outflow,436
27,-1242007014_CO,TSS,Outflow,436
110,-1242007014_CO,TSS,Outflow,437
22,-1242007014_CO,TSS,Outflow,437
23,-1242007014_CO,TSS,Outflow,437
13,-1242007014_CO,TSS,Outflow,437
6,-1242007014_CO,TSS,Outflow,437
12,-1242007014_CO,TSS,Outflow,438
26,-1242007014_CO,TSS,Outflow,438
19,-1242007014_CO,TSS,Outflow,438
9,-1242007014_CO,TSS,Outflow,438
27,-1242007014_CO,TSS,Outflow,438
20,-1242007014_CO,TSS,Outflow,439
13,-1242007014_CO,TSS,Outflow,439
23,-1242007014_CO,TSS,Outflow,439
110,-1242007014_CO,TSS,Outflow,439
12,-1242007014_CO,TSS,Outflow,439
27,-1242007014_CO,TSS,Outflow,440
25,-1242007014_CO,TSS,Outflow,440
19,-1242007014_CO,TSS,Outflow,440
20,-1242007014_CO,TSS,Outflow,440
13,-1242007014_CO,TSS,Outflow,440
13,-1242007014_CO,TSS,Outflow,441
5,-1242007014_CO,TSS,Outflow,441
47,-1242007014_CO,TSS,Outflow,441
531,-1242007014_CO,TSS,Outflow,441
27,-1242007014_CO,TSS,Outflow,441
13,-1242007014_CO,TSS,Outflow,442
6,-1242007014_CO,TSS,Outflow,442
26,-1242007014_CO,TSS,Outflow,442
5,-1242007014_CO,TSS,Outflow,442
9,-1242007014_CO,TSS,Outflow,442
12,-1242007014_CO,TSS,Outflow,443
22,-1242007014_CO,TSS,Outflow,443
25,-1242007014_CO,TSS,Outflow,443
531,-1242007014_CO,TSS,Outflow,443
19,-1242007014_CO,TSS,Outflow,443
5,-1242007014_CO,TSS,Outflow,444
22,-1242007014_CO,TSS,Outflow,444
26,-1242007014_CO,TSS,Outflow,444
12,-1242007014_CO,TSS,Outflow,444
20,-1242007014_CO,TSS,Outflow,444
27,-1242007014_CO,TSS,Outflow,445
13,-1242007014_CO,TSS,Outflow,445
23,-1242007014_CO,TSS,Outflow,445
20,-1242007014_CO,TSS,Outflow,445
12,-1242007014_CO,TSS,Outflow,445
531,-1242007014_CO,TSS,Outflow,446
25,-1242007014_CO,TSS,Outflow,446
47,-1242007014_CO,TSS,Outflow,446
9,-1242007014_CO,TSS,Outflow,446
20,-1242007014_CO,TSS,Outflow,446
27,-1242007014_CO,TSS,Outflow,447
110,-1242007014_CO,TSS,Outflow,447
25,-1242007014_CO,TSS,Outflow,447
22,-1242007014_CO,TSS,Outflow,447
531,-1242007014_CO,TSS,Outflow,447
27,-1242007014_CO,TSS,Outflow,448
9,-1242007014_CO,TSS,Outflow,448
27,-1242007014_CO,TSS,Outflow,448
13,-1242007014_CO,TSS,Outflow,448
22,-1242007014_CO,TSS,Outflow,448
9,-1242007014_CO,TSS,Outflow,449
13,-1242007014_CO,TSS,Outflow,449
6,-1242007014_CO,TSS,Outflow,449
47,-1242007014_CO,TSS,Outflow,449
27,-1242007014_CO,TSS,Outflow,449
6,-1242007014_CO,TSS,Outflow,450
110,-1242007014_CO,TSS,Outflow,450
19,-1242007014_CO,TSS,Outflow,450
47,-1242007014_CO,TSS,Outflow,450
5,-1242007014_CO,TSS,Outflow,450
12,-1242007014_CO,TSS,Outflow,451
27,-1242007014_CO,TSS,Outflow,451
13,-1242007014_CO,TSS,Outflow,451
22,-1242007014_CO,TSS,Outflow,451
531,-1242007014_CO,TSS,Outflow,451
47,-1242007014_CO,TSS,Outflow,452
25,-1242007014_CO,TSS,Outflow,452
13,-1242007014_CO,TSS,Outflow,452
13,-1242007014_CO,TSS,Outflow,452
27,-1242007014_CO,TSS,Outflow,452
13,-1242007014_CO,TSS,Outflow,453
110,-1242007014_CO,TSS,Outflow,453
22,-1242007014_CO,TSS,Outflow,453
20,-1242007014_CO,TSS,Outflow,453
47,-1242007014_CO,TSS,Outflow,453
20,-1242007014_CO,TSS,Outflow,454
9,-1242007014_CO,TSS,Outflow,454
27,-1242007014_CO,TSS,Outflow,454
22,-1242007014_CO,TSS,Outflow,454
26,-1242007014_CO,TSS,Outflow,454
27,-1242007014_CO,TSS,Outflow,455
5,-1242007014_CO,TSS,Outflow,455
13,-1242007014_CO,TSS,Outflow,455
110,-1242007014_CO,TSS,Outflow,455
531,-1242007014_CO,TSS,Outflow,455
110,-1242007014_CO,TSS,Outflow,456
27,-1242007014_CO,TSS,Outflow,456
20,-1242007014_CO,TSS,Outflow,456
9,-1242007014_CO,TSS,Outflow,456
13,-1242007014_CO,TSS,Outflow,456
6,-1242007014_CO,TSS,Outflow,457
19,-1242007014_CO,TSS,Outflow,457
9,-1242007014_CO,TSS,Outflow,457
12,-1242007014_CO,TSS,Outflow,457
23,-1242007014_CO,TSS,Outflow,457
531,-1242007014_CO,TSS,Outflow,458
5,-1242007014_CO,TSS,Outflow,458
25,-1242007014_CO,TSS,Outflow,458
26,-1242007014_CO,TSS,Outflow,458
27,-1242007014_CO,TSS,Outflow,458
26,-1242007014_CO,TSS,Outflow,459
27,-1242007014_CO,TSS,Outflow,459
110,-1242007014_CO,TSS,Outflow,459
13,-1242007014_CO,TSS,Outflow,459
27,-1242007014_CO,TSS,Outflow,459
110,-1242007014_CO,TSS,Outflow,460
27,-1242007014_CO,TSS,Outflow,460
6,-1242007014_CO,TSS,Outflow,460
20,-1242007014_CO,TSS,Outflow,460
12,-1242007014_CO,TSS,Outflow,460
25,-1242007014_CO,TSS,Outflow,461
20,-1242007014_CO,TSS,Outflow,461
26,-1242007014_CO,TSS,Outflow,461
47,-1242007014_CO,TSS,Outflow,461
12,-1242007014_CO,TSS,Outflow,461
13,-1242007014_CO,TSS,Outflow,462
13,-1242007014_CO,TSS,Outflow,462
20,-1242007014_CO,TSS,Outflow,462
22,-1242007014_CO,TSS,Outflow,462
531,-1242007014_CO,TSS,Outflow,462
22,-1242007014_CO,TSS,Outflow,463
20,-1242007014_CO,TSS,Outflow,463
5,-1242007014_CO,TSS,Outflow,463
13,-1242007014_CO,TSS,Outflow,463
19,-1242007014_CO,TSS,Outflow,463
9,-1242007014_CO,TSS,Outflow,464
27,-1242007014_CO,TSS,Outflow,464
19,-1242007014_CO,TSS,Outflow,464
5,-1242007014_CO,TSS,Outflow,464
26,-1242007014_CO,TSS,Outflow,464
47,-1242007014_CO,TSS,Outflow,465
110,-1242007014_CO,TSS,Outflow,465
19,-1242007014_CO,TSS,Outflow,465
9,-1242007014_CO,TSS,Outflow,465
531,-1242007014_CO,TSS,Outflow,465
20,-1242007014_CO,TSS,Outflow,466
13,-1242007014_CO,TSS,Outflow,466
27,-1242007014_CO,TSS,Outflow,466
110,-1242007014_CO,TSS,Outflow,466
5,-1242007014_CO,TSS,Outflow,466
22,-1242007014_CO,TSS,Outflow,467
531,-1242007014_CO,TSS,Outflow,467
23,-1242007014_CO,TSS,Outflow,467
20,-1242007014_CO,TSS,Outflow,467
25,-1242007014_CO,TSS,Outflow,467
6,-1242007014_CO,TSS,Outflow,468
22,-1242007014_CO,TSS,Outflow,468
19,-1242007014_CO,TSS,Outflow,468
9,-1242007014_CO,TSS,Outflow,468
110,-1242007014_CO,TSS,Outflow,468
12,-1242007014_CO,TSS,Outflow,469
26,-1242007014_CO,TSS,Outflow,469
27,-1242007014_CO,TSS,Outflow,469
13,-1242007014_CO,TSS,Outflow,469
19,-1242007014_CO,TSS,Outflow,469
25,-1242007014_CO,TSS,Outflow,470
27,-1242007014_CO,TSS,Outflow,470
9,-1242007014_CO,TSS,Outflow,470
13,-1242007014_CO,TSS,Outflow,470
47,-1242007014_CO,TSS,Outflow,470
531,-1242007014_CO,TSS,Outflow,471
27,-1242007014_CO,TSS,Outflow,471
13,-1242007014_CO,TSS,Outflow,471
5,-1242007014_CO,TSS,Outflow,471
26,-1242007014_CO,TSS,Outflow,471
13,-1242007014_CO,TSS,Outflow,472
9,-1242007014_CO,TSS,Outflow,472
6,-1242007014_CO,TSS,Outflow,472
12,-1242007014_CO,TSS,Outflow,472
25,-1242007014_CO,TSS,Outflow,472
9,-1242007014_CO,TSS,Outflow,473
13,-1242007014_CO,TSS,Outflow,473
19,-1242007014_CO,TSS,Outflow,473
20,-1242007014_CO,TSS,Outflow,473
13,-1242007014_CO,TSS,Outflow,473
20,-1242007014_CO,TSS,Outflow,474
13,-1242007014_CO,TSS,Outflow,474
5,-1242007014_CO,TSS,Outflow,474
19,-1242007014_CO,TSS,Outflow,474
110,-1242007014_CO,TSS,Outflow,474
23,-1242007014_CO,TSS,Outflow,475
27,-1242007014_CO,TSS,Outflow,475
13,-1242007014_CO,TSS,Outflow,475
13,-1242007014_CO,TSS,Outflow,475
19,-1242007014_CO,TSS,Outflow,475
25,-1242007014_CO,TSS,Outflow,476
110,-1242007014_CO,TSS,Outflow,476
5,-1242007014_CO,TSS,Outflow,476
23,-1242007014_CO,TSS,Outflow,476
6,-1242007014_CO,TSS,Outflow,476
12,-1242007014_CO,TSS,Outflow,477
26,-1242007014_CO,TSS,Outflow,477
25,-1242007014_CO,TSS,Outflow,477
6,-1242007014_CO,TSS,Outflow,477
27,-1242007014_CO,TSS,Outflow,477
9,-1242007014_CO,TSS,Outflow,478
47,-1242007014_CO,TSS,Outflow,478
6,-1242007014_CO,TSS,Outflow,478
23,-1242007014_CO,TSS,Outflow,478
5,-1242007014_CO,TSS,Outflow,478
13,-1242007014_CO,TSS,Outflow,479
26,-1242007014_CO,TSS,Outflow,479
13,-1242007014_CO,TSS,Outflow,479
6,-1242007014_CO,TSS,Outflow,479
531,-1242007014_CO,TSS,Outflow,479
5,-1242007014_CO,TSS,Outflow,480
25,-1242007014_CO,TSS,Outflow,480
12,-1242007014_CO,TSS,Outflow,480
19,-1242007014_CO,TSS,Outflow,480
26,-1242007014_CO,TSS,Outflow,480
9,-1242007014_CO,TSS,Outflow,481
5,-1242007014_CO,TSS,Outflow,481
27,-1242007014_CO,TSS,Outflow,481
23,-1242007014_CO,TSS,Outflow,481
13,-1242007014_CO,TSS,Outflow,481
22,-1242007014_CO,TSS,Outflow,482
47,-1242007014_CO,TSS,Outflow,482
9,-1242007014_CO,TSS,Outflow,482
20,-1242007014_CO,TSS,Outflow,482
19,-1242007014_CO,TSS,Outflow,482
27,-1242007014_CO,TSS,Outflow,483
26,-1242007014_CO,TSS,Outflow,483
12,-1242007014_CO,TSS,Outflow,483
23,-1242007014_CO,TSS,Outflow,483
13,-1242007014_CO,TSS,Outflow,483
23,-1242007014_CO,TSS,Outflow,484
13,-1242007014_CO,TSS,Outflow,484
22,-1242007014_CO,TSS,Outflow,484
13,-1242007014_CO,TSS,Outflow,484
47,-1242007014_CO,TSS,Outflow,484
47,-1242007014_CO,TSS,Outflow,485
22,-1242007014_CO,TSS,Outflow,485
26,-1242007014_CO,TSS,Outflow,485
531,-1242007014_CO,TSS,Outflow,485
20,-1242007014_CO,TSS,Outflow,485
110,-1242007014_CO,TSS,Outflow,486
20,-1242007014_CO,TSS,Outflow,486
25,-1242007014_CO,TSS,Outflow,486
22,-1242007014_CO,TSS,Outflow,486
12,-1242007014_CO,TSS,Outflow,486
12,-1242007014_CO,TSS,Outflow,487
25,-1242007014_CO,TSS,Outflow,487
27,-1242007014_CO,TSS,Outflow,487
13,-1242007014_CO,TSS,Outflow,487
6,-1242007014_CO,TSS,Outflow,487
531,-1242007014_CO,TSS,Outflow,488
13,-1242007014_CO,TSS,Outflow,488
9,-1242007014_CO,TSS,Outflow,488
26,-1242007014_CO,TSS,Outflow,488
47,-1242007014_CO,TSS,Outflow,488
23,-1242007014_CO,TSS,Outflow,489
27,-1242007014_CO,TSS,Outflow,489
47,-1242007014_CO,TSS,Outflow,489
13,-1242007014_CO,TSS,Outflow,489
20,-1242007014_CO,TSS,Outflow,489
27,-1242007014_CO,TSS,Outflow,490
27,-1242007014_CO,TSS,Outflow,490
23,-1242007014_CO,TSS,Outflow,490
13,-1242007014_CO,TSS,Outflow,490
110,-1242007014_CO,TSS,Outflow,490
20,-1242007014_CO,TSS,Outflow,491
22,-1242007014_CO,TSS,Outflow,491
110,-1242007014_CO,TSS,Outflow,491
5,-1242007014_CO,TSS,Outflow,491
13,-1242007014_CO,TSS,Outflow,491
20,-1242007014_CO,TSS,Outflow,492
27,-1242007014_CO,TSS,Outflow,492
47,-1242007014_CO,TSS,Outflow,492
12,-1242007014_CO,TSS,Outflow,492
13,-1242007014_CO,TSS,Outflow,492
110,-1242007014_CO,TSS,Outflow,493
27,-1242007014_CO,TSS,Outflow,493
23,-1242007014_CO,TSS,Outflow,493
47,-1242007014_CO,TSS,Outflow,493
20,-1242007014_CO,TSS,Outflow,493
6,-1242007014_CO,TSS,Outflow,494
20,-1242007014_CO,TSS,Outflow,494
26,-1242007014_CO,TSS,Outflow,494
27,-1242007014_CO,TSS,Outflow,494
23,-1242007014_CO,TSS,Outflow,494
27,-1242007014_CO,TSS,Outflow,495
27,-1242007014_CO,TSS,Outflow,495
19,-1242007014_CO,TSS,Outflow,495
22,-1242007014_CO,TSS,Outflow,495
5,-1242007014_CO,TSS,Outflow,495
9,-1242007014_CO,TSS,Outflow,496
26,-1242007014_CO,TSS,Outflow,496
47,-1242007014_CO,TSS,Outflow,496
27,-1242007014_CO,TSS,Outflow,496
27,-1242007014_CO,TSS,Outflow,496
110,-1242007014_CO,TSS,Outflow,497
5,-1242007014_CO,TSS,Outflow,497
47,-1242007014_CO,TSS,Outflow,497
27,-1242007014_CO,TSS,Outflow,497
25,-1242007014_CO,TSS,Outflow,497
9,-1242007014_CO,TSS,Outflow,498
19,-1242007014_CO,TSS,Outflow,498
531,-1242007014_CO,TSS,Outflow,498
27,-1242007014_CO,TSS,Outflow,498
5,-1242007014_CO,TSS,Outflow,498
20,-1242007014_CO,TSS,Outflow,499
47,-1242007014_CO,TSS,Outflow,499
110,-1242007014_CO,TSS,Outflow,499
19,-1242007014_CO,TSS,Outflow,499
22,-1242007014_CO,TSS,Outflow,499
25,-1242007014_CO,TSS,Outflow,500
19,-1242007014_CO,TSS,Outflow,500
110,-1242007014_CO,TSS,Outflow,500
13,-1242007014_CO,TSS,Outflow,500
531,-1242007014_CO,TSS,Outflow,500
