EMC,Location,Analyte,Flow,Run
28.0,920048328_VA,TSS,Outflow,1
39.0,920048328_VA,TSS,Outflow,1
8.800000190734863,920048328_VA,TSS,Outflow,1
15.19999980926514,920048328_VA,TSS,Outflow,1
18.0,920048328_VA,TSS,Outflow,1
12.80000019073486,920048328_VA,TSS,Outflow,2
3.599999904632568,920048328_VA,TSS,Outflow,2
61.0,920048328_VA,TSS,Outflow,2
15.19999980926514,920048328_VA,TSS,Outflow,2
18.0,920048328_VA,TSS,Outflow,2
8.399999618530273,920048328_VA,TSS,Outflow,3
12.80000019073486,920048328_VA,TSS,Outflow,3
15.19999980926514,920048328_VA,TSS,Outflow,3
36.0,920048328_VA,TSS,Outflow,3
33.0,920048328_VA,TSS,Outflow,3
18.0,920048328_VA,TSS,Outflow,4
12.80000019073486,920048328_VA,TSS,Outflow,4
61.0,920048328_VA,TSS,Outflow,4
6.0,920048328_VA,TSS,Outflow,4
3.200000047683716,920048328_VA,TSS,Outflow,4
33.0,920048328_VA,TSS,Outflow,5
39.0,920048328_VA,TSS,Outflow,5
47.0,920048328_VA,TSS,Outflow,5
23.60000038146973,920048328_VA,TSS,Outflow,5
8.800000190734863,920048328_VA,TSS,Outflow,5
3.200000047683716,920048328_VA,TSS,Outflow,6
5.599999904632568,920048328_VA,TSS,Outflow,6
8.0,920048328_VA,TSS,Outflow,6
17.20000076293945,920048328_VA,TSS,Outflow,6
4.400000095367432,920048328_VA,TSS,Outflow,6
15.60000038146973,920048328_VA,TSS,Outflow,7
17.20000076293945,920048328_VA,TSS,Outflow,7
22.0,920048328_VA,TSS,Outflow,7
3.599999904632568,920048328_VA,TSS,Outflow,7
5.599999904632568,920048328_VA,TSS,Outflow,7
15.19999980926514,920048328_VA,TSS,Outflow,8
3.599999904632568,920048328_VA,TSS,Outflow,8
10.0,920048328_VA,TSS,Outflow,8
47.0,920048328_VA,TSS,Outflow,8
39.0,920048328_VA,TSS,Outflow,8
18.0,920048328_VA,TSS,Outflow,9
6.400000095367432,920048328_VA,TSS,Outflow,9
3.599999904632568,920048328_VA,TSS,Outflow,9
83.0,920048328_VA,TSS,Outflow,9
12.80000019073486,920048328_VA,TSS,Outflow,9
16.39999961853027,920048328_VA,TSS,Outflow,10
61.0,920048328_VA,TSS,Outflow,10
18.0,920048328_VA,TSS,Outflow,10
15.19999980926514,920048328_VA,TSS,Outflow,10
39.0,920048328_VA,TSS,Outflow,10
168.0,920048328_VA,TSS,Outflow,11
6.400000095367432,920048328_VA,TSS,Outflow,11
47.0,920048328_VA,TSS,Outflow,11
15.60000038146973,920048328_VA,TSS,Outflow,11
18.0,920048328_VA,TSS,Outflow,11
18.0,920048328_VA,TSS,Outflow,12
4.0,920048328_VA,TSS,Outflow,12
15.19999980926514,920048328_VA,TSS,Outflow,12
15.19999980926514,920048328_VA,TSS,Outflow,12
16.39999961853027,920048328_VA,TSS,Outflow,12
39.0,920048328_VA,TSS,Outflow,13
3.599999904632568,920048328_VA,TSS,Outflow,13
3.200000047683716,920048328_VA,TSS,Outflow,13
10.0,920048328_VA,TSS,Outflow,13
6.0,920048328_VA,TSS,Outflow,13
6.400000095367432,920048328_VA,TSS,Outflow,14
15.19999980926514,920048328_VA,TSS,Outflow,14
47.0,920048328_VA,TSS,Outflow,14
16.39999961853027,920048328_VA,TSS,Outflow,14
18.0,920048328_VA,TSS,Outflow,14
36.0,920048328_VA,TSS,Outflow,15
4.400000095367432,920048328_VA,TSS,Outflow,15
8.0,920048328_VA,TSS,Outflow,15
13.60000038146973,920048328_VA,TSS,Outflow,15
47.0,920048328_VA,TSS,Outflow,15
16.39999961853027,920048328_VA,TSS,Outflow,16
83.0,920048328_VA,TSS,Outflow,16
8.800000190734863,920048328_VA,TSS,Outflow,16
15.19999980926514,920048328_VA,TSS,Outflow,16
22.0,920048328_VA,TSS,Outflow,16
15.19999980926514,920048328_VA,TSS,Outflow,17
18.0,920048328_VA,TSS,Outflow,17
15.60000038146973,920048328_VA,TSS,Outflow,17
9.5,920048328_VA,TSS,Outflow,17
6.0,920048328_VA,TSS,Outflow,17
8.0,920048328_VA,TSS,Outflow,18
15.60000038146973,920048328_VA,TSS,Outflow,18
8.800000190734863,920048328_VA,TSS,Outflow,18
12.80000019073486,920048328_VA,TSS,Outflow,18
6.400000095367432,920048328_VA,TSS,Outflow,18
9.5,920048328_VA,TSS,Outflow,19
4.400000095367432,920048328_VA,TSS,Outflow,19
47.0,920048328_VA,TSS,Outflow,19
10.0,920048328_VA,TSS,Outflow,19
28.0,920048328_VA,TSS,Outflow,19
9.5,920048328_VA,TSS,Outflow,20
3.599999904632568,920048328_VA,TSS,Outflow,20
5.599999904632568,920048328_VA,TSS,Outflow,20
4.0,920048328_VA,TSS,Outflow,20
16.39999961853027,920048328_VA,TSS,Outflow,20
18.0,920048328_VA,TSS,Outflow,21
168.0,920048328_VA,TSS,Outflow,21
28.0,920048328_VA,TSS,Outflow,21
3.200000047683716,920048328_VA,TSS,Outflow,21
22.0,920048328_VA,TSS,Outflow,21
8.800000190734863,920048328_VA,TSS,Outflow,22
6.0,920048328_VA,TSS,Outflow,22
6.400000095367432,920048328_VA,TSS,Outflow,22
5.599999904632568,920048328_VA,TSS,Outflow,22
9.5,920048328_VA,TSS,Outflow,22
17.20000076293945,920048328_VA,TSS,Outflow,23
168.0,920048328_VA,TSS,Outflow,23
36.0,920048328_VA,TSS,Outflow,23
3.599999904632568,920048328_VA,TSS,Outflow,23
15.19999980926514,920048328_VA,TSS,Outflow,23
6.0,920048328_VA,TSS,Outflow,24
18.0,920048328_VA,TSS,Outflow,24
39.0,920048328_VA,TSS,Outflow,24
17.20000076293945,920048328_VA,TSS,Outflow,24
15.60000038146973,920048328_VA,TSS,Outflow,24
8.0,920048328_VA,TSS,Outflow,25
17.20000076293945,920048328_VA,TSS,Outflow,25
15.19999980926514,920048328_VA,TSS,Outflow,25
3.200000047683716,920048328_VA,TSS,Outflow,25
4.400000095367432,920048328_VA,TSS,Outflow,25
18.0,920048328_VA,TSS,Outflow,26
9.5,920048328_VA,TSS,Outflow,26
13.60000038146973,920048328_VA,TSS,Outflow,26
36.0,920048328_VA,TSS,Outflow,26
3.599999904632568,920048328_VA,TSS,Outflow,26
168.0,920048328_VA,TSS,Outflow,27
36.0,920048328_VA,TSS,Outflow,27
83.0,920048328_VA,TSS,Outflow,27
6.0,920048328_VA,TSS,Outflow,27
23.60000038146973,920048328_VA,TSS,Outflow,27
18.0,920048328_VA,TSS,Outflow,28
5.599999904632568,920048328_VA,TSS,Outflow,28
6.0,920048328_VA,TSS,Outflow,28
8.800000190734863,920048328_VA,TSS,Outflow,28
168.0,920048328_VA,TSS,Outflow,28
8.800000190734863,920048328_VA,TSS,Outflow,29
18.0,920048328_VA,TSS,Outflow,29
36.0,920048328_VA,TSS,Outflow,29
61.0,920048328_VA,TSS,Outflow,29
10.0,920048328_VA,TSS,Outflow,29
13.60000038146973,920048328_VA,TSS,Outflow,30
15.19999980926514,920048328_VA,TSS,Outflow,30
9.5,920048328_VA,TSS,Outflow,30
18.0,920048328_VA,TSS,Outflow,30
6.400000095367432,920048328_VA,TSS,Outflow,30
10.0,920048328_VA,TSS,Outflow,31
28.0,920048328_VA,TSS,Outflow,31
6.0,920048328_VA,TSS,Outflow,31
15.60000038146973,920048328_VA,TSS,Outflow,31
33.0,920048328_VA,TSS,Outflow,31
33.0,920048328_VA,TSS,Outflow,32
22.0,920048328_VA,TSS,Outflow,32
15.19999980926514,920048328_VA,TSS,Outflow,32
12.80000019073486,920048328_VA,TSS,Outflow,32
23.60000038146973,920048328_VA,TSS,Outflow,32
83.0,920048328_VA,TSS,Outflow,33
18.0,920048328_VA,TSS,Outflow,33
9.5,920048328_VA,TSS,Outflow,33
3.599999904632568,920048328_VA,TSS,Outflow,33
10.0,920048328_VA,TSS,Outflow,33
168.0,920048328_VA,TSS,Outflow,34
15.19999980926514,920048328_VA,TSS,Outflow,34
15.60000038146973,920048328_VA,TSS,Outflow,34
83.0,920048328_VA,TSS,Outflow,34
9.5,920048328_VA,TSS,Outflow,34
3.599999904632568,920048328_VA,TSS,Outflow,35
39.0,920048328_VA,TSS,Outflow,35
17.20000076293945,920048328_VA,TSS,Outflow,35
6.400000095367432,920048328_VA,TSS,Outflow,35
15.19999980926514,920048328_VA,TSS,Outflow,35
4.400000095367432,920048328_VA,TSS,Outflow,36
83.0,920048328_VA,TSS,Outflow,36
10.0,920048328_VA,TSS,Outflow,36
36.0,920048328_VA,TSS,Outflow,36
23.60000038146973,920048328_VA,TSS,Outflow,36
4.400000095367432,920048328_VA,TSS,Outflow,37
6.400000095367432,920048328_VA,TSS,Outflow,37
15.60000038146973,920048328_VA,TSS,Outflow,37
3.200000047683716,920048328_VA,TSS,Outflow,37
15.19999980926514,920048328_VA,TSS,Outflow,37
15.19999980926514,920048328_VA,TSS,Outflow,38
18.0,920048328_VA,TSS,Outflow,38
12.80000019073486,920048328_VA,TSS,Outflow,38
10.0,920048328_VA,TSS,Outflow,38
6.400000095367432,920048328_VA,TSS,Outflow,38
15.60000038146973,920048328_VA,TSS,Outflow,39
61.0,920048328_VA,TSS,Outflow,39
13.60000038146973,920048328_VA,TSS,Outflow,39
33.0,920048328_VA,TSS,Outflow,39
22.0,920048328_VA,TSS,Outflow,39
8.800000190734863,920048328_VA,TSS,Outflow,40
83.0,920048328_VA,TSS,Outflow,40
18.0,920048328_VA,TSS,Outflow,40
9.5,920048328_VA,TSS,Outflow,40
47.0,920048328_VA,TSS,Outflow,40
6.400000095367432,920048328_VA,TSS,Outflow,41
28.0,920048328_VA,TSS,Outflow,41
3.200000047683716,920048328_VA,TSS,Outflow,41
10.0,920048328_VA,TSS,Outflow,41
4.0,920048328_VA,TSS,Outflow,41
12.80000019073486,920048328_VA,TSS,Outflow,42
36.0,920048328_VA,TSS,Outflow,42
18.0,920048328_VA,TSS,Outflow,42
15.19999980926514,920048328_VA,TSS,Outflow,42
13.60000038146973,920048328_VA,TSS,Outflow,42
12.80000019073486,920048328_VA,TSS,Outflow,43
18.0,920048328_VA,TSS,Outflow,43
18.0,920048328_VA,TSS,Outflow,43
6.0,920048328_VA,TSS,Outflow,43
6.400000095367432,920048328_VA,TSS,Outflow,43
9.5,920048328_VA,TSS,Outflow,44
10.0,920048328_VA,TSS,Outflow,44
61.0,920048328_VA,TSS,Outflow,44
15.19999980926514,920048328_VA,TSS,Outflow,44
18.0,920048328_VA,TSS,Outflow,44
168.0,920048328_VA,TSS,Outflow,45
6.0,920048328_VA,TSS,Outflow,45
15.19999980926514,920048328_VA,TSS,Outflow,45
83.0,920048328_VA,TSS,Outflow,45
23.60000038146973,920048328_VA,TSS,Outflow,45
10.0,920048328_VA,TSS,Outflow,46
47.0,920048328_VA,TSS,Outflow,46
12.80000019073486,920048328_VA,TSS,Outflow,46
8.0,920048328_VA,TSS,Outflow,46
9.5,920048328_VA,TSS,Outflow,46
6.400000095367432,920048328_VA,TSS,Outflow,47
6.0,920048328_VA,TSS,Outflow,47
23.60000038146973,920048328_VA,TSS,Outflow,47
10.0,920048328_VA,TSS,Outflow,47
12.80000019073486,920048328_VA,TSS,Outflow,47
33.0,920048328_VA,TSS,Outflow,48
5.599999904632568,920048328_VA,TSS,Outflow,48
6.400000095367432,920048328_VA,TSS,Outflow,48
23.60000038146973,920048328_VA,TSS,Outflow,48
18.0,920048328_VA,TSS,Outflow,48
17.20000076293945,920048328_VA,TSS,Outflow,49
15.60000038146973,920048328_VA,TSS,Outflow,49
8.0,920048328_VA,TSS,Outflow,49
9.5,920048328_VA,TSS,Outflow,49
22.0,920048328_VA,TSS,Outflow,49
15.19999980926514,920048328_VA,TSS,Outflow,50
61.0,920048328_VA,TSS,Outflow,50
9.5,920048328_VA,TSS,Outflow,50
28.0,920048328_VA,TSS,Outflow,50
39.0,920048328_VA,TSS,Outflow,50
16.39999961853027,920048328_VA,TSS,Outflow,51
3.200000047683716,920048328_VA,TSS,Outflow,51
18.0,920048328_VA,TSS,Outflow,51
47.0,920048328_VA,TSS,Outflow,51
6.0,920048328_VA,TSS,Outflow,51
8.399999618530273,920048328_VA,TSS,Outflow,52
33.0,920048328_VA,TSS,Outflow,52
10.0,920048328_VA,TSS,Outflow,52
28.0,920048328_VA,TSS,Outflow,52
16.39999961853027,920048328_VA,TSS,Outflow,52
4.400000095367432,920048328_VA,TSS,Outflow,53
83.0,920048328_VA,TSS,Outflow,53
9.5,920048328_VA,TSS,Outflow,53
8.0,920048328_VA,TSS,Outflow,53
8.800000190734863,920048328_VA,TSS,Outflow,53
18.0,920048328_VA,TSS,Outflow,54
3.599999904632568,920048328_VA,TSS,Outflow,54
10.0,920048328_VA,TSS,Outflow,54
4.400000095367432,920048328_VA,TSS,Outflow,54
28.0,920048328_VA,TSS,Outflow,54
83.0,920048328_VA,TSS,Outflow,55
6.400000095367432,920048328_VA,TSS,Outflow,55
28.0,920048328_VA,TSS,Outflow,55
18.0,920048328_VA,TSS,Outflow,55
33.0,920048328_VA,TSS,Outflow,55
6.400000095367432,920048328_VA,TSS,Outflow,56
8.399999618530273,920048328_VA,TSS,Outflow,56
18.0,920048328_VA,TSS,Outflow,56
3.200000047683716,920048328_VA,TSS,Outflow,56
8.800000190734863,920048328_VA,TSS,Outflow,56
6.400000095367432,920048328_VA,TSS,Outflow,57
3.200000047683716,920048328_VA,TSS,Outflow,57
6.0,920048328_VA,TSS,Outflow,57
61.0,920048328_VA,TSS,Outflow,57
13.60000038146973,920048328_VA,TSS,Outflow,57
16.39999961853027,920048328_VA,TSS,Outflow,58
13.60000038146973,920048328_VA,TSS,Outflow,58
18.0,920048328_VA,TSS,Outflow,58
61.0,920048328_VA,TSS,Outflow,58
33.0,920048328_VA,TSS,Outflow,58
23.60000038146973,920048328_VA,TSS,Outflow,59
33.0,920048328_VA,TSS,Outflow,59
22.0,920048328_VA,TSS,Outflow,59
17.20000076293945,920048328_VA,TSS,Outflow,59
15.19999980926514,920048328_VA,TSS,Outflow,59
18.0,920048328_VA,TSS,Outflow,60
15.60000038146973,920048328_VA,TSS,Outflow,60
8.800000190734863,920048328_VA,TSS,Outflow,60
6.400000095367432,920048328_VA,TSS,Outflow,60
23.60000038146973,920048328_VA,TSS,Outflow,60
33.0,920048328_VA,TSS,Outflow,61
8.0,920048328_VA,TSS,Outflow,61
9.5,920048328_VA,TSS,Outflow,61
6.400000095367432,920048328_VA,TSS,Outflow,61
18.0,920048328_VA,TSS,Outflow,61
12.80000019073486,920048328_VA,TSS,Outflow,62
18.0,920048328_VA,TSS,Outflow,62
23.60000038146973,920048328_VA,TSS,Outflow,62
22.0,920048328_VA,TSS,Outflow,62
39.0,920048328_VA,TSS,Outflow,62
18.0,920048328_VA,TSS,Outflow,63
18.0,920048328_VA,TSS,Outflow,63
18.0,920048328_VA,TSS,Outflow,63
13.60000038146973,920048328_VA,TSS,Outflow,63
10.0,920048328_VA,TSS,Outflow,63
22.0,920048328_VA,TSS,Outflow,64
18.0,920048328_VA,TSS,Outflow,64
18.0,920048328_VA,TSS,Outflow,64
61.0,920048328_VA,TSS,Outflow,64
36.0,920048328_VA,TSS,Outflow,64
8.0,920048328_VA,TSS,Outflow,65
17.20000076293945,920048328_VA,TSS,Outflow,65
16.39999961853027,920048328_VA,TSS,Outflow,65
83.0,920048328_VA,TSS,Outflow,65
18.0,920048328_VA,TSS,Outflow,65
12.80000019073486,920048328_VA,TSS,Outflow,66
13.60000038146973,920048328_VA,TSS,Outflow,66
16.39999961853027,920048328_VA,TSS,Outflow,66
4.400000095367432,920048328_VA,TSS,Outflow,66
28.0,920048328_VA,TSS,Outflow,66
18.0,920048328_VA,TSS,Outflow,67
10.0,920048328_VA,TSS,Outflow,67
3.599999904632568,920048328_VA,TSS,Outflow,67
3.200000047683716,920048328_VA,TSS,Outflow,67
18.0,920048328_VA,TSS,Outflow,67
36.0,920048328_VA,TSS,Outflow,68
15.19999980926514,920048328_VA,TSS,Outflow,68
4.400000095367432,920048328_VA,TSS,Outflow,68
4.0,920048328_VA,TSS,Outflow,68
33.0,920048328_VA,TSS,Outflow,68
3.200000047683716,920048328_VA,TSS,Outflow,69
4.0,920048328_VA,TSS,Outflow,69
8.0,920048328_VA,TSS,Outflow,69
6.400000095367432,920048328_VA,TSS,Outflow,69
18.0,920048328_VA,TSS,Outflow,69
23.60000038146973,920048328_VA,TSS,Outflow,70
83.0,920048328_VA,TSS,Outflow,70
6.0,920048328_VA,TSS,Outflow,70
16.39999961853027,920048328_VA,TSS,Outflow,70
15.19999980926514,920048328_VA,TSS,Outflow,70
83.0,920048328_VA,TSS,Outflow,71
18.0,920048328_VA,TSS,Outflow,71
16.39999961853027,920048328_VA,TSS,Outflow,71
36.0,920048328_VA,TSS,Outflow,71
10.0,920048328_VA,TSS,Outflow,71
22.0,920048328_VA,TSS,Outflow,72
9.5,920048328_VA,TSS,Outflow,72
28.0,920048328_VA,TSS,Outflow,72
61.0,920048328_VA,TSS,Outflow,72
8.399999618530273,920048328_VA,TSS,Outflow,72
15.60000038146973,920048328_VA,TSS,Outflow,73
16.39999961853027,920048328_VA,TSS,Outflow,73
8.0,920048328_VA,TSS,Outflow,73
39.0,920048328_VA,TSS,Outflow,73
15.19999980926514,920048328_VA,TSS,Outflow,73
15.60000038146973,920048328_VA,TSS,Outflow,74
18.0,920048328_VA,TSS,Outflow,74
3.200000047683716,920048328_VA,TSS,Outflow,74
6.0,920048328_VA,TSS,Outflow,74
39.0,920048328_VA,TSS,Outflow,74
8.399999618530273,920048328_VA,TSS,Outflow,75
18.0,920048328_VA,TSS,Outflow,75
61.0,920048328_VA,TSS,Outflow,75
33.0,920048328_VA,TSS,Outflow,75
39.0,920048328_VA,TSS,Outflow,75
15.60000038146973,920048328_VA,TSS,Outflow,76
39.0,920048328_VA,TSS,Outflow,76
9.5,920048328_VA,TSS,Outflow,76
16.39999961853027,920048328_VA,TSS,Outflow,76
168.0,920048328_VA,TSS,Outflow,76
15.60000038146973,920048328_VA,TSS,Outflow,77
6.0,920048328_VA,TSS,Outflow,77
8.800000190734863,920048328_VA,TSS,Outflow,77
6.400000095367432,920048328_VA,TSS,Outflow,77
18.0,920048328_VA,TSS,Outflow,77
15.60000038146973,920048328_VA,TSS,Outflow,78
15.19999980926514,920048328_VA,TSS,Outflow,78
47.0,920048328_VA,TSS,Outflow,78
6.0,920048328_VA,TSS,Outflow,78
13.60000038146973,920048328_VA,TSS,Outflow,78
4.0,920048328_VA,TSS,Outflow,79
3.599999904632568,920048328_VA,TSS,Outflow,79
6.0,920048328_VA,TSS,Outflow,79
18.0,920048328_VA,TSS,Outflow,79
15.19999980926514,920048328_VA,TSS,Outflow,79
16.39999961853027,920048328_VA,TSS,Outflow,80
8.800000190734863,920048328_VA,TSS,Outflow,80
18.0,920048328_VA,TSS,Outflow,80
15.19999980926514,920048328_VA,TSS,Outflow,80
6.400000095367432,920048328_VA,TSS,Outflow,80
83.0,920048328_VA,TSS,Outflow,81
23.60000038146973,920048328_VA,TSS,Outflow,81
15.60000038146973,920048328_VA,TSS,Outflow,81
18.0,920048328_VA,TSS,Outflow,81
15.19999980926514,920048328_VA,TSS,Outflow,81
18.0,920048328_VA,TSS,Outflow,82
47.0,920048328_VA,TSS,Outflow,82
5.599999904632568,920048328_VA,TSS,Outflow,82
10.0,920048328_VA,TSS,Outflow,82
3.599999904632568,920048328_VA,TSS,Outflow,82
36.0,920048328_VA,TSS,Outflow,83
8.800000190734863,920048328_VA,TSS,Outflow,83
8.399999618530273,920048328_VA,TSS,Outflow,83
18.0,920048328_VA,TSS,Outflow,83
6.400000095367432,920048328_VA,TSS,Outflow,83
16.39999961853027,920048328_VA,TSS,Outflow,84
17.20000076293945,920048328_VA,TSS,Outflow,84
18.0,920048328_VA,TSS,Outflow,84
4.400000095367432,920048328_VA,TSS,Outflow,84
18.0,920048328_VA,TSS,Outflow,84
10.0,920048328_VA,TSS,Outflow,85
10.0,920048328_VA,TSS,Outflow,85
18.0,920048328_VA,TSS,Outflow,85
15.19999980926514,920048328_VA,TSS,Outflow,85
15.60000038146973,920048328_VA,TSS,Outflow,85
5.599999904632568,920048328_VA,TSS,Outflow,86
9.5,920048328_VA,TSS,Outflow,86
33.0,920048328_VA,TSS,Outflow,86
83.0,920048328_VA,TSS,Outflow,86
39.0,920048328_VA,TSS,Outflow,86
6.0,920048328_VA,TSS,Outflow,87
17.20000076293945,920048328_VA,TSS,Outflow,87
28.0,920048328_VA,TSS,Outflow,87
8.0,920048328_VA,TSS,Outflow,87
18.0,920048328_VA,TSS,Outflow,87
18.0,920048328_VA,TSS,Outflow,88
8.800000190734863,920048328_VA,TSS,Outflow,88
16.39999961853027,920048328_VA,TSS,Outflow,88
10.0,920048328_VA,TSS,Outflow,88
18.0,920048328_VA,TSS,Outflow,88
15.19999980926514,920048328_VA,TSS,Outflow,89
4.0,920048328_VA,TSS,Outflow,89
3.599999904632568,920048328_VA,TSS,Outflow,89
8.800000190734863,920048328_VA,TSS,Outflow,89
4.400000095367432,920048328_VA,TSS,Outflow,89
8.399999618530273,920048328_VA,TSS,Outflow,90
3.200000047683716,920048328_VA,TSS,Outflow,90
15.19999980926514,920048328_VA,TSS,Outflow,90
28.0,920048328_VA,TSS,Outflow,90
4.400000095367432,920048328_VA,TSS,Outflow,90
16.39999961853027,920048328_VA,TSS,Outflow,91
83.0,920048328_VA,TSS,Outflow,91
17.20000076293945,920048328_VA,TSS,Outflow,91
8.0,920048328_VA,TSS,Outflow,91
18.0,920048328_VA,TSS,Outflow,91
23.60000038146973,920048328_VA,TSS,Outflow,92
15.19999980926514,920048328_VA,TSS,Outflow,92
5.599999904632568,920048328_VA,TSS,Outflow,92
6.0,920048328_VA,TSS,Outflow,92
6.0,920048328_VA,TSS,Outflow,92
3.200000047683716,920048328_VA,TSS,Outflow,93
4.400000095367432,920048328_VA,TSS,Outflow,93
168.0,920048328_VA,TSS,Outflow,93
39.0,920048328_VA,TSS,Outflow,93
3.599999904632568,920048328_VA,TSS,Outflow,93
8.399999618530273,920048328_VA,TSS,Outflow,94
39.0,920048328_VA,TSS,Outflow,94
9.5,920048328_VA,TSS,Outflow,94
18.0,920048328_VA,TSS,Outflow,94
16.39999961853027,920048328_VA,TSS,Outflow,94
23.60000038146973,920048328_VA,TSS,Outflow,95
61.0,920048328_VA,TSS,Outflow,95
9.5,920048328_VA,TSS,Outflow,95
15.60000038146973,920048328_VA,TSS,Outflow,95
4.400000095367432,920048328_VA,TSS,Outflow,95
16.39999961853027,920048328_VA,TSS,Outflow,96
6.0,920048328_VA,TSS,Outflow,96
28.0,920048328_VA,TSS,Outflow,96
18.0,920048328_VA,TSS,Outflow,96
13.60000038146973,920048328_VA,TSS,Outflow,96
18.0,920048328_VA,TSS,Outflow,97
3.200000047683716,920048328_VA,TSS,Outflow,97
39.0,920048328_VA,TSS,Outflow,97
15.19999980926514,920048328_VA,TSS,Outflow,97
15.60000038146973,920048328_VA,TSS,Outflow,97
17.20000076293945,920048328_VA,TSS,Outflow,98
12.80000019073486,920048328_VA,TSS,Outflow,98
36.0,920048328_VA,TSS,Outflow,98
15.60000038146973,920048328_VA,TSS,Outflow,98
22.0,920048328_VA,TSS,Outflow,98
18.0,920048328_VA,TSS,Outflow,99
15.19999980926514,920048328_VA,TSS,Outflow,99
8.0,920048328_VA,TSS,Outflow,99
47.0,920048328_VA,TSS,Outflow,99
17.20000076293945,920048328_VA,TSS,Outflow,99
168.0,920048328_VA,TSS,Outflow,100
18.0,920048328_VA,TSS,Outflow,100
18.0,920048328_VA,TSS,Outflow,100
28.0,920048328_VA,TSS,Outflow,100
39.0,920048328_VA,TSS,Outflow,100
6.0,920048328_VA,TSS,Outflow,101
33.0,920048328_VA,TSS,Outflow,101
15.19999980926514,920048328_VA,TSS,Outflow,101
47.0,920048328_VA,TSS,Outflow,101
10.0,920048328_VA,TSS,Outflow,101
22.0,920048328_VA,TSS,Outflow,102
3.200000047683716,920048328_VA,TSS,Outflow,102
39.0,920048328_VA,TSS,Outflow,102
8.399999618530273,920048328_VA,TSS,Outflow,102
16.39999961853027,920048328_VA,TSS,Outflow,102
15.19999980926514,920048328_VA,TSS,Outflow,103
15.19999980926514,920048328_VA,TSS,Outflow,103
28.0,920048328_VA,TSS,Outflow,103
8.800000190734863,920048328_VA,TSS,Outflow,103
22.0,920048328_VA,TSS,Outflow,103
22.0,920048328_VA,TSS,Outflow,104
8.399999618530273,920048328_VA,TSS,Outflow,104
39.0,920048328_VA,TSS,Outflow,104
33.0,920048328_VA,TSS,Outflow,104
4.0,920048328_VA,TSS,Outflow,104
16.39999961853027,920048328_VA,TSS,Outflow,105
17.20000076293945,920048328_VA,TSS,Outflow,105
4.400000095367432,920048328_VA,TSS,Outflow,105
15.19999980926514,920048328_VA,TSS,Outflow,105
83.0,920048328_VA,TSS,Outflow,105
18.0,920048328_VA,TSS,Outflow,106
10.0,920048328_VA,TSS,Outflow,106
83.0,920048328_VA,TSS,Outflow,106
168.0,920048328_VA,TSS,Outflow,106
15.19999980926514,920048328_VA,TSS,Outflow,106
8.800000190734863,920048328_VA,TSS,Outflow,107
18.0,920048328_VA,TSS,Outflow,107
6.400000095367432,920048328_VA,TSS,Outflow,107
47.0,920048328_VA,TSS,Outflow,107
6.0,920048328_VA,TSS,Outflow,107
28.0,920048328_VA,TSS,Outflow,108
22.0,920048328_VA,TSS,Outflow,108
13.60000038146973,920048328_VA,TSS,Outflow,108
4.0,920048328_VA,TSS,Outflow,108
61.0,920048328_VA,TSS,Outflow,108
18.0,920048328_VA,TSS,Outflow,109
17.20000076293945,920048328_VA,TSS,Outflow,109
168.0,920048328_VA,TSS,Outflow,109
8.800000190734863,920048328_VA,TSS,Outflow,109
13.60000038146973,920048328_VA,TSS,Outflow,109
3.599999904632568,920048328_VA,TSS,Outflow,110
16.39999961853027,920048328_VA,TSS,Outflow,110
4.0,920048328_VA,TSS,Outflow,110
4.400000095367432,920048328_VA,TSS,Outflow,110
23.60000038146973,920048328_VA,TSS,Outflow,110
18.0,920048328_VA,TSS,Outflow,111
3.200000047683716,920048328_VA,TSS,Outflow,111
18.0,920048328_VA,TSS,Outflow,111
8.399999618530273,920048328_VA,TSS,Outflow,111
17.20000076293945,920048328_VA,TSS,Outflow,111
9.5,920048328_VA,TSS,Outflow,112
18.0,920048328_VA,TSS,Outflow,112
8.399999618530273,920048328_VA,TSS,Outflow,112
39.0,920048328_VA,TSS,Outflow,112
17.20000076293945,920048328_VA,TSS,Outflow,112
10.0,920048328_VA,TSS,Outflow,113
18.0,920048328_VA,TSS,Outflow,113
4.400000095367432,920048328_VA,TSS,Outflow,113
22.0,920048328_VA,TSS,Outflow,113
168.0,920048328_VA,TSS,Outflow,113
5.599999904632568,920048328_VA,TSS,Outflow,114
8.399999618530273,920048328_VA,TSS,Outflow,114
6.0,920048328_VA,TSS,Outflow,114
9.5,920048328_VA,TSS,Outflow,114
3.599999904632568,920048328_VA,TSS,Outflow,114
12.80000019073486,920048328_VA,TSS,Outflow,115
17.20000076293945,920048328_VA,TSS,Outflow,115
33.0,920048328_VA,TSS,Outflow,115
10.0,920048328_VA,TSS,Outflow,115
15.60000038146973,920048328_VA,TSS,Outflow,115
3.599999904632568,920048328_VA,TSS,Outflow,116
8.800000190734863,920048328_VA,TSS,Outflow,116
18.0,920048328_VA,TSS,Outflow,116
47.0,920048328_VA,TSS,Outflow,116
28.0,920048328_VA,TSS,Outflow,116
18.0,920048328_VA,TSS,Outflow,117
17.20000076293945,920048328_VA,TSS,Outflow,117
83.0,920048328_VA,TSS,Outflow,117
6.400000095367432,920048328_VA,TSS,Outflow,117
4.0,920048328_VA,TSS,Outflow,117
6.0,920048328_VA,TSS,Outflow,118
22.0,920048328_VA,TSS,Outflow,118
12.80000019073486,920048328_VA,TSS,Outflow,118
168.0,920048328_VA,TSS,Outflow,118
47.0,920048328_VA,TSS,Outflow,118
5.599999904632568,920048328_VA,TSS,Outflow,119
6.400000095367432,920048328_VA,TSS,Outflow,119
4.400000095367432,920048328_VA,TSS,Outflow,119
83.0,920048328_VA,TSS,Outflow,119
22.0,920048328_VA,TSS,Outflow,119
3.599999904632568,920048328_VA,TSS,Outflow,120
18.0,920048328_VA,TSS,Outflow,120
10.0,920048328_VA,TSS,Outflow,120
39.0,920048328_VA,TSS,Outflow,120
6.0,920048328_VA,TSS,Outflow,120
12.80000019073486,920048328_VA,TSS,Outflow,121
8.0,920048328_VA,TSS,Outflow,121
13.60000038146973,920048328_VA,TSS,Outflow,121
3.200000047683716,920048328_VA,TSS,Outflow,121
15.60000038146973,920048328_VA,TSS,Outflow,121
18.0,920048328_VA,TSS,Outflow,122
28.0,920048328_VA,TSS,Outflow,122
18.0,920048328_VA,TSS,Outflow,122
10.0,920048328_VA,TSS,Outflow,122
8.399999618530273,920048328_VA,TSS,Outflow,122
10.0,920048328_VA,TSS,Outflow,123
3.200000047683716,920048328_VA,TSS,Outflow,123
83.0,920048328_VA,TSS,Outflow,123
17.20000076293945,920048328_VA,TSS,Outflow,123
47.0,920048328_VA,TSS,Outflow,123
33.0,920048328_VA,TSS,Outflow,124
9.5,920048328_VA,TSS,Outflow,124
18.0,920048328_VA,TSS,Outflow,124
6.0,920048328_VA,TSS,Outflow,124
8.0,920048328_VA,TSS,Outflow,124
10.0,920048328_VA,TSS,Outflow,125
6.0,920048328_VA,TSS,Outflow,125
39.0,920048328_VA,TSS,Outflow,125
3.200000047683716,920048328_VA,TSS,Outflow,125
4.0,920048328_VA,TSS,Outflow,125
15.60000038146973,920048328_VA,TSS,Outflow,126
22.0,920048328_VA,TSS,Outflow,126
8.800000190734863,920048328_VA,TSS,Outflow,126
5.599999904632568,920048328_VA,TSS,Outflow,126
4.400000095367432,920048328_VA,TSS,Outflow,126
3.599999904632568,920048328_VA,TSS,Outflow,127
8.800000190734863,920048328_VA,TSS,Outflow,127
12.80000019073486,920048328_VA,TSS,Outflow,127
3.200000047683716,920048328_VA,TSS,Outflow,127
61.0,920048328_VA,TSS,Outflow,127
3.599999904632568,920048328_VA,TSS,Outflow,128
8.800000190734863,920048328_VA,TSS,Outflow,128
23.60000038146973,920048328_VA,TSS,Outflow,128
3.200000047683716,920048328_VA,TSS,Outflow,128
8.399999618530273,920048328_VA,TSS,Outflow,128
3.200000047683716,920048328_VA,TSS,Outflow,129
17.20000076293945,920048328_VA,TSS,Outflow,129
9.5,920048328_VA,TSS,Outflow,129
39.0,920048328_VA,TSS,Outflow,129
10.0,920048328_VA,TSS,Outflow,129
22.0,920048328_VA,TSS,Outflow,130
168.0,920048328_VA,TSS,Outflow,130
61.0,920048328_VA,TSS,Outflow,130
18.0,920048328_VA,TSS,Outflow,130
47.0,920048328_VA,TSS,Outflow,130
8.0,920048328_VA,TSS,Outflow,131
18.0,920048328_VA,TSS,Outflow,131
9.5,920048328_VA,TSS,Outflow,131
3.599999904632568,920048328_VA,TSS,Outflow,131
5.599999904632568,920048328_VA,TSS,Outflow,131
8.0,920048328_VA,TSS,Outflow,132
17.20000076293945,920048328_VA,TSS,Outflow,132
15.60000038146973,920048328_VA,TSS,Outflow,132
10.0,920048328_VA,TSS,Outflow,132
15.19999980926514,920048328_VA,TSS,Outflow,132
6.0,920048328_VA,TSS,Outflow,133
16.39999961853027,920048328_VA,TSS,Outflow,133
61.0,920048328_VA,TSS,Outflow,133
15.60000038146973,920048328_VA,TSS,Outflow,133
23.60000038146973,920048328_VA,TSS,Outflow,133
39.0,920048328_VA,TSS,Outflow,134
5.599999904632568,920048328_VA,TSS,Outflow,134
18.0,920048328_VA,TSS,Outflow,134
6.400000095367432,920048328_VA,TSS,Outflow,134
9.5,920048328_VA,TSS,Outflow,134
6.0,920048328_VA,TSS,Outflow,135
18.0,920048328_VA,TSS,Outflow,135
8.800000190734863,920048328_VA,TSS,Outflow,135
6.400000095367432,920048328_VA,TSS,Outflow,135
15.19999980926514,920048328_VA,TSS,Outflow,135
4.400000095367432,920048328_VA,TSS,Outflow,136
17.20000076293945,920048328_VA,TSS,Outflow,136
6.400000095367432,920048328_VA,TSS,Outflow,136
22.0,920048328_VA,TSS,Outflow,136
36.0,920048328_VA,TSS,Outflow,136
4.400000095367432,920048328_VA,TSS,Outflow,137
15.19999980926514,920048328_VA,TSS,Outflow,137
23.60000038146973,920048328_VA,TSS,Outflow,137
16.39999961853027,920048328_VA,TSS,Outflow,137
15.60000038146973,920048328_VA,TSS,Outflow,137
9.5,920048328_VA,TSS,Outflow,138
47.0,920048328_VA,TSS,Outflow,138
83.0,920048328_VA,TSS,Outflow,138
28.0,920048328_VA,TSS,Outflow,138
8.800000190734863,920048328_VA,TSS,Outflow,138
83.0,920048328_VA,TSS,Outflow,139
33.0,920048328_VA,TSS,Outflow,139
10.0,920048328_VA,TSS,Outflow,139
4.0,920048328_VA,TSS,Outflow,139
8.0,920048328_VA,TSS,Outflow,139
17.20000076293945,920048328_VA,TSS,Outflow,140
15.19999980926514,920048328_VA,TSS,Outflow,140
5.599999904632568,920048328_VA,TSS,Outflow,140
23.60000038146973,920048328_VA,TSS,Outflow,140
4.400000095367432,920048328_VA,TSS,Outflow,140
28.0,920048328_VA,TSS,Outflow,141
4.0,920048328_VA,TSS,Outflow,141
36.0,920048328_VA,TSS,Outflow,141
61.0,920048328_VA,TSS,Outflow,141
10.0,920048328_VA,TSS,Outflow,141
47.0,920048328_VA,TSS,Outflow,142
33.0,920048328_VA,TSS,Outflow,142
6.400000095367432,920048328_VA,TSS,Outflow,142
12.80000019073486,920048328_VA,TSS,Outflow,142
8.800000190734863,920048328_VA,TSS,Outflow,142
18.0,920048328_VA,TSS,Outflow,143
6.0,920048328_VA,TSS,Outflow,143
18.0,920048328_VA,TSS,Outflow,143
61.0,920048328_VA,TSS,Outflow,143
8.0,920048328_VA,TSS,Outflow,143
18.0,920048328_VA,TSS,Outflow,144
5.599999904632568,920048328_VA,TSS,Outflow,144
36.0,920048328_VA,TSS,Outflow,144
13.60000038146973,920048328_VA,TSS,Outflow,144
33.0,920048328_VA,TSS,Outflow,144
28.0,920048328_VA,TSS,Outflow,145
15.60000038146973,920048328_VA,TSS,Outflow,145
15.19999980926514,920048328_VA,TSS,Outflow,145
3.200000047683716,920048328_VA,TSS,Outflow,145
10.0,920048328_VA,TSS,Outflow,145
6.0,920048328_VA,TSS,Outflow,146
4.400000095367432,920048328_VA,TSS,Outflow,146
168.0,920048328_VA,TSS,Outflow,146
12.80000019073486,920048328_VA,TSS,Outflow,146
4.0,920048328_VA,TSS,Outflow,146
36.0,920048328_VA,TSS,Outflow,147
13.60000038146973,920048328_VA,TSS,Outflow,147
4.0,920048328_VA,TSS,Outflow,147
4.400000095367432,920048328_VA,TSS,Outflow,147
6.400000095367432,920048328_VA,TSS,Outflow,147
47.0,920048328_VA,TSS,Outflow,148
8.800000190734863,920048328_VA,TSS,Outflow,148
83.0,920048328_VA,TSS,Outflow,148
15.60000038146973,920048328_VA,TSS,Outflow,148
36.0,920048328_VA,TSS,Outflow,148
4.400000095367432,920048328_VA,TSS,Outflow,149
6.0,920048328_VA,TSS,Outflow,149
3.200000047683716,920048328_VA,TSS,Outflow,149
8.800000190734863,920048328_VA,TSS,Outflow,149
16.39999961853027,920048328_VA,TSS,Outflow,149
4.400000095367432,920048328_VA,TSS,Outflow,150
18.0,920048328_VA,TSS,Outflow,150
6.0,920048328_VA,TSS,Outflow,150
36.0,920048328_VA,TSS,Outflow,150
8.0,920048328_VA,TSS,Outflow,150
10.0,920048328_VA,TSS,Outflow,151
6.0,920048328_VA,TSS,Outflow,151
15.19999980926514,920048328_VA,TSS,Outflow,151
17.20000076293945,920048328_VA,TSS,Outflow,151
18.0,920048328_VA,TSS,Outflow,151
3.599999904632568,920048328_VA,TSS,Outflow,152
18.0,920048328_VA,TSS,Outflow,152
4.400000095367432,920048328_VA,TSS,Outflow,152
33.0,920048328_VA,TSS,Outflow,152
168.0,920048328_VA,TSS,Outflow,152
4.400000095367432,920048328_VA,TSS,Outflow,153
10.0,920048328_VA,TSS,Outflow,153
15.19999980926514,920048328_VA,TSS,Outflow,153
6.0,920048328_VA,TSS,Outflow,153
18.0,920048328_VA,TSS,Outflow,153
6.0,920048328_VA,TSS,Outflow,154
18.0,920048328_VA,TSS,Outflow,154
28.0,920048328_VA,TSS,Outflow,154
36.0,920048328_VA,TSS,Outflow,154
4.0,920048328_VA,TSS,Outflow,154
13.60000038146973,920048328_VA,TSS,Outflow,155
39.0,920048328_VA,TSS,Outflow,155
3.599999904632568,920048328_VA,TSS,Outflow,155
12.80000019073486,920048328_VA,TSS,Outflow,155
61.0,920048328_VA,TSS,Outflow,155
6.0,920048328_VA,TSS,Outflow,156
6.0,920048328_VA,TSS,Outflow,156
33.0,920048328_VA,TSS,Outflow,156
47.0,920048328_VA,TSS,Outflow,156
15.60000038146973,920048328_VA,TSS,Outflow,156
33.0,920048328_VA,TSS,Outflow,157
4.400000095367432,920048328_VA,TSS,Outflow,157
83.0,920048328_VA,TSS,Outflow,157
6.400000095367432,920048328_VA,TSS,Outflow,157
5.599999904632568,920048328_VA,TSS,Outflow,157
5.599999904632568,920048328_VA,TSS,Outflow,158
18.0,920048328_VA,TSS,Outflow,158
47.0,920048328_VA,TSS,Outflow,158
168.0,920048328_VA,TSS,Outflow,158
28.0,920048328_VA,TSS,Outflow,158
3.200000047683716,920048328_VA,TSS,Outflow,159
5.599999904632568,920048328_VA,TSS,Outflow,159
8.0,920048328_VA,TSS,Outflow,159
168.0,920048328_VA,TSS,Outflow,159
9.5,920048328_VA,TSS,Outflow,159
39.0,920048328_VA,TSS,Outflow,160
15.19999980926514,920048328_VA,TSS,Outflow,160
10.0,920048328_VA,TSS,Outflow,160
8.800000190734863,920048328_VA,TSS,Outflow,160
15.60000038146973,920048328_VA,TSS,Outflow,160
18.0,920048328_VA,TSS,Outflow,161
16.39999961853027,920048328_VA,TSS,Outflow,161
23.60000038146973,920048328_VA,TSS,Outflow,161
12.80000019073486,920048328_VA,TSS,Outflow,161
22.0,920048328_VA,TSS,Outflow,161
28.0,920048328_VA,TSS,Outflow,162
83.0,920048328_VA,TSS,Outflow,162
18.0,920048328_VA,TSS,Outflow,162
10.0,920048328_VA,TSS,Outflow,162
39.0,920048328_VA,TSS,Outflow,162
3.200000047683716,920048328_VA,TSS,Outflow,163
6.400000095367432,920048328_VA,TSS,Outflow,163
10.0,920048328_VA,TSS,Outflow,163
8.0,920048328_VA,TSS,Outflow,163
6.0,920048328_VA,TSS,Outflow,163
33.0,920048328_VA,TSS,Outflow,164
15.19999980926514,920048328_VA,TSS,Outflow,164
6.0,920048328_VA,TSS,Outflow,164
4.0,920048328_VA,TSS,Outflow,164
18.0,920048328_VA,TSS,Outflow,164
18.0,920048328_VA,TSS,Outflow,165
47.0,920048328_VA,TSS,Outflow,165
4.400000095367432,920048328_VA,TSS,Outflow,165
8.399999618530273,920048328_VA,TSS,Outflow,165
9.5,920048328_VA,TSS,Outflow,165
33.0,920048328_VA,TSS,Outflow,166
3.599999904632568,920048328_VA,TSS,Outflow,166
4.0,920048328_VA,TSS,Outflow,166
18.0,920048328_VA,TSS,Outflow,166
6.400000095367432,920048328_VA,TSS,Outflow,166
168.0,920048328_VA,TSS,Outflow,167
4.400000095367432,920048328_VA,TSS,Outflow,167
15.60000038146973,920048328_VA,TSS,Outflow,167
15.19999980926514,920048328_VA,TSS,Outflow,167
61.0,920048328_VA,TSS,Outflow,167
15.60000038146973,920048328_VA,TSS,Outflow,168
168.0,920048328_VA,TSS,Outflow,168
33.0,920048328_VA,TSS,Outflow,168
3.200000047683716,920048328_VA,TSS,Outflow,168
8.399999618530273,920048328_VA,TSS,Outflow,168
3.200000047683716,920048328_VA,TSS,Outflow,169
8.800000190734863,920048328_VA,TSS,Outflow,169
18.0,920048328_VA,TSS,Outflow,169
4.0,920048328_VA,TSS,Outflow,169
39.0,920048328_VA,TSS,Outflow,169
6.0,920048328_VA,TSS,Outflow,170
4.400000095367432,920048328_VA,TSS,Outflow,170
15.19999980926514,920048328_VA,TSS,Outflow,170
15.60000038146973,920048328_VA,TSS,Outflow,170
8.399999618530273,920048328_VA,TSS,Outflow,170
13.60000038146973,920048328_VA,TSS,Outflow,171
33.0,920048328_VA,TSS,Outflow,171
15.60000038146973,920048328_VA,TSS,Outflow,171
8.800000190734863,920048328_VA,TSS,Outflow,171
8.0,920048328_VA,TSS,Outflow,171
15.19999980926514,920048328_VA,TSS,Outflow,172
18.0,920048328_VA,TSS,Outflow,172
33.0,920048328_VA,TSS,Outflow,172
5.599999904632568,920048328_VA,TSS,Outflow,172
168.0,920048328_VA,TSS,Outflow,172
168.0,920048328_VA,TSS,Outflow,173
10.0,920048328_VA,TSS,Outflow,173
61.0,920048328_VA,TSS,Outflow,173
18.0,920048328_VA,TSS,Outflow,173
12.80000019073486,920048328_VA,TSS,Outflow,173
168.0,920048328_VA,TSS,Outflow,174
61.0,920048328_VA,TSS,Outflow,174
36.0,920048328_VA,TSS,Outflow,174
47.0,920048328_VA,TSS,Outflow,174
39.0,920048328_VA,TSS,Outflow,174
23.60000038146973,920048328_VA,TSS,Outflow,175
36.0,920048328_VA,TSS,Outflow,175
15.60000038146973,920048328_VA,TSS,Outflow,175
39.0,920048328_VA,TSS,Outflow,175
8.0,920048328_VA,TSS,Outflow,175
8.800000190734863,920048328_VA,TSS,Outflow,176
18.0,920048328_VA,TSS,Outflow,176
4.400000095367432,920048328_VA,TSS,Outflow,176
4.0,920048328_VA,TSS,Outflow,176
15.19999980926514,920048328_VA,TSS,Outflow,176
22.0,920048328_VA,TSS,Outflow,177
10.0,920048328_VA,TSS,Outflow,177
6.0,920048328_VA,TSS,Outflow,177
15.19999980926514,920048328_VA,TSS,Outflow,177
6.0,920048328_VA,TSS,Outflow,177
18.0,920048328_VA,TSS,Outflow,178
8.399999618530273,920048328_VA,TSS,Outflow,178
36.0,920048328_VA,TSS,Outflow,178
168.0,920048328_VA,TSS,Outflow,178
4.0,920048328_VA,TSS,Outflow,178
61.0,920048328_VA,TSS,Outflow,179
4.400000095367432,920048328_VA,TSS,Outflow,179
18.0,920048328_VA,TSS,Outflow,179
5.599999904632568,920048328_VA,TSS,Outflow,179
6.0,920048328_VA,TSS,Outflow,179
4.400000095367432,920048328_VA,TSS,Outflow,180
8.399999618530273,920048328_VA,TSS,Outflow,180
22.0,920048328_VA,TSS,Outflow,180
18.0,920048328_VA,TSS,Outflow,180
39.0,920048328_VA,TSS,Outflow,180
168.0,920048328_VA,TSS,Outflow,181
15.19999980926514,920048328_VA,TSS,Outflow,181
10.0,920048328_VA,TSS,Outflow,181
15.19999980926514,920048328_VA,TSS,Outflow,181
10.0,920048328_VA,TSS,Outflow,181
18.0,920048328_VA,TSS,Outflow,182
36.0,920048328_VA,TSS,Outflow,182
8.800000190734863,920048328_VA,TSS,Outflow,182
6.0,920048328_VA,TSS,Outflow,182
39.0,920048328_VA,TSS,Outflow,182
15.19999980926514,920048328_VA,TSS,Outflow,183
16.39999961853027,920048328_VA,TSS,Outflow,183
18.0,920048328_VA,TSS,Outflow,183
18.0,920048328_VA,TSS,Outflow,183
36.0,920048328_VA,TSS,Outflow,183
61.0,920048328_VA,TSS,Outflow,184
8.0,920048328_VA,TSS,Outflow,184
10.0,920048328_VA,TSS,Outflow,184
13.60000038146973,920048328_VA,TSS,Outflow,184
39.0,920048328_VA,TSS,Outflow,184
18.0,920048328_VA,TSS,Outflow,185
33.0,920048328_VA,TSS,Outflow,185
13.60000038146973,920048328_VA,TSS,Outflow,185
10.0,920048328_VA,TSS,Outflow,185
4.0,920048328_VA,TSS,Outflow,185
61.0,920048328_VA,TSS,Outflow,186
33.0,920048328_VA,TSS,Outflow,186
8.0,920048328_VA,TSS,Outflow,186
168.0,920048328_VA,TSS,Outflow,186
9.5,920048328_VA,TSS,Outflow,186
9.5,920048328_VA,TSS,Outflow,187
8.399999618530273,920048328_VA,TSS,Outflow,187
4.0,920048328_VA,TSS,Outflow,187
18.0,920048328_VA,TSS,Outflow,187
18.0,920048328_VA,TSS,Outflow,187
15.19999980926514,920048328_VA,TSS,Outflow,188
61.0,920048328_VA,TSS,Outflow,188
39.0,920048328_VA,TSS,Outflow,188
10.0,920048328_VA,TSS,Outflow,188
15.19999980926514,920048328_VA,TSS,Outflow,188
18.0,920048328_VA,TSS,Outflow,189
8.0,920048328_VA,TSS,Outflow,189
47.0,920048328_VA,TSS,Outflow,189
15.60000038146973,920048328_VA,TSS,Outflow,189
8.399999618530273,920048328_VA,TSS,Outflow,189
3.200000047683716,920048328_VA,TSS,Outflow,190
8.0,920048328_VA,TSS,Outflow,190
168.0,920048328_VA,TSS,Outflow,190
28.0,920048328_VA,TSS,Outflow,190
15.19999980926514,920048328_VA,TSS,Outflow,190
4.400000095367432,920048328_VA,TSS,Outflow,191
61.0,920048328_VA,TSS,Outflow,191
39.0,920048328_VA,TSS,Outflow,191
12.80000019073486,920048328_VA,TSS,Outflow,191
168.0,920048328_VA,TSS,Outflow,191
5.599999904632568,920048328_VA,TSS,Outflow,192
18.0,920048328_VA,TSS,Outflow,192
83.0,920048328_VA,TSS,Outflow,192
13.60000038146973,920048328_VA,TSS,Outflow,192
9.5,920048328_VA,TSS,Outflow,192
9.5,920048328_VA,TSS,Outflow,193
8.800000190734863,920048328_VA,TSS,Outflow,193
13.60000038146973,920048328_VA,TSS,Outflow,193
83.0,920048328_VA,TSS,Outflow,193
10.0,920048328_VA,TSS,Outflow,193
13.60000038146973,920048328_VA,TSS,Outflow,194
17.20000076293945,920048328_VA,TSS,Outflow,194
6.0,920048328_VA,TSS,Outflow,194
6.0,920048328_VA,TSS,Outflow,194
9.5,920048328_VA,TSS,Outflow,194
3.200000047683716,920048328_VA,TSS,Outflow,195
36.0,920048328_VA,TSS,Outflow,195
22.0,920048328_VA,TSS,Outflow,195
15.60000038146973,920048328_VA,TSS,Outflow,195
15.19999980926514,920048328_VA,TSS,Outflow,195
3.200000047683716,920048328_VA,TSS,Outflow,196
13.60000038146973,920048328_VA,TSS,Outflow,196
15.19999980926514,920048328_VA,TSS,Outflow,196
18.0,920048328_VA,TSS,Outflow,196
5.599999904632568,920048328_VA,TSS,Outflow,196
12.80000019073486,920048328_VA,TSS,Outflow,197
5.599999904632568,920048328_VA,TSS,Outflow,197
8.0,920048328_VA,TSS,Outflow,197
18.0,920048328_VA,TSS,Outflow,197
28.0,920048328_VA,TSS,Outflow,197
9.5,920048328_VA,TSS,Outflow,198
33.0,920048328_VA,TSS,Outflow,198
17.20000076293945,920048328_VA,TSS,Outflow,198
18.0,920048328_VA,TSS,Outflow,198
15.60000038146973,920048328_VA,TSS,Outflow,198
4.0,920048328_VA,TSS,Outflow,199
10.0,920048328_VA,TSS,Outflow,199
6.0,920048328_VA,TSS,Outflow,199
28.0,920048328_VA,TSS,Outflow,199
8.800000190734863,920048328_VA,TSS,Outflow,199
83.0,920048328_VA,TSS,Outflow,200
22.0,920048328_VA,TSS,Outflow,200
12.80000019073486,920048328_VA,TSS,Outflow,200
8.399999618530273,920048328_VA,TSS,Outflow,200
8.0,920048328_VA,TSS,Outflow,200
8.800000190734863,920048328_VA,TSS,Outflow,201
18.0,920048328_VA,TSS,Outflow,201
16.39999961853027,920048328_VA,TSS,Outflow,201
15.19999980926514,920048328_VA,TSS,Outflow,201
10.0,920048328_VA,TSS,Outflow,201
5.599999904632568,920048328_VA,TSS,Outflow,202
3.200000047683716,920048328_VA,TSS,Outflow,202
15.19999980926514,920048328_VA,TSS,Outflow,202
83.0,920048328_VA,TSS,Outflow,202
16.39999961853027,920048328_VA,TSS,Outflow,202
3.200000047683716,920048328_VA,TSS,Outflow,203
4.0,920048328_VA,TSS,Outflow,203
10.0,920048328_VA,TSS,Outflow,203
61.0,920048328_VA,TSS,Outflow,203
28.0,920048328_VA,TSS,Outflow,203
18.0,920048328_VA,TSS,Outflow,204
3.599999904632568,920048328_VA,TSS,Outflow,204
18.0,920048328_VA,TSS,Outflow,204
15.60000038146973,920048328_VA,TSS,Outflow,204
15.19999980926514,920048328_VA,TSS,Outflow,204
15.19999980926514,920048328_VA,TSS,Outflow,205
47.0,920048328_VA,TSS,Outflow,205
9.5,920048328_VA,TSS,Outflow,205
5.599999904632568,920048328_VA,TSS,Outflow,205
4.0,920048328_VA,TSS,Outflow,205
18.0,920048328_VA,TSS,Outflow,206
4.400000095367432,920048328_VA,TSS,Outflow,206
10.0,920048328_VA,TSS,Outflow,206
22.0,920048328_VA,TSS,Outflow,206
4.0,920048328_VA,TSS,Outflow,206
4.400000095367432,920048328_VA,TSS,Outflow,207
10.0,920048328_VA,TSS,Outflow,207
83.0,920048328_VA,TSS,Outflow,207
9.5,920048328_VA,TSS,Outflow,207
6.0,920048328_VA,TSS,Outflow,207
168.0,920048328_VA,TSS,Outflow,208
47.0,920048328_VA,TSS,Outflow,208
13.60000038146973,920048328_VA,TSS,Outflow,208
18.0,920048328_VA,TSS,Outflow,208
3.599999904632568,920048328_VA,TSS,Outflow,208
8.0,920048328_VA,TSS,Outflow,209
23.60000038146973,920048328_VA,TSS,Outflow,209
6.0,920048328_VA,TSS,Outflow,209
8.399999618530273,920048328_VA,TSS,Outflow,209
17.20000076293945,920048328_VA,TSS,Outflow,209
6.0,920048328_VA,TSS,Outflow,210
3.200000047683716,920048328_VA,TSS,Outflow,210
4.0,920048328_VA,TSS,Outflow,210
4.400000095367432,920048328_VA,TSS,Outflow,210
8.0,920048328_VA,TSS,Outflow,210
61.0,920048328_VA,TSS,Outflow,211
39.0,920048328_VA,TSS,Outflow,211
10.0,920048328_VA,TSS,Outflow,211
47.0,920048328_VA,TSS,Outflow,211
18.0,920048328_VA,TSS,Outflow,211
17.20000076293945,920048328_VA,TSS,Outflow,212
61.0,920048328_VA,TSS,Outflow,212
15.19999980926514,920048328_VA,TSS,Outflow,212
16.39999961853027,920048328_VA,TSS,Outflow,212
6.0,920048328_VA,TSS,Outflow,212
18.0,920048328_VA,TSS,Outflow,213
61.0,920048328_VA,TSS,Outflow,213
13.60000038146973,920048328_VA,TSS,Outflow,213
10.0,920048328_VA,TSS,Outflow,213
6.400000095367432,920048328_VA,TSS,Outflow,213
39.0,920048328_VA,TSS,Outflow,214
10.0,920048328_VA,TSS,Outflow,214
15.19999980926514,920048328_VA,TSS,Outflow,214
8.399999618530273,920048328_VA,TSS,Outflow,214
5.599999904632568,920048328_VA,TSS,Outflow,214
10.0,920048328_VA,TSS,Outflow,215
5.599999904632568,920048328_VA,TSS,Outflow,215
15.60000038146973,920048328_VA,TSS,Outflow,215
23.60000038146973,920048328_VA,TSS,Outflow,215
4.0,920048328_VA,TSS,Outflow,215
18.0,920048328_VA,TSS,Outflow,216
39.0,920048328_VA,TSS,Outflow,216
3.200000047683716,920048328_VA,TSS,Outflow,216
36.0,920048328_VA,TSS,Outflow,216
168.0,920048328_VA,TSS,Outflow,216
12.80000019073486,920048328_VA,TSS,Outflow,217
8.0,920048328_VA,TSS,Outflow,217
22.0,920048328_VA,TSS,Outflow,217
18.0,920048328_VA,TSS,Outflow,217
13.60000038146973,920048328_VA,TSS,Outflow,217
28.0,920048328_VA,TSS,Outflow,218
5.599999904632568,920048328_VA,TSS,Outflow,218
36.0,920048328_VA,TSS,Outflow,218
17.20000076293945,920048328_VA,TSS,Outflow,218
61.0,920048328_VA,TSS,Outflow,218
10.0,920048328_VA,TSS,Outflow,219
17.20000076293945,920048328_VA,TSS,Outflow,219
10.0,920048328_VA,TSS,Outflow,219
13.60000038146973,920048328_VA,TSS,Outflow,219
9.5,920048328_VA,TSS,Outflow,219
83.0,920048328_VA,TSS,Outflow,220
10.0,920048328_VA,TSS,Outflow,220
33.0,920048328_VA,TSS,Outflow,220
15.60000038146973,920048328_VA,TSS,Outflow,220
9.5,920048328_VA,TSS,Outflow,220
36.0,920048328_VA,TSS,Outflow,221
10.0,920048328_VA,TSS,Outflow,221
39.0,920048328_VA,TSS,Outflow,221
4.400000095367432,920048328_VA,TSS,Outflow,221
6.0,920048328_VA,TSS,Outflow,221
168.0,920048328_VA,TSS,Outflow,222
6.0,920048328_VA,TSS,Outflow,222
83.0,920048328_VA,TSS,Outflow,222
10.0,920048328_VA,TSS,Outflow,222
4.0,920048328_VA,TSS,Outflow,222
6.400000095367432,920048328_VA,TSS,Outflow,223
28.0,920048328_VA,TSS,Outflow,223
13.60000038146973,920048328_VA,TSS,Outflow,223
83.0,920048328_VA,TSS,Outflow,223
18.0,920048328_VA,TSS,Outflow,223
33.0,920048328_VA,TSS,Outflow,224
6.400000095367432,920048328_VA,TSS,Outflow,224
9.5,920048328_VA,TSS,Outflow,224
8.0,920048328_VA,TSS,Outflow,224
13.60000038146973,920048328_VA,TSS,Outflow,224
33.0,920048328_VA,TSS,Outflow,225
8.0,920048328_VA,TSS,Outflow,225
10.0,920048328_VA,TSS,Outflow,225
8.800000190734863,920048328_VA,TSS,Outflow,225
3.599999904632568,920048328_VA,TSS,Outflow,225
8.399999618530273,920048328_VA,TSS,Outflow,226
4.400000095367432,920048328_VA,TSS,Outflow,226
15.60000038146973,920048328_VA,TSS,Outflow,226
16.39999961853027,920048328_VA,TSS,Outflow,226
28.0,920048328_VA,TSS,Outflow,226
8.800000190734863,920048328_VA,TSS,Outflow,227
6.0,920048328_VA,TSS,Outflow,227
23.60000038146973,920048328_VA,TSS,Outflow,227
6.0,920048328_VA,TSS,Outflow,227
61.0,920048328_VA,TSS,Outflow,227
17.20000076293945,920048328_VA,TSS,Outflow,228
3.599999904632568,920048328_VA,TSS,Outflow,228
39.0,920048328_VA,TSS,Outflow,228
12.80000019073486,920048328_VA,TSS,Outflow,228
28.0,920048328_VA,TSS,Outflow,228
47.0,920048328_VA,TSS,Outflow,229
39.0,920048328_VA,TSS,Outflow,229
168.0,920048328_VA,TSS,Outflow,229
6.0,920048328_VA,TSS,Outflow,229
28.0,920048328_VA,TSS,Outflow,229
6.400000095367432,920048328_VA,TSS,Outflow,230
9.5,920048328_VA,TSS,Outflow,230
5.599999904632568,920048328_VA,TSS,Outflow,230
36.0,920048328_VA,TSS,Outflow,230
15.19999980926514,920048328_VA,TSS,Outflow,230
47.0,920048328_VA,TSS,Outflow,231
4.400000095367432,920048328_VA,TSS,Outflow,231
28.0,920048328_VA,TSS,Outflow,231
39.0,920048328_VA,TSS,Outflow,231
8.399999618530273,920048328_VA,TSS,Outflow,231
4.400000095367432,920048328_VA,TSS,Outflow,232
33.0,920048328_VA,TSS,Outflow,232
47.0,920048328_VA,TSS,Outflow,232
9.5,920048328_VA,TSS,Outflow,232
15.19999980926514,920048328_VA,TSS,Outflow,232
83.0,920048328_VA,TSS,Outflow,233
8.800000190734863,920048328_VA,TSS,Outflow,233
22.0,920048328_VA,TSS,Outflow,233
36.0,920048328_VA,TSS,Outflow,233
16.39999961853027,920048328_VA,TSS,Outflow,233
22.0,920048328_VA,TSS,Outflow,234
10.0,920048328_VA,TSS,Outflow,234
13.60000038146973,920048328_VA,TSS,Outflow,234
47.0,920048328_VA,TSS,Outflow,234
15.60000038146973,920048328_VA,TSS,Outflow,234
18.0,920048328_VA,TSS,Outflow,235
10.0,920048328_VA,TSS,Outflow,235
23.60000038146973,920048328_VA,TSS,Outflow,235
12.80000019073486,920048328_VA,TSS,Outflow,235
33.0,920048328_VA,TSS,Outflow,235
5.599999904632568,920048328_VA,TSS,Outflow,236
22.0,920048328_VA,TSS,Outflow,236
39.0,920048328_VA,TSS,Outflow,236
8.800000190734863,920048328_VA,TSS,Outflow,236
16.39999961853027,920048328_VA,TSS,Outflow,236
16.39999961853027,920048328_VA,TSS,Outflow,237
5.599999904632568,920048328_VA,TSS,Outflow,237
13.60000038146973,920048328_VA,TSS,Outflow,237
168.0,920048328_VA,TSS,Outflow,237
47.0,920048328_VA,TSS,Outflow,237
15.60000038146973,920048328_VA,TSS,Outflow,238
13.60000038146973,920048328_VA,TSS,Outflow,238
4.0,920048328_VA,TSS,Outflow,238
22.0,920048328_VA,TSS,Outflow,238
18.0,920048328_VA,TSS,Outflow,238
15.60000038146973,920048328_VA,TSS,Outflow,239
23.60000038146973,920048328_VA,TSS,Outflow,239
3.599999904632568,920048328_VA,TSS,Outflow,239
8.399999618530273,920048328_VA,TSS,Outflow,239
18.0,920048328_VA,TSS,Outflow,239
3.200000047683716,920048328_VA,TSS,Outflow,240
12.80000019073486,920048328_VA,TSS,Outflow,240
22.0,920048328_VA,TSS,Outflow,240
3.599999904632568,920048328_VA,TSS,Outflow,240
6.0,920048328_VA,TSS,Outflow,240
8.399999618530273,920048328_VA,TSS,Outflow,241
16.39999961853027,920048328_VA,TSS,Outflow,241
83.0,920048328_VA,TSS,Outflow,241
36.0,920048328_VA,TSS,Outflow,241
4.0,920048328_VA,TSS,Outflow,241
23.60000038146973,920048328_VA,TSS,Outflow,242
18.0,920048328_VA,TSS,Outflow,242
3.200000047683716,920048328_VA,TSS,Outflow,242
18.0,920048328_VA,TSS,Outflow,242
22.0,920048328_VA,TSS,Outflow,242
8.800000190734863,920048328_VA,TSS,Outflow,243
6.0,920048328_VA,TSS,Outflow,243
36.0,920048328_VA,TSS,Outflow,243
16.39999961853027,920048328_VA,TSS,Outflow,243
23.60000038146973,920048328_VA,TSS,Outflow,243
17.20000076293945,920048328_VA,TSS,Outflow,244
5.599999904632568,920048328_VA,TSS,Outflow,244
10.0,920048328_VA,TSS,Outflow,244
9.5,920048328_VA,TSS,Outflow,244
4.400000095367432,920048328_VA,TSS,Outflow,244
6.0,920048328_VA,TSS,Outflow,245
28.0,920048328_VA,TSS,Outflow,245
39.0,920048328_VA,TSS,Outflow,245
6.0,920048328_VA,TSS,Outflow,245
47.0,920048328_VA,TSS,Outflow,245
18.0,920048328_VA,TSS,Outflow,246
8.0,920048328_VA,TSS,Outflow,246
15.19999980926514,920048328_VA,TSS,Outflow,246
47.0,920048328_VA,TSS,Outflow,246
8.399999618530273,920048328_VA,TSS,Outflow,246
3.200000047683716,920048328_VA,TSS,Outflow,247
28.0,920048328_VA,TSS,Outflow,247
18.0,920048328_VA,TSS,Outflow,247
6.0,920048328_VA,TSS,Outflow,247
23.60000038146973,920048328_VA,TSS,Outflow,247
16.39999961853027,920048328_VA,TSS,Outflow,248
6.400000095367432,920048328_VA,TSS,Outflow,248
168.0,920048328_VA,TSS,Outflow,248
10.0,920048328_VA,TSS,Outflow,248
4.400000095367432,920048328_VA,TSS,Outflow,248
18.0,920048328_VA,TSS,Outflow,249
15.19999980926514,920048328_VA,TSS,Outflow,249
22.0,920048328_VA,TSS,Outflow,249
15.60000038146973,920048328_VA,TSS,Outflow,249
10.0,920048328_VA,TSS,Outflow,249
18.0,920048328_VA,TSS,Outflow,250
9.5,920048328_VA,TSS,Outflow,250
18.0,920048328_VA,TSS,Outflow,250
3.200000047683716,920048328_VA,TSS,Outflow,250
5.599999904632568,920048328_VA,TSS,Outflow,250
12.80000019073486,920048328_VA,TSS,Outflow,251
15.19999980926514,920048328_VA,TSS,Outflow,251
10.0,920048328_VA,TSS,Outflow,251
4.400000095367432,920048328_VA,TSS,Outflow,251
33.0,920048328_VA,TSS,Outflow,251
15.19999980926514,920048328_VA,TSS,Outflow,252
8.800000190734863,920048328_VA,TSS,Outflow,252
18.0,920048328_VA,TSS,Outflow,252
61.0,920048328_VA,TSS,Outflow,252
3.200000047683716,920048328_VA,TSS,Outflow,252
18.0,920048328_VA,TSS,Outflow,253
4.400000095367432,920048328_VA,TSS,Outflow,253
23.60000038146973,920048328_VA,TSS,Outflow,253
13.60000038146973,920048328_VA,TSS,Outflow,253
6.0,920048328_VA,TSS,Outflow,253
6.0,920048328_VA,TSS,Outflow,254
22.0,920048328_VA,TSS,Outflow,254
23.60000038146973,920048328_VA,TSS,Outflow,254
16.39999961853027,920048328_VA,TSS,Outflow,254
61.0,920048328_VA,TSS,Outflow,254
3.200000047683716,920048328_VA,TSS,Outflow,255
39.0,920048328_VA,TSS,Outflow,255
17.20000076293945,920048328_VA,TSS,Outflow,255
3.599999904632568,920048328_VA,TSS,Outflow,255
4.400000095367432,920048328_VA,TSS,Outflow,255
61.0,920048328_VA,TSS,Outflow,256
3.599999904632568,920048328_VA,TSS,Outflow,256
8.800000190734863,920048328_VA,TSS,Outflow,256
15.19999980926514,920048328_VA,TSS,Outflow,256
15.19999980926514,920048328_VA,TSS,Outflow,256
9.5,920048328_VA,TSS,Outflow,257
61.0,920048328_VA,TSS,Outflow,257
23.60000038146973,920048328_VA,TSS,Outflow,257
5.599999904632568,920048328_VA,TSS,Outflow,257
3.200000047683716,920048328_VA,TSS,Outflow,257
5.599999904632568,920048328_VA,TSS,Outflow,258
16.39999961853027,920048328_VA,TSS,Outflow,258
4.0,920048328_VA,TSS,Outflow,258
33.0,920048328_VA,TSS,Outflow,258
15.60000038146973,920048328_VA,TSS,Outflow,258
4.0,920048328_VA,TSS,Outflow,259
6.0,920048328_VA,TSS,Outflow,259
8.399999618530273,920048328_VA,TSS,Outflow,259
61.0,920048328_VA,TSS,Outflow,259
12.80000019073486,920048328_VA,TSS,Outflow,259
15.19999980926514,920048328_VA,TSS,Outflow,260
10.0,920048328_VA,TSS,Outflow,260
13.60000038146973,920048328_VA,TSS,Outflow,260
9.5,920048328_VA,TSS,Outflow,260
17.20000076293945,920048328_VA,TSS,Outflow,260
5.599999904632568,920048328_VA,TSS,Outflow,261
83.0,920048328_VA,TSS,Outflow,261
9.5,920048328_VA,TSS,Outflow,261
61.0,920048328_VA,TSS,Outflow,261
6.400000095367432,920048328_VA,TSS,Outflow,261
168.0,920048328_VA,TSS,Outflow,262
10.0,920048328_VA,TSS,Outflow,262
8.399999618530273,920048328_VA,TSS,Outflow,262
6.0,920048328_VA,TSS,Outflow,262
6.400000095367432,920048328_VA,TSS,Outflow,262
8.399999618530273,920048328_VA,TSS,Outflow,263
12.80000019073486,920048328_VA,TSS,Outflow,263
22.0,920048328_VA,TSS,Outflow,263
39.0,920048328_VA,TSS,Outflow,263
15.19999980926514,920048328_VA,TSS,Outflow,263
18.0,920048328_VA,TSS,Outflow,264
4.0,920048328_VA,TSS,Outflow,264
9.5,920048328_VA,TSS,Outflow,264
168.0,920048328_VA,TSS,Outflow,264
83.0,920048328_VA,TSS,Outflow,264
16.39999961853027,920048328_VA,TSS,Outflow,265
3.599999904632568,920048328_VA,TSS,Outflow,265
6.0,920048328_VA,TSS,Outflow,265
22.0,920048328_VA,TSS,Outflow,265
3.200000047683716,920048328_VA,TSS,Outflow,265
36.0,920048328_VA,TSS,Outflow,266
9.5,920048328_VA,TSS,Outflow,266
5.599999904632568,920048328_VA,TSS,Outflow,266
6.0,920048328_VA,TSS,Outflow,266
8.399999618530273,920048328_VA,TSS,Outflow,266
8.0,920048328_VA,TSS,Outflow,267
5.599999904632568,920048328_VA,TSS,Outflow,267
10.0,920048328_VA,TSS,Outflow,267
33.0,920048328_VA,TSS,Outflow,267
83.0,920048328_VA,TSS,Outflow,267
4.400000095367432,920048328_VA,TSS,Outflow,268
4.0,920048328_VA,TSS,Outflow,268
18.0,920048328_VA,TSS,Outflow,268
16.39999961853027,920048328_VA,TSS,Outflow,268
22.0,920048328_VA,TSS,Outflow,268
17.20000076293945,920048328_VA,TSS,Outflow,269
4.400000095367432,920048328_VA,TSS,Outflow,269
16.39999961853027,920048328_VA,TSS,Outflow,269
15.60000038146973,920048328_VA,TSS,Outflow,269
10.0,920048328_VA,TSS,Outflow,269
6.0,920048328_VA,TSS,Outflow,270
3.200000047683716,920048328_VA,TSS,Outflow,270
17.20000076293945,920048328_VA,TSS,Outflow,270
13.60000038146973,920048328_VA,TSS,Outflow,270
8.800000190734863,920048328_VA,TSS,Outflow,270
13.60000038146973,920048328_VA,TSS,Outflow,271
39.0,920048328_VA,TSS,Outflow,271
9.5,920048328_VA,TSS,Outflow,271
18.0,920048328_VA,TSS,Outflow,271
8.800000190734863,920048328_VA,TSS,Outflow,271
18.0,920048328_VA,TSS,Outflow,272
168.0,920048328_VA,TSS,Outflow,272
10.0,920048328_VA,TSS,Outflow,272
16.39999961853027,920048328_VA,TSS,Outflow,272
61.0,920048328_VA,TSS,Outflow,272
18.0,920048328_VA,TSS,Outflow,273
17.20000076293945,920048328_VA,TSS,Outflow,273
15.19999980926514,920048328_VA,TSS,Outflow,273
15.60000038146973,920048328_VA,TSS,Outflow,273
28.0,920048328_VA,TSS,Outflow,273
13.60000038146973,920048328_VA,TSS,Outflow,274
61.0,920048328_VA,TSS,Outflow,274
6.400000095367432,920048328_VA,TSS,Outflow,274
15.19999980926514,920048328_VA,TSS,Outflow,274
18.0,920048328_VA,TSS,Outflow,274
10.0,920048328_VA,TSS,Outflow,275
18.0,920048328_VA,TSS,Outflow,275
9.5,920048328_VA,TSS,Outflow,275
22.0,920048328_VA,TSS,Outflow,275
6.0,920048328_VA,TSS,Outflow,275
18.0,920048328_VA,TSS,Outflow,276
23.60000038146973,920048328_VA,TSS,Outflow,276
83.0,920048328_VA,TSS,Outflow,276
6.0,920048328_VA,TSS,Outflow,276
12.80000019073486,920048328_VA,TSS,Outflow,276
8.0,920048328_VA,TSS,Outflow,277
168.0,920048328_VA,TSS,Outflow,277
16.39999961853027,920048328_VA,TSS,Outflow,277
18.0,920048328_VA,TSS,Outflow,277
6.400000095367432,920048328_VA,TSS,Outflow,277
8.0,920048328_VA,TSS,Outflow,278
15.19999980926514,920048328_VA,TSS,Outflow,278
13.60000038146973,920048328_VA,TSS,Outflow,278
18.0,920048328_VA,TSS,Outflow,278
33.0,920048328_VA,TSS,Outflow,278
18.0,920048328_VA,TSS,Outflow,279
23.60000038146973,920048328_VA,TSS,Outflow,279
8.800000190734863,920048328_VA,TSS,Outflow,279
168.0,920048328_VA,TSS,Outflow,279
3.200000047683716,920048328_VA,TSS,Outflow,279
36.0,920048328_VA,TSS,Outflow,280
16.39999961853027,920048328_VA,TSS,Outflow,280
10.0,920048328_VA,TSS,Outflow,280
3.200000047683716,920048328_VA,TSS,Outflow,280
18.0,920048328_VA,TSS,Outflow,280
83.0,920048328_VA,TSS,Outflow,281
18.0,920048328_VA,TSS,Outflow,281
8.0,920048328_VA,TSS,Outflow,281
16.39999961853027,920048328_VA,TSS,Outflow,281
6.0,920048328_VA,TSS,Outflow,281
9.5,920048328_VA,TSS,Outflow,282
12.80000019073486,920048328_VA,TSS,Outflow,282
28.0,920048328_VA,TSS,Outflow,282
8.0,920048328_VA,TSS,Outflow,282
39.0,920048328_VA,TSS,Outflow,282
6.0,920048328_VA,TSS,Outflow,283
18.0,920048328_VA,TSS,Outflow,283
3.599999904632568,920048328_VA,TSS,Outflow,283
33.0,920048328_VA,TSS,Outflow,283
15.60000038146973,920048328_VA,TSS,Outflow,283
17.20000076293945,920048328_VA,TSS,Outflow,284
18.0,920048328_VA,TSS,Outflow,284
6.0,920048328_VA,TSS,Outflow,284
61.0,920048328_VA,TSS,Outflow,284
3.200000047683716,920048328_VA,TSS,Outflow,284
18.0,920048328_VA,TSS,Outflow,285
4.0,920048328_VA,TSS,Outflow,285
9.5,920048328_VA,TSS,Outflow,285
8.0,920048328_VA,TSS,Outflow,285
18.0,920048328_VA,TSS,Outflow,285
47.0,920048328_VA,TSS,Outflow,286
4.400000095367432,920048328_VA,TSS,Outflow,286
168.0,920048328_VA,TSS,Outflow,286
13.60000038146973,920048328_VA,TSS,Outflow,286
33.0,920048328_VA,TSS,Outflow,286
5.599999904632568,920048328_VA,TSS,Outflow,287
39.0,920048328_VA,TSS,Outflow,287
4.400000095367432,920048328_VA,TSS,Outflow,287
8.0,920048328_VA,TSS,Outflow,287
6.400000095367432,920048328_VA,TSS,Outflow,287
9.5,920048328_VA,TSS,Outflow,288
8.800000190734863,920048328_VA,TSS,Outflow,288
15.19999980926514,920048328_VA,TSS,Outflow,288
39.0,920048328_VA,TSS,Outflow,288
83.0,920048328_VA,TSS,Outflow,288
36.0,920048328_VA,TSS,Outflow,289
4.400000095367432,920048328_VA,TSS,Outflow,289
18.0,920048328_VA,TSS,Outflow,289
10.0,920048328_VA,TSS,Outflow,289
18.0,920048328_VA,TSS,Outflow,289
8.800000190734863,920048328_VA,TSS,Outflow,290
15.60000038146973,920048328_VA,TSS,Outflow,290
17.20000076293945,920048328_VA,TSS,Outflow,290
28.0,920048328_VA,TSS,Outflow,290
6.0,920048328_VA,TSS,Outflow,290
18.0,920048328_VA,TSS,Outflow,291
4.400000095367432,920048328_VA,TSS,Outflow,291
6.0,920048328_VA,TSS,Outflow,291
36.0,920048328_VA,TSS,Outflow,291
6.400000095367432,920048328_VA,TSS,Outflow,291
28.0,920048328_VA,TSS,Outflow,292
8.800000190734863,920048328_VA,TSS,Outflow,292
12.80000019073486,920048328_VA,TSS,Outflow,292
6.0,920048328_VA,TSS,Outflow,292
4.400000095367432,920048328_VA,TSS,Outflow,292
23.60000038146973,920048328_VA,TSS,Outflow,293
168.0,920048328_VA,TSS,Outflow,293
47.0,920048328_VA,TSS,Outflow,293
5.599999904632568,920048328_VA,TSS,Outflow,293
10.0,920048328_VA,TSS,Outflow,293
8.0,920048328_VA,TSS,Outflow,294
4.400000095367432,920048328_VA,TSS,Outflow,294
39.0,920048328_VA,TSS,Outflow,294
36.0,920048328_VA,TSS,Outflow,294
15.60000038146973,920048328_VA,TSS,Outflow,294
18.0,920048328_VA,TSS,Outflow,295
8.0,920048328_VA,TSS,Outflow,295
83.0,920048328_VA,TSS,Outflow,295
15.19999980926514,920048328_VA,TSS,Outflow,295
168.0,920048328_VA,TSS,Outflow,295
22.0,920048328_VA,TSS,Outflow,296
6.400000095367432,920048328_VA,TSS,Outflow,296
18.0,920048328_VA,TSS,Outflow,296
8.0,920048328_VA,TSS,Outflow,296
8.399999618530273,920048328_VA,TSS,Outflow,296
9.5,920048328_VA,TSS,Outflow,297
6.0,920048328_VA,TSS,Outflow,297
18.0,920048328_VA,TSS,Outflow,297
4.400000095367432,920048328_VA,TSS,Outflow,297
47.0,920048328_VA,TSS,Outflow,297
18.0,920048328_VA,TSS,Outflow,298
13.60000038146973,920048328_VA,TSS,Outflow,298
3.599999904632568,920048328_VA,TSS,Outflow,298
15.19999980926514,920048328_VA,TSS,Outflow,298
16.39999961853027,920048328_VA,TSS,Outflow,298
61.0,920048328_VA,TSS,Outflow,299
17.20000076293945,920048328_VA,TSS,Outflow,299
3.200000047683716,920048328_VA,TSS,Outflow,299
6.400000095367432,920048328_VA,TSS,Outflow,299
18.0,920048328_VA,TSS,Outflow,299
5.599999904632568,920048328_VA,TSS,Outflow,300
39.0,920048328_VA,TSS,Outflow,300
4.0,920048328_VA,TSS,Outflow,300
3.200000047683716,920048328_VA,TSS,Outflow,300
17.20000076293945,920048328_VA,TSS,Outflow,300
18.0,920048328_VA,TSS,Outflow,301
13.60000038146973,920048328_VA,TSS,Outflow,301
9.5,920048328_VA,TSS,Outflow,301
23.60000038146973,920048328_VA,TSS,Outflow,301
36.0,920048328_VA,TSS,Outflow,301
33.0,920048328_VA,TSS,Outflow,302
4.0,920048328_VA,TSS,Outflow,302
5.599999904632568,920048328_VA,TSS,Outflow,302
15.19999980926514,920048328_VA,TSS,Outflow,302
16.39999961853027,920048328_VA,TSS,Outflow,302
36.0,920048328_VA,TSS,Outflow,303
28.0,920048328_VA,TSS,Outflow,303
8.0,920048328_VA,TSS,Outflow,303
15.19999980926514,920048328_VA,TSS,Outflow,303
10.0,920048328_VA,TSS,Outflow,303
9.5,920048328_VA,TSS,Outflow,304
61.0,920048328_VA,TSS,Outflow,304
8.399999618530273,920048328_VA,TSS,Outflow,304
33.0,920048328_VA,TSS,Outflow,304
17.20000076293945,920048328_VA,TSS,Outflow,304
3.200000047683716,920048328_VA,TSS,Outflow,305
10.0,920048328_VA,TSS,Outflow,305
9.5,920048328_VA,TSS,Outflow,305
18.0,920048328_VA,TSS,Outflow,305
6.0,920048328_VA,TSS,Outflow,305
10.0,920048328_VA,TSS,Outflow,306
36.0,920048328_VA,TSS,Outflow,306
12.80000019073486,920048328_VA,TSS,Outflow,306
47.0,920048328_VA,TSS,Outflow,306
13.60000038146973,920048328_VA,TSS,Outflow,306
33.0,920048328_VA,TSS,Outflow,307
18.0,920048328_VA,TSS,Outflow,307
22.0,920048328_VA,TSS,Outflow,307
23.60000038146973,920048328_VA,TSS,Outflow,307
8.399999618530273,920048328_VA,TSS,Outflow,307
17.20000076293945,920048328_VA,TSS,Outflow,308
39.0,920048328_VA,TSS,Outflow,308
33.0,920048328_VA,TSS,Outflow,308
6.0,920048328_VA,TSS,Outflow,308
23.60000038146973,920048328_VA,TSS,Outflow,308
6.0,920048328_VA,TSS,Outflow,309
28.0,920048328_VA,TSS,Outflow,309
6.400000095367432,920048328_VA,TSS,Outflow,309
4.400000095367432,920048328_VA,TSS,Outflow,309
3.599999904632568,920048328_VA,TSS,Outflow,309
18.0,920048328_VA,TSS,Outflow,310
8.399999618530273,920048328_VA,TSS,Outflow,310
9.5,920048328_VA,TSS,Outflow,310
17.20000076293945,920048328_VA,TSS,Outflow,310
36.0,920048328_VA,TSS,Outflow,310
168.0,920048328_VA,TSS,Outflow,311
8.0,920048328_VA,TSS,Outflow,311
12.80000019073486,920048328_VA,TSS,Outflow,311
17.20000076293945,920048328_VA,TSS,Outflow,311
18.0,920048328_VA,TSS,Outflow,311
6.0,920048328_VA,TSS,Outflow,312
16.39999961853027,920048328_VA,TSS,Outflow,312
15.19999980926514,920048328_VA,TSS,Outflow,312
8.399999618530273,920048328_VA,TSS,Outflow,312
3.200000047683716,920048328_VA,TSS,Outflow,312
23.60000038146973,920048328_VA,TSS,Outflow,313
15.60000038146973,920048328_VA,TSS,Outflow,313
15.19999980926514,920048328_VA,TSS,Outflow,313
22.0,920048328_VA,TSS,Outflow,313
16.39999961853027,920048328_VA,TSS,Outflow,313
6.0,920048328_VA,TSS,Outflow,314
18.0,920048328_VA,TSS,Outflow,314
4.0,920048328_VA,TSS,Outflow,314
47.0,920048328_VA,TSS,Outflow,314
61.0,920048328_VA,TSS,Outflow,314
8.399999618530273,920048328_VA,TSS,Outflow,315
18.0,920048328_VA,TSS,Outflow,315
10.0,920048328_VA,TSS,Outflow,315
22.0,920048328_VA,TSS,Outflow,315
8.800000190734863,920048328_VA,TSS,Outflow,315
6.0,920048328_VA,TSS,Outflow,316
12.80000019073486,920048328_VA,TSS,Outflow,316
33.0,920048328_VA,TSS,Outflow,316
83.0,920048328_VA,TSS,Outflow,316
18.0,920048328_VA,TSS,Outflow,316
28.0,920048328_VA,TSS,Outflow,317
17.20000076293945,920048328_VA,TSS,Outflow,317
10.0,920048328_VA,TSS,Outflow,317
47.0,920048328_VA,TSS,Outflow,317
8.399999618530273,920048328_VA,TSS,Outflow,317
16.39999961853027,920048328_VA,TSS,Outflow,318
168.0,920048328_VA,TSS,Outflow,318
8.399999618530273,920048328_VA,TSS,Outflow,318
8.800000190734863,920048328_VA,TSS,Outflow,318
6.0,920048328_VA,TSS,Outflow,318
3.200000047683716,920048328_VA,TSS,Outflow,319
13.60000038146973,920048328_VA,TSS,Outflow,319
83.0,920048328_VA,TSS,Outflow,319
18.0,920048328_VA,TSS,Outflow,319
8.399999618530273,920048328_VA,TSS,Outflow,319
83.0,920048328_VA,TSS,Outflow,320
6.0,920048328_VA,TSS,Outflow,320
10.0,920048328_VA,TSS,Outflow,320
18.0,920048328_VA,TSS,Outflow,320
18.0,920048328_VA,TSS,Outflow,320
17.20000076293945,920048328_VA,TSS,Outflow,321
8.0,920048328_VA,TSS,Outflow,321
13.60000038146973,920048328_VA,TSS,Outflow,321
18.0,920048328_VA,TSS,Outflow,321
33.0,920048328_VA,TSS,Outflow,321
10.0,920048328_VA,TSS,Outflow,322
36.0,920048328_VA,TSS,Outflow,322
8.399999618530273,920048328_VA,TSS,Outflow,322
17.20000076293945,920048328_VA,TSS,Outflow,322
33.0,920048328_VA,TSS,Outflow,322
8.399999618530273,920048328_VA,TSS,Outflow,323
6.0,920048328_VA,TSS,Outflow,323
15.60000038146973,920048328_VA,TSS,Outflow,323
18.0,920048328_VA,TSS,Outflow,323
22.0,920048328_VA,TSS,Outflow,323
4.400000095367432,920048328_VA,TSS,Outflow,324
83.0,920048328_VA,TSS,Outflow,324
15.60000038146973,920048328_VA,TSS,Outflow,324
13.60000038146973,920048328_VA,TSS,Outflow,324
5.599999904632568,920048328_VA,TSS,Outflow,324
17.20000076293945,920048328_VA,TSS,Outflow,325
10.0,920048328_VA,TSS,Outflow,325
12.80000019073486,920048328_VA,TSS,Outflow,325
18.0,920048328_VA,TSS,Outflow,325
10.0,920048328_VA,TSS,Outflow,325
17.20000076293945,920048328_VA,TSS,Outflow,326
22.0,920048328_VA,TSS,Outflow,326
12.80000019073486,920048328_VA,TSS,Outflow,326
8.800000190734863,920048328_VA,TSS,Outflow,326
168.0,920048328_VA,TSS,Outflow,326
23.60000038146973,920048328_VA,TSS,Outflow,327
28.0,920048328_VA,TSS,Outflow,327
18.0,920048328_VA,TSS,Outflow,327
18.0,920048328_VA,TSS,Outflow,327
39.0,920048328_VA,TSS,Outflow,327
4.0,920048328_VA,TSS,Outflow,328
10.0,920048328_VA,TSS,Outflow,328
6.0,920048328_VA,TSS,Outflow,328
36.0,920048328_VA,TSS,Outflow,328
83.0,920048328_VA,TSS,Outflow,328
18.0,920048328_VA,TSS,Outflow,329
15.19999980926514,920048328_VA,TSS,Outflow,329
33.0,920048328_VA,TSS,Outflow,329
15.19999980926514,920048328_VA,TSS,Outflow,329
6.0,920048328_VA,TSS,Outflow,329
10.0,920048328_VA,TSS,Outflow,330
16.39999961853027,920048328_VA,TSS,Outflow,330
18.0,920048328_VA,TSS,Outflow,330
4.400000095367432,920048328_VA,TSS,Outflow,330
3.200000047683716,920048328_VA,TSS,Outflow,330
18.0,920048328_VA,TSS,Outflow,331
18.0,920048328_VA,TSS,Outflow,331
15.19999980926514,920048328_VA,TSS,Outflow,331
23.60000038146973,920048328_VA,TSS,Outflow,331
10.0,920048328_VA,TSS,Outflow,331
28.0,920048328_VA,TSS,Outflow,332
6.400000095367432,920048328_VA,TSS,Outflow,332
168.0,920048328_VA,TSS,Outflow,332
33.0,920048328_VA,TSS,Outflow,332
6.0,920048328_VA,TSS,Outflow,332
10.0,920048328_VA,TSS,Outflow,333
83.0,920048328_VA,TSS,Outflow,333
18.0,920048328_VA,TSS,Outflow,333
6.0,920048328_VA,TSS,Outflow,333
12.80000019073486,920048328_VA,TSS,Outflow,333
39.0,920048328_VA,TSS,Outflow,334
3.200000047683716,920048328_VA,TSS,Outflow,334
4.400000095367432,920048328_VA,TSS,Outflow,334
47.0,920048328_VA,TSS,Outflow,334
8.399999618530273,920048328_VA,TSS,Outflow,334
83.0,920048328_VA,TSS,Outflow,335
12.80000019073486,920048328_VA,TSS,Outflow,335
17.20000076293945,920048328_VA,TSS,Outflow,335
22.0,920048328_VA,TSS,Outflow,335
6.0,920048328_VA,TSS,Outflow,335
18.0,920048328_VA,TSS,Outflow,336
22.0,920048328_VA,TSS,Outflow,336
16.39999961853027,920048328_VA,TSS,Outflow,336
10.0,920048328_VA,TSS,Outflow,336
10.0,920048328_VA,TSS,Outflow,336
12.80000019073486,920048328_VA,TSS,Outflow,337
15.60000038146973,920048328_VA,TSS,Outflow,337
83.0,920048328_VA,TSS,Outflow,337
47.0,920048328_VA,TSS,Outflow,337
17.20000076293945,920048328_VA,TSS,Outflow,337
18.0,920048328_VA,TSS,Outflow,338
8.0,920048328_VA,TSS,Outflow,338
33.0,920048328_VA,TSS,Outflow,338
18.0,920048328_VA,TSS,Outflow,338
9.5,920048328_VA,TSS,Outflow,338
18.0,920048328_VA,TSS,Outflow,339
83.0,920048328_VA,TSS,Outflow,339
10.0,920048328_VA,TSS,Outflow,339
22.0,920048328_VA,TSS,Outflow,339
6.400000095367432,920048328_VA,TSS,Outflow,339
4.400000095367432,920048328_VA,TSS,Outflow,340
39.0,920048328_VA,TSS,Outflow,340
61.0,920048328_VA,TSS,Outflow,340
18.0,920048328_VA,TSS,Outflow,340
15.19999980926514,920048328_VA,TSS,Outflow,340
5.599999904632568,920048328_VA,TSS,Outflow,341
3.599999904632568,920048328_VA,TSS,Outflow,341
6.400000095367432,920048328_VA,TSS,Outflow,341
10.0,920048328_VA,TSS,Outflow,341
47.0,920048328_VA,TSS,Outflow,341
168.0,920048328_VA,TSS,Outflow,342
17.20000076293945,920048328_VA,TSS,Outflow,342
8.0,920048328_VA,TSS,Outflow,342
61.0,920048328_VA,TSS,Outflow,342
39.0,920048328_VA,TSS,Outflow,342
4.400000095367432,920048328_VA,TSS,Outflow,343
18.0,920048328_VA,TSS,Outflow,343
12.80000019073486,920048328_VA,TSS,Outflow,343
36.0,920048328_VA,TSS,Outflow,343
47.0,920048328_VA,TSS,Outflow,343
15.19999980926514,920048328_VA,TSS,Outflow,344
6.0,920048328_VA,TSS,Outflow,344
33.0,920048328_VA,TSS,Outflow,344
3.599999904632568,920048328_VA,TSS,Outflow,344
3.200000047683716,920048328_VA,TSS,Outflow,344
33.0,920048328_VA,TSS,Outflow,345
6.0,920048328_VA,TSS,Outflow,345
6.400000095367432,920048328_VA,TSS,Outflow,345
8.399999618530273,920048328_VA,TSS,Outflow,345
6.0,920048328_VA,TSS,Outflow,345
6.0,920048328_VA,TSS,Outflow,346
36.0,920048328_VA,TSS,Outflow,346
10.0,920048328_VA,TSS,Outflow,346
33.0,920048328_VA,TSS,Outflow,346
4.0,920048328_VA,TSS,Outflow,346
6.400000095367432,920048328_VA,TSS,Outflow,347
61.0,920048328_VA,TSS,Outflow,347
16.39999961853027,920048328_VA,TSS,Outflow,347
10.0,920048328_VA,TSS,Outflow,347
18.0,920048328_VA,TSS,Outflow,347
15.60000038146973,920048328_VA,TSS,Outflow,348
23.60000038146973,920048328_VA,TSS,Outflow,348
12.80000019073486,920048328_VA,TSS,Outflow,348
168.0,920048328_VA,TSS,Outflow,348
6.0,920048328_VA,TSS,Outflow,348
12.80000019073486,920048328_VA,TSS,Outflow,349
8.800000190734863,920048328_VA,TSS,Outflow,349
10.0,920048328_VA,TSS,Outflow,349
61.0,920048328_VA,TSS,Outflow,349
15.60000038146973,920048328_VA,TSS,Outflow,349
18.0,920048328_VA,TSS,Outflow,350
47.0,920048328_VA,TSS,Outflow,350
15.60000038146973,920048328_VA,TSS,Outflow,350
22.0,920048328_VA,TSS,Outflow,350
36.0,920048328_VA,TSS,Outflow,350
18.0,920048328_VA,TSS,Outflow,351
15.19999980926514,920048328_VA,TSS,Outflow,351
8.800000190734863,920048328_VA,TSS,Outflow,351
10.0,920048328_VA,TSS,Outflow,351
3.200000047683716,920048328_VA,TSS,Outflow,351
22.0,920048328_VA,TSS,Outflow,352
33.0,920048328_VA,TSS,Outflow,352
61.0,920048328_VA,TSS,Outflow,352
8.0,920048328_VA,TSS,Outflow,352
12.80000019073486,920048328_VA,TSS,Outflow,352
6.400000095367432,920048328_VA,TSS,Outflow,353
13.60000038146973,920048328_VA,TSS,Outflow,353
4.400000095367432,920048328_VA,TSS,Outflow,353
47.0,920048328_VA,TSS,Outflow,353
39.0,920048328_VA,TSS,Outflow,353
18.0,920048328_VA,TSS,Outflow,354
3.599999904632568,920048328_VA,TSS,Outflow,354
3.200000047683716,920048328_VA,TSS,Outflow,354
39.0,920048328_VA,TSS,Outflow,354
22.0,920048328_VA,TSS,Outflow,354
3.599999904632568,920048328_VA,TSS,Outflow,355
23.60000038146973,920048328_VA,TSS,Outflow,355
10.0,920048328_VA,TSS,Outflow,355
3.200000047683716,920048328_VA,TSS,Outflow,355
15.19999980926514,920048328_VA,TSS,Outflow,355
3.599999904632568,920048328_VA,TSS,Outflow,356
28.0,920048328_VA,TSS,Outflow,356
8.0,920048328_VA,TSS,Outflow,356
33.0,920048328_VA,TSS,Outflow,356
10.0,920048328_VA,TSS,Outflow,356
6.0,920048328_VA,TSS,Outflow,357
8.0,920048328_VA,TSS,Outflow,357
4.400000095367432,920048328_VA,TSS,Outflow,357
16.39999961853027,920048328_VA,TSS,Outflow,357
36.0,920048328_VA,TSS,Outflow,357
8.399999618530273,920048328_VA,TSS,Outflow,358
18.0,920048328_VA,TSS,Outflow,358
36.0,920048328_VA,TSS,Outflow,358
13.60000038146973,920048328_VA,TSS,Outflow,358
18.0,920048328_VA,TSS,Outflow,358
6.0,920048328_VA,TSS,Outflow,359
18.0,920048328_VA,TSS,Outflow,359
15.19999980926514,920048328_VA,TSS,Outflow,359
47.0,920048328_VA,TSS,Outflow,359
15.19999980926514,920048328_VA,TSS,Outflow,359
4.400000095367432,920048328_VA,TSS,Outflow,360
47.0,920048328_VA,TSS,Outflow,360
28.0,920048328_VA,TSS,Outflow,360
6.0,920048328_VA,TSS,Outflow,360
3.599999904632568,920048328_VA,TSS,Outflow,360
23.60000038146973,920048328_VA,TSS,Outflow,361
10.0,920048328_VA,TSS,Outflow,361
39.0,920048328_VA,TSS,Outflow,361
36.0,920048328_VA,TSS,Outflow,361
4.400000095367432,920048328_VA,TSS,Outflow,361
39.0,920048328_VA,TSS,Outflow,362
4.400000095367432,920048328_VA,TSS,Outflow,362
3.200000047683716,920048328_VA,TSS,Outflow,362
61.0,920048328_VA,TSS,Outflow,362
33.0,920048328_VA,TSS,Outflow,362
83.0,920048328_VA,TSS,Outflow,363
6.400000095367432,920048328_VA,TSS,Outflow,363
16.39999961853027,920048328_VA,TSS,Outflow,363
168.0,920048328_VA,TSS,Outflow,363
10.0,920048328_VA,TSS,Outflow,363
8.800000190734863,920048328_VA,TSS,Outflow,364
23.60000038146973,920048328_VA,TSS,Outflow,364
3.200000047683716,920048328_VA,TSS,Outflow,364
18.0,920048328_VA,TSS,Outflow,364
10.0,920048328_VA,TSS,Outflow,364
8.0,920048328_VA,TSS,Outflow,365
18.0,920048328_VA,TSS,Outflow,365
15.60000038146973,920048328_VA,TSS,Outflow,365
47.0,920048328_VA,TSS,Outflow,365
9.5,920048328_VA,TSS,Outflow,365
39.0,920048328_VA,TSS,Outflow,366
3.599999904632568,920048328_VA,TSS,Outflow,366
17.20000076293945,920048328_VA,TSS,Outflow,366
36.0,920048328_VA,TSS,Outflow,366
4.400000095367432,920048328_VA,TSS,Outflow,366
18.0,920048328_VA,TSS,Outflow,367
8.800000190734863,920048328_VA,TSS,Outflow,367
15.60000038146973,920048328_VA,TSS,Outflow,367
15.19999980926514,920048328_VA,TSS,Outflow,367
3.200000047683716,920048328_VA,TSS,Outflow,367
6.0,920048328_VA,TSS,Outflow,368
36.0,920048328_VA,TSS,Outflow,368
61.0,920048328_VA,TSS,Outflow,368
3.200000047683716,920048328_VA,TSS,Outflow,368
168.0,920048328_VA,TSS,Outflow,368
10.0,920048328_VA,TSS,Outflow,369
15.19999980926514,920048328_VA,TSS,Outflow,369
13.60000038146973,920048328_VA,TSS,Outflow,369
23.60000038146973,920048328_VA,TSS,Outflow,369
16.39999961853027,920048328_VA,TSS,Outflow,369
36.0,920048328_VA,TSS,Outflow,370
5.599999904632568,920048328_VA,TSS,Outflow,370
8.399999618530273,920048328_VA,TSS,Outflow,370
3.200000047683716,920048328_VA,TSS,Outflow,370
18.0,920048328_VA,TSS,Outflow,370
17.20000076293945,920048328_VA,TSS,Outflow,371
36.0,920048328_VA,TSS,Outflow,371
168.0,920048328_VA,TSS,Outflow,371
10.0,920048328_VA,TSS,Outflow,371
23.60000038146973,920048328_VA,TSS,Outflow,371
18.0,920048328_VA,TSS,Outflow,372
8.0,920048328_VA,TSS,Outflow,372
12.80000019073486,920048328_VA,TSS,Outflow,372
47.0,920048328_VA,TSS,Outflow,372
39.0,920048328_VA,TSS,Outflow,372
5.599999904632568,920048328_VA,TSS,Outflow,373
6.400000095367432,920048328_VA,TSS,Outflow,373
39.0,920048328_VA,TSS,Outflow,373
9.5,920048328_VA,TSS,Outflow,373
61.0,920048328_VA,TSS,Outflow,373
5.599999904632568,920048328_VA,TSS,Outflow,374
39.0,920048328_VA,TSS,Outflow,374
9.5,920048328_VA,TSS,Outflow,374
83.0,920048328_VA,TSS,Outflow,374
8.800000190734863,920048328_VA,TSS,Outflow,374
10.0,920048328_VA,TSS,Outflow,375
39.0,920048328_VA,TSS,Outflow,375
8.399999618530273,920048328_VA,TSS,Outflow,375
15.19999980926514,920048328_VA,TSS,Outflow,375
23.60000038146973,920048328_VA,TSS,Outflow,375
28.0,920048328_VA,TSS,Outflow,376
83.0,920048328_VA,TSS,Outflow,376
15.60000038146973,920048328_VA,TSS,Outflow,376
15.19999980926514,920048328_VA,TSS,Outflow,376
8.800000190734863,920048328_VA,TSS,Outflow,376
47.0,920048328_VA,TSS,Outflow,377
15.19999980926514,920048328_VA,TSS,Outflow,377
5.599999904632568,920048328_VA,TSS,Outflow,377
23.60000038146973,920048328_VA,TSS,Outflow,377
83.0,920048328_VA,TSS,Outflow,377
39.0,920048328_VA,TSS,Outflow,378
18.0,920048328_VA,TSS,Outflow,378
4.0,920048328_VA,TSS,Outflow,378
18.0,920048328_VA,TSS,Outflow,378
12.80000019073486,920048328_VA,TSS,Outflow,378
6.0,920048328_VA,TSS,Outflow,379
39.0,920048328_VA,TSS,Outflow,379
83.0,920048328_VA,TSS,Outflow,379
4.400000095367432,920048328_VA,TSS,Outflow,379
3.200000047683716,920048328_VA,TSS,Outflow,379
4.0,920048328_VA,TSS,Outflow,380
8.800000190734863,920048328_VA,TSS,Outflow,380
9.5,920048328_VA,TSS,Outflow,380
23.60000038146973,920048328_VA,TSS,Outflow,380
168.0,920048328_VA,TSS,Outflow,380
5.599999904632568,920048328_VA,TSS,Outflow,381
47.0,920048328_VA,TSS,Outflow,381
8.800000190734863,920048328_VA,TSS,Outflow,381
17.20000076293945,920048328_VA,TSS,Outflow,381
4.0,920048328_VA,TSS,Outflow,381
15.19999980926514,920048328_VA,TSS,Outflow,382
23.60000038146973,920048328_VA,TSS,Outflow,382
47.0,920048328_VA,TSS,Outflow,382
168.0,920048328_VA,TSS,Outflow,382
39.0,920048328_VA,TSS,Outflow,382
23.60000038146973,920048328_VA,TSS,Outflow,383
28.0,920048328_VA,TSS,Outflow,383
39.0,920048328_VA,TSS,Outflow,383
10.0,920048328_VA,TSS,Outflow,383
4.0,920048328_VA,TSS,Outflow,383
3.599999904632568,920048328_VA,TSS,Outflow,384
61.0,920048328_VA,TSS,Outflow,384
6.0,920048328_VA,TSS,Outflow,384
15.19999980926514,920048328_VA,TSS,Outflow,384
47.0,920048328_VA,TSS,Outflow,384
3.200000047683716,920048328_VA,TSS,Outflow,385
15.19999980926514,920048328_VA,TSS,Outflow,385
18.0,920048328_VA,TSS,Outflow,385
168.0,920048328_VA,TSS,Outflow,385
9.5,920048328_VA,TSS,Outflow,385
12.80000019073486,920048328_VA,TSS,Outflow,386
5.599999904632568,920048328_VA,TSS,Outflow,386
3.200000047683716,920048328_VA,TSS,Outflow,386
39.0,920048328_VA,TSS,Outflow,386
3.599999904632568,920048328_VA,TSS,Outflow,386
4.400000095367432,920048328_VA,TSS,Outflow,387
15.19999980926514,920048328_VA,TSS,Outflow,387
8.0,920048328_VA,TSS,Outflow,387
16.39999961853027,920048328_VA,TSS,Outflow,387
36.0,920048328_VA,TSS,Outflow,387
12.80000019073486,920048328_VA,TSS,Outflow,388
9.5,920048328_VA,TSS,Outflow,388
22.0,920048328_VA,TSS,Outflow,388
16.39999961853027,920048328_VA,TSS,Outflow,388
6.0,920048328_VA,TSS,Outflow,388
33.0,920048328_VA,TSS,Outflow,389
3.599999904632568,920048328_VA,TSS,Outflow,389
83.0,920048328_VA,TSS,Outflow,389
5.599999904632568,920048328_VA,TSS,Outflow,389
15.19999980926514,920048328_VA,TSS,Outflow,389
39.0,920048328_VA,TSS,Outflow,390
83.0,920048328_VA,TSS,Outflow,390
17.20000076293945,920048328_VA,TSS,Outflow,390
4.400000095367432,920048328_VA,TSS,Outflow,390
47.0,920048328_VA,TSS,Outflow,390
28.0,920048328_VA,TSS,Outflow,391
16.39999961853027,920048328_VA,TSS,Outflow,391
6.400000095367432,920048328_VA,TSS,Outflow,391
15.60000038146973,920048328_VA,TSS,Outflow,391
39.0,920048328_VA,TSS,Outflow,391
10.0,920048328_VA,TSS,Outflow,392
6.0,920048328_VA,TSS,Outflow,392
39.0,920048328_VA,TSS,Outflow,392
8.0,920048328_VA,TSS,Outflow,392
13.60000038146973,920048328_VA,TSS,Outflow,392
12.80000019073486,920048328_VA,TSS,Outflow,393
4.400000095367432,920048328_VA,TSS,Outflow,393
10.0,920048328_VA,TSS,Outflow,393
23.60000038146973,920048328_VA,TSS,Outflow,393
168.0,920048328_VA,TSS,Outflow,393
8.399999618530273,920048328_VA,TSS,Outflow,394
28.0,920048328_VA,TSS,Outflow,394
9.5,920048328_VA,TSS,Outflow,394
8.0,920048328_VA,TSS,Outflow,394
10.0,920048328_VA,TSS,Outflow,394
8.800000190734863,920048328_VA,TSS,Outflow,395
22.0,920048328_VA,TSS,Outflow,395
6.0,920048328_VA,TSS,Outflow,395
8.0,920048328_VA,TSS,Outflow,395
17.20000076293945,920048328_VA,TSS,Outflow,395
10.0,920048328_VA,TSS,Outflow,396
4.400000095367432,920048328_VA,TSS,Outflow,396
15.60000038146973,920048328_VA,TSS,Outflow,396
23.60000038146973,920048328_VA,TSS,Outflow,396
168.0,920048328_VA,TSS,Outflow,396
12.80000019073486,920048328_VA,TSS,Outflow,397
13.60000038146973,920048328_VA,TSS,Outflow,397
36.0,920048328_VA,TSS,Outflow,397
15.19999980926514,920048328_VA,TSS,Outflow,397
8.399999618530273,920048328_VA,TSS,Outflow,397
39.0,920048328_VA,TSS,Outflow,398
9.5,920048328_VA,TSS,Outflow,398
4.0,920048328_VA,TSS,Outflow,398
168.0,920048328_VA,TSS,Outflow,398
13.60000038146973,920048328_VA,TSS,Outflow,398
18.0,920048328_VA,TSS,Outflow,399
10.0,920048328_VA,TSS,Outflow,399
8.0,920048328_VA,TSS,Outflow,399
12.80000019073486,920048328_VA,TSS,Outflow,399
15.19999980926514,920048328_VA,TSS,Outflow,399
5.599999904632568,920048328_VA,TSS,Outflow,400
4.400000095367432,920048328_VA,TSS,Outflow,400
15.60000038146973,920048328_VA,TSS,Outflow,400
10.0,920048328_VA,TSS,Outflow,400
33.0,920048328_VA,TSS,Outflow,400
3.200000047683716,920048328_VA,TSS,Outflow,401
16.39999961853027,920048328_VA,TSS,Outflow,401
39.0,920048328_VA,TSS,Outflow,401
61.0,920048328_VA,TSS,Outflow,401
9.5,920048328_VA,TSS,Outflow,401
23.60000038146973,920048328_VA,TSS,Outflow,402
47.0,920048328_VA,TSS,Outflow,402
6.0,920048328_VA,TSS,Outflow,402
36.0,920048328_VA,TSS,Outflow,402
15.19999980926514,920048328_VA,TSS,Outflow,402
3.200000047683716,920048328_VA,TSS,Outflow,403
18.0,920048328_VA,TSS,Outflow,403
39.0,920048328_VA,TSS,Outflow,403
168.0,920048328_VA,TSS,Outflow,403
28.0,920048328_VA,TSS,Outflow,403
4.400000095367432,920048328_VA,TSS,Outflow,404
23.60000038146973,920048328_VA,TSS,Outflow,404
18.0,920048328_VA,TSS,Outflow,404
8.0,920048328_VA,TSS,Outflow,404
6.400000095367432,920048328_VA,TSS,Outflow,404
39.0,920048328_VA,TSS,Outflow,405
3.599999904632568,920048328_VA,TSS,Outflow,405
15.19999980926514,920048328_VA,TSS,Outflow,405
4.0,920048328_VA,TSS,Outflow,405
22.0,920048328_VA,TSS,Outflow,405
4.400000095367432,920048328_VA,TSS,Outflow,406
12.80000019073486,920048328_VA,TSS,Outflow,406
8.399999618530273,920048328_VA,TSS,Outflow,406
17.20000076293945,920048328_VA,TSS,Outflow,406
18.0,920048328_VA,TSS,Outflow,406
8.800000190734863,920048328_VA,TSS,Outflow,407
18.0,920048328_VA,TSS,Outflow,407
17.20000076293945,920048328_VA,TSS,Outflow,407
15.19999980926514,920048328_VA,TSS,Outflow,407
28.0,920048328_VA,TSS,Outflow,407
6.0,920048328_VA,TSS,Outflow,408
15.19999980926514,920048328_VA,TSS,Outflow,408
61.0,920048328_VA,TSS,Outflow,408
13.60000038146973,920048328_VA,TSS,Outflow,408
5.599999904632568,920048328_VA,TSS,Outflow,408
17.20000076293945,920048328_VA,TSS,Outflow,409
4.0,920048328_VA,TSS,Outflow,409
18.0,920048328_VA,TSS,Outflow,409
18.0,920048328_VA,TSS,Outflow,409
18.0,920048328_VA,TSS,Outflow,409
168.0,920048328_VA,TSS,Outflow,410
17.20000076293945,920048328_VA,TSS,Outflow,410
12.80000019073486,920048328_VA,TSS,Outflow,410
6.0,920048328_VA,TSS,Outflow,410
61.0,920048328_VA,TSS,Outflow,410
36.0,920048328_VA,TSS,Outflow,411
47.0,920048328_VA,TSS,Outflow,411
10.0,920048328_VA,TSS,Outflow,411
83.0,920048328_VA,TSS,Outflow,411
10.0,920048328_VA,TSS,Outflow,411
13.60000038146973,920048328_VA,TSS,Outflow,412
28.0,920048328_VA,TSS,Outflow,412
3.200000047683716,920048328_VA,TSS,Outflow,412
6.400000095367432,920048328_VA,TSS,Outflow,412
47.0,920048328_VA,TSS,Outflow,412
5.599999904632568,920048328_VA,TSS,Outflow,413
4.400000095367432,920048328_VA,TSS,Outflow,413
8.0,920048328_VA,TSS,Outflow,413
8.800000190734863,920048328_VA,TSS,Outflow,413
17.20000076293945,920048328_VA,TSS,Outflow,413
8.800000190734863,920048328_VA,TSS,Outflow,414
4.0,920048328_VA,TSS,Outflow,414
18.0,920048328_VA,TSS,Outflow,414
17.20000076293945,920048328_VA,TSS,Outflow,414
12.80000019073486,920048328_VA,TSS,Outflow,414
6.400000095367432,920048328_VA,TSS,Outflow,415
83.0,920048328_VA,TSS,Outflow,415
16.39999961853027,920048328_VA,TSS,Outflow,415
22.0,920048328_VA,TSS,Outflow,415
18.0,920048328_VA,TSS,Outflow,415
168.0,920048328_VA,TSS,Outflow,416
23.60000038146973,920048328_VA,TSS,Outflow,416
16.39999961853027,920048328_VA,TSS,Outflow,416
61.0,920048328_VA,TSS,Outflow,416
10.0,920048328_VA,TSS,Outflow,416
168.0,920048328_VA,TSS,Outflow,417
3.200000047683716,920048328_VA,TSS,Outflow,417
10.0,920048328_VA,TSS,Outflow,417
13.60000038146973,920048328_VA,TSS,Outflow,417
18.0,920048328_VA,TSS,Outflow,417
12.80000019073486,920048328_VA,TSS,Outflow,418
3.599999904632568,920048328_VA,TSS,Outflow,418
10.0,920048328_VA,TSS,Outflow,418
83.0,920048328_VA,TSS,Outflow,418
4.400000095367432,920048328_VA,TSS,Outflow,418
13.60000038146973,920048328_VA,TSS,Outflow,419
18.0,920048328_VA,TSS,Outflow,419
23.60000038146973,920048328_VA,TSS,Outflow,419
4.0,920048328_VA,TSS,Outflow,419
39.0,920048328_VA,TSS,Outflow,419
15.60000038146973,920048328_VA,TSS,Outflow,420
13.60000038146973,920048328_VA,TSS,Outflow,420
28.0,920048328_VA,TSS,Outflow,420
6.0,920048328_VA,TSS,Outflow,420
18.0,920048328_VA,TSS,Outflow,420
33.0,920048328_VA,TSS,Outflow,421
6.0,920048328_VA,TSS,Outflow,421
28.0,920048328_VA,TSS,Outflow,421
15.19999980926514,920048328_VA,TSS,Outflow,421
13.60000038146973,920048328_VA,TSS,Outflow,421
8.0,920048328_VA,TSS,Outflow,422
8.399999618530273,920048328_VA,TSS,Outflow,422
6.0,920048328_VA,TSS,Outflow,422
6.400000095367432,920048328_VA,TSS,Outflow,422
18.0,920048328_VA,TSS,Outflow,422
23.60000038146973,920048328_VA,TSS,Outflow,423
15.60000038146973,920048328_VA,TSS,Outflow,423
15.19999980926514,920048328_VA,TSS,Outflow,423
33.0,920048328_VA,TSS,Outflow,423
17.20000076293945,920048328_VA,TSS,Outflow,423
8.0,920048328_VA,TSS,Outflow,424
16.39999961853027,920048328_VA,TSS,Outflow,424
3.200000047683716,920048328_VA,TSS,Outflow,424
22.0,920048328_VA,TSS,Outflow,424
8.399999618530273,920048328_VA,TSS,Outflow,424
36.0,920048328_VA,TSS,Outflow,425
5.599999904632568,920048328_VA,TSS,Outflow,425
16.39999961853027,920048328_VA,TSS,Outflow,425
3.599999904632568,920048328_VA,TSS,Outflow,425
18.0,920048328_VA,TSS,Outflow,425
83.0,920048328_VA,TSS,Outflow,426
22.0,920048328_VA,TSS,Outflow,426
13.60000038146973,920048328_VA,TSS,Outflow,426
36.0,920048328_VA,TSS,Outflow,426
10.0,920048328_VA,TSS,Outflow,426
13.60000038146973,920048328_VA,TSS,Outflow,427
3.599999904632568,920048328_VA,TSS,Outflow,427
22.0,920048328_VA,TSS,Outflow,427
18.0,920048328_VA,TSS,Outflow,427
6.0,920048328_VA,TSS,Outflow,427
16.39999961853027,920048328_VA,TSS,Outflow,428
4.0,920048328_VA,TSS,Outflow,428
9.5,920048328_VA,TSS,Outflow,428
5.599999904632568,920048328_VA,TSS,Outflow,428
8.800000190734863,920048328_VA,TSS,Outflow,428
17.20000076293945,920048328_VA,TSS,Outflow,429
33.0,920048328_VA,TSS,Outflow,429
18.0,920048328_VA,TSS,Outflow,429
10.0,920048328_VA,TSS,Outflow,429
15.60000038146973,920048328_VA,TSS,Outflow,429
3.200000047683716,920048328_VA,TSS,Outflow,430
10.0,920048328_VA,TSS,Outflow,430
28.0,920048328_VA,TSS,Outflow,430
6.400000095367432,920048328_VA,TSS,Outflow,430
61.0,920048328_VA,TSS,Outflow,430
83.0,920048328_VA,TSS,Outflow,431
18.0,920048328_VA,TSS,Outflow,431
15.19999980926514,920048328_VA,TSS,Outflow,431
47.0,920048328_VA,TSS,Outflow,431
61.0,920048328_VA,TSS,Outflow,431
8.0,920048328_VA,TSS,Outflow,432
18.0,920048328_VA,TSS,Outflow,432
5.599999904632568,920048328_VA,TSS,Outflow,432
10.0,920048328_VA,TSS,Outflow,432
3.599999904632568,920048328_VA,TSS,Outflow,432
61.0,920048328_VA,TSS,Outflow,433
83.0,920048328_VA,TSS,Outflow,433
36.0,920048328_VA,TSS,Outflow,433
12.80000019073486,920048328_VA,TSS,Outflow,433
18.0,920048328_VA,TSS,Outflow,433
33.0,920048328_VA,TSS,Outflow,434
16.39999961853027,920048328_VA,TSS,Outflow,434
3.200000047683716,920048328_VA,TSS,Outflow,434
36.0,920048328_VA,TSS,Outflow,434
13.60000038146973,920048328_VA,TSS,Outflow,434
8.399999618530273,920048328_VA,TSS,Outflow,435
22.0,920048328_VA,TSS,Outflow,435
6.0,920048328_VA,TSS,Outflow,435
47.0,920048328_VA,TSS,Outflow,435
15.60000038146973,920048328_VA,TSS,Outflow,435
23.60000038146973,920048328_VA,TSS,Outflow,436
28.0,920048328_VA,TSS,Outflow,436
16.39999961853027,920048328_VA,TSS,Outflow,436
168.0,920048328_VA,TSS,Outflow,436
6.0,920048328_VA,TSS,Outflow,436
33.0,920048328_VA,TSS,Outflow,437
12.80000019073486,920048328_VA,TSS,Outflow,437
15.60000038146973,920048328_VA,TSS,Outflow,437
10.0,920048328_VA,TSS,Outflow,437
36.0,920048328_VA,TSS,Outflow,437
10.0,920048328_VA,TSS,Outflow,438
4.0,920048328_VA,TSS,Outflow,438
18.0,920048328_VA,TSS,Outflow,438
33.0,920048328_VA,TSS,Outflow,438
6.0,920048328_VA,TSS,Outflow,438
15.60000038146973,920048328_VA,TSS,Outflow,439
18.0,920048328_VA,TSS,Outflow,439
28.0,920048328_VA,TSS,Outflow,439
4.0,920048328_VA,TSS,Outflow,439
12.80000019073486,920048328_VA,TSS,Outflow,439
6.0,920048328_VA,TSS,Outflow,440
12.80000019073486,920048328_VA,TSS,Outflow,440
5.599999904632568,920048328_VA,TSS,Outflow,440
15.19999980926514,920048328_VA,TSS,Outflow,440
28.0,920048328_VA,TSS,Outflow,440
6.400000095367432,920048328_VA,TSS,Outflow,441
36.0,920048328_VA,TSS,Outflow,441
8.399999618530273,920048328_VA,TSS,Outflow,441
17.20000076293945,920048328_VA,TSS,Outflow,441
3.599999904632568,920048328_VA,TSS,Outflow,441
8.399999618530273,920048328_VA,TSS,Outflow,442
5.599999904632568,920048328_VA,TSS,Outflow,442
4.400000095367432,920048328_VA,TSS,Outflow,442
16.39999961853027,920048328_VA,TSS,Outflow,442
3.599999904632568,920048328_VA,TSS,Outflow,442
61.0,920048328_VA,TSS,Outflow,443
18.0,920048328_VA,TSS,Outflow,443
8.399999618530273,920048328_VA,TSS,Outflow,443
5.599999904632568,920048328_VA,TSS,Outflow,443
17.20000076293945,920048328_VA,TSS,Outflow,443
10.0,920048328_VA,TSS,Outflow,444
15.19999980926514,920048328_VA,TSS,Outflow,444
17.20000076293945,920048328_VA,TSS,Outflow,444
15.60000038146973,920048328_VA,TSS,Outflow,444
33.0,920048328_VA,TSS,Outflow,444
6.400000095367432,920048328_VA,TSS,Outflow,445
61.0,920048328_VA,TSS,Outflow,445
8.800000190734863,920048328_VA,TSS,Outflow,445
9.5,920048328_VA,TSS,Outflow,445
23.60000038146973,920048328_VA,TSS,Outflow,445
10.0,920048328_VA,TSS,Outflow,446
18.0,920048328_VA,TSS,Outflow,446
15.19999980926514,920048328_VA,TSS,Outflow,446
16.39999961853027,920048328_VA,TSS,Outflow,446
10.0,920048328_VA,TSS,Outflow,446
4.0,920048328_VA,TSS,Outflow,447
16.39999961853027,920048328_VA,TSS,Outflow,447
36.0,920048328_VA,TSS,Outflow,447
5.599999904632568,920048328_VA,TSS,Outflow,447
39.0,920048328_VA,TSS,Outflow,447
12.80000019073486,920048328_VA,TSS,Outflow,448
16.39999961853027,920048328_VA,TSS,Outflow,448
18.0,920048328_VA,TSS,Outflow,448
6.0,920048328_VA,TSS,Outflow,448
33.0,920048328_VA,TSS,Outflow,448
61.0,920048328_VA,TSS,Outflow,449
5.599999904632568,920048328_VA,TSS,Outflow,449
47.0,920048328_VA,TSS,Outflow,449
8.0,920048328_VA,TSS,Outflow,449
28.0,920048328_VA,TSS,Outflow,449
12.80000019073486,920048328_VA,TSS,Outflow,450
83.0,920048328_VA,TSS,Outflow,450
33.0,920048328_VA,TSS,Outflow,450
15.60000038146973,920048328_VA,TSS,Outflow,450
13.60000038146973,920048328_VA,TSS,Outflow,450
4.400000095367432,920048328_VA,TSS,Outflow,451
5.599999904632568,920048328_VA,TSS,Outflow,451
18.0,920048328_VA,TSS,Outflow,451
23.60000038146973,920048328_VA,TSS,Outflow,451
15.60000038146973,920048328_VA,TSS,Outflow,451
10.0,920048328_VA,TSS,Outflow,452
8.0,920048328_VA,TSS,Outflow,452
168.0,920048328_VA,TSS,Outflow,452
61.0,920048328_VA,TSS,Outflow,452
4.0,920048328_VA,TSS,Outflow,452
12.80000019073486,920048328_VA,TSS,Outflow,453
15.19999980926514,920048328_VA,TSS,Outflow,453
5.599999904632568,920048328_VA,TSS,Outflow,453
4.0,920048328_VA,TSS,Outflow,453
6.0,920048328_VA,TSS,Outflow,453
18.0,920048328_VA,TSS,Outflow,454
83.0,920048328_VA,TSS,Outflow,454
4.400000095367432,920048328_VA,TSS,Outflow,454
3.599999904632568,920048328_VA,TSS,Outflow,454
15.19999980926514,920048328_VA,TSS,Outflow,454
33.0,920048328_VA,TSS,Outflow,455
39.0,920048328_VA,TSS,Outflow,455
13.60000038146973,920048328_VA,TSS,Outflow,455
8.0,920048328_VA,TSS,Outflow,455
18.0,920048328_VA,TSS,Outflow,455
39.0,920048328_VA,TSS,Outflow,456
4.400000095367432,920048328_VA,TSS,Outflow,456
61.0,920048328_VA,TSS,Outflow,456
10.0,920048328_VA,TSS,Outflow,456
8.800000190734863,920048328_VA,TSS,Outflow,456
3.200000047683716,920048328_VA,TSS,Outflow,457
168.0,920048328_VA,TSS,Outflow,457
13.60000038146973,920048328_VA,TSS,Outflow,457
8.800000190734863,920048328_VA,TSS,Outflow,457
39.0,920048328_VA,TSS,Outflow,457
13.60000038146973,920048328_VA,TSS,Outflow,458
10.0,920048328_VA,TSS,Outflow,458
3.599999904632568,920048328_VA,TSS,Outflow,458
5.599999904632568,920048328_VA,TSS,Outflow,458
28.0,920048328_VA,TSS,Outflow,458
4.0,920048328_VA,TSS,Outflow,459
13.60000038146973,920048328_VA,TSS,Outflow,459
8.399999618530273,920048328_VA,TSS,Outflow,459
10.0,920048328_VA,TSS,Outflow,459
8.800000190734863,920048328_VA,TSS,Outflow,459
16.39999961853027,920048328_VA,TSS,Outflow,460
4.0,920048328_VA,TSS,Outflow,460
23.60000038146973,920048328_VA,TSS,Outflow,460
10.0,920048328_VA,TSS,Outflow,460
28.0,920048328_VA,TSS,Outflow,460
4.400000095367432,920048328_VA,TSS,Outflow,461
6.0,920048328_VA,TSS,Outflow,461
5.599999904632568,920048328_VA,TSS,Outflow,461
13.60000038146973,920048328_VA,TSS,Outflow,461
47.0,920048328_VA,TSS,Outflow,461
13.60000038146973,920048328_VA,TSS,Outflow,462
23.60000038146973,920048328_VA,TSS,Outflow,462
15.19999980926514,920048328_VA,TSS,Outflow,462
18.0,920048328_VA,TSS,Outflow,462
6.0,920048328_VA,TSS,Outflow,462
15.19999980926514,920048328_VA,TSS,Outflow,463
18.0,920048328_VA,TSS,Outflow,463
3.599999904632568,920048328_VA,TSS,Outflow,463
4.0,920048328_VA,TSS,Outflow,463
15.19999980926514,920048328_VA,TSS,Outflow,463
16.39999961853027,920048328_VA,TSS,Outflow,464
17.20000076293945,920048328_VA,TSS,Outflow,464
12.80000019073486,920048328_VA,TSS,Outflow,464
15.19999980926514,920048328_VA,TSS,Outflow,464
10.0,920048328_VA,TSS,Outflow,464
6.0,920048328_VA,TSS,Outflow,465
15.19999980926514,920048328_VA,TSS,Outflow,465
10.0,920048328_VA,TSS,Outflow,465
17.20000076293945,920048328_VA,TSS,Outflow,465
4.400000095367432,920048328_VA,TSS,Outflow,465
18.0,920048328_VA,TSS,Outflow,466
18.0,920048328_VA,TSS,Outflow,466
17.20000076293945,920048328_VA,TSS,Outflow,466
22.0,920048328_VA,TSS,Outflow,466
8.0,920048328_VA,TSS,Outflow,466
18.0,920048328_VA,TSS,Outflow,467
168.0,920048328_VA,TSS,Outflow,467
8.800000190734863,920048328_VA,TSS,Outflow,467
6.0,920048328_VA,TSS,Outflow,467
61.0,920048328_VA,TSS,Outflow,467
4.400000095367432,920048328_VA,TSS,Outflow,468
15.19999980926514,920048328_VA,TSS,Outflow,468
39.0,920048328_VA,TSS,Outflow,468
47.0,920048328_VA,TSS,Outflow,468
18.0,920048328_VA,TSS,Outflow,468
3.599999904632568,920048328_VA,TSS,Outflow,469
16.39999961853027,920048328_VA,TSS,Outflow,469
6.0,920048328_VA,TSS,Outflow,469
3.200000047683716,920048328_VA,TSS,Outflow,469
36.0,920048328_VA,TSS,Outflow,469
18.0,920048328_VA,TSS,Outflow,470
15.60000038146973,920048328_VA,TSS,Outflow,470
83.0,920048328_VA,TSS,Outflow,470
15.19999980926514,920048328_VA,TSS,Outflow,470
33.0,920048328_VA,TSS,Outflow,470
6.0,920048328_VA,TSS,Outflow,471
33.0,920048328_VA,TSS,Outflow,471
16.39999961853027,920048328_VA,TSS,Outflow,471
15.60000038146973,920048328_VA,TSS,Outflow,471
10.0,920048328_VA,TSS,Outflow,471
9.5,920048328_VA,TSS,Outflow,472
10.0,920048328_VA,TSS,Outflow,472
15.60000038146973,920048328_VA,TSS,Outflow,472
6.400000095367432,920048328_VA,TSS,Outflow,472
4.0,920048328_VA,TSS,Outflow,472
10.0,920048328_VA,TSS,Outflow,473
18.0,920048328_VA,TSS,Outflow,473
6.0,920048328_VA,TSS,Outflow,473
39.0,920048328_VA,TSS,Outflow,473
47.0,920048328_VA,TSS,Outflow,473
5.599999904632568,920048328_VA,TSS,Outflow,474
39.0,920048328_VA,TSS,Outflow,474
33.0,920048328_VA,TSS,Outflow,474
18.0,920048328_VA,TSS,Outflow,474
17.20000076293945,920048328_VA,TSS,Outflow,474
168.0,920048328_VA,TSS,Outflow,475
6.0,920048328_VA,TSS,Outflow,475
6.0,920048328_VA,TSS,Outflow,475
13.60000038146973,920048328_VA,TSS,Outflow,475
8.0,920048328_VA,TSS,Outflow,475
9.5,920048328_VA,TSS,Outflow,476
47.0,920048328_VA,TSS,Outflow,476
15.60000038146973,920048328_VA,TSS,Outflow,476
8.0,920048328_VA,TSS,Outflow,476
8.399999618530273,920048328_VA,TSS,Outflow,476
8.399999618530273,920048328_VA,TSS,Outflow,477
47.0,920048328_VA,TSS,Outflow,477
6.0,920048328_VA,TSS,Outflow,477
15.19999980926514,920048328_VA,TSS,Outflow,477
5.599999904632568,920048328_VA,TSS,Outflow,477
83.0,920048328_VA,TSS,Outflow,478
28.0,920048328_VA,TSS,Outflow,478
16.39999961853027,920048328_VA,TSS,Outflow,478
9.5,920048328_VA,TSS,Outflow,478
10.0,920048328_VA,TSS,Outflow,478
4.400000095367432,920048328_VA,TSS,Outflow,479
61.0,920048328_VA,TSS,Outflow,479
3.599999904632568,920048328_VA,TSS,Outflow,479
8.0,920048328_VA,TSS,Outflow,479
13.60000038146973,920048328_VA,TSS,Outflow,479
18.0,920048328_VA,TSS,Outflow,480
10.0,920048328_VA,TSS,Outflow,480
168.0,920048328_VA,TSS,Outflow,480
8.0,920048328_VA,TSS,Outflow,480
3.200000047683716,920048328_VA,TSS,Outflow,480
39.0,920048328_VA,TSS,Outflow,481
8.800000190734863,920048328_VA,TSS,Outflow,481
9.5,920048328_VA,TSS,Outflow,481
12.80000019073486,920048328_VA,TSS,Outflow,481
3.200000047683716,920048328_VA,TSS,Outflow,481
22.0,920048328_VA,TSS,Outflow,482
10.0,920048328_VA,TSS,Outflow,482
8.0,920048328_VA,TSS,Outflow,482
83.0,920048328_VA,TSS,Outflow,482
4.0,920048328_VA,TSS,Outflow,482
6.0,920048328_VA,TSS,Outflow,483
18.0,920048328_VA,TSS,Outflow,483
23.60000038146973,920048328_VA,TSS,Outflow,483
61.0,920048328_VA,TSS,Outflow,483
5.599999904632568,920048328_VA,TSS,Outflow,483
10.0,920048328_VA,TSS,Outflow,484
15.19999980926514,920048328_VA,TSS,Outflow,484
8.800000190734863,920048328_VA,TSS,Outflow,484
4.0,920048328_VA,TSS,Outflow,484
36.0,920048328_VA,TSS,Outflow,484
4.400000095367432,920048328_VA,TSS,Outflow,485
61.0,920048328_VA,TSS,Outflow,485
3.200000047683716,920048328_VA,TSS,Outflow,485
83.0,920048328_VA,TSS,Outflow,485
17.20000076293945,920048328_VA,TSS,Outflow,485
10.0,920048328_VA,TSS,Outflow,486
36.0,920048328_VA,TSS,Outflow,486
23.60000038146973,920048328_VA,TSS,Outflow,486
12.80000019073486,920048328_VA,TSS,Outflow,486
15.19999980926514,920048328_VA,TSS,Outflow,486
47.0,920048328_VA,TSS,Outflow,487
4.400000095367432,920048328_VA,TSS,Outflow,487
18.0,920048328_VA,TSS,Outflow,487
6.0,920048328_VA,TSS,Outflow,487
13.60000038146973,920048328_VA,TSS,Outflow,487
15.19999980926514,920048328_VA,TSS,Outflow,488
15.19999980926514,920048328_VA,TSS,Outflow,488
8.399999618530273,920048328_VA,TSS,Outflow,488
10.0,920048328_VA,TSS,Outflow,488
15.60000038146973,920048328_VA,TSS,Outflow,488
168.0,920048328_VA,TSS,Outflow,489
28.0,920048328_VA,TSS,Outflow,489
8.399999618530273,920048328_VA,TSS,Outflow,489
36.0,920048328_VA,TSS,Outflow,489
22.0,920048328_VA,TSS,Outflow,489
15.19999980926514,920048328_VA,TSS,Outflow,490
3.599999904632568,920048328_VA,TSS,Outflow,490
12.80000019073486,920048328_VA,TSS,Outflow,490
23.60000038146973,920048328_VA,TSS,Outflow,490
3.200000047683716,920048328_VA,TSS,Outflow,490
10.0,920048328_VA,TSS,Outflow,491
22.0,920048328_VA,TSS,Outflow,491
15.60000038146973,920048328_VA,TSS,Outflow,491
28.0,920048328_VA,TSS,Outflow,491
4.400000095367432,920048328_VA,TSS,Outflow,491
23.60000038146973,920048328_VA,TSS,Outflow,492
36.0,920048328_VA,TSS,Outflow,492
17.20000076293945,920048328_VA,TSS,Outflow,492
61.0,920048328_VA,TSS,Outflow,492
3.599999904632568,920048328_VA,TSS,Outflow,492
13.60000038146973,920048328_VA,TSS,Outflow,493
4.0,920048328_VA,TSS,Outflow,493
10.0,920048328_VA,TSS,Outflow,493
36.0,920048328_VA,TSS,Outflow,493
18.0,920048328_VA,TSS,Outflow,493
17.20000076293945,920048328_VA,TSS,Outflow,494
18.0,920048328_VA,TSS,Outflow,494
33.0,920048328_VA,TSS,Outflow,494
9.5,920048328_VA,TSS,Outflow,494
4.0,920048328_VA,TSS,Outflow,494
10.0,920048328_VA,TSS,Outflow,495
18.0,920048328_VA,TSS,Outflow,495
5.599999904632568,920048328_VA,TSS,Outflow,495
18.0,920048328_VA,TSS,Outflow,495
15.19999980926514,920048328_VA,TSS,Outflow,495
61.0,920048328_VA,TSS,Outflow,496
18.0,920048328_VA,TSS,Outflow,496
18.0,920048328_VA,TSS,Outflow,496
8.0,920048328_VA,TSS,Outflow,496
5.599999904632568,920048328_VA,TSS,Outflow,496
9.5,920048328_VA,TSS,Outflow,497
8.399999618530273,920048328_VA,TSS,Outflow,497
61.0,920048328_VA,TSS,Outflow,497
6.0,920048328_VA,TSS,Outflow,497
18.0,920048328_VA,TSS,Outflow,497
13.60000038146973,920048328_VA,TSS,Outflow,498
17.20000076293945,920048328_VA,TSS,Outflow,498
36.0,920048328_VA,TSS,Outflow,498
33.0,920048328_VA,TSS,Outflow,498
3.599999904632568,920048328_VA,TSS,Outflow,498
28.0,920048328_VA,TSS,Outflow,499
15.60000038146973,920048328_VA,TSS,Outflow,499
6.0,920048328_VA,TSS,Outflow,499
10.0,920048328_VA,TSS,Outflow,499
4.400000095367432,920048328_VA,TSS,Outflow,499
36.0,920048328_VA,TSS,Outflow,500
8.399999618530273,920048328_VA,TSS,Outflow,500
6.0,920048328_VA,TSS,Outflow,500
3.200000047683716,920048328_VA,TSS,Outflow,500
83.0,920048328_VA,TSS,Outflow,500
