EMC,Location,Analyte,Flow,Run
17.20000076293945,920048328_VA,TSS,Outflow,1
4.0,920048328_VA,TSS,Outflow,1
18.0,920048328_VA,TSS,Outflow,1
16.39999961853027,920048328_VA,TSS,Outflow,1
28.0,920048328_VA,TSS,Outflow,1
83.0,920048328_VA,TSS,Outflow,2
16.39999961853027,920048328_VA,TSS,Outflow,2
4.400000095367432,920048328_VA,TSS,Outflow,2
13.60000038146973,920048328_VA,TSS,Outflow,2
15.19999980926514,920048328_VA,TSS,Outflow,2
39.0,920048328_VA,TSS,Outflow,3
10.0,920048328_VA,TSS,Outflow,3
28.0,920048328_VA,TSS,Outflow,3
18.0,920048328_VA,TSS,Outflow,3
6.0,920048328_VA,TSS,Outflow,3
18.0,920048328_VA,TSS,Outflow,4
15.19999980926514,920048328_VA,TSS,Outflow,4
8.0,920048328_VA,TSS,Outflow,4
10.0,920048328_VA,TSS,Outflow,4
4.0,920048328_VA,TSS,Outflow,4
17.20000076293945,920048328_VA,TSS,Outflow,5
6.400000095367432,920048328_VA,TSS,Outflow,5
83.0,920048328_VA,TSS,Outflow,5
8.399999618530273,920048328_VA,TSS,Outflow,5
22.0,920048328_VA,TSS,Outflow,5
33.0,920048328_VA,TSS,Outflow,6
18.0,920048328_VA,TSS,Outflow,6
5.599999904632568,920048328_VA,TSS,Outflow,6
18.0,920048328_VA,TSS,Outflow,6
15.60000038146973,920048328_VA,TSS,Outflow,6
10.0,920048328_VA,TSS,Outflow,7
83.0,920048328_VA,TSS,Outflow,7
33.0,920048328_VA,TSS,Outflow,7
10.0,920048328_VA,TSS,Outflow,7
8.0,920048328_VA,TSS,Outflow,7
13.60000038146973,920048328_VA,TSS,Outflow,8
15.19999980926514,920048328_VA,TSS,Outflow,8
8.800000190734863,920048328_VA,TSS,Outflow,8
8.0,920048328_VA,TSS,Outflow,8
17.20000076293945,920048328_VA,TSS,Outflow,8
10.0,920048328_VA,TSS,Outflow,9
12.80000019073486,920048328_VA,TSS,Outflow,9
10.0,920048328_VA,TSS,Outflow,9
6.400000095367432,920048328_VA,TSS,Outflow,9
6.0,920048328_VA,TSS,Outflow,9
12.80000019073486,920048328_VA,TSS,Outflow,10
16.39999961853027,920048328_VA,TSS,Outflow,10
22.0,920048328_VA,TSS,Outflow,10
18.0,920048328_VA,TSS,Outflow,10
3.599999904632568,920048328_VA,TSS,Outflow,10
18.0,920048328_VA,TSS,Outflow,11
8.399999618530273,920048328_VA,TSS,Outflow,11
9.5,920048328_VA,TSS,Outflow,11
10.0,920048328_VA,TSS,Outflow,11
6.0,920048328_VA,TSS,Outflow,11
10.0,920048328_VA,TSS,Outflow,12
4.0,920048328_VA,TSS,Outflow,12
6.400000095367432,920048328_VA,TSS,Outflow,12
3.599999904632568,920048328_VA,TSS,Outflow,12
23.60000038146973,920048328_VA,TSS,Outflow,12
3.200000047683716,920048328_VA,TSS,Outflow,13
168.0,920048328_VA,TSS,Outflow,13
22.0,920048328_VA,TSS,Outflow,13
9.5,920048328_VA,TSS,Outflow,13
10.0,920048328_VA,TSS,Outflow,13
13.60000038146973,920048328_VA,TSS,Outflow,14
8.800000190734863,920048328_VA,TSS,Outflow,14
15.60000038146973,920048328_VA,TSS,Outflow,14
5.599999904632568,920048328_VA,TSS,Outflow,14
33.0,920048328_VA,TSS,Outflow,14
168.0,920048328_VA,TSS,Outflow,15
18.0,920048328_VA,TSS,Outflow,15
61.0,920048328_VA,TSS,Outflow,15
9.5,920048328_VA,TSS,Outflow,15
4.0,920048328_VA,TSS,Outflow,15
9.5,920048328_VA,TSS,Outflow,16
83.0,920048328_VA,TSS,Outflow,16
47.0,920048328_VA,TSS,Outflow,16
8.800000190734863,920048328_VA,TSS,Outflow,16
17.20000076293945,920048328_VA,TSS,Outflow,16
8.800000190734863,920048328_VA,TSS,Outflow,17
10.0,920048328_VA,TSS,Outflow,17
83.0,920048328_VA,TSS,Outflow,17
12.80000019073486,920048328_VA,TSS,Outflow,17
9.5,920048328_VA,TSS,Outflow,17
5.599999904632568,920048328_VA,TSS,Outflow,18
168.0,920048328_VA,TSS,Outflow,18
8.800000190734863,920048328_VA,TSS,Outflow,18
16.39999961853027,920048328_VA,TSS,Outflow,18
6.0,920048328_VA,TSS,Outflow,18
3.599999904632568,920048328_VA,TSS,Outflow,19
28.0,920048328_VA,TSS,Outflow,19
39.0,920048328_VA,TSS,Outflow,19
4.400000095367432,920048328_VA,TSS,Outflow,19
15.60000038146973,920048328_VA,TSS,Outflow,19
18.0,920048328_VA,TSS,Outflow,20
83.0,920048328_VA,TSS,Outflow,20
9.5,920048328_VA,TSS,Outflow,20
47.0,920048328_VA,TSS,Outflow,20
61.0,920048328_VA,TSS,Outflow,20
22.0,920048328_VA,TSS,Outflow,21
13.60000038146973,920048328_VA,TSS,Outflow,21
47.0,920048328_VA,TSS,Outflow,21
9.5,920048328_VA,TSS,Outflow,21
23.60000038146973,920048328_VA,TSS,Outflow,21
33.0,920048328_VA,TSS,Outflow,22
15.19999980926514,920048328_VA,TSS,Outflow,22
36.0,920048328_VA,TSS,Outflow,22
12.80000019073486,920048328_VA,TSS,Outflow,22
18.0,920048328_VA,TSS,Outflow,22
18.0,920048328_VA,TSS,Outflow,23
22.0,920048328_VA,TSS,Outflow,23
18.0,920048328_VA,TSS,Outflow,23
8.800000190734863,920048328_VA,TSS,Outflow,23
6.0,920048328_VA,TSS,Outflow,23
83.0,920048328_VA,TSS,Outflow,24
39.0,920048328_VA,TSS,Outflow,24
18.0,920048328_VA,TSS,Outflow,24
15.60000038146973,920048328_VA,TSS,Outflow,24
3.200000047683716,920048328_VA,TSS,Outflow,24
10.0,920048328_VA,TSS,Outflow,25
10.0,920048328_VA,TSS,Outflow,25
6.400000095367432,920048328_VA,TSS,Outflow,25
47.0,920048328_VA,TSS,Outflow,25
15.19999980926514,920048328_VA,TSS,Outflow,25
28.0,920048328_VA,TSS,Outflow,26
10.0,920048328_VA,TSS,Outflow,26
22.0,920048328_VA,TSS,Outflow,26
6.0,920048328_VA,TSS,Outflow,26
8.800000190734863,920048328_VA,TSS,Outflow,26
17.20000076293945,920048328_VA,TSS,Outflow,27
13.60000038146973,920048328_VA,TSS,Outflow,27
16.39999961853027,920048328_VA,TSS,Outflow,27
4.400000095367432,920048328_VA,TSS,Outflow,27
18.0,920048328_VA,TSS,Outflow,27
47.0,920048328_VA,TSS,Outflow,28
17.20000076293945,920048328_VA,TSS,Outflow,28
8.0,920048328_VA,TSS,Outflow,28
9.5,920048328_VA,TSS,Outflow,28
6.0,920048328_VA,TSS,Outflow,28
13.60000038146973,920048328_VA,TSS,Outflow,29
4.0,920048328_VA,TSS,Outflow,29
9.5,920048328_VA,TSS,Outflow,29
15.19999980926514,920048328_VA,TSS,Outflow,29
12.80000019073486,920048328_VA,TSS,Outflow,29
3.599999904632568,920048328_VA,TSS,Outflow,30
18.0,920048328_VA,TSS,Outflow,30
6.0,920048328_VA,TSS,Outflow,30
6.0,920048328_VA,TSS,Outflow,30
33.0,920048328_VA,TSS,Outflow,30
13.60000038146973,920048328_VA,TSS,Outflow,31
18.0,920048328_VA,TSS,Outflow,31
61.0,920048328_VA,TSS,Outflow,31
83.0,920048328_VA,TSS,Outflow,31
39.0,920048328_VA,TSS,Outflow,31
8.0,920048328_VA,TSS,Outflow,32
39.0,920048328_VA,TSS,Outflow,32
8.399999618530273,920048328_VA,TSS,Outflow,32
6.400000095367432,920048328_VA,TSS,Outflow,32
9.5,920048328_VA,TSS,Outflow,32
61.0,920048328_VA,TSS,Outflow,33
18.0,920048328_VA,TSS,Outflow,33
15.19999980926514,920048328_VA,TSS,Outflow,33
10.0,920048328_VA,TSS,Outflow,33
22.0,920048328_VA,TSS,Outflow,33
47.0,920048328_VA,TSS,Outflow,34
6.400000095367432,920048328_VA,TSS,Outflow,34
8.800000190734863,920048328_VA,TSS,Outflow,34
16.39999961853027,920048328_VA,TSS,Outflow,34
17.20000076293945,920048328_VA,TSS,Outflow,34
47.0,920048328_VA,TSS,Outflow,35
8.0,920048328_VA,TSS,Outflow,35
36.0,920048328_VA,TSS,Outflow,35
18.0,920048328_VA,TSS,Outflow,35
28.0,920048328_VA,TSS,Outflow,35
4.0,920048328_VA,TSS,Outflow,36
8.0,920048328_VA,TSS,Outflow,36
10.0,920048328_VA,TSS,Outflow,36
28.0,920048328_VA,TSS,Outflow,36
61.0,920048328_VA,TSS,Outflow,36
168.0,920048328_VA,TSS,Outflow,37
16.39999961853027,920048328_VA,TSS,Outflow,37
18.0,920048328_VA,TSS,Outflow,37
17.20000076293945,920048328_VA,TSS,Outflow,37
15.19999980926514,920048328_VA,TSS,Outflow,37
22.0,920048328_VA,TSS,Outflow,38
10.0,920048328_VA,TSS,Outflow,38
23.60000038146973,920048328_VA,TSS,Outflow,38
9.5,920048328_VA,TSS,Outflow,38
8.800000190734863,920048328_VA,TSS,Outflow,38
39.0,920048328_VA,TSS,Outflow,39
23.60000038146973,920048328_VA,TSS,Outflow,39
10.0,920048328_VA,TSS,Outflow,39
6.0,920048328_VA,TSS,Outflow,39
9.5,920048328_VA,TSS,Outflow,39
17.20000076293945,920048328_VA,TSS,Outflow,40
8.800000190734863,920048328_VA,TSS,Outflow,40
6.0,920048328_VA,TSS,Outflow,40
28.0,920048328_VA,TSS,Outflow,40
18.0,920048328_VA,TSS,Outflow,40
3.200000047683716,920048328_VA,TSS,Outflow,41
168.0,920048328_VA,TSS,Outflow,41
28.0,920048328_VA,TSS,Outflow,41
5.599999904632568,920048328_VA,TSS,Outflow,41
18.0,920048328_VA,TSS,Outflow,41
15.19999980926514,920048328_VA,TSS,Outflow,42
18.0,920048328_VA,TSS,Outflow,42
18.0,920048328_VA,TSS,Outflow,42
28.0,920048328_VA,TSS,Outflow,42
33.0,920048328_VA,TSS,Outflow,42
4.0,920048328_VA,TSS,Outflow,43
16.39999961853027,920048328_VA,TSS,Outflow,43
8.0,920048328_VA,TSS,Outflow,43
22.0,920048328_VA,TSS,Outflow,43
3.599999904632568,920048328_VA,TSS,Outflow,43
23.60000038146973,920048328_VA,TSS,Outflow,44
13.60000038146973,920048328_VA,TSS,Outflow,44
8.800000190734863,920048328_VA,TSS,Outflow,44
9.5,920048328_VA,TSS,Outflow,44
6.400000095367432,920048328_VA,TSS,Outflow,44
6.0,920048328_VA,TSS,Outflow,45
16.39999961853027,920048328_VA,TSS,Outflow,45
47.0,920048328_VA,TSS,Outflow,45
15.19999980926514,920048328_VA,TSS,Outflow,45
8.800000190734863,920048328_VA,TSS,Outflow,45
12.80000019073486,920048328_VA,TSS,Outflow,46
9.5,920048328_VA,TSS,Outflow,46
15.19999980926514,920048328_VA,TSS,Outflow,46
39.0,920048328_VA,TSS,Outflow,46
23.60000038146973,920048328_VA,TSS,Outflow,46
4.0,920048328_VA,TSS,Outflow,47
8.800000190734863,920048328_VA,TSS,Outflow,47
6.400000095367432,920048328_VA,TSS,Outflow,47
83.0,920048328_VA,TSS,Outflow,47
8.399999618530273,920048328_VA,TSS,Outflow,47
8.0,920048328_VA,TSS,Outflow,48
23.60000038146973,920048328_VA,TSS,Outflow,48
168.0,920048328_VA,TSS,Outflow,48
6.0,920048328_VA,TSS,Outflow,48
8.800000190734863,920048328_VA,TSS,Outflow,48
22.0,920048328_VA,TSS,Outflow,49
18.0,920048328_VA,TSS,Outflow,49
3.599999904632568,920048328_VA,TSS,Outflow,49
15.19999980926514,920048328_VA,TSS,Outflow,49
18.0,920048328_VA,TSS,Outflow,49
6.400000095367432,920048328_VA,TSS,Outflow,50
168.0,920048328_VA,TSS,Outflow,50
23.60000038146973,920048328_VA,TSS,Outflow,50
8.0,920048328_VA,TSS,Outflow,50
8.399999618530273,920048328_VA,TSS,Outflow,50
8.399999618530273,920048328_VA,TSS,Outflow,51
4.0,920048328_VA,TSS,Outflow,51
61.0,920048328_VA,TSS,Outflow,51
18.0,920048328_VA,TSS,Outflow,51
8.800000190734863,920048328_VA,TSS,Outflow,51
6.0,920048328_VA,TSS,Outflow,52
22.0,920048328_VA,TSS,Outflow,52
33.0,920048328_VA,TSS,Outflow,52
18.0,920048328_VA,TSS,Outflow,52
6.0,920048328_VA,TSS,Outflow,52
33.0,920048328_VA,TSS,Outflow,53
6.0,920048328_VA,TSS,Outflow,53
168.0,920048328_VA,TSS,Outflow,53
15.19999980926514,920048328_VA,TSS,Outflow,53
12.80000019073486,920048328_VA,TSS,Outflow,53
12.80000019073486,920048328_VA,TSS,Outflow,54
9.5,920048328_VA,TSS,Outflow,54
4.400000095367432,920048328_VA,TSS,Outflow,54
6.0,920048328_VA,TSS,Outflow,54
23.60000038146973,920048328_VA,TSS,Outflow,54
15.60000038146973,920048328_VA,TSS,Outflow,55
18.0,920048328_VA,TSS,Outflow,55
61.0,920048328_VA,TSS,Outflow,55
36.0,920048328_VA,TSS,Outflow,55
22.0,920048328_VA,TSS,Outflow,55
36.0,920048328_VA,TSS,Outflow,56
8.0,920048328_VA,TSS,Outflow,56
8.399999618530273,920048328_VA,TSS,Outflow,56
83.0,920048328_VA,TSS,Outflow,56
6.0,920048328_VA,TSS,Outflow,56
18.0,920048328_VA,TSS,Outflow,57
5.599999904632568,920048328_VA,TSS,Outflow,57
6.400000095367432,920048328_VA,TSS,Outflow,57
15.19999980926514,920048328_VA,TSS,Outflow,57
83.0,920048328_VA,TSS,Outflow,57
5.599999904632568,920048328_VA,TSS,Outflow,58
18.0,920048328_VA,TSS,Outflow,58
22.0,920048328_VA,TSS,Outflow,58
39.0,920048328_VA,TSS,Outflow,58
16.39999961853027,920048328_VA,TSS,Outflow,58
9.5,920048328_VA,TSS,Outflow,59
4.0,920048328_VA,TSS,Outflow,59
83.0,920048328_VA,TSS,Outflow,59
12.80000019073486,920048328_VA,TSS,Outflow,59
10.0,920048328_VA,TSS,Outflow,59
22.0,920048328_VA,TSS,Outflow,60
28.0,920048328_VA,TSS,Outflow,60
23.60000038146973,920048328_VA,TSS,Outflow,60
4.400000095367432,920048328_VA,TSS,Outflow,60
4.0,920048328_VA,TSS,Outflow,60
22.0,920048328_VA,TSS,Outflow,61
83.0,920048328_VA,TSS,Outflow,61
3.200000047683716,920048328_VA,TSS,Outflow,61
18.0,920048328_VA,TSS,Outflow,61
23.60000038146973,920048328_VA,TSS,Outflow,61
9.5,920048328_VA,TSS,Outflow,62
18.0,920048328_VA,TSS,Outflow,62
15.19999980926514,920048328_VA,TSS,Outflow,62
47.0,920048328_VA,TSS,Outflow,62
12.80000019073486,920048328_VA,TSS,Outflow,62
18.0,920048328_VA,TSS,Outflow,63
12.80000019073486,920048328_VA,TSS,Outflow,63
6.400000095367432,920048328_VA,TSS,Outflow,63
3.200000047683716,920048328_VA,TSS,Outflow,63
17.20000076293945,920048328_VA,TSS,Outflow,63
8.800000190734863,920048328_VA,TSS,Outflow,64
10.0,920048328_VA,TSS,Outflow,64
15.19999980926514,920048328_VA,TSS,Outflow,64
17.20000076293945,920048328_VA,TSS,Outflow,64
3.200000047683716,920048328_VA,TSS,Outflow,64
10.0,920048328_VA,TSS,Outflow,65
18.0,920048328_VA,TSS,Outflow,65
18.0,920048328_VA,TSS,Outflow,65
47.0,920048328_VA,TSS,Outflow,65
8.399999618530273,920048328_VA,TSS,Outflow,65
8.399999618530273,920048328_VA,TSS,Outflow,66
13.60000038146973,920048328_VA,TSS,Outflow,66
18.0,920048328_VA,TSS,Outflow,66
83.0,920048328_VA,TSS,Outflow,66
4.0,920048328_VA,TSS,Outflow,66
33.0,920048328_VA,TSS,Outflow,67
6.0,920048328_VA,TSS,Outflow,67
39.0,920048328_VA,TSS,Outflow,67
6.400000095367432,920048328_VA,TSS,Outflow,67
36.0,920048328_VA,TSS,Outflow,67
18.0,920048328_VA,TSS,Outflow,68
8.0,920048328_VA,TSS,Outflow,68
10.0,920048328_VA,TSS,Outflow,68
5.599999904632568,920048328_VA,TSS,Outflow,68
8.399999618530273,920048328_VA,TSS,Outflow,68
18.0,920048328_VA,TSS,Outflow,69
4.400000095367432,920048328_VA,TSS,Outflow,69
3.200000047683716,920048328_VA,TSS,Outflow,69
36.0,920048328_VA,TSS,Outflow,69
10.0,920048328_VA,TSS,Outflow,69
22.0,920048328_VA,TSS,Outflow,70
17.20000076293945,920048328_VA,TSS,Outflow,70
15.19999980926514,920048328_VA,TSS,Outflow,70
18.0,920048328_VA,TSS,Outflow,70
3.200000047683716,920048328_VA,TSS,Outflow,70
18.0,920048328_VA,TSS,Outflow,71
5.599999904632568,920048328_VA,TSS,Outflow,71
15.19999980926514,920048328_VA,TSS,Outflow,71
4.400000095367432,920048328_VA,TSS,Outflow,71
28.0,920048328_VA,TSS,Outflow,71
23.60000038146973,920048328_VA,TSS,Outflow,72
12.80000019073486,920048328_VA,TSS,Outflow,72
6.400000095367432,920048328_VA,TSS,Outflow,72
6.0,920048328_VA,TSS,Outflow,72
9.5,920048328_VA,TSS,Outflow,72
23.60000038146973,920048328_VA,TSS,Outflow,73
18.0,920048328_VA,TSS,Outflow,73
6.0,920048328_VA,TSS,Outflow,73
13.60000038146973,920048328_VA,TSS,Outflow,73
22.0,920048328_VA,TSS,Outflow,73
33.0,920048328_VA,TSS,Outflow,74
10.0,920048328_VA,TSS,Outflow,74
12.80000019073486,920048328_VA,TSS,Outflow,74
23.60000038146973,920048328_VA,TSS,Outflow,74
18.0,920048328_VA,TSS,Outflow,74
8.0,920048328_VA,TSS,Outflow,75
10.0,920048328_VA,TSS,Outflow,75
8.800000190734863,920048328_VA,TSS,Outflow,75
15.19999980926514,920048328_VA,TSS,Outflow,75
61.0,920048328_VA,TSS,Outflow,75
33.0,920048328_VA,TSS,Outflow,76
9.5,920048328_VA,TSS,Outflow,76
39.0,920048328_VA,TSS,Outflow,76
3.200000047683716,920048328_VA,TSS,Outflow,76
8.800000190734863,920048328_VA,TSS,Outflow,76
15.60000038146973,920048328_VA,TSS,Outflow,77
10.0,920048328_VA,TSS,Outflow,77
83.0,920048328_VA,TSS,Outflow,77
23.60000038146973,920048328_VA,TSS,Outflow,77
36.0,920048328_VA,TSS,Outflow,77
168.0,920048328_VA,TSS,Outflow,78
12.80000019073486,920048328_VA,TSS,Outflow,78
8.399999618530273,920048328_VA,TSS,Outflow,78
4.0,920048328_VA,TSS,Outflow,78
61.0,920048328_VA,TSS,Outflow,78
23.60000038146973,920048328_VA,TSS,Outflow,79
6.0,920048328_VA,TSS,Outflow,79
83.0,920048328_VA,TSS,Outflow,79
15.19999980926514,920048328_VA,TSS,Outflow,79
3.200000047683716,920048328_VA,TSS,Outflow,79
17.20000076293945,920048328_VA,TSS,Outflow,80
3.599999904632568,920048328_VA,TSS,Outflow,80
15.19999980926514,920048328_VA,TSS,Outflow,80
61.0,920048328_VA,TSS,Outflow,80
3.200000047683716,920048328_VA,TSS,Outflow,80
6.400000095367432,920048328_VA,TSS,Outflow,81
16.39999961853027,920048328_VA,TSS,Outflow,81
83.0,920048328_VA,TSS,Outflow,81
6.0,920048328_VA,TSS,Outflow,81
15.19999980926514,920048328_VA,TSS,Outflow,81
10.0,920048328_VA,TSS,Outflow,82
6.400000095367432,920048328_VA,TSS,Outflow,82
6.0,920048328_VA,TSS,Outflow,82
3.599999904632568,920048328_VA,TSS,Outflow,82
5.599999904632568,920048328_VA,TSS,Outflow,82
15.19999980926514,920048328_VA,TSS,Outflow,83
8.0,920048328_VA,TSS,Outflow,83
18.0,920048328_VA,TSS,Outflow,83
61.0,920048328_VA,TSS,Outflow,83
13.60000038146973,920048328_VA,TSS,Outflow,83
10.0,920048328_VA,TSS,Outflow,84
8.0,920048328_VA,TSS,Outflow,84
16.39999961853027,920048328_VA,TSS,Outflow,84
4.0,920048328_VA,TSS,Outflow,84
9.5,920048328_VA,TSS,Outflow,84
39.0,920048328_VA,TSS,Outflow,85
47.0,920048328_VA,TSS,Outflow,85
18.0,920048328_VA,TSS,Outflow,85
8.800000190734863,920048328_VA,TSS,Outflow,85
28.0,920048328_VA,TSS,Outflow,85
9.5,920048328_VA,TSS,Outflow,86
10.0,920048328_VA,TSS,Outflow,86
168.0,920048328_VA,TSS,Outflow,86
5.599999904632568,920048328_VA,TSS,Outflow,86
8.399999618530273,920048328_VA,TSS,Outflow,86
83.0,920048328_VA,TSS,Outflow,87
12.80000019073486,920048328_VA,TSS,Outflow,87
3.200000047683716,920048328_VA,TSS,Outflow,87
6.0,920048328_VA,TSS,Outflow,87
10.0,920048328_VA,TSS,Outflow,87
4.400000095367432,920048328_VA,TSS,Outflow,88
18.0,920048328_VA,TSS,Outflow,88
12.80000019073486,920048328_VA,TSS,Outflow,88
15.19999980926514,920048328_VA,TSS,Outflow,88
6.0,920048328_VA,TSS,Outflow,88
18.0,920048328_VA,TSS,Outflow,89
83.0,920048328_VA,TSS,Outflow,89
22.0,920048328_VA,TSS,Outflow,89
6.0,920048328_VA,TSS,Outflow,89
36.0,920048328_VA,TSS,Outflow,89
4.0,920048328_VA,TSS,Outflow,90
39.0,920048328_VA,TSS,Outflow,90
18.0,920048328_VA,TSS,Outflow,90
15.19999980926514,920048328_VA,TSS,Outflow,90
12.80000019073486,920048328_VA,TSS,Outflow,90
15.60000038146973,920048328_VA,TSS,Outflow,91
8.399999618530273,920048328_VA,TSS,Outflow,91
18.0,920048328_VA,TSS,Outflow,91
13.60000038146973,920048328_VA,TSS,Outflow,91
8.0,920048328_VA,TSS,Outflow,91
3.200000047683716,920048328_VA,TSS,Outflow,92
9.5,920048328_VA,TSS,Outflow,92
33.0,920048328_VA,TSS,Outflow,92
47.0,920048328_VA,TSS,Outflow,92
6.400000095367432,920048328_VA,TSS,Outflow,92
10.0,920048328_VA,TSS,Outflow,93
3.200000047683716,920048328_VA,TSS,Outflow,93
6.400000095367432,920048328_VA,TSS,Outflow,93
22.0,920048328_VA,TSS,Outflow,93
18.0,920048328_VA,TSS,Outflow,93
39.0,920048328_VA,TSS,Outflow,94
23.60000038146973,920048328_VA,TSS,Outflow,94
15.60000038146973,920048328_VA,TSS,Outflow,94
8.399999618530273,920048328_VA,TSS,Outflow,94
17.20000076293945,920048328_VA,TSS,Outflow,94
3.599999904632568,920048328_VA,TSS,Outflow,95
4.0,920048328_VA,TSS,Outflow,95
18.0,920048328_VA,TSS,Outflow,95
8.399999618530273,920048328_VA,TSS,Outflow,95
6.400000095367432,920048328_VA,TSS,Outflow,95
15.19999980926514,920048328_VA,TSS,Outflow,96
12.80000019073486,920048328_VA,TSS,Outflow,96
23.60000038146973,920048328_VA,TSS,Outflow,96
33.0,920048328_VA,TSS,Outflow,96
61.0,920048328_VA,TSS,Outflow,96
10.0,920048328_VA,TSS,Outflow,97
3.599999904632568,920048328_VA,TSS,Outflow,97
83.0,920048328_VA,TSS,Outflow,97
18.0,920048328_VA,TSS,Outflow,97
39.0,920048328_VA,TSS,Outflow,97
16.39999961853027,920048328_VA,TSS,Outflow,98
6.400000095367432,920048328_VA,TSS,Outflow,98
22.0,920048328_VA,TSS,Outflow,98
3.599999904632568,920048328_VA,TSS,Outflow,98
15.19999980926514,920048328_VA,TSS,Outflow,98
10.0,920048328_VA,TSS,Outflow,99
12.80000019073486,920048328_VA,TSS,Outflow,99
3.200000047683716,920048328_VA,TSS,Outflow,99
15.60000038146973,920048328_VA,TSS,Outflow,99
168.0,920048328_VA,TSS,Outflow,99
15.60000038146973,920048328_VA,TSS,Outflow,100
3.200000047683716,920048328_VA,TSS,Outflow,100
6.400000095367432,920048328_VA,TSS,Outflow,100
6.0,920048328_VA,TSS,Outflow,100
8.399999618530273,920048328_VA,TSS,Outflow,100
28.0,920048328_VA,TSS,Outflow,101
10.0,920048328_VA,TSS,Outflow,101
15.60000038146973,920048328_VA,TSS,Outflow,101
22.0,920048328_VA,TSS,Outflow,101
10.0,920048328_VA,TSS,Outflow,101
33.0,920048328_VA,TSS,Outflow,102
12.80000019073486,920048328_VA,TSS,Outflow,102
168.0,920048328_VA,TSS,Outflow,102
15.19999980926514,920048328_VA,TSS,Outflow,102
47.0,920048328_VA,TSS,Outflow,102
8.800000190734863,920048328_VA,TSS,Outflow,103
15.60000038146973,920048328_VA,TSS,Outflow,103
9.5,920048328_VA,TSS,Outflow,103
33.0,920048328_VA,TSS,Outflow,103
83.0,920048328_VA,TSS,Outflow,103
6.400000095367432,920048328_VA,TSS,Outflow,104
9.5,920048328_VA,TSS,Outflow,104
18.0,920048328_VA,TSS,Outflow,104
10.0,920048328_VA,TSS,Outflow,104
15.19999980926514,920048328_VA,TSS,Outflow,104
18.0,920048328_VA,TSS,Outflow,105
8.800000190734863,920048328_VA,TSS,Outflow,105
3.200000047683716,920048328_VA,TSS,Outflow,105
18.0,920048328_VA,TSS,Outflow,105
4.0,920048328_VA,TSS,Outflow,105
6.0,920048328_VA,TSS,Outflow,106
18.0,920048328_VA,TSS,Outflow,106
15.19999980926514,920048328_VA,TSS,Outflow,106
3.200000047683716,920048328_VA,TSS,Outflow,106
18.0,920048328_VA,TSS,Outflow,106
4.0,920048328_VA,TSS,Outflow,107
16.39999961853027,920048328_VA,TSS,Outflow,107
17.20000076293945,920048328_VA,TSS,Outflow,107
8.800000190734863,920048328_VA,TSS,Outflow,107
39.0,920048328_VA,TSS,Outflow,107
15.19999980926514,920048328_VA,TSS,Outflow,108
168.0,920048328_VA,TSS,Outflow,108
8.800000190734863,920048328_VA,TSS,Outflow,108
15.60000038146973,920048328_VA,TSS,Outflow,108
22.0,920048328_VA,TSS,Outflow,108
15.19999980926514,920048328_VA,TSS,Outflow,109
10.0,920048328_VA,TSS,Outflow,109
23.60000038146973,920048328_VA,TSS,Outflow,109
28.0,920048328_VA,TSS,Outflow,109
8.0,920048328_VA,TSS,Outflow,109
28.0,920048328_VA,TSS,Outflow,110
15.60000038146973,920048328_VA,TSS,Outflow,110
47.0,920048328_VA,TSS,Outflow,110
168.0,920048328_VA,TSS,Outflow,110
39.0,920048328_VA,TSS,Outflow,110
23.60000038146973,920048328_VA,TSS,Outflow,111
3.599999904632568,920048328_VA,TSS,Outflow,111
8.800000190734863,920048328_VA,TSS,Outflow,111
13.60000038146973,920048328_VA,TSS,Outflow,111
6.400000095367432,920048328_VA,TSS,Outflow,111
4.0,920048328_VA,TSS,Outflow,112
10.0,920048328_VA,TSS,Outflow,112
4.400000095367432,920048328_VA,TSS,Outflow,112
61.0,920048328_VA,TSS,Outflow,112
18.0,920048328_VA,TSS,Outflow,112
61.0,920048328_VA,TSS,Outflow,113
16.39999961853027,920048328_VA,TSS,Outflow,113
33.0,920048328_VA,TSS,Outflow,113
4.400000095367432,920048328_VA,TSS,Outflow,113
10.0,920048328_VA,TSS,Outflow,113
18.0,920048328_VA,TSS,Outflow,114
8.800000190734863,920048328_VA,TSS,Outflow,114
4.0,920048328_VA,TSS,Outflow,114
83.0,920048328_VA,TSS,Outflow,114
18.0,920048328_VA,TSS,Outflow,114
15.60000038146973,920048328_VA,TSS,Outflow,115
36.0,920048328_VA,TSS,Outflow,115
3.200000047683716,920048328_VA,TSS,Outflow,115
168.0,920048328_VA,TSS,Outflow,115
6.400000095367432,920048328_VA,TSS,Outflow,115
6.0,920048328_VA,TSS,Outflow,116
15.19999980926514,920048328_VA,TSS,Outflow,116
36.0,920048328_VA,TSS,Outflow,116
16.39999961853027,920048328_VA,TSS,Outflow,116
10.0,920048328_VA,TSS,Outflow,116
4.0,920048328_VA,TSS,Outflow,117
6.400000095367432,920048328_VA,TSS,Outflow,117
39.0,920048328_VA,TSS,Outflow,117
23.60000038146973,920048328_VA,TSS,Outflow,117
18.0,920048328_VA,TSS,Outflow,117
6.400000095367432,920048328_VA,TSS,Outflow,118
22.0,920048328_VA,TSS,Outflow,118
61.0,920048328_VA,TSS,Outflow,118
3.599999904632568,920048328_VA,TSS,Outflow,118
16.39999961853027,920048328_VA,TSS,Outflow,118
15.19999980926514,920048328_VA,TSS,Outflow,119
33.0,920048328_VA,TSS,Outflow,119
12.80000019073486,920048328_VA,TSS,Outflow,119
3.599999904632568,920048328_VA,TSS,Outflow,119
13.60000038146973,920048328_VA,TSS,Outflow,119
15.60000038146973,920048328_VA,TSS,Outflow,120
61.0,920048328_VA,TSS,Outflow,120
4.400000095367432,920048328_VA,TSS,Outflow,120
10.0,920048328_VA,TSS,Outflow,120
168.0,920048328_VA,TSS,Outflow,120
8.399999618530273,920048328_VA,TSS,Outflow,121
39.0,920048328_VA,TSS,Outflow,121
36.0,920048328_VA,TSS,Outflow,121
61.0,920048328_VA,TSS,Outflow,121
23.60000038146973,920048328_VA,TSS,Outflow,121
8.800000190734863,920048328_VA,TSS,Outflow,122
9.5,920048328_VA,TSS,Outflow,122
61.0,920048328_VA,TSS,Outflow,122
15.60000038146973,920048328_VA,TSS,Outflow,122
83.0,920048328_VA,TSS,Outflow,122
3.200000047683716,920048328_VA,TSS,Outflow,123
23.60000038146973,920048328_VA,TSS,Outflow,123
15.19999980926514,920048328_VA,TSS,Outflow,123
15.60000038146973,920048328_VA,TSS,Outflow,123
6.0,920048328_VA,TSS,Outflow,123
28.0,920048328_VA,TSS,Outflow,124
33.0,920048328_VA,TSS,Outflow,124
22.0,920048328_VA,TSS,Outflow,124
18.0,920048328_VA,TSS,Outflow,124
6.0,920048328_VA,TSS,Outflow,124
22.0,920048328_VA,TSS,Outflow,125
33.0,920048328_VA,TSS,Outflow,125
5.599999904632568,920048328_VA,TSS,Outflow,125
61.0,920048328_VA,TSS,Outflow,125
36.0,920048328_VA,TSS,Outflow,125
18.0,920048328_VA,TSS,Outflow,126
61.0,920048328_VA,TSS,Outflow,126
168.0,920048328_VA,TSS,Outflow,126
9.5,920048328_VA,TSS,Outflow,126
18.0,920048328_VA,TSS,Outflow,126
13.60000038146973,920048328_VA,TSS,Outflow,127
12.80000019073486,920048328_VA,TSS,Outflow,127
6.400000095367432,920048328_VA,TSS,Outflow,127
39.0,920048328_VA,TSS,Outflow,127
10.0,920048328_VA,TSS,Outflow,127
15.19999980926514,920048328_VA,TSS,Outflow,128
15.19999980926514,920048328_VA,TSS,Outflow,128
61.0,920048328_VA,TSS,Outflow,128
6.0,920048328_VA,TSS,Outflow,128
12.80000019073486,920048328_VA,TSS,Outflow,128
6.0,920048328_VA,TSS,Outflow,129
36.0,920048328_VA,TSS,Outflow,129
5.599999904632568,920048328_VA,TSS,Outflow,129
168.0,920048328_VA,TSS,Outflow,129
17.20000076293945,920048328_VA,TSS,Outflow,129
10.0,920048328_VA,TSS,Outflow,130
18.0,920048328_VA,TSS,Outflow,130
168.0,920048328_VA,TSS,Outflow,130
6.0,920048328_VA,TSS,Outflow,130
13.60000038146973,920048328_VA,TSS,Outflow,130
18.0,920048328_VA,TSS,Outflow,131
10.0,920048328_VA,TSS,Outflow,131
168.0,920048328_VA,TSS,Outflow,131
15.19999980926514,920048328_VA,TSS,Outflow,131
4.0,920048328_VA,TSS,Outflow,131
23.60000038146973,920048328_VA,TSS,Outflow,132
17.20000076293945,920048328_VA,TSS,Outflow,132
13.60000038146973,920048328_VA,TSS,Outflow,132
18.0,920048328_VA,TSS,Outflow,132
28.0,920048328_VA,TSS,Outflow,132
18.0,920048328_VA,TSS,Outflow,133
22.0,920048328_VA,TSS,Outflow,133
3.200000047683716,920048328_VA,TSS,Outflow,133
47.0,920048328_VA,TSS,Outflow,133
12.80000019073486,920048328_VA,TSS,Outflow,133
15.60000038146973,920048328_VA,TSS,Outflow,134
33.0,920048328_VA,TSS,Outflow,134
13.60000038146973,920048328_VA,TSS,Outflow,134
15.19999980926514,920048328_VA,TSS,Outflow,134
3.599999904632568,920048328_VA,TSS,Outflow,134
39.0,920048328_VA,TSS,Outflow,135
18.0,920048328_VA,TSS,Outflow,135
8.0,920048328_VA,TSS,Outflow,135
3.200000047683716,920048328_VA,TSS,Outflow,135
22.0,920048328_VA,TSS,Outflow,135
15.60000038146973,920048328_VA,TSS,Outflow,136
6.0,920048328_VA,TSS,Outflow,136
8.0,920048328_VA,TSS,Outflow,136
47.0,920048328_VA,TSS,Outflow,136
3.200000047683716,920048328_VA,TSS,Outflow,136
4.400000095367432,920048328_VA,TSS,Outflow,137
39.0,920048328_VA,TSS,Outflow,137
10.0,920048328_VA,TSS,Outflow,137
9.5,920048328_VA,TSS,Outflow,137
8.800000190734863,920048328_VA,TSS,Outflow,137
9.5,920048328_VA,TSS,Outflow,138
15.19999980926514,920048328_VA,TSS,Outflow,138
23.60000038146973,920048328_VA,TSS,Outflow,138
28.0,920048328_VA,TSS,Outflow,138
3.599999904632568,920048328_VA,TSS,Outflow,138
83.0,920048328_VA,TSS,Outflow,139
3.599999904632568,920048328_VA,TSS,Outflow,139
3.200000047683716,920048328_VA,TSS,Outflow,139
15.19999980926514,920048328_VA,TSS,Outflow,139
15.60000038146973,920048328_VA,TSS,Outflow,139
3.599999904632568,920048328_VA,TSS,Outflow,140
12.80000019073486,920048328_VA,TSS,Outflow,140
18.0,920048328_VA,TSS,Outflow,140
8.0,920048328_VA,TSS,Outflow,140
36.0,920048328_VA,TSS,Outflow,140
168.0,920048328_VA,TSS,Outflow,141
61.0,920048328_VA,TSS,Outflow,141
22.0,920048328_VA,TSS,Outflow,141
8.0,920048328_VA,TSS,Outflow,141
4.0,920048328_VA,TSS,Outflow,141
33.0,920048328_VA,TSS,Outflow,142
10.0,920048328_VA,TSS,Outflow,142
9.5,920048328_VA,TSS,Outflow,142
3.200000047683716,920048328_VA,TSS,Outflow,142
18.0,920048328_VA,TSS,Outflow,142
8.0,920048328_VA,TSS,Outflow,143
10.0,920048328_VA,TSS,Outflow,143
15.60000038146973,920048328_VA,TSS,Outflow,143
15.19999980926514,920048328_VA,TSS,Outflow,143
10.0,920048328_VA,TSS,Outflow,143
47.0,920048328_VA,TSS,Outflow,144
23.60000038146973,920048328_VA,TSS,Outflow,144
22.0,920048328_VA,TSS,Outflow,144
15.19999980926514,920048328_VA,TSS,Outflow,144
16.39999961853027,920048328_VA,TSS,Outflow,144
28.0,920048328_VA,TSS,Outflow,145
18.0,920048328_VA,TSS,Outflow,145
6.0,920048328_VA,TSS,Outflow,145
83.0,920048328_VA,TSS,Outflow,145
12.80000019073486,920048328_VA,TSS,Outflow,145
28.0,920048328_VA,TSS,Outflow,146
61.0,920048328_VA,TSS,Outflow,146
18.0,920048328_VA,TSS,Outflow,146
4.0,920048328_VA,TSS,Outflow,146
168.0,920048328_VA,TSS,Outflow,146
13.60000038146973,920048328_VA,TSS,Outflow,147
22.0,920048328_VA,TSS,Outflow,147
17.20000076293945,920048328_VA,TSS,Outflow,147
4.400000095367432,920048328_VA,TSS,Outflow,147
9.5,920048328_VA,TSS,Outflow,147
3.200000047683716,920048328_VA,TSS,Outflow,148
13.60000038146973,920048328_VA,TSS,Outflow,148
3.599999904632568,920048328_VA,TSS,Outflow,148
18.0,920048328_VA,TSS,Outflow,148
9.5,920048328_VA,TSS,Outflow,148
3.599999904632568,920048328_VA,TSS,Outflow,149
5.599999904632568,920048328_VA,TSS,Outflow,149
15.19999980926514,920048328_VA,TSS,Outflow,149
18.0,920048328_VA,TSS,Outflow,149
4.0,920048328_VA,TSS,Outflow,149
17.20000076293945,920048328_VA,TSS,Outflow,150
9.5,920048328_VA,TSS,Outflow,150
47.0,920048328_VA,TSS,Outflow,150
28.0,920048328_VA,TSS,Outflow,150
4.400000095367432,920048328_VA,TSS,Outflow,150
17.20000076293945,920048328_VA,TSS,Outflow,151
8.800000190734863,920048328_VA,TSS,Outflow,151
39.0,920048328_VA,TSS,Outflow,151
15.19999980926514,920048328_VA,TSS,Outflow,151
23.60000038146973,920048328_VA,TSS,Outflow,151
18.0,920048328_VA,TSS,Outflow,152
36.0,920048328_VA,TSS,Outflow,152
6.400000095367432,920048328_VA,TSS,Outflow,152
12.80000019073486,920048328_VA,TSS,Outflow,152
15.19999980926514,920048328_VA,TSS,Outflow,152
9.5,920048328_VA,TSS,Outflow,153
8.800000190734863,920048328_VA,TSS,Outflow,153
33.0,920048328_VA,TSS,Outflow,153
61.0,920048328_VA,TSS,Outflow,153
15.19999980926514,920048328_VA,TSS,Outflow,153
17.20000076293945,920048328_VA,TSS,Outflow,154
15.19999980926514,920048328_VA,TSS,Outflow,154
18.0,920048328_VA,TSS,Outflow,154
8.800000190734863,920048328_VA,TSS,Outflow,154
18.0,920048328_VA,TSS,Outflow,154
15.19999980926514,920048328_VA,TSS,Outflow,155
12.80000019073486,920048328_VA,TSS,Outflow,155
13.60000038146973,920048328_VA,TSS,Outflow,155
28.0,920048328_VA,TSS,Outflow,155
8.399999618530273,920048328_VA,TSS,Outflow,155
13.60000038146973,920048328_VA,TSS,Outflow,156
15.60000038146973,920048328_VA,TSS,Outflow,156
39.0,920048328_VA,TSS,Outflow,156
6.0,920048328_VA,TSS,Outflow,156
15.19999980926514,920048328_VA,TSS,Outflow,156
9.5,920048328_VA,TSS,Outflow,157
16.39999961853027,920048328_VA,TSS,Outflow,157
17.20000076293945,920048328_VA,TSS,Outflow,157
15.60000038146973,920048328_VA,TSS,Outflow,157
33.0,920048328_VA,TSS,Outflow,157
8.399999618530273,920048328_VA,TSS,Outflow,158
22.0,920048328_VA,TSS,Outflow,158
17.20000076293945,920048328_VA,TSS,Outflow,158
10.0,920048328_VA,TSS,Outflow,158
33.0,920048328_VA,TSS,Outflow,158
3.200000047683716,920048328_VA,TSS,Outflow,159
10.0,920048328_VA,TSS,Outflow,159
15.60000038146973,920048328_VA,TSS,Outflow,159
18.0,920048328_VA,TSS,Outflow,159
33.0,920048328_VA,TSS,Outflow,159
9.5,920048328_VA,TSS,Outflow,160
6.0,920048328_VA,TSS,Outflow,160
4.400000095367432,920048328_VA,TSS,Outflow,160
168.0,920048328_VA,TSS,Outflow,160
28.0,920048328_VA,TSS,Outflow,160
3.200000047683716,920048328_VA,TSS,Outflow,161
6.0,920048328_VA,TSS,Outflow,161
15.60000038146973,920048328_VA,TSS,Outflow,161
12.80000019073486,920048328_VA,TSS,Outflow,161
10.0,920048328_VA,TSS,Outflow,161
10.0,920048328_VA,TSS,Outflow,162
8.399999618530273,920048328_VA,TSS,Outflow,162
22.0,920048328_VA,TSS,Outflow,162
4.0,920048328_VA,TSS,Outflow,162
36.0,920048328_VA,TSS,Outflow,162
8.399999618530273,920048328_VA,TSS,Outflow,163
6.400000095367432,920048328_VA,TSS,Outflow,163
16.39999961853027,920048328_VA,TSS,Outflow,163
83.0,920048328_VA,TSS,Outflow,163
6.0,920048328_VA,TSS,Outflow,163
18.0,920048328_VA,TSS,Outflow,164
83.0,920048328_VA,TSS,Outflow,164
18.0,920048328_VA,TSS,Outflow,164
16.39999961853027,920048328_VA,TSS,Outflow,164
5.599999904632568,920048328_VA,TSS,Outflow,164
47.0,920048328_VA,TSS,Outflow,165
5.599999904632568,920048328_VA,TSS,Outflow,165
3.200000047683716,920048328_VA,TSS,Outflow,165
6.0,920048328_VA,TSS,Outflow,165
36.0,920048328_VA,TSS,Outflow,165
17.20000076293945,920048328_VA,TSS,Outflow,166
18.0,920048328_VA,TSS,Outflow,166
10.0,920048328_VA,TSS,Outflow,166
16.39999961853027,920048328_VA,TSS,Outflow,166
15.60000038146973,920048328_VA,TSS,Outflow,166
6.0,920048328_VA,TSS,Outflow,167
8.399999618530273,920048328_VA,TSS,Outflow,167
83.0,920048328_VA,TSS,Outflow,167
36.0,920048328_VA,TSS,Outflow,167
8.0,920048328_VA,TSS,Outflow,167
5.599999904632568,920048328_VA,TSS,Outflow,168
6.0,920048328_VA,TSS,Outflow,168
22.0,920048328_VA,TSS,Outflow,168
10.0,920048328_VA,TSS,Outflow,168
10.0,920048328_VA,TSS,Outflow,168
6.0,920048328_VA,TSS,Outflow,169
8.0,920048328_VA,TSS,Outflow,169
5.599999904632568,920048328_VA,TSS,Outflow,169
22.0,920048328_VA,TSS,Outflow,169
6.400000095367432,920048328_VA,TSS,Outflow,169
5.599999904632568,920048328_VA,TSS,Outflow,170
13.60000038146973,920048328_VA,TSS,Outflow,170
8.399999618530273,920048328_VA,TSS,Outflow,170
39.0,920048328_VA,TSS,Outflow,170
28.0,920048328_VA,TSS,Outflow,170
8.0,920048328_VA,TSS,Outflow,171
83.0,920048328_VA,TSS,Outflow,171
13.60000038146973,920048328_VA,TSS,Outflow,171
8.800000190734863,920048328_VA,TSS,Outflow,171
36.0,920048328_VA,TSS,Outflow,171
8.399999618530273,920048328_VA,TSS,Outflow,172
61.0,920048328_VA,TSS,Outflow,172
5.599999904632568,920048328_VA,TSS,Outflow,172
22.0,920048328_VA,TSS,Outflow,172
168.0,920048328_VA,TSS,Outflow,172
6.0,920048328_VA,TSS,Outflow,173
15.19999980926514,920048328_VA,TSS,Outflow,173
18.0,920048328_VA,TSS,Outflow,173
4.0,920048328_VA,TSS,Outflow,173
168.0,920048328_VA,TSS,Outflow,173
18.0,920048328_VA,TSS,Outflow,174
83.0,920048328_VA,TSS,Outflow,174
6.400000095367432,920048328_VA,TSS,Outflow,174
23.60000038146973,920048328_VA,TSS,Outflow,174
15.60000038146973,920048328_VA,TSS,Outflow,174
16.39999961853027,920048328_VA,TSS,Outflow,175
17.20000076293945,920048328_VA,TSS,Outflow,175
22.0,920048328_VA,TSS,Outflow,175
8.800000190734863,920048328_VA,TSS,Outflow,175
3.599999904632568,920048328_VA,TSS,Outflow,175
47.0,920048328_VA,TSS,Outflow,176
15.19999980926514,920048328_VA,TSS,Outflow,176
5.599999904632568,920048328_VA,TSS,Outflow,176
13.60000038146973,920048328_VA,TSS,Outflow,176
4.0,920048328_VA,TSS,Outflow,176
8.399999618530273,920048328_VA,TSS,Outflow,177
13.60000038146973,920048328_VA,TSS,Outflow,177
33.0,920048328_VA,TSS,Outflow,177
17.20000076293945,920048328_VA,TSS,Outflow,177
23.60000038146973,920048328_VA,TSS,Outflow,177
23.60000038146973,920048328_VA,TSS,Outflow,178
13.60000038146973,920048328_VA,TSS,Outflow,178
6.0,920048328_VA,TSS,Outflow,178
3.200000047683716,920048328_VA,TSS,Outflow,178
61.0,920048328_VA,TSS,Outflow,178
22.0,920048328_VA,TSS,Outflow,179
9.5,920048328_VA,TSS,Outflow,179
8.0,920048328_VA,TSS,Outflow,179
10.0,920048328_VA,TSS,Outflow,179
4.0,920048328_VA,TSS,Outflow,179
13.60000038146973,920048328_VA,TSS,Outflow,180
28.0,920048328_VA,TSS,Outflow,180
3.200000047683716,920048328_VA,TSS,Outflow,180
39.0,920048328_VA,TSS,Outflow,180
18.0,920048328_VA,TSS,Outflow,180
10.0,920048328_VA,TSS,Outflow,181
33.0,920048328_VA,TSS,Outflow,181
4.400000095367432,920048328_VA,TSS,Outflow,181
6.0,920048328_VA,TSS,Outflow,181
83.0,920048328_VA,TSS,Outflow,181
23.60000038146973,920048328_VA,TSS,Outflow,182
10.0,920048328_VA,TSS,Outflow,182
8.0,920048328_VA,TSS,Outflow,182
6.400000095367432,920048328_VA,TSS,Outflow,182
28.0,920048328_VA,TSS,Outflow,182
6.0,920048328_VA,TSS,Outflow,183
18.0,920048328_VA,TSS,Outflow,183
4.400000095367432,920048328_VA,TSS,Outflow,183
15.19999980926514,920048328_VA,TSS,Outflow,183
17.20000076293945,920048328_VA,TSS,Outflow,183
17.20000076293945,920048328_VA,TSS,Outflow,184
15.19999980926514,920048328_VA,TSS,Outflow,184
61.0,920048328_VA,TSS,Outflow,184
36.0,920048328_VA,TSS,Outflow,184
13.60000038146973,920048328_VA,TSS,Outflow,184
4.0,920048328_VA,TSS,Outflow,185
15.60000038146973,920048328_VA,TSS,Outflow,185
6.0,920048328_VA,TSS,Outflow,185
83.0,920048328_VA,TSS,Outflow,185
17.20000076293945,920048328_VA,TSS,Outflow,185
33.0,920048328_VA,TSS,Outflow,186
13.60000038146973,920048328_VA,TSS,Outflow,186
22.0,920048328_VA,TSS,Outflow,186
18.0,920048328_VA,TSS,Outflow,186
8.800000190734863,920048328_VA,TSS,Outflow,186
18.0,920048328_VA,TSS,Outflow,187
168.0,920048328_VA,TSS,Outflow,187
16.39999961853027,920048328_VA,TSS,Outflow,187
22.0,920048328_VA,TSS,Outflow,187
8.800000190734863,920048328_VA,TSS,Outflow,187
16.39999961853027,920048328_VA,TSS,Outflow,188
15.19999980926514,920048328_VA,TSS,Outflow,188
33.0,920048328_VA,TSS,Outflow,188
10.0,920048328_VA,TSS,Outflow,188
6.400000095367432,920048328_VA,TSS,Outflow,188
39.0,920048328_VA,TSS,Outflow,189
3.200000047683716,920048328_VA,TSS,Outflow,189
6.0,920048328_VA,TSS,Outflow,189
8.800000190734863,920048328_VA,TSS,Outflow,189
15.60000038146973,920048328_VA,TSS,Outflow,189
39.0,920048328_VA,TSS,Outflow,190
22.0,920048328_VA,TSS,Outflow,190
33.0,920048328_VA,TSS,Outflow,190
18.0,920048328_VA,TSS,Outflow,190
28.0,920048328_VA,TSS,Outflow,190
83.0,920048328_VA,TSS,Outflow,191
36.0,920048328_VA,TSS,Outflow,191
6.0,920048328_VA,TSS,Outflow,191
18.0,920048328_VA,TSS,Outflow,191
13.60000038146973,920048328_VA,TSS,Outflow,191
10.0,920048328_VA,TSS,Outflow,192
5.599999904632568,920048328_VA,TSS,Outflow,192
8.800000190734863,920048328_VA,TSS,Outflow,192
168.0,920048328_VA,TSS,Outflow,192
15.19999980926514,920048328_VA,TSS,Outflow,192
10.0,920048328_VA,TSS,Outflow,193
12.80000019073486,920048328_VA,TSS,Outflow,193
18.0,920048328_VA,TSS,Outflow,193
15.60000038146973,920048328_VA,TSS,Outflow,193
18.0,920048328_VA,TSS,Outflow,193
13.60000038146973,920048328_VA,TSS,Outflow,194
8.800000190734863,920048328_VA,TSS,Outflow,194
10.0,920048328_VA,TSS,Outflow,194
168.0,920048328_VA,TSS,Outflow,194
6.0,920048328_VA,TSS,Outflow,194
18.0,920048328_VA,TSS,Outflow,195
22.0,920048328_VA,TSS,Outflow,195
6.400000095367432,920048328_VA,TSS,Outflow,195
17.20000076293945,920048328_VA,TSS,Outflow,195
39.0,920048328_VA,TSS,Outflow,195
13.60000038146973,920048328_VA,TSS,Outflow,196
83.0,920048328_VA,TSS,Outflow,196
3.599999904632568,920048328_VA,TSS,Outflow,196
6.0,920048328_VA,TSS,Outflow,196
18.0,920048328_VA,TSS,Outflow,196
15.60000038146973,920048328_VA,TSS,Outflow,197
36.0,920048328_VA,TSS,Outflow,197
47.0,920048328_VA,TSS,Outflow,197
12.80000019073486,920048328_VA,TSS,Outflow,197
15.19999980926514,920048328_VA,TSS,Outflow,197
3.200000047683716,920048328_VA,TSS,Outflow,198
10.0,920048328_VA,TSS,Outflow,198
10.0,920048328_VA,TSS,Outflow,198
15.19999980926514,920048328_VA,TSS,Outflow,198
39.0,920048328_VA,TSS,Outflow,198
18.0,920048328_VA,TSS,Outflow,199
8.399999618530273,920048328_VA,TSS,Outflow,199
3.200000047683716,920048328_VA,TSS,Outflow,199
10.0,920048328_VA,TSS,Outflow,199
3.599999904632568,920048328_VA,TSS,Outflow,199
23.60000038146973,920048328_VA,TSS,Outflow,200
28.0,920048328_VA,TSS,Outflow,200
18.0,920048328_VA,TSS,Outflow,200
5.599999904632568,920048328_VA,TSS,Outflow,200
36.0,920048328_VA,TSS,Outflow,200
15.60000038146973,920048328_VA,TSS,Outflow,201
39.0,920048328_VA,TSS,Outflow,201
12.80000019073486,920048328_VA,TSS,Outflow,201
6.400000095367432,920048328_VA,TSS,Outflow,201
168.0,920048328_VA,TSS,Outflow,201
9.5,920048328_VA,TSS,Outflow,202
47.0,920048328_VA,TSS,Outflow,202
168.0,920048328_VA,TSS,Outflow,202
17.20000076293945,920048328_VA,TSS,Outflow,202
3.599999904632568,920048328_VA,TSS,Outflow,202
18.0,920048328_VA,TSS,Outflow,203
15.19999980926514,920048328_VA,TSS,Outflow,203
3.200000047683716,920048328_VA,TSS,Outflow,203
39.0,920048328_VA,TSS,Outflow,203
28.0,920048328_VA,TSS,Outflow,203
15.60000038146973,920048328_VA,TSS,Outflow,204
16.39999961853027,920048328_VA,TSS,Outflow,204
12.80000019073486,920048328_VA,TSS,Outflow,204
18.0,920048328_VA,TSS,Outflow,204
22.0,920048328_VA,TSS,Outflow,204
16.39999961853027,920048328_VA,TSS,Outflow,205
15.19999980926514,920048328_VA,TSS,Outflow,205
18.0,920048328_VA,TSS,Outflow,205
83.0,920048328_VA,TSS,Outflow,205
4.400000095367432,920048328_VA,TSS,Outflow,205
8.800000190734863,920048328_VA,TSS,Outflow,206
10.0,920048328_VA,TSS,Outflow,206
18.0,920048328_VA,TSS,Outflow,206
8.0,920048328_VA,TSS,Outflow,206
83.0,920048328_VA,TSS,Outflow,206
5.599999904632568,920048328_VA,TSS,Outflow,207
10.0,920048328_VA,TSS,Outflow,207
13.60000038146973,920048328_VA,TSS,Outflow,207
16.39999961853027,920048328_VA,TSS,Outflow,207
6.0,920048328_VA,TSS,Outflow,207
22.0,920048328_VA,TSS,Outflow,208
9.5,920048328_VA,TSS,Outflow,208
15.19999980926514,920048328_VA,TSS,Outflow,208
8.800000190734863,920048328_VA,TSS,Outflow,208
18.0,920048328_VA,TSS,Outflow,208
12.80000019073486,920048328_VA,TSS,Outflow,209
22.0,920048328_VA,TSS,Outflow,209
13.60000038146973,920048328_VA,TSS,Outflow,209
83.0,920048328_VA,TSS,Outflow,209
8.0,920048328_VA,TSS,Outflow,209
18.0,920048328_VA,TSS,Outflow,210
3.200000047683716,920048328_VA,TSS,Outflow,210
83.0,920048328_VA,TSS,Outflow,210
15.19999980926514,920048328_VA,TSS,Outflow,210
28.0,920048328_VA,TSS,Outflow,210
36.0,920048328_VA,TSS,Outflow,211
168.0,920048328_VA,TSS,Outflow,211
6.0,920048328_VA,TSS,Outflow,211
28.0,920048328_VA,TSS,Outflow,211
61.0,920048328_VA,TSS,Outflow,211
18.0,920048328_VA,TSS,Outflow,212
83.0,920048328_VA,TSS,Outflow,212
10.0,920048328_VA,TSS,Outflow,212
5.599999904632568,920048328_VA,TSS,Outflow,212
36.0,920048328_VA,TSS,Outflow,212
5.599999904632568,920048328_VA,TSS,Outflow,213
4.0,920048328_VA,TSS,Outflow,213
6.400000095367432,920048328_VA,TSS,Outflow,213
8.800000190734863,920048328_VA,TSS,Outflow,213
36.0,920048328_VA,TSS,Outflow,213
47.0,920048328_VA,TSS,Outflow,214
18.0,920048328_VA,TSS,Outflow,214
8.399999618530273,920048328_VA,TSS,Outflow,214
15.19999980926514,920048328_VA,TSS,Outflow,214
8.800000190734863,920048328_VA,TSS,Outflow,214
18.0,920048328_VA,TSS,Outflow,215
3.599999904632568,920048328_VA,TSS,Outflow,215
17.20000076293945,920048328_VA,TSS,Outflow,215
61.0,920048328_VA,TSS,Outflow,215
36.0,920048328_VA,TSS,Outflow,215
18.0,920048328_VA,TSS,Outflow,216
15.19999980926514,920048328_VA,TSS,Outflow,216
6.0,920048328_VA,TSS,Outflow,216
8.0,920048328_VA,TSS,Outflow,216
23.60000038146973,920048328_VA,TSS,Outflow,216
13.60000038146973,920048328_VA,TSS,Outflow,217
61.0,920048328_VA,TSS,Outflow,217
39.0,920048328_VA,TSS,Outflow,217
15.60000038146973,920048328_VA,TSS,Outflow,217
6.0,920048328_VA,TSS,Outflow,217
3.599999904632568,920048328_VA,TSS,Outflow,218
28.0,920048328_VA,TSS,Outflow,218
8.0,920048328_VA,TSS,Outflow,218
18.0,920048328_VA,TSS,Outflow,218
6.0,920048328_VA,TSS,Outflow,218
6.400000095367432,920048328_VA,TSS,Outflow,219
17.20000076293945,920048328_VA,TSS,Outflow,219
6.0,920048328_VA,TSS,Outflow,219
15.19999980926514,920048328_VA,TSS,Outflow,219
23.60000038146973,920048328_VA,TSS,Outflow,219
18.0,920048328_VA,TSS,Outflow,220
3.599999904632568,920048328_VA,TSS,Outflow,220
83.0,920048328_VA,TSS,Outflow,220
39.0,920048328_VA,TSS,Outflow,220
8.0,920048328_VA,TSS,Outflow,220
18.0,920048328_VA,TSS,Outflow,221
83.0,920048328_VA,TSS,Outflow,221
8.0,920048328_VA,TSS,Outflow,221
5.599999904632568,920048328_VA,TSS,Outflow,221
168.0,920048328_VA,TSS,Outflow,221
4.0,920048328_VA,TSS,Outflow,222
168.0,920048328_VA,TSS,Outflow,222
10.0,920048328_VA,TSS,Outflow,222
15.60000038146973,920048328_VA,TSS,Outflow,222
61.0,920048328_VA,TSS,Outflow,222
4.400000095367432,920048328_VA,TSS,Outflow,223
8.800000190734863,920048328_VA,TSS,Outflow,223
13.60000038146973,920048328_VA,TSS,Outflow,223
22.0,920048328_VA,TSS,Outflow,223
5.599999904632568,920048328_VA,TSS,Outflow,223
9.5,920048328_VA,TSS,Outflow,224
18.0,920048328_VA,TSS,Outflow,224
8.399999618530273,920048328_VA,TSS,Outflow,224
47.0,920048328_VA,TSS,Outflow,224
4.400000095367432,920048328_VA,TSS,Outflow,224
3.200000047683716,920048328_VA,TSS,Outflow,225
18.0,920048328_VA,TSS,Outflow,225
16.39999961853027,920048328_VA,TSS,Outflow,225
8.0,920048328_VA,TSS,Outflow,225
47.0,920048328_VA,TSS,Outflow,225
6.0,920048328_VA,TSS,Outflow,226
168.0,920048328_VA,TSS,Outflow,226
4.0,920048328_VA,TSS,Outflow,226
39.0,920048328_VA,TSS,Outflow,226
10.0,920048328_VA,TSS,Outflow,226
15.19999980926514,920048328_VA,TSS,Outflow,227
33.0,920048328_VA,TSS,Outflow,227
17.20000076293945,920048328_VA,TSS,Outflow,227
168.0,920048328_VA,TSS,Outflow,227
28.0,920048328_VA,TSS,Outflow,227
12.80000019073486,920048328_VA,TSS,Outflow,228
9.5,920048328_VA,TSS,Outflow,228
15.60000038146973,920048328_VA,TSS,Outflow,228
18.0,920048328_VA,TSS,Outflow,228
22.0,920048328_VA,TSS,Outflow,228
18.0,920048328_VA,TSS,Outflow,229
6.400000095367432,920048328_VA,TSS,Outflow,229
18.0,920048328_VA,TSS,Outflow,229
8.800000190734863,920048328_VA,TSS,Outflow,229
15.19999980926514,920048328_VA,TSS,Outflow,229
3.599999904632568,920048328_VA,TSS,Outflow,230
23.60000038146973,920048328_VA,TSS,Outflow,230
6.0,920048328_VA,TSS,Outflow,230
18.0,920048328_VA,TSS,Outflow,230
4.400000095367432,920048328_VA,TSS,Outflow,230
10.0,920048328_VA,TSS,Outflow,231
9.5,920048328_VA,TSS,Outflow,231
6.0,920048328_VA,TSS,Outflow,231
10.0,920048328_VA,TSS,Outflow,231
83.0,920048328_VA,TSS,Outflow,231
9.5,920048328_VA,TSS,Outflow,232
168.0,920048328_VA,TSS,Outflow,232
5.599999904632568,920048328_VA,TSS,Outflow,232
61.0,920048328_VA,TSS,Outflow,232
22.0,920048328_VA,TSS,Outflow,232
8.399999618530273,920048328_VA,TSS,Outflow,233
16.39999961853027,920048328_VA,TSS,Outflow,233
23.60000038146973,920048328_VA,TSS,Outflow,233
6.0,920048328_VA,TSS,Outflow,233
6.400000095367432,920048328_VA,TSS,Outflow,233
6.400000095367432,920048328_VA,TSS,Outflow,234
15.60000038146973,920048328_VA,TSS,Outflow,234
36.0,920048328_VA,TSS,Outflow,234
8.399999618530273,920048328_VA,TSS,Outflow,234
3.599999904632568,920048328_VA,TSS,Outflow,234
23.60000038146973,920048328_VA,TSS,Outflow,235
3.200000047683716,920048328_VA,TSS,Outflow,235
10.0,920048328_VA,TSS,Outflow,235
39.0,920048328_VA,TSS,Outflow,235
13.60000038146973,920048328_VA,TSS,Outflow,235
8.399999618530273,920048328_VA,TSS,Outflow,236
18.0,920048328_VA,TSS,Outflow,236
6.0,920048328_VA,TSS,Outflow,236
10.0,920048328_VA,TSS,Outflow,236
83.0,920048328_VA,TSS,Outflow,236
47.0,920048328_VA,TSS,Outflow,237
39.0,920048328_VA,TSS,Outflow,237
15.19999980926514,920048328_VA,TSS,Outflow,237
10.0,920048328_VA,TSS,Outflow,237
8.800000190734863,920048328_VA,TSS,Outflow,237
9.5,920048328_VA,TSS,Outflow,238
33.0,920048328_VA,TSS,Outflow,238
6.0,920048328_VA,TSS,Outflow,238
15.60000038146973,920048328_VA,TSS,Outflow,238
18.0,920048328_VA,TSS,Outflow,238
8.399999618530273,920048328_VA,TSS,Outflow,239
4.400000095367432,920048328_VA,TSS,Outflow,239
33.0,920048328_VA,TSS,Outflow,239
15.19999980926514,920048328_VA,TSS,Outflow,239
18.0,920048328_VA,TSS,Outflow,239
83.0,920048328_VA,TSS,Outflow,240
15.60000038146973,920048328_VA,TSS,Outflow,240
61.0,920048328_VA,TSS,Outflow,240
23.60000038146973,920048328_VA,TSS,Outflow,240
39.0,920048328_VA,TSS,Outflow,240
6.0,920048328_VA,TSS,Outflow,241
16.39999961853027,920048328_VA,TSS,Outflow,241
18.0,920048328_VA,TSS,Outflow,241
22.0,920048328_VA,TSS,Outflow,241
10.0,920048328_VA,TSS,Outflow,241
18.0,920048328_VA,TSS,Outflow,242
47.0,920048328_VA,TSS,Outflow,242
39.0,920048328_VA,TSS,Outflow,242
8.800000190734863,920048328_VA,TSS,Outflow,242
3.599999904632568,920048328_VA,TSS,Outflow,242
17.20000076293945,920048328_VA,TSS,Outflow,243
16.39999961853027,920048328_VA,TSS,Outflow,243
5.599999904632568,920048328_VA,TSS,Outflow,243
18.0,920048328_VA,TSS,Outflow,243
8.800000190734863,920048328_VA,TSS,Outflow,243
83.0,920048328_VA,TSS,Outflow,244
18.0,920048328_VA,TSS,Outflow,244
17.20000076293945,920048328_VA,TSS,Outflow,244
23.60000038146973,920048328_VA,TSS,Outflow,244
47.0,920048328_VA,TSS,Outflow,244
8.399999618530273,920048328_VA,TSS,Outflow,245
18.0,920048328_VA,TSS,Outflow,245
8.800000190734863,920048328_VA,TSS,Outflow,245
10.0,920048328_VA,TSS,Outflow,245
4.0,920048328_VA,TSS,Outflow,245
61.0,920048328_VA,TSS,Outflow,246
36.0,920048328_VA,TSS,Outflow,246
83.0,920048328_VA,TSS,Outflow,246
8.399999618530273,920048328_VA,TSS,Outflow,246
9.5,920048328_VA,TSS,Outflow,246
3.200000047683716,920048328_VA,TSS,Outflow,247
8.800000190734863,920048328_VA,TSS,Outflow,247
13.60000038146973,920048328_VA,TSS,Outflow,247
8.399999618530273,920048328_VA,TSS,Outflow,247
47.0,920048328_VA,TSS,Outflow,247
18.0,920048328_VA,TSS,Outflow,248
9.5,920048328_VA,TSS,Outflow,248
36.0,920048328_VA,TSS,Outflow,248
83.0,920048328_VA,TSS,Outflow,248
15.60000038146973,920048328_VA,TSS,Outflow,248
15.19999980926514,920048328_VA,TSS,Outflow,249
15.60000038146973,920048328_VA,TSS,Outflow,249
8.800000190734863,920048328_VA,TSS,Outflow,249
6.0,920048328_VA,TSS,Outflow,249
5.599999904632568,920048328_VA,TSS,Outflow,249
12.80000019073486,920048328_VA,TSS,Outflow,250
13.60000038146973,920048328_VA,TSS,Outflow,250
9.5,920048328_VA,TSS,Outflow,250
15.60000038146973,920048328_VA,TSS,Outflow,250
22.0,920048328_VA,TSS,Outflow,250
168.0,920048328_VA,TSS,Outflow,251
6.0,920048328_VA,TSS,Outflow,251
15.19999980926514,920048328_VA,TSS,Outflow,251
33.0,920048328_VA,TSS,Outflow,251
12.80000019073486,920048328_VA,TSS,Outflow,251
6.400000095367432,920048328_VA,TSS,Outflow,252
10.0,920048328_VA,TSS,Outflow,252
36.0,920048328_VA,TSS,Outflow,252
10.0,920048328_VA,TSS,Outflow,252
18.0,920048328_VA,TSS,Outflow,252
33.0,920048328_VA,TSS,Outflow,253
5.599999904632568,920048328_VA,TSS,Outflow,253
39.0,920048328_VA,TSS,Outflow,253
22.0,920048328_VA,TSS,Outflow,253
28.0,920048328_VA,TSS,Outflow,253
28.0,920048328_VA,TSS,Outflow,254
18.0,920048328_VA,TSS,Outflow,254
33.0,920048328_VA,TSS,Outflow,254
18.0,920048328_VA,TSS,Outflow,254
4.400000095367432,920048328_VA,TSS,Outflow,254
16.39999961853027,920048328_VA,TSS,Outflow,255
3.200000047683716,920048328_VA,TSS,Outflow,255
3.599999904632568,920048328_VA,TSS,Outflow,255
18.0,920048328_VA,TSS,Outflow,255
6.0,920048328_VA,TSS,Outflow,255
33.0,920048328_VA,TSS,Outflow,256
4.400000095367432,920048328_VA,TSS,Outflow,256
5.599999904632568,920048328_VA,TSS,Outflow,256
15.19999980926514,920048328_VA,TSS,Outflow,256
9.5,920048328_VA,TSS,Outflow,256
8.0,920048328_VA,TSS,Outflow,257
4.0,920048328_VA,TSS,Outflow,257
15.60000038146973,920048328_VA,TSS,Outflow,257
39.0,920048328_VA,TSS,Outflow,257
10.0,920048328_VA,TSS,Outflow,257
15.19999980926514,920048328_VA,TSS,Outflow,258
8.399999618530273,920048328_VA,TSS,Outflow,258
61.0,920048328_VA,TSS,Outflow,258
168.0,920048328_VA,TSS,Outflow,258
15.60000038146973,920048328_VA,TSS,Outflow,258
12.80000019073486,920048328_VA,TSS,Outflow,259
39.0,920048328_VA,TSS,Outflow,259
8.0,920048328_VA,TSS,Outflow,259
4.0,920048328_VA,TSS,Outflow,259
18.0,920048328_VA,TSS,Outflow,259
6.0,920048328_VA,TSS,Outflow,260
4.400000095367432,920048328_VA,TSS,Outflow,260
15.19999980926514,920048328_VA,TSS,Outflow,260
8.800000190734863,920048328_VA,TSS,Outflow,260
9.5,920048328_VA,TSS,Outflow,260
3.200000047683716,920048328_VA,TSS,Outflow,261
23.60000038146973,920048328_VA,TSS,Outflow,261
4.0,920048328_VA,TSS,Outflow,261
61.0,920048328_VA,TSS,Outflow,261
6.0,920048328_VA,TSS,Outflow,261
3.200000047683716,920048328_VA,TSS,Outflow,262
15.19999980926514,920048328_VA,TSS,Outflow,262
17.20000076293945,920048328_VA,TSS,Outflow,262
18.0,920048328_VA,TSS,Outflow,262
8.0,920048328_VA,TSS,Outflow,262
39.0,920048328_VA,TSS,Outflow,263
61.0,920048328_VA,TSS,Outflow,263
4.0,920048328_VA,TSS,Outflow,263
28.0,920048328_VA,TSS,Outflow,263
168.0,920048328_VA,TSS,Outflow,263
10.0,920048328_VA,TSS,Outflow,264
6.400000095367432,920048328_VA,TSS,Outflow,264
8.800000190734863,920048328_VA,TSS,Outflow,264
15.60000038146973,920048328_VA,TSS,Outflow,264
15.19999980926514,920048328_VA,TSS,Outflow,264
10.0,920048328_VA,TSS,Outflow,265
33.0,920048328_VA,TSS,Outflow,265
13.60000038146973,920048328_VA,TSS,Outflow,265
6.400000095367432,920048328_VA,TSS,Outflow,265
83.0,920048328_VA,TSS,Outflow,265
3.200000047683716,920048328_VA,TSS,Outflow,266
28.0,920048328_VA,TSS,Outflow,266
15.19999980926514,920048328_VA,TSS,Outflow,266
8.0,920048328_VA,TSS,Outflow,266
6.0,920048328_VA,TSS,Outflow,266
15.19999980926514,920048328_VA,TSS,Outflow,267
36.0,920048328_VA,TSS,Outflow,267
10.0,920048328_VA,TSS,Outflow,267
33.0,920048328_VA,TSS,Outflow,267
18.0,920048328_VA,TSS,Outflow,267
22.0,920048328_VA,TSS,Outflow,268
28.0,920048328_VA,TSS,Outflow,268
3.200000047683716,920048328_VA,TSS,Outflow,268
61.0,920048328_VA,TSS,Outflow,268
47.0,920048328_VA,TSS,Outflow,268
15.60000038146973,920048328_VA,TSS,Outflow,269
18.0,920048328_VA,TSS,Outflow,269
3.200000047683716,920048328_VA,TSS,Outflow,269
22.0,920048328_VA,TSS,Outflow,269
10.0,920048328_VA,TSS,Outflow,269
18.0,920048328_VA,TSS,Outflow,270
36.0,920048328_VA,TSS,Outflow,270
3.599999904632568,920048328_VA,TSS,Outflow,270
5.599999904632568,920048328_VA,TSS,Outflow,270
83.0,920048328_VA,TSS,Outflow,270
3.599999904632568,920048328_VA,TSS,Outflow,271
22.0,920048328_VA,TSS,Outflow,271
6.400000095367432,920048328_VA,TSS,Outflow,271
4.0,920048328_VA,TSS,Outflow,271
18.0,920048328_VA,TSS,Outflow,271
8.0,920048328_VA,TSS,Outflow,272
16.39999961853027,920048328_VA,TSS,Outflow,272
23.60000038146973,920048328_VA,TSS,Outflow,272
33.0,920048328_VA,TSS,Outflow,272
18.0,920048328_VA,TSS,Outflow,272
18.0,920048328_VA,TSS,Outflow,273
9.5,920048328_VA,TSS,Outflow,273
61.0,920048328_VA,TSS,Outflow,273
8.800000190734863,920048328_VA,TSS,Outflow,273
18.0,920048328_VA,TSS,Outflow,273
15.19999980926514,920048328_VA,TSS,Outflow,274
83.0,920048328_VA,TSS,Outflow,274
17.20000076293945,920048328_VA,TSS,Outflow,274
3.599999904632568,920048328_VA,TSS,Outflow,274
15.19999980926514,920048328_VA,TSS,Outflow,274
168.0,920048328_VA,TSS,Outflow,275
13.60000038146973,920048328_VA,TSS,Outflow,275
17.20000076293945,920048328_VA,TSS,Outflow,275
6.400000095367432,920048328_VA,TSS,Outflow,275
28.0,920048328_VA,TSS,Outflow,275
17.20000076293945,920048328_VA,TSS,Outflow,276
6.0,920048328_VA,TSS,Outflow,276
9.5,920048328_VA,TSS,Outflow,276
36.0,920048328_VA,TSS,Outflow,276
3.599999904632568,920048328_VA,TSS,Outflow,276
33.0,920048328_VA,TSS,Outflow,277
18.0,920048328_VA,TSS,Outflow,277
4.0,920048328_VA,TSS,Outflow,277
13.60000038146973,920048328_VA,TSS,Outflow,277
15.19999980926514,920048328_VA,TSS,Outflow,277
33.0,920048328_VA,TSS,Outflow,278
18.0,920048328_VA,TSS,Outflow,278
36.0,920048328_VA,TSS,Outflow,278
8.800000190734863,920048328_VA,TSS,Outflow,278
5.599999904632568,920048328_VA,TSS,Outflow,278
9.5,920048328_VA,TSS,Outflow,279
16.39999961853027,920048328_VA,TSS,Outflow,279
36.0,920048328_VA,TSS,Outflow,279
28.0,920048328_VA,TSS,Outflow,279
15.60000038146973,920048328_VA,TSS,Outflow,279
16.39999961853027,920048328_VA,TSS,Outflow,280
6.400000095367432,920048328_VA,TSS,Outflow,280
6.0,920048328_VA,TSS,Outflow,280
6.0,920048328_VA,TSS,Outflow,280
33.0,920048328_VA,TSS,Outflow,280
36.0,920048328_VA,TSS,Outflow,281
83.0,920048328_VA,TSS,Outflow,281
15.19999980926514,920048328_VA,TSS,Outflow,281
10.0,920048328_VA,TSS,Outflow,281
8.800000190734863,920048328_VA,TSS,Outflow,281
12.80000019073486,920048328_VA,TSS,Outflow,282
8.800000190734863,920048328_VA,TSS,Outflow,282
3.200000047683716,920048328_VA,TSS,Outflow,282
18.0,920048328_VA,TSS,Outflow,282
39.0,920048328_VA,TSS,Outflow,282
6.0,920048328_VA,TSS,Outflow,283
33.0,920048328_VA,TSS,Outflow,283
3.200000047683716,920048328_VA,TSS,Outflow,283
83.0,920048328_VA,TSS,Outflow,283
47.0,920048328_VA,TSS,Outflow,283
6.0,920048328_VA,TSS,Outflow,284
3.599999904632568,920048328_VA,TSS,Outflow,284
17.20000076293945,920048328_VA,TSS,Outflow,284
33.0,920048328_VA,TSS,Outflow,284
168.0,920048328_VA,TSS,Outflow,284
23.60000038146973,920048328_VA,TSS,Outflow,285
15.19999980926514,920048328_VA,TSS,Outflow,285
18.0,920048328_VA,TSS,Outflow,285
39.0,920048328_VA,TSS,Outflow,285
12.80000019073486,920048328_VA,TSS,Outflow,285
23.60000038146973,920048328_VA,TSS,Outflow,286
10.0,920048328_VA,TSS,Outflow,286
13.60000038146973,920048328_VA,TSS,Outflow,286
4.0,920048328_VA,TSS,Outflow,286
5.599999904632568,920048328_VA,TSS,Outflow,286
33.0,920048328_VA,TSS,Outflow,287
28.0,920048328_VA,TSS,Outflow,287
18.0,920048328_VA,TSS,Outflow,287
9.5,920048328_VA,TSS,Outflow,287
16.39999961853027,920048328_VA,TSS,Outflow,287
4.400000095367432,920048328_VA,TSS,Outflow,288
15.19999980926514,920048328_VA,TSS,Outflow,288
47.0,920048328_VA,TSS,Outflow,288
8.399999618530273,920048328_VA,TSS,Outflow,288
15.19999980926514,920048328_VA,TSS,Outflow,288
3.599999904632568,920048328_VA,TSS,Outflow,289
6.400000095367432,920048328_VA,TSS,Outflow,289
6.0,920048328_VA,TSS,Outflow,289
23.60000038146973,920048328_VA,TSS,Outflow,289
10.0,920048328_VA,TSS,Outflow,289
36.0,920048328_VA,TSS,Outflow,290
17.20000076293945,920048328_VA,TSS,Outflow,290
15.19999980926514,920048328_VA,TSS,Outflow,290
47.0,920048328_VA,TSS,Outflow,290
23.60000038146973,920048328_VA,TSS,Outflow,290
8.800000190734863,920048328_VA,TSS,Outflow,291
18.0,920048328_VA,TSS,Outflow,291
168.0,920048328_VA,TSS,Outflow,291
15.60000038146973,920048328_VA,TSS,Outflow,291
9.5,920048328_VA,TSS,Outflow,291
5.599999904632568,920048328_VA,TSS,Outflow,292
47.0,920048328_VA,TSS,Outflow,292
18.0,920048328_VA,TSS,Outflow,292
23.60000038146973,920048328_VA,TSS,Outflow,292
17.20000076293945,920048328_VA,TSS,Outflow,292
15.19999980926514,920048328_VA,TSS,Outflow,293
28.0,920048328_VA,TSS,Outflow,293
18.0,920048328_VA,TSS,Outflow,293
168.0,920048328_VA,TSS,Outflow,293
4.0,920048328_VA,TSS,Outflow,293
33.0,920048328_VA,TSS,Outflow,294
18.0,920048328_VA,TSS,Outflow,294
6.400000095367432,920048328_VA,TSS,Outflow,294
4.0,920048328_VA,TSS,Outflow,294
8.399999618530273,920048328_VA,TSS,Outflow,294
15.60000038146973,920048328_VA,TSS,Outflow,295
6.400000095367432,920048328_VA,TSS,Outflow,295
23.60000038146973,920048328_VA,TSS,Outflow,295
3.599999904632568,920048328_VA,TSS,Outflow,295
39.0,920048328_VA,TSS,Outflow,295
18.0,920048328_VA,TSS,Outflow,296
47.0,920048328_VA,TSS,Outflow,296
23.60000038146973,920048328_VA,TSS,Outflow,296
9.5,920048328_VA,TSS,Outflow,296
18.0,920048328_VA,TSS,Outflow,296
6.0,920048328_VA,TSS,Outflow,297
10.0,920048328_VA,TSS,Outflow,297
8.399999618530273,920048328_VA,TSS,Outflow,297
16.39999961853027,920048328_VA,TSS,Outflow,297
13.60000038146973,920048328_VA,TSS,Outflow,297
16.39999961853027,920048328_VA,TSS,Outflow,298
3.599999904632568,920048328_VA,TSS,Outflow,298
61.0,920048328_VA,TSS,Outflow,298
4.400000095367432,920048328_VA,TSS,Outflow,298
18.0,920048328_VA,TSS,Outflow,298
47.0,920048328_VA,TSS,Outflow,299
16.39999961853027,920048328_VA,TSS,Outflow,299
28.0,920048328_VA,TSS,Outflow,299
13.60000038146973,920048328_VA,TSS,Outflow,299
6.0,920048328_VA,TSS,Outflow,299
6.0,920048328_VA,TSS,Outflow,300
28.0,920048328_VA,TSS,Outflow,300
15.19999980926514,920048328_VA,TSS,Outflow,300
39.0,920048328_VA,TSS,Outflow,300
33.0,920048328_VA,TSS,Outflow,300
6.0,920048328_VA,TSS,Outflow,301
10.0,920048328_VA,TSS,Outflow,301
15.60000038146973,920048328_VA,TSS,Outflow,301
6.400000095367432,920048328_VA,TSS,Outflow,301
8.0,920048328_VA,TSS,Outflow,301
10.0,920048328_VA,TSS,Outflow,302
36.0,920048328_VA,TSS,Outflow,302
18.0,920048328_VA,TSS,Outflow,302
4.400000095367432,920048328_VA,TSS,Outflow,302
16.39999961853027,920048328_VA,TSS,Outflow,302
22.0,920048328_VA,TSS,Outflow,303
18.0,920048328_VA,TSS,Outflow,303
6.0,920048328_VA,TSS,Outflow,303
18.0,920048328_VA,TSS,Outflow,303
4.0,920048328_VA,TSS,Outflow,303
4.0,920048328_VA,TSS,Outflow,304
15.19999980926514,920048328_VA,TSS,Outflow,304
8.800000190734863,920048328_VA,TSS,Outflow,304
23.60000038146973,920048328_VA,TSS,Outflow,304
28.0,920048328_VA,TSS,Outflow,304
28.0,920048328_VA,TSS,Outflow,305
22.0,920048328_VA,TSS,Outflow,305
4.400000095367432,920048328_VA,TSS,Outflow,305
33.0,920048328_VA,TSS,Outflow,305
18.0,920048328_VA,TSS,Outflow,305
83.0,920048328_VA,TSS,Outflow,306
9.5,920048328_VA,TSS,Outflow,306
36.0,920048328_VA,TSS,Outflow,306
3.200000047683716,920048328_VA,TSS,Outflow,306
6.0,920048328_VA,TSS,Outflow,306
4.0,920048328_VA,TSS,Outflow,307
6.400000095367432,920048328_VA,TSS,Outflow,307
9.5,920048328_VA,TSS,Outflow,307
61.0,920048328_VA,TSS,Outflow,307
28.0,920048328_VA,TSS,Outflow,307
6.0,920048328_VA,TSS,Outflow,308
8.0,920048328_VA,TSS,Outflow,308
18.0,920048328_VA,TSS,Outflow,308
168.0,920048328_VA,TSS,Outflow,308
12.80000019073486,920048328_VA,TSS,Outflow,308
47.0,920048328_VA,TSS,Outflow,309
5.599999904632568,920048328_VA,TSS,Outflow,309
3.599999904632568,920048328_VA,TSS,Outflow,309
4.0,920048328_VA,TSS,Outflow,309
12.80000019073486,920048328_VA,TSS,Outflow,309
8.800000190734863,920048328_VA,TSS,Outflow,310
18.0,920048328_VA,TSS,Outflow,310
18.0,920048328_VA,TSS,Outflow,310
6.400000095367432,920048328_VA,TSS,Outflow,310
16.39999961853027,920048328_VA,TSS,Outflow,310
4.0,920048328_VA,TSS,Outflow,311
17.20000076293945,920048328_VA,TSS,Outflow,311
39.0,920048328_VA,TSS,Outflow,311
15.19999980926514,920048328_VA,TSS,Outflow,311
8.800000190734863,920048328_VA,TSS,Outflow,311
22.0,920048328_VA,TSS,Outflow,312
4.0,920048328_VA,TSS,Outflow,312
16.39999961853027,920048328_VA,TSS,Outflow,312
23.60000038146973,920048328_VA,TSS,Outflow,312
18.0,920048328_VA,TSS,Outflow,312
168.0,920048328_VA,TSS,Outflow,313
23.60000038146973,920048328_VA,TSS,Outflow,313
18.0,920048328_VA,TSS,Outflow,313
3.200000047683716,920048328_VA,TSS,Outflow,313
9.5,920048328_VA,TSS,Outflow,313
9.5,920048328_VA,TSS,Outflow,314
28.0,920048328_VA,TSS,Outflow,314
18.0,920048328_VA,TSS,Outflow,314
6.400000095367432,920048328_VA,TSS,Outflow,314
3.200000047683716,920048328_VA,TSS,Outflow,314
18.0,920048328_VA,TSS,Outflow,315
9.5,920048328_VA,TSS,Outflow,315
47.0,920048328_VA,TSS,Outflow,315
28.0,920048328_VA,TSS,Outflow,315
6.0,920048328_VA,TSS,Outflow,315
61.0,920048328_VA,TSS,Outflow,316
17.20000076293945,920048328_VA,TSS,Outflow,316
33.0,920048328_VA,TSS,Outflow,316
8.0,920048328_VA,TSS,Outflow,316
6.400000095367432,920048328_VA,TSS,Outflow,316
10.0,920048328_VA,TSS,Outflow,317
6.400000095367432,920048328_VA,TSS,Outflow,317
47.0,920048328_VA,TSS,Outflow,317
15.60000038146973,920048328_VA,TSS,Outflow,317
3.200000047683716,920048328_VA,TSS,Outflow,317
23.60000038146973,920048328_VA,TSS,Outflow,318
4.400000095367432,920048328_VA,TSS,Outflow,318
8.800000190734863,920048328_VA,TSS,Outflow,318
10.0,920048328_VA,TSS,Outflow,318
22.0,920048328_VA,TSS,Outflow,318
5.599999904632568,920048328_VA,TSS,Outflow,319
15.19999980926514,920048328_VA,TSS,Outflow,319
4.0,920048328_VA,TSS,Outflow,319
13.60000038146973,920048328_VA,TSS,Outflow,319
17.20000076293945,920048328_VA,TSS,Outflow,319
168.0,920048328_VA,TSS,Outflow,320
9.5,920048328_VA,TSS,Outflow,320
5.599999904632568,920048328_VA,TSS,Outflow,320
17.20000076293945,920048328_VA,TSS,Outflow,320
6.0,920048328_VA,TSS,Outflow,320
9.5,920048328_VA,TSS,Outflow,321
47.0,920048328_VA,TSS,Outflow,321
5.599999904632568,920048328_VA,TSS,Outflow,321
83.0,920048328_VA,TSS,Outflow,321
18.0,920048328_VA,TSS,Outflow,321
33.0,920048328_VA,TSS,Outflow,322
10.0,920048328_VA,TSS,Outflow,322
8.399999618530273,920048328_VA,TSS,Outflow,322
47.0,920048328_VA,TSS,Outflow,322
13.60000038146973,920048328_VA,TSS,Outflow,322
83.0,920048328_VA,TSS,Outflow,323
22.0,920048328_VA,TSS,Outflow,323
10.0,920048328_VA,TSS,Outflow,323
4.400000095367432,920048328_VA,TSS,Outflow,323
18.0,920048328_VA,TSS,Outflow,323
61.0,920048328_VA,TSS,Outflow,324
23.60000038146973,920048328_VA,TSS,Outflow,324
6.0,920048328_VA,TSS,Outflow,324
47.0,920048328_VA,TSS,Outflow,324
39.0,920048328_VA,TSS,Outflow,324
39.0,920048328_VA,TSS,Outflow,325
3.200000047683716,920048328_VA,TSS,Outflow,325
6.400000095367432,920048328_VA,TSS,Outflow,325
6.0,920048328_VA,TSS,Outflow,325
8.800000190734863,920048328_VA,TSS,Outflow,325
23.60000038146973,920048328_VA,TSS,Outflow,326
8.800000190734863,920048328_VA,TSS,Outflow,326
10.0,920048328_VA,TSS,Outflow,326
15.60000038146973,920048328_VA,TSS,Outflow,326
10.0,920048328_VA,TSS,Outflow,326
12.80000019073486,920048328_VA,TSS,Outflow,327
5.599999904632568,920048328_VA,TSS,Outflow,327
15.60000038146973,920048328_VA,TSS,Outflow,327
16.39999961853027,920048328_VA,TSS,Outflow,327
4.0,920048328_VA,TSS,Outflow,327
23.60000038146973,920048328_VA,TSS,Outflow,328
47.0,920048328_VA,TSS,Outflow,328
10.0,920048328_VA,TSS,Outflow,328
15.19999980926514,920048328_VA,TSS,Outflow,328
36.0,920048328_VA,TSS,Outflow,328
61.0,920048328_VA,TSS,Outflow,329
4.400000095367432,920048328_VA,TSS,Outflow,329
22.0,920048328_VA,TSS,Outflow,329
13.60000038146973,920048328_VA,TSS,Outflow,329
9.5,920048328_VA,TSS,Outflow,329
8.399999618530273,920048328_VA,TSS,Outflow,330
22.0,920048328_VA,TSS,Outflow,330
13.60000038146973,920048328_VA,TSS,Outflow,330
6.400000095367432,920048328_VA,TSS,Outflow,330
33.0,920048328_VA,TSS,Outflow,330
3.200000047683716,920048328_VA,TSS,Outflow,331
17.20000076293945,920048328_VA,TSS,Outflow,331
16.39999961853027,920048328_VA,TSS,Outflow,331
12.80000019073486,920048328_VA,TSS,Outflow,331
18.0,920048328_VA,TSS,Outflow,331
22.0,920048328_VA,TSS,Outflow,332
8.800000190734863,920048328_VA,TSS,Outflow,332
17.20000076293945,920048328_VA,TSS,Outflow,332
23.60000038146973,920048328_VA,TSS,Outflow,332
10.0,920048328_VA,TSS,Outflow,332
8.800000190734863,920048328_VA,TSS,Outflow,333
13.60000038146973,920048328_VA,TSS,Outflow,333
15.19999980926514,920048328_VA,TSS,Outflow,333
6.0,920048328_VA,TSS,Outflow,333
8.399999618530273,920048328_VA,TSS,Outflow,333
10.0,920048328_VA,TSS,Outflow,334
15.60000038146973,920048328_VA,TSS,Outflow,334
4.0,920048328_VA,TSS,Outflow,334
15.19999980926514,920048328_VA,TSS,Outflow,334
168.0,920048328_VA,TSS,Outflow,334
8.800000190734863,920048328_VA,TSS,Outflow,335
8.399999618530273,920048328_VA,TSS,Outflow,335
15.19999980926514,920048328_VA,TSS,Outflow,335
8.0,920048328_VA,TSS,Outflow,335
16.39999961853027,920048328_VA,TSS,Outflow,335
9.5,920048328_VA,TSS,Outflow,336
3.599999904632568,920048328_VA,TSS,Outflow,336
15.60000038146973,920048328_VA,TSS,Outflow,336
10.0,920048328_VA,TSS,Outflow,336
16.39999961853027,920048328_VA,TSS,Outflow,336
3.599999904632568,920048328_VA,TSS,Outflow,337
168.0,920048328_VA,TSS,Outflow,337
28.0,920048328_VA,TSS,Outflow,337
15.60000038146973,920048328_VA,TSS,Outflow,337
4.400000095367432,920048328_VA,TSS,Outflow,337
22.0,920048328_VA,TSS,Outflow,338
39.0,920048328_VA,TSS,Outflow,338
10.0,920048328_VA,TSS,Outflow,338
10.0,920048328_VA,TSS,Outflow,338
4.400000095367432,920048328_VA,TSS,Outflow,338
36.0,920048328_VA,TSS,Outflow,339
83.0,920048328_VA,TSS,Outflow,339
18.0,920048328_VA,TSS,Outflow,339
8.399999618530273,920048328_VA,TSS,Outflow,339
4.400000095367432,920048328_VA,TSS,Outflow,339
36.0,920048328_VA,TSS,Outflow,340
8.800000190734863,920048328_VA,TSS,Outflow,340
12.80000019073486,920048328_VA,TSS,Outflow,340
39.0,920048328_VA,TSS,Outflow,340
13.60000038146973,920048328_VA,TSS,Outflow,340
12.80000019073486,920048328_VA,TSS,Outflow,341
36.0,920048328_VA,TSS,Outflow,341
15.19999980926514,920048328_VA,TSS,Outflow,341
18.0,920048328_VA,TSS,Outflow,341
6.0,920048328_VA,TSS,Outflow,341
5.599999904632568,920048328_VA,TSS,Outflow,342
8.0,920048328_VA,TSS,Outflow,342
39.0,920048328_VA,TSS,Outflow,342
36.0,920048328_VA,TSS,Outflow,342
47.0,920048328_VA,TSS,Outflow,342
6.0,920048328_VA,TSS,Outflow,343
168.0,920048328_VA,TSS,Outflow,343
3.599999904632568,920048328_VA,TSS,Outflow,343
18.0,920048328_VA,TSS,Outflow,343
10.0,920048328_VA,TSS,Outflow,343
6.0,920048328_VA,TSS,Outflow,344
47.0,920048328_VA,TSS,Outflow,344
10.0,920048328_VA,TSS,Outflow,344
36.0,920048328_VA,TSS,Outflow,344
16.39999961853027,920048328_VA,TSS,Outflow,344
47.0,920048328_VA,TSS,Outflow,345
5.599999904632568,920048328_VA,TSS,Outflow,345
16.39999961853027,920048328_VA,TSS,Outflow,345
33.0,920048328_VA,TSS,Outflow,345
8.800000190734863,920048328_VA,TSS,Outflow,345
16.39999961853027,920048328_VA,TSS,Outflow,346
4.0,920048328_VA,TSS,Outflow,346
36.0,920048328_VA,TSS,Outflow,346
10.0,920048328_VA,TSS,Outflow,346
3.200000047683716,920048328_VA,TSS,Outflow,346
28.0,920048328_VA,TSS,Outflow,347
6.0,920048328_VA,TSS,Outflow,347
18.0,920048328_VA,TSS,Outflow,347
3.599999904632568,920048328_VA,TSS,Outflow,347
4.0,920048328_VA,TSS,Outflow,347
16.39999961853027,920048328_VA,TSS,Outflow,348
33.0,920048328_VA,TSS,Outflow,348
28.0,920048328_VA,TSS,Outflow,348
3.200000047683716,920048328_VA,TSS,Outflow,348
4.400000095367432,920048328_VA,TSS,Outflow,348
47.0,920048328_VA,TSS,Outflow,349
4.400000095367432,920048328_VA,TSS,Outflow,349
18.0,920048328_VA,TSS,Outflow,349
28.0,920048328_VA,TSS,Outflow,349
4.0,920048328_VA,TSS,Outflow,349
8.399999618530273,920048328_VA,TSS,Outflow,350
13.60000038146973,920048328_VA,TSS,Outflow,350
47.0,920048328_VA,TSS,Outflow,350
5.599999904632568,920048328_VA,TSS,Outflow,350
15.19999980926514,920048328_VA,TSS,Outflow,350
39.0,920048328_VA,TSS,Outflow,351
36.0,920048328_VA,TSS,Outflow,351
28.0,920048328_VA,TSS,Outflow,351
47.0,920048328_VA,TSS,Outflow,351
18.0,920048328_VA,TSS,Outflow,351
15.19999980926514,920048328_VA,TSS,Outflow,352
9.5,920048328_VA,TSS,Outflow,352
13.60000038146973,920048328_VA,TSS,Outflow,352
168.0,920048328_VA,TSS,Outflow,352
8.0,920048328_VA,TSS,Outflow,352
39.0,920048328_VA,TSS,Outflow,353
4.400000095367432,920048328_VA,TSS,Outflow,353
15.19999980926514,920048328_VA,TSS,Outflow,353
8.800000190734863,920048328_VA,TSS,Outflow,353
18.0,920048328_VA,TSS,Outflow,353
39.0,920048328_VA,TSS,Outflow,354
28.0,920048328_VA,TSS,Outflow,354
18.0,920048328_VA,TSS,Outflow,354
15.60000038146973,920048328_VA,TSS,Outflow,354
16.39999961853027,920048328_VA,TSS,Outflow,354
3.599999904632568,920048328_VA,TSS,Outflow,355
15.19999980926514,920048328_VA,TSS,Outflow,355
61.0,920048328_VA,TSS,Outflow,355
28.0,920048328_VA,TSS,Outflow,355
83.0,920048328_VA,TSS,Outflow,355
28.0,920048328_VA,TSS,Outflow,356
36.0,920048328_VA,TSS,Outflow,356
8.800000190734863,920048328_VA,TSS,Outflow,356
83.0,920048328_VA,TSS,Outflow,356
5.599999904632568,920048328_VA,TSS,Outflow,356
17.20000076293945,920048328_VA,TSS,Outflow,357
39.0,920048328_VA,TSS,Outflow,357
9.5,920048328_VA,TSS,Outflow,357
3.599999904632568,920048328_VA,TSS,Outflow,357
8.0,920048328_VA,TSS,Outflow,357
15.19999980926514,920048328_VA,TSS,Outflow,358
6.0,920048328_VA,TSS,Outflow,358
18.0,920048328_VA,TSS,Outflow,358
13.60000038146973,920048328_VA,TSS,Outflow,358
83.0,920048328_VA,TSS,Outflow,358
10.0,920048328_VA,TSS,Outflow,359
4.400000095367432,920048328_VA,TSS,Outflow,359
6.0,920048328_VA,TSS,Outflow,359
33.0,920048328_VA,TSS,Outflow,359
13.60000038146973,920048328_VA,TSS,Outflow,359
28.0,920048328_VA,TSS,Outflow,360
23.60000038146973,920048328_VA,TSS,Outflow,360
36.0,920048328_VA,TSS,Outflow,360
6.0,920048328_VA,TSS,Outflow,360
18.0,920048328_VA,TSS,Outflow,360
17.20000076293945,920048328_VA,TSS,Outflow,361
15.19999980926514,920048328_VA,TSS,Outflow,361
168.0,920048328_VA,TSS,Outflow,361
13.60000038146973,920048328_VA,TSS,Outflow,361
6.0,920048328_VA,TSS,Outflow,361
12.80000019073486,920048328_VA,TSS,Outflow,362
33.0,920048328_VA,TSS,Outflow,362
9.5,920048328_VA,TSS,Outflow,362
18.0,920048328_VA,TSS,Outflow,362
6.400000095367432,920048328_VA,TSS,Outflow,362
33.0,920048328_VA,TSS,Outflow,363
9.5,920048328_VA,TSS,Outflow,363
18.0,920048328_VA,TSS,Outflow,363
61.0,920048328_VA,TSS,Outflow,363
3.599999904632568,920048328_VA,TSS,Outflow,363
15.60000038146973,920048328_VA,TSS,Outflow,364
4.0,920048328_VA,TSS,Outflow,364
83.0,920048328_VA,TSS,Outflow,364
3.200000047683716,920048328_VA,TSS,Outflow,364
18.0,920048328_VA,TSS,Outflow,364
47.0,920048328_VA,TSS,Outflow,365
18.0,920048328_VA,TSS,Outflow,365
6.0,920048328_VA,TSS,Outflow,365
6.0,920048328_VA,TSS,Outflow,365
33.0,920048328_VA,TSS,Outflow,365
15.19999980926514,920048328_VA,TSS,Outflow,366
10.0,920048328_VA,TSS,Outflow,366
17.20000076293945,920048328_VA,TSS,Outflow,366
22.0,920048328_VA,TSS,Outflow,366
18.0,920048328_VA,TSS,Outflow,366
12.80000019073486,920048328_VA,TSS,Outflow,367
6.0,920048328_VA,TSS,Outflow,367
6.0,920048328_VA,TSS,Outflow,367
16.39999961853027,920048328_VA,TSS,Outflow,367
33.0,920048328_VA,TSS,Outflow,367
6.0,920048328_VA,TSS,Outflow,368
18.0,920048328_VA,TSS,Outflow,368
6.0,920048328_VA,TSS,Outflow,368
10.0,920048328_VA,TSS,Outflow,368
13.60000038146973,920048328_VA,TSS,Outflow,368
18.0,920048328_VA,TSS,Outflow,369
36.0,920048328_VA,TSS,Outflow,369
9.5,920048328_VA,TSS,Outflow,369
18.0,920048328_VA,TSS,Outflow,369
15.19999980926514,920048328_VA,TSS,Outflow,369
3.599999904632568,920048328_VA,TSS,Outflow,370
8.399999618530273,920048328_VA,TSS,Outflow,370
6.0,920048328_VA,TSS,Outflow,370
15.60000038146973,920048328_VA,TSS,Outflow,370
5.599999904632568,920048328_VA,TSS,Outflow,370
22.0,920048328_VA,TSS,Outflow,371
168.0,920048328_VA,TSS,Outflow,371
47.0,920048328_VA,TSS,Outflow,371
33.0,920048328_VA,TSS,Outflow,371
10.0,920048328_VA,TSS,Outflow,371
4.400000095367432,920048328_VA,TSS,Outflow,372
4.0,920048328_VA,TSS,Outflow,372
23.60000038146973,920048328_VA,TSS,Outflow,372
5.599999904632568,920048328_VA,TSS,Outflow,372
22.0,920048328_VA,TSS,Outflow,372
39.0,920048328_VA,TSS,Outflow,373
3.200000047683716,920048328_VA,TSS,Outflow,373
28.0,920048328_VA,TSS,Outflow,373
36.0,920048328_VA,TSS,Outflow,373
12.80000019073486,920048328_VA,TSS,Outflow,373
33.0,920048328_VA,TSS,Outflow,374
18.0,920048328_VA,TSS,Outflow,374
28.0,920048328_VA,TSS,Outflow,374
61.0,920048328_VA,TSS,Outflow,374
17.20000076293945,920048328_VA,TSS,Outflow,374
6.0,920048328_VA,TSS,Outflow,375
17.20000076293945,920048328_VA,TSS,Outflow,375
33.0,920048328_VA,TSS,Outflow,375
8.0,920048328_VA,TSS,Outflow,375
4.0,920048328_VA,TSS,Outflow,375
12.80000019073486,920048328_VA,TSS,Outflow,376
10.0,920048328_VA,TSS,Outflow,376
3.599999904632568,920048328_VA,TSS,Outflow,376
18.0,920048328_VA,TSS,Outflow,376
15.19999980926514,920048328_VA,TSS,Outflow,376
8.399999618530273,920048328_VA,TSS,Outflow,377
23.60000038146973,920048328_VA,TSS,Outflow,377
33.0,920048328_VA,TSS,Outflow,377
6.0,920048328_VA,TSS,Outflow,377
3.599999904632568,920048328_VA,TSS,Outflow,377
39.0,920048328_VA,TSS,Outflow,378
6.0,920048328_VA,TSS,Outflow,378
61.0,920048328_VA,TSS,Outflow,378
18.0,920048328_VA,TSS,Outflow,378
12.80000019073486,920048328_VA,TSS,Outflow,378
28.0,920048328_VA,TSS,Outflow,379
4.400000095367432,920048328_VA,TSS,Outflow,379
10.0,920048328_VA,TSS,Outflow,379
16.39999961853027,920048328_VA,TSS,Outflow,379
18.0,920048328_VA,TSS,Outflow,379
3.599999904632568,920048328_VA,TSS,Outflow,380
17.20000076293945,920048328_VA,TSS,Outflow,380
13.60000038146973,920048328_VA,TSS,Outflow,380
16.39999961853027,920048328_VA,TSS,Outflow,380
3.200000047683716,920048328_VA,TSS,Outflow,380
18.0,920048328_VA,TSS,Outflow,381
61.0,920048328_VA,TSS,Outflow,381
83.0,920048328_VA,TSS,Outflow,381
8.0,920048328_VA,TSS,Outflow,381
15.60000038146973,920048328_VA,TSS,Outflow,381
9.5,920048328_VA,TSS,Outflow,382
13.60000038146973,920048328_VA,TSS,Outflow,382
12.80000019073486,920048328_VA,TSS,Outflow,382
28.0,920048328_VA,TSS,Outflow,382
61.0,920048328_VA,TSS,Outflow,382
8.399999618530273,920048328_VA,TSS,Outflow,383
36.0,920048328_VA,TSS,Outflow,383
12.80000019073486,920048328_VA,TSS,Outflow,383
3.200000047683716,920048328_VA,TSS,Outflow,383
8.0,920048328_VA,TSS,Outflow,383
47.0,920048328_VA,TSS,Outflow,384
3.599999904632568,920048328_VA,TSS,Outflow,384
83.0,920048328_VA,TSS,Outflow,384
8.0,920048328_VA,TSS,Outflow,384
3.200000047683716,920048328_VA,TSS,Outflow,384
10.0,920048328_VA,TSS,Outflow,385
6.0,920048328_VA,TSS,Outflow,385
39.0,920048328_VA,TSS,Outflow,385
18.0,920048328_VA,TSS,Outflow,385
47.0,920048328_VA,TSS,Outflow,385
3.200000047683716,920048328_VA,TSS,Outflow,386
12.80000019073486,920048328_VA,TSS,Outflow,386
23.60000038146973,920048328_VA,TSS,Outflow,386
39.0,920048328_VA,TSS,Outflow,386
9.5,920048328_VA,TSS,Outflow,386
3.200000047683716,920048328_VA,TSS,Outflow,387
3.599999904632568,920048328_VA,TSS,Outflow,387
8.399999618530273,920048328_VA,TSS,Outflow,387
15.19999980926514,920048328_VA,TSS,Outflow,387
28.0,920048328_VA,TSS,Outflow,387
47.0,920048328_VA,TSS,Outflow,388
23.60000038146973,920048328_VA,TSS,Outflow,388
13.60000038146973,920048328_VA,TSS,Outflow,388
15.60000038146973,920048328_VA,TSS,Outflow,388
6.0,920048328_VA,TSS,Outflow,388
39.0,920048328_VA,TSS,Outflow,389
22.0,920048328_VA,TSS,Outflow,389
18.0,920048328_VA,TSS,Outflow,389
33.0,920048328_VA,TSS,Outflow,389
23.60000038146973,920048328_VA,TSS,Outflow,389
16.39999961853027,920048328_VA,TSS,Outflow,390
12.80000019073486,920048328_VA,TSS,Outflow,390
3.599999904632568,920048328_VA,TSS,Outflow,390
8.800000190734863,920048328_VA,TSS,Outflow,390
9.5,920048328_VA,TSS,Outflow,390
18.0,920048328_VA,TSS,Outflow,391
39.0,920048328_VA,TSS,Outflow,391
17.20000076293945,920048328_VA,TSS,Outflow,391
5.599999904632568,920048328_VA,TSS,Outflow,391
8.0,920048328_VA,TSS,Outflow,391
3.599999904632568,920048328_VA,TSS,Outflow,392
33.0,920048328_VA,TSS,Outflow,392
23.60000038146973,920048328_VA,TSS,Outflow,392
15.19999980926514,920048328_VA,TSS,Outflow,392
83.0,920048328_VA,TSS,Outflow,392
8.0,920048328_VA,TSS,Outflow,393
15.19999980926514,920048328_VA,TSS,Outflow,393
47.0,920048328_VA,TSS,Outflow,393
16.39999961853027,920048328_VA,TSS,Outflow,393
4.400000095367432,920048328_VA,TSS,Outflow,393
6.0,920048328_VA,TSS,Outflow,394
4.0,920048328_VA,TSS,Outflow,394
8.399999618530273,920048328_VA,TSS,Outflow,394
168.0,920048328_VA,TSS,Outflow,394
8.0,920048328_VA,TSS,Outflow,394
3.200000047683716,920048328_VA,TSS,Outflow,395
12.80000019073486,920048328_VA,TSS,Outflow,395
83.0,920048328_VA,TSS,Outflow,395
4.0,920048328_VA,TSS,Outflow,395
15.60000038146973,920048328_VA,TSS,Outflow,395
23.60000038146973,920048328_VA,TSS,Outflow,396
10.0,920048328_VA,TSS,Outflow,396
61.0,920048328_VA,TSS,Outflow,396
18.0,920048328_VA,TSS,Outflow,396
8.0,920048328_VA,TSS,Outflow,396
5.599999904632568,920048328_VA,TSS,Outflow,397
13.60000038146973,920048328_VA,TSS,Outflow,397
83.0,920048328_VA,TSS,Outflow,397
8.399999618530273,920048328_VA,TSS,Outflow,397
36.0,920048328_VA,TSS,Outflow,397
3.599999904632568,920048328_VA,TSS,Outflow,398
33.0,920048328_VA,TSS,Outflow,398
15.19999980926514,920048328_VA,TSS,Outflow,398
16.39999961853027,920048328_VA,TSS,Outflow,398
23.60000038146973,920048328_VA,TSS,Outflow,398
23.60000038146973,920048328_VA,TSS,Outflow,399
10.0,920048328_VA,TSS,Outflow,399
47.0,920048328_VA,TSS,Outflow,399
4.400000095367432,920048328_VA,TSS,Outflow,399
4.0,920048328_VA,TSS,Outflow,399
8.0,920048328_VA,TSS,Outflow,400
22.0,920048328_VA,TSS,Outflow,400
16.39999961853027,920048328_VA,TSS,Outflow,400
9.5,920048328_VA,TSS,Outflow,400
83.0,920048328_VA,TSS,Outflow,400
16.39999961853027,920048328_VA,TSS,Outflow,401
3.599999904632568,920048328_VA,TSS,Outflow,401
168.0,920048328_VA,TSS,Outflow,401
17.20000076293945,920048328_VA,TSS,Outflow,401
28.0,920048328_VA,TSS,Outflow,401
47.0,920048328_VA,TSS,Outflow,402
3.200000047683716,920048328_VA,TSS,Outflow,402
33.0,920048328_VA,TSS,Outflow,402
4.0,920048328_VA,TSS,Outflow,402
18.0,920048328_VA,TSS,Outflow,402
36.0,920048328_VA,TSS,Outflow,403
3.599999904632568,920048328_VA,TSS,Outflow,403
8.800000190734863,920048328_VA,TSS,Outflow,403
16.39999961853027,920048328_VA,TSS,Outflow,403
13.60000038146973,920048328_VA,TSS,Outflow,403
168.0,920048328_VA,TSS,Outflow,404
8.399999618530273,920048328_VA,TSS,Outflow,404
6.0,920048328_VA,TSS,Outflow,404
36.0,920048328_VA,TSS,Outflow,404
61.0,920048328_VA,TSS,Outflow,404
9.5,920048328_VA,TSS,Outflow,405
3.200000047683716,920048328_VA,TSS,Outflow,405
39.0,920048328_VA,TSS,Outflow,405
8.800000190734863,920048328_VA,TSS,Outflow,405
22.0,920048328_VA,TSS,Outflow,405
47.0,920048328_VA,TSS,Outflow,406
18.0,920048328_VA,TSS,Outflow,406
8.800000190734863,920048328_VA,TSS,Outflow,406
83.0,920048328_VA,TSS,Outflow,406
61.0,920048328_VA,TSS,Outflow,406
8.399999618530273,920048328_VA,TSS,Outflow,407
23.60000038146973,920048328_VA,TSS,Outflow,407
5.599999904632568,920048328_VA,TSS,Outflow,407
39.0,920048328_VA,TSS,Outflow,407
36.0,920048328_VA,TSS,Outflow,407
10.0,920048328_VA,TSS,Outflow,408
8.0,920048328_VA,TSS,Outflow,408
6.0,920048328_VA,TSS,Outflow,408
15.60000038146973,920048328_VA,TSS,Outflow,408
83.0,920048328_VA,TSS,Outflow,408
15.60000038146973,920048328_VA,TSS,Outflow,409
10.0,920048328_VA,TSS,Outflow,409
83.0,920048328_VA,TSS,Outflow,409
39.0,920048328_VA,TSS,Outflow,409
3.599999904632568,920048328_VA,TSS,Outflow,409
17.20000076293945,920048328_VA,TSS,Outflow,410
47.0,920048328_VA,TSS,Outflow,410
15.19999980926514,920048328_VA,TSS,Outflow,410
10.0,920048328_VA,TSS,Outflow,410
4.400000095367432,920048328_VA,TSS,Outflow,410
10.0,920048328_VA,TSS,Outflow,411
3.599999904632568,920048328_VA,TSS,Outflow,411
5.599999904632568,920048328_VA,TSS,Outflow,411
8.399999618530273,920048328_VA,TSS,Outflow,411
61.0,920048328_VA,TSS,Outflow,411
18.0,920048328_VA,TSS,Outflow,412
18.0,920048328_VA,TSS,Outflow,412
3.599999904632568,920048328_VA,TSS,Outflow,412
8.800000190734863,920048328_VA,TSS,Outflow,412
4.400000095367432,920048328_VA,TSS,Outflow,412
6.0,920048328_VA,TSS,Outflow,413
5.599999904632568,920048328_VA,TSS,Outflow,413
33.0,920048328_VA,TSS,Outflow,413
28.0,920048328_VA,TSS,Outflow,413
61.0,920048328_VA,TSS,Outflow,413
23.60000038146973,920048328_VA,TSS,Outflow,414
17.20000076293945,920048328_VA,TSS,Outflow,414
3.599999904632568,920048328_VA,TSS,Outflow,414
9.5,920048328_VA,TSS,Outflow,414
4.400000095367432,920048328_VA,TSS,Outflow,414
16.39999961853027,920048328_VA,TSS,Outflow,415
8.0,920048328_VA,TSS,Outflow,415
8.399999618530273,920048328_VA,TSS,Outflow,415
9.5,920048328_VA,TSS,Outflow,415
6.0,920048328_VA,TSS,Outflow,415
36.0,920048328_VA,TSS,Outflow,416
33.0,920048328_VA,TSS,Outflow,416
13.60000038146973,920048328_VA,TSS,Outflow,416
8.0,920048328_VA,TSS,Outflow,416
6.0,920048328_VA,TSS,Outflow,416
23.60000038146973,920048328_VA,TSS,Outflow,417
10.0,920048328_VA,TSS,Outflow,417
8.800000190734863,920048328_VA,TSS,Outflow,417
16.39999961853027,920048328_VA,TSS,Outflow,417
15.19999980926514,920048328_VA,TSS,Outflow,417
10.0,920048328_VA,TSS,Outflow,418
3.200000047683716,920048328_VA,TSS,Outflow,418
5.599999904632568,920048328_VA,TSS,Outflow,418
83.0,920048328_VA,TSS,Outflow,418
36.0,920048328_VA,TSS,Outflow,418
15.19999980926514,920048328_VA,TSS,Outflow,419
8.399999618530273,920048328_VA,TSS,Outflow,419
17.20000076293945,920048328_VA,TSS,Outflow,419
36.0,920048328_VA,TSS,Outflow,419
6.0,920048328_VA,TSS,Outflow,419
4.0,920048328_VA,TSS,Outflow,420
3.200000047683716,920048328_VA,TSS,Outflow,420
6.0,920048328_VA,TSS,Outflow,420
33.0,920048328_VA,TSS,Outflow,420
4.400000095367432,920048328_VA,TSS,Outflow,420
168.0,920048328_VA,TSS,Outflow,421
8.800000190734863,920048328_VA,TSS,Outflow,421
5.599999904632568,920048328_VA,TSS,Outflow,421
61.0,920048328_VA,TSS,Outflow,421
10.0,920048328_VA,TSS,Outflow,421
18.0,920048328_VA,TSS,Outflow,422
10.0,920048328_VA,TSS,Outflow,422
5.599999904632568,920048328_VA,TSS,Outflow,422
23.60000038146973,920048328_VA,TSS,Outflow,422
8.0,920048328_VA,TSS,Outflow,422
18.0,920048328_VA,TSS,Outflow,423
3.200000047683716,920048328_VA,TSS,Outflow,423
15.60000038146973,920048328_VA,TSS,Outflow,423
8.800000190734863,920048328_VA,TSS,Outflow,423
61.0,920048328_VA,TSS,Outflow,423
15.60000038146973,920048328_VA,TSS,Outflow,424
22.0,920048328_VA,TSS,Outflow,424
10.0,920048328_VA,TSS,Outflow,424
5.599999904632568,920048328_VA,TSS,Outflow,424
168.0,920048328_VA,TSS,Outflow,424
15.19999980926514,920048328_VA,TSS,Outflow,425
22.0,920048328_VA,TSS,Outflow,425
6.400000095367432,920048328_VA,TSS,Outflow,425
9.5,920048328_VA,TSS,Outflow,425
12.80000019073486,920048328_VA,TSS,Outflow,425
61.0,920048328_VA,TSS,Outflow,426
22.0,920048328_VA,TSS,Outflow,426
47.0,920048328_VA,TSS,Outflow,426
6.400000095367432,920048328_VA,TSS,Outflow,426
13.60000038146973,920048328_VA,TSS,Outflow,426
8.800000190734863,920048328_VA,TSS,Outflow,427
61.0,920048328_VA,TSS,Outflow,427
17.20000076293945,920048328_VA,TSS,Outflow,427
6.0,920048328_VA,TSS,Outflow,427
10.0,920048328_VA,TSS,Outflow,427
168.0,920048328_VA,TSS,Outflow,428
4.0,920048328_VA,TSS,Outflow,428
23.60000038146973,920048328_VA,TSS,Outflow,428
22.0,920048328_VA,TSS,Outflow,428
8.800000190734863,920048328_VA,TSS,Outflow,428
168.0,920048328_VA,TSS,Outflow,429
12.80000019073486,920048328_VA,TSS,Outflow,429
4.0,920048328_VA,TSS,Outflow,429
3.599999904632568,920048328_VA,TSS,Outflow,429
18.0,920048328_VA,TSS,Outflow,429
22.0,920048328_VA,TSS,Outflow,430
168.0,920048328_VA,TSS,Outflow,430
17.20000076293945,920048328_VA,TSS,Outflow,430
12.80000019073486,920048328_VA,TSS,Outflow,430
18.0,920048328_VA,TSS,Outflow,430
39.0,920048328_VA,TSS,Outflow,431
23.60000038146973,920048328_VA,TSS,Outflow,431
36.0,920048328_VA,TSS,Outflow,431
4.400000095367432,920048328_VA,TSS,Outflow,431
18.0,920048328_VA,TSS,Outflow,431
15.60000038146973,920048328_VA,TSS,Outflow,432
13.60000038146973,920048328_VA,TSS,Outflow,432
83.0,920048328_VA,TSS,Outflow,432
47.0,920048328_VA,TSS,Outflow,432
5.599999904632568,920048328_VA,TSS,Outflow,432
61.0,920048328_VA,TSS,Outflow,433
8.0,920048328_VA,TSS,Outflow,433
15.60000038146973,920048328_VA,TSS,Outflow,433
3.599999904632568,920048328_VA,TSS,Outflow,433
23.60000038146973,920048328_VA,TSS,Outflow,433
3.599999904632568,920048328_VA,TSS,Outflow,434
8.800000190734863,920048328_VA,TSS,Outflow,434
18.0,920048328_VA,TSS,Outflow,434
47.0,920048328_VA,TSS,Outflow,434
9.5,920048328_VA,TSS,Outflow,434
5.599999904632568,920048328_VA,TSS,Outflow,435
6.0,920048328_VA,TSS,Outflow,435
36.0,920048328_VA,TSS,Outflow,435
18.0,920048328_VA,TSS,Outflow,435
3.599999904632568,920048328_VA,TSS,Outflow,435
12.80000019073486,920048328_VA,TSS,Outflow,436
13.60000038146973,920048328_VA,TSS,Outflow,436
47.0,920048328_VA,TSS,Outflow,436
15.60000038146973,920048328_VA,TSS,Outflow,436
15.19999980926514,920048328_VA,TSS,Outflow,436
12.80000019073486,920048328_VA,TSS,Outflow,437
6.400000095367432,920048328_VA,TSS,Outflow,437
4.0,920048328_VA,TSS,Outflow,437
10.0,920048328_VA,TSS,Outflow,437
47.0,920048328_VA,TSS,Outflow,437
8.800000190734863,920048328_VA,TSS,Outflow,438
6.0,920048328_VA,TSS,Outflow,438
47.0,920048328_VA,TSS,Outflow,438
33.0,920048328_VA,TSS,Outflow,438
36.0,920048328_VA,TSS,Outflow,438
6.400000095367432,920048328_VA,TSS,Outflow,439
168.0,920048328_VA,TSS,Outflow,439
33.0,920048328_VA,TSS,Outflow,439
18.0,920048328_VA,TSS,Outflow,439
47.0,920048328_VA,TSS,Outflow,439
6.400000095367432,920048328_VA,TSS,Outflow,440
36.0,920048328_VA,TSS,Outflow,440
39.0,920048328_VA,TSS,Outflow,440
15.60000038146973,920048328_VA,TSS,Outflow,440
15.19999980926514,920048328_VA,TSS,Outflow,440
168.0,920048328_VA,TSS,Outflow,441
39.0,920048328_VA,TSS,Outflow,441
16.39999961853027,920048328_VA,TSS,Outflow,441
61.0,920048328_VA,TSS,Outflow,441
12.80000019073486,920048328_VA,TSS,Outflow,441
3.200000047683716,920048328_VA,TSS,Outflow,442
168.0,920048328_VA,TSS,Outflow,442
23.60000038146973,920048328_VA,TSS,Outflow,442
13.60000038146973,920048328_VA,TSS,Outflow,442
47.0,920048328_VA,TSS,Outflow,442
39.0,920048328_VA,TSS,Outflow,443
15.19999980926514,920048328_VA,TSS,Outflow,443
168.0,920048328_VA,TSS,Outflow,443
10.0,920048328_VA,TSS,Outflow,443
28.0,920048328_VA,TSS,Outflow,443
4.400000095367432,920048328_VA,TSS,Outflow,444
23.60000038146973,920048328_VA,TSS,Outflow,444
3.599999904632568,920048328_VA,TSS,Outflow,444
12.80000019073486,920048328_VA,TSS,Outflow,444
18.0,920048328_VA,TSS,Outflow,444
15.19999980926514,920048328_VA,TSS,Outflow,445
83.0,920048328_VA,TSS,Outflow,445
36.0,920048328_VA,TSS,Outflow,445
6.0,920048328_VA,TSS,Outflow,445
3.200000047683716,920048328_VA,TSS,Outflow,445
36.0,920048328_VA,TSS,Outflow,446
17.20000076293945,920048328_VA,TSS,Outflow,446
33.0,920048328_VA,TSS,Outflow,446
168.0,920048328_VA,TSS,Outflow,446
4.400000095367432,920048328_VA,TSS,Outflow,446
4.400000095367432,920048328_VA,TSS,Outflow,447
22.0,920048328_VA,TSS,Outflow,447
15.19999980926514,920048328_VA,TSS,Outflow,447
18.0,920048328_VA,TSS,Outflow,447
61.0,920048328_VA,TSS,Outflow,447
6.0,920048328_VA,TSS,Outflow,448
12.80000019073486,920048328_VA,TSS,Outflow,448
22.0,920048328_VA,TSS,Outflow,448
4.0,920048328_VA,TSS,Outflow,448
3.599999904632568,920048328_VA,TSS,Outflow,448
6.0,920048328_VA,TSS,Outflow,449
61.0,920048328_VA,TSS,Outflow,449
5.599999904632568,920048328_VA,TSS,Outflow,449
15.19999980926514,920048328_VA,TSS,Outflow,449
15.19999980926514,920048328_VA,TSS,Outflow,449
6.0,920048328_VA,TSS,Outflow,450
6.0,920048328_VA,TSS,Outflow,450
8.800000190734863,920048328_VA,TSS,Outflow,450
10.0,920048328_VA,TSS,Outflow,450
3.200000047683716,920048328_VA,TSS,Outflow,450
6.400000095367432,920048328_VA,TSS,Outflow,451
16.39999961853027,920048328_VA,TSS,Outflow,451
18.0,920048328_VA,TSS,Outflow,451
3.599999904632568,920048328_VA,TSS,Outflow,451
39.0,920048328_VA,TSS,Outflow,451
9.5,920048328_VA,TSS,Outflow,452
168.0,920048328_VA,TSS,Outflow,452
6.0,920048328_VA,TSS,Outflow,452
39.0,920048328_VA,TSS,Outflow,452
23.60000038146973,920048328_VA,TSS,Outflow,452
8.399999618530273,920048328_VA,TSS,Outflow,453
18.0,920048328_VA,TSS,Outflow,453
18.0,920048328_VA,TSS,Outflow,453
61.0,920048328_VA,TSS,Outflow,453
6.0,920048328_VA,TSS,Outflow,453
18.0,920048328_VA,TSS,Outflow,454
3.200000047683716,920048328_VA,TSS,Outflow,454
28.0,920048328_VA,TSS,Outflow,454
36.0,920048328_VA,TSS,Outflow,454
8.0,920048328_VA,TSS,Outflow,454
39.0,920048328_VA,TSS,Outflow,455
28.0,920048328_VA,TSS,Outflow,455
18.0,920048328_VA,TSS,Outflow,455
23.60000038146973,920048328_VA,TSS,Outflow,455
6.0,920048328_VA,TSS,Outflow,455
5.599999904632568,920048328_VA,TSS,Outflow,456
3.599999904632568,920048328_VA,TSS,Outflow,456
9.5,920048328_VA,TSS,Outflow,456
22.0,920048328_VA,TSS,Outflow,456
36.0,920048328_VA,TSS,Outflow,456
17.20000076293945,920048328_VA,TSS,Outflow,457
6.0,920048328_VA,TSS,Outflow,457
4.0,920048328_VA,TSS,Outflow,457
10.0,920048328_VA,TSS,Outflow,457
15.60000038146973,920048328_VA,TSS,Outflow,457
47.0,920048328_VA,TSS,Outflow,458
4.0,920048328_VA,TSS,Outflow,458
10.0,920048328_VA,TSS,Outflow,458
22.0,920048328_VA,TSS,Outflow,458
12.80000019073486,920048328_VA,TSS,Outflow,458
168.0,920048328_VA,TSS,Outflow,459
22.0,920048328_VA,TSS,Outflow,459
18.0,920048328_VA,TSS,Outflow,459
39.0,920048328_VA,TSS,Outflow,459
9.5,920048328_VA,TSS,Outflow,459
4.0,920048328_VA,TSS,Outflow,460
8.0,920048328_VA,TSS,Outflow,460
5.599999904632568,920048328_VA,TSS,Outflow,460
18.0,920048328_VA,TSS,Outflow,460
23.60000038146973,920048328_VA,TSS,Outflow,460
17.20000076293945,920048328_VA,TSS,Outflow,461
36.0,920048328_VA,TSS,Outflow,461
10.0,920048328_VA,TSS,Outflow,461
3.599999904632568,920048328_VA,TSS,Outflow,461
8.800000190734863,920048328_VA,TSS,Outflow,461
10.0,920048328_VA,TSS,Outflow,462
3.200000047683716,920048328_VA,TSS,Outflow,462
8.800000190734863,920048328_VA,TSS,Outflow,462
8.0,920048328_VA,TSS,Outflow,462
5.599999904632568,920048328_VA,TSS,Outflow,462
3.200000047683716,920048328_VA,TSS,Outflow,463
168.0,920048328_VA,TSS,Outflow,463
9.5,920048328_VA,TSS,Outflow,463
18.0,920048328_VA,TSS,Outflow,463
8.800000190734863,920048328_VA,TSS,Outflow,463
15.19999980926514,920048328_VA,TSS,Outflow,464
12.80000019073486,920048328_VA,TSS,Outflow,464
36.0,920048328_VA,TSS,Outflow,464
6.0,920048328_VA,TSS,Outflow,464
4.0,920048328_VA,TSS,Outflow,464
3.599999904632568,920048328_VA,TSS,Outflow,465
22.0,920048328_VA,TSS,Outflow,465
18.0,920048328_VA,TSS,Outflow,465
10.0,920048328_VA,TSS,Outflow,465
10.0,920048328_VA,TSS,Outflow,465
23.60000038146973,920048328_VA,TSS,Outflow,466
17.20000076293945,920048328_VA,TSS,Outflow,466
61.0,920048328_VA,TSS,Outflow,466
47.0,920048328_VA,TSS,Outflow,466
83.0,920048328_VA,TSS,Outflow,466
6.0,920048328_VA,TSS,Outflow,467
39.0,920048328_VA,TSS,Outflow,467
33.0,920048328_VA,TSS,Outflow,467
8.0,920048328_VA,TSS,Outflow,467
5.599999904632568,920048328_VA,TSS,Outflow,467
12.80000019073486,920048328_VA,TSS,Outflow,468
18.0,920048328_VA,TSS,Outflow,468
8.399999618530273,920048328_VA,TSS,Outflow,468
6.400000095367432,920048328_VA,TSS,Outflow,468
9.5,920048328_VA,TSS,Outflow,468
22.0,920048328_VA,TSS,Outflow,469
17.20000076293945,920048328_VA,TSS,Outflow,469
6.0,920048328_VA,TSS,Outflow,469
4.0,920048328_VA,TSS,Outflow,469
4.400000095367432,920048328_VA,TSS,Outflow,469
18.0,920048328_VA,TSS,Outflow,470
8.800000190734863,920048328_VA,TSS,Outflow,470
3.200000047683716,920048328_VA,TSS,Outflow,470
4.400000095367432,920048328_VA,TSS,Outflow,470
3.599999904632568,920048328_VA,TSS,Outflow,470
12.80000019073486,920048328_VA,TSS,Outflow,471
33.0,920048328_VA,TSS,Outflow,471
18.0,920048328_VA,TSS,Outflow,471
3.599999904632568,920048328_VA,TSS,Outflow,471
18.0,920048328_VA,TSS,Outflow,471
23.60000038146973,920048328_VA,TSS,Outflow,472
4.400000095367432,920048328_VA,TSS,Outflow,472
9.5,920048328_VA,TSS,Outflow,472
3.599999904632568,920048328_VA,TSS,Outflow,472
8.800000190734863,920048328_VA,TSS,Outflow,472
4.400000095367432,920048328_VA,TSS,Outflow,473
13.60000038146973,920048328_VA,TSS,Outflow,473
3.599999904632568,920048328_VA,TSS,Outflow,473
61.0,920048328_VA,TSS,Outflow,473
9.5,920048328_VA,TSS,Outflow,473
18.0,920048328_VA,TSS,Outflow,474
47.0,920048328_VA,TSS,Outflow,474
18.0,920048328_VA,TSS,Outflow,474
8.800000190734863,920048328_VA,TSS,Outflow,474
168.0,920048328_VA,TSS,Outflow,474
18.0,920048328_VA,TSS,Outflow,475
23.60000038146973,920048328_VA,TSS,Outflow,475
6.0,920048328_VA,TSS,Outflow,475
6.400000095367432,920048328_VA,TSS,Outflow,475
17.20000076293945,920048328_VA,TSS,Outflow,475
6.0,920048328_VA,TSS,Outflow,476
3.200000047683716,920048328_VA,TSS,Outflow,476
61.0,920048328_VA,TSS,Outflow,476
168.0,920048328_VA,TSS,Outflow,476
83.0,920048328_VA,TSS,Outflow,476
4.0,920048328_VA,TSS,Outflow,477
61.0,920048328_VA,TSS,Outflow,477
168.0,920048328_VA,TSS,Outflow,477
33.0,920048328_VA,TSS,Outflow,477
18.0,920048328_VA,TSS,Outflow,477
28.0,920048328_VA,TSS,Outflow,478
36.0,920048328_VA,TSS,Outflow,478
61.0,920048328_VA,TSS,Outflow,478
15.19999980926514,920048328_VA,TSS,Outflow,478
6.0,920048328_VA,TSS,Outflow,478
18.0,920048328_VA,TSS,Outflow,479
39.0,920048328_VA,TSS,Outflow,479
16.39999961853027,920048328_VA,TSS,Outflow,479
83.0,920048328_VA,TSS,Outflow,479
12.80000019073486,920048328_VA,TSS,Outflow,479
22.0,920048328_VA,TSS,Outflow,480
15.19999980926514,920048328_VA,TSS,Outflow,480
10.0,920048328_VA,TSS,Outflow,480
12.80000019073486,920048328_VA,TSS,Outflow,480
3.200000047683716,920048328_VA,TSS,Outflow,480
33.0,920048328_VA,TSS,Outflow,481
6.400000095367432,920048328_VA,TSS,Outflow,481
18.0,920048328_VA,TSS,Outflow,481
3.599999904632568,920048328_VA,TSS,Outflow,481
10.0,920048328_VA,TSS,Outflow,481
6.400000095367432,920048328_VA,TSS,Outflow,482
18.0,920048328_VA,TSS,Outflow,482
5.599999904632568,920048328_VA,TSS,Outflow,482
33.0,920048328_VA,TSS,Outflow,482
8.800000190734863,920048328_VA,TSS,Outflow,482
8.0,920048328_VA,TSS,Outflow,483
10.0,920048328_VA,TSS,Outflow,483
6.0,920048328_VA,TSS,Outflow,483
22.0,920048328_VA,TSS,Outflow,483
36.0,920048328_VA,TSS,Outflow,483
15.19999980926514,920048328_VA,TSS,Outflow,484
83.0,920048328_VA,TSS,Outflow,484
36.0,920048328_VA,TSS,Outflow,484
3.599999904632568,920048328_VA,TSS,Outflow,484
18.0,920048328_VA,TSS,Outflow,484
8.800000190734863,920048328_VA,TSS,Outflow,485
5.599999904632568,920048328_VA,TSS,Outflow,485
6.0,920048328_VA,TSS,Outflow,485
4.0,920048328_VA,TSS,Outflow,485
18.0,920048328_VA,TSS,Outflow,485
18.0,920048328_VA,TSS,Outflow,486
22.0,920048328_VA,TSS,Outflow,486
16.39999961853027,920048328_VA,TSS,Outflow,486
10.0,920048328_VA,TSS,Outflow,486
6.400000095367432,920048328_VA,TSS,Outflow,486
10.0,920048328_VA,TSS,Outflow,487
33.0,920048328_VA,TSS,Outflow,487
168.0,920048328_VA,TSS,Outflow,487
15.19999980926514,920048328_VA,TSS,Outflow,487
3.599999904632568,920048328_VA,TSS,Outflow,487
8.0,920048328_VA,TSS,Outflow,488
22.0,920048328_VA,TSS,Outflow,488
3.200000047683716,920048328_VA,TSS,Outflow,488
6.0,920048328_VA,TSS,Outflow,488
23.60000038146973,920048328_VA,TSS,Outflow,488
9.5,920048328_VA,TSS,Outflow,489
36.0,920048328_VA,TSS,Outflow,489
6.0,920048328_VA,TSS,Outflow,489
18.0,920048328_VA,TSS,Outflow,489
12.80000019073486,920048328_VA,TSS,Outflow,489
168.0,920048328_VA,TSS,Outflow,490
3.599999904632568,920048328_VA,TSS,Outflow,490
8.800000190734863,920048328_VA,TSS,Outflow,490
39.0,920048328_VA,TSS,Outflow,490
12.80000019073486,920048328_VA,TSS,Outflow,490
18.0,920048328_VA,TSS,Outflow,491
15.19999980926514,920048328_VA,TSS,Outflow,491
6.0,920048328_VA,TSS,Outflow,491
15.60000038146973,920048328_VA,TSS,Outflow,491
168.0,920048328_VA,TSS,Outflow,491
18.0,920048328_VA,TSS,Outflow,492
8.800000190734863,920048328_VA,TSS,Outflow,492
168.0,920048328_VA,TSS,Outflow,492
17.20000076293945,920048328_VA,TSS,Outflow,492
18.0,920048328_VA,TSS,Outflow,492
47.0,920048328_VA,TSS,Outflow,493
36.0,920048328_VA,TSS,Outflow,493
28.0,920048328_VA,TSS,Outflow,493
39.0,920048328_VA,TSS,Outflow,493
18.0,920048328_VA,TSS,Outflow,493
168.0,920048328_VA,TSS,Outflow,494
15.19999980926514,920048328_VA,TSS,Outflow,494
8.399999618530273,920048328_VA,TSS,Outflow,494
9.5,920048328_VA,TSS,Outflow,494
36.0,920048328_VA,TSS,Outflow,494
18.0,920048328_VA,TSS,Outflow,495
5.599999904632568,920048328_VA,TSS,Outflow,495
33.0,920048328_VA,TSS,Outflow,495
3.599999904632568,920048328_VA,TSS,Outflow,495
83.0,920048328_VA,TSS,Outflow,495
17.20000076293945,920048328_VA,TSS,Outflow,496
28.0,920048328_VA,TSS,Outflow,496
6.0,920048328_VA,TSS,Outflow,496
33.0,920048328_VA,TSS,Outflow,496
8.0,920048328_VA,TSS,Outflow,496
3.200000047683716,920048328_VA,TSS,Outflow,497
18.0,920048328_VA,TSS,Outflow,497
18.0,920048328_VA,TSS,Outflow,497
8.0,920048328_VA,TSS,Outflow,497
12.80000019073486,920048328_VA,TSS,Outflow,497
13.60000038146973,920048328_VA,TSS,Outflow,498
18.0,920048328_VA,TSS,Outflow,498
4.0,920048328_VA,TSS,Outflow,498
18.0,920048328_VA,TSS,Outflow,498
22.0,920048328_VA,TSS,Outflow,498
9.5,920048328_VA,TSS,Outflow,499
15.19999980926514,920048328_VA,TSS,Outflow,499
16.39999961853027,920048328_VA,TSS,Outflow,499
13.60000038146973,920048328_VA,TSS,Outflow,499
6.0,920048328_VA,TSS,Outflow,499
9.5,920048328_VA,TSS,Outflow,500
6.400000095367432,920048328_VA,TSS,Outflow,500
61.0,920048328_VA,TSS,Outflow,500
13.60000038146973,920048328_VA,TSS,Outflow,500
8.399999618530273,920048328_VA,TSS,Outflow,500
