EMC,Location,Analyte,Flow,Run
17.20000076293945,920048328_VA,TSS,Outflow,1
83.0,920048328_VA,TSS,Outflow,1
33.0,920048328_VA,TSS,Outflow,1
13.60000038146973,920048328_VA,TSS,Outflow,1
23.60000038146973,920048328_VA,TSS,Outflow,1
10.0,920048328_VA,TSS,Outflow,2
18.0,920048328_VA,TSS,Outflow,2
83.0,920048328_VA,TSS,Outflow,2
6.400000095367432,920048328_VA,TSS,Outflow,2
9.5,920048328_VA,TSS,Outflow,2
4.0,920048328_VA,TSS,Outflow,3
10.0,920048328_VA,TSS,Outflow,3
6.0,920048328_VA,TSS,Outflow,3
6.400000095367432,920048328_VA,TSS,Outflow,3
3.599999904632568,920048328_VA,TSS,Outflow,3
5.599999904632568,920048328_VA,TSS,Outflow,4
12.80000019073486,920048328_VA,TSS,Outflow,4
39.0,920048328_VA,TSS,Outflow,4
13.60000038146973,920048328_VA,TSS,Outflow,4
36.0,920048328_VA,TSS,Outflow,4
10.0,920048328_VA,TSS,Outflow,5
83.0,920048328_VA,TSS,Outflow,5
15.19999980926514,920048328_VA,TSS,Outflow,5
3.200000047683716,920048328_VA,TSS,Outflow,5
5.599999904632568,920048328_VA,TSS,Outflow,5
8.399999618530273,920048328_VA,TSS,Outflow,6
12.80000019073486,920048328_VA,TSS,Outflow,6
5.599999904632568,920048328_VA,TSS,Outflow,6
39.0,920048328_VA,TSS,Outflow,6
18.0,920048328_VA,TSS,Outflow,6
33.0,920048328_VA,TSS,Outflow,7
5.599999904632568,920048328_VA,TSS,Outflow,7
8.0,920048328_VA,TSS,Outflow,7
4.400000095367432,920048328_VA,TSS,Outflow,7
47.0,920048328_VA,TSS,Outflow,7
17.20000076293945,920048328_VA,TSS,Outflow,8
10.0,920048328_VA,TSS,Outflow,8
83.0,920048328_VA,TSS,Outflow,8
4.400000095367432,920048328_VA,TSS,Outflow,8
36.0,920048328_VA,TSS,Outflow,8
9.5,920048328_VA,TSS,Outflow,9
18.0,920048328_VA,TSS,Outflow,9
22.0,920048328_VA,TSS,Outflow,9
4.400000095367432,920048328_VA,TSS,Outflow,9
15.60000038146973,920048328_VA,TSS,Outflow,9
8.399999618530273,920048328_VA,TSS,Outflow,10
4.400000095367432,920048328_VA,TSS,Outflow,10
83.0,920048328_VA,TSS,Outflow,10
168.0,920048328_VA,TSS,Outflow,10
5.599999904632568,920048328_VA,TSS,Outflow,10
168.0,920048328_VA,TSS,Outflow,11
15.19999980926514,920048328_VA,TSS,Outflow,11
5.599999904632568,920048328_VA,TSS,Outflow,11
10.0,920048328_VA,TSS,Outflow,11
18.0,920048328_VA,TSS,Outflow,11
13.60000038146973,920048328_VA,TSS,Outflow,12
47.0,920048328_VA,TSS,Outflow,12
18.0,920048328_VA,TSS,Outflow,12
12.80000019073486,920048328_VA,TSS,Outflow,12
8.800000190734863,920048328_VA,TSS,Outflow,12
18.0,920048328_VA,TSS,Outflow,13
15.60000038146973,920048328_VA,TSS,Outflow,13
39.0,920048328_VA,TSS,Outflow,13
36.0,920048328_VA,TSS,Outflow,13
5.599999904632568,920048328_VA,TSS,Outflow,13
10.0,920048328_VA,TSS,Outflow,14
23.60000038146973,920048328_VA,TSS,Outflow,14
47.0,920048328_VA,TSS,Outflow,14
13.60000038146973,920048328_VA,TSS,Outflow,14
36.0,920048328_VA,TSS,Outflow,14
47.0,920048328_VA,TSS,Outflow,15
18.0,920048328_VA,TSS,Outflow,15
18.0,920048328_VA,TSS,Outflow,15
83.0,920048328_VA,TSS,Outflow,15
8.399999618530273,920048328_VA,TSS,Outflow,15
3.599999904632568,920048328_VA,TSS,Outflow,16
6.0,920048328_VA,TSS,Outflow,16
8.0,920048328_VA,TSS,Outflow,16
3.200000047683716,920048328_VA,TSS,Outflow,16
13.60000038146973,920048328_VA,TSS,Outflow,16
15.60000038146973,920048328_VA,TSS,Outflow,17
18.0,920048328_VA,TSS,Outflow,17
13.60000038146973,920048328_VA,TSS,Outflow,17
168.0,920048328_VA,TSS,Outflow,17
39.0,920048328_VA,TSS,Outflow,17
168.0,920048328_VA,TSS,Outflow,18
6.0,920048328_VA,TSS,Outflow,18
15.60000038146973,920048328_VA,TSS,Outflow,18
83.0,920048328_VA,TSS,Outflow,18
4.400000095367432,920048328_VA,TSS,Outflow,18
10.0,920048328_VA,TSS,Outflow,19
10.0,920048328_VA,TSS,Outflow,19
6.0,920048328_VA,TSS,Outflow,19
9.5,920048328_VA,TSS,Outflow,19
15.19999980926514,920048328_VA,TSS,Outflow,19
15.60000038146973,920048328_VA,TSS,Outflow,20
10.0,920048328_VA,TSS,Outflow,20
28.0,920048328_VA,TSS,Outflow,20
36.0,920048328_VA,TSS,Outflow,20
6.0,920048328_VA,TSS,Outflow,20
168.0,920048328_VA,TSS,Outflow,21
3.200000047683716,920048328_VA,TSS,Outflow,21
8.800000190734863,920048328_VA,TSS,Outflow,21
6.400000095367432,920048328_VA,TSS,Outflow,21
16.39999961853027,920048328_VA,TSS,Outflow,21
36.0,920048328_VA,TSS,Outflow,22
47.0,920048328_VA,TSS,Outflow,22
4.0,920048328_VA,TSS,Outflow,22
12.80000019073486,920048328_VA,TSS,Outflow,22
10.0,920048328_VA,TSS,Outflow,22
168.0,920048328_VA,TSS,Outflow,23
16.39999961853027,920048328_VA,TSS,Outflow,23
28.0,920048328_VA,TSS,Outflow,23
8.800000190734863,920048328_VA,TSS,Outflow,23
3.200000047683716,920048328_VA,TSS,Outflow,23
18.0,920048328_VA,TSS,Outflow,24
18.0,920048328_VA,TSS,Outflow,24
6.0,920048328_VA,TSS,Outflow,24
16.39999961853027,920048328_VA,TSS,Outflow,24
61.0,920048328_VA,TSS,Outflow,24
6.0,920048328_VA,TSS,Outflow,25
47.0,920048328_VA,TSS,Outflow,25
9.5,920048328_VA,TSS,Outflow,25
23.60000038146973,920048328_VA,TSS,Outflow,25
10.0,920048328_VA,TSS,Outflow,25
83.0,920048328_VA,TSS,Outflow,26
36.0,920048328_VA,TSS,Outflow,26
15.19999980926514,920048328_VA,TSS,Outflow,26
8.399999618530273,920048328_VA,TSS,Outflow,26
15.19999980926514,920048328_VA,TSS,Outflow,26
8.0,920048328_VA,TSS,Outflow,27
47.0,920048328_VA,TSS,Outflow,27
3.599999904632568,920048328_VA,TSS,Outflow,27
6.400000095367432,920048328_VA,TSS,Outflow,27
8.399999618530273,920048328_VA,TSS,Outflow,27
28.0,920048328_VA,TSS,Outflow,28
10.0,920048328_VA,TSS,Outflow,28
18.0,920048328_VA,TSS,Outflow,28
18.0,920048328_VA,TSS,Outflow,28
15.19999980926514,920048328_VA,TSS,Outflow,28
6.0,920048328_VA,TSS,Outflow,29
83.0,920048328_VA,TSS,Outflow,29
33.0,920048328_VA,TSS,Outflow,29
10.0,920048328_VA,TSS,Outflow,29
5.599999904632568,920048328_VA,TSS,Outflow,29
18.0,920048328_VA,TSS,Outflow,30
83.0,920048328_VA,TSS,Outflow,30
12.80000019073486,920048328_VA,TSS,Outflow,30
22.0,920048328_VA,TSS,Outflow,30
18.0,920048328_VA,TSS,Outflow,30
18.0,920048328_VA,TSS,Outflow,31
10.0,920048328_VA,TSS,Outflow,31
10.0,920048328_VA,TSS,Outflow,31
6.0,920048328_VA,TSS,Outflow,31
47.0,920048328_VA,TSS,Outflow,31
8.399999618530273,920048328_VA,TSS,Outflow,32
8.0,920048328_VA,TSS,Outflow,32
23.60000038146973,920048328_VA,TSS,Outflow,32
22.0,920048328_VA,TSS,Outflow,32
18.0,920048328_VA,TSS,Outflow,32
15.19999980926514,920048328_VA,TSS,Outflow,33
4.0,920048328_VA,TSS,Outflow,33
8.399999618530273,920048328_VA,TSS,Outflow,33
39.0,920048328_VA,TSS,Outflow,33
83.0,920048328_VA,TSS,Outflow,33
17.20000076293945,920048328_VA,TSS,Outflow,34
6.0,920048328_VA,TSS,Outflow,34
9.5,920048328_VA,TSS,Outflow,34
8.0,920048328_VA,TSS,Outflow,34
10.0,920048328_VA,TSS,Outflow,34
4.0,920048328_VA,TSS,Outflow,35
4.400000095367432,920048328_VA,TSS,Outflow,35
15.19999980926514,920048328_VA,TSS,Outflow,35
12.80000019073486,920048328_VA,TSS,Outflow,35
6.0,920048328_VA,TSS,Outflow,35
12.80000019073486,920048328_VA,TSS,Outflow,36
36.0,920048328_VA,TSS,Outflow,36
3.200000047683716,920048328_VA,TSS,Outflow,36
18.0,920048328_VA,TSS,Outflow,36
6.0,920048328_VA,TSS,Outflow,36
36.0,920048328_VA,TSS,Outflow,37
15.19999980926514,920048328_VA,TSS,Outflow,37
33.0,920048328_VA,TSS,Outflow,37
3.200000047683716,920048328_VA,TSS,Outflow,37
83.0,920048328_VA,TSS,Outflow,37
6.0,920048328_VA,TSS,Outflow,38
23.60000038146973,920048328_VA,TSS,Outflow,38
4.400000095367432,920048328_VA,TSS,Outflow,38
8.0,920048328_VA,TSS,Outflow,38
15.19999980926514,920048328_VA,TSS,Outflow,38
168.0,920048328_VA,TSS,Outflow,39
61.0,920048328_VA,TSS,Outflow,39
39.0,920048328_VA,TSS,Outflow,39
15.19999980926514,920048328_VA,TSS,Outflow,39
83.0,920048328_VA,TSS,Outflow,39
8.399999618530273,920048328_VA,TSS,Outflow,40
15.19999980926514,920048328_VA,TSS,Outflow,40
12.80000019073486,920048328_VA,TSS,Outflow,40
83.0,920048328_VA,TSS,Outflow,40
39.0,920048328_VA,TSS,Outflow,40
61.0,920048328_VA,TSS,Outflow,41
10.0,920048328_VA,TSS,Outflow,41
18.0,920048328_VA,TSS,Outflow,41
18.0,920048328_VA,TSS,Outflow,41
9.5,920048328_VA,TSS,Outflow,41
47.0,920048328_VA,TSS,Outflow,42
15.19999980926514,920048328_VA,TSS,Outflow,42
39.0,920048328_VA,TSS,Outflow,42
3.599999904632568,920048328_VA,TSS,Outflow,42
9.5,920048328_VA,TSS,Outflow,42
3.599999904632568,920048328_VA,TSS,Outflow,43
47.0,920048328_VA,TSS,Outflow,43
9.5,920048328_VA,TSS,Outflow,43
22.0,920048328_VA,TSS,Outflow,43
6.0,920048328_VA,TSS,Outflow,43
10.0,920048328_VA,TSS,Outflow,44
9.5,920048328_VA,TSS,Outflow,44
47.0,920048328_VA,TSS,Outflow,44
15.60000038146973,920048328_VA,TSS,Outflow,44
61.0,920048328_VA,TSS,Outflow,44
15.19999980926514,920048328_VA,TSS,Outflow,45
12.80000019073486,920048328_VA,TSS,Outflow,45
8.399999618530273,920048328_VA,TSS,Outflow,45
8.800000190734863,920048328_VA,TSS,Outflow,45
39.0,920048328_VA,TSS,Outflow,45
22.0,920048328_VA,TSS,Outflow,46
28.0,920048328_VA,TSS,Outflow,46
6.0,920048328_VA,TSS,Outflow,46
39.0,920048328_VA,TSS,Outflow,46
36.0,920048328_VA,TSS,Outflow,46
61.0,920048328_VA,TSS,Outflow,47
33.0,920048328_VA,TSS,Outflow,47
36.0,920048328_VA,TSS,Outflow,47
3.599999904632568,920048328_VA,TSS,Outflow,47
83.0,920048328_VA,TSS,Outflow,47
8.399999618530273,920048328_VA,TSS,Outflow,48
5.599999904632568,920048328_VA,TSS,Outflow,48
8.0,920048328_VA,TSS,Outflow,48
22.0,920048328_VA,TSS,Outflow,48
61.0,920048328_VA,TSS,Outflow,48
15.60000038146973,920048328_VA,TSS,Outflow,49
4.400000095367432,920048328_VA,TSS,Outflow,49
12.80000019073486,920048328_VA,TSS,Outflow,49
9.5,920048328_VA,TSS,Outflow,49
83.0,920048328_VA,TSS,Outflow,49
15.19999980926514,920048328_VA,TSS,Outflow,50
36.0,920048328_VA,TSS,Outflow,50
10.0,920048328_VA,TSS,Outflow,50
15.19999980926514,920048328_VA,TSS,Outflow,50
8.399999618530273,920048328_VA,TSS,Outflow,50
83.0,920048328_VA,TSS,Outflow,51
6.400000095367432,920048328_VA,TSS,Outflow,51
5.599999904632568,920048328_VA,TSS,Outflow,51
15.19999980926514,920048328_VA,TSS,Outflow,51
22.0,920048328_VA,TSS,Outflow,51
10.0,920048328_VA,TSS,Outflow,52
15.19999980926514,920048328_VA,TSS,Outflow,52
10.0,920048328_VA,TSS,Outflow,52
22.0,920048328_VA,TSS,Outflow,52
18.0,920048328_VA,TSS,Outflow,52
10.0,920048328_VA,TSS,Outflow,53
18.0,920048328_VA,TSS,Outflow,53
61.0,920048328_VA,TSS,Outflow,53
16.39999961853027,920048328_VA,TSS,Outflow,53
83.0,920048328_VA,TSS,Outflow,53
168.0,920048328_VA,TSS,Outflow,54
10.0,920048328_VA,TSS,Outflow,54
28.0,920048328_VA,TSS,Outflow,54
6.0,920048328_VA,TSS,Outflow,54
4.0,920048328_VA,TSS,Outflow,54
15.19999980926514,920048328_VA,TSS,Outflow,55
15.60000038146973,920048328_VA,TSS,Outflow,55
4.400000095367432,920048328_VA,TSS,Outflow,55
33.0,920048328_VA,TSS,Outflow,55
15.19999980926514,920048328_VA,TSS,Outflow,55
168.0,920048328_VA,TSS,Outflow,56
22.0,920048328_VA,TSS,Outflow,56
15.60000038146973,920048328_VA,TSS,Outflow,56
5.599999904632568,920048328_VA,TSS,Outflow,56
47.0,920048328_VA,TSS,Outflow,56
18.0,920048328_VA,TSS,Outflow,57
16.39999961853027,920048328_VA,TSS,Outflow,57
39.0,920048328_VA,TSS,Outflow,57
13.60000038146973,920048328_VA,TSS,Outflow,57
23.60000038146973,920048328_VA,TSS,Outflow,57
15.60000038146973,920048328_VA,TSS,Outflow,58
13.60000038146973,920048328_VA,TSS,Outflow,58
12.80000019073486,920048328_VA,TSS,Outflow,58
28.0,920048328_VA,TSS,Outflow,58
36.0,920048328_VA,TSS,Outflow,58
6.400000095367432,920048328_VA,TSS,Outflow,59
6.0,920048328_VA,TSS,Outflow,59
10.0,920048328_VA,TSS,Outflow,59
83.0,920048328_VA,TSS,Outflow,59
8.800000190734863,920048328_VA,TSS,Outflow,59
3.599999904632568,920048328_VA,TSS,Outflow,60
6.400000095367432,920048328_VA,TSS,Outflow,60
3.200000047683716,920048328_VA,TSS,Outflow,60
15.19999980926514,920048328_VA,TSS,Outflow,60
18.0,920048328_VA,TSS,Outflow,60
61.0,920048328_VA,TSS,Outflow,61
6.0,920048328_VA,TSS,Outflow,61
18.0,920048328_VA,TSS,Outflow,61
15.60000038146973,920048328_VA,TSS,Outflow,61
168.0,920048328_VA,TSS,Outflow,61
12.80000019073486,920048328_VA,TSS,Outflow,62
10.0,920048328_VA,TSS,Outflow,62
3.599999904632568,920048328_VA,TSS,Outflow,62
18.0,920048328_VA,TSS,Outflow,62
23.60000038146973,920048328_VA,TSS,Outflow,62
15.60000038146973,920048328_VA,TSS,Outflow,63
36.0,920048328_VA,TSS,Outflow,63
13.60000038146973,920048328_VA,TSS,Outflow,63
6.0,920048328_VA,TSS,Outflow,63
10.0,920048328_VA,TSS,Outflow,63
8.800000190734863,920048328_VA,TSS,Outflow,64
16.39999961853027,920048328_VA,TSS,Outflow,64
9.5,920048328_VA,TSS,Outflow,64
3.599999904632568,920048328_VA,TSS,Outflow,64
15.19999980926514,920048328_VA,TSS,Outflow,64
33.0,920048328_VA,TSS,Outflow,65
4.0,920048328_VA,TSS,Outflow,65
83.0,920048328_VA,TSS,Outflow,65
9.5,920048328_VA,TSS,Outflow,65
18.0,920048328_VA,TSS,Outflow,65
3.200000047683716,920048328_VA,TSS,Outflow,66
33.0,920048328_VA,TSS,Outflow,66
3.599999904632568,920048328_VA,TSS,Outflow,66
15.60000038146973,920048328_VA,TSS,Outflow,66
6.0,920048328_VA,TSS,Outflow,66
3.200000047683716,920048328_VA,TSS,Outflow,67
47.0,920048328_VA,TSS,Outflow,67
18.0,920048328_VA,TSS,Outflow,67
12.80000019073486,920048328_VA,TSS,Outflow,67
10.0,920048328_VA,TSS,Outflow,67
9.5,920048328_VA,TSS,Outflow,68
168.0,920048328_VA,TSS,Outflow,68
4.0,920048328_VA,TSS,Outflow,68
6.0,920048328_VA,TSS,Outflow,68
39.0,920048328_VA,TSS,Outflow,68
6.0,920048328_VA,TSS,Outflow,69
39.0,920048328_VA,TSS,Outflow,69
18.0,920048328_VA,TSS,Outflow,69
8.800000190734863,920048328_VA,TSS,Outflow,69
28.0,920048328_VA,TSS,Outflow,69
3.599999904632568,920048328_VA,TSS,Outflow,70
6.0,920048328_VA,TSS,Outflow,70
3.200000047683716,920048328_VA,TSS,Outflow,70
8.0,920048328_VA,TSS,Outflow,70
47.0,920048328_VA,TSS,Outflow,70
18.0,920048328_VA,TSS,Outflow,71
5.599999904632568,920048328_VA,TSS,Outflow,71
6.0,920048328_VA,TSS,Outflow,71
23.60000038146973,920048328_VA,TSS,Outflow,71
9.5,920048328_VA,TSS,Outflow,71
15.19999980926514,920048328_VA,TSS,Outflow,72
4.0,920048328_VA,TSS,Outflow,72
39.0,920048328_VA,TSS,Outflow,72
15.60000038146973,920048328_VA,TSS,Outflow,72
28.0,920048328_VA,TSS,Outflow,72
15.19999980926514,920048328_VA,TSS,Outflow,73
22.0,920048328_VA,TSS,Outflow,73
8.0,920048328_VA,TSS,Outflow,73
4.0,920048328_VA,TSS,Outflow,73
6.0,920048328_VA,TSS,Outflow,73
3.200000047683716,920048328_VA,TSS,Outflow,74
10.0,920048328_VA,TSS,Outflow,74
22.0,920048328_VA,TSS,Outflow,74
12.80000019073486,920048328_VA,TSS,Outflow,74
168.0,920048328_VA,TSS,Outflow,74
6.0,920048328_VA,TSS,Outflow,75
10.0,920048328_VA,TSS,Outflow,75
16.39999961853027,920048328_VA,TSS,Outflow,75
8.0,920048328_VA,TSS,Outflow,75
3.599999904632568,920048328_VA,TSS,Outflow,75
8.399999618530273,920048328_VA,TSS,Outflow,76
10.0,920048328_VA,TSS,Outflow,76
47.0,920048328_VA,TSS,Outflow,76
33.0,920048328_VA,TSS,Outflow,76
17.20000076293945,920048328_VA,TSS,Outflow,76
15.60000038146973,920048328_VA,TSS,Outflow,77
10.0,920048328_VA,TSS,Outflow,77
6.0,920048328_VA,TSS,Outflow,77
33.0,920048328_VA,TSS,Outflow,77
15.19999980926514,920048328_VA,TSS,Outflow,77
6.0,920048328_VA,TSS,Outflow,78
16.39999961853027,920048328_VA,TSS,Outflow,78
23.60000038146973,920048328_VA,TSS,Outflow,78
22.0,920048328_VA,TSS,Outflow,78
10.0,920048328_VA,TSS,Outflow,78
6.400000095367432,920048328_VA,TSS,Outflow,79
61.0,920048328_VA,TSS,Outflow,79
83.0,920048328_VA,TSS,Outflow,79
47.0,920048328_VA,TSS,Outflow,79
15.19999980926514,920048328_VA,TSS,Outflow,79
15.19999980926514,920048328_VA,TSS,Outflow,80
39.0,920048328_VA,TSS,Outflow,80
6.0,920048328_VA,TSS,Outflow,80
61.0,920048328_VA,TSS,Outflow,80
9.5,920048328_VA,TSS,Outflow,80
17.20000076293945,920048328_VA,TSS,Outflow,81
4.0,920048328_VA,TSS,Outflow,81
18.0,920048328_VA,TSS,Outflow,81
6.0,920048328_VA,TSS,Outflow,81
61.0,920048328_VA,TSS,Outflow,81
10.0,920048328_VA,TSS,Outflow,82
23.60000038146973,920048328_VA,TSS,Outflow,82
61.0,920048328_VA,TSS,Outflow,82
15.19999980926514,920048328_VA,TSS,Outflow,82
83.0,920048328_VA,TSS,Outflow,82
22.0,920048328_VA,TSS,Outflow,83
6.0,920048328_VA,TSS,Outflow,83
18.0,920048328_VA,TSS,Outflow,83
3.599999904632568,920048328_VA,TSS,Outflow,83
18.0,920048328_VA,TSS,Outflow,83
6.0,920048328_VA,TSS,Outflow,84
6.400000095367432,920048328_VA,TSS,Outflow,84
23.60000038146973,920048328_VA,TSS,Outflow,84
16.39999961853027,920048328_VA,TSS,Outflow,84
6.0,920048328_VA,TSS,Outflow,84
3.599999904632568,920048328_VA,TSS,Outflow,85
18.0,920048328_VA,TSS,Outflow,85
8.0,920048328_VA,TSS,Outflow,85
5.599999904632568,920048328_VA,TSS,Outflow,85
13.60000038146973,920048328_VA,TSS,Outflow,85
6.400000095367432,920048328_VA,TSS,Outflow,86
8.800000190734863,920048328_VA,TSS,Outflow,86
18.0,920048328_VA,TSS,Outflow,86
36.0,920048328_VA,TSS,Outflow,86
22.0,920048328_VA,TSS,Outflow,86
15.19999980926514,920048328_VA,TSS,Outflow,87
5.599999904632568,920048328_VA,TSS,Outflow,87
3.200000047683716,920048328_VA,TSS,Outflow,87
4.0,920048328_VA,TSS,Outflow,87
61.0,920048328_VA,TSS,Outflow,87
36.0,920048328_VA,TSS,Outflow,88
3.599999904632568,920048328_VA,TSS,Outflow,88
18.0,920048328_VA,TSS,Outflow,88
33.0,920048328_VA,TSS,Outflow,88
6.0,920048328_VA,TSS,Outflow,88
36.0,920048328_VA,TSS,Outflow,89
8.0,920048328_VA,TSS,Outflow,89
39.0,920048328_VA,TSS,Outflow,89
5.599999904632568,920048328_VA,TSS,Outflow,89
23.60000038146973,920048328_VA,TSS,Outflow,89
18.0,920048328_VA,TSS,Outflow,90
5.599999904632568,920048328_VA,TSS,Outflow,90
8.0,920048328_VA,TSS,Outflow,90
10.0,920048328_VA,TSS,Outflow,90
16.39999961853027,920048328_VA,TSS,Outflow,90
83.0,920048328_VA,TSS,Outflow,91
33.0,920048328_VA,TSS,Outflow,91
18.0,920048328_VA,TSS,Outflow,91
18.0,920048328_VA,TSS,Outflow,91
6.400000095367432,920048328_VA,TSS,Outflow,91
12.80000019073486,920048328_VA,TSS,Outflow,92
15.60000038146973,920048328_VA,TSS,Outflow,92
28.0,920048328_VA,TSS,Outflow,92
18.0,920048328_VA,TSS,Outflow,92
6.400000095367432,920048328_VA,TSS,Outflow,92
4.0,920048328_VA,TSS,Outflow,93
6.0,920048328_VA,TSS,Outflow,93
13.60000038146973,920048328_VA,TSS,Outflow,93
18.0,920048328_VA,TSS,Outflow,93
15.19999980926514,920048328_VA,TSS,Outflow,93
23.60000038146973,920048328_VA,TSS,Outflow,94
3.200000047683716,920048328_VA,TSS,Outflow,94
39.0,920048328_VA,TSS,Outflow,94
22.0,920048328_VA,TSS,Outflow,94
15.19999980926514,920048328_VA,TSS,Outflow,94
17.20000076293945,920048328_VA,TSS,Outflow,95
8.0,920048328_VA,TSS,Outflow,95
6.0,920048328_VA,TSS,Outflow,95
3.599999904632568,920048328_VA,TSS,Outflow,95
16.39999961853027,920048328_VA,TSS,Outflow,95
18.0,920048328_VA,TSS,Outflow,96
9.5,920048328_VA,TSS,Outflow,96
33.0,920048328_VA,TSS,Outflow,96
23.60000038146973,920048328_VA,TSS,Outflow,96
4.400000095367432,920048328_VA,TSS,Outflow,96
23.60000038146973,920048328_VA,TSS,Outflow,97
6.0,920048328_VA,TSS,Outflow,97
8.800000190734863,920048328_VA,TSS,Outflow,97
6.400000095367432,920048328_VA,TSS,Outflow,97
6.0,920048328_VA,TSS,Outflow,97
15.60000038146973,920048328_VA,TSS,Outflow,98
3.599999904632568,920048328_VA,TSS,Outflow,98
4.400000095367432,920048328_VA,TSS,Outflow,98
6.400000095367432,920048328_VA,TSS,Outflow,98
15.19999980926514,920048328_VA,TSS,Outflow,98
16.39999961853027,920048328_VA,TSS,Outflow,99
13.60000038146973,920048328_VA,TSS,Outflow,99
3.599999904632568,920048328_VA,TSS,Outflow,99
61.0,920048328_VA,TSS,Outflow,99
5.599999904632568,920048328_VA,TSS,Outflow,99
36.0,920048328_VA,TSS,Outflow,100
61.0,920048328_VA,TSS,Outflow,100
4.0,920048328_VA,TSS,Outflow,100
18.0,920048328_VA,TSS,Outflow,100
47.0,920048328_VA,TSS,Outflow,100
13.60000038146973,920048328_VA,TSS,Outflow,101
23.60000038146973,920048328_VA,TSS,Outflow,101
168.0,920048328_VA,TSS,Outflow,101
6.0,920048328_VA,TSS,Outflow,101
18.0,920048328_VA,TSS,Outflow,101
47.0,920048328_VA,TSS,Outflow,102
22.0,920048328_VA,TSS,Outflow,102
18.0,920048328_VA,TSS,Outflow,102
28.0,920048328_VA,TSS,Outflow,102
18.0,920048328_VA,TSS,Outflow,102
6.0,920048328_VA,TSS,Outflow,103
9.5,920048328_VA,TSS,Outflow,103
3.599999904632568,920048328_VA,TSS,Outflow,103
16.39999961853027,920048328_VA,TSS,Outflow,103
8.0,920048328_VA,TSS,Outflow,103
168.0,920048328_VA,TSS,Outflow,104
18.0,920048328_VA,TSS,Outflow,104
39.0,920048328_VA,TSS,Outflow,104
17.20000076293945,920048328_VA,TSS,Outflow,104
18.0,920048328_VA,TSS,Outflow,104
3.200000047683716,920048328_VA,TSS,Outflow,105
22.0,920048328_VA,TSS,Outflow,105
6.400000095367432,920048328_VA,TSS,Outflow,105
8.800000190734863,920048328_VA,TSS,Outflow,105
15.60000038146973,920048328_VA,TSS,Outflow,105
15.19999980926514,920048328_VA,TSS,Outflow,106
8.0,920048328_VA,TSS,Outflow,106
3.200000047683716,920048328_VA,TSS,Outflow,106
18.0,920048328_VA,TSS,Outflow,106
4.400000095367432,920048328_VA,TSS,Outflow,106
39.0,920048328_VA,TSS,Outflow,107
15.60000038146973,920048328_VA,TSS,Outflow,107
18.0,920048328_VA,TSS,Outflow,107
22.0,920048328_VA,TSS,Outflow,107
16.39999961853027,920048328_VA,TSS,Outflow,107
39.0,920048328_VA,TSS,Outflow,108
17.20000076293945,920048328_VA,TSS,Outflow,108
8.399999618530273,920048328_VA,TSS,Outflow,108
18.0,920048328_VA,TSS,Outflow,108
16.39999961853027,920048328_VA,TSS,Outflow,108
39.0,920048328_VA,TSS,Outflow,109
15.19999980926514,920048328_VA,TSS,Outflow,109
23.60000038146973,920048328_VA,TSS,Outflow,109
8.800000190734863,920048328_VA,TSS,Outflow,109
22.0,920048328_VA,TSS,Outflow,109
17.20000076293945,920048328_VA,TSS,Outflow,110
4.0,920048328_VA,TSS,Outflow,110
3.599999904632568,920048328_VA,TSS,Outflow,110
6.0,920048328_VA,TSS,Outflow,110
10.0,920048328_VA,TSS,Outflow,110
23.60000038146973,920048328_VA,TSS,Outflow,111
10.0,920048328_VA,TSS,Outflow,111
33.0,920048328_VA,TSS,Outflow,111
39.0,920048328_VA,TSS,Outflow,111
15.19999980926514,920048328_VA,TSS,Outflow,111
8.800000190734863,920048328_VA,TSS,Outflow,112
15.19999980926514,920048328_VA,TSS,Outflow,112
6.0,920048328_VA,TSS,Outflow,112
33.0,920048328_VA,TSS,Outflow,112
17.20000076293945,920048328_VA,TSS,Outflow,112
8.800000190734863,920048328_VA,TSS,Outflow,113
61.0,920048328_VA,TSS,Outflow,113
10.0,920048328_VA,TSS,Outflow,113
83.0,920048328_VA,TSS,Outflow,113
36.0,920048328_VA,TSS,Outflow,113
47.0,920048328_VA,TSS,Outflow,114
17.20000076293945,920048328_VA,TSS,Outflow,114
15.60000038146973,920048328_VA,TSS,Outflow,114
3.200000047683716,920048328_VA,TSS,Outflow,114
10.0,920048328_VA,TSS,Outflow,114
15.19999980926514,920048328_VA,TSS,Outflow,115
39.0,920048328_VA,TSS,Outflow,115
8.399999618530273,920048328_VA,TSS,Outflow,115
12.80000019073486,920048328_VA,TSS,Outflow,115
47.0,920048328_VA,TSS,Outflow,115
39.0,920048328_VA,TSS,Outflow,116
6.400000095367432,920048328_VA,TSS,Outflow,116
47.0,920048328_VA,TSS,Outflow,116
16.39999961853027,920048328_VA,TSS,Outflow,116
61.0,920048328_VA,TSS,Outflow,116
61.0,920048328_VA,TSS,Outflow,117
83.0,920048328_VA,TSS,Outflow,117
10.0,920048328_VA,TSS,Outflow,117
13.60000038146973,920048328_VA,TSS,Outflow,117
5.599999904632568,920048328_VA,TSS,Outflow,117
47.0,920048328_VA,TSS,Outflow,118
23.60000038146973,920048328_VA,TSS,Outflow,118
15.19999980926514,920048328_VA,TSS,Outflow,118
10.0,920048328_VA,TSS,Outflow,118
61.0,920048328_VA,TSS,Outflow,118
6.0,920048328_VA,TSS,Outflow,119
15.60000038146973,920048328_VA,TSS,Outflow,119
39.0,920048328_VA,TSS,Outflow,119
12.80000019073486,920048328_VA,TSS,Outflow,119
8.800000190734863,920048328_VA,TSS,Outflow,119
15.19999980926514,920048328_VA,TSS,Outflow,120
4.400000095367432,920048328_VA,TSS,Outflow,120
17.20000076293945,920048328_VA,TSS,Outflow,120
23.60000038146973,920048328_VA,TSS,Outflow,120
39.0,920048328_VA,TSS,Outflow,120
6.0,920048328_VA,TSS,Outflow,121
12.80000019073486,920048328_VA,TSS,Outflow,121
4.0,920048328_VA,TSS,Outflow,121
33.0,920048328_VA,TSS,Outflow,121
16.39999961853027,920048328_VA,TSS,Outflow,121
9.5,920048328_VA,TSS,Outflow,122
83.0,920048328_VA,TSS,Outflow,122
4.400000095367432,920048328_VA,TSS,Outflow,122
8.399999618530273,920048328_VA,TSS,Outflow,122
47.0,920048328_VA,TSS,Outflow,122
18.0,920048328_VA,TSS,Outflow,123
12.80000019073486,920048328_VA,TSS,Outflow,123
6.400000095367432,920048328_VA,TSS,Outflow,123
18.0,920048328_VA,TSS,Outflow,123
39.0,920048328_VA,TSS,Outflow,123
4.400000095367432,920048328_VA,TSS,Outflow,124
17.20000076293945,920048328_VA,TSS,Outflow,124
8.399999618530273,920048328_VA,TSS,Outflow,124
15.19999980926514,920048328_VA,TSS,Outflow,124
18.0,920048328_VA,TSS,Outflow,124
8.0,920048328_VA,TSS,Outflow,125
28.0,920048328_VA,TSS,Outflow,125
18.0,920048328_VA,TSS,Outflow,125
5.599999904632568,920048328_VA,TSS,Outflow,125
39.0,920048328_VA,TSS,Outflow,125
12.80000019073486,920048328_VA,TSS,Outflow,126
15.60000038146973,920048328_VA,TSS,Outflow,126
15.19999980926514,920048328_VA,TSS,Outflow,126
39.0,920048328_VA,TSS,Outflow,126
18.0,920048328_VA,TSS,Outflow,126
15.19999980926514,920048328_VA,TSS,Outflow,127
18.0,920048328_VA,TSS,Outflow,127
10.0,920048328_VA,TSS,Outflow,127
61.0,920048328_VA,TSS,Outflow,127
28.0,920048328_VA,TSS,Outflow,127
15.19999980926514,920048328_VA,TSS,Outflow,128
8.399999618530273,920048328_VA,TSS,Outflow,128
10.0,920048328_VA,TSS,Outflow,128
13.60000038146973,920048328_VA,TSS,Outflow,128
4.0,920048328_VA,TSS,Outflow,128
8.399999618530273,920048328_VA,TSS,Outflow,129
47.0,920048328_VA,TSS,Outflow,129
33.0,920048328_VA,TSS,Outflow,129
8.800000190734863,920048328_VA,TSS,Outflow,129
28.0,920048328_VA,TSS,Outflow,129
61.0,920048328_VA,TSS,Outflow,130
12.80000019073486,920048328_VA,TSS,Outflow,130
3.200000047683716,920048328_VA,TSS,Outflow,130
4.400000095367432,920048328_VA,TSS,Outflow,130
18.0,920048328_VA,TSS,Outflow,130
5.599999904632568,920048328_VA,TSS,Outflow,131
15.19999980926514,920048328_VA,TSS,Outflow,131
4.0,920048328_VA,TSS,Outflow,131
6.0,920048328_VA,TSS,Outflow,131
18.0,920048328_VA,TSS,Outflow,131
22.0,920048328_VA,TSS,Outflow,132
17.20000076293945,920048328_VA,TSS,Outflow,132
6.0,920048328_VA,TSS,Outflow,132
10.0,920048328_VA,TSS,Outflow,132
10.0,920048328_VA,TSS,Outflow,132
61.0,920048328_VA,TSS,Outflow,133
15.19999980926514,920048328_VA,TSS,Outflow,133
6.0,920048328_VA,TSS,Outflow,133
3.599999904632568,920048328_VA,TSS,Outflow,133
17.20000076293945,920048328_VA,TSS,Outflow,133
6.400000095367432,920048328_VA,TSS,Outflow,134
61.0,920048328_VA,TSS,Outflow,134
39.0,920048328_VA,TSS,Outflow,134
12.80000019073486,920048328_VA,TSS,Outflow,134
17.20000076293945,920048328_VA,TSS,Outflow,134
33.0,920048328_VA,TSS,Outflow,135
3.599999904632568,920048328_VA,TSS,Outflow,135
3.200000047683716,920048328_VA,TSS,Outflow,135
9.5,920048328_VA,TSS,Outflow,135
6.400000095367432,920048328_VA,TSS,Outflow,135
83.0,920048328_VA,TSS,Outflow,136
28.0,920048328_VA,TSS,Outflow,136
3.599999904632568,920048328_VA,TSS,Outflow,136
16.39999961853027,920048328_VA,TSS,Outflow,136
8.0,920048328_VA,TSS,Outflow,136
3.599999904632568,920048328_VA,TSS,Outflow,137
18.0,920048328_VA,TSS,Outflow,137
8.800000190734863,920048328_VA,TSS,Outflow,137
5.599999904632568,920048328_VA,TSS,Outflow,137
13.60000038146973,920048328_VA,TSS,Outflow,137
18.0,920048328_VA,TSS,Outflow,138
5.599999904632568,920048328_VA,TSS,Outflow,138
18.0,920048328_VA,TSS,Outflow,138
61.0,920048328_VA,TSS,Outflow,138
8.399999618530273,920048328_VA,TSS,Outflow,138
15.60000038146973,920048328_VA,TSS,Outflow,139
3.200000047683716,920048328_VA,TSS,Outflow,139
9.5,920048328_VA,TSS,Outflow,139
23.60000038146973,920048328_VA,TSS,Outflow,139
5.599999904632568,920048328_VA,TSS,Outflow,139
15.60000038146973,920048328_VA,TSS,Outflow,140
6.0,920048328_VA,TSS,Outflow,140
12.80000019073486,920048328_VA,TSS,Outflow,140
17.20000076293945,920048328_VA,TSS,Outflow,140
61.0,920048328_VA,TSS,Outflow,140
13.60000038146973,920048328_VA,TSS,Outflow,141
47.0,920048328_VA,TSS,Outflow,141
3.599999904632568,920048328_VA,TSS,Outflow,141
39.0,920048328_VA,TSS,Outflow,141
168.0,920048328_VA,TSS,Outflow,141
9.5,920048328_VA,TSS,Outflow,142
3.200000047683716,920048328_VA,TSS,Outflow,142
6.400000095367432,920048328_VA,TSS,Outflow,142
15.60000038146973,920048328_VA,TSS,Outflow,142
17.20000076293945,920048328_VA,TSS,Outflow,142
12.80000019073486,920048328_VA,TSS,Outflow,143
28.0,920048328_VA,TSS,Outflow,143
3.599999904632568,920048328_VA,TSS,Outflow,143
33.0,920048328_VA,TSS,Outflow,143
39.0,920048328_VA,TSS,Outflow,143
10.0,920048328_VA,TSS,Outflow,144
8.399999618530273,920048328_VA,TSS,Outflow,144
12.80000019073486,920048328_VA,TSS,Outflow,144
6.0,920048328_VA,TSS,Outflow,144
22.0,920048328_VA,TSS,Outflow,144
83.0,920048328_VA,TSS,Outflow,145
61.0,920048328_VA,TSS,Outflow,145
23.60000038146973,920048328_VA,TSS,Outflow,145
8.800000190734863,920048328_VA,TSS,Outflow,145
5.599999904632568,920048328_VA,TSS,Outflow,145
36.0,920048328_VA,TSS,Outflow,146
9.5,920048328_VA,TSS,Outflow,146
15.19999980926514,920048328_VA,TSS,Outflow,146
4.0,920048328_VA,TSS,Outflow,146
3.599999904632568,920048328_VA,TSS,Outflow,146
6.0,920048328_VA,TSS,Outflow,147
12.80000019073486,920048328_VA,TSS,Outflow,147
18.0,920048328_VA,TSS,Outflow,147
8.399999618530273,920048328_VA,TSS,Outflow,147
61.0,920048328_VA,TSS,Outflow,147
18.0,920048328_VA,TSS,Outflow,148
18.0,920048328_VA,TSS,Outflow,148
4.0,920048328_VA,TSS,Outflow,148
6.0,920048328_VA,TSS,Outflow,148
28.0,920048328_VA,TSS,Outflow,148
22.0,920048328_VA,TSS,Outflow,149
15.60000038146973,920048328_VA,TSS,Outflow,149
18.0,920048328_VA,TSS,Outflow,149
6.0,920048328_VA,TSS,Outflow,149
36.0,920048328_VA,TSS,Outflow,149
17.20000076293945,920048328_VA,TSS,Outflow,150
36.0,920048328_VA,TSS,Outflow,150
8.800000190734863,920048328_VA,TSS,Outflow,150
47.0,920048328_VA,TSS,Outflow,150
18.0,920048328_VA,TSS,Outflow,150
8.0,920048328_VA,TSS,Outflow,151
47.0,920048328_VA,TSS,Outflow,151
28.0,920048328_VA,TSS,Outflow,151
15.60000038146973,920048328_VA,TSS,Outflow,151
16.39999961853027,920048328_VA,TSS,Outflow,151
8.399999618530273,920048328_VA,TSS,Outflow,152
3.599999904632568,920048328_VA,TSS,Outflow,152
16.39999961853027,920048328_VA,TSS,Outflow,152
4.400000095367432,920048328_VA,TSS,Outflow,152
15.19999980926514,920048328_VA,TSS,Outflow,152
6.400000095367432,920048328_VA,TSS,Outflow,153
47.0,920048328_VA,TSS,Outflow,153
9.5,920048328_VA,TSS,Outflow,153
39.0,920048328_VA,TSS,Outflow,153
10.0,920048328_VA,TSS,Outflow,153
168.0,920048328_VA,TSS,Outflow,154
4.400000095367432,920048328_VA,TSS,Outflow,154
16.39999961853027,920048328_VA,TSS,Outflow,154
47.0,920048328_VA,TSS,Outflow,154
36.0,920048328_VA,TSS,Outflow,154
168.0,920048328_VA,TSS,Outflow,155
18.0,920048328_VA,TSS,Outflow,155
10.0,920048328_VA,TSS,Outflow,155
6.400000095367432,920048328_VA,TSS,Outflow,155
36.0,920048328_VA,TSS,Outflow,155
168.0,920048328_VA,TSS,Outflow,156
8.399999618530273,920048328_VA,TSS,Outflow,156
3.200000047683716,920048328_VA,TSS,Outflow,156
22.0,920048328_VA,TSS,Outflow,156
9.5,920048328_VA,TSS,Outflow,156
8.399999618530273,920048328_VA,TSS,Outflow,157
168.0,920048328_VA,TSS,Outflow,157
18.0,920048328_VA,TSS,Outflow,157
12.80000019073486,920048328_VA,TSS,Outflow,157
23.60000038146973,920048328_VA,TSS,Outflow,157
39.0,920048328_VA,TSS,Outflow,158
3.200000047683716,920048328_VA,TSS,Outflow,158
168.0,920048328_VA,TSS,Outflow,158
17.20000076293945,920048328_VA,TSS,Outflow,158
5.599999904632568,920048328_VA,TSS,Outflow,158
33.0,920048328_VA,TSS,Outflow,159
3.599999904632568,920048328_VA,TSS,Outflow,159
22.0,920048328_VA,TSS,Outflow,159
15.19999980926514,920048328_VA,TSS,Outflow,159
23.60000038146973,920048328_VA,TSS,Outflow,159
6.400000095367432,920048328_VA,TSS,Outflow,160
10.0,920048328_VA,TSS,Outflow,160
17.20000076293945,920048328_VA,TSS,Outflow,160
28.0,920048328_VA,TSS,Outflow,160
36.0,920048328_VA,TSS,Outflow,160
10.0,920048328_VA,TSS,Outflow,161
5.599999904632568,920048328_VA,TSS,Outflow,161
8.0,920048328_VA,TSS,Outflow,161
6.0,920048328_VA,TSS,Outflow,161
3.599999904632568,920048328_VA,TSS,Outflow,161
8.399999618530273,920048328_VA,TSS,Outflow,162
6.400000095367432,920048328_VA,TSS,Outflow,162
15.19999980926514,920048328_VA,TSS,Outflow,162
10.0,920048328_VA,TSS,Outflow,162
8.800000190734863,920048328_VA,TSS,Outflow,162
33.0,920048328_VA,TSS,Outflow,163
23.60000038146973,920048328_VA,TSS,Outflow,163
6.400000095367432,920048328_VA,TSS,Outflow,163
12.80000019073486,920048328_VA,TSS,Outflow,163
39.0,920048328_VA,TSS,Outflow,163
6.0,920048328_VA,TSS,Outflow,164
4.0,920048328_VA,TSS,Outflow,164
15.60000038146973,920048328_VA,TSS,Outflow,164
3.599999904632568,920048328_VA,TSS,Outflow,164
61.0,920048328_VA,TSS,Outflow,164
4.400000095367432,920048328_VA,TSS,Outflow,165
6.0,920048328_VA,TSS,Outflow,165
28.0,920048328_VA,TSS,Outflow,165
6.0,920048328_VA,TSS,Outflow,165
3.599999904632568,920048328_VA,TSS,Outflow,165
28.0,920048328_VA,TSS,Outflow,166
8.399999618530273,920048328_VA,TSS,Outflow,166
39.0,920048328_VA,TSS,Outflow,166
5.599999904632568,920048328_VA,TSS,Outflow,166
12.80000019073486,920048328_VA,TSS,Outflow,166
18.0,920048328_VA,TSS,Outflow,167
18.0,920048328_VA,TSS,Outflow,167
28.0,920048328_VA,TSS,Outflow,167
9.5,920048328_VA,TSS,Outflow,167
6.0,920048328_VA,TSS,Outflow,167
5.599999904632568,920048328_VA,TSS,Outflow,168
12.80000019073486,920048328_VA,TSS,Outflow,168
8.800000190734863,920048328_VA,TSS,Outflow,168
6.0,920048328_VA,TSS,Outflow,168
23.60000038146973,920048328_VA,TSS,Outflow,168
5.599999904632568,920048328_VA,TSS,Outflow,169
15.19999980926514,920048328_VA,TSS,Outflow,169
23.60000038146973,920048328_VA,TSS,Outflow,169
47.0,920048328_VA,TSS,Outflow,169
10.0,920048328_VA,TSS,Outflow,169
15.19999980926514,920048328_VA,TSS,Outflow,170
8.800000190734863,920048328_VA,TSS,Outflow,170
168.0,920048328_VA,TSS,Outflow,170
6.0,920048328_VA,TSS,Outflow,170
5.599999904632568,920048328_VA,TSS,Outflow,170
33.0,920048328_VA,TSS,Outflow,171
47.0,920048328_VA,TSS,Outflow,171
17.20000076293945,920048328_VA,TSS,Outflow,171
4.400000095367432,920048328_VA,TSS,Outflow,171
8.0,920048328_VA,TSS,Outflow,171
39.0,920048328_VA,TSS,Outflow,172
36.0,920048328_VA,TSS,Outflow,172
4.400000095367432,920048328_VA,TSS,Outflow,172
5.599999904632568,920048328_VA,TSS,Outflow,172
15.19999980926514,920048328_VA,TSS,Outflow,172
15.19999980926514,920048328_VA,TSS,Outflow,173
15.19999980926514,920048328_VA,TSS,Outflow,173
10.0,920048328_VA,TSS,Outflow,173
23.60000038146973,920048328_VA,TSS,Outflow,173
16.39999961853027,920048328_VA,TSS,Outflow,173
15.19999980926514,920048328_VA,TSS,Outflow,174
4.400000095367432,920048328_VA,TSS,Outflow,174
39.0,920048328_VA,TSS,Outflow,174
17.20000076293945,920048328_VA,TSS,Outflow,174
6.0,920048328_VA,TSS,Outflow,174
18.0,920048328_VA,TSS,Outflow,175
6.0,920048328_VA,TSS,Outflow,175
168.0,920048328_VA,TSS,Outflow,175
6.400000095367432,920048328_VA,TSS,Outflow,175
3.599999904632568,920048328_VA,TSS,Outflow,175
4.0,920048328_VA,TSS,Outflow,176
5.599999904632568,920048328_VA,TSS,Outflow,176
6.0,920048328_VA,TSS,Outflow,176
8.800000190734863,920048328_VA,TSS,Outflow,176
6.400000095367432,920048328_VA,TSS,Outflow,176
33.0,920048328_VA,TSS,Outflow,177
5.599999904632568,920048328_VA,TSS,Outflow,177
8.399999618530273,920048328_VA,TSS,Outflow,177
9.5,920048328_VA,TSS,Outflow,177
28.0,920048328_VA,TSS,Outflow,177
15.19999980926514,920048328_VA,TSS,Outflow,178
83.0,920048328_VA,TSS,Outflow,178
22.0,920048328_VA,TSS,Outflow,178
13.60000038146973,920048328_VA,TSS,Outflow,178
3.599999904632568,920048328_VA,TSS,Outflow,178
9.5,920048328_VA,TSS,Outflow,179
83.0,920048328_VA,TSS,Outflow,179
33.0,920048328_VA,TSS,Outflow,179
36.0,920048328_VA,TSS,Outflow,179
168.0,920048328_VA,TSS,Outflow,179
168.0,920048328_VA,TSS,Outflow,180
39.0,920048328_VA,TSS,Outflow,180
5.599999904632568,920048328_VA,TSS,Outflow,180
33.0,920048328_VA,TSS,Outflow,180
4.0,920048328_VA,TSS,Outflow,180
15.19999980926514,920048328_VA,TSS,Outflow,181
39.0,920048328_VA,TSS,Outflow,181
18.0,920048328_VA,TSS,Outflow,181
9.5,920048328_VA,TSS,Outflow,181
36.0,920048328_VA,TSS,Outflow,181
15.19999980926514,920048328_VA,TSS,Outflow,182
18.0,920048328_VA,TSS,Outflow,182
8.0,920048328_VA,TSS,Outflow,182
36.0,920048328_VA,TSS,Outflow,182
8.800000190734863,920048328_VA,TSS,Outflow,182
13.60000038146973,920048328_VA,TSS,Outflow,183
18.0,920048328_VA,TSS,Outflow,183
5.599999904632568,920048328_VA,TSS,Outflow,183
47.0,920048328_VA,TSS,Outflow,183
36.0,920048328_VA,TSS,Outflow,183
22.0,920048328_VA,TSS,Outflow,184
168.0,920048328_VA,TSS,Outflow,184
6.0,920048328_VA,TSS,Outflow,184
8.399999618530273,920048328_VA,TSS,Outflow,184
39.0,920048328_VA,TSS,Outflow,184
18.0,920048328_VA,TSS,Outflow,185
36.0,920048328_VA,TSS,Outflow,185
15.19999980926514,920048328_VA,TSS,Outflow,185
5.599999904632568,920048328_VA,TSS,Outflow,185
47.0,920048328_VA,TSS,Outflow,185
17.20000076293945,920048328_VA,TSS,Outflow,186
23.60000038146973,920048328_VA,TSS,Outflow,186
33.0,920048328_VA,TSS,Outflow,186
4.0,920048328_VA,TSS,Outflow,186
15.19999980926514,920048328_VA,TSS,Outflow,186
18.0,920048328_VA,TSS,Outflow,187
3.200000047683716,920048328_VA,TSS,Outflow,187
61.0,920048328_VA,TSS,Outflow,187
22.0,920048328_VA,TSS,Outflow,187
6.0,920048328_VA,TSS,Outflow,187
16.39999961853027,920048328_VA,TSS,Outflow,188
39.0,920048328_VA,TSS,Outflow,188
4.0,920048328_VA,TSS,Outflow,188
168.0,920048328_VA,TSS,Outflow,188
10.0,920048328_VA,TSS,Outflow,188
5.599999904632568,920048328_VA,TSS,Outflow,189
10.0,920048328_VA,TSS,Outflow,189
15.19999980926514,920048328_VA,TSS,Outflow,189
4.0,920048328_VA,TSS,Outflow,189
18.0,920048328_VA,TSS,Outflow,189
36.0,920048328_VA,TSS,Outflow,190
17.20000076293945,920048328_VA,TSS,Outflow,190
61.0,920048328_VA,TSS,Outflow,190
23.60000038146973,920048328_VA,TSS,Outflow,190
3.200000047683716,920048328_VA,TSS,Outflow,190
47.0,920048328_VA,TSS,Outflow,191
39.0,920048328_VA,TSS,Outflow,191
36.0,920048328_VA,TSS,Outflow,191
13.60000038146973,920048328_VA,TSS,Outflow,191
6.0,920048328_VA,TSS,Outflow,191
17.20000076293945,920048328_VA,TSS,Outflow,192
16.39999961853027,920048328_VA,TSS,Outflow,192
6.0,920048328_VA,TSS,Outflow,192
61.0,920048328_VA,TSS,Outflow,192
18.0,920048328_VA,TSS,Outflow,192
8.0,920048328_VA,TSS,Outflow,193
6.0,920048328_VA,TSS,Outflow,193
15.60000038146973,920048328_VA,TSS,Outflow,193
9.5,920048328_VA,TSS,Outflow,193
168.0,920048328_VA,TSS,Outflow,193
10.0,920048328_VA,TSS,Outflow,194
4.0,920048328_VA,TSS,Outflow,194
33.0,920048328_VA,TSS,Outflow,194
28.0,920048328_VA,TSS,Outflow,194
18.0,920048328_VA,TSS,Outflow,194
83.0,920048328_VA,TSS,Outflow,195
6.0,920048328_VA,TSS,Outflow,195
12.80000019073486,920048328_VA,TSS,Outflow,195
36.0,920048328_VA,TSS,Outflow,195
61.0,920048328_VA,TSS,Outflow,195
10.0,920048328_VA,TSS,Outflow,196
33.0,920048328_VA,TSS,Outflow,196
39.0,920048328_VA,TSS,Outflow,196
61.0,920048328_VA,TSS,Outflow,196
83.0,920048328_VA,TSS,Outflow,196
22.0,920048328_VA,TSS,Outflow,197
3.200000047683716,920048328_VA,TSS,Outflow,197
18.0,920048328_VA,TSS,Outflow,197
13.60000038146973,920048328_VA,TSS,Outflow,197
15.19999980926514,920048328_VA,TSS,Outflow,197
15.60000038146973,920048328_VA,TSS,Outflow,198
83.0,920048328_VA,TSS,Outflow,198
39.0,920048328_VA,TSS,Outflow,198
16.39999961853027,920048328_VA,TSS,Outflow,198
8.0,920048328_VA,TSS,Outflow,198
15.60000038146973,920048328_VA,TSS,Outflow,199
33.0,920048328_VA,TSS,Outflow,199
10.0,920048328_VA,TSS,Outflow,199
18.0,920048328_VA,TSS,Outflow,199
23.60000038146973,920048328_VA,TSS,Outflow,199
61.0,920048328_VA,TSS,Outflow,200
6.400000095367432,920048328_VA,TSS,Outflow,200
8.0,920048328_VA,TSS,Outflow,200
13.60000038146973,920048328_VA,TSS,Outflow,200
36.0,920048328_VA,TSS,Outflow,200
6.0,920048328_VA,TSS,Outflow,201
4.0,920048328_VA,TSS,Outflow,201
22.0,920048328_VA,TSS,Outflow,201
61.0,920048328_VA,TSS,Outflow,201
18.0,920048328_VA,TSS,Outflow,201
16.39999961853027,920048328_VA,TSS,Outflow,202
47.0,920048328_VA,TSS,Outflow,202
36.0,920048328_VA,TSS,Outflow,202
10.0,920048328_VA,TSS,Outflow,202
4.400000095367432,920048328_VA,TSS,Outflow,202
47.0,920048328_VA,TSS,Outflow,203
8.0,920048328_VA,TSS,Outflow,203
15.60000038146973,920048328_VA,TSS,Outflow,203
61.0,920048328_VA,TSS,Outflow,203
23.60000038146973,920048328_VA,TSS,Outflow,203
9.5,920048328_VA,TSS,Outflow,204
3.599999904632568,920048328_VA,TSS,Outflow,204
5.599999904632568,920048328_VA,TSS,Outflow,204
6.0,920048328_VA,TSS,Outflow,204
10.0,920048328_VA,TSS,Outflow,204
6.400000095367432,920048328_VA,TSS,Outflow,205
15.19999980926514,920048328_VA,TSS,Outflow,205
16.39999961853027,920048328_VA,TSS,Outflow,205
12.80000019073486,920048328_VA,TSS,Outflow,205
17.20000076293945,920048328_VA,TSS,Outflow,205
23.60000038146973,920048328_VA,TSS,Outflow,206
168.0,920048328_VA,TSS,Outflow,206
3.599999904632568,920048328_VA,TSS,Outflow,206
15.60000038146973,920048328_VA,TSS,Outflow,206
61.0,920048328_VA,TSS,Outflow,206
23.60000038146973,920048328_VA,TSS,Outflow,207
4.400000095367432,920048328_VA,TSS,Outflow,207
47.0,920048328_VA,TSS,Outflow,207
18.0,920048328_VA,TSS,Outflow,207
6.0,920048328_VA,TSS,Outflow,207
6.0,920048328_VA,TSS,Outflow,208
22.0,920048328_VA,TSS,Outflow,208
6.0,920048328_VA,TSS,Outflow,208
15.19999980926514,920048328_VA,TSS,Outflow,208
18.0,920048328_VA,TSS,Outflow,208
23.60000038146973,920048328_VA,TSS,Outflow,209
3.200000047683716,920048328_VA,TSS,Outflow,209
10.0,920048328_VA,TSS,Outflow,209
4.400000095367432,920048328_VA,TSS,Outflow,209
12.80000019073486,920048328_VA,TSS,Outflow,209
8.399999618530273,920048328_VA,TSS,Outflow,210
4.0,920048328_VA,TSS,Outflow,210
12.80000019073486,920048328_VA,TSS,Outflow,210
10.0,920048328_VA,TSS,Outflow,210
47.0,920048328_VA,TSS,Outflow,210
8.800000190734863,920048328_VA,TSS,Outflow,211
36.0,920048328_VA,TSS,Outflow,211
15.19999980926514,920048328_VA,TSS,Outflow,211
4.0,920048328_VA,TSS,Outflow,211
6.0,920048328_VA,TSS,Outflow,211
8.0,920048328_VA,TSS,Outflow,212
8.399999618530273,920048328_VA,TSS,Outflow,212
4.0,920048328_VA,TSS,Outflow,212
18.0,920048328_VA,TSS,Outflow,212
6.0,920048328_VA,TSS,Outflow,212
18.0,920048328_VA,TSS,Outflow,213
6.0,920048328_VA,TSS,Outflow,213
6.400000095367432,920048328_VA,TSS,Outflow,213
13.60000038146973,920048328_VA,TSS,Outflow,213
15.19999980926514,920048328_VA,TSS,Outflow,213
8.0,920048328_VA,TSS,Outflow,214
28.0,920048328_VA,TSS,Outflow,214
15.60000038146973,920048328_VA,TSS,Outflow,214
13.60000038146973,920048328_VA,TSS,Outflow,214
18.0,920048328_VA,TSS,Outflow,214
5.599999904632568,920048328_VA,TSS,Outflow,215
33.0,920048328_VA,TSS,Outflow,215
16.39999961853027,920048328_VA,TSS,Outflow,215
12.80000019073486,920048328_VA,TSS,Outflow,215
22.0,920048328_VA,TSS,Outflow,215
39.0,920048328_VA,TSS,Outflow,216
18.0,920048328_VA,TSS,Outflow,216
33.0,920048328_VA,TSS,Outflow,216
28.0,920048328_VA,TSS,Outflow,216
23.60000038146973,920048328_VA,TSS,Outflow,216
12.80000019073486,920048328_VA,TSS,Outflow,217
15.19999980926514,920048328_VA,TSS,Outflow,217
3.599999904632568,920048328_VA,TSS,Outflow,217
13.60000038146973,920048328_VA,TSS,Outflow,217
47.0,920048328_VA,TSS,Outflow,217
12.80000019073486,920048328_VA,TSS,Outflow,218
6.400000095367432,920048328_VA,TSS,Outflow,218
61.0,920048328_VA,TSS,Outflow,218
3.200000047683716,920048328_VA,TSS,Outflow,218
22.0,920048328_VA,TSS,Outflow,218
168.0,920048328_VA,TSS,Outflow,219
23.60000038146973,920048328_VA,TSS,Outflow,219
15.19999980926514,920048328_VA,TSS,Outflow,219
15.60000038146973,920048328_VA,TSS,Outflow,219
61.0,920048328_VA,TSS,Outflow,219
47.0,920048328_VA,TSS,Outflow,220
15.19999980926514,920048328_VA,TSS,Outflow,220
13.60000038146973,920048328_VA,TSS,Outflow,220
61.0,920048328_VA,TSS,Outflow,220
12.80000019073486,920048328_VA,TSS,Outflow,220
3.599999904632568,920048328_VA,TSS,Outflow,221
5.599999904632568,920048328_VA,TSS,Outflow,221
18.0,920048328_VA,TSS,Outflow,221
3.200000047683716,920048328_VA,TSS,Outflow,221
33.0,920048328_VA,TSS,Outflow,221
8.800000190734863,920048328_VA,TSS,Outflow,222
15.19999980926514,920048328_VA,TSS,Outflow,222
168.0,920048328_VA,TSS,Outflow,222
17.20000076293945,920048328_VA,TSS,Outflow,222
4.400000095367432,920048328_VA,TSS,Outflow,222
15.19999980926514,920048328_VA,TSS,Outflow,223
33.0,920048328_VA,TSS,Outflow,223
13.60000038146973,920048328_VA,TSS,Outflow,223
17.20000076293945,920048328_VA,TSS,Outflow,223
3.599999904632568,920048328_VA,TSS,Outflow,223
168.0,920048328_VA,TSS,Outflow,224
36.0,920048328_VA,TSS,Outflow,224
83.0,920048328_VA,TSS,Outflow,224
8.0,920048328_VA,TSS,Outflow,224
6.400000095367432,920048328_VA,TSS,Outflow,224
47.0,920048328_VA,TSS,Outflow,225
15.19999980926514,920048328_VA,TSS,Outflow,225
3.200000047683716,920048328_VA,TSS,Outflow,225
8.399999618530273,920048328_VA,TSS,Outflow,225
6.0,920048328_VA,TSS,Outflow,225
47.0,920048328_VA,TSS,Outflow,226
168.0,920048328_VA,TSS,Outflow,226
28.0,920048328_VA,TSS,Outflow,226
8.0,920048328_VA,TSS,Outflow,226
61.0,920048328_VA,TSS,Outflow,226
8.0,920048328_VA,TSS,Outflow,227
83.0,920048328_VA,TSS,Outflow,227
15.60000038146973,920048328_VA,TSS,Outflow,227
3.200000047683716,920048328_VA,TSS,Outflow,227
9.5,920048328_VA,TSS,Outflow,227
33.0,920048328_VA,TSS,Outflow,228
61.0,920048328_VA,TSS,Outflow,228
9.5,920048328_VA,TSS,Outflow,228
18.0,920048328_VA,TSS,Outflow,228
8.399999618530273,920048328_VA,TSS,Outflow,228
18.0,920048328_VA,TSS,Outflow,229
168.0,920048328_VA,TSS,Outflow,229
47.0,920048328_VA,TSS,Outflow,229
36.0,920048328_VA,TSS,Outflow,229
61.0,920048328_VA,TSS,Outflow,229
12.80000019073486,920048328_VA,TSS,Outflow,230
15.19999980926514,920048328_VA,TSS,Outflow,230
8.800000190734863,920048328_VA,TSS,Outflow,230
13.60000038146973,920048328_VA,TSS,Outflow,230
6.400000095367432,920048328_VA,TSS,Outflow,230
47.0,920048328_VA,TSS,Outflow,231
3.599999904632568,920048328_VA,TSS,Outflow,231
15.19999980926514,920048328_VA,TSS,Outflow,231
6.400000095367432,920048328_VA,TSS,Outflow,231
16.39999961853027,920048328_VA,TSS,Outflow,231
18.0,920048328_VA,TSS,Outflow,232
8.0,920048328_VA,TSS,Outflow,232
15.19999980926514,920048328_VA,TSS,Outflow,232
15.60000038146973,920048328_VA,TSS,Outflow,232
16.39999961853027,920048328_VA,TSS,Outflow,232
18.0,920048328_VA,TSS,Outflow,233
15.60000038146973,920048328_VA,TSS,Outflow,233
15.19999980926514,920048328_VA,TSS,Outflow,233
83.0,920048328_VA,TSS,Outflow,233
6.400000095367432,920048328_VA,TSS,Outflow,233
3.200000047683716,920048328_VA,TSS,Outflow,234
18.0,920048328_VA,TSS,Outflow,234
4.0,920048328_VA,TSS,Outflow,234
8.800000190734863,920048328_VA,TSS,Outflow,234
23.60000038146973,920048328_VA,TSS,Outflow,234
12.80000019073486,920048328_VA,TSS,Outflow,235
6.400000095367432,920048328_VA,TSS,Outflow,235
39.0,920048328_VA,TSS,Outflow,235
83.0,920048328_VA,TSS,Outflow,235
6.0,920048328_VA,TSS,Outflow,235
13.60000038146973,920048328_VA,TSS,Outflow,236
15.19999980926514,920048328_VA,TSS,Outflow,236
168.0,920048328_VA,TSS,Outflow,236
22.0,920048328_VA,TSS,Outflow,236
18.0,920048328_VA,TSS,Outflow,236
17.20000076293945,920048328_VA,TSS,Outflow,237
33.0,920048328_VA,TSS,Outflow,237
6.400000095367432,920048328_VA,TSS,Outflow,237
168.0,920048328_VA,TSS,Outflow,237
8.0,920048328_VA,TSS,Outflow,237
6.400000095367432,920048328_VA,TSS,Outflow,238
6.0,920048328_VA,TSS,Outflow,238
22.0,920048328_VA,TSS,Outflow,238
10.0,920048328_VA,TSS,Outflow,238
36.0,920048328_VA,TSS,Outflow,238
13.60000038146973,920048328_VA,TSS,Outflow,239
18.0,920048328_VA,TSS,Outflow,239
6.400000095367432,920048328_VA,TSS,Outflow,239
8.800000190734863,920048328_VA,TSS,Outflow,239
15.19999980926514,920048328_VA,TSS,Outflow,239
9.5,920048328_VA,TSS,Outflow,240
5.599999904632568,920048328_VA,TSS,Outflow,240
39.0,920048328_VA,TSS,Outflow,240
15.19999980926514,920048328_VA,TSS,Outflow,240
6.0,920048328_VA,TSS,Outflow,240
3.599999904632568,920048328_VA,TSS,Outflow,241
6.0,920048328_VA,TSS,Outflow,241
10.0,920048328_VA,TSS,Outflow,241
15.19999980926514,920048328_VA,TSS,Outflow,241
8.800000190734863,920048328_VA,TSS,Outflow,241
4.400000095367432,920048328_VA,TSS,Outflow,242
10.0,920048328_VA,TSS,Outflow,242
6.0,920048328_VA,TSS,Outflow,242
6.0,920048328_VA,TSS,Outflow,242
16.39999961853027,920048328_VA,TSS,Outflow,242
168.0,920048328_VA,TSS,Outflow,243
18.0,920048328_VA,TSS,Outflow,243
23.60000038146973,920048328_VA,TSS,Outflow,243
10.0,920048328_VA,TSS,Outflow,243
15.19999980926514,920048328_VA,TSS,Outflow,243
8.0,920048328_VA,TSS,Outflow,244
6.0,920048328_VA,TSS,Outflow,244
33.0,920048328_VA,TSS,Outflow,244
83.0,920048328_VA,TSS,Outflow,244
23.60000038146973,920048328_VA,TSS,Outflow,244
4.0,920048328_VA,TSS,Outflow,245
6.0,920048328_VA,TSS,Outflow,245
23.60000038146973,920048328_VA,TSS,Outflow,245
15.19999980926514,920048328_VA,TSS,Outflow,245
61.0,920048328_VA,TSS,Outflow,245
36.0,920048328_VA,TSS,Outflow,246
8.0,920048328_VA,TSS,Outflow,246
15.19999980926514,920048328_VA,TSS,Outflow,246
8.399999618530273,920048328_VA,TSS,Outflow,246
13.60000038146973,920048328_VA,TSS,Outflow,246
23.60000038146973,920048328_VA,TSS,Outflow,247
168.0,920048328_VA,TSS,Outflow,247
10.0,920048328_VA,TSS,Outflow,247
4.0,920048328_VA,TSS,Outflow,247
18.0,920048328_VA,TSS,Outflow,247
18.0,920048328_VA,TSS,Outflow,248
168.0,920048328_VA,TSS,Outflow,248
6.0,920048328_VA,TSS,Outflow,248
8.800000190734863,920048328_VA,TSS,Outflow,248
4.400000095367432,920048328_VA,TSS,Outflow,248
61.0,920048328_VA,TSS,Outflow,249
6.0,920048328_VA,TSS,Outflow,249
23.60000038146973,920048328_VA,TSS,Outflow,249
36.0,920048328_VA,TSS,Outflow,249
5.599999904632568,920048328_VA,TSS,Outflow,249
47.0,920048328_VA,TSS,Outflow,250
15.60000038146973,920048328_VA,TSS,Outflow,250
61.0,920048328_VA,TSS,Outflow,250
16.39999961853027,920048328_VA,TSS,Outflow,250
18.0,920048328_VA,TSS,Outflow,250
4.400000095367432,920048328_VA,TSS,Outflow,251
36.0,920048328_VA,TSS,Outflow,251
15.19999980926514,920048328_VA,TSS,Outflow,251
10.0,920048328_VA,TSS,Outflow,251
6.400000095367432,920048328_VA,TSS,Outflow,251
6.0,920048328_VA,TSS,Outflow,252
15.60000038146973,920048328_VA,TSS,Outflow,252
18.0,920048328_VA,TSS,Outflow,252
83.0,920048328_VA,TSS,Outflow,252
10.0,920048328_VA,TSS,Outflow,252
8.399999618530273,920048328_VA,TSS,Outflow,253
6.0,920048328_VA,TSS,Outflow,253
15.19999980926514,920048328_VA,TSS,Outflow,253
18.0,920048328_VA,TSS,Outflow,253
4.0,920048328_VA,TSS,Outflow,253
5.599999904632568,920048328_VA,TSS,Outflow,254
17.20000076293945,920048328_VA,TSS,Outflow,254
9.5,920048328_VA,TSS,Outflow,254
4.400000095367432,920048328_VA,TSS,Outflow,254
16.39999961853027,920048328_VA,TSS,Outflow,254
6.0,920048328_VA,TSS,Outflow,255
10.0,920048328_VA,TSS,Outflow,255
16.39999961853027,920048328_VA,TSS,Outflow,255
168.0,920048328_VA,TSS,Outflow,255
8.399999618530273,920048328_VA,TSS,Outflow,255
6.0,920048328_VA,TSS,Outflow,256
4.0,920048328_VA,TSS,Outflow,256
8.800000190734863,920048328_VA,TSS,Outflow,256
39.0,920048328_VA,TSS,Outflow,256
23.60000038146973,920048328_VA,TSS,Outflow,256
16.39999961853027,920048328_VA,TSS,Outflow,257
12.80000019073486,920048328_VA,TSS,Outflow,257
10.0,920048328_VA,TSS,Outflow,257
15.19999980926514,920048328_VA,TSS,Outflow,257
168.0,920048328_VA,TSS,Outflow,257
16.39999961853027,920048328_VA,TSS,Outflow,258
12.80000019073486,920048328_VA,TSS,Outflow,258
6.400000095367432,920048328_VA,TSS,Outflow,258
18.0,920048328_VA,TSS,Outflow,258
36.0,920048328_VA,TSS,Outflow,258
10.0,920048328_VA,TSS,Outflow,259
18.0,920048328_VA,TSS,Outflow,259
8.399999618530273,920048328_VA,TSS,Outflow,259
6.0,920048328_VA,TSS,Outflow,259
8.0,920048328_VA,TSS,Outflow,259
4.0,920048328_VA,TSS,Outflow,260
22.0,920048328_VA,TSS,Outflow,260
5.599999904632568,920048328_VA,TSS,Outflow,260
28.0,920048328_VA,TSS,Outflow,260
16.39999961853027,920048328_VA,TSS,Outflow,260
5.599999904632568,920048328_VA,TSS,Outflow,261
13.60000038146973,920048328_VA,TSS,Outflow,261
33.0,920048328_VA,TSS,Outflow,261
8.0,920048328_VA,TSS,Outflow,261
18.0,920048328_VA,TSS,Outflow,261
6.0,920048328_VA,TSS,Outflow,262
10.0,920048328_VA,TSS,Outflow,262
8.0,920048328_VA,TSS,Outflow,262
17.20000076293945,920048328_VA,TSS,Outflow,262
61.0,920048328_VA,TSS,Outflow,262
17.20000076293945,920048328_VA,TSS,Outflow,263
10.0,920048328_VA,TSS,Outflow,263
47.0,920048328_VA,TSS,Outflow,263
6.0,920048328_VA,TSS,Outflow,263
8.399999618530273,920048328_VA,TSS,Outflow,263
17.20000076293945,920048328_VA,TSS,Outflow,264
10.0,920048328_VA,TSS,Outflow,264
168.0,920048328_VA,TSS,Outflow,264
4.400000095367432,920048328_VA,TSS,Outflow,264
36.0,920048328_VA,TSS,Outflow,264
8.399999618530273,920048328_VA,TSS,Outflow,265
18.0,920048328_VA,TSS,Outflow,265
3.599999904632568,920048328_VA,TSS,Outflow,265
8.0,920048328_VA,TSS,Outflow,265
8.800000190734863,920048328_VA,TSS,Outflow,265
3.200000047683716,920048328_VA,TSS,Outflow,266
18.0,920048328_VA,TSS,Outflow,266
22.0,920048328_VA,TSS,Outflow,266
47.0,920048328_VA,TSS,Outflow,266
6.400000095367432,920048328_VA,TSS,Outflow,266
8.399999618530273,920048328_VA,TSS,Outflow,267
36.0,920048328_VA,TSS,Outflow,267
18.0,920048328_VA,TSS,Outflow,267
23.60000038146973,920048328_VA,TSS,Outflow,267
15.19999980926514,920048328_VA,TSS,Outflow,267
18.0,920048328_VA,TSS,Outflow,268
15.60000038146973,920048328_VA,TSS,Outflow,268
17.20000076293945,920048328_VA,TSS,Outflow,268
36.0,920048328_VA,TSS,Outflow,268
15.19999980926514,920048328_VA,TSS,Outflow,268
36.0,920048328_VA,TSS,Outflow,269
8.399999618530273,920048328_VA,TSS,Outflow,269
6.0,920048328_VA,TSS,Outflow,269
83.0,920048328_VA,TSS,Outflow,269
18.0,920048328_VA,TSS,Outflow,269
23.60000038146973,920048328_VA,TSS,Outflow,270
83.0,920048328_VA,TSS,Outflow,270
22.0,920048328_VA,TSS,Outflow,270
18.0,920048328_VA,TSS,Outflow,270
6.400000095367432,920048328_VA,TSS,Outflow,270
61.0,920048328_VA,TSS,Outflow,271
4.0,920048328_VA,TSS,Outflow,271
18.0,920048328_VA,TSS,Outflow,271
8.399999618530273,920048328_VA,TSS,Outflow,271
47.0,920048328_VA,TSS,Outflow,271
4.400000095367432,920048328_VA,TSS,Outflow,272
23.60000038146973,920048328_VA,TSS,Outflow,272
4.0,920048328_VA,TSS,Outflow,272
9.5,920048328_VA,TSS,Outflow,272
47.0,920048328_VA,TSS,Outflow,272
15.19999980926514,920048328_VA,TSS,Outflow,273
6.0,920048328_VA,TSS,Outflow,273
3.599999904632568,920048328_VA,TSS,Outflow,273
12.80000019073486,920048328_VA,TSS,Outflow,273
22.0,920048328_VA,TSS,Outflow,273
15.19999980926514,920048328_VA,TSS,Outflow,274
3.599999904632568,920048328_VA,TSS,Outflow,274
6.0,920048328_VA,TSS,Outflow,274
16.39999961853027,920048328_VA,TSS,Outflow,274
47.0,920048328_VA,TSS,Outflow,274
6.400000095367432,920048328_VA,TSS,Outflow,275
13.60000038146973,920048328_VA,TSS,Outflow,275
61.0,920048328_VA,TSS,Outflow,275
83.0,920048328_VA,TSS,Outflow,275
18.0,920048328_VA,TSS,Outflow,275
15.60000038146973,920048328_VA,TSS,Outflow,276
9.5,920048328_VA,TSS,Outflow,276
3.599999904632568,920048328_VA,TSS,Outflow,276
17.20000076293945,920048328_VA,TSS,Outflow,276
13.60000038146973,920048328_VA,TSS,Outflow,276
23.60000038146973,920048328_VA,TSS,Outflow,277
5.599999904632568,920048328_VA,TSS,Outflow,277
18.0,920048328_VA,TSS,Outflow,277
17.20000076293945,920048328_VA,TSS,Outflow,277
13.60000038146973,920048328_VA,TSS,Outflow,277
8.0,920048328_VA,TSS,Outflow,278
5.599999904632568,920048328_VA,TSS,Outflow,278
15.60000038146973,920048328_VA,TSS,Outflow,278
4.400000095367432,920048328_VA,TSS,Outflow,278
22.0,920048328_VA,TSS,Outflow,278
15.19999980926514,920048328_VA,TSS,Outflow,279
8.399999618530273,920048328_VA,TSS,Outflow,279
18.0,920048328_VA,TSS,Outflow,279
36.0,920048328_VA,TSS,Outflow,279
15.19999980926514,920048328_VA,TSS,Outflow,279
3.599999904632568,920048328_VA,TSS,Outflow,280
5.599999904632568,920048328_VA,TSS,Outflow,280
10.0,920048328_VA,TSS,Outflow,280
18.0,920048328_VA,TSS,Outflow,280
47.0,920048328_VA,TSS,Outflow,280
36.0,920048328_VA,TSS,Outflow,281
18.0,920048328_VA,TSS,Outflow,281
16.39999961853027,920048328_VA,TSS,Outflow,281
10.0,920048328_VA,TSS,Outflow,281
28.0,920048328_VA,TSS,Outflow,281
3.599999904632568,920048328_VA,TSS,Outflow,282
18.0,920048328_VA,TSS,Outflow,282
18.0,920048328_VA,TSS,Outflow,282
13.60000038146973,920048328_VA,TSS,Outflow,282
16.39999961853027,920048328_VA,TSS,Outflow,282
18.0,920048328_VA,TSS,Outflow,283
8.800000190734863,920048328_VA,TSS,Outflow,283
22.0,920048328_VA,TSS,Outflow,283
15.60000038146973,920048328_VA,TSS,Outflow,283
33.0,920048328_VA,TSS,Outflow,283
6.0,920048328_VA,TSS,Outflow,284
4.400000095367432,920048328_VA,TSS,Outflow,284
6.400000095367432,920048328_VA,TSS,Outflow,284
3.200000047683716,920048328_VA,TSS,Outflow,284
47.0,920048328_VA,TSS,Outflow,284
15.19999980926514,920048328_VA,TSS,Outflow,285
6.0,920048328_VA,TSS,Outflow,285
10.0,920048328_VA,TSS,Outflow,285
18.0,920048328_VA,TSS,Outflow,285
28.0,920048328_VA,TSS,Outflow,285
36.0,920048328_VA,TSS,Outflow,286
10.0,920048328_VA,TSS,Outflow,286
23.60000038146973,920048328_VA,TSS,Outflow,286
6.0,920048328_VA,TSS,Outflow,286
17.20000076293945,920048328_VA,TSS,Outflow,286
39.0,920048328_VA,TSS,Outflow,287
6.400000095367432,920048328_VA,TSS,Outflow,287
22.0,920048328_VA,TSS,Outflow,287
9.5,920048328_VA,TSS,Outflow,287
168.0,920048328_VA,TSS,Outflow,287
18.0,920048328_VA,TSS,Outflow,288
22.0,920048328_VA,TSS,Outflow,288
5.599999904632568,920048328_VA,TSS,Outflow,288
61.0,920048328_VA,TSS,Outflow,288
8.800000190734863,920048328_VA,TSS,Outflow,288
83.0,920048328_VA,TSS,Outflow,289
5.599999904632568,920048328_VA,TSS,Outflow,289
47.0,920048328_VA,TSS,Outflow,289
3.200000047683716,920048328_VA,TSS,Outflow,289
6.0,920048328_VA,TSS,Outflow,289
12.80000019073486,920048328_VA,TSS,Outflow,290
83.0,920048328_VA,TSS,Outflow,290
61.0,920048328_VA,TSS,Outflow,290
15.60000038146973,920048328_VA,TSS,Outflow,290
23.60000038146973,920048328_VA,TSS,Outflow,290
18.0,920048328_VA,TSS,Outflow,291
83.0,920048328_VA,TSS,Outflow,291
10.0,920048328_VA,TSS,Outflow,291
13.60000038146973,920048328_VA,TSS,Outflow,291
3.200000047683716,920048328_VA,TSS,Outflow,291
47.0,920048328_VA,TSS,Outflow,292
15.60000038146973,920048328_VA,TSS,Outflow,292
22.0,920048328_VA,TSS,Outflow,292
28.0,920048328_VA,TSS,Outflow,292
13.60000038146973,920048328_VA,TSS,Outflow,292
33.0,920048328_VA,TSS,Outflow,293
13.60000038146973,920048328_VA,TSS,Outflow,293
15.19999980926514,920048328_VA,TSS,Outflow,293
4.0,920048328_VA,TSS,Outflow,293
18.0,920048328_VA,TSS,Outflow,293
5.599999904632568,920048328_VA,TSS,Outflow,294
33.0,920048328_VA,TSS,Outflow,294
8.0,920048328_VA,TSS,Outflow,294
6.0,920048328_VA,TSS,Outflow,294
15.60000038146973,920048328_VA,TSS,Outflow,294
36.0,920048328_VA,TSS,Outflow,295
10.0,920048328_VA,TSS,Outflow,295
8.0,920048328_VA,TSS,Outflow,295
39.0,920048328_VA,TSS,Outflow,295
15.19999980926514,920048328_VA,TSS,Outflow,295
15.19999980926514,920048328_VA,TSS,Outflow,296
17.20000076293945,920048328_VA,TSS,Outflow,296
39.0,920048328_VA,TSS,Outflow,296
18.0,920048328_VA,TSS,Outflow,296
23.60000038146973,920048328_VA,TSS,Outflow,296
28.0,920048328_VA,TSS,Outflow,297
18.0,920048328_VA,TSS,Outflow,297
15.60000038146973,920048328_VA,TSS,Outflow,297
5.599999904632568,920048328_VA,TSS,Outflow,297
36.0,920048328_VA,TSS,Outflow,297
47.0,920048328_VA,TSS,Outflow,298
13.60000038146973,920048328_VA,TSS,Outflow,298
8.800000190734863,920048328_VA,TSS,Outflow,298
9.5,920048328_VA,TSS,Outflow,298
15.19999980926514,920048328_VA,TSS,Outflow,298
10.0,920048328_VA,TSS,Outflow,299
18.0,920048328_VA,TSS,Outflow,299
8.0,920048328_VA,TSS,Outflow,299
22.0,920048328_VA,TSS,Outflow,299
18.0,920048328_VA,TSS,Outflow,299
18.0,920048328_VA,TSS,Outflow,300
13.60000038146973,920048328_VA,TSS,Outflow,300
36.0,920048328_VA,TSS,Outflow,300
6.0,920048328_VA,TSS,Outflow,300
83.0,920048328_VA,TSS,Outflow,300
6.400000095367432,920048328_VA,TSS,Outflow,301
10.0,920048328_VA,TSS,Outflow,301
6.0,920048328_VA,TSS,Outflow,301
10.0,920048328_VA,TSS,Outflow,301
39.0,920048328_VA,TSS,Outflow,301
18.0,920048328_VA,TSS,Outflow,302
15.19999980926514,920048328_VA,TSS,Outflow,302
6.0,920048328_VA,TSS,Outflow,302
23.60000038146973,920048328_VA,TSS,Outflow,302
47.0,920048328_VA,TSS,Outflow,302
13.60000038146973,920048328_VA,TSS,Outflow,303
23.60000038146973,920048328_VA,TSS,Outflow,303
4.0,920048328_VA,TSS,Outflow,303
6.0,920048328_VA,TSS,Outflow,303
33.0,920048328_VA,TSS,Outflow,303
83.0,920048328_VA,TSS,Outflow,304
6.400000095367432,920048328_VA,TSS,Outflow,304
3.599999904632568,920048328_VA,TSS,Outflow,304
15.19999980926514,920048328_VA,TSS,Outflow,304
39.0,920048328_VA,TSS,Outflow,304
10.0,920048328_VA,TSS,Outflow,305
18.0,920048328_VA,TSS,Outflow,305
8.399999618530273,920048328_VA,TSS,Outflow,305
6.400000095367432,920048328_VA,TSS,Outflow,305
4.400000095367432,920048328_VA,TSS,Outflow,305
17.20000076293945,920048328_VA,TSS,Outflow,306
36.0,920048328_VA,TSS,Outflow,306
16.39999961853027,920048328_VA,TSS,Outflow,306
18.0,920048328_VA,TSS,Outflow,306
15.19999980926514,920048328_VA,TSS,Outflow,306
10.0,920048328_VA,TSS,Outflow,307
8.0,920048328_VA,TSS,Outflow,307
4.0,920048328_VA,TSS,Outflow,307
3.200000047683716,920048328_VA,TSS,Outflow,307
8.399999618530273,920048328_VA,TSS,Outflow,307
4.400000095367432,920048328_VA,TSS,Outflow,308
61.0,920048328_VA,TSS,Outflow,308
28.0,920048328_VA,TSS,Outflow,308
13.60000038146973,920048328_VA,TSS,Outflow,308
3.200000047683716,920048328_VA,TSS,Outflow,308
6.400000095367432,920048328_VA,TSS,Outflow,309
3.599999904632568,920048328_VA,TSS,Outflow,309
3.200000047683716,920048328_VA,TSS,Outflow,309
83.0,920048328_VA,TSS,Outflow,309
22.0,920048328_VA,TSS,Outflow,309
9.5,920048328_VA,TSS,Outflow,310
6.0,920048328_VA,TSS,Outflow,310
15.19999980926514,920048328_VA,TSS,Outflow,310
10.0,920048328_VA,TSS,Outflow,310
3.200000047683716,920048328_VA,TSS,Outflow,310
8.800000190734863,920048328_VA,TSS,Outflow,311
33.0,920048328_VA,TSS,Outflow,311
18.0,920048328_VA,TSS,Outflow,311
168.0,920048328_VA,TSS,Outflow,311
12.80000019073486,920048328_VA,TSS,Outflow,311
28.0,920048328_VA,TSS,Outflow,312
6.0,920048328_VA,TSS,Outflow,312
6.0,920048328_VA,TSS,Outflow,312
15.60000038146973,920048328_VA,TSS,Outflow,312
33.0,920048328_VA,TSS,Outflow,312
15.19999980926514,920048328_VA,TSS,Outflow,313
5.599999904632568,920048328_VA,TSS,Outflow,313
168.0,920048328_VA,TSS,Outflow,313
47.0,920048328_VA,TSS,Outflow,313
8.399999618530273,920048328_VA,TSS,Outflow,313
13.60000038146973,920048328_VA,TSS,Outflow,314
28.0,920048328_VA,TSS,Outflow,314
6.0,920048328_VA,TSS,Outflow,314
168.0,920048328_VA,TSS,Outflow,314
83.0,920048328_VA,TSS,Outflow,314
23.60000038146973,920048328_VA,TSS,Outflow,315
168.0,920048328_VA,TSS,Outflow,315
15.60000038146973,920048328_VA,TSS,Outflow,315
36.0,920048328_VA,TSS,Outflow,315
18.0,920048328_VA,TSS,Outflow,315
18.0,920048328_VA,TSS,Outflow,316
15.60000038146973,920048328_VA,TSS,Outflow,316
8.800000190734863,920048328_VA,TSS,Outflow,316
23.60000038146973,920048328_VA,TSS,Outflow,316
18.0,920048328_VA,TSS,Outflow,316
36.0,920048328_VA,TSS,Outflow,317
8.800000190734863,920048328_VA,TSS,Outflow,317
16.39999961853027,920048328_VA,TSS,Outflow,317
28.0,920048328_VA,TSS,Outflow,317
18.0,920048328_VA,TSS,Outflow,317
3.599999904632568,920048328_VA,TSS,Outflow,318
10.0,920048328_VA,TSS,Outflow,318
36.0,920048328_VA,TSS,Outflow,318
13.60000038146973,920048328_VA,TSS,Outflow,318
9.5,920048328_VA,TSS,Outflow,318
5.599999904632568,920048328_VA,TSS,Outflow,319
39.0,920048328_VA,TSS,Outflow,319
47.0,920048328_VA,TSS,Outflow,319
13.60000038146973,920048328_VA,TSS,Outflow,319
8.399999618530273,920048328_VA,TSS,Outflow,319
18.0,920048328_VA,TSS,Outflow,320
15.19999980926514,920048328_VA,TSS,Outflow,320
47.0,920048328_VA,TSS,Outflow,320
6.0,920048328_VA,TSS,Outflow,320
33.0,920048328_VA,TSS,Outflow,320
8.399999618530273,920048328_VA,TSS,Outflow,321
6.0,920048328_VA,TSS,Outflow,321
168.0,920048328_VA,TSS,Outflow,321
8.0,920048328_VA,TSS,Outflow,321
18.0,920048328_VA,TSS,Outflow,321
18.0,920048328_VA,TSS,Outflow,322
39.0,920048328_VA,TSS,Outflow,322
4.400000095367432,920048328_VA,TSS,Outflow,322
8.800000190734863,920048328_VA,TSS,Outflow,322
18.0,920048328_VA,TSS,Outflow,322
18.0,920048328_VA,TSS,Outflow,323
39.0,920048328_VA,TSS,Outflow,323
3.599999904632568,920048328_VA,TSS,Outflow,323
15.60000038146973,920048328_VA,TSS,Outflow,323
12.80000019073486,920048328_VA,TSS,Outflow,323
5.599999904632568,920048328_VA,TSS,Outflow,324
15.60000038146973,920048328_VA,TSS,Outflow,324
10.0,920048328_VA,TSS,Outflow,324
39.0,920048328_VA,TSS,Outflow,324
17.20000076293945,920048328_VA,TSS,Outflow,324
13.60000038146973,920048328_VA,TSS,Outflow,325
16.39999961853027,920048328_VA,TSS,Outflow,325
5.599999904632568,920048328_VA,TSS,Outflow,325
36.0,920048328_VA,TSS,Outflow,325
6.0,920048328_VA,TSS,Outflow,325
12.80000019073486,920048328_VA,TSS,Outflow,326
16.39999961853027,920048328_VA,TSS,Outflow,326
39.0,920048328_VA,TSS,Outflow,326
10.0,920048328_VA,TSS,Outflow,326
8.0,920048328_VA,TSS,Outflow,326
8.399999618530273,920048328_VA,TSS,Outflow,327
33.0,920048328_VA,TSS,Outflow,327
3.200000047683716,920048328_VA,TSS,Outflow,327
12.80000019073486,920048328_VA,TSS,Outflow,327
39.0,920048328_VA,TSS,Outflow,327
5.599999904632568,920048328_VA,TSS,Outflow,328
3.200000047683716,920048328_VA,TSS,Outflow,328
17.20000076293945,920048328_VA,TSS,Outflow,328
6.400000095367432,920048328_VA,TSS,Outflow,328
4.0,920048328_VA,TSS,Outflow,328
47.0,920048328_VA,TSS,Outflow,329
5.599999904632568,920048328_VA,TSS,Outflow,329
9.5,920048328_VA,TSS,Outflow,329
12.80000019073486,920048328_VA,TSS,Outflow,329
10.0,920048328_VA,TSS,Outflow,329
10.0,920048328_VA,TSS,Outflow,330
22.0,920048328_VA,TSS,Outflow,330
23.60000038146973,920048328_VA,TSS,Outflow,330
15.60000038146973,920048328_VA,TSS,Outflow,330
36.0,920048328_VA,TSS,Outflow,330
18.0,920048328_VA,TSS,Outflow,331
15.60000038146973,920048328_VA,TSS,Outflow,331
16.39999961853027,920048328_VA,TSS,Outflow,331
8.0,920048328_VA,TSS,Outflow,331
6.400000095367432,920048328_VA,TSS,Outflow,331
4.0,920048328_VA,TSS,Outflow,332
28.0,920048328_VA,TSS,Outflow,332
36.0,920048328_VA,TSS,Outflow,332
18.0,920048328_VA,TSS,Outflow,332
83.0,920048328_VA,TSS,Outflow,332
33.0,920048328_VA,TSS,Outflow,333
4.400000095367432,920048328_VA,TSS,Outflow,333
36.0,920048328_VA,TSS,Outflow,333
4.0,920048328_VA,TSS,Outflow,333
8.399999618530273,920048328_VA,TSS,Outflow,333
15.19999980926514,920048328_VA,TSS,Outflow,334
6.0,920048328_VA,TSS,Outflow,334
9.5,920048328_VA,TSS,Outflow,334
16.39999961853027,920048328_VA,TSS,Outflow,334
6.400000095367432,920048328_VA,TSS,Outflow,334
22.0,920048328_VA,TSS,Outflow,335
9.5,920048328_VA,TSS,Outflow,335
23.60000038146973,920048328_VA,TSS,Outflow,335
10.0,920048328_VA,TSS,Outflow,335
5.599999904632568,920048328_VA,TSS,Outflow,335
17.20000076293945,920048328_VA,TSS,Outflow,336
9.5,920048328_VA,TSS,Outflow,336
18.0,920048328_VA,TSS,Outflow,336
6.0,920048328_VA,TSS,Outflow,336
39.0,920048328_VA,TSS,Outflow,336
28.0,920048328_VA,TSS,Outflow,337
18.0,920048328_VA,TSS,Outflow,337
13.60000038146973,920048328_VA,TSS,Outflow,337
33.0,920048328_VA,TSS,Outflow,337
3.599999904632568,920048328_VA,TSS,Outflow,337
15.19999980926514,920048328_VA,TSS,Outflow,338
6.0,920048328_VA,TSS,Outflow,338
8.0,920048328_VA,TSS,Outflow,338
16.39999961853027,920048328_VA,TSS,Outflow,338
61.0,920048328_VA,TSS,Outflow,338
16.39999961853027,920048328_VA,TSS,Outflow,339
15.19999980926514,920048328_VA,TSS,Outflow,339
18.0,920048328_VA,TSS,Outflow,339
4.400000095367432,920048328_VA,TSS,Outflow,339
17.20000076293945,920048328_VA,TSS,Outflow,339
168.0,920048328_VA,TSS,Outflow,340
15.60000038146973,920048328_VA,TSS,Outflow,340
3.599999904632568,920048328_VA,TSS,Outflow,340
10.0,920048328_VA,TSS,Outflow,340
15.19999980926514,920048328_VA,TSS,Outflow,340
15.19999980926514,920048328_VA,TSS,Outflow,341
83.0,920048328_VA,TSS,Outflow,341
13.60000038146973,920048328_VA,TSS,Outflow,341
12.80000019073486,920048328_VA,TSS,Outflow,341
18.0,920048328_VA,TSS,Outflow,341
4.400000095367432,920048328_VA,TSS,Outflow,342
9.5,920048328_VA,TSS,Outflow,342
61.0,920048328_VA,TSS,Outflow,342
3.599999904632568,920048328_VA,TSS,Outflow,342
15.60000038146973,920048328_VA,TSS,Outflow,342
15.19999980926514,920048328_VA,TSS,Outflow,343
8.399999618530273,920048328_VA,TSS,Outflow,343
17.20000076293945,920048328_VA,TSS,Outflow,343
8.0,920048328_VA,TSS,Outflow,343
15.19999980926514,920048328_VA,TSS,Outflow,343
47.0,920048328_VA,TSS,Outflow,344
22.0,920048328_VA,TSS,Outflow,344
12.80000019073486,920048328_VA,TSS,Outflow,344
6.400000095367432,920048328_VA,TSS,Outflow,344
10.0,920048328_VA,TSS,Outflow,344
18.0,920048328_VA,TSS,Outflow,345
18.0,920048328_VA,TSS,Outflow,345
17.20000076293945,920048328_VA,TSS,Outflow,345
15.19999980926514,920048328_VA,TSS,Outflow,345
61.0,920048328_VA,TSS,Outflow,345
6.400000095367432,920048328_VA,TSS,Outflow,346
168.0,920048328_VA,TSS,Outflow,346
15.60000038146973,920048328_VA,TSS,Outflow,346
83.0,920048328_VA,TSS,Outflow,346
22.0,920048328_VA,TSS,Outflow,346
10.0,920048328_VA,TSS,Outflow,347
16.39999961853027,920048328_VA,TSS,Outflow,347
5.599999904632568,920048328_VA,TSS,Outflow,347
12.80000019073486,920048328_VA,TSS,Outflow,347
3.599999904632568,920048328_VA,TSS,Outflow,347
18.0,920048328_VA,TSS,Outflow,348
12.80000019073486,920048328_VA,TSS,Outflow,348
17.20000076293945,920048328_VA,TSS,Outflow,348
10.0,920048328_VA,TSS,Outflow,348
4.400000095367432,920048328_VA,TSS,Outflow,348
18.0,920048328_VA,TSS,Outflow,349
15.19999980926514,920048328_VA,TSS,Outflow,349
28.0,920048328_VA,TSS,Outflow,349
16.39999961853027,920048328_VA,TSS,Outflow,349
33.0,920048328_VA,TSS,Outflow,349
17.20000076293945,920048328_VA,TSS,Outflow,350
15.19999980926514,920048328_VA,TSS,Outflow,350
8.800000190734863,920048328_VA,TSS,Outflow,350
39.0,920048328_VA,TSS,Outflow,350
18.0,920048328_VA,TSS,Outflow,350
47.0,920048328_VA,TSS,Outflow,351
5.599999904632568,920048328_VA,TSS,Outflow,351
18.0,920048328_VA,TSS,Outflow,351
22.0,920048328_VA,TSS,Outflow,351
18.0,920048328_VA,TSS,Outflow,351
9.5,920048328_VA,TSS,Outflow,352
6.0,920048328_VA,TSS,Outflow,352
47.0,920048328_VA,TSS,Outflow,352
10.0,920048328_VA,TSS,Outflow,352
6.0,920048328_VA,TSS,Outflow,352
28.0,920048328_VA,TSS,Outflow,353
18.0,920048328_VA,TSS,Outflow,353
12.80000019073486,920048328_VA,TSS,Outflow,353
18.0,920048328_VA,TSS,Outflow,353
83.0,920048328_VA,TSS,Outflow,353
4.400000095367432,920048328_VA,TSS,Outflow,354
23.60000038146973,920048328_VA,TSS,Outflow,354
33.0,920048328_VA,TSS,Outflow,354
61.0,920048328_VA,TSS,Outflow,354
16.39999961853027,920048328_VA,TSS,Outflow,354
47.0,920048328_VA,TSS,Outflow,355
12.80000019073486,920048328_VA,TSS,Outflow,355
8.0,920048328_VA,TSS,Outflow,355
168.0,920048328_VA,TSS,Outflow,355
39.0,920048328_VA,TSS,Outflow,355
8.399999618530273,920048328_VA,TSS,Outflow,356
10.0,920048328_VA,TSS,Outflow,356
4.400000095367432,920048328_VA,TSS,Outflow,356
36.0,920048328_VA,TSS,Outflow,356
61.0,920048328_VA,TSS,Outflow,356
4.400000095367432,920048328_VA,TSS,Outflow,357
47.0,920048328_VA,TSS,Outflow,357
8.399999618530273,920048328_VA,TSS,Outflow,357
12.80000019073486,920048328_VA,TSS,Outflow,357
17.20000076293945,920048328_VA,TSS,Outflow,357
10.0,920048328_VA,TSS,Outflow,358
8.0,920048328_VA,TSS,Outflow,358
47.0,920048328_VA,TSS,Outflow,358
12.80000019073486,920048328_VA,TSS,Outflow,358
6.0,920048328_VA,TSS,Outflow,358
18.0,920048328_VA,TSS,Outflow,359
13.60000038146973,920048328_VA,TSS,Outflow,359
6.0,920048328_VA,TSS,Outflow,359
10.0,920048328_VA,TSS,Outflow,359
36.0,920048328_VA,TSS,Outflow,359
61.0,920048328_VA,TSS,Outflow,360
83.0,920048328_VA,TSS,Outflow,360
18.0,920048328_VA,TSS,Outflow,360
4.400000095367432,920048328_VA,TSS,Outflow,360
16.39999961853027,920048328_VA,TSS,Outflow,360
18.0,920048328_VA,TSS,Outflow,361
10.0,920048328_VA,TSS,Outflow,361
4.400000095367432,920048328_VA,TSS,Outflow,361
18.0,920048328_VA,TSS,Outflow,361
22.0,920048328_VA,TSS,Outflow,361
15.19999980926514,920048328_VA,TSS,Outflow,362
16.39999961853027,920048328_VA,TSS,Outflow,362
8.800000190734863,920048328_VA,TSS,Outflow,362
39.0,920048328_VA,TSS,Outflow,362
10.0,920048328_VA,TSS,Outflow,362
6.0,920048328_VA,TSS,Outflow,363
18.0,920048328_VA,TSS,Outflow,363
4.0,920048328_VA,TSS,Outflow,363
13.60000038146973,920048328_VA,TSS,Outflow,363
22.0,920048328_VA,TSS,Outflow,363
4.400000095367432,920048328_VA,TSS,Outflow,364
15.60000038146973,920048328_VA,TSS,Outflow,364
83.0,920048328_VA,TSS,Outflow,364
28.0,920048328_VA,TSS,Outflow,364
6.400000095367432,920048328_VA,TSS,Outflow,364
18.0,920048328_VA,TSS,Outflow,365
8.399999618530273,920048328_VA,TSS,Outflow,365
4.0,920048328_VA,TSS,Outflow,365
47.0,920048328_VA,TSS,Outflow,365
13.60000038146973,920048328_VA,TSS,Outflow,365
15.19999980926514,920048328_VA,TSS,Outflow,366
16.39999961853027,920048328_VA,TSS,Outflow,366
8.800000190734863,920048328_VA,TSS,Outflow,366
4.400000095367432,920048328_VA,TSS,Outflow,366
10.0,920048328_VA,TSS,Outflow,366
12.80000019073486,920048328_VA,TSS,Outflow,367
22.0,920048328_VA,TSS,Outflow,367
3.599999904632568,920048328_VA,TSS,Outflow,367
8.0,920048328_VA,TSS,Outflow,367
8.800000190734863,920048328_VA,TSS,Outflow,367
168.0,920048328_VA,TSS,Outflow,368
3.200000047683716,920048328_VA,TSS,Outflow,368
18.0,920048328_VA,TSS,Outflow,368
12.80000019073486,920048328_VA,TSS,Outflow,368
10.0,920048328_VA,TSS,Outflow,368
8.800000190734863,920048328_VA,TSS,Outflow,369
61.0,920048328_VA,TSS,Outflow,369
10.0,920048328_VA,TSS,Outflow,369
6.0,920048328_VA,TSS,Outflow,369
12.80000019073486,920048328_VA,TSS,Outflow,369
83.0,920048328_VA,TSS,Outflow,370
23.60000038146973,920048328_VA,TSS,Outflow,370
39.0,920048328_VA,TSS,Outflow,370
9.5,920048328_VA,TSS,Outflow,370
36.0,920048328_VA,TSS,Outflow,370
6.400000095367432,920048328_VA,TSS,Outflow,371
15.19999980926514,920048328_VA,TSS,Outflow,371
61.0,920048328_VA,TSS,Outflow,371
3.599999904632568,920048328_VA,TSS,Outflow,371
12.80000019073486,920048328_VA,TSS,Outflow,371
39.0,920048328_VA,TSS,Outflow,372
23.60000038146973,920048328_VA,TSS,Outflow,372
61.0,920048328_VA,TSS,Outflow,372
15.19999980926514,920048328_VA,TSS,Outflow,372
9.5,920048328_VA,TSS,Outflow,372
3.200000047683716,920048328_VA,TSS,Outflow,373
10.0,920048328_VA,TSS,Outflow,373
6.400000095367432,920048328_VA,TSS,Outflow,373
5.599999904632568,920048328_VA,TSS,Outflow,373
23.60000038146973,920048328_VA,TSS,Outflow,373
36.0,920048328_VA,TSS,Outflow,374
22.0,920048328_VA,TSS,Outflow,374
8.800000190734863,920048328_VA,TSS,Outflow,374
10.0,920048328_VA,TSS,Outflow,374
15.19999980926514,920048328_VA,TSS,Outflow,374
8.0,920048328_VA,TSS,Outflow,375
61.0,920048328_VA,TSS,Outflow,375
168.0,920048328_VA,TSS,Outflow,375
12.80000019073486,920048328_VA,TSS,Outflow,375
8.800000190734863,920048328_VA,TSS,Outflow,375
39.0,920048328_VA,TSS,Outflow,376
6.0,920048328_VA,TSS,Outflow,376
47.0,920048328_VA,TSS,Outflow,376
9.5,920048328_VA,TSS,Outflow,376
18.0,920048328_VA,TSS,Outflow,376
33.0,920048328_VA,TSS,Outflow,377
6.0,920048328_VA,TSS,Outflow,377
10.0,920048328_VA,TSS,Outflow,377
83.0,920048328_VA,TSS,Outflow,377
6.0,920048328_VA,TSS,Outflow,377
18.0,920048328_VA,TSS,Outflow,378
4.400000095367432,920048328_VA,TSS,Outflow,378
3.599999904632568,920048328_VA,TSS,Outflow,378
15.19999980926514,920048328_VA,TSS,Outflow,378
33.0,920048328_VA,TSS,Outflow,378
17.20000076293945,920048328_VA,TSS,Outflow,379
8.800000190734863,920048328_VA,TSS,Outflow,379
83.0,920048328_VA,TSS,Outflow,379
6.400000095367432,920048328_VA,TSS,Outflow,379
16.39999961853027,920048328_VA,TSS,Outflow,379
28.0,920048328_VA,TSS,Outflow,380
6.400000095367432,920048328_VA,TSS,Outflow,380
39.0,920048328_VA,TSS,Outflow,380
10.0,920048328_VA,TSS,Outflow,380
13.60000038146973,920048328_VA,TSS,Outflow,380
8.399999618530273,920048328_VA,TSS,Outflow,381
5.599999904632568,920048328_VA,TSS,Outflow,381
8.800000190734863,920048328_VA,TSS,Outflow,381
17.20000076293945,920048328_VA,TSS,Outflow,381
61.0,920048328_VA,TSS,Outflow,381
61.0,920048328_VA,TSS,Outflow,382
8.399999618530273,920048328_VA,TSS,Outflow,382
13.60000038146973,920048328_VA,TSS,Outflow,382
36.0,920048328_VA,TSS,Outflow,382
28.0,920048328_VA,TSS,Outflow,382
3.599999904632568,920048328_VA,TSS,Outflow,383
9.5,920048328_VA,TSS,Outflow,383
18.0,920048328_VA,TSS,Outflow,383
6.0,920048328_VA,TSS,Outflow,383
83.0,920048328_VA,TSS,Outflow,383
4.400000095367432,920048328_VA,TSS,Outflow,384
12.80000019073486,920048328_VA,TSS,Outflow,384
6.0,920048328_VA,TSS,Outflow,384
8.399999618530273,920048328_VA,TSS,Outflow,384
17.20000076293945,920048328_VA,TSS,Outflow,384
83.0,920048328_VA,TSS,Outflow,385
10.0,920048328_VA,TSS,Outflow,385
8.800000190734863,920048328_VA,TSS,Outflow,385
17.20000076293945,920048328_VA,TSS,Outflow,385
47.0,920048328_VA,TSS,Outflow,385
22.0,920048328_VA,TSS,Outflow,386
5.599999904632568,920048328_VA,TSS,Outflow,386
10.0,920048328_VA,TSS,Outflow,386
6.0,920048328_VA,TSS,Outflow,386
33.0,920048328_VA,TSS,Outflow,386
13.60000038146973,920048328_VA,TSS,Outflow,387
18.0,920048328_VA,TSS,Outflow,387
39.0,920048328_VA,TSS,Outflow,387
61.0,920048328_VA,TSS,Outflow,387
23.60000038146973,920048328_VA,TSS,Outflow,387
83.0,920048328_VA,TSS,Outflow,388
61.0,920048328_VA,TSS,Outflow,388
33.0,920048328_VA,TSS,Outflow,388
18.0,920048328_VA,TSS,Outflow,388
15.19999980926514,920048328_VA,TSS,Outflow,388
47.0,920048328_VA,TSS,Outflow,389
8.800000190734863,920048328_VA,TSS,Outflow,389
18.0,920048328_VA,TSS,Outflow,389
83.0,920048328_VA,TSS,Outflow,389
15.19999980926514,920048328_VA,TSS,Outflow,389
23.60000038146973,920048328_VA,TSS,Outflow,390
4.0,920048328_VA,TSS,Outflow,390
6.400000095367432,920048328_VA,TSS,Outflow,390
18.0,920048328_VA,TSS,Outflow,390
9.5,920048328_VA,TSS,Outflow,390
10.0,920048328_VA,TSS,Outflow,391
23.60000038146973,920048328_VA,TSS,Outflow,391
3.599999904632568,920048328_VA,TSS,Outflow,391
10.0,920048328_VA,TSS,Outflow,391
6.0,920048328_VA,TSS,Outflow,391
3.599999904632568,920048328_VA,TSS,Outflow,392
8.0,920048328_VA,TSS,Outflow,392
17.20000076293945,920048328_VA,TSS,Outflow,392
83.0,920048328_VA,TSS,Outflow,392
47.0,920048328_VA,TSS,Outflow,392
18.0,920048328_VA,TSS,Outflow,393
10.0,920048328_VA,TSS,Outflow,393
18.0,920048328_VA,TSS,Outflow,393
4.400000095367432,920048328_VA,TSS,Outflow,393
39.0,920048328_VA,TSS,Outflow,393
23.60000038146973,920048328_VA,TSS,Outflow,394
10.0,920048328_VA,TSS,Outflow,394
39.0,920048328_VA,TSS,Outflow,394
18.0,920048328_VA,TSS,Outflow,394
15.19999980926514,920048328_VA,TSS,Outflow,394
8.0,920048328_VA,TSS,Outflow,395
8.399999618530273,920048328_VA,TSS,Outflow,395
6.0,920048328_VA,TSS,Outflow,395
13.60000038146973,920048328_VA,TSS,Outflow,395
4.0,920048328_VA,TSS,Outflow,395
9.5,920048328_VA,TSS,Outflow,396
18.0,920048328_VA,TSS,Outflow,396
6.400000095367432,920048328_VA,TSS,Outflow,396
15.19999980926514,920048328_VA,TSS,Outflow,396
17.20000076293945,920048328_VA,TSS,Outflow,396
47.0,920048328_VA,TSS,Outflow,397
15.19999980926514,920048328_VA,TSS,Outflow,397
16.39999961853027,920048328_VA,TSS,Outflow,397
13.60000038146973,920048328_VA,TSS,Outflow,397
23.60000038146973,920048328_VA,TSS,Outflow,397
9.5,920048328_VA,TSS,Outflow,398
47.0,920048328_VA,TSS,Outflow,398
18.0,920048328_VA,TSS,Outflow,398
10.0,920048328_VA,TSS,Outflow,398
33.0,920048328_VA,TSS,Outflow,398
17.20000076293945,920048328_VA,TSS,Outflow,399
3.200000047683716,920048328_VA,TSS,Outflow,399
83.0,920048328_VA,TSS,Outflow,399
15.19999980926514,920048328_VA,TSS,Outflow,399
6.0,920048328_VA,TSS,Outflow,399
15.19999980926514,920048328_VA,TSS,Outflow,400
6.400000095367432,920048328_VA,TSS,Outflow,400
36.0,920048328_VA,TSS,Outflow,400
13.60000038146973,920048328_VA,TSS,Outflow,400
61.0,920048328_VA,TSS,Outflow,400
22.0,920048328_VA,TSS,Outflow,401
17.20000076293945,920048328_VA,TSS,Outflow,401
10.0,920048328_VA,TSS,Outflow,401
16.39999961853027,920048328_VA,TSS,Outflow,401
83.0,920048328_VA,TSS,Outflow,401
18.0,920048328_VA,TSS,Outflow,402
39.0,920048328_VA,TSS,Outflow,402
5.599999904632568,920048328_VA,TSS,Outflow,402
18.0,920048328_VA,TSS,Outflow,402
3.200000047683716,920048328_VA,TSS,Outflow,402
10.0,920048328_VA,TSS,Outflow,403
17.20000076293945,920048328_VA,TSS,Outflow,403
10.0,920048328_VA,TSS,Outflow,403
4.400000095367432,920048328_VA,TSS,Outflow,403
33.0,920048328_VA,TSS,Outflow,403
15.19999980926514,920048328_VA,TSS,Outflow,404
28.0,920048328_VA,TSS,Outflow,404
12.80000019073486,920048328_VA,TSS,Outflow,404
47.0,920048328_VA,TSS,Outflow,404
18.0,920048328_VA,TSS,Outflow,404
33.0,920048328_VA,TSS,Outflow,405
22.0,920048328_VA,TSS,Outflow,405
23.60000038146973,920048328_VA,TSS,Outflow,405
4.400000095367432,920048328_VA,TSS,Outflow,405
13.60000038146973,920048328_VA,TSS,Outflow,405
36.0,920048328_VA,TSS,Outflow,406
17.20000076293945,920048328_VA,TSS,Outflow,406
168.0,920048328_VA,TSS,Outflow,406
5.599999904632568,920048328_VA,TSS,Outflow,406
6.0,920048328_VA,TSS,Outflow,406
47.0,920048328_VA,TSS,Outflow,407
4.400000095367432,920048328_VA,TSS,Outflow,407
18.0,920048328_VA,TSS,Outflow,407
10.0,920048328_VA,TSS,Outflow,407
16.39999961853027,920048328_VA,TSS,Outflow,407
8.399999618530273,920048328_VA,TSS,Outflow,408
9.5,920048328_VA,TSS,Outflow,408
6.0,920048328_VA,TSS,Outflow,408
61.0,920048328_VA,TSS,Outflow,408
6.400000095367432,920048328_VA,TSS,Outflow,408
28.0,920048328_VA,TSS,Outflow,409
9.5,920048328_VA,TSS,Outflow,409
6.400000095367432,920048328_VA,TSS,Outflow,409
8.0,920048328_VA,TSS,Outflow,409
33.0,920048328_VA,TSS,Outflow,409
39.0,920048328_VA,TSS,Outflow,410
28.0,920048328_VA,TSS,Outflow,410
22.0,920048328_VA,TSS,Outflow,410
23.60000038146973,920048328_VA,TSS,Outflow,410
8.399999618530273,920048328_VA,TSS,Outflow,410
4.0,920048328_VA,TSS,Outflow,411
6.0,920048328_VA,TSS,Outflow,411
15.19999980926514,920048328_VA,TSS,Outflow,411
17.20000076293945,920048328_VA,TSS,Outflow,411
18.0,920048328_VA,TSS,Outflow,411
47.0,920048328_VA,TSS,Outflow,412
23.60000038146973,920048328_VA,TSS,Outflow,412
4.400000095367432,920048328_VA,TSS,Outflow,412
16.39999961853027,920048328_VA,TSS,Outflow,412
36.0,920048328_VA,TSS,Outflow,412
4.0,920048328_VA,TSS,Outflow,413
8.399999618530273,920048328_VA,TSS,Outflow,413
83.0,920048328_VA,TSS,Outflow,413
6.0,920048328_VA,TSS,Outflow,413
23.60000038146973,920048328_VA,TSS,Outflow,413
22.0,920048328_VA,TSS,Outflow,414
168.0,920048328_VA,TSS,Outflow,414
18.0,920048328_VA,TSS,Outflow,414
15.19999980926514,920048328_VA,TSS,Outflow,414
8.800000190734863,920048328_VA,TSS,Outflow,414
22.0,920048328_VA,TSS,Outflow,415
83.0,920048328_VA,TSS,Outflow,415
28.0,920048328_VA,TSS,Outflow,415
8.0,920048328_VA,TSS,Outflow,415
3.200000047683716,920048328_VA,TSS,Outflow,415
83.0,920048328_VA,TSS,Outflow,416
10.0,920048328_VA,TSS,Outflow,416
3.599999904632568,920048328_VA,TSS,Outflow,416
8.399999618530273,920048328_VA,TSS,Outflow,416
8.800000190734863,920048328_VA,TSS,Outflow,416
18.0,920048328_VA,TSS,Outflow,417
10.0,920048328_VA,TSS,Outflow,417
12.80000019073486,920048328_VA,TSS,Outflow,417
28.0,920048328_VA,TSS,Outflow,417
8.399999618530273,920048328_VA,TSS,Outflow,417
168.0,920048328_VA,TSS,Outflow,418
23.60000038146973,920048328_VA,TSS,Outflow,418
16.39999961853027,920048328_VA,TSS,Outflow,418
10.0,920048328_VA,TSS,Outflow,418
8.800000190734863,920048328_VA,TSS,Outflow,418
15.19999980926514,920048328_VA,TSS,Outflow,419
5.599999904632568,920048328_VA,TSS,Outflow,419
6.0,920048328_VA,TSS,Outflow,419
23.60000038146973,920048328_VA,TSS,Outflow,419
47.0,920048328_VA,TSS,Outflow,419
5.599999904632568,920048328_VA,TSS,Outflow,420
83.0,920048328_VA,TSS,Outflow,420
15.19999980926514,920048328_VA,TSS,Outflow,420
8.0,920048328_VA,TSS,Outflow,420
15.60000038146973,920048328_VA,TSS,Outflow,420
9.5,920048328_VA,TSS,Outflow,421
61.0,920048328_VA,TSS,Outflow,421
23.60000038146973,920048328_VA,TSS,Outflow,421
15.19999980926514,920048328_VA,TSS,Outflow,421
3.599999904632568,920048328_VA,TSS,Outflow,421
4.400000095367432,920048328_VA,TSS,Outflow,422
10.0,920048328_VA,TSS,Outflow,422
4.0,920048328_VA,TSS,Outflow,422
6.0,920048328_VA,TSS,Outflow,422
8.0,920048328_VA,TSS,Outflow,422
18.0,920048328_VA,TSS,Outflow,423
9.5,920048328_VA,TSS,Outflow,423
39.0,920048328_VA,TSS,Outflow,423
15.19999980926514,920048328_VA,TSS,Outflow,423
17.20000076293945,920048328_VA,TSS,Outflow,423
15.60000038146973,920048328_VA,TSS,Outflow,424
8.399999618530273,920048328_VA,TSS,Outflow,424
47.0,920048328_VA,TSS,Outflow,424
10.0,920048328_VA,TSS,Outflow,424
9.5,920048328_VA,TSS,Outflow,424
28.0,920048328_VA,TSS,Outflow,425
23.60000038146973,920048328_VA,TSS,Outflow,425
22.0,920048328_VA,TSS,Outflow,425
8.399999618530273,920048328_VA,TSS,Outflow,425
12.80000019073486,920048328_VA,TSS,Outflow,425
18.0,920048328_VA,TSS,Outflow,426
16.39999961853027,920048328_VA,TSS,Outflow,426
18.0,920048328_VA,TSS,Outflow,426
8.0,920048328_VA,TSS,Outflow,426
4.0,920048328_VA,TSS,Outflow,426
6.0,920048328_VA,TSS,Outflow,427
13.60000038146973,920048328_VA,TSS,Outflow,427
17.20000076293945,920048328_VA,TSS,Outflow,427
3.599999904632568,920048328_VA,TSS,Outflow,427
33.0,920048328_VA,TSS,Outflow,427
22.0,920048328_VA,TSS,Outflow,428
4.0,920048328_VA,TSS,Outflow,428
3.599999904632568,920048328_VA,TSS,Outflow,428
6.400000095367432,920048328_VA,TSS,Outflow,428
15.19999980926514,920048328_VA,TSS,Outflow,428
23.60000038146973,920048328_VA,TSS,Outflow,429
4.400000095367432,920048328_VA,TSS,Outflow,429
61.0,920048328_VA,TSS,Outflow,429
10.0,920048328_VA,TSS,Outflow,429
18.0,920048328_VA,TSS,Outflow,429
9.5,920048328_VA,TSS,Outflow,430
47.0,920048328_VA,TSS,Outflow,430
6.0,920048328_VA,TSS,Outflow,430
4.400000095367432,920048328_VA,TSS,Outflow,430
168.0,920048328_VA,TSS,Outflow,430
18.0,920048328_VA,TSS,Outflow,431
6.0,920048328_VA,TSS,Outflow,431
61.0,920048328_VA,TSS,Outflow,431
3.599999904632568,920048328_VA,TSS,Outflow,431
8.0,920048328_VA,TSS,Outflow,431
6.0,920048328_VA,TSS,Outflow,432
13.60000038146973,920048328_VA,TSS,Outflow,432
18.0,920048328_VA,TSS,Outflow,432
22.0,920048328_VA,TSS,Outflow,432
83.0,920048328_VA,TSS,Outflow,432
36.0,920048328_VA,TSS,Outflow,433
15.60000038146973,920048328_VA,TSS,Outflow,433
168.0,920048328_VA,TSS,Outflow,433
9.5,920048328_VA,TSS,Outflow,433
3.200000047683716,920048328_VA,TSS,Outflow,433
18.0,920048328_VA,TSS,Outflow,434
13.60000038146973,920048328_VA,TSS,Outflow,434
6.0,920048328_VA,TSS,Outflow,434
83.0,920048328_VA,TSS,Outflow,434
6.0,920048328_VA,TSS,Outflow,434
4.400000095367432,920048328_VA,TSS,Outflow,435
28.0,920048328_VA,TSS,Outflow,435
8.0,920048328_VA,TSS,Outflow,435
39.0,920048328_VA,TSS,Outflow,435
36.0,920048328_VA,TSS,Outflow,435
28.0,920048328_VA,TSS,Outflow,436
17.20000076293945,920048328_VA,TSS,Outflow,436
18.0,920048328_VA,TSS,Outflow,436
15.19999980926514,920048328_VA,TSS,Outflow,436
39.0,920048328_VA,TSS,Outflow,436
61.0,920048328_VA,TSS,Outflow,437
28.0,920048328_VA,TSS,Outflow,437
36.0,920048328_VA,TSS,Outflow,437
12.80000019073486,920048328_VA,TSS,Outflow,437
6.400000095367432,920048328_VA,TSS,Outflow,437
17.20000076293945,920048328_VA,TSS,Outflow,438
3.200000047683716,920048328_VA,TSS,Outflow,438
15.60000038146973,920048328_VA,TSS,Outflow,438
16.39999961853027,920048328_VA,TSS,Outflow,438
47.0,920048328_VA,TSS,Outflow,438
6.0,920048328_VA,TSS,Outflow,439
6.0,920048328_VA,TSS,Outflow,439
4.0,920048328_VA,TSS,Outflow,439
9.5,920048328_VA,TSS,Outflow,439
18.0,920048328_VA,TSS,Outflow,439
39.0,920048328_VA,TSS,Outflow,440
12.80000019073486,920048328_VA,TSS,Outflow,440
18.0,920048328_VA,TSS,Outflow,440
16.39999961853027,920048328_VA,TSS,Outflow,440
3.200000047683716,920048328_VA,TSS,Outflow,440
8.0,920048328_VA,TSS,Outflow,441
18.0,920048328_VA,TSS,Outflow,441
36.0,920048328_VA,TSS,Outflow,441
8.399999618530273,920048328_VA,TSS,Outflow,441
83.0,920048328_VA,TSS,Outflow,441
3.200000047683716,920048328_VA,TSS,Outflow,442
10.0,920048328_VA,TSS,Outflow,442
15.19999980926514,920048328_VA,TSS,Outflow,442
33.0,920048328_VA,TSS,Outflow,442
13.60000038146973,920048328_VA,TSS,Outflow,442
18.0,920048328_VA,TSS,Outflow,443
4.0,920048328_VA,TSS,Outflow,443
13.60000038146973,920048328_VA,TSS,Outflow,443
10.0,920048328_VA,TSS,Outflow,443
10.0,920048328_VA,TSS,Outflow,443
8.800000190734863,920048328_VA,TSS,Outflow,444
33.0,920048328_VA,TSS,Outflow,444
6.400000095367432,920048328_VA,TSS,Outflow,444
10.0,920048328_VA,TSS,Outflow,444
39.0,920048328_VA,TSS,Outflow,444
168.0,920048328_VA,TSS,Outflow,445
15.19999980926514,920048328_VA,TSS,Outflow,445
16.39999961853027,920048328_VA,TSS,Outflow,445
3.599999904632568,920048328_VA,TSS,Outflow,445
36.0,920048328_VA,TSS,Outflow,445
61.0,920048328_VA,TSS,Outflow,446
15.60000038146973,920048328_VA,TSS,Outflow,446
47.0,920048328_VA,TSS,Outflow,446
4.0,920048328_VA,TSS,Outflow,446
9.5,920048328_VA,TSS,Outflow,446
15.19999980926514,920048328_VA,TSS,Outflow,447
4.0,920048328_VA,TSS,Outflow,447
10.0,920048328_VA,TSS,Outflow,447
15.19999980926514,920048328_VA,TSS,Outflow,447
33.0,920048328_VA,TSS,Outflow,447
23.60000038146973,920048328_VA,TSS,Outflow,448
36.0,920048328_VA,TSS,Outflow,448
15.19999980926514,920048328_VA,TSS,Outflow,448
9.5,920048328_VA,TSS,Outflow,448
4.400000095367432,920048328_VA,TSS,Outflow,448
28.0,920048328_VA,TSS,Outflow,449
3.200000047683716,920048328_VA,TSS,Outflow,449
9.5,920048328_VA,TSS,Outflow,449
168.0,920048328_VA,TSS,Outflow,449
5.599999904632568,920048328_VA,TSS,Outflow,449
33.0,920048328_VA,TSS,Outflow,450
39.0,920048328_VA,TSS,Outflow,450
83.0,920048328_VA,TSS,Outflow,450
4.400000095367432,920048328_VA,TSS,Outflow,450
22.0,920048328_VA,TSS,Outflow,450
5.599999904632568,920048328_VA,TSS,Outflow,451
15.19999980926514,920048328_VA,TSS,Outflow,451
47.0,920048328_VA,TSS,Outflow,451
10.0,920048328_VA,TSS,Outflow,451
15.19999980926514,920048328_VA,TSS,Outflow,451
10.0,920048328_VA,TSS,Outflow,452
6.0,920048328_VA,TSS,Outflow,452
8.0,920048328_VA,TSS,Outflow,452
83.0,920048328_VA,TSS,Outflow,452
18.0,920048328_VA,TSS,Outflow,452
6.0,920048328_VA,TSS,Outflow,453
10.0,920048328_VA,TSS,Outflow,453
36.0,920048328_VA,TSS,Outflow,453
61.0,920048328_VA,TSS,Outflow,453
83.0,920048328_VA,TSS,Outflow,453
9.5,920048328_VA,TSS,Outflow,454
4.0,920048328_VA,TSS,Outflow,454
36.0,920048328_VA,TSS,Outflow,454
6.0,920048328_VA,TSS,Outflow,454
47.0,920048328_VA,TSS,Outflow,454
3.599999904632568,920048328_VA,TSS,Outflow,455
18.0,920048328_VA,TSS,Outflow,455
8.800000190734863,920048328_VA,TSS,Outflow,455
168.0,920048328_VA,TSS,Outflow,455
36.0,920048328_VA,TSS,Outflow,455
83.0,920048328_VA,TSS,Outflow,456
23.60000038146973,920048328_VA,TSS,Outflow,456
13.60000038146973,920048328_VA,TSS,Outflow,456
6.400000095367432,920048328_VA,TSS,Outflow,456
10.0,920048328_VA,TSS,Outflow,456
5.599999904632568,920048328_VA,TSS,Outflow,457
168.0,920048328_VA,TSS,Outflow,457
16.39999961853027,920048328_VA,TSS,Outflow,457
17.20000076293945,920048328_VA,TSS,Outflow,457
6.0,920048328_VA,TSS,Outflow,457
6.0,920048328_VA,TSS,Outflow,458
39.0,920048328_VA,TSS,Outflow,458
13.60000038146973,920048328_VA,TSS,Outflow,458
10.0,920048328_VA,TSS,Outflow,458
16.39999961853027,920048328_VA,TSS,Outflow,458
15.19999980926514,920048328_VA,TSS,Outflow,459
18.0,920048328_VA,TSS,Outflow,459
5.599999904632568,920048328_VA,TSS,Outflow,459
47.0,920048328_VA,TSS,Outflow,459
8.0,920048328_VA,TSS,Outflow,459
18.0,920048328_VA,TSS,Outflow,460
23.60000038146973,920048328_VA,TSS,Outflow,460
8.800000190734863,920048328_VA,TSS,Outflow,460
9.5,920048328_VA,TSS,Outflow,460
17.20000076293945,920048328_VA,TSS,Outflow,460
13.60000038146973,920048328_VA,TSS,Outflow,461
6.0,920048328_VA,TSS,Outflow,461
9.5,920048328_VA,TSS,Outflow,461
83.0,920048328_VA,TSS,Outflow,461
3.200000047683716,920048328_VA,TSS,Outflow,461
6.0,920048328_VA,TSS,Outflow,462
6.400000095367432,920048328_VA,TSS,Outflow,462
15.19999980926514,920048328_VA,TSS,Outflow,462
8.399999618530273,920048328_VA,TSS,Outflow,462
61.0,920048328_VA,TSS,Outflow,462
15.19999980926514,920048328_VA,TSS,Outflow,463
18.0,920048328_VA,TSS,Outflow,463
8.800000190734863,920048328_VA,TSS,Outflow,463
6.400000095367432,920048328_VA,TSS,Outflow,463
5.599999904632568,920048328_VA,TSS,Outflow,463
9.5,920048328_VA,TSS,Outflow,464
18.0,920048328_VA,TSS,Outflow,464
6.0,920048328_VA,TSS,Outflow,464
83.0,920048328_VA,TSS,Outflow,464
3.599999904632568,920048328_VA,TSS,Outflow,464
4.400000095367432,920048328_VA,TSS,Outflow,465
10.0,920048328_VA,TSS,Outflow,465
4.0,920048328_VA,TSS,Outflow,465
23.60000038146973,920048328_VA,TSS,Outflow,465
6.400000095367432,920048328_VA,TSS,Outflow,465
18.0,920048328_VA,TSS,Outflow,466
9.5,920048328_VA,TSS,Outflow,466
6.0,920048328_VA,TSS,Outflow,466
61.0,920048328_VA,TSS,Outflow,466
18.0,920048328_VA,TSS,Outflow,466
9.5,920048328_VA,TSS,Outflow,467
61.0,920048328_VA,TSS,Outflow,467
18.0,920048328_VA,TSS,Outflow,467
28.0,920048328_VA,TSS,Outflow,467
22.0,920048328_VA,TSS,Outflow,467
3.200000047683716,920048328_VA,TSS,Outflow,468
8.399999618530273,920048328_VA,TSS,Outflow,468
12.80000019073486,920048328_VA,TSS,Outflow,468
6.400000095367432,920048328_VA,TSS,Outflow,468
18.0,920048328_VA,TSS,Outflow,468
23.60000038146973,920048328_VA,TSS,Outflow,469
15.19999980926514,920048328_VA,TSS,Outflow,469
5.599999904632568,920048328_VA,TSS,Outflow,469
39.0,920048328_VA,TSS,Outflow,469
28.0,920048328_VA,TSS,Outflow,469
47.0,920048328_VA,TSS,Outflow,470
3.599999904632568,920048328_VA,TSS,Outflow,470
8.399999618530273,920048328_VA,TSS,Outflow,470
39.0,920048328_VA,TSS,Outflow,470
6.0,920048328_VA,TSS,Outflow,470
28.0,920048328_VA,TSS,Outflow,471
12.80000019073486,920048328_VA,TSS,Outflow,471
4.0,920048328_VA,TSS,Outflow,471
5.599999904632568,920048328_VA,TSS,Outflow,471
13.60000038146973,920048328_VA,TSS,Outflow,471
18.0,920048328_VA,TSS,Outflow,472
61.0,920048328_VA,TSS,Outflow,472
15.19999980926514,920048328_VA,TSS,Outflow,472
22.0,920048328_VA,TSS,Outflow,472
23.60000038146973,920048328_VA,TSS,Outflow,472
3.599999904632568,920048328_VA,TSS,Outflow,473
17.20000076293945,920048328_VA,TSS,Outflow,473
6.0,920048328_VA,TSS,Outflow,473
5.599999904632568,920048328_VA,TSS,Outflow,473
6.400000095367432,920048328_VA,TSS,Outflow,473
10.0,920048328_VA,TSS,Outflow,474
39.0,920048328_VA,TSS,Outflow,474
6.400000095367432,920048328_VA,TSS,Outflow,474
168.0,920048328_VA,TSS,Outflow,474
9.5,920048328_VA,TSS,Outflow,474
18.0,920048328_VA,TSS,Outflow,475
6.0,920048328_VA,TSS,Outflow,475
23.60000038146973,920048328_VA,TSS,Outflow,475
8.0,920048328_VA,TSS,Outflow,475
15.60000038146973,920048328_VA,TSS,Outflow,475
39.0,920048328_VA,TSS,Outflow,476
15.60000038146973,920048328_VA,TSS,Outflow,476
15.19999980926514,920048328_VA,TSS,Outflow,476
8.800000190734863,920048328_VA,TSS,Outflow,476
168.0,920048328_VA,TSS,Outflow,476
4.0,920048328_VA,TSS,Outflow,477
18.0,920048328_VA,TSS,Outflow,477
10.0,920048328_VA,TSS,Outflow,477
9.5,920048328_VA,TSS,Outflow,477
8.800000190734863,920048328_VA,TSS,Outflow,477
39.0,920048328_VA,TSS,Outflow,478
10.0,920048328_VA,TSS,Outflow,478
8.800000190734863,920048328_VA,TSS,Outflow,478
28.0,920048328_VA,TSS,Outflow,478
4.400000095367432,920048328_VA,TSS,Outflow,478
10.0,920048328_VA,TSS,Outflow,479
6.0,920048328_VA,TSS,Outflow,479
28.0,920048328_VA,TSS,Outflow,479
9.5,920048328_VA,TSS,Outflow,479
22.0,920048328_VA,TSS,Outflow,479
47.0,920048328_VA,TSS,Outflow,480
15.19999980926514,920048328_VA,TSS,Outflow,480
36.0,920048328_VA,TSS,Outflow,480
5.599999904632568,920048328_VA,TSS,Outflow,480
168.0,920048328_VA,TSS,Outflow,480
39.0,920048328_VA,TSS,Outflow,481
18.0,920048328_VA,TSS,Outflow,481
10.0,920048328_VA,TSS,Outflow,481
61.0,920048328_VA,TSS,Outflow,481
3.200000047683716,920048328_VA,TSS,Outflow,481
3.599999904632568,920048328_VA,TSS,Outflow,482
33.0,920048328_VA,TSS,Outflow,482
13.60000038146973,920048328_VA,TSS,Outflow,482
15.19999980926514,920048328_VA,TSS,Outflow,482
18.0,920048328_VA,TSS,Outflow,482
9.5,920048328_VA,TSS,Outflow,483
61.0,920048328_VA,TSS,Outflow,483
4.0,920048328_VA,TSS,Outflow,483
6.400000095367432,920048328_VA,TSS,Outflow,483
15.19999980926514,920048328_VA,TSS,Outflow,483
4.400000095367432,920048328_VA,TSS,Outflow,484
8.0,920048328_VA,TSS,Outflow,484
6.0,920048328_VA,TSS,Outflow,484
16.39999961853027,920048328_VA,TSS,Outflow,484
4.0,920048328_VA,TSS,Outflow,484
3.599999904632568,920048328_VA,TSS,Outflow,485
3.200000047683716,920048328_VA,TSS,Outflow,485
36.0,920048328_VA,TSS,Outflow,485
83.0,920048328_VA,TSS,Outflow,485
4.0,920048328_VA,TSS,Outflow,485
8.0,920048328_VA,TSS,Outflow,486
15.19999980926514,920048328_VA,TSS,Outflow,486
83.0,920048328_VA,TSS,Outflow,486
6.400000095367432,920048328_VA,TSS,Outflow,486
10.0,920048328_VA,TSS,Outflow,486
17.20000076293945,920048328_VA,TSS,Outflow,487
18.0,920048328_VA,TSS,Outflow,487
10.0,920048328_VA,TSS,Outflow,487
33.0,920048328_VA,TSS,Outflow,487
6.0,920048328_VA,TSS,Outflow,487
4.400000095367432,920048328_VA,TSS,Outflow,488
39.0,920048328_VA,TSS,Outflow,488
18.0,920048328_VA,TSS,Outflow,488
3.599999904632568,920048328_VA,TSS,Outflow,488
22.0,920048328_VA,TSS,Outflow,488
3.599999904632568,920048328_VA,TSS,Outflow,489
15.60000038146973,920048328_VA,TSS,Outflow,489
8.0,920048328_VA,TSS,Outflow,489
12.80000019073486,920048328_VA,TSS,Outflow,489
5.599999904632568,920048328_VA,TSS,Outflow,489
15.19999980926514,920048328_VA,TSS,Outflow,490
15.19999980926514,920048328_VA,TSS,Outflow,490
23.60000038146973,920048328_VA,TSS,Outflow,490
6.0,920048328_VA,TSS,Outflow,490
6.400000095367432,920048328_VA,TSS,Outflow,490
4.400000095367432,920048328_VA,TSS,Outflow,491
168.0,920048328_VA,TSS,Outflow,491
23.60000038146973,920048328_VA,TSS,Outflow,491
18.0,920048328_VA,TSS,Outflow,491
33.0,920048328_VA,TSS,Outflow,491
18.0,920048328_VA,TSS,Outflow,492
17.20000076293945,920048328_VA,TSS,Outflow,492
8.399999618530273,920048328_VA,TSS,Outflow,492
9.5,920048328_VA,TSS,Outflow,492
12.80000019073486,920048328_VA,TSS,Outflow,492
17.20000076293945,920048328_VA,TSS,Outflow,493
4.400000095367432,920048328_VA,TSS,Outflow,493
83.0,920048328_VA,TSS,Outflow,493
12.80000019073486,920048328_VA,TSS,Outflow,493
16.39999961853027,920048328_VA,TSS,Outflow,493
6.0,920048328_VA,TSS,Outflow,494
10.0,920048328_VA,TSS,Outflow,494
13.60000038146973,920048328_VA,TSS,Outflow,494
168.0,920048328_VA,TSS,Outflow,494
39.0,920048328_VA,TSS,Outflow,494
9.5,920048328_VA,TSS,Outflow,495
47.0,920048328_VA,TSS,Outflow,495
12.80000019073486,920048328_VA,TSS,Outflow,495
16.39999961853027,920048328_VA,TSS,Outflow,495
33.0,920048328_VA,TSS,Outflow,495
18.0,920048328_VA,TSS,Outflow,496
17.20000076293945,920048328_VA,TSS,Outflow,496
15.19999980926514,920048328_VA,TSS,Outflow,496
6.0,920048328_VA,TSS,Outflow,496
8.800000190734863,920048328_VA,TSS,Outflow,496
168.0,920048328_VA,TSS,Outflow,497
4.0,920048328_VA,TSS,Outflow,497
36.0,920048328_VA,TSS,Outflow,497
8.399999618530273,920048328_VA,TSS,Outflow,497
8.0,920048328_VA,TSS,Outflow,497
15.60000038146973,920048328_VA,TSS,Outflow,498
8.0,920048328_VA,TSS,Outflow,498
18.0,920048328_VA,TSS,Outflow,498
6.400000095367432,920048328_VA,TSS,Outflow,498
17.20000076293945,920048328_VA,TSS,Outflow,498
15.19999980926514,920048328_VA,TSS,Outflow,499
6.0,920048328_VA,TSS,Outflow,499
23.60000038146973,920048328_VA,TSS,Outflow,499
36.0,920048328_VA,TSS,Outflow,499
18.0,920048328_VA,TSS,Outflow,499
10.0,920048328_VA,TSS,Outflow,500
33.0,920048328_VA,TSS,Outflow,500
18.0,920048328_VA,TSS,Outflow,500
12.80000019073486,920048328_VA,TSS,Outflow,500
8.0,920048328_VA,TSS,Outflow,500
