EMC,Location,Analyte,Flow,Run
0.28,6_CACTA002,Phosphorus,Inflow,1
0.08,6_CACTA002,Phosphorus,Inflow,1
0.23,6_CACTA002,Phosphorus,Inflow,1
0.1,6_CACTA002,Phosphorus,Inflow,1
0.29,6_CACTA002,Phosphorus,Inflow,1
0.29,6_CACTA002,Phosphorus,Inflow,2
0.34,6_CACTA002,Phosphorus,Inflow,2
0.08,6_CACTA002,Phosphorus,Inflow,2
0.12,6_CACTA002,Phosphorus,Inflow,2
0.28,6_CACTA002,Phosphorus,Inflow,2
0.23,6_CACTA002,Phosphorus,Inflow,3
0.1,6_CACTA002,Phosphorus,Inflow,3
0.14,6_CACTA002,Phosphorus,Inflow,3
0.18,6_CACTA002,Phosphorus,Inflow,3
0.24,6_CACTA002,Phosphorus,Inflow,3
0.13,6_CACTA002,Phosphorus,Inflow,4
0.25,6_CACTA002,Phosphorus,Inflow,4
0.34,6_CACTA002,Phosphorus,Inflow,4
0.06,6_CACTA002,Phosphorus,Inflow,4
0.12,6_CACTA002,Phosphorus,Inflow,4
0.12,6_CACTA002,Phosphorus,Inflow,5
0.08,6_CACTA002,Phosphorus,Inflow,5
0.23,6_CACTA002,Phosphorus,Inflow,5
0.28,6_CACTA002,Phosphorus,Inflow,5
0.06,6_CACTA002,Phosphorus,Inflow,5
0.28,6_CACTA002,Phosphorus,Inflow,6
0.08,6_CACTA002,Phosphorus,Inflow,6
0.18,6_CACTA002,Phosphorus,Inflow,6
0.1,6_CACTA002,Phosphorus,Inflow,6
0.12,6_CACTA002,Phosphorus,Inflow,6
0.1,6_CACTA002,Phosphorus,Inflow,7
0.08,6_CACTA002,Phosphorus,Inflow,7
0.34,6_CACTA002,Phosphorus,Inflow,7
0.13,6_CACTA002,Phosphorus,Inflow,7
0.23,6_CACTA002,Phosphorus,Inflow,7
0.14,6_CACTA002,Phosphorus,Inflow,8
0.13,6_CACTA002,Phosphorus,Inflow,8
0.29,6_CACTA002,Phosphorus,Inflow,8
0.08,6_CACTA002,Phosphorus,Inflow,8
0.34,6_CACTA002,Phosphorus,Inflow,8
0.1,6_CACTA002,Phosphorus,Inflow,9
0.23,6_CACTA002,Phosphorus,Inflow,9
0.12,6_CACTA002,Phosphorus,Inflow,9
0.13,6_CACTA002,Phosphorus,Inflow,9
0.28,6_CACTA002,Phosphorus,Inflow,9
0.06,6_CACTA002,Phosphorus,Inflow,10
0.24,6_CACTA002,Phosphorus,Inflow,10
0.13,6_CACTA002,Phosphorus,Inflow,10
0.13,6_CACTA002,Phosphorus,Inflow,10
0.23,6_CACTA002,Phosphorus,Inflow,10
0.23,6_CACTA002,Phosphorus,Inflow,11
0.12,6_CACTA002,Phosphorus,Inflow,11
0.29,6_CACTA002,Phosphorus,Inflow,11
0.08,6_CACTA002,Phosphorus,Inflow,11
0.13,6_CACTA002,Phosphorus,Inflow,11
0.12,6_CACTA002,Phosphorus,Inflow,12
0.25,6_CACTA002,Phosphorus,Inflow,12
0.08,6_CACTA002,Phosphorus,Inflow,12
0.28,6_CACTA002,Phosphorus,Inflow,12
0.14,6_CACTA002,Phosphorus,Inflow,12
0.13,6_CACTA002,Phosphorus,Inflow,13
0.25,6_CACTA002,Phosphorus,Inflow,13
0.1,6_CACTA002,Phosphorus,Inflow,13
0.23,6_CACTA002,Phosphorus,Inflow,13
0.24,6_CACTA002,Phosphorus,Inflow,13
0.28,6_CACTA002,Phosphorus,Inflow,14
0.1,6_CACTA002,Phosphorus,Inflow,14
0.29,6_CACTA002,Phosphorus,Inflow,14
0.25,6_CACTA002,Phosphorus,Inflow,14
0.24,6_CACTA002,Phosphorus,Inflow,14
0.28,6_CACTA002,Phosphorus,Inflow,15
0.23,6_CACTA002,Phosphorus,Inflow,15
0.18,6_CACTA002,Phosphorus,Inflow,15
0.13,6_CACTA002,Phosphorus,Inflow,15
0.13,6_CACTA002,Phosphorus,Inflow,15
0.34,6_CACTA002,Phosphorus,Inflow,16
0.13,6_CACTA002,Phosphorus,Inflow,16
0.1,6_CACTA002,Phosphorus,Inflow,16
0.08,6_CACTA002,Phosphorus,Inflow,16
0.28,6_CACTA002,Phosphorus,Inflow,16
0.18,6_CACTA002,Phosphorus,Inflow,17
0.13,6_CACTA002,Phosphorus,Inflow,17
0.28,6_CACTA002,Phosphorus,Inflow,17
0.06,6_CACTA002,Phosphorus,Inflow,17
0.29,6_CACTA002,Phosphorus,Inflow,17
0.1,6_CACTA002,Phosphorus,Inflow,18
0.34,6_CACTA002,Phosphorus,Inflow,18
0.13,6_CACTA002,Phosphorus,Inflow,18
0.24,6_CACTA002,Phosphorus,Inflow,18
0.25,6_CACTA002,Phosphorus,Inflow,18
0.06,6_CACTA002,Phosphorus,Inflow,19
0.24,6_CACTA002,Phosphorus,Inflow,19
0.13,6_CACTA002,Phosphorus,Inflow,19
0.08,6_CACTA002,Phosphorus,Inflow,19
0.28,6_CACTA002,Phosphorus,Inflow,19
0.28,6_CACTA002,Phosphorus,Inflow,20
0.29,6_CACTA002,Phosphorus,Inflow,20
0.08,6_CACTA002,Phosphorus,Inflow,20
0.23,6_CACTA002,Phosphorus,Inflow,20
0.28,6_CACTA002,Phosphorus,Inflow,20
0.13,6_CACTA002,Phosphorus,Inflow,21
0.06,6_CACTA002,Phosphorus,Inflow,21
0.34,6_CACTA002,Phosphorus,Inflow,21
0.14,6_CACTA002,Phosphorus,Inflow,21
0.24,6_CACTA002,Phosphorus,Inflow,21
0.12,6_CACTA002,Phosphorus,Inflow,22
0.08,6_CACTA002,Phosphorus,Inflow,22
0.28,6_CACTA002,Phosphorus,Inflow,22
0.06,6_CACTA002,Phosphorus,Inflow,22
0.28,6_CACTA002,Phosphorus,Inflow,22
0.1,6_CACTA002,Phosphorus,Inflow,23
0.29,6_CACTA002,Phosphorus,Inflow,23
0.12,6_CACTA002,Phosphorus,Inflow,23
0.28,6_CACTA002,Phosphorus,Inflow,23
0.18,6_CACTA002,Phosphorus,Inflow,23
0.24,6_CACTA002,Phosphorus,Inflow,24
0.13,6_CACTA002,Phosphorus,Inflow,24
0.29,6_CACTA002,Phosphorus,Inflow,24
0.14,6_CACTA002,Phosphorus,Inflow,24
0.06,6_CACTA002,Phosphorus,Inflow,24
0.25,6_CACTA002,Phosphorus,Inflow,25
0.29,6_CACTA002,Phosphorus,Inflow,25
0.34,6_CACTA002,Phosphorus,Inflow,25
0.1,6_CACTA002,Phosphorus,Inflow,25
0.28,6_CACTA002,Phosphorus,Inflow,25
0.14,6_CACTA002,Phosphorus,Inflow,26
0.28,6_CACTA002,Phosphorus,Inflow,26
0.13,6_CACTA002,Phosphorus,Inflow,26
0.13,6_CACTA002,Phosphorus,Inflow,26
0.24,6_CACTA002,Phosphorus,Inflow,26
0.14,6_CACTA002,Phosphorus,Inflow,27
0.29,6_CACTA002,Phosphorus,Inflow,27
0.1,6_CACTA002,Phosphorus,Inflow,27
0.06,6_CACTA002,Phosphorus,Inflow,27
0.12,6_CACTA002,Phosphorus,Inflow,27
0.12,6_CACTA002,Phosphorus,Inflow,28
0.24,6_CACTA002,Phosphorus,Inflow,28
0.29,6_CACTA002,Phosphorus,Inflow,28
0.13,6_CACTA002,Phosphorus,Inflow,28
0.13,6_CACTA002,Phosphorus,Inflow,28
0.14,6_CACTA002,Phosphorus,Inflow,29
0.23,6_CACTA002,Phosphorus,Inflow,29
0.06,6_CACTA002,Phosphorus,Inflow,29
0.28,6_CACTA002,Phosphorus,Inflow,29
0.28,6_CACTA002,Phosphorus,Inflow,29
0.14,6_CACTA002,Phosphorus,Inflow,30
0.13,6_CACTA002,Phosphorus,Inflow,30
0.13,6_CACTA002,Phosphorus,Inflow,30
0.25,6_CACTA002,Phosphorus,Inflow,30
0.24,6_CACTA002,Phosphorus,Inflow,30
0.18,6_CACTA002,Phosphorus,Inflow,31
0.13,6_CACTA002,Phosphorus,Inflow,31
0.34,6_CACTA002,Phosphorus,Inflow,31
0.24,6_CACTA002,Phosphorus,Inflow,31
0.25,6_CACTA002,Phosphorus,Inflow,31
0.08,6_CACTA002,Phosphorus,Inflow,32
0.24,6_CACTA002,Phosphorus,Inflow,32
0.18,6_CACTA002,Phosphorus,Inflow,32
0.13,6_CACTA002,Phosphorus,Inflow,32
0.25,6_CACTA002,Phosphorus,Inflow,32
0.1,6_CACTA002,Phosphorus,Inflow,33
0.34,6_CACTA002,Phosphorus,Inflow,33
0.13,6_CACTA002,Phosphorus,Inflow,33
0.28,6_CACTA002,Phosphorus,Inflow,33
0.14,6_CACTA002,Phosphorus,Inflow,33
0.29,6_CACTA002,Phosphorus,Inflow,34
0.06,6_CACTA002,Phosphorus,Inflow,34
0.13,6_CACTA002,Phosphorus,Inflow,34
0.13,6_CACTA002,Phosphorus,Inflow,34
0.12,6_CACTA002,Phosphorus,Inflow,34
0.14,6_CACTA002,Phosphorus,Inflow,35
0.29,6_CACTA002,Phosphorus,Inflow,35
0.25,6_CACTA002,Phosphorus,Inflow,35
0.13,6_CACTA002,Phosphorus,Inflow,35
0.28,6_CACTA002,Phosphorus,Inflow,35
0.12,6_CACTA002,Phosphorus,Inflow,36
0.08,6_CACTA002,Phosphorus,Inflow,36
0.24,6_CACTA002,Phosphorus,Inflow,36
0.28,6_CACTA002,Phosphorus,Inflow,36
0.13,6_CACTA002,Phosphorus,Inflow,36
0.14,6_CACTA002,Phosphorus,Inflow,37
0.06,6_CACTA002,Phosphorus,Inflow,37
0.34,6_CACTA002,Phosphorus,Inflow,37
0.13,6_CACTA002,Phosphorus,Inflow,37
0.08,6_CACTA002,Phosphorus,Inflow,37
0.13,6_CACTA002,Phosphorus,Inflow,38
0.12,6_CACTA002,Phosphorus,Inflow,38
0.34,6_CACTA002,Phosphorus,Inflow,38
0.29,6_CACTA002,Phosphorus,Inflow,38
0.1,6_CACTA002,Phosphorus,Inflow,38
0.14,6_CACTA002,Phosphorus,Inflow,39
0.28,6_CACTA002,Phosphorus,Inflow,39
0.28,6_CACTA002,Phosphorus,Inflow,39
0.13,6_CACTA002,Phosphorus,Inflow,39
0.24,6_CACTA002,Phosphorus,Inflow,39
0.13,6_CACTA002,Phosphorus,Inflow,40
0.12,6_CACTA002,Phosphorus,Inflow,40
0.14,6_CACTA002,Phosphorus,Inflow,40
0.34,6_CACTA002,Phosphorus,Inflow,40
0.18,6_CACTA002,Phosphorus,Inflow,40
0.24,6_CACTA002,Phosphorus,Inflow,41
0.12,6_CACTA002,Phosphorus,Inflow,41
0.13,6_CACTA002,Phosphorus,Inflow,41
0.18,6_CACTA002,Phosphorus,Inflow,41
0.25,6_CACTA002,Phosphorus,Inflow,41
0.28,6_CACTA002,Phosphorus,Inflow,42
0.28,6_CACTA002,Phosphorus,Inflow,42
0.13,6_CACTA002,Phosphorus,Inflow,42
0.34,6_CACTA002,Phosphorus,Inflow,42
0.13,6_CACTA002,Phosphorus,Inflow,42
0.18,6_CACTA002,Phosphorus,Inflow,43
0.25,6_CACTA002,Phosphorus,Inflow,43
0.06,6_CACTA002,Phosphorus,Inflow,43
0.14,6_CACTA002,Phosphorus,Inflow,43
0.13,6_CACTA002,Phosphorus,Inflow,43
0.28,6_CACTA002,Phosphorus,Inflow,44
0.18,6_CACTA002,Phosphorus,Inflow,44
0.29,6_CACTA002,Phosphorus,Inflow,44
0.06,6_CACTA002,Phosphorus,Inflow,44
0.08,6_CACTA002,Phosphorus,Inflow,44
0.13,6_CACTA002,Phosphorus,Inflow,45
0.18,6_CACTA002,Phosphorus,Inflow,45
0.13,6_CACTA002,Phosphorus,Inflow,45
0.13,6_CACTA002,Phosphorus,Inflow,45
0.06,6_CACTA002,Phosphorus,Inflow,45
0.12,6_CACTA002,Phosphorus,Inflow,46
0.1,6_CACTA002,Phosphorus,Inflow,46
0.13,6_CACTA002,Phosphorus,Inflow,46
0.06,6_CACTA002,Phosphorus,Inflow,46
0.29,6_CACTA002,Phosphorus,Inflow,46
0.29,6_CACTA002,Phosphorus,Inflow,47
0.08,6_CACTA002,Phosphorus,Inflow,47
0.13,6_CACTA002,Phosphorus,Inflow,47
0.24,6_CACTA002,Phosphorus,Inflow,47
0.18,6_CACTA002,Phosphorus,Inflow,47
0.28,6_CACTA002,Phosphorus,Inflow,48
0.12,6_CACTA002,Phosphorus,Inflow,48
0.13,6_CACTA002,Phosphorus,Inflow,48
0.18,6_CACTA002,Phosphorus,Inflow,48
0.08,6_CACTA002,Phosphorus,Inflow,48
0.08,6_CACTA002,Phosphorus,Inflow,49
0.13,6_CACTA002,Phosphorus,Inflow,49
0.12,6_CACTA002,Phosphorus,Inflow,49
0.29,6_CACTA002,Phosphorus,Inflow,49
0.13,6_CACTA002,Phosphorus,Inflow,49
0.06,6_CACTA002,Phosphorus,Inflow,50
0.29,6_CACTA002,Phosphorus,Inflow,50
0.23,6_CACTA002,Phosphorus,Inflow,50
0.28,6_CACTA002,Phosphorus,Inflow,50
0.28,6_CACTA002,Phosphorus,Inflow,50
0.18,6_CACTA002,Phosphorus,Inflow,51
0.13,6_CACTA002,Phosphorus,Inflow,51
0.14,6_CACTA002,Phosphorus,Inflow,51
0.12,6_CACTA002,Phosphorus,Inflow,51
0.13,6_CACTA002,Phosphorus,Inflow,51
0.06,6_CACTA002,Phosphorus,Inflow,52
0.13,6_CACTA002,Phosphorus,Inflow,52
0.18,6_CACTA002,Phosphorus,Inflow,52
0.34,6_CACTA002,Phosphorus,Inflow,52
0.28,6_CACTA002,Phosphorus,Inflow,52
0.13,6_CACTA002,Phosphorus,Inflow,53
0.08,6_CACTA002,Phosphorus,Inflow,53
0.06,6_CACTA002,Phosphorus,Inflow,53
0.13,6_CACTA002,Phosphorus,Inflow,53
0.28,6_CACTA002,Phosphorus,Inflow,53
0.29,6_CACTA002,Phosphorus,Inflow,54
0.13,6_CACTA002,Phosphorus,Inflow,54
0.28,6_CACTA002,Phosphorus,Inflow,54
0.06,6_CACTA002,Phosphorus,Inflow,54
0.18,6_CACTA002,Phosphorus,Inflow,54
0.29,6_CACTA002,Phosphorus,Inflow,55
0.25,6_CACTA002,Phosphorus,Inflow,55
0.18,6_CACTA002,Phosphorus,Inflow,55
0.13,6_CACTA002,Phosphorus,Inflow,55
0.12,6_CACTA002,Phosphorus,Inflow,55
0.18,6_CACTA002,Phosphorus,Inflow,56
0.13,6_CACTA002,Phosphorus,Inflow,56
0.34,6_CACTA002,Phosphorus,Inflow,56
0.13,6_CACTA002,Phosphorus,Inflow,56
0.14,6_CACTA002,Phosphorus,Inflow,56
0.13,6_CACTA002,Phosphorus,Inflow,57
0.1,6_CACTA002,Phosphorus,Inflow,57
0.29,6_CACTA002,Phosphorus,Inflow,57
0.25,6_CACTA002,Phosphorus,Inflow,57
0.34,6_CACTA002,Phosphorus,Inflow,57
0.13,6_CACTA002,Phosphorus,Inflow,58
0.24,6_CACTA002,Phosphorus,Inflow,58
0.12,6_CACTA002,Phosphorus,Inflow,58
0.13,6_CACTA002,Phosphorus,Inflow,58
0.13,6_CACTA002,Phosphorus,Inflow,58
0.25,6_CACTA002,Phosphorus,Inflow,59
0.13,6_CACTA002,Phosphorus,Inflow,59
0.29,6_CACTA002,Phosphorus,Inflow,59
0.06,6_CACTA002,Phosphorus,Inflow,59
0.14,6_CACTA002,Phosphorus,Inflow,59
0.08,6_CACTA002,Phosphorus,Inflow,60
0.29,6_CACTA002,Phosphorus,Inflow,60
0.25,6_CACTA002,Phosphorus,Inflow,60
0.1,6_CACTA002,Phosphorus,Inflow,60
0.14,6_CACTA002,Phosphorus,Inflow,60
0.12,6_CACTA002,Phosphorus,Inflow,61
0.13,6_CACTA002,Phosphorus,Inflow,61
0.13,6_CACTA002,Phosphorus,Inflow,61
0.18,6_CACTA002,Phosphorus,Inflow,61
0.24,6_CACTA002,Phosphorus,Inflow,61
0.13,6_CACTA002,Phosphorus,Inflow,62
0.1,6_CACTA002,Phosphorus,Inflow,62
0.29,6_CACTA002,Phosphorus,Inflow,62
0.06,6_CACTA002,Phosphorus,Inflow,62
0.13,6_CACTA002,Phosphorus,Inflow,62
0.13,6_CACTA002,Phosphorus,Inflow,63
0.28,6_CACTA002,Phosphorus,Inflow,63
0.29,6_CACTA002,Phosphorus,Inflow,63
0.06,6_CACTA002,Phosphorus,Inflow,63
0.1,6_CACTA002,Phosphorus,Inflow,63
0.14,6_CACTA002,Phosphorus,Inflow,64
0.18,6_CACTA002,Phosphorus,Inflow,64
0.24,6_CACTA002,Phosphorus,Inflow,64
0.08,6_CACTA002,Phosphorus,Inflow,64
0.23,6_CACTA002,Phosphorus,Inflow,64
0.06,6_CACTA002,Phosphorus,Inflow,65
0.24,6_CACTA002,Phosphorus,Inflow,65
0.18,6_CACTA002,Phosphorus,Inflow,65
0.25,6_CACTA002,Phosphorus,Inflow,65
0.34,6_CACTA002,Phosphorus,Inflow,65
0.29,6_CACTA002,Phosphorus,Inflow,66
0.13,6_CACTA002,Phosphorus,Inflow,66
0.12,6_CACTA002,Phosphorus,Inflow,66
0.34,6_CACTA002,Phosphorus,Inflow,66
0.13,6_CACTA002,Phosphorus,Inflow,66
0.28,6_CACTA002,Phosphorus,Inflow,67
0.12,6_CACTA002,Phosphorus,Inflow,67
0.13,6_CACTA002,Phosphorus,Inflow,67
0.13,6_CACTA002,Phosphorus,Inflow,67
0.18,6_CACTA002,Phosphorus,Inflow,67
0.13,6_CACTA002,Phosphorus,Inflow,68
0.1,6_CACTA002,Phosphorus,Inflow,68
0.34,6_CACTA002,Phosphorus,Inflow,68
0.14,6_CACTA002,Phosphorus,Inflow,68
0.18,6_CACTA002,Phosphorus,Inflow,68
0.25,6_CACTA002,Phosphorus,Inflow,69
0.28,6_CACTA002,Phosphorus,Inflow,69
0.06,6_CACTA002,Phosphorus,Inflow,69
0.1,6_CACTA002,Phosphorus,Inflow,69
0.28,6_CACTA002,Phosphorus,Inflow,69
0.13,6_CACTA002,Phosphorus,Inflow,70
0.13,6_CACTA002,Phosphorus,Inflow,70
0.23,6_CACTA002,Phosphorus,Inflow,70
0.06,6_CACTA002,Phosphorus,Inflow,70
0.28,6_CACTA002,Phosphorus,Inflow,70
0.18,6_CACTA002,Phosphorus,Inflow,71
0.08,6_CACTA002,Phosphorus,Inflow,71
0.34,6_CACTA002,Phosphorus,Inflow,71
0.29,6_CACTA002,Phosphorus,Inflow,71
0.13,6_CACTA002,Phosphorus,Inflow,71
0.12,6_CACTA002,Phosphorus,Inflow,72
0.08,6_CACTA002,Phosphorus,Inflow,72
0.13,6_CACTA002,Phosphorus,Inflow,72
0.28,6_CACTA002,Phosphorus,Inflow,72
0.24,6_CACTA002,Phosphorus,Inflow,72
0.34,6_CACTA002,Phosphorus,Inflow,73
0.13,6_CACTA002,Phosphorus,Inflow,73
0.25,6_CACTA002,Phosphorus,Inflow,73
0.28,6_CACTA002,Phosphorus,Inflow,73
0.13,6_CACTA002,Phosphorus,Inflow,73
0.06,6_CACTA002,Phosphorus,Inflow,74
0.13,6_CACTA002,Phosphorus,Inflow,74
0.14,6_CACTA002,Phosphorus,Inflow,74
0.34,6_CACTA002,Phosphorus,Inflow,74
0.12,6_CACTA002,Phosphorus,Inflow,74
0.14,6_CACTA002,Phosphorus,Inflow,75
0.28,6_CACTA002,Phosphorus,Inflow,75
0.25,6_CACTA002,Phosphorus,Inflow,75
0.18,6_CACTA002,Phosphorus,Inflow,75
0.12,6_CACTA002,Phosphorus,Inflow,75
0.08,6_CACTA002,Phosphorus,Inflow,76
0.13,6_CACTA002,Phosphorus,Inflow,76
0.23,6_CACTA002,Phosphorus,Inflow,76
0.28,6_CACTA002,Phosphorus,Inflow,76
0.28,6_CACTA002,Phosphorus,Inflow,76
0.28,6_CACTA002,Phosphorus,Inflow,77
0.24,6_CACTA002,Phosphorus,Inflow,77
0.12,6_CACTA002,Phosphorus,Inflow,77
0.13,6_CACTA002,Phosphorus,Inflow,77
0.23,6_CACTA002,Phosphorus,Inflow,77
0.14,6_CACTA002,Phosphorus,Inflow,78
0.13,6_CACTA002,Phosphorus,Inflow,78
0.29,6_CACTA002,Phosphorus,Inflow,78
0.1,6_CACTA002,Phosphorus,Inflow,78
0.24,6_CACTA002,Phosphorus,Inflow,78
0.29,6_CACTA002,Phosphorus,Inflow,79
0.13,6_CACTA002,Phosphorus,Inflow,79
0.25,6_CACTA002,Phosphorus,Inflow,79
0.13,6_CACTA002,Phosphorus,Inflow,79
0.1,6_CACTA002,Phosphorus,Inflow,79
0.34,6_CACTA002,Phosphorus,Inflow,80
0.14,6_CACTA002,Phosphorus,Inflow,80
0.12,6_CACTA002,Phosphorus,Inflow,80
0.29,6_CACTA002,Phosphorus,Inflow,80
0.06,6_CACTA002,Phosphorus,Inflow,80
0.13,6_CACTA002,Phosphorus,Inflow,81
0.24,6_CACTA002,Phosphorus,Inflow,81
0.25,6_CACTA002,Phosphorus,Inflow,81
0.08,6_CACTA002,Phosphorus,Inflow,81
0.06,6_CACTA002,Phosphorus,Inflow,81
0.14,6_CACTA002,Phosphorus,Inflow,82
0.06,6_CACTA002,Phosphorus,Inflow,82
0.28,6_CACTA002,Phosphorus,Inflow,82
0.29,6_CACTA002,Phosphorus,Inflow,82
0.08,6_CACTA002,Phosphorus,Inflow,82
0.23,6_CACTA002,Phosphorus,Inflow,83
0.13,6_CACTA002,Phosphorus,Inflow,83
0.25,6_CACTA002,Phosphorus,Inflow,83
0.28,6_CACTA002,Phosphorus,Inflow,83
0.12,6_CACTA002,Phosphorus,Inflow,83
0.14,6_CACTA002,Phosphorus,Inflow,84
0.1,6_CACTA002,Phosphorus,Inflow,84
0.13,6_CACTA002,Phosphorus,Inflow,84
0.13,6_CACTA002,Phosphorus,Inflow,84
0.12,6_CACTA002,Phosphorus,Inflow,84
0.14,6_CACTA002,Phosphorus,Inflow,85
0.1,6_CACTA002,Phosphorus,Inflow,85
0.25,6_CACTA002,Phosphorus,Inflow,85
0.23,6_CACTA002,Phosphorus,Inflow,85
0.24,6_CACTA002,Phosphorus,Inflow,85
0.24,6_CACTA002,Phosphorus,Inflow,86
0.06,6_CACTA002,Phosphorus,Inflow,86
0.12,6_CACTA002,Phosphorus,Inflow,86
0.23,6_CACTA002,Phosphorus,Inflow,86
0.28,6_CACTA002,Phosphorus,Inflow,86
0.06,6_CACTA002,Phosphorus,Inflow,87
0.12,6_CACTA002,Phosphorus,Inflow,87
0.25,6_CACTA002,Phosphorus,Inflow,87
0.13,6_CACTA002,Phosphorus,Inflow,87
0.08,6_CACTA002,Phosphorus,Inflow,87
0.14,6_CACTA002,Phosphorus,Inflow,88
0.18,6_CACTA002,Phosphorus,Inflow,88
0.23,6_CACTA002,Phosphorus,Inflow,88
0.34,6_CACTA002,Phosphorus,Inflow,88
0.29,6_CACTA002,Phosphorus,Inflow,88
0.24,6_CACTA002,Phosphorus,Inflow,89
0.13,6_CACTA002,Phosphorus,Inflow,89
0.08,6_CACTA002,Phosphorus,Inflow,89
0.06,6_CACTA002,Phosphorus,Inflow,89
0.12,6_CACTA002,Phosphorus,Inflow,89
0.18,6_CACTA002,Phosphorus,Inflow,90
0.13,6_CACTA002,Phosphorus,Inflow,90
0.13,6_CACTA002,Phosphorus,Inflow,90
0.06,6_CACTA002,Phosphorus,Inflow,90
0.29,6_CACTA002,Phosphorus,Inflow,90
0.12,6_CACTA002,Phosphorus,Inflow,91
0.13,6_CACTA002,Phosphorus,Inflow,91
0.23,6_CACTA002,Phosphorus,Inflow,91
0.1,6_CACTA002,Phosphorus,Inflow,91
0.28,6_CACTA002,Phosphorus,Inflow,91
0.12,6_CACTA002,Phosphorus,Inflow,92
0.25,6_CACTA002,Phosphorus,Inflow,92
0.24,6_CACTA002,Phosphorus,Inflow,92
0.34,6_CACTA002,Phosphorus,Inflow,92
0.28,6_CACTA002,Phosphorus,Inflow,92
0.25,6_CACTA002,Phosphorus,Inflow,93
0.23,6_CACTA002,Phosphorus,Inflow,93
0.13,6_CACTA002,Phosphorus,Inflow,93
0.24,6_CACTA002,Phosphorus,Inflow,93
0.28,6_CACTA002,Phosphorus,Inflow,93
0.08,6_CACTA002,Phosphorus,Inflow,94
0.34,6_CACTA002,Phosphorus,Inflow,94
0.12,6_CACTA002,Phosphorus,Inflow,94
0.13,6_CACTA002,Phosphorus,Inflow,94
0.18,6_CACTA002,Phosphorus,Inflow,94
0.13,6_CACTA002,Phosphorus,Inflow,95
0.34,6_CACTA002,Phosphorus,Inflow,95
0.24,6_CACTA002,Phosphorus,Inflow,95
0.12,6_CACTA002,Phosphorus,Inflow,95
0.06,6_CACTA002,Phosphorus,Inflow,95
0.25,6_CACTA002,Phosphorus,Inflow,96
0.1,6_CACTA002,Phosphorus,Inflow,96
0.18,6_CACTA002,Phosphorus,Inflow,96
0.13,6_CACTA002,Phosphorus,Inflow,96
0.29,6_CACTA002,Phosphorus,Inflow,96
0.25,6_CACTA002,Phosphorus,Inflow,97
0.34,6_CACTA002,Phosphorus,Inflow,97
0.12,6_CACTA002,Phosphorus,Inflow,97
0.13,6_CACTA002,Phosphorus,Inflow,97
0.08,6_CACTA002,Phosphorus,Inflow,97
0.28,6_CACTA002,Phosphorus,Inflow,98
0.06,6_CACTA002,Phosphorus,Inflow,98
0.13,6_CACTA002,Phosphorus,Inflow,98
0.18,6_CACTA002,Phosphorus,Inflow,98
0.08,6_CACTA002,Phosphorus,Inflow,98
0.34,6_CACTA002,Phosphorus,Inflow,99
0.28,6_CACTA002,Phosphorus,Inflow,99
0.08,6_CACTA002,Phosphorus,Inflow,99
0.13,6_CACTA002,Phosphorus,Inflow,99
0.14,6_CACTA002,Phosphorus,Inflow,99
0.23,6_CACTA002,Phosphorus,Inflow,100
0.13,6_CACTA002,Phosphorus,Inflow,100
0.24,6_CACTA002,Phosphorus,Inflow,100
0.1,6_CACTA002,Phosphorus,Inflow,100
0.25,6_CACTA002,Phosphorus,Inflow,100
0.1,6_CACTA002,Phosphorus,Inflow,101
0.13,6_CACTA002,Phosphorus,Inflow,101
0.29,6_CACTA002,Phosphorus,Inflow,101
0.13,6_CACTA002,Phosphorus,Inflow,101
0.18,6_CACTA002,Phosphorus,Inflow,101
0.28,6_CACTA002,Phosphorus,Inflow,102
0.34,6_CACTA002,Phosphorus,Inflow,102
0.28,6_CACTA002,Phosphorus,Inflow,102
0.23,6_CACTA002,Phosphorus,Inflow,102
0.08,6_CACTA002,Phosphorus,Inflow,102
0.29,6_CACTA002,Phosphorus,Inflow,103
0.14,6_CACTA002,Phosphorus,Inflow,103
0.25,6_CACTA002,Phosphorus,Inflow,103
0.13,6_CACTA002,Phosphorus,Inflow,103
0.1,6_CACTA002,Phosphorus,Inflow,103
0.24,6_CACTA002,Phosphorus,Inflow,104
0.13,6_CACTA002,Phosphorus,Inflow,104
0.18,6_CACTA002,Phosphorus,Inflow,104
0.1,6_CACTA002,Phosphorus,Inflow,104
0.23,6_CACTA002,Phosphorus,Inflow,104
0.08,6_CACTA002,Phosphorus,Inflow,105
0.14,6_CACTA002,Phosphorus,Inflow,105
0.12,6_CACTA002,Phosphorus,Inflow,105
0.13,6_CACTA002,Phosphorus,Inflow,105
0.13,6_CACTA002,Phosphorus,Inflow,105
0.08,6_CACTA002,Phosphorus,Inflow,106
0.12,6_CACTA002,Phosphorus,Inflow,106
0.25,6_CACTA002,Phosphorus,Inflow,106
0.23,6_CACTA002,Phosphorus,Inflow,106
0.34,6_CACTA002,Phosphorus,Inflow,106
0.25,6_CACTA002,Phosphorus,Inflow,107
0.29,6_CACTA002,Phosphorus,Inflow,107
0.34,6_CACTA002,Phosphorus,Inflow,107
0.23,6_CACTA002,Phosphorus,Inflow,107
0.13,6_CACTA002,Phosphorus,Inflow,107
0.14,6_CACTA002,Phosphorus,Inflow,108
0.12,6_CACTA002,Phosphorus,Inflow,108
0.24,6_CACTA002,Phosphorus,Inflow,108
0.18,6_CACTA002,Phosphorus,Inflow,108
0.06,6_CACTA002,Phosphorus,Inflow,108
0.34,6_CACTA002,Phosphorus,Inflow,109
0.18,6_CACTA002,Phosphorus,Inflow,109
0.14,6_CACTA002,Phosphorus,Inflow,109
0.24,6_CACTA002,Phosphorus,Inflow,109
0.13,6_CACTA002,Phosphorus,Inflow,109
0.08,6_CACTA002,Phosphorus,Inflow,110
0.13,6_CACTA002,Phosphorus,Inflow,110
0.28,6_CACTA002,Phosphorus,Inflow,110
0.24,6_CACTA002,Phosphorus,Inflow,110
0.28,6_CACTA002,Phosphorus,Inflow,110
0.14,6_CACTA002,Phosphorus,Inflow,111
0.24,6_CACTA002,Phosphorus,Inflow,111
0.25,6_CACTA002,Phosphorus,Inflow,111
0.28,6_CACTA002,Phosphorus,Inflow,111
0.34,6_CACTA002,Phosphorus,Inflow,111
0.28,6_CACTA002,Phosphorus,Inflow,112
0.18,6_CACTA002,Phosphorus,Inflow,112
0.1,6_CACTA002,Phosphorus,Inflow,112
0.06,6_CACTA002,Phosphorus,Inflow,112
0.14,6_CACTA002,Phosphorus,Inflow,112
0.13,6_CACTA002,Phosphorus,Inflow,113
0.13,6_CACTA002,Phosphorus,Inflow,113
0.14,6_CACTA002,Phosphorus,Inflow,113
0.24,6_CACTA002,Phosphorus,Inflow,113
0.13,6_CACTA002,Phosphorus,Inflow,113
0.28,6_CACTA002,Phosphorus,Inflow,114
0.12,6_CACTA002,Phosphorus,Inflow,114
0.34,6_CACTA002,Phosphorus,Inflow,114
0.06,6_CACTA002,Phosphorus,Inflow,114
0.13,6_CACTA002,Phosphorus,Inflow,114
0.06,6_CACTA002,Phosphorus,Inflow,115
0.24,6_CACTA002,Phosphorus,Inflow,115
0.28,6_CACTA002,Phosphorus,Inflow,115
0.29,6_CACTA002,Phosphorus,Inflow,115
0.13,6_CACTA002,Phosphorus,Inflow,115
0.28,6_CACTA002,Phosphorus,Inflow,116
0.13,6_CACTA002,Phosphorus,Inflow,116
0.14,6_CACTA002,Phosphorus,Inflow,116
0.24,6_CACTA002,Phosphorus,Inflow,116
0.34,6_CACTA002,Phosphorus,Inflow,116
0.13,6_CACTA002,Phosphorus,Inflow,117
0.08,6_CACTA002,Phosphorus,Inflow,117
0.24,6_CACTA002,Phosphorus,Inflow,117
0.06,6_CACTA002,Phosphorus,Inflow,117
0.18,6_CACTA002,Phosphorus,Inflow,117
0.34,6_CACTA002,Phosphorus,Inflow,118
0.06,6_CACTA002,Phosphorus,Inflow,118
0.23,6_CACTA002,Phosphorus,Inflow,118
0.12,6_CACTA002,Phosphorus,Inflow,118
0.13,6_CACTA002,Phosphorus,Inflow,118
0.13,6_CACTA002,Phosphorus,Inflow,119
0.14,6_CACTA002,Phosphorus,Inflow,119
0.34,6_CACTA002,Phosphorus,Inflow,119
0.1,6_CACTA002,Phosphorus,Inflow,119
0.28,6_CACTA002,Phosphorus,Inflow,119
0.1,6_CACTA002,Phosphorus,Inflow,120
0.12,6_CACTA002,Phosphorus,Inflow,120
0.28,6_CACTA002,Phosphorus,Inflow,120
0.25,6_CACTA002,Phosphorus,Inflow,120
0.29,6_CACTA002,Phosphorus,Inflow,120
0.06,6_CACTA002,Phosphorus,Inflow,121
0.1,6_CACTA002,Phosphorus,Inflow,121
0.25,6_CACTA002,Phosphorus,Inflow,121
0.13,6_CACTA002,Phosphorus,Inflow,121
0.24,6_CACTA002,Phosphorus,Inflow,121
0.34,6_CACTA002,Phosphorus,Inflow,122
0.28,6_CACTA002,Phosphorus,Inflow,122
0.18,6_CACTA002,Phosphorus,Inflow,122
0.29,6_CACTA002,Phosphorus,Inflow,122
0.13,6_CACTA002,Phosphorus,Inflow,122
0.12,6_CACTA002,Phosphorus,Inflow,123
0.18,6_CACTA002,Phosphorus,Inflow,123
0.23,6_CACTA002,Phosphorus,Inflow,123
0.06,6_CACTA002,Phosphorus,Inflow,123
0.13,6_CACTA002,Phosphorus,Inflow,123
0.08,6_CACTA002,Phosphorus,Inflow,124
0.12,6_CACTA002,Phosphorus,Inflow,124
0.24,6_CACTA002,Phosphorus,Inflow,124
0.25,6_CACTA002,Phosphorus,Inflow,124
0.28,6_CACTA002,Phosphorus,Inflow,124
0.29,6_CACTA002,Phosphorus,Inflow,125
0.25,6_CACTA002,Phosphorus,Inflow,125
0.06,6_CACTA002,Phosphorus,Inflow,125
0.08,6_CACTA002,Phosphorus,Inflow,125
0.23,6_CACTA002,Phosphorus,Inflow,125
0.1,6_CACTA002,Phosphorus,Inflow,126
0.08,6_CACTA002,Phosphorus,Inflow,126
0.13,6_CACTA002,Phosphorus,Inflow,126
0.06,6_CACTA002,Phosphorus,Inflow,126
0.14,6_CACTA002,Phosphorus,Inflow,126
0.25,6_CACTA002,Phosphorus,Inflow,127
0.23,6_CACTA002,Phosphorus,Inflow,127
0.06,6_CACTA002,Phosphorus,Inflow,127
0.18,6_CACTA002,Phosphorus,Inflow,127
0.34,6_CACTA002,Phosphorus,Inflow,127
0.08,6_CACTA002,Phosphorus,Inflow,128
0.24,6_CACTA002,Phosphorus,Inflow,128
0.13,6_CACTA002,Phosphorus,Inflow,128
0.18,6_CACTA002,Phosphorus,Inflow,128
0.23,6_CACTA002,Phosphorus,Inflow,128
0.1,6_CACTA002,Phosphorus,Inflow,129
0.28,6_CACTA002,Phosphorus,Inflow,129
0.29,6_CACTA002,Phosphorus,Inflow,129
0.06,6_CACTA002,Phosphorus,Inflow,129
0.23,6_CACTA002,Phosphorus,Inflow,129
0.13,6_CACTA002,Phosphorus,Inflow,130
0.1,6_CACTA002,Phosphorus,Inflow,130
0.28,6_CACTA002,Phosphorus,Inflow,130
0.13,6_CACTA002,Phosphorus,Inflow,130
0.06,6_CACTA002,Phosphorus,Inflow,130
0.1,6_CACTA002,Phosphorus,Inflow,131
0.34,6_CACTA002,Phosphorus,Inflow,131
0.13,6_CACTA002,Phosphorus,Inflow,131
0.29,6_CACTA002,Phosphorus,Inflow,131
0.14,6_CACTA002,Phosphorus,Inflow,131
0.13,6_CACTA002,Phosphorus,Inflow,132
0.23,6_CACTA002,Phosphorus,Inflow,132
0.13,6_CACTA002,Phosphorus,Inflow,132
0.29,6_CACTA002,Phosphorus,Inflow,132
0.34,6_CACTA002,Phosphorus,Inflow,132
0.08,6_CACTA002,Phosphorus,Inflow,133
0.28,6_CACTA002,Phosphorus,Inflow,133
0.14,6_CACTA002,Phosphorus,Inflow,133
0.13,6_CACTA002,Phosphorus,Inflow,133
0.1,6_CACTA002,Phosphorus,Inflow,133
0.28,6_CACTA002,Phosphorus,Inflow,134
0.12,6_CACTA002,Phosphorus,Inflow,134
0.1,6_CACTA002,Phosphorus,Inflow,134
0.23,6_CACTA002,Phosphorus,Inflow,134
0.24,6_CACTA002,Phosphorus,Inflow,134
0.18,6_CACTA002,Phosphorus,Inflow,135
0.28,6_CACTA002,Phosphorus,Inflow,135
0.06,6_CACTA002,Phosphorus,Inflow,135
0.34,6_CACTA002,Phosphorus,Inflow,135
0.1,6_CACTA002,Phosphorus,Inflow,135
0.1,6_CACTA002,Phosphorus,Inflow,136
0.28,6_CACTA002,Phosphorus,Inflow,136
0.34,6_CACTA002,Phosphorus,Inflow,136
0.28,6_CACTA002,Phosphorus,Inflow,136
0.13,6_CACTA002,Phosphorus,Inflow,136
0.25,6_CACTA002,Phosphorus,Inflow,137
0.13,6_CACTA002,Phosphorus,Inflow,137
0.13,6_CACTA002,Phosphorus,Inflow,137
0.29,6_CACTA002,Phosphorus,Inflow,137
0.34,6_CACTA002,Phosphorus,Inflow,137
0.12,6_CACTA002,Phosphorus,Inflow,138
0.24,6_CACTA002,Phosphorus,Inflow,138
0.13,6_CACTA002,Phosphorus,Inflow,138
0.18,6_CACTA002,Phosphorus,Inflow,138
0.1,6_CACTA002,Phosphorus,Inflow,138
0.06,6_CACTA002,Phosphorus,Inflow,139
0.29,6_CACTA002,Phosphorus,Inflow,139
0.24,6_CACTA002,Phosphorus,Inflow,139
0.13,6_CACTA002,Phosphorus,Inflow,139
0.13,6_CACTA002,Phosphorus,Inflow,139
0.13,6_CACTA002,Phosphorus,Inflow,140
0.08,6_CACTA002,Phosphorus,Inflow,140
0.12,6_CACTA002,Phosphorus,Inflow,140
0.23,6_CACTA002,Phosphorus,Inflow,140
0.28,6_CACTA002,Phosphorus,Inflow,140
0.13,6_CACTA002,Phosphorus,Inflow,141
0.1,6_CACTA002,Phosphorus,Inflow,141
0.28,6_CACTA002,Phosphorus,Inflow,141
0.28,6_CACTA002,Phosphorus,Inflow,141
0.13,6_CACTA002,Phosphorus,Inflow,141
0.24,6_CACTA002,Phosphorus,Inflow,142
0.13,6_CACTA002,Phosphorus,Inflow,142
0.1,6_CACTA002,Phosphorus,Inflow,142
0.29,6_CACTA002,Phosphorus,Inflow,142
0.14,6_CACTA002,Phosphorus,Inflow,142
0.13,6_CACTA002,Phosphorus,Inflow,143
0.12,6_CACTA002,Phosphorus,Inflow,143
0.24,6_CACTA002,Phosphorus,Inflow,143
0.08,6_CACTA002,Phosphorus,Inflow,143
0.25,6_CACTA002,Phosphorus,Inflow,143
0.06,6_CACTA002,Phosphorus,Inflow,144
0.28,6_CACTA002,Phosphorus,Inflow,144
0.25,6_CACTA002,Phosphorus,Inflow,144
0.18,6_CACTA002,Phosphorus,Inflow,144
0.23,6_CACTA002,Phosphorus,Inflow,144
0.13,6_CACTA002,Phosphorus,Inflow,145
0.24,6_CACTA002,Phosphorus,Inflow,145
0.23,6_CACTA002,Phosphorus,Inflow,145
0.1,6_CACTA002,Phosphorus,Inflow,145
0.13,6_CACTA002,Phosphorus,Inflow,145
0.29,6_CACTA002,Phosphorus,Inflow,146
0.23,6_CACTA002,Phosphorus,Inflow,146
0.24,6_CACTA002,Phosphorus,Inflow,146
0.25,6_CACTA002,Phosphorus,Inflow,146
0.13,6_CACTA002,Phosphorus,Inflow,146
0.14,6_CACTA002,Phosphorus,Inflow,147
0.28,6_CACTA002,Phosphorus,Inflow,147
0.28,6_CACTA002,Phosphorus,Inflow,147
0.34,6_CACTA002,Phosphorus,Inflow,147
0.13,6_CACTA002,Phosphorus,Inflow,147
0.13,6_CACTA002,Phosphorus,Inflow,148
0.06,6_CACTA002,Phosphorus,Inflow,148
0.1,6_CACTA002,Phosphorus,Inflow,148
0.13,6_CACTA002,Phosphorus,Inflow,148
0.34,6_CACTA002,Phosphorus,Inflow,148
0.13,6_CACTA002,Phosphorus,Inflow,149
0.12,6_CACTA002,Phosphorus,Inflow,149
0.13,6_CACTA002,Phosphorus,Inflow,149
0.08,6_CACTA002,Phosphorus,Inflow,149
0.24,6_CACTA002,Phosphorus,Inflow,149
0.29,6_CACTA002,Phosphorus,Inflow,150
0.24,6_CACTA002,Phosphorus,Inflow,150
0.28,6_CACTA002,Phosphorus,Inflow,150
0.13,6_CACTA002,Phosphorus,Inflow,150
0.14,6_CACTA002,Phosphorus,Inflow,150
0.28,6_CACTA002,Phosphorus,Inflow,151
0.18,6_CACTA002,Phosphorus,Inflow,151
0.14,6_CACTA002,Phosphorus,Inflow,151
0.13,6_CACTA002,Phosphorus,Inflow,151
0.12,6_CACTA002,Phosphorus,Inflow,151
0.34,6_CACTA002,Phosphorus,Inflow,152
0.1,6_CACTA002,Phosphorus,Inflow,152
0.13,6_CACTA002,Phosphorus,Inflow,152
0.13,6_CACTA002,Phosphorus,Inflow,152
0.06,6_CACTA002,Phosphorus,Inflow,152
0.28,6_CACTA002,Phosphorus,Inflow,153
0.13,6_CACTA002,Phosphorus,Inflow,153
0.18,6_CACTA002,Phosphorus,Inflow,153
0.29,6_CACTA002,Phosphorus,Inflow,153
0.13,6_CACTA002,Phosphorus,Inflow,153
0.29,6_CACTA002,Phosphorus,Inflow,154
0.34,6_CACTA002,Phosphorus,Inflow,154
0.08,6_CACTA002,Phosphorus,Inflow,154
0.13,6_CACTA002,Phosphorus,Inflow,154
0.13,6_CACTA002,Phosphorus,Inflow,154
0.1,6_CACTA002,Phosphorus,Inflow,155
0.29,6_CACTA002,Phosphorus,Inflow,155
0.23,6_CACTA002,Phosphorus,Inflow,155
0.12,6_CACTA002,Phosphorus,Inflow,155
0.06,6_CACTA002,Phosphorus,Inflow,155
0.34,6_CACTA002,Phosphorus,Inflow,156
0.28,6_CACTA002,Phosphorus,Inflow,156
0.23,6_CACTA002,Phosphorus,Inflow,156
0.18,6_CACTA002,Phosphorus,Inflow,156
0.24,6_CACTA002,Phosphorus,Inflow,156
0.29,6_CACTA002,Phosphorus,Inflow,157
0.14,6_CACTA002,Phosphorus,Inflow,157
0.25,6_CACTA002,Phosphorus,Inflow,157
0.28,6_CACTA002,Phosphorus,Inflow,157
0.34,6_CACTA002,Phosphorus,Inflow,157
0.24,6_CACTA002,Phosphorus,Inflow,158
0.29,6_CACTA002,Phosphorus,Inflow,158
0.08,6_CACTA002,Phosphorus,Inflow,158
0.13,6_CACTA002,Phosphorus,Inflow,158
0.13,6_CACTA002,Phosphorus,Inflow,158
0.06,6_CACTA002,Phosphorus,Inflow,159
0.34,6_CACTA002,Phosphorus,Inflow,159
0.25,6_CACTA002,Phosphorus,Inflow,159
0.1,6_CACTA002,Phosphorus,Inflow,159
0.13,6_CACTA002,Phosphorus,Inflow,159
0.34,6_CACTA002,Phosphorus,Inflow,160
0.28,6_CACTA002,Phosphorus,Inflow,160
0.13,6_CACTA002,Phosphorus,Inflow,160
0.28,6_CACTA002,Phosphorus,Inflow,160
0.12,6_CACTA002,Phosphorus,Inflow,160
0.13,6_CACTA002,Phosphorus,Inflow,161
0.25,6_CACTA002,Phosphorus,Inflow,161
0.13,6_CACTA002,Phosphorus,Inflow,161
0.13,6_CACTA002,Phosphorus,Inflow,161
0.1,6_CACTA002,Phosphorus,Inflow,161
0.08,6_CACTA002,Phosphorus,Inflow,162
0.13,6_CACTA002,Phosphorus,Inflow,162
0.14,6_CACTA002,Phosphorus,Inflow,162
0.23,6_CACTA002,Phosphorus,Inflow,162
0.28,6_CACTA002,Phosphorus,Inflow,162
0.28,6_CACTA002,Phosphorus,Inflow,163
0.34,6_CACTA002,Phosphorus,Inflow,163
0.14,6_CACTA002,Phosphorus,Inflow,163
0.25,6_CACTA002,Phosphorus,Inflow,163
0.29,6_CACTA002,Phosphorus,Inflow,163
0.18,6_CACTA002,Phosphorus,Inflow,164
0.08,6_CACTA002,Phosphorus,Inflow,164
0.28,6_CACTA002,Phosphorus,Inflow,164
0.13,6_CACTA002,Phosphorus,Inflow,164
0.14,6_CACTA002,Phosphorus,Inflow,164
0.18,6_CACTA002,Phosphorus,Inflow,165
0.13,6_CACTA002,Phosphorus,Inflow,165
0.28,6_CACTA002,Phosphorus,Inflow,165
0.25,6_CACTA002,Phosphorus,Inflow,165
0.12,6_CACTA002,Phosphorus,Inflow,165
0.18,6_CACTA002,Phosphorus,Inflow,166
0.06,6_CACTA002,Phosphorus,Inflow,166
0.29,6_CACTA002,Phosphorus,Inflow,166
0.12,6_CACTA002,Phosphorus,Inflow,166
0.25,6_CACTA002,Phosphorus,Inflow,166
0.13,6_CACTA002,Phosphorus,Inflow,167
0.24,6_CACTA002,Phosphorus,Inflow,167
0.06,6_CACTA002,Phosphorus,Inflow,167
0.1,6_CACTA002,Phosphorus,Inflow,167
0.12,6_CACTA002,Phosphorus,Inflow,167
0.28,6_CACTA002,Phosphorus,Inflow,168
0.1,6_CACTA002,Phosphorus,Inflow,168
0.08,6_CACTA002,Phosphorus,Inflow,168
0.28,6_CACTA002,Phosphorus,Inflow,168
0.06,6_CACTA002,Phosphorus,Inflow,168
0.13,6_CACTA002,Phosphorus,Inflow,169
0.28,6_CACTA002,Phosphorus,Inflow,169
0.12,6_CACTA002,Phosphorus,Inflow,169
0.34,6_CACTA002,Phosphorus,Inflow,169
0.29,6_CACTA002,Phosphorus,Inflow,169
0.23,6_CACTA002,Phosphorus,Inflow,170
0.1,6_CACTA002,Phosphorus,Inflow,170
0.28,6_CACTA002,Phosphorus,Inflow,170
0.18,6_CACTA002,Phosphorus,Inflow,170
0.13,6_CACTA002,Phosphorus,Inflow,170
0.28,6_CACTA002,Phosphorus,Inflow,171
0.28,6_CACTA002,Phosphorus,Inflow,171
0.06,6_CACTA002,Phosphorus,Inflow,171
0.34,6_CACTA002,Phosphorus,Inflow,171
0.24,6_CACTA002,Phosphorus,Inflow,171
0.1,6_CACTA002,Phosphorus,Inflow,172
0.23,6_CACTA002,Phosphorus,Inflow,172
0.06,6_CACTA002,Phosphorus,Inflow,172
0.08,6_CACTA002,Phosphorus,Inflow,172
0.28,6_CACTA002,Phosphorus,Inflow,172
0.28,6_CACTA002,Phosphorus,Inflow,173
0.14,6_CACTA002,Phosphorus,Inflow,173
0.28,6_CACTA002,Phosphorus,Inflow,173
0.23,6_CACTA002,Phosphorus,Inflow,173
0.1,6_CACTA002,Phosphorus,Inflow,173
0.24,6_CACTA002,Phosphorus,Inflow,174
0.1,6_CACTA002,Phosphorus,Inflow,174
0.13,6_CACTA002,Phosphorus,Inflow,174
0.12,6_CACTA002,Phosphorus,Inflow,174
0.34,6_CACTA002,Phosphorus,Inflow,174
0.13,6_CACTA002,Phosphorus,Inflow,175
0.12,6_CACTA002,Phosphorus,Inflow,175
0.08,6_CACTA002,Phosphorus,Inflow,175
0.28,6_CACTA002,Phosphorus,Inflow,175
0.14,6_CACTA002,Phosphorus,Inflow,175
0.23,6_CACTA002,Phosphorus,Inflow,176
0.13,6_CACTA002,Phosphorus,Inflow,176
0.18,6_CACTA002,Phosphorus,Inflow,176
0.13,6_CACTA002,Phosphorus,Inflow,176
0.12,6_CACTA002,Phosphorus,Inflow,176
0.29,6_CACTA002,Phosphorus,Inflow,177
0.13,6_CACTA002,Phosphorus,Inflow,177
0.28,6_CACTA002,Phosphorus,Inflow,177
0.34,6_CACTA002,Phosphorus,Inflow,177
0.25,6_CACTA002,Phosphorus,Inflow,177
0.25,6_CACTA002,Phosphorus,Inflow,178
0.13,6_CACTA002,Phosphorus,Inflow,178
0.1,6_CACTA002,Phosphorus,Inflow,178
0.13,6_CACTA002,Phosphorus,Inflow,178
0.14,6_CACTA002,Phosphorus,Inflow,178
0.25,6_CACTA002,Phosphorus,Inflow,179
0.28,6_CACTA002,Phosphorus,Inflow,179
0.24,6_CACTA002,Phosphorus,Inflow,179
0.14,6_CACTA002,Phosphorus,Inflow,179
0.13,6_CACTA002,Phosphorus,Inflow,179
0.08,6_CACTA002,Phosphorus,Inflow,180
0.24,6_CACTA002,Phosphorus,Inflow,180
0.06,6_CACTA002,Phosphorus,Inflow,180
0.1,6_CACTA002,Phosphorus,Inflow,180
0.28,6_CACTA002,Phosphorus,Inflow,180
0.23,6_CACTA002,Phosphorus,Inflow,181
0.13,6_CACTA002,Phosphorus,Inflow,181
0.28,6_CACTA002,Phosphorus,Inflow,181
0.24,6_CACTA002,Phosphorus,Inflow,181
0.14,6_CACTA002,Phosphorus,Inflow,181
0.06,6_CACTA002,Phosphorus,Inflow,182
0.25,6_CACTA002,Phosphorus,Inflow,182
0.12,6_CACTA002,Phosphorus,Inflow,182
0.24,6_CACTA002,Phosphorus,Inflow,182
0.18,6_CACTA002,Phosphorus,Inflow,182
0.29,6_CACTA002,Phosphorus,Inflow,183
0.28,6_CACTA002,Phosphorus,Inflow,183
0.13,6_CACTA002,Phosphorus,Inflow,183
0.18,6_CACTA002,Phosphorus,Inflow,183
0.12,6_CACTA002,Phosphorus,Inflow,183
0.08,6_CACTA002,Phosphorus,Inflow,184
0.13,6_CACTA002,Phosphorus,Inflow,184
0.1,6_CACTA002,Phosphorus,Inflow,184
0.28,6_CACTA002,Phosphorus,Inflow,184
0.34,6_CACTA002,Phosphorus,Inflow,184
0.29,6_CACTA002,Phosphorus,Inflow,185
0.28,6_CACTA002,Phosphorus,Inflow,185
0.12,6_CACTA002,Phosphorus,Inflow,185
0.23,6_CACTA002,Phosphorus,Inflow,185
0.14,6_CACTA002,Phosphorus,Inflow,185
0.29,6_CACTA002,Phosphorus,Inflow,186
0.28,6_CACTA002,Phosphorus,Inflow,186
0.13,6_CACTA002,Phosphorus,Inflow,186
0.06,6_CACTA002,Phosphorus,Inflow,186
0.13,6_CACTA002,Phosphorus,Inflow,186
0.34,6_CACTA002,Phosphorus,Inflow,187
0.13,6_CACTA002,Phosphorus,Inflow,187
0.14,6_CACTA002,Phosphorus,Inflow,187
0.12,6_CACTA002,Phosphorus,Inflow,187
0.28,6_CACTA002,Phosphorus,Inflow,187
0.25,6_CACTA002,Phosphorus,Inflow,188
0.18,6_CACTA002,Phosphorus,Inflow,188
0.08,6_CACTA002,Phosphorus,Inflow,188
0.1,6_CACTA002,Phosphorus,Inflow,188
0.13,6_CACTA002,Phosphorus,Inflow,188
0.28,6_CACTA002,Phosphorus,Inflow,189
0.29,6_CACTA002,Phosphorus,Inflow,189
0.25,6_CACTA002,Phosphorus,Inflow,189
0.12,6_CACTA002,Phosphorus,Inflow,189
0.1,6_CACTA002,Phosphorus,Inflow,189
0.24,6_CACTA002,Phosphorus,Inflow,190
0.28,6_CACTA002,Phosphorus,Inflow,190
0.29,6_CACTA002,Phosphorus,Inflow,190
0.08,6_CACTA002,Phosphorus,Inflow,190
0.28,6_CACTA002,Phosphorus,Inflow,190
0.28,6_CACTA002,Phosphorus,Inflow,191
0.28,6_CACTA002,Phosphorus,Inflow,191
0.34,6_CACTA002,Phosphorus,Inflow,191
0.08,6_CACTA002,Phosphorus,Inflow,191
0.1,6_CACTA002,Phosphorus,Inflow,191
0.28,6_CACTA002,Phosphorus,Inflow,192
0.06,6_CACTA002,Phosphorus,Inflow,192
0.13,6_CACTA002,Phosphorus,Inflow,192
0.34,6_CACTA002,Phosphorus,Inflow,192
0.25,6_CACTA002,Phosphorus,Inflow,192
0.25,6_CACTA002,Phosphorus,Inflow,193
0.23,6_CACTA002,Phosphorus,Inflow,193
0.29,6_CACTA002,Phosphorus,Inflow,193
0.13,6_CACTA002,Phosphorus,Inflow,193
0.14,6_CACTA002,Phosphorus,Inflow,193
0.13,6_CACTA002,Phosphorus,Inflow,194
0.24,6_CACTA002,Phosphorus,Inflow,194
0.28,6_CACTA002,Phosphorus,Inflow,194
0.18,6_CACTA002,Phosphorus,Inflow,194
0.14,6_CACTA002,Phosphorus,Inflow,194
0.34,6_CACTA002,Phosphorus,Inflow,195
0.23,6_CACTA002,Phosphorus,Inflow,195
0.28,6_CACTA002,Phosphorus,Inflow,195
0.13,6_CACTA002,Phosphorus,Inflow,195
0.25,6_CACTA002,Phosphorus,Inflow,195
0.28,6_CACTA002,Phosphorus,Inflow,196
0.18,6_CACTA002,Phosphorus,Inflow,196
0.28,6_CACTA002,Phosphorus,Inflow,196
0.08,6_CACTA002,Phosphorus,Inflow,196
0.25,6_CACTA002,Phosphorus,Inflow,196
0.1,6_CACTA002,Phosphorus,Inflow,197
0.29,6_CACTA002,Phosphorus,Inflow,197
0.13,6_CACTA002,Phosphorus,Inflow,197
0.28,6_CACTA002,Phosphorus,Inflow,197
0.08,6_CACTA002,Phosphorus,Inflow,197
0.08,6_CACTA002,Phosphorus,Inflow,198
0.18,6_CACTA002,Phosphorus,Inflow,198
0.06,6_CACTA002,Phosphorus,Inflow,198
0.13,6_CACTA002,Phosphorus,Inflow,198
0.13,6_CACTA002,Phosphorus,Inflow,198
0.13,6_CACTA002,Phosphorus,Inflow,199
0.34,6_CACTA002,Phosphorus,Inflow,199
0.1,6_CACTA002,Phosphorus,Inflow,199
0.14,6_CACTA002,Phosphorus,Inflow,199
0.13,6_CACTA002,Phosphorus,Inflow,199
0.24,6_CACTA002,Phosphorus,Inflow,200
0.29,6_CACTA002,Phosphorus,Inflow,200
0.28,6_CACTA002,Phosphorus,Inflow,200
0.34,6_CACTA002,Phosphorus,Inflow,200
0.13,6_CACTA002,Phosphorus,Inflow,200
0.28,6_CACTA002,Phosphorus,Inflow,201
0.08,6_CACTA002,Phosphorus,Inflow,201
0.28,6_CACTA002,Phosphorus,Inflow,201
0.06,6_CACTA002,Phosphorus,Inflow,201
0.12,6_CACTA002,Phosphorus,Inflow,201
0.1,6_CACTA002,Phosphorus,Inflow,202
0.13,6_CACTA002,Phosphorus,Inflow,202
0.28,6_CACTA002,Phosphorus,Inflow,202
0.14,6_CACTA002,Phosphorus,Inflow,202
0.13,6_CACTA002,Phosphorus,Inflow,202
0.18,6_CACTA002,Phosphorus,Inflow,203
0.28,6_CACTA002,Phosphorus,Inflow,203
0.13,6_CACTA002,Phosphorus,Inflow,203
0.34,6_CACTA002,Phosphorus,Inflow,203
0.28,6_CACTA002,Phosphorus,Inflow,203
0.08,6_CACTA002,Phosphorus,Inflow,204
0.06,6_CACTA002,Phosphorus,Inflow,204
0.25,6_CACTA002,Phosphorus,Inflow,204
0.13,6_CACTA002,Phosphorus,Inflow,204
0.23,6_CACTA002,Phosphorus,Inflow,204
0.34,6_CACTA002,Phosphorus,Inflow,205
0.18,6_CACTA002,Phosphorus,Inflow,205
0.28,6_CACTA002,Phosphorus,Inflow,205
0.25,6_CACTA002,Phosphorus,Inflow,205
0.23,6_CACTA002,Phosphorus,Inflow,205
0.28,6_CACTA002,Phosphorus,Inflow,206
0.23,6_CACTA002,Phosphorus,Inflow,206
0.14,6_CACTA002,Phosphorus,Inflow,206
0.13,6_CACTA002,Phosphorus,Inflow,206
0.34,6_CACTA002,Phosphorus,Inflow,206
0.24,6_CACTA002,Phosphorus,Inflow,207
0.13,6_CACTA002,Phosphorus,Inflow,207
0.12,6_CACTA002,Phosphorus,Inflow,207
0.25,6_CACTA002,Phosphorus,Inflow,207
0.28,6_CACTA002,Phosphorus,Inflow,207
0.29,6_CACTA002,Phosphorus,Inflow,208
0.25,6_CACTA002,Phosphorus,Inflow,208
0.23,6_CACTA002,Phosphorus,Inflow,208
0.13,6_CACTA002,Phosphorus,Inflow,208
0.13,6_CACTA002,Phosphorus,Inflow,208
0.23,6_CACTA002,Phosphorus,Inflow,209
0.29,6_CACTA002,Phosphorus,Inflow,209
0.25,6_CACTA002,Phosphorus,Inflow,209
0.1,6_CACTA002,Phosphorus,Inflow,209
0.13,6_CACTA002,Phosphorus,Inflow,209
0.1,6_CACTA002,Phosphorus,Inflow,210
0.08,6_CACTA002,Phosphorus,Inflow,210
0.24,6_CACTA002,Phosphorus,Inflow,210
0.06,6_CACTA002,Phosphorus,Inflow,210
0.28,6_CACTA002,Phosphorus,Inflow,210
0.13,6_CACTA002,Phosphorus,Inflow,211
0.24,6_CACTA002,Phosphorus,Inflow,211
0.34,6_CACTA002,Phosphorus,Inflow,211
0.23,6_CACTA002,Phosphorus,Inflow,211
0.13,6_CACTA002,Phosphorus,Inflow,211
0.08,6_CACTA002,Phosphorus,Inflow,212
0.13,6_CACTA002,Phosphorus,Inflow,212
0.28,6_CACTA002,Phosphorus,Inflow,212
0.23,6_CACTA002,Phosphorus,Inflow,212
0.1,6_CACTA002,Phosphorus,Inflow,212
0.18,6_CACTA002,Phosphorus,Inflow,213
0.13,6_CACTA002,Phosphorus,Inflow,213
0.13,6_CACTA002,Phosphorus,Inflow,213
0.06,6_CACTA002,Phosphorus,Inflow,213
0.13,6_CACTA002,Phosphorus,Inflow,213
0.1,6_CACTA002,Phosphorus,Inflow,214
0.14,6_CACTA002,Phosphorus,Inflow,214
0.25,6_CACTA002,Phosphorus,Inflow,214
0.29,6_CACTA002,Phosphorus,Inflow,214
0.18,6_CACTA002,Phosphorus,Inflow,214
0.1,6_CACTA002,Phosphorus,Inflow,215
0.13,6_CACTA002,Phosphorus,Inflow,215
0.25,6_CACTA002,Phosphorus,Inflow,215
0.06,6_CACTA002,Phosphorus,Inflow,215
0.23,6_CACTA002,Phosphorus,Inflow,215
0.28,6_CACTA002,Phosphorus,Inflow,216
0.28,6_CACTA002,Phosphorus,Inflow,216
0.23,6_CACTA002,Phosphorus,Inflow,216
0.13,6_CACTA002,Phosphorus,Inflow,216
0.1,6_CACTA002,Phosphorus,Inflow,216
0.29,6_CACTA002,Phosphorus,Inflow,217
0.24,6_CACTA002,Phosphorus,Inflow,217
0.08,6_CACTA002,Phosphorus,Inflow,217
0.28,6_CACTA002,Phosphorus,Inflow,217
0.14,6_CACTA002,Phosphorus,Inflow,217
0.34,6_CACTA002,Phosphorus,Inflow,218
0.28,6_CACTA002,Phosphorus,Inflow,218
0.08,6_CACTA002,Phosphorus,Inflow,218
0.24,6_CACTA002,Phosphorus,Inflow,218
0.29,6_CACTA002,Phosphorus,Inflow,218
0.28,6_CACTA002,Phosphorus,Inflow,219
0.13,6_CACTA002,Phosphorus,Inflow,219
0.28,6_CACTA002,Phosphorus,Inflow,219
0.25,6_CACTA002,Phosphorus,Inflow,219
0.12,6_CACTA002,Phosphorus,Inflow,219
0.13,6_CACTA002,Phosphorus,Inflow,220
0.18,6_CACTA002,Phosphorus,Inflow,220
0.12,6_CACTA002,Phosphorus,Inflow,220
0.34,6_CACTA002,Phosphorus,Inflow,220
0.28,6_CACTA002,Phosphorus,Inflow,220
0.34,6_CACTA002,Phosphorus,Inflow,221
0.28,6_CACTA002,Phosphorus,Inflow,221
0.1,6_CACTA002,Phosphorus,Inflow,221
0.23,6_CACTA002,Phosphorus,Inflow,221
0.24,6_CACTA002,Phosphorus,Inflow,221
0.34,6_CACTA002,Phosphorus,Inflow,222
0.28,6_CACTA002,Phosphorus,Inflow,222
0.18,6_CACTA002,Phosphorus,Inflow,222
0.29,6_CACTA002,Phosphorus,Inflow,222
0.1,6_CACTA002,Phosphorus,Inflow,222
0.23,6_CACTA002,Phosphorus,Inflow,223
0.12,6_CACTA002,Phosphorus,Inflow,223
0.08,6_CACTA002,Phosphorus,Inflow,223
0.25,6_CACTA002,Phosphorus,Inflow,223
0.13,6_CACTA002,Phosphorus,Inflow,223
0.13,6_CACTA002,Phosphorus,Inflow,224
0.1,6_CACTA002,Phosphorus,Inflow,224
0.14,6_CACTA002,Phosphorus,Inflow,224
0.24,6_CACTA002,Phosphorus,Inflow,224
0.06,6_CACTA002,Phosphorus,Inflow,224
0.25,6_CACTA002,Phosphorus,Inflow,225
0.06,6_CACTA002,Phosphorus,Inflow,225
0.13,6_CACTA002,Phosphorus,Inflow,225
0.08,6_CACTA002,Phosphorus,Inflow,225
0.1,6_CACTA002,Phosphorus,Inflow,225
0.23,6_CACTA002,Phosphorus,Inflow,226
0.24,6_CACTA002,Phosphorus,Inflow,226
0.08,6_CACTA002,Phosphorus,Inflow,226
0.12,6_CACTA002,Phosphorus,Inflow,226
0.13,6_CACTA002,Phosphorus,Inflow,226
0.34,6_CACTA002,Phosphorus,Inflow,227
0.28,6_CACTA002,Phosphorus,Inflow,227
0.08,6_CACTA002,Phosphorus,Inflow,227
0.23,6_CACTA002,Phosphorus,Inflow,227
0.13,6_CACTA002,Phosphorus,Inflow,227
0.28,6_CACTA002,Phosphorus,Inflow,228
0.12,6_CACTA002,Phosphorus,Inflow,228
0.34,6_CACTA002,Phosphorus,Inflow,228
0.28,6_CACTA002,Phosphorus,Inflow,228
0.08,6_CACTA002,Phosphorus,Inflow,228
0.34,6_CACTA002,Phosphorus,Inflow,229
0.28,6_CACTA002,Phosphorus,Inflow,229
0.24,6_CACTA002,Phosphorus,Inflow,229
0.06,6_CACTA002,Phosphorus,Inflow,229
0.18,6_CACTA002,Phosphorus,Inflow,229
0.13,6_CACTA002,Phosphorus,Inflow,230
0.23,6_CACTA002,Phosphorus,Inflow,230
0.14,6_CACTA002,Phosphorus,Inflow,230
0.18,6_CACTA002,Phosphorus,Inflow,230
0.1,6_CACTA002,Phosphorus,Inflow,230
0.14,6_CACTA002,Phosphorus,Inflow,231
0.08,6_CACTA002,Phosphorus,Inflow,231
0.23,6_CACTA002,Phosphorus,Inflow,231
0.18,6_CACTA002,Phosphorus,Inflow,231
0.24,6_CACTA002,Phosphorus,Inflow,231
0.18,6_CACTA002,Phosphorus,Inflow,232
0.34,6_CACTA002,Phosphorus,Inflow,232
0.24,6_CACTA002,Phosphorus,Inflow,232
0.25,6_CACTA002,Phosphorus,Inflow,232
0.1,6_CACTA002,Phosphorus,Inflow,232
0.29,6_CACTA002,Phosphorus,Inflow,233
0.24,6_CACTA002,Phosphorus,Inflow,233
0.28,6_CACTA002,Phosphorus,Inflow,233
0.25,6_CACTA002,Phosphorus,Inflow,233
0.13,6_CACTA002,Phosphorus,Inflow,233
0.13,6_CACTA002,Phosphorus,Inflow,234
0.14,6_CACTA002,Phosphorus,Inflow,234
0.23,6_CACTA002,Phosphorus,Inflow,234
0.28,6_CACTA002,Phosphorus,Inflow,234
0.34,6_CACTA002,Phosphorus,Inflow,234
0.13,6_CACTA002,Phosphorus,Inflow,235
0.1,6_CACTA002,Phosphorus,Inflow,235
0.12,6_CACTA002,Phosphorus,Inflow,235
0.14,6_CACTA002,Phosphorus,Inflow,235
0.34,6_CACTA002,Phosphorus,Inflow,235
0.23,6_CACTA002,Phosphorus,Inflow,236
0.25,6_CACTA002,Phosphorus,Inflow,236
0.1,6_CACTA002,Phosphorus,Inflow,236
0.12,6_CACTA002,Phosphorus,Inflow,236
0.34,6_CACTA002,Phosphorus,Inflow,236
0.28,6_CACTA002,Phosphorus,Inflow,237
0.29,6_CACTA002,Phosphorus,Inflow,237
0.18,6_CACTA002,Phosphorus,Inflow,237
0.25,6_CACTA002,Phosphorus,Inflow,237
0.28,6_CACTA002,Phosphorus,Inflow,237
0.06,6_CACTA002,Phosphorus,Inflow,238
0.25,6_CACTA002,Phosphorus,Inflow,238
0.14,6_CACTA002,Phosphorus,Inflow,238
0.23,6_CACTA002,Phosphorus,Inflow,238
0.29,6_CACTA002,Phosphorus,Inflow,238
0.24,6_CACTA002,Phosphorus,Inflow,239
0.25,6_CACTA002,Phosphorus,Inflow,239
0.14,6_CACTA002,Phosphorus,Inflow,239
0.1,6_CACTA002,Phosphorus,Inflow,239
0.18,6_CACTA002,Phosphorus,Inflow,239
0.28,6_CACTA002,Phosphorus,Inflow,240
0.23,6_CACTA002,Phosphorus,Inflow,240
0.18,6_CACTA002,Phosphorus,Inflow,240
0.08,6_CACTA002,Phosphorus,Inflow,240
0.13,6_CACTA002,Phosphorus,Inflow,240
0.06,6_CACTA002,Phosphorus,Inflow,241
0.18,6_CACTA002,Phosphorus,Inflow,241
0.12,6_CACTA002,Phosphorus,Inflow,241
0.28,6_CACTA002,Phosphorus,Inflow,241
0.14,6_CACTA002,Phosphorus,Inflow,241
0.06,6_CACTA002,Phosphorus,Inflow,242
0.14,6_CACTA002,Phosphorus,Inflow,242
0.13,6_CACTA002,Phosphorus,Inflow,242
0.1,6_CACTA002,Phosphorus,Inflow,242
0.13,6_CACTA002,Phosphorus,Inflow,242
0.25,6_CACTA002,Phosphorus,Inflow,243
0.23,6_CACTA002,Phosphorus,Inflow,243
0.13,6_CACTA002,Phosphorus,Inflow,243
0.18,6_CACTA002,Phosphorus,Inflow,243
0.34,6_CACTA002,Phosphorus,Inflow,243
0.25,6_CACTA002,Phosphorus,Inflow,244
0.13,6_CACTA002,Phosphorus,Inflow,244
0.12,6_CACTA002,Phosphorus,Inflow,244
0.28,6_CACTA002,Phosphorus,Inflow,244
0.28,6_CACTA002,Phosphorus,Inflow,244
0.14,6_CACTA002,Phosphorus,Inflow,245
0.29,6_CACTA002,Phosphorus,Inflow,245
0.25,6_CACTA002,Phosphorus,Inflow,245
0.1,6_CACTA002,Phosphorus,Inflow,245
0.12,6_CACTA002,Phosphorus,Inflow,245
0.13,6_CACTA002,Phosphorus,Inflow,246
0.28,6_CACTA002,Phosphorus,Inflow,246
0.24,6_CACTA002,Phosphorus,Inflow,246
0.13,6_CACTA002,Phosphorus,Inflow,246
0.28,6_CACTA002,Phosphorus,Inflow,246
0.13,6_CACTA002,Phosphorus,Inflow,247
0.25,6_CACTA002,Phosphorus,Inflow,247
0.14,6_CACTA002,Phosphorus,Inflow,247
0.29,6_CACTA002,Phosphorus,Inflow,247
0.23,6_CACTA002,Phosphorus,Inflow,247
0.06,6_CACTA002,Phosphorus,Inflow,248
0.13,6_CACTA002,Phosphorus,Inflow,248
0.08,6_CACTA002,Phosphorus,Inflow,248
0.1,6_CACTA002,Phosphorus,Inflow,248
0.13,6_CACTA002,Phosphorus,Inflow,248
0.08,6_CACTA002,Phosphorus,Inflow,249
0.13,6_CACTA002,Phosphorus,Inflow,249
0.29,6_CACTA002,Phosphorus,Inflow,249
0.25,6_CACTA002,Phosphorus,Inflow,249
0.18,6_CACTA002,Phosphorus,Inflow,249
0.12,6_CACTA002,Phosphorus,Inflow,250
0.25,6_CACTA002,Phosphorus,Inflow,250
0.28,6_CACTA002,Phosphorus,Inflow,250
0.24,6_CACTA002,Phosphorus,Inflow,250
0.13,6_CACTA002,Phosphorus,Inflow,250
0.34,6_CACTA002,Phosphorus,Inflow,251
0.23,6_CACTA002,Phosphorus,Inflow,251
0.29,6_CACTA002,Phosphorus,Inflow,251
0.1,6_CACTA002,Phosphorus,Inflow,251
0.06,6_CACTA002,Phosphorus,Inflow,251
0.23,6_CACTA002,Phosphorus,Inflow,252
0.14,6_CACTA002,Phosphorus,Inflow,252
0.28,6_CACTA002,Phosphorus,Inflow,252
0.28,6_CACTA002,Phosphorus,Inflow,252
0.13,6_CACTA002,Phosphorus,Inflow,252
0.06,6_CACTA002,Phosphorus,Inflow,253
0.28,6_CACTA002,Phosphorus,Inflow,253
0.28,6_CACTA002,Phosphorus,Inflow,253
0.12,6_CACTA002,Phosphorus,Inflow,253
0.29,6_CACTA002,Phosphorus,Inflow,253
0.34,6_CACTA002,Phosphorus,Inflow,254
0.18,6_CACTA002,Phosphorus,Inflow,254
0.29,6_CACTA002,Phosphorus,Inflow,254
0.12,6_CACTA002,Phosphorus,Inflow,254
0.13,6_CACTA002,Phosphorus,Inflow,254
0.28,6_CACTA002,Phosphorus,Inflow,255
0.25,6_CACTA002,Phosphorus,Inflow,255
0.08,6_CACTA002,Phosphorus,Inflow,255
0.18,6_CACTA002,Phosphorus,Inflow,255
0.13,6_CACTA002,Phosphorus,Inflow,255
0.12,6_CACTA002,Phosphorus,Inflow,256
0.34,6_CACTA002,Phosphorus,Inflow,256
0.28,6_CACTA002,Phosphorus,Inflow,256
0.23,6_CACTA002,Phosphorus,Inflow,256
0.18,6_CACTA002,Phosphorus,Inflow,256
0.28,6_CACTA002,Phosphorus,Inflow,257
0.29,6_CACTA002,Phosphorus,Inflow,257
0.24,6_CACTA002,Phosphorus,Inflow,257
0.06,6_CACTA002,Phosphorus,Inflow,257
0.13,6_CACTA002,Phosphorus,Inflow,257
0.13,6_CACTA002,Phosphorus,Inflow,258
0.34,6_CACTA002,Phosphorus,Inflow,258
0.29,6_CACTA002,Phosphorus,Inflow,258
0.24,6_CACTA002,Phosphorus,Inflow,258
0.18,6_CACTA002,Phosphorus,Inflow,258
0.06,6_CACTA002,Phosphorus,Inflow,259
0.1,6_CACTA002,Phosphorus,Inflow,259
0.29,6_CACTA002,Phosphorus,Inflow,259
0.12,6_CACTA002,Phosphorus,Inflow,259
0.25,6_CACTA002,Phosphorus,Inflow,259
0.29,6_CACTA002,Phosphorus,Inflow,260
0.18,6_CACTA002,Phosphorus,Inflow,260
0.13,6_CACTA002,Phosphorus,Inflow,260
0.28,6_CACTA002,Phosphorus,Inflow,260
0.13,6_CACTA002,Phosphorus,Inflow,260
0.06,6_CACTA002,Phosphorus,Inflow,261
0.23,6_CACTA002,Phosphorus,Inflow,261
0.13,6_CACTA002,Phosphorus,Inflow,261
0.14,6_CACTA002,Phosphorus,Inflow,261
0.28,6_CACTA002,Phosphorus,Inflow,261
0.12,6_CACTA002,Phosphorus,Inflow,262
0.08,6_CACTA002,Phosphorus,Inflow,262
0.29,6_CACTA002,Phosphorus,Inflow,262
0.18,6_CACTA002,Phosphorus,Inflow,262
0.28,6_CACTA002,Phosphorus,Inflow,262
0.1,6_CACTA002,Phosphorus,Inflow,263
0.25,6_CACTA002,Phosphorus,Inflow,263
0.29,6_CACTA002,Phosphorus,Inflow,263
0.28,6_CACTA002,Phosphorus,Inflow,263
0.14,6_CACTA002,Phosphorus,Inflow,263
0.1,6_CACTA002,Phosphorus,Inflow,264
0.12,6_CACTA002,Phosphorus,Inflow,264
0.24,6_CACTA002,Phosphorus,Inflow,264
0.06,6_CACTA002,Phosphorus,Inflow,264
0.28,6_CACTA002,Phosphorus,Inflow,264
0.13,6_CACTA002,Phosphorus,Inflow,265
0.14,6_CACTA002,Phosphorus,Inflow,265
0.13,6_CACTA002,Phosphorus,Inflow,265
0.06,6_CACTA002,Phosphorus,Inflow,265
0.12,6_CACTA002,Phosphorus,Inflow,265
0.1,6_CACTA002,Phosphorus,Inflow,266
0.13,6_CACTA002,Phosphorus,Inflow,266
0.14,6_CACTA002,Phosphorus,Inflow,266
0.12,6_CACTA002,Phosphorus,Inflow,266
0.28,6_CACTA002,Phosphorus,Inflow,266
0.13,6_CACTA002,Phosphorus,Inflow,267
0.34,6_CACTA002,Phosphorus,Inflow,267
0.13,6_CACTA002,Phosphorus,Inflow,267
0.13,6_CACTA002,Phosphorus,Inflow,267
0.08,6_CACTA002,Phosphorus,Inflow,267
0.1,6_CACTA002,Phosphorus,Inflow,268
0.29,6_CACTA002,Phosphorus,Inflow,268
0.18,6_CACTA002,Phosphorus,Inflow,268
0.28,6_CACTA002,Phosphorus,Inflow,268
0.08,6_CACTA002,Phosphorus,Inflow,268
0.14,6_CACTA002,Phosphorus,Inflow,269
0.29,6_CACTA002,Phosphorus,Inflow,269
0.28,6_CACTA002,Phosphorus,Inflow,269
0.06,6_CACTA002,Phosphorus,Inflow,269
0.24,6_CACTA002,Phosphorus,Inflow,269
0.28,6_CACTA002,Phosphorus,Inflow,270
0.34,6_CACTA002,Phosphorus,Inflow,270
0.18,6_CACTA002,Phosphorus,Inflow,270
0.29,6_CACTA002,Phosphorus,Inflow,270
0.24,6_CACTA002,Phosphorus,Inflow,270
0.13,6_CACTA002,Phosphorus,Inflow,271
0.25,6_CACTA002,Phosphorus,Inflow,271
0.29,6_CACTA002,Phosphorus,Inflow,271
0.1,6_CACTA002,Phosphorus,Inflow,271
0.14,6_CACTA002,Phosphorus,Inflow,271
0.13,6_CACTA002,Phosphorus,Inflow,272
0.12,6_CACTA002,Phosphorus,Inflow,272
0.23,6_CACTA002,Phosphorus,Inflow,272
0.14,6_CACTA002,Phosphorus,Inflow,272
0.18,6_CACTA002,Phosphorus,Inflow,272
0.34,6_CACTA002,Phosphorus,Inflow,273
0.28,6_CACTA002,Phosphorus,Inflow,273
0.23,6_CACTA002,Phosphorus,Inflow,273
0.08,6_CACTA002,Phosphorus,Inflow,273
0.13,6_CACTA002,Phosphorus,Inflow,273
0.13,6_CACTA002,Phosphorus,Inflow,274
0.14,6_CACTA002,Phosphorus,Inflow,274
0.23,6_CACTA002,Phosphorus,Inflow,274
0.1,6_CACTA002,Phosphorus,Inflow,274
0.08,6_CACTA002,Phosphorus,Inflow,274
0.13,6_CACTA002,Phosphorus,Inflow,275
0.28,6_CACTA002,Phosphorus,Inflow,275
0.23,6_CACTA002,Phosphorus,Inflow,275
0.08,6_CACTA002,Phosphorus,Inflow,275
0.29,6_CACTA002,Phosphorus,Inflow,275
0.13,6_CACTA002,Phosphorus,Inflow,276
0.24,6_CACTA002,Phosphorus,Inflow,276
0.1,6_CACTA002,Phosphorus,Inflow,276
0.13,6_CACTA002,Phosphorus,Inflow,276
0.23,6_CACTA002,Phosphorus,Inflow,276
0.06,6_CACTA002,Phosphorus,Inflow,277
0.12,6_CACTA002,Phosphorus,Inflow,277
0.28,6_CACTA002,Phosphorus,Inflow,277
0.28,6_CACTA002,Phosphorus,Inflow,277
0.1,6_CACTA002,Phosphorus,Inflow,277
0.08,6_CACTA002,Phosphorus,Inflow,278
0.29,6_CACTA002,Phosphorus,Inflow,278
0.12,6_CACTA002,Phosphorus,Inflow,278
0.23,6_CACTA002,Phosphorus,Inflow,278
0.25,6_CACTA002,Phosphorus,Inflow,278
0.12,6_CACTA002,Phosphorus,Inflow,279
0.24,6_CACTA002,Phosphorus,Inflow,279
0.08,6_CACTA002,Phosphorus,Inflow,279
0.13,6_CACTA002,Phosphorus,Inflow,279
0.13,6_CACTA002,Phosphorus,Inflow,279
0.08,6_CACTA002,Phosphorus,Inflow,280
0.12,6_CACTA002,Phosphorus,Inflow,280
0.14,6_CACTA002,Phosphorus,Inflow,280
0.25,6_CACTA002,Phosphorus,Inflow,280
0.13,6_CACTA002,Phosphorus,Inflow,280
0.08,6_CACTA002,Phosphorus,Inflow,281
0.12,6_CACTA002,Phosphorus,Inflow,281
0.13,6_CACTA002,Phosphorus,Inflow,281
0.24,6_CACTA002,Phosphorus,Inflow,281
0.25,6_CACTA002,Phosphorus,Inflow,281
0.13,6_CACTA002,Phosphorus,Inflow,282
0.18,6_CACTA002,Phosphorus,Inflow,282
0.28,6_CACTA002,Phosphorus,Inflow,282
0.13,6_CACTA002,Phosphorus,Inflow,282
0.28,6_CACTA002,Phosphorus,Inflow,282
0.1,6_CACTA002,Phosphorus,Inflow,283
0.06,6_CACTA002,Phosphorus,Inflow,283
0.18,6_CACTA002,Phosphorus,Inflow,283
0.13,6_CACTA002,Phosphorus,Inflow,283
0.08,6_CACTA002,Phosphorus,Inflow,283
0.34,6_CACTA002,Phosphorus,Inflow,284
0.28,6_CACTA002,Phosphorus,Inflow,284
0.18,6_CACTA002,Phosphorus,Inflow,284
0.06,6_CACTA002,Phosphorus,Inflow,284
0.28,6_CACTA002,Phosphorus,Inflow,284
0.08,6_CACTA002,Phosphorus,Inflow,285
0.23,6_CACTA002,Phosphorus,Inflow,285
0.13,6_CACTA002,Phosphorus,Inflow,285
0.14,6_CACTA002,Phosphorus,Inflow,285
0.29,6_CACTA002,Phosphorus,Inflow,285
0.28,6_CACTA002,Phosphorus,Inflow,286
0.1,6_CACTA002,Phosphorus,Inflow,286
0.24,6_CACTA002,Phosphorus,Inflow,286
0.34,6_CACTA002,Phosphorus,Inflow,286
0.13,6_CACTA002,Phosphorus,Inflow,286
0.23,6_CACTA002,Phosphorus,Inflow,287
0.28,6_CACTA002,Phosphorus,Inflow,287
0.29,6_CACTA002,Phosphorus,Inflow,287
0.13,6_CACTA002,Phosphorus,Inflow,287
0.18,6_CACTA002,Phosphorus,Inflow,287
0.29,6_CACTA002,Phosphorus,Inflow,288
0.24,6_CACTA002,Phosphorus,Inflow,288
0.13,6_CACTA002,Phosphorus,Inflow,288
0.1,6_CACTA002,Phosphorus,Inflow,288
0.08,6_CACTA002,Phosphorus,Inflow,288
0.1,6_CACTA002,Phosphorus,Inflow,289
0.13,6_CACTA002,Phosphorus,Inflow,289
0.12,6_CACTA002,Phosphorus,Inflow,289
0.06,6_CACTA002,Phosphorus,Inflow,289
0.23,6_CACTA002,Phosphorus,Inflow,289
0.23,6_CACTA002,Phosphorus,Inflow,290
0.24,6_CACTA002,Phosphorus,Inflow,290
0.28,6_CACTA002,Phosphorus,Inflow,290
0.12,6_CACTA002,Phosphorus,Inflow,290
0.18,6_CACTA002,Phosphorus,Inflow,290
0.1,6_CACTA002,Phosphorus,Inflow,291
0.23,6_CACTA002,Phosphorus,Inflow,291
0.28,6_CACTA002,Phosphorus,Inflow,291
0.08,6_CACTA002,Phosphorus,Inflow,291
0.06,6_CACTA002,Phosphorus,Inflow,291
0.25,6_CACTA002,Phosphorus,Inflow,292
0.28,6_CACTA002,Phosphorus,Inflow,292
0.06,6_CACTA002,Phosphorus,Inflow,292
0.13,6_CACTA002,Phosphorus,Inflow,292
0.34,6_CACTA002,Phosphorus,Inflow,292
0.28,6_CACTA002,Phosphorus,Inflow,293
0.1,6_CACTA002,Phosphorus,Inflow,293
0.23,6_CACTA002,Phosphorus,Inflow,293
0.12,6_CACTA002,Phosphorus,Inflow,293
0.29,6_CACTA002,Phosphorus,Inflow,293
0.28,6_CACTA002,Phosphorus,Inflow,294
0.08,6_CACTA002,Phosphorus,Inflow,294
0.1,6_CACTA002,Phosphorus,Inflow,294
0.24,6_CACTA002,Phosphorus,Inflow,294
0.12,6_CACTA002,Phosphorus,Inflow,294
0.14,6_CACTA002,Phosphorus,Inflow,295
0.25,6_CACTA002,Phosphorus,Inflow,295
0.28,6_CACTA002,Phosphorus,Inflow,295
0.29,6_CACTA002,Phosphorus,Inflow,295
0.06,6_CACTA002,Phosphorus,Inflow,295
0.08,6_CACTA002,Phosphorus,Inflow,296
0.23,6_CACTA002,Phosphorus,Inflow,296
0.13,6_CACTA002,Phosphorus,Inflow,296
0.18,6_CACTA002,Phosphorus,Inflow,296
0.24,6_CACTA002,Phosphorus,Inflow,296
0.12,6_CACTA002,Phosphorus,Inflow,297
0.28,6_CACTA002,Phosphorus,Inflow,297
0.13,6_CACTA002,Phosphorus,Inflow,297
0.24,6_CACTA002,Phosphorus,Inflow,297
0.06,6_CACTA002,Phosphorus,Inflow,297
0.34,6_CACTA002,Phosphorus,Inflow,298
0.1,6_CACTA002,Phosphorus,Inflow,298
0.28,6_CACTA002,Phosphorus,Inflow,298
0.29,6_CACTA002,Phosphorus,Inflow,298
0.23,6_CACTA002,Phosphorus,Inflow,298
0.13,6_CACTA002,Phosphorus,Inflow,299
0.23,6_CACTA002,Phosphorus,Inflow,299
0.14,6_CACTA002,Phosphorus,Inflow,299
0.12,6_CACTA002,Phosphorus,Inflow,299
0.13,6_CACTA002,Phosphorus,Inflow,299
0.13,6_CACTA002,Phosphorus,Inflow,300
0.13,6_CACTA002,Phosphorus,Inflow,300
0.25,6_CACTA002,Phosphorus,Inflow,300
0.28,6_CACTA002,Phosphorus,Inflow,300
0.14,6_CACTA002,Phosphorus,Inflow,300
0.08,6_CACTA002,Phosphorus,Inflow,301
0.28,6_CACTA002,Phosphorus,Inflow,301
0.29,6_CACTA002,Phosphorus,Inflow,301
0.12,6_CACTA002,Phosphorus,Inflow,301
0.14,6_CACTA002,Phosphorus,Inflow,301
0.06,6_CACTA002,Phosphorus,Inflow,302
0.12,6_CACTA002,Phosphorus,Inflow,302
0.18,6_CACTA002,Phosphorus,Inflow,302
0.13,6_CACTA002,Phosphorus,Inflow,302
0.13,6_CACTA002,Phosphorus,Inflow,302
0.13,6_CACTA002,Phosphorus,Inflow,303
0.23,6_CACTA002,Phosphorus,Inflow,303
0.14,6_CACTA002,Phosphorus,Inflow,303
0.12,6_CACTA002,Phosphorus,Inflow,303
0.08,6_CACTA002,Phosphorus,Inflow,303
0.28,6_CACTA002,Phosphorus,Inflow,304
0.14,6_CACTA002,Phosphorus,Inflow,304
0.28,6_CACTA002,Phosphorus,Inflow,304
0.13,6_CACTA002,Phosphorus,Inflow,304
0.29,6_CACTA002,Phosphorus,Inflow,304
0.23,6_CACTA002,Phosphorus,Inflow,305
0.13,6_CACTA002,Phosphorus,Inflow,305
0.12,6_CACTA002,Phosphorus,Inflow,305
0.06,6_CACTA002,Phosphorus,Inflow,305
0.34,6_CACTA002,Phosphorus,Inflow,305
0.13,6_CACTA002,Phosphorus,Inflow,306
0.1,6_CACTA002,Phosphorus,Inflow,306
0.24,6_CACTA002,Phosphorus,Inflow,306
0.25,6_CACTA002,Phosphorus,Inflow,306
0.14,6_CACTA002,Phosphorus,Inflow,306
0.13,6_CACTA002,Phosphorus,Inflow,307
0.14,6_CACTA002,Phosphorus,Inflow,307
0.28,6_CACTA002,Phosphorus,Inflow,307
0.18,6_CACTA002,Phosphorus,Inflow,307
0.28,6_CACTA002,Phosphorus,Inflow,307
0.34,6_CACTA002,Phosphorus,Inflow,308
0.24,6_CACTA002,Phosphorus,Inflow,308
0.1,6_CACTA002,Phosphorus,Inflow,308
0.13,6_CACTA002,Phosphorus,Inflow,308
0.13,6_CACTA002,Phosphorus,Inflow,308
0.28,6_CACTA002,Phosphorus,Inflow,309
0.18,6_CACTA002,Phosphorus,Inflow,309
0.13,6_CACTA002,Phosphorus,Inflow,309
0.25,6_CACTA002,Phosphorus,Inflow,309
0.08,6_CACTA002,Phosphorus,Inflow,309
0.13,6_CACTA002,Phosphorus,Inflow,310
0.24,6_CACTA002,Phosphorus,Inflow,310
0.13,6_CACTA002,Phosphorus,Inflow,310
0.12,6_CACTA002,Phosphorus,Inflow,310
0.06,6_CACTA002,Phosphorus,Inflow,310
0.08,6_CACTA002,Phosphorus,Inflow,311
0.13,6_CACTA002,Phosphorus,Inflow,311
0.24,6_CACTA002,Phosphorus,Inflow,311
0.06,6_CACTA002,Phosphorus,Inflow,311
0.12,6_CACTA002,Phosphorus,Inflow,311
0.13,6_CACTA002,Phosphorus,Inflow,312
0.14,6_CACTA002,Phosphorus,Inflow,312
0.12,6_CACTA002,Phosphorus,Inflow,312
0.13,6_CACTA002,Phosphorus,Inflow,312
0.08,6_CACTA002,Phosphorus,Inflow,312
0.13,6_CACTA002,Phosphorus,Inflow,313
0.13,6_CACTA002,Phosphorus,Inflow,313
0.13,6_CACTA002,Phosphorus,Inflow,313
0.28,6_CACTA002,Phosphorus,Inflow,313
0.12,6_CACTA002,Phosphorus,Inflow,313
0.25,6_CACTA002,Phosphorus,Inflow,314
0.28,6_CACTA002,Phosphorus,Inflow,314
0.13,6_CACTA002,Phosphorus,Inflow,314
0.34,6_CACTA002,Phosphorus,Inflow,314
0.12,6_CACTA002,Phosphorus,Inflow,314
0.24,6_CACTA002,Phosphorus,Inflow,315
0.1,6_CACTA002,Phosphorus,Inflow,315
0.06,6_CACTA002,Phosphorus,Inflow,315
0.08,6_CACTA002,Phosphorus,Inflow,315
0.18,6_CACTA002,Phosphorus,Inflow,315
0.08,6_CACTA002,Phosphorus,Inflow,316
0.12,6_CACTA002,Phosphorus,Inflow,316
0.24,6_CACTA002,Phosphorus,Inflow,316
0.25,6_CACTA002,Phosphorus,Inflow,316
0.13,6_CACTA002,Phosphorus,Inflow,316
0.28,6_CACTA002,Phosphorus,Inflow,317
0.12,6_CACTA002,Phosphorus,Inflow,317
0.1,6_CACTA002,Phosphorus,Inflow,317
0.13,6_CACTA002,Phosphorus,Inflow,317
0.13,6_CACTA002,Phosphorus,Inflow,317
0.28,6_CACTA002,Phosphorus,Inflow,318
0.06,6_CACTA002,Phosphorus,Inflow,318
0.1,6_CACTA002,Phosphorus,Inflow,318
0.25,6_CACTA002,Phosphorus,Inflow,318
0.34,6_CACTA002,Phosphorus,Inflow,318
0.13,6_CACTA002,Phosphorus,Inflow,319
0.28,6_CACTA002,Phosphorus,Inflow,319
0.13,6_CACTA002,Phosphorus,Inflow,319
0.24,6_CACTA002,Phosphorus,Inflow,319
0.13,6_CACTA002,Phosphorus,Inflow,319
0.23,6_CACTA002,Phosphorus,Inflow,320
0.14,6_CACTA002,Phosphorus,Inflow,320
0.08,6_CACTA002,Phosphorus,Inflow,320
0.13,6_CACTA002,Phosphorus,Inflow,320
0.24,6_CACTA002,Phosphorus,Inflow,320
0.13,6_CACTA002,Phosphorus,Inflow,321
0.08,6_CACTA002,Phosphorus,Inflow,321
0.18,6_CACTA002,Phosphorus,Inflow,321
0.24,6_CACTA002,Phosphorus,Inflow,321
0.34,6_CACTA002,Phosphorus,Inflow,321
0.25,6_CACTA002,Phosphorus,Inflow,322
0.29,6_CACTA002,Phosphorus,Inflow,322
0.34,6_CACTA002,Phosphorus,Inflow,322
0.08,6_CACTA002,Phosphorus,Inflow,322
0.06,6_CACTA002,Phosphorus,Inflow,322
0.29,6_CACTA002,Phosphorus,Inflow,323
0.24,6_CACTA002,Phosphorus,Inflow,323
0.28,6_CACTA002,Phosphorus,Inflow,323
0.12,6_CACTA002,Phosphorus,Inflow,323
0.13,6_CACTA002,Phosphorus,Inflow,323
0.1,6_CACTA002,Phosphorus,Inflow,324
0.18,6_CACTA002,Phosphorus,Inflow,324
0.34,6_CACTA002,Phosphorus,Inflow,324
0.23,6_CACTA002,Phosphorus,Inflow,324
0.29,6_CACTA002,Phosphorus,Inflow,324
0.28,6_CACTA002,Phosphorus,Inflow,325
0.24,6_CACTA002,Phosphorus,Inflow,325
0.29,6_CACTA002,Phosphorus,Inflow,325
0.25,6_CACTA002,Phosphorus,Inflow,325
0.34,6_CACTA002,Phosphorus,Inflow,325
0.34,6_CACTA002,Phosphorus,Inflow,326
0.06,6_CACTA002,Phosphorus,Inflow,326
0.28,6_CACTA002,Phosphorus,Inflow,326
0.13,6_CACTA002,Phosphorus,Inflow,326
0.18,6_CACTA002,Phosphorus,Inflow,326
0.13,6_CACTA002,Phosphorus,Inflow,327
0.29,6_CACTA002,Phosphorus,Inflow,327
0.12,6_CACTA002,Phosphorus,Inflow,327
0.28,6_CACTA002,Phosphorus,Inflow,327
0.08,6_CACTA002,Phosphorus,Inflow,327
0.24,6_CACTA002,Phosphorus,Inflow,328
0.06,6_CACTA002,Phosphorus,Inflow,328
0.13,6_CACTA002,Phosphorus,Inflow,328
0.13,6_CACTA002,Phosphorus,Inflow,328
0.1,6_CACTA002,Phosphorus,Inflow,328
0.25,6_CACTA002,Phosphorus,Inflow,329
0.14,6_CACTA002,Phosphorus,Inflow,329
0.23,6_CACTA002,Phosphorus,Inflow,329
0.28,6_CACTA002,Phosphorus,Inflow,329
0.12,6_CACTA002,Phosphorus,Inflow,329
0.34,6_CACTA002,Phosphorus,Inflow,330
0.12,6_CACTA002,Phosphorus,Inflow,330
0.13,6_CACTA002,Phosphorus,Inflow,330
0.25,6_CACTA002,Phosphorus,Inflow,330
0.13,6_CACTA002,Phosphorus,Inflow,330
0.28,6_CACTA002,Phosphorus,Inflow,331
0.34,6_CACTA002,Phosphorus,Inflow,331
0.08,6_CACTA002,Phosphorus,Inflow,331
0.18,6_CACTA002,Phosphorus,Inflow,331
0.1,6_CACTA002,Phosphorus,Inflow,331
0.12,6_CACTA002,Phosphorus,Inflow,332
0.06,6_CACTA002,Phosphorus,Inflow,332
0.25,6_CACTA002,Phosphorus,Inflow,332
0.28,6_CACTA002,Phosphorus,Inflow,332
0.1,6_CACTA002,Phosphorus,Inflow,332
0.1,6_CACTA002,Phosphorus,Inflow,333
0.25,6_CACTA002,Phosphorus,Inflow,333
0.18,6_CACTA002,Phosphorus,Inflow,333
0.29,6_CACTA002,Phosphorus,Inflow,333
0.13,6_CACTA002,Phosphorus,Inflow,333
0.1,6_CACTA002,Phosphorus,Inflow,334
0.34,6_CACTA002,Phosphorus,Inflow,334
0.13,6_CACTA002,Phosphorus,Inflow,334
0.29,6_CACTA002,Phosphorus,Inflow,334
0.13,6_CACTA002,Phosphorus,Inflow,334
0.13,6_CACTA002,Phosphorus,Inflow,335
0.13,6_CACTA002,Phosphorus,Inflow,335
0.29,6_CACTA002,Phosphorus,Inflow,335
0.08,6_CACTA002,Phosphorus,Inflow,335
0.34,6_CACTA002,Phosphorus,Inflow,335
0.06,6_CACTA002,Phosphorus,Inflow,336
0.24,6_CACTA002,Phosphorus,Inflow,336
0.08,6_CACTA002,Phosphorus,Inflow,336
0.13,6_CACTA002,Phosphorus,Inflow,336
0.23,6_CACTA002,Phosphorus,Inflow,336
0.29,6_CACTA002,Phosphorus,Inflow,337
0.14,6_CACTA002,Phosphorus,Inflow,337
0.08,6_CACTA002,Phosphorus,Inflow,337
0.13,6_CACTA002,Phosphorus,Inflow,337
0.24,6_CACTA002,Phosphorus,Inflow,337
0.08,6_CACTA002,Phosphorus,Inflow,338
0.12,6_CACTA002,Phosphorus,Inflow,338
0.23,6_CACTA002,Phosphorus,Inflow,338
0.34,6_CACTA002,Phosphorus,Inflow,338
0.13,6_CACTA002,Phosphorus,Inflow,338
0.14,6_CACTA002,Phosphorus,Inflow,339
0.06,6_CACTA002,Phosphorus,Inflow,339
0.08,6_CACTA002,Phosphorus,Inflow,339
0.12,6_CACTA002,Phosphorus,Inflow,339
0.1,6_CACTA002,Phosphorus,Inflow,339
0.06,6_CACTA002,Phosphorus,Inflow,340
0.13,6_CACTA002,Phosphorus,Inflow,340
0.12,6_CACTA002,Phosphorus,Inflow,340
0.1,6_CACTA002,Phosphorus,Inflow,340
0.34,6_CACTA002,Phosphorus,Inflow,340
0.28,6_CACTA002,Phosphorus,Inflow,341
0.12,6_CACTA002,Phosphorus,Inflow,341
0.13,6_CACTA002,Phosphorus,Inflow,341
0.13,6_CACTA002,Phosphorus,Inflow,341
0.06,6_CACTA002,Phosphorus,Inflow,341
0.23,6_CACTA002,Phosphorus,Inflow,342
0.28,6_CACTA002,Phosphorus,Inflow,342
0.12,6_CACTA002,Phosphorus,Inflow,342
0.13,6_CACTA002,Phosphorus,Inflow,342
0.13,6_CACTA002,Phosphorus,Inflow,342
0.25,6_CACTA002,Phosphorus,Inflow,343
0.13,6_CACTA002,Phosphorus,Inflow,343
0.29,6_CACTA002,Phosphorus,Inflow,343
0.28,6_CACTA002,Phosphorus,Inflow,343
0.13,6_CACTA002,Phosphorus,Inflow,343
0.13,6_CACTA002,Phosphorus,Inflow,344
0.28,6_CACTA002,Phosphorus,Inflow,344
0.06,6_CACTA002,Phosphorus,Inflow,344
0.13,6_CACTA002,Phosphorus,Inflow,344
0.23,6_CACTA002,Phosphorus,Inflow,344
0.29,6_CACTA002,Phosphorus,Inflow,345
0.25,6_CACTA002,Phosphorus,Inflow,345
0.28,6_CACTA002,Phosphorus,Inflow,345
0.34,6_CACTA002,Phosphorus,Inflow,345
0.24,6_CACTA002,Phosphorus,Inflow,345
0.29,6_CACTA002,Phosphorus,Inflow,346
0.23,6_CACTA002,Phosphorus,Inflow,346
0.25,6_CACTA002,Phosphorus,Inflow,346
0.28,6_CACTA002,Phosphorus,Inflow,346
0.13,6_CACTA002,Phosphorus,Inflow,346
0.06,6_CACTA002,Phosphorus,Inflow,347
0.1,6_CACTA002,Phosphorus,Inflow,347
0.34,6_CACTA002,Phosphorus,Inflow,347
0.14,6_CACTA002,Phosphorus,Inflow,347
0.12,6_CACTA002,Phosphorus,Inflow,347
0.08,6_CACTA002,Phosphorus,Inflow,348
0.13,6_CACTA002,Phosphorus,Inflow,348
0.12,6_CACTA002,Phosphorus,Inflow,348
0.1,6_CACTA002,Phosphorus,Inflow,348
0.28,6_CACTA002,Phosphorus,Inflow,348
0.29,6_CACTA002,Phosphorus,Inflow,349
0.13,6_CACTA002,Phosphorus,Inflow,349
0.13,6_CACTA002,Phosphorus,Inflow,349
0.13,6_CACTA002,Phosphorus,Inflow,349
0.25,6_CACTA002,Phosphorus,Inflow,349
0.24,6_CACTA002,Phosphorus,Inflow,350
0.13,6_CACTA002,Phosphorus,Inflow,350
0.13,6_CACTA002,Phosphorus,Inflow,350
0.13,6_CACTA002,Phosphorus,Inflow,350
0.28,6_CACTA002,Phosphorus,Inflow,350
0.1,6_CACTA002,Phosphorus,Inflow,351
0.18,6_CACTA002,Phosphorus,Inflow,351
0.28,6_CACTA002,Phosphorus,Inflow,351
0.25,6_CACTA002,Phosphorus,Inflow,351
0.24,6_CACTA002,Phosphorus,Inflow,351
0.14,6_CACTA002,Phosphorus,Inflow,352
0.28,6_CACTA002,Phosphorus,Inflow,352
0.06,6_CACTA002,Phosphorus,Inflow,352
0.28,6_CACTA002,Phosphorus,Inflow,352
0.08,6_CACTA002,Phosphorus,Inflow,352
0.24,6_CACTA002,Phosphorus,Inflow,353
0.28,6_CACTA002,Phosphorus,Inflow,353
0.12,6_CACTA002,Phosphorus,Inflow,353
0.13,6_CACTA002,Phosphorus,Inflow,353
0.14,6_CACTA002,Phosphorus,Inflow,353
0.28,6_CACTA002,Phosphorus,Inflow,354
0.23,6_CACTA002,Phosphorus,Inflow,354
0.06,6_CACTA002,Phosphorus,Inflow,354
0.14,6_CACTA002,Phosphorus,Inflow,354
0.08,6_CACTA002,Phosphorus,Inflow,354
0.13,6_CACTA002,Phosphorus,Inflow,355
0.13,6_CACTA002,Phosphorus,Inflow,355
0.12,6_CACTA002,Phosphorus,Inflow,355
0.25,6_CACTA002,Phosphorus,Inflow,355
0.1,6_CACTA002,Phosphorus,Inflow,355
0.06,6_CACTA002,Phosphorus,Inflow,356
0.34,6_CACTA002,Phosphorus,Inflow,356
0.08,6_CACTA002,Phosphorus,Inflow,356
0.25,6_CACTA002,Phosphorus,Inflow,356
0.29,6_CACTA002,Phosphorus,Inflow,356
0.24,6_CACTA002,Phosphorus,Inflow,357
0.25,6_CACTA002,Phosphorus,Inflow,357
0.13,6_CACTA002,Phosphorus,Inflow,357
0.23,6_CACTA002,Phosphorus,Inflow,357
0.28,6_CACTA002,Phosphorus,Inflow,357
0.06,6_CACTA002,Phosphorus,Inflow,358
0.1,6_CACTA002,Phosphorus,Inflow,358
0.23,6_CACTA002,Phosphorus,Inflow,358
0.28,6_CACTA002,Phosphorus,Inflow,358
0.28,6_CACTA002,Phosphorus,Inflow,358
0.13,6_CACTA002,Phosphorus,Inflow,359
0.18,6_CACTA002,Phosphorus,Inflow,359
0.25,6_CACTA002,Phosphorus,Inflow,359
0.34,6_CACTA002,Phosphorus,Inflow,359
0.08,6_CACTA002,Phosphorus,Inflow,359
0.29,6_CACTA002,Phosphorus,Inflow,360
0.25,6_CACTA002,Phosphorus,Inflow,360
0.28,6_CACTA002,Phosphorus,Inflow,360
0.1,6_CACTA002,Phosphorus,Inflow,360
0.28,6_CACTA002,Phosphorus,Inflow,360
0.1,6_CACTA002,Phosphorus,Inflow,361
0.13,6_CACTA002,Phosphorus,Inflow,361
0.08,6_CACTA002,Phosphorus,Inflow,361
0.23,6_CACTA002,Phosphorus,Inflow,361
0.24,6_CACTA002,Phosphorus,Inflow,361
0.13,6_CACTA002,Phosphorus,Inflow,362
0.06,6_CACTA002,Phosphorus,Inflow,362
0.1,6_CACTA002,Phosphorus,Inflow,362
0.23,6_CACTA002,Phosphorus,Inflow,362
0.28,6_CACTA002,Phosphorus,Inflow,362
0.14,6_CACTA002,Phosphorus,Inflow,363
0.23,6_CACTA002,Phosphorus,Inflow,363
0.29,6_CACTA002,Phosphorus,Inflow,363
0.13,6_CACTA002,Phosphorus,Inflow,363
0.13,6_CACTA002,Phosphorus,Inflow,363
0.14,6_CACTA002,Phosphorus,Inflow,364
0.29,6_CACTA002,Phosphorus,Inflow,364
0.13,6_CACTA002,Phosphorus,Inflow,364
0.34,6_CACTA002,Phosphorus,Inflow,364
0.28,6_CACTA002,Phosphorus,Inflow,364
0.08,6_CACTA002,Phosphorus,Inflow,365
0.34,6_CACTA002,Phosphorus,Inflow,365
0.13,6_CACTA002,Phosphorus,Inflow,365
0.13,6_CACTA002,Phosphorus,Inflow,365
0.13,6_CACTA002,Phosphorus,Inflow,365
0.23,6_CACTA002,Phosphorus,Inflow,366
0.13,6_CACTA002,Phosphorus,Inflow,366
0.12,6_CACTA002,Phosphorus,Inflow,366
0.34,6_CACTA002,Phosphorus,Inflow,366
0.28,6_CACTA002,Phosphorus,Inflow,366
0.25,6_CACTA002,Phosphorus,Inflow,367
0.13,6_CACTA002,Phosphorus,Inflow,367
0.1,6_CACTA002,Phosphorus,Inflow,367
0.18,6_CACTA002,Phosphorus,Inflow,367
0.23,6_CACTA002,Phosphorus,Inflow,367
0.28,6_CACTA002,Phosphorus,Inflow,368
0.34,6_CACTA002,Phosphorus,Inflow,368
0.13,6_CACTA002,Phosphorus,Inflow,368
0.28,6_CACTA002,Phosphorus,Inflow,368
0.18,6_CACTA002,Phosphorus,Inflow,368
0.13,6_CACTA002,Phosphorus,Inflow,369
0.08,6_CACTA002,Phosphorus,Inflow,369
0.29,6_CACTA002,Phosphorus,Inflow,369
0.25,6_CACTA002,Phosphorus,Inflow,369
0.24,6_CACTA002,Phosphorus,Inflow,369
0.18,6_CACTA002,Phosphorus,Inflow,370
0.08,6_CACTA002,Phosphorus,Inflow,370
0.24,6_CACTA002,Phosphorus,Inflow,370
0.1,6_CACTA002,Phosphorus,Inflow,370
0.13,6_CACTA002,Phosphorus,Inflow,370
0.1,6_CACTA002,Phosphorus,Inflow,371
0.24,6_CACTA002,Phosphorus,Inflow,371
0.29,6_CACTA002,Phosphorus,Inflow,371
0.12,6_CACTA002,Phosphorus,Inflow,371
0.08,6_CACTA002,Phosphorus,Inflow,371
0.23,6_CACTA002,Phosphorus,Inflow,372
0.18,6_CACTA002,Phosphorus,Inflow,372
0.1,6_CACTA002,Phosphorus,Inflow,372
0.06,6_CACTA002,Phosphorus,Inflow,372
0.28,6_CACTA002,Phosphorus,Inflow,372
0.06,6_CACTA002,Phosphorus,Inflow,373
0.24,6_CACTA002,Phosphorus,Inflow,373
0.29,6_CACTA002,Phosphorus,Inflow,373
0.12,6_CACTA002,Phosphorus,Inflow,373
0.23,6_CACTA002,Phosphorus,Inflow,373
0.24,6_CACTA002,Phosphorus,Inflow,374
0.28,6_CACTA002,Phosphorus,Inflow,374
0.34,6_CACTA002,Phosphorus,Inflow,374
0.23,6_CACTA002,Phosphorus,Inflow,374
0.13,6_CACTA002,Phosphorus,Inflow,374
0.13,6_CACTA002,Phosphorus,Inflow,375
0.14,6_CACTA002,Phosphorus,Inflow,375
0.34,6_CACTA002,Phosphorus,Inflow,375
0.1,6_CACTA002,Phosphorus,Inflow,375
0.28,6_CACTA002,Phosphorus,Inflow,375
0.1,6_CACTA002,Phosphorus,Inflow,376
0.14,6_CACTA002,Phosphorus,Inflow,376
0.13,6_CACTA002,Phosphorus,Inflow,376
0.29,6_CACTA002,Phosphorus,Inflow,376
0.13,6_CACTA002,Phosphorus,Inflow,376
0.13,6_CACTA002,Phosphorus,Inflow,377
0.25,6_CACTA002,Phosphorus,Inflow,377
0.28,6_CACTA002,Phosphorus,Inflow,377
0.23,6_CACTA002,Phosphorus,Inflow,377
0.12,6_CACTA002,Phosphorus,Inflow,377
0.13,6_CACTA002,Phosphorus,Inflow,378
0.1,6_CACTA002,Phosphorus,Inflow,378
0.34,6_CACTA002,Phosphorus,Inflow,378
0.25,6_CACTA002,Phosphorus,Inflow,378
0.23,6_CACTA002,Phosphorus,Inflow,378
0.25,6_CACTA002,Phosphorus,Inflow,379
0.18,6_CACTA002,Phosphorus,Inflow,379
0.12,6_CACTA002,Phosphorus,Inflow,379
0.23,6_CACTA002,Phosphorus,Inflow,379
0.13,6_CACTA002,Phosphorus,Inflow,379
0.12,6_CACTA002,Phosphorus,Inflow,380
0.28,6_CACTA002,Phosphorus,Inflow,380
0.29,6_CACTA002,Phosphorus,Inflow,380
0.13,6_CACTA002,Phosphorus,Inflow,380
0.06,6_CACTA002,Phosphorus,Inflow,380
0.25,6_CACTA002,Phosphorus,Inflow,381
0.06,6_CACTA002,Phosphorus,Inflow,381
0.28,6_CACTA002,Phosphorus,Inflow,381
0.24,6_CACTA002,Phosphorus,Inflow,381
0.14,6_CACTA002,Phosphorus,Inflow,381
0.06,6_CACTA002,Phosphorus,Inflow,382
0.23,6_CACTA002,Phosphorus,Inflow,382
0.25,6_CACTA002,Phosphorus,Inflow,382
0.13,6_CACTA002,Phosphorus,Inflow,382
0.24,6_CACTA002,Phosphorus,Inflow,382
0.12,6_CACTA002,Phosphorus,Inflow,383
0.24,6_CACTA002,Phosphorus,Inflow,383
0.06,6_CACTA002,Phosphorus,Inflow,383
0.25,6_CACTA002,Phosphorus,Inflow,383
0.28,6_CACTA002,Phosphorus,Inflow,383
0.06,6_CACTA002,Phosphorus,Inflow,384
0.1,6_CACTA002,Phosphorus,Inflow,384
0.28,6_CACTA002,Phosphorus,Inflow,384
0.13,6_CACTA002,Phosphorus,Inflow,384
0.24,6_CACTA002,Phosphorus,Inflow,384
0.08,6_CACTA002,Phosphorus,Inflow,385
0.12,6_CACTA002,Phosphorus,Inflow,385
0.13,6_CACTA002,Phosphorus,Inflow,385
0.34,6_CACTA002,Phosphorus,Inflow,385
0.23,6_CACTA002,Phosphorus,Inflow,385
0.24,6_CACTA002,Phosphorus,Inflow,386
0.14,6_CACTA002,Phosphorus,Inflow,386
0.28,6_CACTA002,Phosphorus,Inflow,386
0.08,6_CACTA002,Phosphorus,Inflow,386
0.13,6_CACTA002,Phosphorus,Inflow,386
0.23,6_CACTA002,Phosphorus,Inflow,387
0.13,6_CACTA002,Phosphorus,Inflow,387
0.34,6_CACTA002,Phosphorus,Inflow,387
0.08,6_CACTA002,Phosphorus,Inflow,387
0.18,6_CACTA002,Phosphorus,Inflow,387
0.08,6_CACTA002,Phosphorus,Inflow,388
0.25,6_CACTA002,Phosphorus,Inflow,388
0.29,6_CACTA002,Phosphorus,Inflow,388
0.34,6_CACTA002,Phosphorus,Inflow,388
0.13,6_CACTA002,Phosphorus,Inflow,388
0.13,6_CACTA002,Phosphorus,Inflow,389
0.29,6_CACTA002,Phosphorus,Inflow,389
0.25,6_CACTA002,Phosphorus,Inflow,389
0.14,6_CACTA002,Phosphorus,Inflow,389
0.06,6_CACTA002,Phosphorus,Inflow,389
0.34,6_CACTA002,Phosphorus,Inflow,390
0.13,6_CACTA002,Phosphorus,Inflow,390
0.23,6_CACTA002,Phosphorus,Inflow,390
0.08,6_CACTA002,Phosphorus,Inflow,390
0.13,6_CACTA002,Phosphorus,Inflow,390
0.14,6_CACTA002,Phosphorus,Inflow,391
0.13,6_CACTA002,Phosphorus,Inflow,391
0.13,6_CACTA002,Phosphorus,Inflow,391
0.13,6_CACTA002,Phosphorus,Inflow,391
0.08,6_CACTA002,Phosphorus,Inflow,391
0.34,6_CACTA002,Phosphorus,Inflow,392
0.28,6_CACTA002,Phosphorus,Inflow,392
0.14,6_CACTA002,Phosphorus,Inflow,392
0.18,6_CACTA002,Phosphorus,Inflow,392
0.12,6_CACTA002,Phosphorus,Inflow,392
0.13,6_CACTA002,Phosphorus,Inflow,393
0.23,6_CACTA002,Phosphorus,Inflow,393
0.1,6_CACTA002,Phosphorus,Inflow,393
0.28,6_CACTA002,Phosphorus,Inflow,393
0.25,6_CACTA002,Phosphorus,Inflow,393
0.06,6_CACTA002,Phosphorus,Inflow,394
0.13,6_CACTA002,Phosphorus,Inflow,394
0.25,6_CACTA002,Phosphorus,Inflow,394
0.23,6_CACTA002,Phosphorus,Inflow,394
0.13,6_CACTA002,Phosphorus,Inflow,394
0.34,6_CACTA002,Phosphorus,Inflow,395
0.13,6_CACTA002,Phosphorus,Inflow,395
0.25,6_CACTA002,Phosphorus,Inflow,395
0.29,6_CACTA002,Phosphorus,Inflow,395
0.14,6_CACTA002,Phosphorus,Inflow,395
0.14,6_CACTA002,Phosphorus,Inflow,396
0.23,6_CACTA002,Phosphorus,Inflow,396
0.1,6_CACTA002,Phosphorus,Inflow,396
0.34,6_CACTA002,Phosphorus,Inflow,396
0.29,6_CACTA002,Phosphorus,Inflow,396
0.13,6_CACTA002,Phosphorus,Inflow,397
0.12,6_CACTA002,Phosphorus,Inflow,397
0.24,6_CACTA002,Phosphorus,Inflow,397
0.18,6_CACTA002,Phosphorus,Inflow,397
0.29,6_CACTA002,Phosphorus,Inflow,397
0.28,6_CACTA002,Phosphorus,Inflow,398
0.28,6_CACTA002,Phosphorus,Inflow,398
0.14,6_CACTA002,Phosphorus,Inflow,398
0.24,6_CACTA002,Phosphorus,Inflow,398
0.13,6_CACTA002,Phosphorus,Inflow,398
0.14,6_CACTA002,Phosphorus,Inflow,399
0.1,6_CACTA002,Phosphorus,Inflow,399
0.12,6_CACTA002,Phosphorus,Inflow,399
0.28,6_CACTA002,Phosphorus,Inflow,399
0.08,6_CACTA002,Phosphorus,Inflow,399
0.12,6_CACTA002,Phosphorus,Inflow,400
0.13,6_CACTA002,Phosphorus,Inflow,400
0.24,6_CACTA002,Phosphorus,Inflow,400
0.14,6_CACTA002,Phosphorus,Inflow,400
0.23,6_CACTA002,Phosphorus,Inflow,400
0.12,6_CACTA002,Phosphorus,Inflow,401
0.29,6_CACTA002,Phosphorus,Inflow,401
0.28,6_CACTA002,Phosphorus,Inflow,401
0.13,6_CACTA002,Phosphorus,Inflow,401
0.13,6_CACTA002,Phosphorus,Inflow,401
0.29,6_CACTA002,Phosphorus,Inflow,402
0.28,6_CACTA002,Phosphorus,Inflow,402
0.25,6_CACTA002,Phosphorus,Inflow,402
0.28,6_CACTA002,Phosphorus,Inflow,402
0.34,6_CACTA002,Phosphorus,Inflow,402
0.14,6_CACTA002,Phosphorus,Inflow,403
0.13,6_CACTA002,Phosphorus,Inflow,403
0.13,6_CACTA002,Phosphorus,Inflow,403
0.08,6_CACTA002,Phosphorus,Inflow,403
0.24,6_CACTA002,Phosphorus,Inflow,403
0.18,6_CACTA002,Phosphorus,Inflow,404
0.06,6_CACTA002,Phosphorus,Inflow,404
0.25,6_CACTA002,Phosphorus,Inflow,404
0.13,6_CACTA002,Phosphorus,Inflow,404
0.08,6_CACTA002,Phosphorus,Inflow,404
0.08,6_CACTA002,Phosphorus,Inflow,405
0.28,6_CACTA002,Phosphorus,Inflow,405
0.13,6_CACTA002,Phosphorus,Inflow,405
0.12,6_CACTA002,Phosphorus,Inflow,405
0.23,6_CACTA002,Phosphorus,Inflow,405
0.06,6_CACTA002,Phosphorus,Inflow,406
0.1,6_CACTA002,Phosphorus,Inflow,406
0.13,6_CACTA002,Phosphorus,Inflow,406
0.08,6_CACTA002,Phosphorus,Inflow,406
0.24,6_CACTA002,Phosphorus,Inflow,406
0.29,6_CACTA002,Phosphorus,Inflow,407
0.13,6_CACTA002,Phosphorus,Inflow,407
0.06,6_CACTA002,Phosphorus,Inflow,407
0.18,6_CACTA002,Phosphorus,Inflow,407
0.28,6_CACTA002,Phosphorus,Inflow,407
0.34,6_CACTA002,Phosphorus,Inflow,408
0.29,6_CACTA002,Phosphorus,Inflow,408
0.18,6_CACTA002,Phosphorus,Inflow,408
0.25,6_CACTA002,Phosphorus,Inflow,408
0.24,6_CACTA002,Phosphorus,Inflow,408
0.28,6_CACTA002,Phosphorus,Inflow,409
0.34,6_CACTA002,Phosphorus,Inflow,409
0.1,6_CACTA002,Phosphorus,Inflow,409
0.13,6_CACTA002,Phosphorus,Inflow,409
0.13,6_CACTA002,Phosphorus,Inflow,409
0.14,6_CACTA002,Phosphorus,Inflow,410
0.1,6_CACTA002,Phosphorus,Inflow,410
0.08,6_CACTA002,Phosphorus,Inflow,410
0.13,6_CACTA002,Phosphorus,Inflow,410
0.12,6_CACTA002,Phosphorus,Inflow,410
0.13,6_CACTA002,Phosphorus,Inflow,411
0.23,6_CACTA002,Phosphorus,Inflow,411
0.34,6_CACTA002,Phosphorus,Inflow,411
0.28,6_CACTA002,Phosphorus,Inflow,411
0.13,6_CACTA002,Phosphorus,Inflow,411
0.13,6_CACTA002,Phosphorus,Inflow,412
0.14,6_CACTA002,Phosphorus,Inflow,412
0.23,6_CACTA002,Phosphorus,Inflow,412
0.34,6_CACTA002,Phosphorus,Inflow,412
0.25,6_CACTA002,Phosphorus,Inflow,412
0.13,6_CACTA002,Phosphorus,Inflow,413
0.13,6_CACTA002,Phosphorus,Inflow,413
0.24,6_CACTA002,Phosphorus,Inflow,413
0.06,6_CACTA002,Phosphorus,Inflow,413
0.08,6_CACTA002,Phosphorus,Inflow,413
0.12,6_CACTA002,Phosphorus,Inflow,414
0.23,6_CACTA002,Phosphorus,Inflow,414
0.13,6_CACTA002,Phosphorus,Inflow,414
0.28,6_CACTA002,Phosphorus,Inflow,414
0.06,6_CACTA002,Phosphorus,Inflow,414
0.24,6_CACTA002,Phosphorus,Inflow,415
0.1,6_CACTA002,Phosphorus,Inflow,415
0.28,6_CACTA002,Phosphorus,Inflow,415
0.23,6_CACTA002,Phosphorus,Inflow,415
0.13,6_CACTA002,Phosphorus,Inflow,415
0.23,6_CACTA002,Phosphorus,Inflow,416
0.24,6_CACTA002,Phosphorus,Inflow,416
0.25,6_CACTA002,Phosphorus,Inflow,416
0.13,6_CACTA002,Phosphorus,Inflow,416
0.28,6_CACTA002,Phosphorus,Inflow,416
0.34,6_CACTA002,Phosphorus,Inflow,417
0.13,6_CACTA002,Phosphorus,Inflow,417
0.24,6_CACTA002,Phosphorus,Inflow,417
0.1,6_CACTA002,Phosphorus,Inflow,417
0.12,6_CACTA002,Phosphorus,Inflow,417
0.28,6_CACTA002,Phosphorus,Inflow,418
0.18,6_CACTA002,Phosphorus,Inflow,418
0.06,6_CACTA002,Phosphorus,Inflow,418
0.12,6_CACTA002,Phosphorus,Inflow,418
0.34,6_CACTA002,Phosphorus,Inflow,418
0.34,6_CACTA002,Phosphorus,Inflow,419
0.08,6_CACTA002,Phosphorus,Inflow,419
0.06,6_CACTA002,Phosphorus,Inflow,419
0.24,6_CACTA002,Phosphorus,Inflow,419
0.1,6_CACTA002,Phosphorus,Inflow,419
0.12,6_CACTA002,Phosphorus,Inflow,420
0.34,6_CACTA002,Phosphorus,Inflow,420
0.23,6_CACTA002,Phosphorus,Inflow,420
0.18,6_CACTA002,Phosphorus,Inflow,420
0.14,6_CACTA002,Phosphorus,Inflow,420
0.25,6_CACTA002,Phosphorus,Inflow,421
0.34,6_CACTA002,Phosphorus,Inflow,421
0.1,6_CACTA002,Phosphorus,Inflow,421
0.28,6_CACTA002,Phosphorus,Inflow,421
0.28,6_CACTA002,Phosphorus,Inflow,421
0.18,6_CACTA002,Phosphorus,Inflow,422
0.28,6_CACTA002,Phosphorus,Inflow,422
0.1,6_CACTA002,Phosphorus,Inflow,422
0.25,6_CACTA002,Phosphorus,Inflow,422
0.08,6_CACTA002,Phosphorus,Inflow,422
0.12,6_CACTA002,Phosphorus,Inflow,423
0.34,6_CACTA002,Phosphorus,Inflow,423
0.1,6_CACTA002,Phosphorus,Inflow,423
0.14,6_CACTA002,Phosphorus,Inflow,423
0.13,6_CACTA002,Phosphorus,Inflow,423
0.13,6_CACTA002,Phosphorus,Inflow,424
0.08,6_CACTA002,Phosphorus,Inflow,424
0.28,6_CACTA002,Phosphorus,Inflow,424
0.34,6_CACTA002,Phosphorus,Inflow,424
0.14,6_CACTA002,Phosphorus,Inflow,424
0.24,6_CACTA002,Phosphorus,Inflow,425
0.06,6_CACTA002,Phosphorus,Inflow,425
0.25,6_CACTA002,Phosphorus,Inflow,425
0.28,6_CACTA002,Phosphorus,Inflow,425
0.12,6_CACTA002,Phosphorus,Inflow,425
0.08,6_CACTA002,Phosphorus,Inflow,426
0.13,6_CACTA002,Phosphorus,Inflow,426
0.14,6_CACTA002,Phosphorus,Inflow,426
0.12,6_CACTA002,Phosphorus,Inflow,426
0.34,6_CACTA002,Phosphorus,Inflow,426
0.25,6_CACTA002,Phosphorus,Inflow,427
0.29,6_CACTA002,Phosphorus,Inflow,427
0.06,6_CACTA002,Phosphorus,Inflow,427
0.23,6_CACTA002,Phosphorus,Inflow,427
0.08,6_CACTA002,Phosphorus,Inflow,427
0.14,6_CACTA002,Phosphorus,Inflow,428
0.12,6_CACTA002,Phosphorus,Inflow,428
0.13,6_CACTA002,Phosphorus,Inflow,428
0.28,6_CACTA002,Phosphorus,Inflow,428
0.1,6_CACTA002,Phosphorus,Inflow,428
0.1,6_CACTA002,Phosphorus,Inflow,429
0.06,6_CACTA002,Phosphorus,Inflow,429
0.28,6_CACTA002,Phosphorus,Inflow,429
0.14,6_CACTA002,Phosphorus,Inflow,429
0.13,6_CACTA002,Phosphorus,Inflow,429
0.12,6_CACTA002,Phosphorus,Inflow,430
0.29,6_CACTA002,Phosphorus,Inflow,430
0.13,6_CACTA002,Phosphorus,Inflow,430
0.28,6_CACTA002,Phosphorus,Inflow,430
0.13,6_CACTA002,Phosphorus,Inflow,430
0.14,6_CACTA002,Phosphorus,Inflow,431
0.13,6_CACTA002,Phosphorus,Inflow,431
0.08,6_CACTA002,Phosphorus,Inflow,431
0.06,6_CACTA002,Phosphorus,Inflow,431
0.18,6_CACTA002,Phosphorus,Inflow,431
0.18,6_CACTA002,Phosphorus,Inflow,432
0.29,6_CACTA002,Phosphorus,Inflow,432
0.1,6_CACTA002,Phosphorus,Inflow,432
0.28,6_CACTA002,Phosphorus,Inflow,432
0.23,6_CACTA002,Phosphorus,Inflow,432
0.06,6_CACTA002,Phosphorus,Inflow,433
0.13,6_CACTA002,Phosphorus,Inflow,433
0.12,6_CACTA002,Phosphorus,Inflow,433
0.13,6_CACTA002,Phosphorus,Inflow,433
0.24,6_CACTA002,Phosphorus,Inflow,433
0.28,6_CACTA002,Phosphorus,Inflow,434
0.28,6_CACTA002,Phosphorus,Inflow,434
0.24,6_CACTA002,Phosphorus,Inflow,434
0.08,6_CACTA002,Phosphorus,Inflow,434
0.06,6_CACTA002,Phosphorus,Inflow,434
0.14,6_CACTA002,Phosphorus,Inflow,435
0.28,6_CACTA002,Phosphorus,Inflow,435
0.23,6_CACTA002,Phosphorus,Inflow,435
0.24,6_CACTA002,Phosphorus,Inflow,435
0.13,6_CACTA002,Phosphorus,Inflow,435
0.14,6_CACTA002,Phosphorus,Inflow,436
0.13,6_CACTA002,Phosphorus,Inflow,436
0.28,6_CACTA002,Phosphorus,Inflow,436
0.08,6_CACTA002,Phosphorus,Inflow,436
0.23,6_CACTA002,Phosphorus,Inflow,436
0.06,6_CACTA002,Phosphorus,Inflow,437
0.13,6_CACTA002,Phosphorus,Inflow,437
0.08,6_CACTA002,Phosphorus,Inflow,437
0.23,6_CACTA002,Phosphorus,Inflow,437
0.28,6_CACTA002,Phosphorus,Inflow,437
0.14,6_CACTA002,Phosphorus,Inflow,438
0.08,6_CACTA002,Phosphorus,Inflow,438
0.18,6_CACTA002,Phosphorus,Inflow,438
0.13,6_CACTA002,Phosphorus,Inflow,438
0.28,6_CACTA002,Phosphorus,Inflow,438
0.34,6_CACTA002,Phosphorus,Inflow,439
0.25,6_CACTA002,Phosphorus,Inflow,439
0.23,6_CACTA002,Phosphorus,Inflow,439
0.29,6_CACTA002,Phosphorus,Inflow,439
0.18,6_CACTA002,Phosphorus,Inflow,439
0.24,6_CACTA002,Phosphorus,Inflow,440
0.12,6_CACTA002,Phosphorus,Inflow,440
0.23,6_CACTA002,Phosphorus,Inflow,440
0.25,6_CACTA002,Phosphorus,Inflow,440
0.13,6_CACTA002,Phosphorus,Inflow,440
0.18,6_CACTA002,Phosphorus,Inflow,441
0.12,6_CACTA002,Phosphorus,Inflow,441
0.34,6_CACTA002,Phosphorus,Inflow,441
0.24,6_CACTA002,Phosphorus,Inflow,441
0.23,6_CACTA002,Phosphorus,Inflow,441
0.06,6_CACTA002,Phosphorus,Inflow,442
0.18,6_CACTA002,Phosphorus,Inflow,442
0.28,6_CACTA002,Phosphorus,Inflow,442
0.14,6_CACTA002,Phosphorus,Inflow,442
0.28,6_CACTA002,Phosphorus,Inflow,442
0.29,6_CACTA002,Phosphorus,Inflow,443
0.24,6_CACTA002,Phosphorus,Inflow,443
0.13,6_CACTA002,Phosphorus,Inflow,443
0.13,6_CACTA002,Phosphorus,Inflow,443
0.12,6_CACTA002,Phosphorus,Inflow,443
0.13,6_CACTA002,Phosphorus,Inflow,444
0.13,6_CACTA002,Phosphorus,Inflow,444
0.28,6_CACTA002,Phosphorus,Inflow,444
0.28,6_CACTA002,Phosphorus,Inflow,444
0.25,6_CACTA002,Phosphorus,Inflow,444
0.25,6_CACTA002,Phosphorus,Inflow,445
0.14,6_CACTA002,Phosphorus,Inflow,445
0.1,6_CACTA002,Phosphorus,Inflow,445
0.13,6_CACTA002,Phosphorus,Inflow,445
0.34,6_CACTA002,Phosphorus,Inflow,445
0.13,6_CACTA002,Phosphorus,Inflow,446
0.29,6_CACTA002,Phosphorus,Inflow,446
0.13,6_CACTA002,Phosphorus,Inflow,446
0.25,6_CACTA002,Phosphorus,Inflow,446
0.14,6_CACTA002,Phosphorus,Inflow,446
0.13,6_CACTA002,Phosphorus,Inflow,447
0.24,6_CACTA002,Phosphorus,Inflow,447
0.18,6_CACTA002,Phosphorus,Inflow,447
0.25,6_CACTA002,Phosphorus,Inflow,447
0.1,6_CACTA002,Phosphorus,Inflow,447
0.13,6_CACTA002,Phosphorus,Inflow,448
0.13,6_CACTA002,Phosphorus,Inflow,448
0.18,6_CACTA002,Phosphorus,Inflow,448
0.12,6_CACTA002,Phosphorus,Inflow,448
0.24,6_CACTA002,Phosphorus,Inflow,448
0.1,6_CACTA002,Phosphorus,Inflow,449
0.28,6_CACTA002,Phosphorus,Inflow,449
0.13,6_CACTA002,Phosphorus,Inflow,449
0.34,6_CACTA002,Phosphorus,Inflow,449
0.18,6_CACTA002,Phosphorus,Inflow,449
0.06,6_CACTA002,Phosphorus,Inflow,450
0.24,6_CACTA002,Phosphorus,Inflow,450
0.18,6_CACTA002,Phosphorus,Inflow,450
0.14,6_CACTA002,Phosphorus,Inflow,450
0.1,6_CACTA002,Phosphorus,Inflow,450
0.29,6_CACTA002,Phosphorus,Inflow,451
0.13,6_CACTA002,Phosphorus,Inflow,451
0.18,6_CACTA002,Phosphorus,Inflow,451
0.34,6_CACTA002,Phosphorus,Inflow,451
0.28,6_CACTA002,Phosphorus,Inflow,451
0.13,6_CACTA002,Phosphorus,Inflow,452
0.28,6_CACTA002,Phosphorus,Inflow,452
0.23,6_CACTA002,Phosphorus,Inflow,452
0.13,6_CACTA002,Phosphorus,Inflow,452
0.06,6_CACTA002,Phosphorus,Inflow,452
0.1,6_CACTA002,Phosphorus,Inflow,453
0.28,6_CACTA002,Phosphorus,Inflow,453
0.13,6_CACTA002,Phosphorus,Inflow,453
0.12,6_CACTA002,Phosphorus,Inflow,453
0.28,6_CACTA002,Phosphorus,Inflow,453
0.24,6_CACTA002,Phosphorus,Inflow,454
0.14,6_CACTA002,Phosphorus,Inflow,454
0.12,6_CACTA002,Phosphorus,Inflow,454
0.1,6_CACTA002,Phosphorus,Inflow,454
0.18,6_CACTA002,Phosphorus,Inflow,454
0.29,6_CACTA002,Phosphorus,Inflow,455
0.34,6_CACTA002,Phosphorus,Inflow,455
0.25,6_CACTA002,Phosphorus,Inflow,455
0.13,6_CACTA002,Phosphorus,Inflow,455
0.12,6_CACTA002,Phosphorus,Inflow,455
0.18,6_CACTA002,Phosphorus,Inflow,456
0.24,6_CACTA002,Phosphorus,Inflow,456
0.25,6_CACTA002,Phosphorus,Inflow,456
0.34,6_CACTA002,Phosphorus,Inflow,456
0.13,6_CACTA002,Phosphorus,Inflow,456
0.14,6_CACTA002,Phosphorus,Inflow,457
0.08,6_CACTA002,Phosphorus,Inflow,457
0.28,6_CACTA002,Phosphorus,Inflow,457
0.13,6_CACTA002,Phosphorus,Inflow,457
0.1,6_CACTA002,Phosphorus,Inflow,457
0.13,6_CACTA002,Phosphorus,Inflow,458
0.08,6_CACTA002,Phosphorus,Inflow,458
0.18,6_CACTA002,Phosphorus,Inflow,458
0.25,6_CACTA002,Phosphorus,Inflow,458
0.24,6_CACTA002,Phosphorus,Inflow,458
0.06,6_CACTA002,Phosphorus,Inflow,459
0.28,6_CACTA002,Phosphorus,Inflow,459
0.1,6_CACTA002,Phosphorus,Inflow,459
0.12,6_CACTA002,Phosphorus,Inflow,459
0.34,6_CACTA002,Phosphorus,Inflow,459
0.08,6_CACTA002,Phosphorus,Inflow,460
0.1,6_CACTA002,Phosphorus,Inflow,460
0.25,6_CACTA002,Phosphorus,Inflow,460
0.13,6_CACTA002,Phosphorus,Inflow,460
0.13,6_CACTA002,Phosphorus,Inflow,460
0.14,6_CACTA002,Phosphorus,Inflow,461
0.29,6_CACTA002,Phosphorus,Inflow,461
0.13,6_CACTA002,Phosphorus,Inflow,461
0.18,6_CACTA002,Phosphorus,Inflow,461
0.23,6_CACTA002,Phosphorus,Inflow,461
0.25,6_CACTA002,Phosphorus,Inflow,462
0.29,6_CACTA002,Phosphorus,Inflow,462
0.18,6_CACTA002,Phosphorus,Inflow,462
0.06,6_CACTA002,Phosphorus,Inflow,462
0.08,6_CACTA002,Phosphorus,Inflow,462
0.13,6_CACTA002,Phosphorus,Inflow,463
0.29,6_CACTA002,Phosphorus,Inflow,463
0.13,6_CACTA002,Phosphorus,Inflow,463
0.18,6_CACTA002,Phosphorus,Inflow,463
0.34,6_CACTA002,Phosphorus,Inflow,463
0.24,6_CACTA002,Phosphorus,Inflow,464
0.06,6_CACTA002,Phosphorus,Inflow,464
0.08,6_CACTA002,Phosphorus,Inflow,464
0.34,6_CACTA002,Phosphorus,Inflow,464
0.13,6_CACTA002,Phosphorus,Inflow,464
0.25,6_CACTA002,Phosphorus,Inflow,465
0.14,6_CACTA002,Phosphorus,Inflow,465
0.13,6_CACTA002,Phosphorus,Inflow,465
0.13,6_CACTA002,Phosphorus,Inflow,465
0.18,6_CACTA002,Phosphorus,Inflow,465
0.29,6_CACTA002,Phosphorus,Inflow,466
0.28,6_CACTA002,Phosphorus,Inflow,466
0.1,6_CACTA002,Phosphorus,Inflow,466
0.18,6_CACTA002,Phosphorus,Inflow,466
0.24,6_CACTA002,Phosphorus,Inflow,466
0.28,6_CACTA002,Phosphorus,Inflow,467
0.1,6_CACTA002,Phosphorus,Inflow,467
0.29,6_CACTA002,Phosphorus,Inflow,467
0.13,6_CACTA002,Phosphorus,Inflow,467
0.28,6_CACTA002,Phosphorus,Inflow,467
0.13,6_CACTA002,Phosphorus,Inflow,468
0.06,6_CACTA002,Phosphorus,Inflow,468
0.08,6_CACTA002,Phosphorus,Inflow,468
0.12,6_CACTA002,Phosphorus,Inflow,468
0.29,6_CACTA002,Phosphorus,Inflow,468
0.25,6_CACTA002,Phosphorus,Inflow,469
0.12,6_CACTA002,Phosphorus,Inflow,469
0.23,6_CACTA002,Phosphorus,Inflow,469
0.28,6_CACTA002,Phosphorus,Inflow,469
0.08,6_CACTA002,Phosphorus,Inflow,469
0.13,6_CACTA002,Phosphorus,Inflow,470
0.1,6_CACTA002,Phosphorus,Inflow,470
0.14,6_CACTA002,Phosphorus,Inflow,470
0.18,6_CACTA002,Phosphorus,Inflow,470
0.29,6_CACTA002,Phosphorus,Inflow,470
0.08,6_CACTA002,Phosphorus,Inflow,471
0.18,6_CACTA002,Phosphorus,Inflow,471
0.12,6_CACTA002,Phosphorus,Inflow,471
0.23,6_CACTA002,Phosphorus,Inflow,471
0.13,6_CACTA002,Phosphorus,Inflow,471
0.13,6_CACTA002,Phosphorus,Inflow,472
0.06,6_CACTA002,Phosphorus,Inflow,472
0.24,6_CACTA002,Phosphorus,Inflow,472
0.29,6_CACTA002,Phosphorus,Inflow,472
0.25,6_CACTA002,Phosphorus,Inflow,472
0.08,6_CACTA002,Phosphorus,Inflow,473
0.12,6_CACTA002,Phosphorus,Inflow,473
0.06,6_CACTA002,Phosphorus,Inflow,473
0.24,6_CACTA002,Phosphorus,Inflow,473
0.29,6_CACTA002,Phosphorus,Inflow,473
0.13,6_CACTA002,Phosphorus,Inflow,474
0.24,6_CACTA002,Phosphorus,Inflow,474
0.25,6_CACTA002,Phosphorus,Inflow,474
0.14,6_CACTA002,Phosphorus,Inflow,474
0.34,6_CACTA002,Phosphorus,Inflow,474
0.25,6_CACTA002,Phosphorus,Inflow,475
0.28,6_CACTA002,Phosphorus,Inflow,475
0.06,6_CACTA002,Phosphorus,Inflow,475
0.13,6_CACTA002,Phosphorus,Inflow,475
0.18,6_CACTA002,Phosphorus,Inflow,475
0.28,6_CACTA002,Phosphorus,Inflow,476
0.06,6_CACTA002,Phosphorus,Inflow,476
0.13,6_CACTA002,Phosphorus,Inflow,476
0.12,6_CACTA002,Phosphorus,Inflow,476
0.34,6_CACTA002,Phosphorus,Inflow,476
0.29,6_CACTA002,Phosphorus,Inflow,477
0.13,6_CACTA002,Phosphorus,Inflow,477
0.23,6_CACTA002,Phosphorus,Inflow,477
0.13,6_CACTA002,Phosphorus,Inflow,477
0.06,6_CACTA002,Phosphorus,Inflow,477
0.24,6_CACTA002,Phosphorus,Inflow,478
0.12,6_CACTA002,Phosphorus,Inflow,478
0.13,6_CACTA002,Phosphorus,Inflow,478
0.06,6_CACTA002,Phosphorus,Inflow,478
0.28,6_CACTA002,Phosphorus,Inflow,478
0.13,6_CACTA002,Phosphorus,Inflow,479
0.13,6_CACTA002,Phosphorus,Inflow,479
0.08,6_CACTA002,Phosphorus,Inflow,479
0.12,6_CACTA002,Phosphorus,Inflow,479
0.14,6_CACTA002,Phosphorus,Inflow,479
0.34,6_CACTA002,Phosphorus,Inflow,480
0.1,6_CACTA002,Phosphorus,Inflow,480
0.12,6_CACTA002,Phosphorus,Inflow,480
0.29,6_CACTA002,Phosphorus,Inflow,480
0.18,6_CACTA002,Phosphorus,Inflow,480
0.13,6_CACTA002,Phosphorus,Inflow,481
0.28,6_CACTA002,Phosphorus,Inflow,481
0.34,6_CACTA002,Phosphorus,Inflow,481
0.06,6_CACTA002,Phosphorus,Inflow,481
0.28,6_CACTA002,Phosphorus,Inflow,481
0.13,6_CACTA002,Phosphorus,Inflow,482
0.25,6_CACTA002,Phosphorus,Inflow,482
0.06,6_CACTA002,Phosphorus,Inflow,482
0.08,6_CACTA002,Phosphorus,Inflow,482
0.12,6_CACTA002,Phosphorus,Inflow,482
0.13,6_CACTA002,Phosphorus,Inflow,483
0.08,6_CACTA002,Phosphorus,Inflow,483
0.14,6_CACTA002,Phosphorus,Inflow,483
0.1,6_CACTA002,Phosphorus,Inflow,483
0.28,6_CACTA002,Phosphorus,Inflow,483
0.28,6_CACTA002,Phosphorus,Inflow,484
0.1,6_CACTA002,Phosphorus,Inflow,484
0.34,6_CACTA002,Phosphorus,Inflow,484
0.12,6_CACTA002,Phosphorus,Inflow,484
0.13,6_CACTA002,Phosphorus,Inflow,484
0.18,6_CACTA002,Phosphorus,Inflow,485
0.14,6_CACTA002,Phosphorus,Inflow,485
0.29,6_CACTA002,Phosphorus,Inflow,485
0.23,6_CACTA002,Phosphorus,Inflow,485
0.13,6_CACTA002,Phosphorus,Inflow,485
0.24,6_CACTA002,Phosphorus,Inflow,486
0.28,6_CACTA002,Phosphorus,Inflow,486
0.18,6_CACTA002,Phosphorus,Inflow,486
0.12,6_CACTA002,Phosphorus,Inflow,486
0.08,6_CACTA002,Phosphorus,Inflow,486
0.28,6_CACTA002,Phosphorus,Inflow,487
0.13,6_CACTA002,Phosphorus,Inflow,487
0.13,6_CACTA002,Phosphorus,Inflow,487
0.14,6_CACTA002,Phosphorus,Inflow,487
0.1,6_CACTA002,Phosphorus,Inflow,487
0.34,6_CACTA002,Phosphorus,Inflow,488
0.12,6_CACTA002,Phosphorus,Inflow,488
0.28,6_CACTA002,Phosphorus,Inflow,488
0.13,6_CACTA002,Phosphorus,Inflow,488
0.28,6_CACTA002,Phosphorus,Inflow,488
0.1,6_CACTA002,Phosphorus,Inflow,489
0.14,6_CACTA002,Phosphorus,Inflow,489
0.13,6_CACTA002,Phosphorus,Inflow,489
0.12,6_CACTA002,Phosphorus,Inflow,489
0.13,6_CACTA002,Phosphorus,Inflow,489
0.18,6_CACTA002,Phosphorus,Inflow,490
0.29,6_CACTA002,Phosphorus,Inflow,490
0.13,6_CACTA002,Phosphorus,Inflow,490
0.23,6_CACTA002,Phosphorus,Inflow,490
0.25,6_CACTA002,Phosphorus,Inflow,490
0.24,6_CACTA002,Phosphorus,Inflow,491
0.23,6_CACTA002,Phosphorus,Inflow,491
0.29,6_CACTA002,Phosphorus,Inflow,491
0.13,6_CACTA002,Phosphorus,Inflow,491
0.28,6_CACTA002,Phosphorus,Inflow,491
0.12,6_CACTA002,Phosphorus,Inflow,492
0.08,6_CACTA002,Phosphorus,Inflow,492
0.24,6_CACTA002,Phosphorus,Inflow,492
0.25,6_CACTA002,Phosphorus,Inflow,492
0.23,6_CACTA002,Phosphorus,Inflow,492
0.24,6_CACTA002,Phosphorus,Inflow,493
0.18,6_CACTA002,Phosphorus,Inflow,493
0.34,6_CACTA002,Phosphorus,Inflow,493
0.12,6_CACTA002,Phosphorus,Inflow,493
0.1,6_CACTA002,Phosphorus,Inflow,493
0.12,6_CACTA002,Phosphorus,Inflow,494
0.13,6_CACTA002,Phosphorus,Inflow,494
0.13,6_CACTA002,Phosphorus,Inflow,494
0.08,6_CACTA002,Phosphorus,Inflow,494
0.18,6_CACTA002,Phosphorus,Inflow,494
0.28,6_CACTA002,Phosphorus,Inflow,495
0.13,6_CACTA002,Phosphorus,Inflow,495
0.24,6_CACTA002,Phosphorus,Inflow,495
0.13,6_CACTA002,Phosphorus,Inflow,495
0.08,6_CACTA002,Phosphorus,Inflow,495
0.24,6_CACTA002,Phosphorus,Inflow,496
0.12,6_CACTA002,Phosphorus,Inflow,496
0.1,6_CACTA002,Phosphorus,Inflow,496
0.13,6_CACTA002,Phosphorus,Inflow,496
0.18,6_CACTA002,Phosphorus,Inflow,496
0.13,6_CACTA002,Phosphorus,Inflow,497
0.24,6_CACTA002,Phosphorus,Inflow,497
0.23,6_CACTA002,Phosphorus,Inflow,497
0.08,6_CACTA002,Phosphorus,Inflow,497
0.12,6_CACTA002,Phosphorus,Inflow,497
0.28,6_CACTA002,Phosphorus,Inflow,498
0.25,6_CACTA002,Phosphorus,Inflow,498
0.13,6_CACTA002,Phosphorus,Inflow,498
0.18,6_CACTA002,Phosphorus,Inflow,498
0.1,6_CACTA002,Phosphorus,Inflow,498
0.13,6_CACTA002,Phosphorus,Inflow,499
0.06,6_CACTA002,Phosphorus,Inflow,499
0.29,6_CACTA002,Phosphorus,Inflow,499
0.25,6_CACTA002,Phosphorus,Inflow,499
0.08,6_CACTA002,Phosphorus,Inflow,499
0.24,6_CACTA002,Phosphorus,Inflow,500
0.25,6_CACTA002,Phosphorus,Inflow,500
0.13,6_CACTA002,Phosphorus,Inflow,500
0.28,6_CACTA002,Phosphorus,Inflow,500
0.23,6_CACTA002,Phosphorus,Inflow,500
