EMC,Location,Analyte,Flow,Run
0.14,6_CACTA002,Phosphorus,Inflow,1
0.28,6_CACTA002,Phosphorus,Inflow,1
0.13,6_CACTA002,Phosphorus,Inflow,1
0.08,6_CACTA002,Phosphorus,Inflow,1
0.12,6_CACTA002,Phosphorus,Inflow,1
0.25,6_CACTA002,Phosphorus,Inflow,2
0.08,6_CACTA002,Phosphorus,Inflow,2
0.06,6_CACTA002,Phosphorus,Inflow,2
0.14,6_CACTA002,Phosphorus,Inflow,2
0.1,6_CACTA002,Phosphorus,Inflow,2
0.1,6_CACTA002,Phosphorus,Inflow,3
0.14,6_CACTA002,Phosphorus,Inflow,3
0.13,6_CACTA002,Phosphorus,Inflow,3
0.34,6_CACTA002,Phosphorus,Inflow,3
0.28,6_CACTA002,Phosphorus,Inflow,3
0.06,6_CACTA002,Phosphorus,Inflow,4
0.13,6_CACTA002,Phosphorus,Inflow,4
0.29,6_CACTA002,Phosphorus,Inflow,4
0.12,6_CACTA002,Phosphorus,Inflow,4
0.24,6_CACTA002,Phosphorus,Inflow,4
0.29,6_CACTA002,Phosphorus,Inflow,5
0.28,6_CACTA002,Phosphorus,Inflow,5
0.08,6_CACTA002,Phosphorus,Inflow,5
0.23,6_CACTA002,Phosphorus,Inflow,5
0.13,6_CACTA002,Phosphorus,Inflow,5
0.23,6_CACTA002,Phosphorus,Inflow,6
0.14,6_CACTA002,Phosphorus,Inflow,6
0.1,6_CACTA002,Phosphorus,Inflow,6
0.28,6_CACTA002,Phosphorus,Inflow,6
0.24,6_CACTA002,Phosphorus,Inflow,6
0.08,6_CACTA002,Phosphorus,Inflow,7
0.12,6_CACTA002,Phosphorus,Inflow,7
0.28,6_CACTA002,Phosphorus,Inflow,7
0.13,6_CACTA002,Phosphorus,Inflow,7
0.25,6_CACTA002,Phosphorus,Inflow,7
0.13,6_CACTA002,Phosphorus,Inflow,8
0.28,6_CACTA002,Phosphorus,Inflow,8
0.13,6_CACTA002,Phosphorus,Inflow,8
0.24,6_CACTA002,Phosphorus,Inflow,8
0.08,6_CACTA002,Phosphorus,Inflow,8
0.13,6_CACTA002,Phosphorus,Inflow,9
0.13,6_CACTA002,Phosphorus,Inflow,9
0.28,6_CACTA002,Phosphorus,Inflow,9
0.23,6_CACTA002,Phosphorus,Inflow,9
0.12,6_CACTA002,Phosphorus,Inflow,9
0.29,6_CACTA002,Phosphorus,Inflow,10
0.34,6_CACTA002,Phosphorus,Inflow,10
0.28,6_CACTA002,Phosphorus,Inflow,10
0.06,6_CACTA002,Phosphorus,Inflow,10
0.18,6_CACTA002,Phosphorus,Inflow,10
0.13,6_CACTA002,Phosphorus,Inflow,11
0.24,6_CACTA002,Phosphorus,Inflow,11
0.28,6_CACTA002,Phosphorus,Inflow,11
0.06,6_CACTA002,Phosphorus,Inflow,11
0.13,6_CACTA002,Phosphorus,Inflow,11
0.14,6_CACTA002,Phosphorus,Inflow,12
0.34,6_CACTA002,Phosphorus,Inflow,12
0.25,6_CACTA002,Phosphorus,Inflow,12
0.13,6_CACTA002,Phosphorus,Inflow,12
0.12,6_CACTA002,Phosphorus,Inflow,12
0.1,6_CACTA002,Phosphorus,Inflow,13
0.08,6_CACTA002,Phosphorus,Inflow,13
0.13,6_CACTA002,Phosphorus,Inflow,13
0.28,6_CACTA002,Phosphorus,Inflow,13
0.12,6_CACTA002,Phosphorus,Inflow,13
0.23,6_CACTA002,Phosphorus,Inflow,14
0.06,6_CACTA002,Phosphorus,Inflow,14
0.14,6_CACTA002,Phosphorus,Inflow,14
0.28,6_CACTA002,Phosphorus,Inflow,14
0.13,6_CACTA002,Phosphorus,Inflow,14
0.13,6_CACTA002,Phosphorus,Inflow,15
0.28,6_CACTA002,Phosphorus,Inflow,15
0.08,6_CACTA002,Phosphorus,Inflow,15
0.24,6_CACTA002,Phosphorus,Inflow,15
0.18,6_CACTA002,Phosphorus,Inflow,15
0.24,6_CACTA002,Phosphorus,Inflow,16
0.28,6_CACTA002,Phosphorus,Inflow,16
0.12,6_CACTA002,Phosphorus,Inflow,16
0.13,6_CACTA002,Phosphorus,Inflow,16
0.13,6_CACTA002,Phosphorus,Inflow,16
0.08,6_CACTA002,Phosphorus,Inflow,17
0.18,6_CACTA002,Phosphorus,Inflow,17
0.14,6_CACTA002,Phosphorus,Inflow,17
0.12,6_CACTA002,Phosphorus,Inflow,17
0.13,6_CACTA002,Phosphorus,Inflow,17
0.14,6_CACTA002,Phosphorus,Inflow,18
0.12,6_CACTA002,Phosphorus,Inflow,18
0.1,6_CACTA002,Phosphorus,Inflow,18
0.08,6_CACTA002,Phosphorus,Inflow,18
0.28,6_CACTA002,Phosphorus,Inflow,18
0.18,6_CACTA002,Phosphorus,Inflow,19
0.28,6_CACTA002,Phosphorus,Inflow,19
0.34,6_CACTA002,Phosphorus,Inflow,19
0.28,6_CACTA002,Phosphorus,Inflow,19
0.13,6_CACTA002,Phosphorus,Inflow,19
0.34,6_CACTA002,Phosphorus,Inflow,20
0.18,6_CACTA002,Phosphorus,Inflow,20
0.08,6_CACTA002,Phosphorus,Inflow,20
0.14,6_CACTA002,Phosphorus,Inflow,20
0.13,6_CACTA002,Phosphorus,Inflow,20
0.13,6_CACTA002,Phosphorus,Inflow,21
0.25,6_CACTA002,Phosphorus,Inflow,21
0.34,6_CACTA002,Phosphorus,Inflow,21
0.08,6_CACTA002,Phosphorus,Inflow,21
0.18,6_CACTA002,Phosphorus,Inflow,21
0.28,6_CACTA002,Phosphorus,Inflow,22
0.34,6_CACTA002,Phosphorus,Inflow,22
0.12,6_CACTA002,Phosphorus,Inflow,22
0.08,6_CACTA002,Phosphorus,Inflow,22
0.06,6_CACTA002,Phosphorus,Inflow,22
0.13,6_CACTA002,Phosphorus,Inflow,23
0.18,6_CACTA002,Phosphorus,Inflow,23
0.1,6_CACTA002,Phosphorus,Inflow,23
0.12,6_CACTA002,Phosphorus,Inflow,23
0.14,6_CACTA002,Phosphorus,Inflow,23
0.1,6_CACTA002,Phosphorus,Inflow,24
0.24,6_CACTA002,Phosphorus,Inflow,24
0.29,6_CACTA002,Phosphorus,Inflow,24
0.18,6_CACTA002,Phosphorus,Inflow,24
0.28,6_CACTA002,Phosphorus,Inflow,24
0.12,6_CACTA002,Phosphorus,Inflow,25
0.28,6_CACTA002,Phosphorus,Inflow,25
0.23,6_CACTA002,Phosphorus,Inflow,25
0.29,6_CACTA002,Phosphorus,Inflow,25
0.34,6_CACTA002,Phosphorus,Inflow,25
0.1,6_CACTA002,Phosphorus,Inflow,26
0.14,6_CACTA002,Phosphorus,Inflow,26
0.34,6_CACTA002,Phosphorus,Inflow,26
0.28,6_CACTA002,Phosphorus,Inflow,26
0.29,6_CACTA002,Phosphorus,Inflow,26
0.25,6_CACTA002,Phosphorus,Inflow,27
0.1,6_CACTA002,Phosphorus,Inflow,27
0.29,6_CACTA002,Phosphorus,Inflow,27
0.14,6_CACTA002,Phosphorus,Inflow,27
0.13,6_CACTA002,Phosphorus,Inflow,27
0.29,6_CACTA002,Phosphorus,Inflow,28
0.34,6_CACTA002,Phosphorus,Inflow,28
0.13,6_CACTA002,Phosphorus,Inflow,28
0.14,6_CACTA002,Phosphorus,Inflow,28
0.08,6_CACTA002,Phosphorus,Inflow,28
0.13,6_CACTA002,Phosphorus,Inflow,29
0.14,6_CACTA002,Phosphorus,Inflow,29
0.23,6_CACTA002,Phosphorus,Inflow,29
0.1,6_CACTA002,Phosphorus,Inflow,29
0.24,6_CACTA002,Phosphorus,Inflow,29
0.14,6_CACTA002,Phosphorus,Inflow,30
0.23,6_CACTA002,Phosphorus,Inflow,30
0.08,6_CACTA002,Phosphorus,Inflow,30
0.29,6_CACTA002,Phosphorus,Inflow,30
0.18,6_CACTA002,Phosphorus,Inflow,30
0.23,6_CACTA002,Phosphorus,Inflow,31
0.18,6_CACTA002,Phosphorus,Inflow,31
0.29,6_CACTA002,Phosphorus,Inflow,31
0.28,6_CACTA002,Phosphorus,Inflow,31
0.13,6_CACTA002,Phosphorus,Inflow,31
0.28,6_CACTA002,Phosphorus,Inflow,32
0.13,6_CACTA002,Phosphorus,Inflow,32
0.13,6_CACTA002,Phosphorus,Inflow,32
0.25,6_CACTA002,Phosphorus,Inflow,32
0.13,6_CACTA002,Phosphorus,Inflow,32
0.29,6_CACTA002,Phosphorus,Inflow,33
0.08,6_CACTA002,Phosphorus,Inflow,33
0.24,6_CACTA002,Phosphorus,Inflow,33
0.18,6_CACTA002,Phosphorus,Inflow,33
0.28,6_CACTA002,Phosphorus,Inflow,33
0.08,6_CACTA002,Phosphorus,Inflow,34
0.12,6_CACTA002,Phosphorus,Inflow,34
0.24,6_CACTA002,Phosphorus,Inflow,34
0.1,6_CACTA002,Phosphorus,Inflow,34
0.06,6_CACTA002,Phosphorus,Inflow,34
0.13,6_CACTA002,Phosphorus,Inflow,35
0.13,6_CACTA002,Phosphorus,Inflow,35
0.1,6_CACTA002,Phosphorus,Inflow,35
0.24,6_CACTA002,Phosphorus,Inflow,35
0.34,6_CACTA002,Phosphorus,Inflow,35
0.34,6_CACTA002,Phosphorus,Inflow,36
0.14,6_CACTA002,Phosphorus,Inflow,36
0.29,6_CACTA002,Phosphorus,Inflow,36
0.18,6_CACTA002,Phosphorus,Inflow,36
0.25,6_CACTA002,Phosphorus,Inflow,36
0.24,6_CACTA002,Phosphorus,Inflow,37
0.12,6_CACTA002,Phosphorus,Inflow,37
0.06,6_CACTA002,Phosphorus,Inflow,37
0.08,6_CACTA002,Phosphorus,Inflow,37
0.13,6_CACTA002,Phosphorus,Inflow,37
0.12,6_CACTA002,Phosphorus,Inflow,38
0.13,6_CACTA002,Phosphorus,Inflow,38
0.13,6_CACTA002,Phosphorus,Inflow,38
0.23,6_CACTA002,Phosphorus,Inflow,38
0.13,6_CACTA002,Phosphorus,Inflow,38
0.18,6_CACTA002,Phosphorus,Inflow,39
0.13,6_CACTA002,Phosphorus,Inflow,39
0.1,6_CACTA002,Phosphorus,Inflow,39
0.34,6_CACTA002,Phosphorus,Inflow,39
0.08,6_CACTA002,Phosphorus,Inflow,39
0.06,6_CACTA002,Phosphorus,Inflow,40
0.13,6_CACTA002,Phosphorus,Inflow,40
0.18,6_CACTA002,Phosphorus,Inflow,40
0.13,6_CACTA002,Phosphorus,Inflow,40
0.13,6_CACTA002,Phosphorus,Inflow,40
0.08,6_CACTA002,Phosphorus,Inflow,41
0.34,6_CACTA002,Phosphorus,Inflow,41
0.1,6_CACTA002,Phosphorus,Inflow,41
0.28,6_CACTA002,Phosphorus,Inflow,41
0.14,6_CACTA002,Phosphorus,Inflow,41
0.28,6_CACTA002,Phosphorus,Inflow,42
0.14,6_CACTA002,Phosphorus,Inflow,42
0.13,6_CACTA002,Phosphorus,Inflow,42
0.08,6_CACTA002,Phosphorus,Inflow,42
0.18,6_CACTA002,Phosphorus,Inflow,42
0.29,6_CACTA002,Phosphorus,Inflow,43
0.13,6_CACTA002,Phosphorus,Inflow,43
0.12,6_CACTA002,Phosphorus,Inflow,43
0.28,6_CACTA002,Phosphorus,Inflow,43
0.24,6_CACTA002,Phosphorus,Inflow,43
0.24,6_CACTA002,Phosphorus,Inflow,44
0.13,6_CACTA002,Phosphorus,Inflow,44
0.08,6_CACTA002,Phosphorus,Inflow,44
0.28,6_CACTA002,Phosphorus,Inflow,44
0.06,6_CACTA002,Phosphorus,Inflow,44
0.08,6_CACTA002,Phosphorus,Inflow,45
0.28,6_CACTA002,Phosphorus,Inflow,45
0.1,6_CACTA002,Phosphorus,Inflow,45
0.25,6_CACTA002,Phosphorus,Inflow,45
0.14,6_CACTA002,Phosphorus,Inflow,45
0.13,6_CACTA002,Phosphorus,Inflow,46
0.1,6_CACTA002,Phosphorus,Inflow,46
0.25,6_CACTA002,Phosphorus,Inflow,46
0.13,6_CACTA002,Phosphorus,Inflow,46
0.28,6_CACTA002,Phosphorus,Inflow,46
0.08,6_CACTA002,Phosphorus,Inflow,47
0.24,6_CACTA002,Phosphorus,Inflow,47
0.13,6_CACTA002,Phosphorus,Inflow,47
0.25,6_CACTA002,Phosphorus,Inflow,47
0.06,6_CACTA002,Phosphorus,Inflow,47
0.23,6_CACTA002,Phosphorus,Inflow,48
0.13,6_CACTA002,Phosphorus,Inflow,48
0.24,6_CACTA002,Phosphorus,Inflow,48
0.1,6_CACTA002,Phosphorus,Inflow,48
0.28,6_CACTA002,Phosphorus,Inflow,48
0.08,6_CACTA002,Phosphorus,Inflow,49
0.1,6_CACTA002,Phosphorus,Inflow,49
0.13,6_CACTA002,Phosphorus,Inflow,49
0.28,6_CACTA002,Phosphorus,Inflow,49
0.28,6_CACTA002,Phosphorus,Inflow,49
0.12,6_CACTA002,Phosphorus,Inflow,50
0.06,6_CACTA002,Phosphorus,Inflow,50
0.28,6_CACTA002,Phosphorus,Inflow,50
0.29,6_CACTA002,Phosphorus,Inflow,50
0.13,6_CACTA002,Phosphorus,Inflow,50
0.06,6_CACTA002,Phosphorus,Inflow,51
0.13,6_CACTA002,Phosphorus,Inflow,51
0.25,6_CACTA002,Phosphorus,Inflow,51
0.13,6_CACTA002,Phosphorus,Inflow,51
0.34,6_CACTA002,Phosphorus,Inflow,51
0.14,6_CACTA002,Phosphorus,Inflow,52
0.23,6_CACTA002,Phosphorus,Inflow,52
0.13,6_CACTA002,Phosphorus,Inflow,52
0.29,6_CACTA002,Phosphorus,Inflow,52
0.34,6_CACTA002,Phosphorus,Inflow,52
0.06,6_CACTA002,Phosphorus,Inflow,53
0.25,6_CACTA002,Phosphorus,Inflow,53
0.1,6_CACTA002,Phosphorus,Inflow,53
0.28,6_CACTA002,Phosphorus,Inflow,53
0.13,6_CACTA002,Phosphorus,Inflow,53
0.25,6_CACTA002,Phosphorus,Inflow,54
0.23,6_CACTA002,Phosphorus,Inflow,54
0.14,6_CACTA002,Phosphorus,Inflow,54
0.12,6_CACTA002,Phosphorus,Inflow,54
0.34,6_CACTA002,Phosphorus,Inflow,54
0.13,6_CACTA002,Phosphorus,Inflow,55
0.24,6_CACTA002,Phosphorus,Inflow,55
0.06,6_CACTA002,Phosphorus,Inflow,55
0.13,6_CACTA002,Phosphorus,Inflow,55
0.08,6_CACTA002,Phosphorus,Inflow,55
0.12,6_CACTA002,Phosphorus,Inflow,56
0.14,6_CACTA002,Phosphorus,Inflow,56
0.13,6_CACTA002,Phosphorus,Inflow,56
0.08,6_CACTA002,Phosphorus,Inflow,56
0.29,6_CACTA002,Phosphorus,Inflow,56
0.24,6_CACTA002,Phosphorus,Inflow,57
0.23,6_CACTA002,Phosphorus,Inflow,57
0.06,6_CACTA002,Phosphorus,Inflow,57
0.13,6_CACTA002,Phosphorus,Inflow,57
0.12,6_CACTA002,Phosphorus,Inflow,57
0.28,6_CACTA002,Phosphorus,Inflow,58
0.13,6_CACTA002,Phosphorus,Inflow,58
0.06,6_CACTA002,Phosphorus,Inflow,58
0.08,6_CACTA002,Phosphorus,Inflow,58
0.18,6_CACTA002,Phosphorus,Inflow,58
0.06,6_CACTA002,Phosphorus,Inflow,59
0.13,6_CACTA002,Phosphorus,Inflow,59
0.23,6_CACTA002,Phosphorus,Inflow,59
0.28,6_CACTA002,Phosphorus,Inflow,59
0.08,6_CACTA002,Phosphorus,Inflow,59
0.1,6_CACTA002,Phosphorus,Inflow,60
0.12,6_CACTA002,Phosphorus,Inflow,60
0.34,6_CACTA002,Phosphorus,Inflow,60
0.18,6_CACTA002,Phosphorus,Inflow,60
0.24,6_CACTA002,Phosphorus,Inflow,60
0.12,6_CACTA002,Phosphorus,Inflow,61
0.28,6_CACTA002,Phosphorus,Inflow,61
0.13,6_CACTA002,Phosphorus,Inflow,61
0.23,6_CACTA002,Phosphorus,Inflow,61
0.13,6_CACTA002,Phosphorus,Inflow,61
0.13,6_CACTA002,Phosphorus,Inflow,62
0.28,6_CACTA002,Phosphorus,Inflow,62
0.34,6_CACTA002,Phosphorus,Inflow,62
0.12,6_CACTA002,Phosphorus,Inflow,62
0.13,6_CACTA002,Phosphorus,Inflow,62
0.34,6_CACTA002,Phosphorus,Inflow,63
0.13,6_CACTA002,Phosphorus,Inflow,63
0.13,6_CACTA002,Phosphorus,Inflow,63
0.12,6_CACTA002,Phosphorus,Inflow,63
0.28,6_CACTA002,Phosphorus,Inflow,63
0.13,6_CACTA002,Phosphorus,Inflow,64
0.28,6_CACTA002,Phosphorus,Inflow,64
0.08,6_CACTA002,Phosphorus,Inflow,64
0.23,6_CACTA002,Phosphorus,Inflow,64
0.29,6_CACTA002,Phosphorus,Inflow,64
0.13,6_CACTA002,Phosphorus,Inflow,65
0.12,6_CACTA002,Phosphorus,Inflow,65
0.25,6_CACTA002,Phosphorus,Inflow,65
0.28,6_CACTA002,Phosphorus,Inflow,65
0.08,6_CACTA002,Phosphorus,Inflow,65
0.18,6_CACTA002,Phosphorus,Inflow,66
0.28,6_CACTA002,Phosphorus,Inflow,66
0.14,6_CACTA002,Phosphorus,Inflow,66
0.23,6_CACTA002,Phosphorus,Inflow,66
0.28,6_CACTA002,Phosphorus,Inflow,66
0.28,6_CACTA002,Phosphorus,Inflow,67
0.08,6_CACTA002,Phosphorus,Inflow,67
0.25,6_CACTA002,Phosphorus,Inflow,67
0.1,6_CACTA002,Phosphorus,Inflow,67
0.24,6_CACTA002,Phosphorus,Inflow,67
0.28,6_CACTA002,Phosphorus,Inflow,68
0.23,6_CACTA002,Phosphorus,Inflow,68
0.06,6_CACTA002,Phosphorus,Inflow,68
0.28,6_CACTA002,Phosphorus,Inflow,68
0.13,6_CACTA002,Phosphorus,Inflow,68
0.23,6_CACTA002,Phosphorus,Inflow,69
0.24,6_CACTA002,Phosphorus,Inflow,69
0.13,6_CACTA002,Phosphorus,Inflow,69
0.12,6_CACTA002,Phosphorus,Inflow,69
0.34,6_CACTA002,Phosphorus,Inflow,69
0.06,6_CACTA002,Phosphorus,Inflow,70
0.25,6_CACTA002,Phosphorus,Inflow,70
0.13,6_CACTA002,Phosphorus,Inflow,70
0.28,6_CACTA002,Phosphorus,Inflow,70
0.24,6_CACTA002,Phosphorus,Inflow,70
0.12,6_CACTA002,Phosphorus,Inflow,71
0.13,6_CACTA002,Phosphorus,Inflow,71
0.24,6_CACTA002,Phosphorus,Inflow,71
0.08,6_CACTA002,Phosphorus,Inflow,71
0.34,6_CACTA002,Phosphorus,Inflow,71
0.13,6_CACTA002,Phosphorus,Inflow,72
0.18,6_CACTA002,Phosphorus,Inflow,72
0.13,6_CACTA002,Phosphorus,Inflow,72
0.28,6_CACTA002,Phosphorus,Inflow,72
0.13,6_CACTA002,Phosphorus,Inflow,72
0.1,6_CACTA002,Phosphorus,Inflow,73
0.23,6_CACTA002,Phosphorus,Inflow,73
0.34,6_CACTA002,Phosphorus,Inflow,73
0.13,6_CACTA002,Phosphorus,Inflow,73
0.28,6_CACTA002,Phosphorus,Inflow,73
0.13,6_CACTA002,Phosphorus,Inflow,74
0.28,6_CACTA002,Phosphorus,Inflow,74
0.13,6_CACTA002,Phosphorus,Inflow,74
0.1,6_CACTA002,Phosphorus,Inflow,74
0.29,6_CACTA002,Phosphorus,Inflow,74
0.13,6_CACTA002,Phosphorus,Inflow,75
0.24,6_CACTA002,Phosphorus,Inflow,75
0.08,6_CACTA002,Phosphorus,Inflow,75
0.06,6_CACTA002,Phosphorus,Inflow,75
0.34,6_CACTA002,Phosphorus,Inflow,75
0.08,6_CACTA002,Phosphorus,Inflow,76
0.1,6_CACTA002,Phosphorus,Inflow,76
0.23,6_CACTA002,Phosphorus,Inflow,76
0.13,6_CACTA002,Phosphorus,Inflow,76
0.25,6_CACTA002,Phosphorus,Inflow,76
0.06,6_CACTA002,Phosphorus,Inflow,77
0.08,6_CACTA002,Phosphorus,Inflow,77
0.28,6_CACTA002,Phosphorus,Inflow,77
0.13,6_CACTA002,Phosphorus,Inflow,77
0.29,6_CACTA002,Phosphorus,Inflow,77
0.34,6_CACTA002,Phosphorus,Inflow,78
0.28,6_CACTA002,Phosphorus,Inflow,78
0.18,6_CACTA002,Phosphorus,Inflow,78
0.08,6_CACTA002,Phosphorus,Inflow,78
0.13,6_CACTA002,Phosphorus,Inflow,78
0.29,6_CACTA002,Phosphorus,Inflow,79
0.18,6_CACTA002,Phosphorus,Inflow,79
0.13,6_CACTA002,Phosphorus,Inflow,79
0.14,6_CACTA002,Phosphorus,Inflow,79
0.23,6_CACTA002,Phosphorus,Inflow,79
0.06,6_CACTA002,Phosphorus,Inflow,80
0.29,6_CACTA002,Phosphorus,Inflow,80
0.14,6_CACTA002,Phosphorus,Inflow,80
0.08,6_CACTA002,Phosphorus,Inflow,80
0.1,6_CACTA002,Phosphorus,Inflow,80
0.25,6_CACTA002,Phosphorus,Inflow,81
0.14,6_CACTA002,Phosphorus,Inflow,81
0.06,6_CACTA002,Phosphorus,Inflow,81
0.08,6_CACTA002,Phosphorus,Inflow,81
0.12,6_CACTA002,Phosphorus,Inflow,81
0.1,6_CACTA002,Phosphorus,Inflow,82
0.13,6_CACTA002,Phosphorus,Inflow,82
0.18,6_CACTA002,Phosphorus,Inflow,82
0.13,6_CACTA002,Phosphorus,Inflow,82
0.23,6_CACTA002,Phosphorus,Inflow,82
0.25,6_CACTA002,Phosphorus,Inflow,83
0.29,6_CACTA002,Phosphorus,Inflow,83
0.28,6_CACTA002,Phosphorus,Inflow,83
0.18,6_CACTA002,Phosphorus,Inflow,83
0.08,6_CACTA002,Phosphorus,Inflow,83
0.13,6_CACTA002,Phosphorus,Inflow,84
0.13,6_CACTA002,Phosphorus,Inflow,84
0.28,6_CACTA002,Phosphorus,Inflow,84
0.1,6_CACTA002,Phosphorus,Inflow,84
0.12,6_CACTA002,Phosphorus,Inflow,84
0.28,6_CACTA002,Phosphorus,Inflow,85
0.28,6_CACTA002,Phosphorus,Inflow,85
0.13,6_CACTA002,Phosphorus,Inflow,85
0.06,6_CACTA002,Phosphorus,Inflow,85
0.1,6_CACTA002,Phosphorus,Inflow,85
0.28,6_CACTA002,Phosphorus,Inflow,86
0.06,6_CACTA002,Phosphorus,Inflow,86
0.08,6_CACTA002,Phosphorus,Inflow,86
0.12,6_CACTA002,Phosphorus,Inflow,86
0.1,6_CACTA002,Phosphorus,Inflow,86
0.08,6_CACTA002,Phosphorus,Inflow,87
0.29,6_CACTA002,Phosphorus,Inflow,87
0.24,6_CACTA002,Phosphorus,Inflow,87
0.13,6_CACTA002,Phosphorus,Inflow,87
0.18,6_CACTA002,Phosphorus,Inflow,87
0.13,6_CACTA002,Phosphorus,Inflow,88
0.28,6_CACTA002,Phosphorus,Inflow,88
0.29,6_CACTA002,Phosphorus,Inflow,88
0.08,6_CACTA002,Phosphorus,Inflow,88
0.23,6_CACTA002,Phosphorus,Inflow,88
0.06,6_CACTA002,Phosphorus,Inflow,89
0.12,6_CACTA002,Phosphorus,Inflow,89
0.18,6_CACTA002,Phosphorus,Inflow,89
0.13,6_CACTA002,Phosphorus,Inflow,89
0.14,6_CACTA002,Phosphorus,Inflow,89
0.12,6_CACTA002,Phosphorus,Inflow,90
0.23,6_CACTA002,Phosphorus,Inflow,90
0.18,6_CACTA002,Phosphorus,Inflow,90
0.06,6_CACTA002,Phosphorus,Inflow,90
0.13,6_CACTA002,Phosphorus,Inflow,90
0.14,6_CACTA002,Phosphorus,Inflow,91
0.12,6_CACTA002,Phosphorus,Inflow,91
0.25,6_CACTA002,Phosphorus,Inflow,91
0.34,6_CACTA002,Phosphorus,Inflow,91
0.23,6_CACTA002,Phosphorus,Inflow,91
0.24,6_CACTA002,Phosphorus,Inflow,92
0.23,6_CACTA002,Phosphorus,Inflow,92
0.28,6_CACTA002,Phosphorus,Inflow,92
0.1,6_CACTA002,Phosphorus,Inflow,92
0.28,6_CACTA002,Phosphorus,Inflow,92
0.08,6_CACTA002,Phosphorus,Inflow,93
0.18,6_CACTA002,Phosphorus,Inflow,93
0.34,6_CACTA002,Phosphorus,Inflow,93
0.14,6_CACTA002,Phosphorus,Inflow,93
0.12,6_CACTA002,Phosphorus,Inflow,93
0.18,6_CACTA002,Phosphorus,Inflow,94
0.1,6_CACTA002,Phosphorus,Inflow,94
0.23,6_CACTA002,Phosphorus,Inflow,94
0.24,6_CACTA002,Phosphorus,Inflow,94
0.12,6_CACTA002,Phosphorus,Inflow,94
0.1,6_CACTA002,Phosphorus,Inflow,95
0.12,6_CACTA002,Phosphorus,Inflow,95
0.13,6_CACTA002,Phosphorus,Inflow,95
0.13,6_CACTA002,Phosphorus,Inflow,95
0.29,6_CACTA002,Phosphorus,Inflow,95
0.18,6_CACTA002,Phosphorus,Inflow,96
0.1,6_CACTA002,Phosphorus,Inflow,96
0.13,6_CACTA002,Phosphorus,Inflow,96
0.28,6_CACTA002,Phosphorus,Inflow,96
0.13,6_CACTA002,Phosphorus,Inflow,96
0.06,6_CACTA002,Phosphorus,Inflow,97
0.1,6_CACTA002,Phosphorus,Inflow,97
0.34,6_CACTA002,Phosphorus,Inflow,97
0.23,6_CACTA002,Phosphorus,Inflow,97
0.29,6_CACTA002,Phosphorus,Inflow,97
0.28,6_CACTA002,Phosphorus,Inflow,98
0.18,6_CACTA002,Phosphorus,Inflow,98
0.13,6_CACTA002,Phosphorus,Inflow,98
0.29,6_CACTA002,Phosphorus,Inflow,98
0.14,6_CACTA002,Phosphorus,Inflow,98
0.14,6_CACTA002,Phosphorus,Inflow,99
0.28,6_CACTA002,Phosphorus,Inflow,99
0.08,6_CACTA002,Phosphorus,Inflow,99
0.18,6_CACTA002,Phosphorus,Inflow,99
0.23,6_CACTA002,Phosphorus,Inflow,99
0.24,6_CACTA002,Phosphorus,Inflow,100
0.1,6_CACTA002,Phosphorus,Inflow,100
0.13,6_CACTA002,Phosphorus,Inflow,100
0.34,6_CACTA002,Phosphorus,Inflow,100
0.28,6_CACTA002,Phosphorus,Inflow,100
0.14,6_CACTA002,Phosphorus,Inflow,101
0.23,6_CACTA002,Phosphorus,Inflow,101
0.34,6_CACTA002,Phosphorus,Inflow,101
0.28,6_CACTA002,Phosphorus,Inflow,101
0.18,6_CACTA002,Phosphorus,Inflow,101
0.13,6_CACTA002,Phosphorus,Inflow,102
0.18,6_CACTA002,Phosphorus,Inflow,102
0.06,6_CACTA002,Phosphorus,Inflow,102
0.29,6_CACTA002,Phosphorus,Inflow,102
0.23,6_CACTA002,Phosphorus,Inflow,102
0.08,6_CACTA002,Phosphorus,Inflow,103
0.13,6_CACTA002,Phosphorus,Inflow,103
0.14,6_CACTA002,Phosphorus,Inflow,103
0.13,6_CACTA002,Phosphorus,Inflow,103
0.13,6_CACTA002,Phosphorus,Inflow,103
0.08,6_CACTA002,Phosphorus,Inflow,104
0.13,6_CACTA002,Phosphorus,Inflow,104
0.29,6_CACTA002,Phosphorus,Inflow,104
0.13,6_CACTA002,Phosphorus,Inflow,104
0.13,6_CACTA002,Phosphorus,Inflow,104
0.13,6_CACTA002,Phosphorus,Inflow,105
0.24,6_CACTA002,Phosphorus,Inflow,105
0.14,6_CACTA002,Phosphorus,Inflow,105
0.06,6_CACTA002,Phosphorus,Inflow,105
0.29,6_CACTA002,Phosphorus,Inflow,105
0.25,6_CACTA002,Phosphorus,Inflow,106
0.13,6_CACTA002,Phosphorus,Inflow,106
0.14,6_CACTA002,Phosphorus,Inflow,106
0.13,6_CACTA002,Phosphorus,Inflow,106
0.28,6_CACTA002,Phosphorus,Inflow,106
0.24,6_CACTA002,Phosphorus,Inflow,107
0.08,6_CACTA002,Phosphorus,Inflow,107
0.13,6_CACTA002,Phosphorus,Inflow,107
0.13,6_CACTA002,Phosphorus,Inflow,107
0.29,6_CACTA002,Phosphorus,Inflow,107
0.08,6_CACTA002,Phosphorus,Inflow,108
0.13,6_CACTA002,Phosphorus,Inflow,108
0.25,6_CACTA002,Phosphorus,Inflow,108
0.23,6_CACTA002,Phosphorus,Inflow,108
0.12,6_CACTA002,Phosphorus,Inflow,108
0.13,6_CACTA002,Phosphorus,Inflow,109
0.1,6_CACTA002,Phosphorus,Inflow,109
0.08,6_CACTA002,Phosphorus,Inflow,109
0.28,6_CACTA002,Phosphorus,Inflow,109
0.24,6_CACTA002,Phosphorus,Inflow,109
0.34,6_CACTA002,Phosphorus,Inflow,110
0.12,6_CACTA002,Phosphorus,Inflow,110
0.24,6_CACTA002,Phosphorus,Inflow,110
0.06,6_CACTA002,Phosphorus,Inflow,110
0.18,6_CACTA002,Phosphorus,Inflow,110
0.24,6_CACTA002,Phosphorus,Inflow,111
0.06,6_CACTA002,Phosphorus,Inflow,111
0.23,6_CACTA002,Phosphorus,Inflow,111
0.28,6_CACTA002,Phosphorus,Inflow,111
0.14,6_CACTA002,Phosphorus,Inflow,111
0.18,6_CACTA002,Phosphorus,Inflow,112
0.23,6_CACTA002,Phosphorus,Inflow,112
0.14,6_CACTA002,Phosphorus,Inflow,112
0.1,6_CACTA002,Phosphorus,Inflow,112
0.28,6_CACTA002,Phosphorus,Inflow,112
0.23,6_CACTA002,Phosphorus,Inflow,113
0.06,6_CACTA002,Phosphorus,Inflow,113
0.34,6_CACTA002,Phosphorus,Inflow,113
0.13,6_CACTA002,Phosphorus,Inflow,113
0.28,6_CACTA002,Phosphorus,Inflow,113
0.13,6_CACTA002,Phosphorus,Inflow,114
0.06,6_CACTA002,Phosphorus,Inflow,114
0.1,6_CACTA002,Phosphorus,Inflow,114
0.08,6_CACTA002,Phosphorus,Inflow,114
0.23,6_CACTA002,Phosphorus,Inflow,114
0.24,6_CACTA002,Phosphorus,Inflow,115
0.14,6_CACTA002,Phosphorus,Inflow,115
0.34,6_CACTA002,Phosphorus,Inflow,115
0.13,6_CACTA002,Phosphorus,Inflow,115
0.28,6_CACTA002,Phosphorus,Inflow,115
0.13,6_CACTA002,Phosphorus,Inflow,116
0.28,6_CACTA002,Phosphorus,Inflow,116
0.13,6_CACTA002,Phosphorus,Inflow,116
0.24,6_CACTA002,Phosphorus,Inflow,116
0.14,6_CACTA002,Phosphorus,Inflow,116
0.29,6_CACTA002,Phosphorus,Inflow,117
0.06,6_CACTA002,Phosphorus,Inflow,117
0.28,6_CACTA002,Phosphorus,Inflow,117
0.13,6_CACTA002,Phosphorus,Inflow,117
0.13,6_CACTA002,Phosphorus,Inflow,117
0.28,6_CACTA002,Phosphorus,Inflow,118
0.13,6_CACTA002,Phosphorus,Inflow,118
0.13,6_CACTA002,Phosphorus,Inflow,118
0.12,6_CACTA002,Phosphorus,Inflow,118
0.29,6_CACTA002,Phosphorus,Inflow,118
0.12,6_CACTA002,Phosphorus,Inflow,119
0.13,6_CACTA002,Phosphorus,Inflow,119
0.13,6_CACTA002,Phosphorus,Inflow,119
0.13,6_CACTA002,Phosphorus,Inflow,119
0.25,6_CACTA002,Phosphorus,Inflow,119
0.28,6_CACTA002,Phosphorus,Inflow,120
0.34,6_CACTA002,Phosphorus,Inflow,120
0.06,6_CACTA002,Phosphorus,Inflow,120
0.08,6_CACTA002,Phosphorus,Inflow,120
0.13,6_CACTA002,Phosphorus,Inflow,120
0.29,6_CACTA002,Phosphorus,Inflow,121
0.14,6_CACTA002,Phosphorus,Inflow,121
0.13,6_CACTA002,Phosphorus,Inflow,121
0.12,6_CACTA002,Phosphorus,Inflow,121
0.28,6_CACTA002,Phosphorus,Inflow,121
0.24,6_CACTA002,Phosphorus,Inflow,122
0.13,6_CACTA002,Phosphorus,Inflow,122
0.34,6_CACTA002,Phosphorus,Inflow,122
0.1,6_CACTA002,Phosphorus,Inflow,122
0.28,6_CACTA002,Phosphorus,Inflow,122
0.34,6_CACTA002,Phosphorus,Inflow,123
0.14,6_CACTA002,Phosphorus,Inflow,123
0.23,6_CACTA002,Phosphorus,Inflow,123
0.13,6_CACTA002,Phosphorus,Inflow,123
0.13,6_CACTA002,Phosphorus,Inflow,123
0.18,6_CACTA002,Phosphorus,Inflow,124
0.23,6_CACTA002,Phosphorus,Inflow,124
0.28,6_CACTA002,Phosphorus,Inflow,124
0.12,6_CACTA002,Phosphorus,Inflow,124
0.14,6_CACTA002,Phosphorus,Inflow,124
0.13,6_CACTA002,Phosphorus,Inflow,125
0.28,6_CACTA002,Phosphorus,Inflow,125
0.13,6_CACTA002,Phosphorus,Inflow,125
0.25,6_CACTA002,Phosphorus,Inflow,125
0.14,6_CACTA002,Phosphorus,Inflow,125
0.14,6_CACTA002,Phosphorus,Inflow,126
0.34,6_CACTA002,Phosphorus,Inflow,126
0.29,6_CACTA002,Phosphorus,Inflow,126
0.28,6_CACTA002,Phosphorus,Inflow,126
0.13,6_CACTA002,Phosphorus,Inflow,126
0.1,6_CACTA002,Phosphorus,Inflow,127
0.06,6_CACTA002,Phosphorus,Inflow,127
0.12,6_CACTA002,Phosphorus,Inflow,127
0.13,6_CACTA002,Phosphorus,Inflow,127
0.28,6_CACTA002,Phosphorus,Inflow,127
0.24,6_CACTA002,Phosphorus,Inflow,128
0.06,6_CACTA002,Phosphorus,Inflow,128
0.08,6_CACTA002,Phosphorus,Inflow,128
0.18,6_CACTA002,Phosphorus,Inflow,128
0.13,6_CACTA002,Phosphorus,Inflow,128
0.28,6_CACTA002,Phosphorus,Inflow,129
0.14,6_CACTA002,Phosphorus,Inflow,129
0.24,6_CACTA002,Phosphorus,Inflow,129
0.29,6_CACTA002,Phosphorus,Inflow,129
0.13,6_CACTA002,Phosphorus,Inflow,129
0.25,6_CACTA002,Phosphorus,Inflow,130
0.08,6_CACTA002,Phosphorus,Inflow,130
0.28,6_CACTA002,Phosphorus,Inflow,130
0.29,6_CACTA002,Phosphorus,Inflow,130
0.28,6_CACTA002,Phosphorus,Inflow,130
0.28,6_CACTA002,Phosphorus,Inflow,131
0.29,6_CACTA002,Phosphorus,Inflow,131
0.34,6_CACTA002,Phosphorus,Inflow,131
0.14,6_CACTA002,Phosphorus,Inflow,131
0.23,6_CACTA002,Phosphorus,Inflow,131
0.18,6_CACTA002,Phosphorus,Inflow,132
0.13,6_CACTA002,Phosphorus,Inflow,132
0.28,6_CACTA002,Phosphorus,Inflow,132
0.13,6_CACTA002,Phosphorus,Inflow,132
0.13,6_CACTA002,Phosphorus,Inflow,132
0.1,6_CACTA002,Phosphorus,Inflow,133
0.06,6_CACTA002,Phosphorus,Inflow,133
0.23,6_CACTA002,Phosphorus,Inflow,133
0.14,6_CACTA002,Phosphorus,Inflow,133
0.29,6_CACTA002,Phosphorus,Inflow,133
0.13,6_CACTA002,Phosphorus,Inflow,134
0.13,6_CACTA002,Phosphorus,Inflow,134
0.23,6_CACTA002,Phosphorus,Inflow,134
0.06,6_CACTA002,Phosphorus,Inflow,134
0.14,6_CACTA002,Phosphorus,Inflow,134
0.1,6_CACTA002,Phosphorus,Inflow,135
0.14,6_CACTA002,Phosphorus,Inflow,135
0.08,6_CACTA002,Phosphorus,Inflow,135
0.13,6_CACTA002,Phosphorus,Inflow,135
0.12,6_CACTA002,Phosphorus,Inflow,135
0.13,6_CACTA002,Phosphorus,Inflow,136
0.13,6_CACTA002,Phosphorus,Inflow,136
0.18,6_CACTA002,Phosphorus,Inflow,136
0.34,6_CACTA002,Phosphorus,Inflow,136
0.08,6_CACTA002,Phosphorus,Inflow,136
0.23,6_CACTA002,Phosphorus,Inflow,137
0.06,6_CACTA002,Phosphorus,Inflow,137
0.13,6_CACTA002,Phosphorus,Inflow,137
0.14,6_CACTA002,Phosphorus,Inflow,137
0.13,6_CACTA002,Phosphorus,Inflow,137
0.29,6_CACTA002,Phosphorus,Inflow,138
0.24,6_CACTA002,Phosphorus,Inflow,138
0.13,6_CACTA002,Phosphorus,Inflow,138
0.1,6_CACTA002,Phosphorus,Inflow,138
0.18,6_CACTA002,Phosphorus,Inflow,138
0.12,6_CACTA002,Phosphorus,Inflow,139
0.06,6_CACTA002,Phosphorus,Inflow,139
0.14,6_CACTA002,Phosphorus,Inflow,139
0.13,6_CACTA002,Phosphorus,Inflow,139
0.24,6_CACTA002,Phosphorus,Inflow,139
0.24,6_CACTA002,Phosphorus,Inflow,140
0.18,6_CACTA002,Phosphorus,Inflow,140
0.13,6_CACTA002,Phosphorus,Inflow,140
0.13,6_CACTA002,Phosphorus,Inflow,140
0.13,6_CACTA002,Phosphorus,Inflow,140
0.13,6_CACTA002,Phosphorus,Inflow,141
0.13,6_CACTA002,Phosphorus,Inflow,141
0.28,6_CACTA002,Phosphorus,Inflow,141
0.25,6_CACTA002,Phosphorus,Inflow,141
0.34,6_CACTA002,Phosphorus,Inflow,141
0.24,6_CACTA002,Phosphorus,Inflow,142
0.13,6_CACTA002,Phosphorus,Inflow,142
0.29,6_CACTA002,Phosphorus,Inflow,142
0.34,6_CACTA002,Phosphorus,Inflow,142
0.13,6_CACTA002,Phosphorus,Inflow,142
0.28,6_CACTA002,Phosphorus,Inflow,143
0.12,6_CACTA002,Phosphorus,Inflow,143
0.13,6_CACTA002,Phosphorus,Inflow,143
0.06,6_CACTA002,Phosphorus,Inflow,143
0.18,6_CACTA002,Phosphorus,Inflow,143
0.13,6_CACTA002,Phosphorus,Inflow,144
0.12,6_CACTA002,Phosphorus,Inflow,144
0.08,6_CACTA002,Phosphorus,Inflow,144
0.13,6_CACTA002,Phosphorus,Inflow,144
0.14,6_CACTA002,Phosphorus,Inflow,144
0.34,6_CACTA002,Phosphorus,Inflow,145
0.14,6_CACTA002,Phosphorus,Inflow,145
0.18,6_CACTA002,Phosphorus,Inflow,145
0.23,6_CACTA002,Phosphorus,Inflow,145
0.13,6_CACTA002,Phosphorus,Inflow,145
0.34,6_CACTA002,Phosphorus,Inflow,146
0.12,6_CACTA002,Phosphorus,Inflow,146
0.24,6_CACTA002,Phosphorus,Inflow,146
0.14,6_CACTA002,Phosphorus,Inflow,146
0.29,6_CACTA002,Phosphorus,Inflow,146
0.14,6_CACTA002,Phosphorus,Inflow,147
0.18,6_CACTA002,Phosphorus,Inflow,147
0.13,6_CACTA002,Phosphorus,Inflow,147
0.25,6_CACTA002,Phosphorus,Inflow,147
0.23,6_CACTA002,Phosphorus,Inflow,147
0.28,6_CACTA002,Phosphorus,Inflow,148
0.29,6_CACTA002,Phosphorus,Inflow,148
0.08,6_CACTA002,Phosphorus,Inflow,148
0.18,6_CACTA002,Phosphorus,Inflow,148
0.28,6_CACTA002,Phosphorus,Inflow,148
0.18,6_CACTA002,Phosphorus,Inflow,149
0.28,6_CACTA002,Phosphorus,Inflow,149
0.28,6_CACTA002,Phosphorus,Inflow,149
0.24,6_CACTA002,Phosphorus,Inflow,149
0.25,6_CACTA002,Phosphorus,Inflow,149
0.28,6_CACTA002,Phosphorus,Inflow,150
0.14,6_CACTA002,Phosphorus,Inflow,150
0.13,6_CACTA002,Phosphorus,Inflow,150
0.28,6_CACTA002,Phosphorus,Inflow,150
0.06,6_CACTA002,Phosphorus,Inflow,150
0.13,6_CACTA002,Phosphorus,Inflow,151
0.29,6_CACTA002,Phosphorus,Inflow,151
0.1,6_CACTA002,Phosphorus,Inflow,151
0.13,6_CACTA002,Phosphorus,Inflow,151
0.28,6_CACTA002,Phosphorus,Inflow,151
0.13,6_CACTA002,Phosphorus,Inflow,152
0.06,6_CACTA002,Phosphorus,Inflow,152
0.1,6_CACTA002,Phosphorus,Inflow,152
0.13,6_CACTA002,Phosphorus,Inflow,152
0.14,6_CACTA002,Phosphorus,Inflow,152
0.18,6_CACTA002,Phosphorus,Inflow,153
0.29,6_CACTA002,Phosphorus,Inflow,153
0.34,6_CACTA002,Phosphorus,Inflow,153
0.13,6_CACTA002,Phosphorus,Inflow,153
0.13,6_CACTA002,Phosphorus,Inflow,153
0.1,6_CACTA002,Phosphorus,Inflow,154
0.13,6_CACTA002,Phosphorus,Inflow,154
0.06,6_CACTA002,Phosphorus,Inflow,154
0.24,6_CACTA002,Phosphorus,Inflow,154
0.13,6_CACTA002,Phosphorus,Inflow,154
0.25,6_CACTA002,Phosphorus,Inflow,155
0.12,6_CACTA002,Phosphorus,Inflow,155
0.14,6_CACTA002,Phosphorus,Inflow,155
0.24,6_CACTA002,Phosphorus,Inflow,155
0.13,6_CACTA002,Phosphorus,Inflow,155
0.34,6_CACTA002,Phosphorus,Inflow,156
0.13,6_CACTA002,Phosphorus,Inflow,156
0.1,6_CACTA002,Phosphorus,Inflow,156
0.28,6_CACTA002,Phosphorus,Inflow,156
0.25,6_CACTA002,Phosphorus,Inflow,156
0.18,6_CACTA002,Phosphorus,Inflow,157
0.13,6_CACTA002,Phosphorus,Inflow,157
0.24,6_CACTA002,Phosphorus,Inflow,157
0.14,6_CACTA002,Phosphorus,Inflow,157
0.34,6_CACTA002,Phosphorus,Inflow,157
0.25,6_CACTA002,Phosphorus,Inflow,158
0.29,6_CACTA002,Phosphorus,Inflow,158
0.28,6_CACTA002,Phosphorus,Inflow,158
0.13,6_CACTA002,Phosphorus,Inflow,158
0.23,6_CACTA002,Phosphorus,Inflow,158
0.18,6_CACTA002,Phosphorus,Inflow,159
0.28,6_CACTA002,Phosphorus,Inflow,159
0.1,6_CACTA002,Phosphorus,Inflow,159
0.08,6_CACTA002,Phosphorus,Inflow,159
0.13,6_CACTA002,Phosphorus,Inflow,159
0.18,6_CACTA002,Phosphorus,Inflow,160
0.25,6_CACTA002,Phosphorus,Inflow,160
0.08,6_CACTA002,Phosphorus,Inflow,160
0.13,6_CACTA002,Phosphorus,Inflow,160
0.13,6_CACTA002,Phosphorus,Inflow,160
0.25,6_CACTA002,Phosphorus,Inflow,161
0.14,6_CACTA002,Phosphorus,Inflow,161
0.13,6_CACTA002,Phosphorus,Inflow,161
0.18,6_CACTA002,Phosphorus,Inflow,161
0.13,6_CACTA002,Phosphorus,Inflow,161
0.06,6_CACTA002,Phosphorus,Inflow,162
0.13,6_CACTA002,Phosphorus,Inflow,162
0.12,6_CACTA002,Phosphorus,Inflow,162
0.1,6_CACTA002,Phosphorus,Inflow,162
0.29,6_CACTA002,Phosphorus,Inflow,162
0.08,6_CACTA002,Phosphorus,Inflow,163
0.12,6_CACTA002,Phosphorus,Inflow,163
0.28,6_CACTA002,Phosphorus,Inflow,163
0.14,6_CACTA002,Phosphorus,Inflow,163
0.13,6_CACTA002,Phosphorus,Inflow,163
0.23,6_CACTA002,Phosphorus,Inflow,164
0.28,6_CACTA002,Phosphorus,Inflow,164
0.12,6_CACTA002,Phosphorus,Inflow,164
0.28,6_CACTA002,Phosphorus,Inflow,164
0.25,6_CACTA002,Phosphorus,Inflow,164
0.13,6_CACTA002,Phosphorus,Inflow,165
0.13,6_CACTA002,Phosphorus,Inflow,165
0.28,6_CACTA002,Phosphorus,Inflow,165
0.28,6_CACTA002,Phosphorus,Inflow,165
0.08,6_CACTA002,Phosphorus,Inflow,165
0.25,6_CACTA002,Phosphorus,Inflow,166
0.29,6_CACTA002,Phosphorus,Inflow,166
0.23,6_CACTA002,Phosphorus,Inflow,166
0.12,6_CACTA002,Phosphorus,Inflow,166
0.24,6_CACTA002,Phosphorus,Inflow,166
0.13,6_CACTA002,Phosphorus,Inflow,167
0.25,6_CACTA002,Phosphorus,Inflow,167
0.08,6_CACTA002,Phosphorus,Inflow,167
0.14,6_CACTA002,Phosphorus,Inflow,167
0.23,6_CACTA002,Phosphorus,Inflow,167
0.24,6_CACTA002,Phosphorus,Inflow,168
0.29,6_CACTA002,Phosphorus,Inflow,168
0.13,6_CACTA002,Phosphorus,Inflow,168
0.18,6_CACTA002,Phosphorus,Inflow,168
0.13,6_CACTA002,Phosphorus,Inflow,168
0.28,6_CACTA002,Phosphorus,Inflow,169
0.29,6_CACTA002,Phosphorus,Inflow,169
0.13,6_CACTA002,Phosphorus,Inflow,169
0.12,6_CACTA002,Phosphorus,Inflow,169
0.25,6_CACTA002,Phosphorus,Inflow,169
0.34,6_CACTA002,Phosphorus,Inflow,170
0.28,6_CACTA002,Phosphorus,Inflow,170
0.14,6_CACTA002,Phosphorus,Inflow,170
0.24,6_CACTA002,Phosphorus,Inflow,170
0.06,6_CACTA002,Phosphorus,Inflow,170
0.13,6_CACTA002,Phosphorus,Inflow,171
0.23,6_CACTA002,Phosphorus,Inflow,171
0.06,6_CACTA002,Phosphorus,Inflow,171
0.1,6_CACTA002,Phosphorus,Inflow,171
0.24,6_CACTA002,Phosphorus,Inflow,171
0.13,6_CACTA002,Phosphorus,Inflow,172
0.06,6_CACTA002,Phosphorus,Inflow,172
0.23,6_CACTA002,Phosphorus,Inflow,172
0.28,6_CACTA002,Phosphorus,Inflow,172
0.1,6_CACTA002,Phosphorus,Inflow,172
0.13,6_CACTA002,Phosphorus,Inflow,173
0.14,6_CACTA002,Phosphorus,Inflow,173
0.29,6_CACTA002,Phosphorus,Inflow,173
0.1,6_CACTA002,Phosphorus,Inflow,173
0.13,6_CACTA002,Phosphorus,Inflow,173
0.28,6_CACTA002,Phosphorus,Inflow,174
0.08,6_CACTA002,Phosphorus,Inflow,174
0.28,6_CACTA002,Phosphorus,Inflow,174
0.14,6_CACTA002,Phosphorus,Inflow,174
0.25,6_CACTA002,Phosphorus,Inflow,174
0.13,6_CACTA002,Phosphorus,Inflow,175
0.06,6_CACTA002,Phosphorus,Inflow,175
0.29,6_CACTA002,Phosphorus,Inflow,175
0.13,6_CACTA002,Phosphorus,Inflow,175
0.25,6_CACTA002,Phosphorus,Inflow,175
0.23,6_CACTA002,Phosphorus,Inflow,176
0.06,6_CACTA002,Phosphorus,Inflow,176
0.13,6_CACTA002,Phosphorus,Inflow,176
0.1,6_CACTA002,Phosphorus,Inflow,176
0.25,6_CACTA002,Phosphorus,Inflow,176
0.13,6_CACTA002,Phosphorus,Inflow,177
0.23,6_CACTA002,Phosphorus,Inflow,177
0.13,6_CACTA002,Phosphorus,Inflow,177
0.34,6_CACTA002,Phosphorus,Inflow,177
0.28,6_CACTA002,Phosphorus,Inflow,177
0.06,6_CACTA002,Phosphorus,Inflow,178
0.28,6_CACTA002,Phosphorus,Inflow,178
0.23,6_CACTA002,Phosphorus,Inflow,178
0.13,6_CACTA002,Phosphorus,Inflow,178
0.08,6_CACTA002,Phosphorus,Inflow,178
0.13,6_CACTA002,Phosphorus,Inflow,179
0.12,6_CACTA002,Phosphorus,Inflow,179
0.18,6_CACTA002,Phosphorus,Inflow,179
0.06,6_CACTA002,Phosphorus,Inflow,179
0.34,6_CACTA002,Phosphorus,Inflow,179
0.29,6_CACTA002,Phosphorus,Inflow,180
0.34,6_CACTA002,Phosphorus,Inflow,180
0.14,6_CACTA002,Phosphorus,Inflow,180
0.18,6_CACTA002,Phosphorus,Inflow,180
0.23,6_CACTA002,Phosphorus,Inflow,180
0.13,6_CACTA002,Phosphorus,Inflow,181
0.25,6_CACTA002,Phosphorus,Inflow,181
0.14,6_CACTA002,Phosphorus,Inflow,181
0.28,6_CACTA002,Phosphorus,Inflow,181
0.23,6_CACTA002,Phosphorus,Inflow,181
0.24,6_CACTA002,Phosphorus,Inflow,182
0.23,6_CACTA002,Phosphorus,Inflow,182
0.29,6_CACTA002,Phosphorus,Inflow,182
0.25,6_CACTA002,Phosphorus,Inflow,182
0.12,6_CACTA002,Phosphorus,Inflow,182
0.14,6_CACTA002,Phosphorus,Inflow,183
0.29,6_CACTA002,Phosphorus,Inflow,183
0.13,6_CACTA002,Phosphorus,Inflow,183
0.24,6_CACTA002,Phosphorus,Inflow,183
0.23,6_CACTA002,Phosphorus,Inflow,183
0.08,6_CACTA002,Phosphorus,Inflow,184
0.34,6_CACTA002,Phosphorus,Inflow,184
0.25,6_CACTA002,Phosphorus,Inflow,184
0.28,6_CACTA002,Phosphorus,Inflow,184
0.06,6_CACTA002,Phosphorus,Inflow,184
0.25,6_CACTA002,Phosphorus,Inflow,185
0.13,6_CACTA002,Phosphorus,Inflow,185
0.18,6_CACTA002,Phosphorus,Inflow,185
0.12,6_CACTA002,Phosphorus,Inflow,185
0.28,6_CACTA002,Phosphorus,Inflow,185
0.08,6_CACTA002,Phosphorus,Inflow,186
0.28,6_CACTA002,Phosphorus,Inflow,186
0.13,6_CACTA002,Phosphorus,Inflow,186
0.1,6_CACTA002,Phosphorus,Inflow,186
0.18,6_CACTA002,Phosphorus,Inflow,186
0.23,6_CACTA002,Phosphorus,Inflow,187
0.13,6_CACTA002,Phosphorus,Inflow,187
0.18,6_CACTA002,Phosphorus,Inflow,187
0.13,6_CACTA002,Phosphorus,Inflow,187
0.24,6_CACTA002,Phosphorus,Inflow,187
0.08,6_CACTA002,Phosphorus,Inflow,188
0.18,6_CACTA002,Phosphorus,Inflow,188
0.13,6_CACTA002,Phosphorus,Inflow,188
0.28,6_CACTA002,Phosphorus,Inflow,188
0.1,6_CACTA002,Phosphorus,Inflow,188
0.12,6_CACTA002,Phosphorus,Inflow,189
0.29,6_CACTA002,Phosphorus,Inflow,189
0.13,6_CACTA002,Phosphorus,Inflow,189
0.1,6_CACTA002,Phosphorus,Inflow,189
0.28,6_CACTA002,Phosphorus,Inflow,189
0.08,6_CACTA002,Phosphorus,Inflow,190
0.13,6_CACTA002,Phosphorus,Inflow,190
0.14,6_CACTA002,Phosphorus,Inflow,190
0.1,6_CACTA002,Phosphorus,Inflow,190
0.24,6_CACTA002,Phosphorus,Inflow,190
0.18,6_CACTA002,Phosphorus,Inflow,191
0.13,6_CACTA002,Phosphorus,Inflow,191
0.12,6_CACTA002,Phosphorus,Inflow,191
0.08,6_CACTA002,Phosphorus,Inflow,191
0.23,6_CACTA002,Phosphorus,Inflow,191
0.12,6_CACTA002,Phosphorus,Inflow,192
0.34,6_CACTA002,Phosphorus,Inflow,192
0.25,6_CACTA002,Phosphorus,Inflow,192
0.18,6_CACTA002,Phosphorus,Inflow,192
0.29,6_CACTA002,Phosphorus,Inflow,192
0.14,6_CACTA002,Phosphorus,Inflow,193
0.34,6_CACTA002,Phosphorus,Inflow,193
0.18,6_CACTA002,Phosphorus,Inflow,193
0.25,6_CACTA002,Phosphorus,Inflow,193
0.28,6_CACTA002,Phosphorus,Inflow,193
0.29,6_CACTA002,Phosphorus,Inflow,194
0.18,6_CACTA002,Phosphorus,Inflow,194
0.08,6_CACTA002,Phosphorus,Inflow,194
0.13,6_CACTA002,Phosphorus,Inflow,194
0.06,6_CACTA002,Phosphorus,Inflow,194
0.28,6_CACTA002,Phosphorus,Inflow,195
0.08,6_CACTA002,Phosphorus,Inflow,195
0.28,6_CACTA002,Phosphorus,Inflow,195
0.18,6_CACTA002,Phosphorus,Inflow,195
0.13,6_CACTA002,Phosphorus,Inflow,195
0.24,6_CACTA002,Phosphorus,Inflow,196
0.28,6_CACTA002,Phosphorus,Inflow,196
0.29,6_CACTA002,Phosphorus,Inflow,196
0.06,6_CACTA002,Phosphorus,Inflow,196
0.25,6_CACTA002,Phosphorus,Inflow,196
0.13,6_CACTA002,Phosphorus,Inflow,197
0.24,6_CACTA002,Phosphorus,Inflow,197
0.18,6_CACTA002,Phosphorus,Inflow,197
0.28,6_CACTA002,Phosphorus,Inflow,197
0.23,6_CACTA002,Phosphorus,Inflow,197
0.28,6_CACTA002,Phosphorus,Inflow,198
0.13,6_CACTA002,Phosphorus,Inflow,198
0.13,6_CACTA002,Phosphorus,Inflow,198
0.12,6_CACTA002,Phosphorus,Inflow,198
0.25,6_CACTA002,Phosphorus,Inflow,198
0.13,6_CACTA002,Phosphorus,Inflow,199
0.13,6_CACTA002,Phosphorus,Inflow,199
0.13,6_CACTA002,Phosphorus,Inflow,199
0.24,6_CACTA002,Phosphorus,Inflow,199
0.06,6_CACTA002,Phosphorus,Inflow,199
0.1,6_CACTA002,Phosphorus,Inflow,200
0.13,6_CACTA002,Phosphorus,Inflow,200
0.24,6_CACTA002,Phosphorus,Inflow,200
0.12,6_CACTA002,Phosphorus,Inflow,200
0.08,6_CACTA002,Phosphorus,Inflow,200
0.12,6_CACTA002,Phosphorus,Inflow,201
0.13,6_CACTA002,Phosphorus,Inflow,201
0.24,6_CACTA002,Phosphorus,Inflow,201
0.06,6_CACTA002,Phosphorus,Inflow,201
0.34,6_CACTA002,Phosphorus,Inflow,201
0.23,6_CACTA002,Phosphorus,Inflow,202
0.24,6_CACTA002,Phosphorus,Inflow,202
0.18,6_CACTA002,Phosphorus,Inflow,202
0.28,6_CACTA002,Phosphorus,Inflow,202
0.28,6_CACTA002,Phosphorus,Inflow,202
0.13,6_CACTA002,Phosphorus,Inflow,203
0.08,6_CACTA002,Phosphorus,Inflow,203
0.13,6_CACTA002,Phosphorus,Inflow,203
0.25,6_CACTA002,Phosphorus,Inflow,203
0.23,6_CACTA002,Phosphorus,Inflow,203
0.18,6_CACTA002,Phosphorus,Inflow,204
0.13,6_CACTA002,Phosphorus,Inflow,204
0.24,6_CACTA002,Phosphorus,Inflow,204
0.13,6_CACTA002,Phosphorus,Inflow,204
0.23,6_CACTA002,Phosphorus,Inflow,204
0.1,6_CACTA002,Phosphorus,Inflow,205
0.14,6_CACTA002,Phosphorus,Inflow,205
0.08,6_CACTA002,Phosphorus,Inflow,205
0.28,6_CACTA002,Phosphorus,Inflow,205
0.23,6_CACTA002,Phosphorus,Inflow,205
0.29,6_CACTA002,Phosphorus,Inflow,206
0.28,6_CACTA002,Phosphorus,Inflow,206
0.24,6_CACTA002,Phosphorus,Inflow,206
0.12,6_CACTA002,Phosphorus,Inflow,206
0.28,6_CACTA002,Phosphorus,Inflow,206
0.1,6_CACTA002,Phosphorus,Inflow,207
0.34,6_CACTA002,Phosphorus,Inflow,207
0.12,6_CACTA002,Phosphorus,Inflow,207
0.24,6_CACTA002,Phosphorus,Inflow,207
0.08,6_CACTA002,Phosphorus,Inflow,207
0.08,6_CACTA002,Phosphorus,Inflow,208
0.14,6_CACTA002,Phosphorus,Inflow,208
0.28,6_CACTA002,Phosphorus,Inflow,208
0.13,6_CACTA002,Phosphorus,Inflow,208
0.29,6_CACTA002,Phosphorus,Inflow,208
0.13,6_CACTA002,Phosphorus,Inflow,209
0.14,6_CACTA002,Phosphorus,Inflow,209
0.23,6_CACTA002,Phosphorus,Inflow,209
0.34,6_CACTA002,Phosphorus,Inflow,209
0.1,6_CACTA002,Phosphorus,Inflow,209
0.34,6_CACTA002,Phosphorus,Inflow,210
0.29,6_CACTA002,Phosphorus,Inflow,210
0.13,6_CACTA002,Phosphorus,Inflow,210
0.18,6_CACTA002,Phosphorus,Inflow,210
0.13,6_CACTA002,Phosphorus,Inflow,210
0.08,6_CACTA002,Phosphorus,Inflow,211
0.25,6_CACTA002,Phosphorus,Inflow,211
0.23,6_CACTA002,Phosphorus,Inflow,211
0.13,6_CACTA002,Phosphorus,Inflow,211
0.06,6_CACTA002,Phosphorus,Inflow,211
0.23,6_CACTA002,Phosphorus,Inflow,212
0.12,6_CACTA002,Phosphorus,Inflow,212
0.29,6_CACTA002,Phosphorus,Inflow,212
0.1,6_CACTA002,Phosphorus,Inflow,212
0.08,6_CACTA002,Phosphorus,Inflow,212
0.1,6_CACTA002,Phosphorus,Inflow,213
0.13,6_CACTA002,Phosphorus,Inflow,213
0.34,6_CACTA002,Phosphorus,Inflow,213
0.18,6_CACTA002,Phosphorus,Inflow,213
0.12,6_CACTA002,Phosphorus,Inflow,213
0.24,6_CACTA002,Phosphorus,Inflow,214
0.28,6_CACTA002,Phosphorus,Inflow,214
0.28,6_CACTA002,Phosphorus,Inflow,214
0.18,6_CACTA002,Phosphorus,Inflow,214
0.25,6_CACTA002,Phosphorus,Inflow,214
0.28,6_CACTA002,Phosphorus,Inflow,215
0.23,6_CACTA002,Phosphorus,Inflow,215
0.13,6_CACTA002,Phosphorus,Inflow,215
0.18,6_CACTA002,Phosphorus,Inflow,215
0.13,6_CACTA002,Phosphorus,Inflow,215
0.25,6_CACTA002,Phosphorus,Inflow,216
0.06,6_CACTA002,Phosphorus,Inflow,216
0.34,6_CACTA002,Phosphorus,Inflow,216
0.13,6_CACTA002,Phosphorus,Inflow,216
0.1,6_CACTA002,Phosphorus,Inflow,216
0.25,6_CACTA002,Phosphorus,Inflow,217
0.28,6_CACTA002,Phosphorus,Inflow,217
0.13,6_CACTA002,Phosphorus,Inflow,217
0.14,6_CACTA002,Phosphorus,Inflow,217
0.13,6_CACTA002,Phosphorus,Inflow,217
0.23,6_CACTA002,Phosphorus,Inflow,218
0.13,6_CACTA002,Phosphorus,Inflow,218
0.1,6_CACTA002,Phosphorus,Inflow,218
0.34,6_CACTA002,Phosphorus,Inflow,218
0.28,6_CACTA002,Phosphorus,Inflow,218
0.13,6_CACTA002,Phosphorus,Inflow,219
0.18,6_CACTA002,Phosphorus,Inflow,219
0.06,6_CACTA002,Phosphorus,Inflow,219
0.25,6_CACTA002,Phosphorus,Inflow,219
0.12,6_CACTA002,Phosphorus,Inflow,219
0.24,6_CACTA002,Phosphorus,Inflow,220
0.18,6_CACTA002,Phosphorus,Inflow,220
0.23,6_CACTA002,Phosphorus,Inflow,220
0.12,6_CACTA002,Phosphorus,Inflow,220
0.34,6_CACTA002,Phosphorus,Inflow,220
0.13,6_CACTA002,Phosphorus,Inflow,221
0.28,6_CACTA002,Phosphorus,Inflow,221
0.18,6_CACTA002,Phosphorus,Inflow,221
0.34,6_CACTA002,Phosphorus,Inflow,221
0.23,6_CACTA002,Phosphorus,Inflow,221
0.13,6_CACTA002,Phosphorus,Inflow,222
0.23,6_CACTA002,Phosphorus,Inflow,222
0.1,6_CACTA002,Phosphorus,Inflow,222
0.08,6_CACTA002,Phosphorus,Inflow,222
0.24,6_CACTA002,Phosphorus,Inflow,222
0.24,6_CACTA002,Phosphorus,Inflow,223
0.1,6_CACTA002,Phosphorus,Inflow,223
0.13,6_CACTA002,Phosphorus,Inflow,223
0.06,6_CACTA002,Phosphorus,Inflow,223
0.28,6_CACTA002,Phosphorus,Inflow,223
0.08,6_CACTA002,Phosphorus,Inflow,224
0.18,6_CACTA002,Phosphorus,Inflow,224
0.28,6_CACTA002,Phosphorus,Inflow,224
0.23,6_CACTA002,Phosphorus,Inflow,224
0.13,6_CACTA002,Phosphorus,Inflow,224
0.08,6_CACTA002,Phosphorus,Inflow,225
0.28,6_CACTA002,Phosphorus,Inflow,225
0.34,6_CACTA002,Phosphorus,Inflow,225
0.18,6_CACTA002,Phosphorus,Inflow,225
0.1,6_CACTA002,Phosphorus,Inflow,225
0.13,6_CACTA002,Phosphorus,Inflow,226
0.28,6_CACTA002,Phosphorus,Inflow,226
0.34,6_CACTA002,Phosphorus,Inflow,226
0.13,6_CACTA002,Phosphorus,Inflow,226
0.24,6_CACTA002,Phosphorus,Inflow,226
0.34,6_CACTA002,Phosphorus,Inflow,227
0.25,6_CACTA002,Phosphorus,Inflow,227
0.13,6_CACTA002,Phosphorus,Inflow,227
0.06,6_CACTA002,Phosphorus,Inflow,227
0.08,6_CACTA002,Phosphorus,Inflow,227
0.06,6_CACTA002,Phosphorus,Inflow,228
0.18,6_CACTA002,Phosphorus,Inflow,228
0.28,6_CACTA002,Phosphorus,Inflow,228
0.14,6_CACTA002,Phosphorus,Inflow,228
0.24,6_CACTA002,Phosphorus,Inflow,228
0.34,6_CACTA002,Phosphorus,Inflow,229
0.24,6_CACTA002,Phosphorus,Inflow,229
0.13,6_CACTA002,Phosphorus,Inflow,229
0.18,6_CACTA002,Phosphorus,Inflow,229
0.13,6_CACTA002,Phosphorus,Inflow,229
0.13,6_CACTA002,Phosphorus,Inflow,230
0.18,6_CACTA002,Phosphorus,Inflow,230
0.29,6_CACTA002,Phosphorus,Inflow,230
0.13,6_CACTA002,Phosphorus,Inflow,230
0.28,6_CACTA002,Phosphorus,Inflow,230
0.1,6_CACTA002,Phosphorus,Inflow,231
0.14,6_CACTA002,Phosphorus,Inflow,231
0.08,6_CACTA002,Phosphorus,Inflow,231
0.28,6_CACTA002,Phosphorus,Inflow,231
0.24,6_CACTA002,Phosphorus,Inflow,231
0.06,6_CACTA002,Phosphorus,Inflow,232
0.28,6_CACTA002,Phosphorus,Inflow,232
0.29,6_CACTA002,Phosphorus,Inflow,232
0.13,6_CACTA002,Phosphorus,Inflow,232
0.23,6_CACTA002,Phosphorus,Inflow,232
0.28,6_CACTA002,Phosphorus,Inflow,233
0.13,6_CACTA002,Phosphorus,Inflow,233
0.29,6_CACTA002,Phosphorus,Inflow,233
0.1,6_CACTA002,Phosphorus,Inflow,233
0.14,6_CACTA002,Phosphorus,Inflow,233
0.14,6_CACTA002,Phosphorus,Inflow,234
0.24,6_CACTA002,Phosphorus,Inflow,234
0.28,6_CACTA002,Phosphorus,Inflow,234
0.23,6_CACTA002,Phosphorus,Inflow,234
0.13,6_CACTA002,Phosphorus,Inflow,234
0.28,6_CACTA002,Phosphorus,Inflow,235
0.29,6_CACTA002,Phosphorus,Inflow,235
0.14,6_CACTA002,Phosphorus,Inflow,235
0.06,6_CACTA002,Phosphorus,Inflow,235
0.18,6_CACTA002,Phosphorus,Inflow,235
0.12,6_CACTA002,Phosphorus,Inflow,236
0.06,6_CACTA002,Phosphorus,Inflow,236
0.13,6_CACTA002,Phosphorus,Inflow,236
0.28,6_CACTA002,Phosphorus,Inflow,236
0.34,6_CACTA002,Phosphorus,Inflow,236
0.12,6_CACTA002,Phosphorus,Inflow,237
0.18,6_CACTA002,Phosphorus,Inflow,237
0.13,6_CACTA002,Phosphorus,Inflow,237
0.23,6_CACTA002,Phosphorus,Inflow,237
0.13,6_CACTA002,Phosphorus,Inflow,237
0.28,6_CACTA002,Phosphorus,Inflow,238
0.13,6_CACTA002,Phosphorus,Inflow,238
0.1,6_CACTA002,Phosphorus,Inflow,238
0.29,6_CACTA002,Phosphorus,Inflow,238
0.14,6_CACTA002,Phosphorus,Inflow,238
0.25,6_CACTA002,Phosphorus,Inflow,239
0.13,6_CACTA002,Phosphorus,Inflow,239
0.13,6_CACTA002,Phosphorus,Inflow,239
0.24,6_CACTA002,Phosphorus,Inflow,239
0.23,6_CACTA002,Phosphorus,Inflow,239
0.13,6_CACTA002,Phosphorus,Inflow,240
0.18,6_CACTA002,Phosphorus,Inflow,240
0.28,6_CACTA002,Phosphorus,Inflow,240
0.23,6_CACTA002,Phosphorus,Inflow,240
0.25,6_CACTA002,Phosphorus,Inflow,240
0.13,6_CACTA002,Phosphorus,Inflow,241
0.08,6_CACTA002,Phosphorus,Inflow,241
0.12,6_CACTA002,Phosphorus,Inflow,241
0.13,6_CACTA002,Phosphorus,Inflow,241
0.1,6_CACTA002,Phosphorus,Inflow,241
0.28,6_CACTA002,Phosphorus,Inflow,242
0.24,6_CACTA002,Phosphorus,Inflow,242
0.1,6_CACTA002,Phosphorus,Inflow,242
0.28,6_CACTA002,Phosphorus,Inflow,242
0.25,6_CACTA002,Phosphorus,Inflow,242
0.18,6_CACTA002,Phosphorus,Inflow,243
0.34,6_CACTA002,Phosphorus,Inflow,243
0.12,6_CACTA002,Phosphorus,Inflow,243
0.08,6_CACTA002,Phosphorus,Inflow,243
0.25,6_CACTA002,Phosphorus,Inflow,243
0.24,6_CACTA002,Phosphorus,Inflow,244
0.28,6_CACTA002,Phosphorus,Inflow,244
0.13,6_CACTA002,Phosphorus,Inflow,244
0.29,6_CACTA002,Phosphorus,Inflow,244
0.1,6_CACTA002,Phosphorus,Inflow,244
0.14,6_CACTA002,Phosphorus,Inflow,245
0.13,6_CACTA002,Phosphorus,Inflow,245
0.34,6_CACTA002,Phosphorus,Inflow,245
0.06,6_CACTA002,Phosphorus,Inflow,245
0.13,6_CACTA002,Phosphorus,Inflow,245
0.14,6_CACTA002,Phosphorus,Inflow,246
0.28,6_CACTA002,Phosphorus,Inflow,246
0.13,6_CACTA002,Phosphorus,Inflow,246
0.13,6_CACTA002,Phosphorus,Inflow,246
0.18,6_CACTA002,Phosphorus,Inflow,246
0.06,6_CACTA002,Phosphorus,Inflow,247
0.14,6_CACTA002,Phosphorus,Inflow,247
0.13,6_CACTA002,Phosphorus,Inflow,247
0.08,6_CACTA002,Phosphorus,Inflow,247
0.28,6_CACTA002,Phosphorus,Inflow,247
0.18,6_CACTA002,Phosphorus,Inflow,248
0.28,6_CACTA002,Phosphorus,Inflow,248
0.25,6_CACTA002,Phosphorus,Inflow,248
0.13,6_CACTA002,Phosphorus,Inflow,248
0.08,6_CACTA002,Phosphorus,Inflow,248
0.29,6_CACTA002,Phosphorus,Inflow,249
0.13,6_CACTA002,Phosphorus,Inflow,249
0.25,6_CACTA002,Phosphorus,Inflow,249
0.06,6_CACTA002,Phosphorus,Inflow,249
0.13,6_CACTA002,Phosphorus,Inflow,249
0.24,6_CACTA002,Phosphorus,Inflow,250
0.12,6_CACTA002,Phosphorus,Inflow,250
0.23,6_CACTA002,Phosphorus,Inflow,250
0.06,6_CACTA002,Phosphorus,Inflow,250
0.13,6_CACTA002,Phosphorus,Inflow,250
0.18,6_CACTA002,Phosphorus,Inflow,251
0.29,6_CACTA002,Phosphorus,Inflow,251
0.06,6_CACTA002,Phosphorus,Inflow,251
0.28,6_CACTA002,Phosphorus,Inflow,251
0.14,6_CACTA002,Phosphorus,Inflow,251
0.1,6_CACTA002,Phosphorus,Inflow,252
0.18,6_CACTA002,Phosphorus,Inflow,252
0.13,6_CACTA002,Phosphorus,Inflow,252
0.28,6_CACTA002,Phosphorus,Inflow,252
0.08,6_CACTA002,Phosphorus,Inflow,252
0.14,6_CACTA002,Phosphorus,Inflow,253
0.29,6_CACTA002,Phosphorus,Inflow,253
0.28,6_CACTA002,Phosphorus,Inflow,253
0.28,6_CACTA002,Phosphorus,Inflow,253
0.08,6_CACTA002,Phosphorus,Inflow,253
0.18,6_CACTA002,Phosphorus,Inflow,254
0.14,6_CACTA002,Phosphorus,Inflow,254
0.24,6_CACTA002,Phosphorus,Inflow,254
0.25,6_CACTA002,Phosphorus,Inflow,254
0.23,6_CACTA002,Phosphorus,Inflow,254
0.12,6_CACTA002,Phosphorus,Inflow,255
0.06,6_CACTA002,Phosphorus,Inflow,255
0.29,6_CACTA002,Phosphorus,Inflow,255
0.28,6_CACTA002,Phosphorus,Inflow,255
0.13,6_CACTA002,Phosphorus,Inflow,255
0.25,6_CACTA002,Phosphorus,Inflow,256
0.28,6_CACTA002,Phosphorus,Inflow,256
0.23,6_CACTA002,Phosphorus,Inflow,256
0.12,6_CACTA002,Phosphorus,Inflow,256
0.13,6_CACTA002,Phosphorus,Inflow,256
0.1,6_CACTA002,Phosphorus,Inflow,257
0.06,6_CACTA002,Phosphorus,Inflow,257
0.23,6_CACTA002,Phosphorus,Inflow,257
0.18,6_CACTA002,Phosphorus,Inflow,257
0.13,6_CACTA002,Phosphorus,Inflow,257
0.1,6_CACTA002,Phosphorus,Inflow,258
0.13,6_CACTA002,Phosphorus,Inflow,258
0.13,6_CACTA002,Phosphorus,Inflow,258
0.13,6_CACTA002,Phosphorus,Inflow,258
0.08,6_CACTA002,Phosphorus,Inflow,258
0.13,6_CACTA002,Phosphorus,Inflow,259
0.28,6_CACTA002,Phosphorus,Inflow,259
0.06,6_CACTA002,Phosphorus,Inflow,259
0.25,6_CACTA002,Phosphorus,Inflow,259
0.23,6_CACTA002,Phosphorus,Inflow,259
0.13,6_CACTA002,Phosphorus,Inflow,260
0.25,6_CACTA002,Phosphorus,Inflow,260
0.24,6_CACTA002,Phosphorus,Inflow,260
0.28,6_CACTA002,Phosphorus,Inflow,260
0.08,6_CACTA002,Phosphorus,Inflow,260
0.28,6_CACTA002,Phosphorus,Inflow,261
0.06,6_CACTA002,Phosphorus,Inflow,261
0.34,6_CACTA002,Phosphorus,Inflow,261
0.23,6_CACTA002,Phosphorus,Inflow,261
0.28,6_CACTA002,Phosphorus,Inflow,261
0.23,6_CACTA002,Phosphorus,Inflow,262
0.28,6_CACTA002,Phosphorus,Inflow,262
0.29,6_CACTA002,Phosphorus,Inflow,262
0.1,6_CACTA002,Phosphorus,Inflow,262
0.34,6_CACTA002,Phosphorus,Inflow,262
0.13,6_CACTA002,Phosphorus,Inflow,263
0.13,6_CACTA002,Phosphorus,Inflow,263
0.1,6_CACTA002,Phosphorus,Inflow,263
0.12,6_CACTA002,Phosphorus,Inflow,263
0.28,6_CACTA002,Phosphorus,Inflow,263
0.23,6_CACTA002,Phosphorus,Inflow,264
0.1,6_CACTA002,Phosphorus,Inflow,264
0.08,6_CACTA002,Phosphorus,Inflow,264
0.06,6_CACTA002,Phosphorus,Inflow,264
0.13,6_CACTA002,Phosphorus,Inflow,264
0.06,6_CACTA002,Phosphorus,Inflow,265
0.08,6_CACTA002,Phosphorus,Inflow,265
0.12,6_CACTA002,Phosphorus,Inflow,265
0.13,6_CACTA002,Phosphorus,Inflow,265
0.29,6_CACTA002,Phosphorus,Inflow,265
0.28,6_CACTA002,Phosphorus,Inflow,266
0.13,6_CACTA002,Phosphorus,Inflow,266
0.28,6_CACTA002,Phosphorus,Inflow,266
0.06,6_CACTA002,Phosphorus,Inflow,266
0.24,6_CACTA002,Phosphorus,Inflow,266
0.08,6_CACTA002,Phosphorus,Inflow,267
0.14,6_CACTA002,Phosphorus,Inflow,267
0.25,6_CACTA002,Phosphorus,Inflow,267
0.18,6_CACTA002,Phosphorus,Inflow,267
0.06,6_CACTA002,Phosphorus,Inflow,267
0.08,6_CACTA002,Phosphorus,Inflow,268
0.06,6_CACTA002,Phosphorus,Inflow,268
0.13,6_CACTA002,Phosphorus,Inflow,268
0.1,6_CACTA002,Phosphorus,Inflow,268
0.28,6_CACTA002,Phosphorus,Inflow,268
0.1,6_CACTA002,Phosphorus,Inflow,269
0.13,6_CACTA002,Phosphorus,Inflow,269
0.28,6_CACTA002,Phosphorus,Inflow,269
0.25,6_CACTA002,Phosphorus,Inflow,269
0.13,6_CACTA002,Phosphorus,Inflow,269
0.23,6_CACTA002,Phosphorus,Inflow,270
0.12,6_CACTA002,Phosphorus,Inflow,270
0.18,6_CACTA002,Phosphorus,Inflow,270
0.13,6_CACTA002,Phosphorus,Inflow,270
0.29,6_CACTA002,Phosphorus,Inflow,270
0.24,6_CACTA002,Phosphorus,Inflow,271
0.1,6_CACTA002,Phosphorus,Inflow,271
0.13,6_CACTA002,Phosphorus,Inflow,271
0.25,6_CACTA002,Phosphorus,Inflow,271
0.23,6_CACTA002,Phosphorus,Inflow,271
0.06,6_CACTA002,Phosphorus,Inflow,272
0.28,6_CACTA002,Phosphorus,Inflow,272
0.24,6_CACTA002,Phosphorus,Inflow,272
0.13,6_CACTA002,Phosphorus,Inflow,272
0.25,6_CACTA002,Phosphorus,Inflow,272
0.13,6_CACTA002,Phosphorus,Inflow,273
0.28,6_CACTA002,Phosphorus,Inflow,273
0.13,6_CACTA002,Phosphorus,Inflow,273
0.34,6_CACTA002,Phosphorus,Inflow,273
0.23,6_CACTA002,Phosphorus,Inflow,273
0.08,6_CACTA002,Phosphorus,Inflow,274
0.25,6_CACTA002,Phosphorus,Inflow,274
0.28,6_CACTA002,Phosphorus,Inflow,274
0.13,6_CACTA002,Phosphorus,Inflow,274
0.24,6_CACTA002,Phosphorus,Inflow,274
0.06,6_CACTA002,Phosphorus,Inflow,275
0.12,6_CACTA002,Phosphorus,Inflow,275
0.13,6_CACTA002,Phosphorus,Inflow,275
0.28,6_CACTA002,Phosphorus,Inflow,275
0.13,6_CACTA002,Phosphorus,Inflow,275
0.28,6_CACTA002,Phosphorus,Inflow,276
0.29,6_CACTA002,Phosphorus,Inflow,276
0.14,6_CACTA002,Phosphorus,Inflow,276
0.13,6_CACTA002,Phosphorus,Inflow,276
0.06,6_CACTA002,Phosphorus,Inflow,276
0.28,6_CACTA002,Phosphorus,Inflow,277
0.12,6_CACTA002,Phosphorus,Inflow,277
0.18,6_CACTA002,Phosphorus,Inflow,277
0.08,6_CACTA002,Phosphorus,Inflow,277
0.25,6_CACTA002,Phosphorus,Inflow,277
0.18,6_CACTA002,Phosphorus,Inflow,278
0.06,6_CACTA002,Phosphorus,Inflow,278
0.13,6_CACTA002,Phosphorus,Inflow,278
0.1,6_CACTA002,Phosphorus,Inflow,278
0.13,6_CACTA002,Phosphorus,Inflow,278
0.14,6_CACTA002,Phosphorus,Inflow,279
0.18,6_CACTA002,Phosphorus,Inflow,279
0.34,6_CACTA002,Phosphorus,Inflow,279
0.06,6_CACTA002,Phosphorus,Inflow,279
0.25,6_CACTA002,Phosphorus,Inflow,279
0.23,6_CACTA002,Phosphorus,Inflow,280
0.08,6_CACTA002,Phosphorus,Inflow,280
0.1,6_CACTA002,Phosphorus,Inflow,280
0.18,6_CACTA002,Phosphorus,Inflow,280
0.28,6_CACTA002,Phosphorus,Inflow,280
0.28,6_CACTA002,Phosphorus,Inflow,281
0.18,6_CACTA002,Phosphorus,Inflow,281
0.13,6_CACTA002,Phosphorus,Inflow,281
0.08,6_CACTA002,Phosphorus,Inflow,281
0.28,6_CACTA002,Phosphorus,Inflow,281
0.14,6_CACTA002,Phosphorus,Inflow,282
0.13,6_CACTA002,Phosphorus,Inflow,282
0.13,6_CACTA002,Phosphorus,Inflow,282
0.1,6_CACTA002,Phosphorus,Inflow,282
0.29,6_CACTA002,Phosphorus,Inflow,282
0.06,6_CACTA002,Phosphorus,Inflow,283
0.13,6_CACTA002,Phosphorus,Inflow,283
0.18,6_CACTA002,Phosphorus,Inflow,283
0.29,6_CACTA002,Phosphorus,Inflow,283
0.28,6_CACTA002,Phosphorus,Inflow,283
0.14,6_CACTA002,Phosphorus,Inflow,284
0.28,6_CACTA002,Phosphorus,Inflow,284
0.06,6_CACTA002,Phosphorus,Inflow,284
0.1,6_CACTA002,Phosphorus,Inflow,284
0.13,6_CACTA002,Phosphorus,Inflow,284
0.25,6_CACTA002,Phosphorus,Inflow,285
0.29,6_CACTA002,Phosphorus,Inflow,285
0.06,6_CACTA002,Phosphorus,Inflow,285
0.34,6_CACTA002,Phosphorus,Inflow,285
0.24,6_CACTA002,Phosphorus,Inflow,285
0.06,6_CACTA002,Phosphorus,Inflow,286
0.08,6_CACTA002,Phosphorus,Inflow,286
0.24,6_CACTA002,Phosphorus,Inflow,286
0.12,6_CACTA002,Phosphorus,Inflow,286
0.14,6_CACTA002,Phosphorus,Inflow,286
0.28,6_CACTA002,Phosphorus,Inflow,287
0.08,6_CACTA002,Phosphorus,Inflow,287
0.24,6_CACTA002,Phosphorus,Inflow,287
0.12,6_CACTA002,Phosphorus,Inflow,287
0.13,6_CACTA002,Phosphorus,Inflow,287
0.13,6_CACTA002,Phosphorus,Inflow,288
0.14,6_CACTA002,Phosphorus,Inflow,288
0.24,6_CACTA002,Phosphorus,Inflow,288
0.28,6_CACTA002,Phosphorus,Inflow,288
0.18,6_CACTA002,Phosphorus,Inflow,288
0.13,6_CACTA002,Phosphorus,Inflow,289
0.12,6_CACTA002,Phosphorus,Inflow,289
0.08,6_CACTA002,Phosphorus,Inflow,289
0.13,6_CACTA002,Phosphorus,Inflow,289
0.28,6_CACTA002,Phosphorus,Inflow,289
0.18,6_CACTA002,Phosphorus,Inflow,290
0.13,6_CACTA002,Phosphorus,Inflow,290
0.29,6_CACTA002,Phosphorus,Inflow,290
0.13,6_CACTA002,Phosphorus,Inflow,290
0.24,6_CACTA002,Phosphorus,Inflow,290
0.24,6_CACTA002,Phosphorus,Inflow,291
0.28,6_CACTA002,Phosphorus,Inflow,291
0.12,6_CACTA002,Phosphorus,Inflow,291
0.25,6_CACTA002,Phosphorus,Inflow,291
0.29,6_CACTA002,Phosphorus,Inflow,291
0.34,6_CACTA002,Phosphorus,Inflow,292
0.13,6_CACTA002,Phosphorus,Inflow,292
0.28,6_CACTA002,Phosphorus,Inflow,292
0.28,6_CACTA002,Phosphorus,Inflow,292
0.12,6_CACTA002,Phosphorus,Inflow,292
0.28,6_CACTA002,Phosphorus,Inflow,293
0.18,6_CACTA002,Phosphorus,Inflow,293
0.13,6_CACTA002,Phosphorus,Inflow,293
0.25,6_CACTA002,Phosphorus,Inflow,293
0.1,6_CACTA002,Phosphorus,Inflow,293
0.18,6_CACTA002,Phosphorus,Inflow,294
0.34,6_CACTA002,Phosphorus,Inflow,294
0.13,6_CACTA002,Phosphorus,Inflow,294
0.23,6_CACTA002,Phosphorus,Inflow,294
0.29,6_CACTA002,Phosphorus,Inflow,294
0.06,6_CACTA002,Phosphorus,Inflow,295
0.18,6_CACTA002,Phosphorus,Inflow,295
0.28,6_CACTA002,Phosphorus,Inflow,295
0.28,6_CACTA002,Phosphorus,Inflow,295
0.29,6_CACTA002,Phosphorus,Inflow,295
0.1,6_CACTA002,Phosphorus,Inflow,296
0.14,6_CACTA002,Phosphorus,Inflow,296
0.25,6_CACTA002,Phosphorus,Inflow,296
0.06,6_CACTA002,Phosphorus,Inflow,296
0.12,6_CACTA002,Phosphorus,Inflow,296
0.24,6_CACTA002,Phosphorus,Inflow,297
0.28,6_CACTA002,Phosphorus,Inflow,297
0.25,6_CACTA002,Phosphorus,Inflow,297
0.14,6_CACTA002,Phosphorus,Inflow,297
0.1,6_CACTA002,Phosphorus,Inflow,297
0.12,6_CACTA002,Phosphorus,Inflow,298
0.06,6_CACTA002,Phosphorus,Inflow,298
0.28,6_CACTA002,Phosphorus,Inflow,298
0.24,6_CACTA002,Phosphorus,Inflow,298
0.14,6_CACTA002,Phosphorus,Inflow,298
0.14,6_CACTA002,Phosphorus,Inflow,299
0.08,6_CACTA002,Phosphorus,Inflow,299
0.12,6_CACTA002,Phosphorus,Inflow,299
0.28,6_CACTA002,Phosphorus,Inflow,299
0.13,6_CACTA002,Phosphorus,Inflow,299
0.13,6_CACTA002,Phosphorus,Inflow,300
0.13,6_CACTA002,Phosphorus,Inflow,300
0.34,6_CACTA002,Phosphorus,Inflow,300
0.24,6_CACTA002,Phosphorus,Inflow,300
0.08,6_CACTA002,Phosphorus,Inflow,300
0.24,6_CACTA002,Phosphorus,Inflow,301
0.14,6_CACTA002,Phosphorus,Inflow,301
0.23,6_CACTA002,Phosphorus,Inflow,301
0.1,6_CACTA002,Phosphorus,Inflow,301
0.25,6_CACTA002,Phosphorus,Inflow,301
0.1,6_CACTA002,Phosphorus,Inflow,302
0.12,6_CACTA002,Phosphorus,Inflow,302
0.13,6_CACTA002,Phosphorus,Inflow,302
0.29,6_CACTA002,Phosphorus,Inflow,302
0.34,6_CACTA002,Phosphorus,Inflow,302
0.34,6_CACTA002,Phosphorus,Inflow,303
0.1,6_CACTA002,Phosphorus,Inflow,303
0.13,6_CACTA002,Phosphorus,Inflow,303
0.23,6_CACTA002,Phosphorus,Inflow,303
0.29,6_CACTA002,Phosphorus,Inflow,303
0.18,6_CACTA002,Phosphorus,Inflow,304
0.28,6_CACTA002,Phosphorus,Inflow,304
0.28,6_CACTA002,Phosphorus,Inflow,304
0.13,6_CACTA002,Phosphorus,Inflow,304
0.12,6_CACTA002,Phosphorus,Inflow,304
0.28,6_CACTA002,Phosphorus,Inflow,305
0.13,6_CACTA002,Phosphorus,Inflow,305
0.14,6_CACTA002,Phosphorus,Inflow,305
0.18,6_CACTA002,Phosphorus,Inflow,305
0.25,6_CACTA002,Phosphorus,Inflow,305
0.29,6_CACTA002,Phosphorus,Inflow,306
0.28,6_CACTA002,Phosphorus,Inflow,306
0.23,6_CACTA002,Phosphorus,Inflow,306
0.34,6_CACTA002,Phosphorus,Inflow,306
0.13,6_CACTA002,Phosphorus,Inflow,306
0.06,6_CACTA002,Phosphorus,Inflow,307
0.34,6_CACTA002,Phosphorus,Inflow,307
0.13,6_CACTA002,Phosphorus,Inflow,307
0.12,6_CACTA002,Phosphorus,Inflow,307
0.23,6_CACTA002,Phosphorus,Inflow,307
0.12,6_CACTA002,Phosphorus,Inflow,308
0.08,6_CACTA002,Phosphorus,Inflow,308
0.28,6_CACTA002,Phosphorus,Inflow,308
0.13,6_CACTA002,Phosphorus,Inflow,308
0.13,6_CACTA002,Phosphorus,Inflow,308
0.28,6_CACTA002,Phosphorus,Inflow,309
0.25,6_CACTA002,Phosphorus,Inflow,309
0.13,6_CACTA002,Phosphorus,Inflow,309
0.13,6_CACTA002,Phosphorus,Inflow,309
0.29,6_CACTA002,Phosphorus,Inflow,309
0.28,6_CACTA002,Phosphorus,Inflow,310
0.18,6_CACTA002,Phosphorus,Inflow,310
0.13,6_CACTA002,Phosphorus,Inflow,310
0.08,6_CACTA002,Phosphorus,Inflow,310
0.29,6_CACTA002,Phosphorus,Inflow,310
0.23,6_CACTA002,Phosphorus,Inflow,311
0.18,6_CACTA002,Phosphorus,Inflow,311
0.29,6_CACTA002,Phosphorus,Inflow,311
0.06,6_CACTA002,Phosphorus,Inflow,311
0.13,6_CACTA002,Phosphorus,Inflow,311
0.1,6_CACTA002,Phosphorus,Inflow,312
0.18,6_CACTA002,Phosphorus,Inflow,312
0.06,6_CACTA002,Phosphorus,Inflow,312
0.12,6_CACTA002,Phosphorus,Inflow,312
0.13,6_CACTA002,Phosphorus,Inflow,312
0.06,6_CACTA002,Phosphorus,Inflow,313
0.24,6_CACTA002,Phosphorus,Inflow,313
0.28,6_CACTA002,Phosphorus,Inflow,313
0.1,6_CACTA002,Phosphorus,Inflow,313
0.23,6_CACTA002,Phosphorus,Inflow,313
0.13,6_CACTA002,Phosphorus,Inflow,314
0.13,6_CACTA002,Phosphorus,Inflow,314
0.29,6_CACTA002,Phosphorus,Inflow,314
0.24,6_CACTA002,Phosphorus,Inflow,314
0.13,6_CACTA002,Phosphorus,Inflow,314
0.34,6_CACTA002,Phosphorus,Inflow,315
0.13,6_CACTA002,Phosphorus,Inflow,315
0.28,6_CACTA002,Phosphorus,Inflow,315
0.1,6_CACTA002,Phosphorus,Inflow,315
0.28,6_CACTA002,Phosphorus,Inflow,315
0.12,6_CACTA002,Phosphorus,Inflow,316
0.34,6_CACTA002,Phosphorus,Inflow,316
0.13,6_CACTA002,Phosphorus,Inflow,316
0.13,6_CACTA002,Phosphorus,Inflow,316
0.29,6_CACTA002,Phosphorus,Inflow,316
0.18,6_CACTA002,Phosphorus,Inflow,317
0.23,6_CACTA002,Phosphorus,Inflow,317
0.14,6_CACTA002,Phosphorus,Inflow,317
0.28,6_CACTA002,Phosphorus,Inflow,317
0.08,6_CACTA002,Phosphorus,Inflow,317
0.29,6_CACTA002,Phosphorus,Inflow,318
0.24,6_CACTA002,Phosphorus,Inflow,318
0.34,6_CACTA002,Phosphorus,Inflow,318
0.12,6_CACTA002,Phosphorus,Inflow,318
0.06,6_CACTA002,Phosphorus,Inflow,318
0.12,6_CACTA002,Phosphorus,Inflow,319
0.14,6_CACTA002,Phosphorus,Inflow,319
0.29,6_CACTA002,Phosphorus,Inflow,319
0.13,6_CACTA002,Phosphorus,Inflow,319
0.28,6_CACTA002,Phosphorus,Inflow,319
0.1,6_CACTA002,Phosphorus,Inflow,320
0.24,6_CACTA002,Phosphorus,Inflow,320
0.13,6_CACTA002,Phosphorus,Inflow,320
0.25,6_CACTA002,Phosphorus,Inflow,320
0.28,6_CACTA002,Phosphorus,Inflow,320
0.34,6_CACTA002,Phosphorus,Inflow,321
0.14,6_CACTA002,Phosphorus,Inflow,321
0.28,6_CACTA002,Phosphorus,Inflow,321
0.06,6_CACTA002,Phosphorus,Inflow,321
0.23,6_CACTA002,Phosphorus,Inflow,321
0.28,6_CACTA002,Phosphorus,Inflow,322
0.06,6_CACTA002,Phosphorus,Inflow,322
0.13,6_CACTA002,Phosphorus,Inflow,322
0.28,6_CACTA002,Phosphorus,Inflow,322
0.34,6_CACTA002,Phosphorus,Inflow,322
0.29,6_CACTA002,Phosphorus,Inflow,323
0.28,6_CACTA002,Phosphorus,Inflow,323
0.13,6_CACTA002,Phosphorus,Inflow,323
0.14,6_CACTA002,Phosphorus,Inflow,323
0.08,6_CACTA002,Phosphorus,Inflow,323
0.23,6_CACTA002,Phosphorus,Inflow,324
0.1,6_CACTA002,Phosphorus,Inflow,324
0.08,6_CACTA002,Phosphorus,Inflow,324
0.06,6_CACTA002,Phosphorus,Inflow,324
0.29,6_CACTA002,Phosphorus,Inflow,324
0.25,6_CACTA002,Phosphorus,Inflow,325
0.06,6_CACTA002,Phosphorus,Inflow,325
0.24,6_CACTA002,Phosphorus,Inflow,325
0.14,6_CACTA002,Phosphorus,Inflow,325
0.08,6_CACTA002,Phosphorus,Inflow,325
0.08,6_CACTA002,Phosphorus,Inflow,326
0.13,6_CACTA002,Phosphorus,Inflow,326
0.24,6_CACTA002,Phosphorus,Inflow,326
0.28,6_CACTA002,Phosphorus,Inflow,326
0.23,6_CACTA002,Phosphorus,Inflow,326
0.24,6_CACTA002,Phosphorus,Inflow,327
0.34,6_CACTA002,Phosphorus,Inflow,327
0.13,6_CACTA002,Phosphorus,Inflow,327
0.13,6_CACTA002,Phosphorus,Inflow,327
0.06,6_CACTA002,Phosphorus,Inflow,327
0.08,6_CACTA002,Phosphorus,Inflow,328
0.12,6_CACTA002,Phosphorus,Inflow,328
0.25,6_CACTA002,Phosphorus,Inflow,328
0.13,6_CACTA002,Phosphorus,Inflow,328
0.24,6_CACTA002,Phosphorus,Inflow,328
0.06,6_CACTA002,Phosphorus,Inflow,329
0.12,6_CACTA002,Phosphorus,Inflow,329
0.23,6_CACTA002,Phosphorus,Inflow,329
0.08,6_CACTA002,Phosphorus,Inflow,329
0.18,6_CACTA002,Phosphorus,Inflow,329
0.06,6_CACTA002,Phosphorus,Inflow,330
0.23,6_CACTA002,Phosphorus,Inflow,330
0.12,6_CACTA002,Phosphorus,Inflow,330
0.29,6_CACTA002,Phosphorus,Inflow,330
0.25,6_CACTA002,Phosphorus,Inflow,330
0.06,6_CACTA002,Phosphorus,Inflow,331
0.28,6_CACTA002,Phosphorus,Inflow,331
0.29,6_CACTA002,Phosphorus,Inflow,331
0.28,6_CACTA002,Phosphorus,Inflow,331
0.13,6_CACTA002,Phosphorus,Inflow,331
0.08,6_CACTA002,Phosphorus,Inflow,332
0.13,6_CACTA002,Phosphorus,Inflow,332
0.1,6_CACTA002,Phosphorus,Inflow,332
0.06,6_CACTA002,Phosphorus,Inflow,332
0.29,6_CACTA002,Phosphorus,Inflow,332
0.13,6_CACTA002,Phosphorus,Inflow,333
0.1,6_CACTA002,Phosphorus,Inflow,333
0.13,6_CACTA002,Phosphorus,Inflow,333
0.28,6_CACTA002,Phosphorus,Inflow,333
0.14,6_CACTA002,Phosphorus,Inflow,333
0.34,6_CACTA002,Phosphorus,Inflow,334
0.29,6_CACTA002,Phosphorus,Inflow,334
0.28,6_CACTA002,Phosphorus,Inflow,334
0.13,6_CACTA002,Phosphorus,Inflow,334
0.14,6_CACTA002,Phosphorus,Inflow,334
0.13,6_CACTA002,Phosphorus,Inflow,335
0.28,6_CACTA002,Phosphorus,Inflow,335
0.13,6_CACTA002,Phosphorus,Inflow,335
0.1,6_CACTA002,Phosphorus,Inflow,335
0.23,6_CACTA002,Phosphorus,Inflow,335
0.08,6_CACTA002,Phosphorus,Inflow,336
0.34,6_CACTA002,Phosphorus,Inflow,336
0.06,6_CACTA002,Phosphorus,Inflow,336
0.24,6_CACTA002,Phosphorus,Inflow,336
0.29,6_CACTA002,Phosphorus,Inflow,336
0.18,6_CACTA002,Phosphorus,Inflow,337
0.14,6_CACTA002,Phosphorus,Inflow,337
0.13,6_CACTA002,Phosphorus,Inflow,337
0.13,6_CACTA002,Phosphorus,Inflow,337
0.08,6_CACTA002,Phosphorus,Inflow,337
0.14,6_CACTA002,Phosphorus,Inflow,338
0.24,6_CACTA002,Phosphorus,Inflow,338
0.08,6_CACTA002,Phosphorus,Inflow,338
0.13,6_CACTA002,Phosphorus,Inflow,338
0.1,6_CACTA002,Phosphorus,Inflow,338
0.28,6_CACTA002,Phosphorus,Inflow,339
0.08,6_CACTA002,Phosphorus,Inflow,339
0.13,6_CACTA002,Phosphorus,Inflow,339
0.14,6_CACTA002,Phosphorus,Inflow,339
0.25,6_CACTA002,Phosphorus,Inflow,339
0.18,6_CACTA002,Phosphorus,Inflow,340
0.08,6_CACTA002,Phosphorus,Inflow,340
0.14,6_CACTA002,Phosphorus,Inflow,340
0.24,6_CACTA002,Phosphorus,Inflow,340
0.23,6_CACTA002,Phosphorus,Inflow,340
0.25,6_CACTA002,Phosphorus,Inflow,341
0.24,6_CACTA002,Phosphorus,Inflow,341
0.14,6_CACTA002,Phosphorus,Inflow,341
0.29,6_CACTA002,Phosphorus,Inflow,341
0.13,6_CACTA002,Phosphorus,Inflow,341
0.29,6_CACTA002,Phosphorus,Inflow,342
0.14,6_CACTA002,Phosphorus,Inflow,342
0.23,6_CACTA002,Phosphorus,Inflow,342
0.06,6_CACTA002,Phosphorus,Inflow,342
0.24,6_CACTA002,Phosphorus,Inflow,342
0.25,6_CACTA002,Phosphorus,Inflow,343
0.13,6_CACTA002,Phosphorus,Inflow,343
0.08,6_CACTA002,Phosphorus,Inflow,343
0.1,6_CACTA002,Phosphorus,Inflow,343
0.14,6_CACTA002,Phosphorus,Inflow,343
0.12,6_CACTA002,Phosphorus,Inflow,344
0.28,6_CACTA002,Phosphorus,Inflow,344
0.13,6_CACTA002,Phosphorus,Inflow,344
0.13,6_CACTA002,Phosphorus,Inflow,344
0.13,6_CACTA002,Phosphorus,Inflow,344
0.28,6_CACTA002,Phosphorus,Inflow,345
0.13,6_CACTA002,Phosphorus,Inflow,345
0.06,6_CACTA002,Phosphorus,Inflow,345
0.23,6_CACTA002,Phosphorus,Inflow,345
0.28,6_CACTA002,Phosphorus,Inflow,345
0.08,6_CACTA002,Phosphorus,Inflow,346
0.13,6_CACTA002,Phosphorus,Inflow,346
0.28,6_CACTA002,Phosphorus,Inflow,346
0.28,6_CACTA002,Phosphorus,Inflow,346
0.1,6_CACTA002,Phosphorus,Inflow,346
0.13,6_CACTA002,Phosphorus,Inflow,347
0.14,6_CACTA002,Phosphorus,Inflow,347
0.28,6_CACTA002,Phosphorus,Inflow,347
0.13,6_CACTA002,Phosphorus,Inflow,347
0.08,6_CACTA002,Phosphorus,Inflow,347
0.23,6_CACTA002,Phosphorus,Inflow,348
0.14,6_CACTA002,Phosphorus,Inflow,348
0.1,6_CACTA002,Phosphorus,Inflow,348
0.29,6_CACTA002,Phosphorus,Inflow,348
0.08,6_CACTA002,Phosphorus,Inflow,348
0.18,6_CACTA002,Phosphorus,Inflow,349
0.28,6_CACTA002,Phosphorus,Inflow,349
0.14,6_CACTA002,Phosphorus,Inflow,349
0.34,6_CACTA002,Phosphorus,Inflow,349
0.29,6_CACTA002,Phosphorus,Inflow,349
0.06,6_CACTA002,Phosphorus,Inflow,350
0.23,6_CACTA002,Phosphorus,Inflow,350
0.28,6_CACTA002,Phosphorus,Inflow,350
0.12,6_CACTA002,Phosphorus,Inflow,350
0.1,6_CACTA002,Phosphorus,Inflow,350
0.1,6_CACTA002,Phosphorus,Inflow,351
0.14,6_CACTA002,Phosphorus,Inflow,351
0.06,6_CACTA002,Phosphorus,Inflow,351
0.25,6_CACTA002,Phosphorus,Inflow,351
0.13,6_CACTA002,Phosphorus,Inflow,351
0.29,6_CACTA002,Phosphorus,Inflow,352
0.23,6_CACTA002,Phosphorus,Inflow,352
0.28,6_CACTA002,Phosphorus,Inflow,352
0.13,6_CACTA002,Phosphorus,Inflow,352
0.12,6_CACTA002,Phosphorus,Inflow,352
0.13,6_CACTA002,Phosphorus,Inflow,353
0.23,6_CACTA002,Phosphorus,Inflow,353
0.28,6_CACTA002,Phosphorus,Inflow,353
0.13,6_CACTA002,Phosphorus,Inflow,353
0.13,6_CACTA002,Phosphorus,Inflow,353
0.18,6_CACTA002,Phosphorus,Inflow,354
0.28,6_CACTA002,Phosphorus,Inflow,354
0.13,6_CACTA002,Phosphorus,Inflow,354
0.06,6_CACTA002,Phosphorus,Inflow,354
0.12,6_CACTA002,Phosphorus,Inflow,354
0.13,6_CACTA002,Phosphorus,Inflow,355
0.29,6_CACTA002,Phosphorus,Inflow,355
0.13,6_CACTA002,Phosphorus,Inflow,355
0.08,6_CACTA002,Phosphorus,Inflow,355
0.06,6_CACTA002,Phosphorus,Inflow,355
0.34,6_CACTA002,Phosphorus,Inflow,356
0.14,6_CACTA002,Phosphorus,Inflow,356
0.13,6_CACTA002,Phosphorus,Inflow,356
0.13,6_CACTA002,Phosphorus,Inflow,356
0.28,6_CACTA002,Phosphorus,Inflow,356
0.23,6_CACTA002,Phosphorus,Inflow,357
0.34,6_CACTA002,Phosphorus,Inflow,357
0.12,6_CACTA002,Phosphorus,Inflow,357
0.25,6_CACTA002,Phosphorus,Inflow,357
0.1,6_CACTA002,Phosphorus,Inflow,357
0.24,6_CACTA002,Phosphorus,Inflow,358
0.12,6_CACTA002,Phosphorus,Inflow,358
0.23,6_CACTA002,Phosphorus,Inflow,358
0.06,6_CACTA002,Phosphorus,Inflow,358
0.08,6_CACTA002,Phosphorus,Inflow,358
0.06,6_CACTA002,Phosphorus,Inflow,359
0.24,6_CACTA002,Phosphorus,Inflow,359
0.14,6_CACTA002,Phosphorus,Inflow,359
0.28,6_CACTA002,Phosphorus,Inflow,359
0.13,6_CACTA002,Phosphorus,Inflow,359
0.13,6_CACTA002,Phosphorus,Inflow,360
0.13,6_CACTA002,Phosphorus,Inflow,360
0.28,6_CACTA002,Phosphorus,Inflow,360
0.08,6_CACTA002,Phosphorus,Inflow,360
0.34,6_CACTA002,Phosphorus,Inflow,360
0.29,6_CACTA002,Phosphorus,Inflow,361
0.18,6_CACTA002,Phosphorus,Inflow,361
0.13,6_CACTA002,Phosphorus,Inflow,361
0.06,6_CACTA002,Phosphorus,Inflow,361
0.13,6_CACTA002,Phosphorus,Inflow,361
0.23,6_CACTA002,Phosphorus,Inflow,362
0.12,6_CACTA002,Phosphorus,Inflow,362
0.28,6_CACTA002,Phosphorus,Inflow,362
0.13,6_CACTA002,Phosphorus,Inflow,362
0.06,6_CACTA002,Phosphorus,Inflow,362
0.18,6_CACTA002,Phosphorus,Inflow,363
0.08,6_CACTA002,Phosphorus,Inflow,363
0.13,6_CACTA002,Phosphorus,Inflow,363
0.23,6_CACTA002,Phosphorus,Inflow,363
0.34,6_CACTA002,Phosphorus,Inflow,363
0.13,6_CACTA002,Phosphorus,Inflow,364
0.23,6_CACTA002,Phosphorus,Inflow,364
0.12,6_CACTA002,Phosphorus,Inflow,364
0.06,6_CACTA002,Phosphorus,Inflow,364
0.13,6_CACTA002,Phosphorus,Inflow,364
0.29,6_CACTA002,Phosphorus,Inflow,365
0.13,6_CACTA002,Phosphorus,Inflow,365
0.13,6_CACTA002,Phosphorus,Inflow,365
0.08,6_CACTA002,Phosphorus,Inflow,365
0.12,6_CACTA002,Phosphorus,Inflow,365
0.23,6_CACTA002,Phosphorus,Inflow,366
0.1,6_CACTA002,Phosphorus,Inflow,366
0.14,6_CACTA002,Phosphorus,Inflow,366
0.28,6_CACTA002,Phosphorus,Inflow,366
0.13,6_CACTA002,Phosphorus,Inflow,366
0.28,6_CACTA002,Phosphorus,Inflow,367
0.12,6_CACTA002,Phosphorus,Inflow,367
0.23,6_CACTA002,Phosphorus,Inflow,367
0.28,6_CACTA002,Phosphorus,Inflow,367
0.08,6_CACTA002,Phosphorus,Inflow,367
0.29,6_CACTA002,Phosphorus,Inflow,368
0.06,6_CACTA002,Phosphorus,Inflow,368
0.28,6_CACTA002,Phosphorus,Inflow,368
0.25,6_CACTA002,Phosphorus,Inflow,368
0.13,6_CACTA002,Phosphorus,Inflow,368
0.34,6_CACTA002,Phosphorus,Inflow,369
0.13,6_CACTA002,Phosphorus,Inflow,369
0.12,6_CACTA002,Phosphorus,Inflow,369
0.28,6_CACTA002,Phosphorus,Inflow,369
0.08,6_CACTA002,Phosphorus,Inflow,369
0.1,6_CACTA002,Phosphorus,Inflow,370
0.28,6_CACTA002,Phosphorus,Inflow,370
0.34,6_CACTA002,Phosphorus,Inflow,370
0.28,6_CACTA002,Phosphorus,Inflow,370
0.13,6_CACTA002,Phosphorus,Inflow,370
0.34,6_CACTA002,Phosphorus,Inflow,371
0.13,6_CACTA002,Phosphorus,Inflow,371
0.13,6_CACTA002,Phosphorus,Inflow,371
0.14,6_CACTA002,Phosphorus,Inflow,371
0.25,6_CACTA002,Phosphorus,Inflow,371
0.13,6_CACTA002,Phosphorus,Inflow,372
0.29,6_CACTA002,Phosphorus,Inflow,372
0.28,6_CACTA002,Phosphorus,Inflow,372
0.23,6_CACTA002,Phosphorus,Inflow,372
0.14,6_CACTA002,Phosphorus,Inflow,372
0.13,6_CACTA002,Phosphorus,Inflow,373
0.29,6_CACTA002,Phosphorus,Inflow,373
0.08,6_CACTA002,Phosphorus,Inflow,373
0.14,6_CACTA002,Phosphorus,Inflow,373
0.34,6_CACTA002,Phosphorus,Inflow,373
0.29,6_CACTA002,Phosphorus,Inflow,374
0.1,6_CACTA002,Phosphorus,Inflow,374
0.25,6_CACTA002,Phosphorus,Inflow,374
0.28,6_CACTA002,Phosphorus,Inflow,374
0.28,6_CACTA002,Phosphorus,Inflow,374
0.12,6_CACTA002,Phosphorus,Inflow,375
0.1,6_CACTA002,Phosphorus,Inflow,375
0.14,6_CACTA002,Phosphorus,Inflow,375
0.24,6_CACTA002,Phosphorus,Inflow,375
0.13,6_CACTA002,Phosphorus,Inflow,375
0.12,6_CACTA002,Phosphorus,Inflow,376
0.13,6_CACTA002,Phosphorus,Inflow,376
0.18,6_CACTA002,Phosphorus,Inflow,376
0.29,6_CACTA002,Phosphorus,Inflow,376
0.25,6_CACTA002,Phosphorus,Inflow,376
0.12,6_CACTA002,Phosphorus,Inflow,377
0.1,6_CACTA002,Phosphorus,Inflow,377
0.28,6_CACTA002,Phosphorus,Inflow,377
0.25,6_CACTA002,Phosphorus,Inflow,377
0.34,6_CACTA002,Phosphorus,Inflow,377
0.14,6_CACTA002,Phosphorus,Inflow,378
0.12,6_CACTA002,Phosphorus,Inflow,378
0.18,6_CACTA002,Phosphorus,Inflow,378
0.13,6_CACTA002,Phosphorus,Inflow,378
0.1,6_CACTA002,Phosphorus,Inflow,378
0.29,6_CACTA002,Phosphorus,Inflow,379
0.23,6_CACTA002,Phosphorus,Inflow,379
0.13,6_CACTA002,Phosphorus,Inflow,379
0.13,6_CACTA002,Phosphorus,Inflow,379
0.14,6_CACTA002,Phosphorus,Inflow,379
0.24,6_CACTA002,Phosphorus,Inflow,380
0.13,6_CACTA002,Phosphorus,Inflow,380
0.06,6_CACTA002,Phosphorus,Inflow,380
0.28,6_CACTA002,Phosphorus,Inflow,380
0.13,6_CACTA002,Phosphorus,Inflow,380
0.14,6_CACTA002,Phosphorus,Inflow,381
0.34,6_CACTA002,Phosphorus,Inflow,381
0.29,6_CACTA002,Phosphorus,Inflow,381
0.24,6_CACTA002,Phosphorus,Inflow,381
0.13,6_CACTA002,Phosphorus,Inflow,381
0.25,6_CACTA002,Phosphorus,Inflow,382
0.12,6_CACTA002,Phosphorus,Inflow,382
0.13,6_CACTA002,Phosphorus,Inflow,382
0.24,6_CACTA002,Phosphorus,Inflow,382
0.14,6_CACTA002,Phosphorus,Inflow,382
0.12,6_CACTA002,Phosphorus,Inflow,383
0.06,6_CACTA002,Phosphorus,Inflow,383
0.28,6_CACTA002,Phosphorus,Inflow,383
0.08,6_CACTA002,Phosphorus,Inflow,383
0.29,6_CACTA002,Phosphorus,Inflow,383
0.34,6_CACTA002,Phosphorus,Inflow,384
0.08,6_CACTA002,Phosphorus,Inflow,384
0.1,6_CACTA002,Phosphorus,Inflow,384
0.12,6_CACTA002,Phosphorus,Inflow,384
0.14,6_CACTA002,Phosphorus,Inflow,384
0.24,6_CACTA002,Phosphorus,Inflow,385
0.13,6_CACTA002,Phosphorus,Inflow,385
0.06,6_CACTA002,Phosphorus,Inflow,385
0.13,6_CACTA002,Phosphorus,Inflow,385
0.1,6_CACTA002,Phosphorus,Inflow,385
0.29,6_CACTA002,Phosphorus,Inflow,386
0.13,6_CACTA002,Phosphorus,Inflow,386
0.34,6_CACTA002,Phosphorus,Inflow,386
0.23,6_CACTA002,Phosphorus,Inflow,386
0.25,6_CACTA002,Phosphorus,Inflow,386
0.12,6_CACTA002,Phosphorus,Inflow,387
0.18,6_CACTA002,Phosphorus,Inflow,387
0.13,6_CACTA002,Phosphorus,Inflow,387
0.1,6_CACTA002,Phosphorus,Inflow,387
0.13,6_CACTA002,Phosphorus,Inflow,387
0.23,6_CACTA002,Phosphorus,Inflow,388
0.08,6_CACTA002,Phosphorus,Inflow,388
0.24,6_CACTA002,Phosphorus,Inflow,388
0.13,6_CACTA002,Phosphorus,Inflow,388
0.13,6_CACTA002,Phosphorus,Inflow,388
0.13,6_CACTA002,Phosphorus,Inflow,389
0.18,6_CACTA002,Phosphorus,Inflow,389
0.28,6_CACTA002,Phosphorus,Inflow,389
0.29,6_CACTA002,Phosphorus,Inflow,389
0.08,6_CACTA002,Phosphorus,Inflow,389
0.13,6_CACTA002,Phosphorus,Inflow,390
0.13,6_CACTA002,Phosphorus,Inflow,390
0.1,6_CACTA002,Phosphorus,Inflow,390
0.14,6_CACTA002,Phosphorus,Inflow,390
0.06,6_CACTA002,Phosphorus,Inflow,390
0.14,6_CACTA002,Phosphorus,Inflow,391
0.13,6_CACTA002,Phosphorus,Inflow,391
0.28,6_CACTA002,Phosphorus,Inflow,391
0.23,6_CACTA002,Phosphorus,Inflow,391
0.29,6_CACTA002,Phosphorus,Inflow,391
0.12,6_CACTA002,Phosphorus,Inflow,392
0.1,6_CACTA002,Phosphorus,Inflow,392
0.13,6_CACTA002,Phosphorus,Inflow,392
0.18,6_CACTA002,Phosphorus,Inflow,392
0.06,6_CACTA002,Phosphorus,Inflow,392
0.28,6_CACTA002,Phosphorus,Inflow,393
0.08,6_CACTA002,Phosphorus,Inflow,393
0.13,6_CACTA002,Phosphorus,Inflow,393
0.13,6_CACTA002,Phosphorus,Inflow,393
0.23,6_CACTA002,Phosphorus,Inflow,393
0.29,6_CACTA002,Phosphorus,Inflow,394
0.25,6_CACTA002,Phosphorus,Inflow,394
0.14,6_CACTA002,Phosphorus,Inflow,394
0.18,6_CACTA002,Phosphorus,Inflow,394
0.34,6_CACTA002,Phosphorus,Inflow,394
0.1,6_CACTA002,Phosphorus,Inflow,395
0.28,6_CACTA002,Phosphorus,Inflow,395
0.12,6_CACTA002,Phosphorus,Inflow,395
0.18,6_CACTA002,Phosphorus,Inflow,395
0.08,6_CACTA002,Phosphorus,Inflow,395
0.14,6_CACTA002,Phosphorus,Inflow,396
0.12,6_CACTA002,Phosphorus,Inflow,396
0.28,6_CACTA002,Phosphorus,Inflow,396
0.23,6_CACTA002,Phosphorus,Inflow,396
0.13,6_CACTA002,Phosphorus,Inflow,396
0.29,6_CACTA002,Phosphorus,Inflow,397
0.18,6_CACTA002,Phosphorus,Inflow,397
0.34,6_CACTA002,Phosphorus,Inflow,397
0.23,6_CACTA002,Phosphorus,Inflow,397
0.12,6_CACTA002,Phosphorus,Inflow,397
0.13,6_CACTA002,Phosphorus,Inflow,398
0.13,6_CACTA002,Phosphorus,Inflow,398
0.25,6_CACTA002,Phosphorus,Inflow,398
0.08,6_CACTA002,Phosphorus,Inflow,398
0.24,6_CACTA002,Phosphorus,Inflow,398
0.13,6_CACTA002,Phosphorus,Inflow,399
0.28,6_CACTA002,Phosphorus,Inflow,399
0.34,6_CACTA002,Phosphorus,Inflow,399
0.14,6_CACTA002,Phosphorus,Inflow,399
0.24,6_CACTA002,Phosphorus,Inflow,399
0.24,6_CACTA002,Phosphorus,Inflow,400
0.29,6_CACTA002,Phosphorus,Inflow,400
0.12,6_CACTA002,Phosphorus,Inflow,400
0.08,6_CACTA002,Phosphorus,Inflow,400
0.34,6_CACTA002,Phosphorus,Inflow,400
0.12,6_CACTA002,Phosphorus,Inflow,401
0.34,6_CACTA002,Phosphorus,Inflow,401
0.28,6_CACTA002,Phosphorus,Inflow,401
0.28,6_CACTA002,Phosphorus,Inflow,401
0.08,6_CACTA002,Phosphorus,Inflow,401
0.28,6_CACTA002,Phosphorus,Inflow,402
0.13,6_CACTA002,Phosphorus,Inflow,402
0.34,6_CACTA002,Phosphorus,Inflow,402
0.13,6_CACTA002,Phosphorus,Inflow,402
0.29,6_CACTA002,Phosphorus,Inflow,402
0.18,6_CACTA002,Phosphorus,Inflow,403
0.06,6_CACTA002,Phosphorus,Inflow,403
0.13,6_CACTA002,Phosphorus,Inflow,403
0.13,6_CACTA002,Phosphorus,Inflow,403
0.14,6_CACTA002,Phosphorus,Inflow,403
0.12,6_CACTA002,Phosphorus,Inflow,404
0.13,6_CACTA002,Phosphorus,Inflow,404
0.23,6_CACTA002,Phosphorus,Inflow,404
0.06,6_CACTA002,Phosphorus,Inflow,404
0.28,6_CACTA002,Phosphorus,Inflow,404
0.34,6_CACTA002,Phosphorus,Inflow,405
0.12,6_CACTA002,Phosphorus,Inflow,405
0.1,6_CACTA002,Phosphorus,Inflow,405
0.14,6_CACTA002,Phosphorus,Inflow,405
0.23,6_CACTA002,Phosphorus,Inflow,405
0.28,6_CACTA002,Phosphorus,Inflow,406
0.24,6_CACTA002,Phosphorus,Inflow,406
0.29,6_CACTA002,Phosphorus,Inflow,406
0.28,6_CACTA002,Phosphorus,Inflow,406
0.34,6_CACTA002,Phosphorus,Inflow,406
0.1,6_CACTA002,Phosphorus,Inflow,407
0.24,6_CACTA002,Phosphorus,Inflow,407
0.34,6_CACTA002,Phosphorus,Inflow,407
0.25,6_CACTA002,Phosphorus,Inflow,407
0.28,6_CACTA002,Phosphorus,Inflow,407
0.12,6_CACTA002,Phosphorus,Inflow,408
0.06,6_CACTA002,Phosphorus,Inflow,408
0.34,6_CACTA002,Phosphorus,Inflow,408
0.23,6_CACTA002,Phosphorus,Inflow,408
0.25,6_CACTA002,Phosphorus,Inflow,408
0.14,6_CACTA002,Phosphorus,Inflow,409
0.18,6_CACTA002,Phosphorus,Inflow,409
0.13,6_CACTA002,Phosphorus,Inflow,409
0.12,6_CACTA002,Phosphorus,Inflow,409
0.28,6_CACTA002,Phosphorus,Inflow,409
0.08,6_CACTA002,Phosphorus,Inflow,410
0.18,6_CACTA002,Phosphorus,Inflow,410
0.13,6_CACTA002,Phosphorus,Inflow,410
0.28,6_CACTA002,Phosphorus,Inflow,410
0.25,6_CACTA002,Phosphorus,Inflow,410
0.28,6_CACTA002,Phosphorus,Inflow,411
0.1,6_CACTA002,Phosphorus,Inflow,411
0.18,6_CACTA002,Phosphorus,Inflow,411
0.08,6_CACTA002,Phosphorus,Inflow,411
0.34,6_CACTA002,Phosphorus,Inflow,411
0.34,6_CACTA002,Phosphorus,Inflow,412
0.28,6_CACTA002,Phosphorus,Inflow,412
0.13,6_CACTA002,Phosphorus,Inflow,412
0.23,6_CACTA002,Phosphorus,Inflow,412
0.06,6_CACTA002,Phosphorus,Inflow,412
0.1,6_CACTA002,Phosphorus,Inflow,413
0.18,6_CACTA002,Phosphorus,Inflow,413
0.12,6_CACTA002,Phosphorus,Inflow,413
0.13,6_CACTA002,Phosphorus,Inflow,413
0.28,6_CACTA002,Phosphorus,Inflow,413
0.25,6_CACTA002,Phosphorus,Inflow,414
0.06,6_CACTA002,Phosphorus,Inflow,414
0.1,6_CACTA002,Phosphorus,Inflow,414
0.13,6_CACTA002,Phosphorus,Inflow,414
0.18,6_CACTA002,Phosphorus,Inflow,414
0.13,6_CACTA002,Phosphorus,Inflow,415
0.29,6_CACTA002,Phosphorus,Inflow,415
0.18,6_CACTA002,Phosphorus,Inflow,415
0.12,6_CACTA002,Phosphorus,Inflow,415
0.24,6_CACTA002,Phosphorus,Inflow,415
0.13,6_CACTA002,Phosphorus,Inflow,416
0.34,6_CACTA002,Phosphorus,Inflow,416
0.06,6_CACTA002,Phosphorus,Inflow,416
0.12,6_CACTA002,Phosphorus,Inflow,416
0.14,6_CACTA002,Phosphorus,Inflow,416
0.28,6_CACTA002,Phosphorus,Inflow,417
0.13,6_CACTA002,Phosphorus,Inflow,417
0.14,6_CACTA002,Phosphorus,Inflow,417
0.24,6_CACTA002,Phosphorus,Inflow,417
0.28,6_CACTA002,Phosphorus,Inflow,417
0.23,6_CACTA002,Phosphorus,Inflow,418
0.12,6_CACTA002,Phosphorus,Inflow,418
0.28,6_CACTA002,Phosphorus,Inflow,418
0.13,6_CACTA002,Phosphorus,Inflow,418
0.08,6_CACTA002,Phosphorus,Inflow,418
0.24,6_CACTA002,Phosphorus,Inflow,419
0.13,6_CACTA002,Phosphorus,Inflow,419
0.25,6_CACTA002,Phosphorus,Inflow,419
0.28,6_CACTA002,Phosphorus,Inflow,419
0.29,6_CACTA002,Phosphorus,Inflow,419
0.25,6_CACTA002,Phosphorus,Inflow,420
0.12,6_CACTA002,Phosphorus,Inflow,420
0.23,6_CACTA002,Phosphorus,Inflow,420
0.34,6_CACTA002,Phosphorus,Inflow,420
0.13,6_CACTA002,Phosphorus,Inflow,420
0.14,6_CACTA002,Phosphorus,Inflow,421
0.18,6_CACTA002,Phosphorus,Inflow,421
0.13,6_CACTA002,Phosphorus,Inflow,421
0.12,6_CACTA002,Phosphorus,Inflow,421
0.08,6_CACTA002,Phosphorus,Inflow,421
0.14,6_CACTA002,Phosphorus,Inflow,422
0.34,6_CACTA002,Phosphorus,Inflow,422
0.18,6_CACTA002,Phosphorus,Inflow,422
0.06,6_CACTA002,Phosphorus,Inflow,422
0.1,6_CACTA002,Phosphorus,Inflow,422
0.13,6_CACTA002,Phosphorus,Inflow,423
0.28,6_CACTA002,Phosphorus,Inflow,423
0.06,6_CACTA002,Phosphorus,Inflow,423
0.34,6_CACTA002,Phosphorus,Inflow,423
0.08,6_CACTA002,Phosphorus,Inflow,423
0.13,6_CACTA002,Phosphorus,Inflow,424
0.18,6_CACTA002,Phosphorus,Inflow,424
0.13,6_CACTA002,Phosphorus,Inflow,424
0.12,6_CACTA002,Phosphorus,Inflow,424
0.24,6_CACTA002,Phosphorus,Inflow,424
0.28,6_CACTA002,Phosphorus,Inflow,425
0.34,6_CACTA002,Phosphorus,Inflow,425
0.13,6_CACTA002,Phosphorus,Inflow,425
0.14,6_CACTA002,Phosphorus,Inflow,425
0.08,6_CACTA002,Phosphorus,Inflow,425
0.24,6_CACTA002,Phosphorus,Inflow,426
0.13,6_CACTA002,Phosphorus,Inflow,426
0.08,6_CACTA002,Phosphorus,Inflow,426
0.06,6_CACTA002,Phosphorus,Inflow,426
0.13,6_CACTA002,Phosphorus,Inflow,426
0.18,6_CACTA002,Phosphorus,Inflow,427
0.23,6_CACTA002,Phosphorus,Inflow,427
0.28,6_CACTA002,Phosphorus,Inflow,427
0.13,6_CACTA002,Phosphorus,Inflow,427
0.14,6_CACTA002,Phosphorus,Inflow,427
0.13,6_CACTA002,Phosphorus,Inflow,428
0.13,6_CACTA002,Phosphorus,Inflow,428
0.12,6_CACTA002,Phosphorus,Inflow,428
0.25,6_CACTA002,Phosphorus,Inflow,428
0.28,6_CACTA002,Phosphorus,Inflow,428
0.24,6_CACTA002,Phosphorus,Inflow,429
0.29,6_CACTA002,Phosphorus,Inflow,429
0.34,6_CACTA002,Phosphorus,Inflow,429
0.13,6_CACTA002,Phosphorus,Inflow,429
0.06,6_CACTA002,Phosphorus,Inflow,429
0.25,6_CACTA002,Phosphorus,Inflow,430
0.06,6_CACTA002,Phosphorus,Inflow,430
0.28,6_CACTA002,Phosphorus,Inflow,430
0.1,6_CACTA002,Phosphorus,Inflow,430
0.14,6_CACTA002,Phosphorus,Inflow,430
0.13,6_CACTA002,Phosphorus,Inflow,431
0.34,6_CACTA002,Phosphorus,Inflow,431
0.08,6_CACTA002,Phosphorus,Inflow,431
0.29,6_CACTA002,Phosphorus,Inflow,431
0.28,6_CACTA002,Phosphorus,Inflow,431
0.18,6_CACTA002,Phosphorus,Inflow,432
0.25,6_CACTA002,Phosphorus,Inflow,432
0.08,6_CACTA002,Phosphorus,Inflow,432
0.13,6_CACTA002,Phosphorus,Inflow,432
0.06,6_CACTA002,Phosphorus,Inflow,432
0.18,6_CACTA002,Phosphorus,Inflow,433
0.1,6_CACTA002,Phosphorus,Inflow,433
0.34,6_CACTA002,Phosphorus,Inflow,433
0.06,6_CACTA002,Phosphorus,Inflow,433
0.29,6_CACTA002,Phosphorus,Inflow,433
0.13,6_CACTA002,Phosphorus,Inflow,434
0.1,6_CACTA002,Phosphorus,Inflow,434
0.34,6_CACTA002,Phosphorus,Inflow,434
0.06,6_CACTA002,Phosphorus,Inflow,434
0.25,6_CACTA002,Phosphorus,Inflow,434
0.28,6_CACTA002,Phosphorus,Inflow,435
0.08,6_CACTA002,Phosphorus,Inflow,435
0.14,6_CACTA002,Phosphorus,Inflow,435
0.13,6_CACTA002,Phosphorus,Inflow,435
0.13,6_CACTA002,Phosphorus,Inflow,435
0.06,6_CACTA002,Phosphorus,Inflow,436
0.34,6_CACTA002,Phosphorus,Inflow,436
0.24,6_CACTA002,Phosphorus,Inflow,436
0.12,6_CACTA002,Phosphorus,Inflow,436
0.29,6_CACTA002,Phosphorus,Inflow,436
0.24,6_CACTA002,Phosphorus,Inflow,437
0.28,6_CACTA002,Phosphorus,Inflow,437
0.14,6_CACTA002,Phosphorus,Inflow,437
0.25,6_CACTA002,Phosphorus,Inflow,437
0.06,6_CACTA002,Phosphorus,Inflow,437
0.28,6_CACTA002,Phosphorus,Inflow,438
0.24,6_CACTA002,Phosphorus,Inflow,438
0.06,6_CACTA002,Phosphorus,Inflow,438
0.13,6_CACTA002,Phosphorus,Inflow,438
0.34,6_CACTA002,Phosphorus,Inflow,438
0.29,6_CACTA002,Phosphorus,Inflow,439
0.1,6_CACTA002,Phosphorus,Inflow,439
0.23,6_CACTA002,Phosphorus,Inflow,439
0.25,6_CACTA002,Phosphorus,Inflow,439
0.28,6_CACTA002,Phosphorus,Inflow,439
0.25,6_CACTA002,Phosphorus,Inflow,440
0.08,6_CACTA002,Phosphorus,Inflow,440
0.13,6_CACTA002,Phosphorus,Inflow,440
0.13,6_CACTA002,Phosphorus,Inflow,440
0.28,6_CACTA002,Phosphorus,Inflow,440
0.23,6_CACTA002,Phosphorus,Inflow,441
0.13,6_CACTA002,Phosphorus,Inflow,441
0.08,6_CACTA002,Phosphorus,Inflow,441
0.28,6_CACTA002,Phosphorus,Inflow,441
0.28,6_CACTA002,Phosphorus,Inflow,441
0.24,6_CACTA002,Phosphorus,Inflow,442
0.13,6_CACTA002,Phosphorus,Inflow,442
0.28,6_CACTA002,Phosphorus,Inflow,442
0.1,6_CACTA002,Phosphorus,Inflow,442
0.08,6_CACTA002,Phosphorus,Inflow,442
0.14,6_CACTA002,Phosphorus,Inflow,443
0.12,6_CACTA002,Phosphorus,Inflow,443
0.23,6_CACTA002,Phosphorus,Inflow,443
0.13,6_CACTA002,Phosphorus,Inflow,443
0.13,6_CACTA002,Phosphorus,Inflow,443
0.14,6_CACTA002,Phosphorus,Inflow,444
0.13,6_CACTA002,Phosphorus,Inflow,444
0.23,6_CACTA002,Phosphorus,Inflow,444
0.28,6_CACTA002,Phosphorus,Inflow,444
0.1,6_CACTA002,Phosphorus,Inflow,444
0.13,6_CACTA002,Phosphorus,Inflow,445
0.34,6_CACTA002,Phosphorus,Inflow,445
0.29,6_CACTA002,Phosphorus,Inflow,445
0.24,6_CACTA002,Phosphorus,Inflow,445
0.06,6_CACTA002,Phosphorus,Inflow,445
0.28,6_CACTA002,Phosphorus,Inflow,446
0.13,6_CACTA002,Phosphorus,Inflow,446
0.12,6_CACTA002,Phosphorus,Inflow,446
0.14,6_CACTA002,Phosphorus,Inflow,446
0.34,6_CACTA002,Phosphorus,Inflow,446
0.06,6_CACTA002,Phosphorus,Inflow,447
0.18,6_CACTA002,Phosphorus,Inflow,447
0.12,6_CACTA002,Phosphorus,Inflow,447
0.13,6_CACTA002,Phosphorus,Inflow,447
0.24,6_CACTA002,Phosphorus,Inflow,447
0.13,6_CACTA002,Phosphorus,Inflow,448
0.06,6_CACTA002,Phosphorus,Inflow,448
0.08,6_CACTA002,Phosphorus,Inflow,448
0.14,6_CACTA002,Phosphorus,Inflow,448
0.12,6_CACTA002,Phosphorus,Inflow,448
0.13,6_CACTA002,Phosphorus,Inflow,449
0.18,6_CACTA002,Phosphorus,Inflow,449
0.1,6_CACTA002,Phosphorus,Inflow,449
0.24,6_CACTA002,Phosphorus,Inflow,449
0.13,6_CACTA002,Phosphorus,Inflow,449
0.29,6_CACTA002,Phosphorus,Inflow,450
0.06,6_CACTA002,Phosphorus,Inflow,450
0.13,6_CACTA002,Phosphorus,Inflow,450
0.13,6_CACTA002,Phosphorus,Inflow,450
0.25,6_CACTA002,Phosphorus,Inflow,450
0.29,6_CACTA002,Phosphorus,Inflow,451
0.23,6_CACTA002,Phosphorus,Inflow,451
0.13,6_CACTA002,Phosphorus,Inflow,451
0.24,6_CACTA002,Phosphorus,Inflow,451
0.14,6_CACTA002,Phosphorus,Inflow,451
0.28,6_CACTA002,Phosphorus,Inflow,452
0.06,6_CACTA002,Phosphorus,Inflow,452
0.14,6_CACTA002,Phosphorus,Inflow,452
0.12,6_CACTA002,Phosphorus,Inflow,452
0.1,6_CACTA002,Phosphorus,Inflow,452
0.08,6_CACTA002,Phosphorus,Inflow,453
0.13,6_CACTA002,Phosphorus,Inflow,453
0.28,6_CACTA002,Phosphorus,Inflow,453
0.25,6_CACTA002,Phosphorus,Inflow,453
0.23,6_CACTA002,Phosphorus,Inflow,453
0.34,6_CACTA002,Phosphorus,Inflow,454
0.06,6_CACTA002,Phosphorus,Inflow,454
0.1,6_CACTA002,Phosphorus,Inflow,454
0.13,6_CACTA002,Phosphorus,Inflow,454
0.18,6_CACTA002,Phosphorus,Inflow,454
0.18,6_CACTA002,Phosphorus,Inflow,455
0.14,6_CACTA002,Phosphorus,Inflow,455
0.28,6_CACTA002,Phosphorus,Inflow,455
0.06,6_CACTA002,Phosphorus,Inflow,455
0.13,6_CACTA002,Phosphorus,Inflow,455
0.14,6_CACTA002,Phosphorus,Inflow,456
0.13,6_CACTA002,Phosphorus,Inflow,456
0.13,6_CACTA002,Phosphorus,Inflow,456
0.18,6_CACTA002,Phosphorus,Inflow,456
0.23,6_CACTA002,Phosphorus,Inflow,456
0.12,6_CACTA002,Phosphorus,Inflow,457
0.18,6_CACTA002,Phosphorus,Inflow,457
0.25,6_CACTA002,Phosphorus,Inflow,457
0.06,6_CACTA002,Phosphorus,Inflow,457
0.23,6_CACTA002,Phosphorus,Inflow,457
0.18,6_CACTA002,Phosphorus,Inflow,458
0.08,6_CACTA002,Phosphorus,Inflow,458
0.29,6_CACTA002,Phosphorus,Inflow,458
0.1,6_CACTA002,Phosphorus,Inflow,458
0.13,6_CACTA002,Phosphorus,Inflow,458
0.14,6_CACTA002,Phosphorus,Inflow,459
0.25,6_CACTA002,Phosphorus,Inflow,459
0.06,6_CACTA002,Phosphorus,Inflow,459
0.28,6_CACTA002,Phosphorus,Inflow,459
0.1,6_CACTA002,Phosphorus,Inflow,459
0.29,6_CACTA002,Phosphorus,Inflow,460
0.13,6_CACTA002,Phosphorus,Inflow,460
0.34,6_CACTA002,Phosphorus,Inflow,460
0.28,6_CACTA002,Phosphorus,Inflow,460
0.25,6_CACTA002,Phosphorus,Inflow,460
0.1,6_CACTA002,Phosphorus,Inflow,461
0.25,6_CACTA002,Phosphorus,Inflow,461
0.18,6_CACTA002,Phosphorus,Inflow,461
0.08,6_CACTA002,Phosphorus,Inflow,461
0.28,6_CACTA002,Phosphorus,Inflow,461
0.08,6_CACTA002,Phosphorus,Inflow,462
0.13,6_CACTA002,Phosphorus,Inflow,462
0.13,6_CACTA002,Phosphorus,Inflow,462
0.14,6_CACTA002,Phosphorus,Inflow,462
0.23,6_CACTA002,Phosphorus,Inflow,462
0.29,6_CACTA002,Phosphorus,Inflow,463
0.06,6_CACTA002,Phosphorus,Inflow,463
0.08,6_CACTA002,Phosphorus,Inflow,463
0.24,6_CACTA002,Phosphorus,Inflow,463
0.14,6_CACTA002,Phosphorus,Inflow,463
0.13,6_CACTA002,Phosphorus,Inflow,464
0.06,6_CACTA002,Phosphorus,Inflow,464
0.08,6_CACTA002,Phosphorus,Inflow,464
0.24,6_CACTA002,Phosphorus,Inflow,464
0.18,6_CACTA002,Phosphorus,Inflow,464
0.1,6_CACTA002,Phosphorus,Inflow,465
0.18,6_CACTA002,Phosphorus,Inflow,465
0.25,6_CACTA002,Phosphorus,Inflow,465
0.23,6_CACTA002,Phosphorus,Inflow,465
0.14,6_CACTA002,Phosphorus,Inflow,465
0.18,6_CACTA002,Phosphorus,Inflow,466
0.23,6_CACTA002,Phosphorus,Inflow,466
0.08,6_CACTA002,Phosphorus,Inflow,466
0.13,6_CACTA002,Phosphorus,Inflow,466
0.13,6_CACTA002,Phosphorus,Inflow,466
0.28,6_CACTA002,Phosphorus,Inflow,467
0.13,6_CACTA002,Phosphorus,Inflow,467
0.18,6_CACTA002,Phosphorus,Inflow,467
0.23,6_CACTA002,Phosphorus,Inflow,467
0.25,6_CACTA002,Phosphorus,Inflow,467
0.08,6_CACTA002,Phosphorus,Inflow,468
0.29,6_CACTA002,Phosphorus,Inflow,468
0.18,6_CACTA002,Phosphorus,Inflow,468
0.13,6_CACTA002,Phosphorus,Inflow,468
0.14,6_CACTA002,Phosphorus,Inflow,468
0.1,6_CACTA002,Phosphorus,Inflow,469
0.34,6_CACTA002,Phosphorus,Inflow,469
0.14,6_CACTA002,Phosphorus,Inflow,469
0.18,6_CACTA002,Phosphorus,Inflow,469
0.08,6_CACTA002,Phosphorus,Inflow,469
0.1,6_CACTA002,Phosphorus,Inflow,470
0.08,6_CACTA002,Phosphorus,Inflow,470
0.25,6_CACTA002,Phosphorus,Inflow,470
0.29,6_CACTA002,Phosphorus,Inflow,470
0.23,6_CACTA002,Phosphorus,Inflow,470
0.18,6_CACTA002,Phosphorus,Inflow,471
0.34,6_CACTA002,Phosphorus,Inflow,471
0.1,6_CACTA002,Phosphorus,Inflow,471
0.25,6_CACTA002,Phosphorus,Inflow,471
0.13,6_CACTA002,Phosphorus,Inflow,471
0.28,6_CACTA002,Phosphorus,Inflow,472
0.14,6_CACTA002,Phosphorus,Inflow,472
0.13,6_CACTA002,Phosphorus,Inflow,472
0.34,6_CACTA002,Phosphorus,Inflow,472
0.06,6_CACTA002,Phosphorus,Inflow,472
0.28,6_CACTA002,Phosphorus,Inflow,473
0.28,6_CACTA002,Phosphorus,Inflow,473
0.12,6_CACTA002,Phosphorus,Inflow,473
0.25,6_CACTA002,Phosphorus,Inflow,473
0.34,6_CACTA002,Phosphorus,Inflow,473
0.25,6_CACTA002,Phosphorus,Inflow,474
0.28,6_CACTA002,Phosphorus,Inflow,474
0.18,6_CACTA002,Phosphorus,Inflow,474
0.23,6_CACTA002,Phosphorus,Inflow,474
0.08,6_CACTA002,Phosphorus,Inflow,474
0.08,6_CACTA002,Phosphorus,Inflow,475
0.23,6_CACTA002,Phosphorus,Inflow,475
0.28,6_CACTA002,Phosphorus,Inflow,475
0.24,6_CACTA002,Phosphorus,Inflow,475
0.12,6_CACTA002,Phosphorus,Inflow,475
0.06,6_CACTA002,Phosphorus,Inflow,476
0.24,6_CACTA002,Phosphorus,Inflow,476
0.08,6_CACTA002,Phosphorus,Inflow,476
0.29,6_CACTA002,Phosphorus,Inflow,476
0.34,6_CACTA002,Phosphorus,Inflow,476
0.13,6_CACTA002,Phosphorus,Inflow,477
0.29,6_CACTA002,Phosphorus,Inflow,477
0.24,6_CACTA002,Phosphorus,Inflow,477
0.13,6_CACTA002,Phosphorus,Inflow,477
0.1,6_CACTA002,Phosphorus,Inflow,477
0.34,6_CACTA002,Phosphorus,Inflow,478
0.14,6_CACTA002,Phosphorus,Inflow,478
0.28,6_CACTA002,Phosphorus,Inflow,478
0.25,6_CACTA002,Phosphorus,Inflow,478
0.13,6_CACTA002,Phosphorus,Inflow,478
0.12,6_CACTA002,Phosphorus,Inflow,479
0.08,6_CACTA002,Phosphorus,Inflow,479
0.28,6_CACTA002,Phosphorus,Inflow,479
0.13,6_CACTA002,Phosphorus,Inflow,479
0.24,6_CACTA002,Phosphorus,Inflow,479
0.34,6_CACTA002,Phosphorus,Inflow,480
0.12,6_CACTA002,Phosphorus,Inflow,480
0.1,6_CACTA002,Phosphorus,Inflow,480
0.08,6_CACTA002,Phosphorus,Inflow,480
0.24,6_CACTA002,Phosphorus,Inflow,480
0.06,6_CACTA002,Phosphorus,Inflow,481
0.29,6_CACTA002,Phosphorus,Inflow,481
0.25,6_CACTA002,Phosphorus,Inflow,481
0.34,6_CACTA002,Phosphorus,Inflow,481
0.18,6_CACTA002,Phosphorus,Inflow,481
0.06,6_CACTA002,Phosphorus,Inflow,482
0.13,6_CACTA002,Phosphorus,Inflow,482
0.08,6_CACTA002,Phosphorus,Inflow,482
0.28,6_CACTA002,Phosphorus,Inflow,482
0.25,6_CACTA002,Phosphorus,Inflow,482
0.28,6_CACTA002,Phosphorus,Inflow,483
0.08,6_CACTA002,Phosphorus,Inflow,483
0.28,6_CACTA002,Phosphorus,Inflow,483
0.13,6_CACTA002,Phosphorus,Inflow,483
0.12,6_CACTA002,Phosphorus,Inflow,483
0.08,6_CACTA002,Phosphorus,Inflow,484
0.13,6_CACTA002,Phosphorus,Inflow,484
0.28,6_CACTA002,Phosphorus,Inflow,484
0.1,6_CACTA002,Phosphorus,Inflow,484
0.13,6_CACTA002,Phosphorus,Inflow,484
0.13,6_CACTA002,Phosphorus,Inflow,485
0.08,6_CACTA002,Phosphorus,Inflow,485
0.14,6_CACTA002,Phosphorus,Inflow,485
0.13,6_CACTA002,Phosphorus,Inflow,485
0.13,6_CACTA002,Phosphorus,Inflow,485
0.25,6_CACTA002,Phosphorus,Inflow,486
0.28,6_CACTA002,Phosphorus,Inflow,486
0.12,6_CACTA002,Phosphorus,Inflow,486
0.08,6_CACTA002,Phosphorus,Inflow,486
0.29,6_CACTA002,Phosphorus,Inflow,486
0.13,6_CACTA002,Phosphorus,Inflow,487
0.18,6_CACTA002,Phosphorus,Inflow,487
0.28,6_CACTA002,Phosphorus,Inflow,487
0.24,6_CACTA002,Phosphorus,Inflow,487
0.08,6_CACTA002,Phosphorus,Inflow,487
0.12,6_CACTA002,Phosphorus,Inflow,488
0.29,6_CACTA002,Phosphorus,Inflow,488
0.24,6_CACTA002,Phosphorus,Inflow,488
0.13,6_CACTA002,Phosphorus,Inflow,488
0.13,6_CACTA002,Phosphorus,Inflow,488
0.34,6_CACTA002,Phosphorus,Inflow,489
0.23,6_CACTA002,Phosphorus,Inflow,489
0.25,6_CACTA002,Phosphorus,Inflow,489
0.08,6_CACTA002,Phosphorus,Inflow,489
0.18,6_CACTA002,Phosphorus,Inflow,489
0.08,6_CACTA002,Phosphorus,Inflow,490
0.18,6_CACTA002,Phosphorus,Inflow,490
0.24,6_CACTA002,Phosphorus,Inflow,490
0.12,6_CACTA002,Phosphorus,Inflow,490
0.13,6_CACTA002,Phosphorus,Inflow,490
0.14,6_CACTA002,Phosphorus,Inflow,491
0.25,6_CACTA002,Phosphorus,Inflow,491
0.28,6_CACTA002,Phosphorus,Inflow,491
0.12,6_CACTA002,Phosphorus,Inflow,491
0.08,6_CACTA002,Phosphorus,Inflow,491
0.24,6_CACTA002,Phosphorus,Inflow,492
0.1,6_CACTA002,Phosphorus,Inflow,492
0.13,6_CACTA002,Phosphorus,Inflow,492
0.34,6_CACTA002,Phosphorus,Inflow,492
0.18,6_CACTA002,Phosphorus,Inflow,492
0.1,6_CACTA002,Phosphorus,Inflow,493
0.13,6_CACTA002,Phosphorus,Inflow,493
0.18,6_CACTA002,Phosphorus,Inflow,493
0.28,6_CACTA002,Phosphorus,Inflow,493
0.13,6_CACTA002,Phosphorus,Inflow,493
0.12,6_CACTA002,Phosphorus,Inflow,494
0.29,6_CACTA002,Phosphorus,Inflow,494
0.34,6_CACTA002,Phosphorus,Inflow,494
0.14,6_CACTA002,Phosphorus,Inflow,494
0.25,6_CACTA002,Phosphorus,Inflow,494
0.13,6_CACTA002,Phosphorus,Inflow,495
0.13,6_CACTA002,Phosphorus,Inflow,495
0.08,6_CACTA002,Phosphorus,Inflow,495
0.14,6_CACTA002,Phosphorus,Inflow,495
0.1,6_CACTA002,Phosphorus,Inflow,495
0.12,6_CACTA002,Phosphorus,Inflow,496
0.29,6_CACTA002,Phosphorus,Inflow,496
0.18,6_CACTA002,Phosphorus,Inflow,496
0.24,6_CACTA002,Phosphorus,Inflow,496
0.13,6_CACTA002,Phosphorus,Inflow,496
0.18,6_CACTA002,Phosphorus,Inflow,497
0.34,6_CACTA002,Phosphorus,Inflow,497
0.08,6_CACTA002,Phosphorus,Inflow,497
0.1,6_CACTA002,Phosphorus,Inflow,497
0.13,6_CACTA002,Phosphorus,Inflow,497
0.14,6_CACTA002,Phosphorus,Inflow,498
0.24,6_CACTA002,Phosphorus,Inflow,498
0.12,6_CACTA002,Phosphorus,Inflow,498
0.13,6_CACTA002,Phosphorus,Inflow,498
0.06,6_CACTA002,Phosphorus,Inflow,498
0.13,6_CACTA002,Phosphorus,Inflow,499
0.28,6_CACTA002,Phosphorus,Inflow,499
0.12,6_CACTA002,Phosphorus,Inflow,499
0.18,6_CACTA002,Phosphorus,Inflow,499
0.13,6_CACTA002,Phosphorus,Inflow,499
0.23,6_CACTA002,Phosphorus,Inflow,500
0.34,6_CACTA002,Phosphorus,Inflow,500
0.12,6_CACTA002,Phosphorus,Inflow,500
0.14,6_CACTA002,Phosphorus,Inflow,500
0.13,6_CACTA002,Phosphorus,Inflow,500
