EMC,Location,Analyte,Flow,Run
0.08,6_CACTA002,Phosphorus,Inflow,1
0.29,6_CACTA002,Phosphorus,Inflow,1
0.25,6_CACTA002,Phosphorus,Inflow,1
0.24,6_CACTA002,Phosphorus,Inflow,1
0.12,6_CACTA002,Phosphorus,Inflow,1
0.13,6_CACTA002,Phosphorus,Inflow,2
0.29,6_CACTA002,Phosphorus,Inflow,2
0.12,6_CACTA002,Phosphorus,Inflow,2
0.14,6_CACTA002,Phosphorus,Inflow,2
0.1,6_CACTA002,Phosphorus,Inflow,2
0.29,6_CACTA002,Phosphorus,Inflow,3
0.12,6_CACTA002,Phosphorus,Inflow,3
0.34,6_CACTA002,Phosphorus,Inflow,3
0.13,6_CACTA002,Phosphorus,Inflow,3
0.28,6_CACTA002,Phosphorus,Inflow,3
0.29,6_CACTA002,Phosphorus,Inflow,4
0.18,6_CACTA002,Phosphorus,Inflow,4
0.28,6_CACTA002,Phosphorus,Inflow,4
0.13,6_CACTA002,Phosphorus,Inflow,4
0.24,6_CACTA002,Phosphorus,Inflow,4
0.13,6_CACTA002,Phosphorus,Inflow,5
0.1,6_CACTA002,Phosphorus,Inflow,5
0.13,6_CACTA002,Phosphorus,Inflow,5
0.34,6_CACTA002,Phosphorus,Inflow,5
0.28,6_CACTA002,Phosphorus,Inflow,5
0.18,6_CACTA002,Phosphorus,Inflow,6
0.28,6_CACTA002,Phosphorus,Inflow,6
0.28,6_CACTA002,Phosphorus,Inflow,6
0.24,6_CACTA002,Phosphorus,Inflow,6
0.12,6_CACTA002,Phosphorus,Inflow,6
0.08,6_CACTA002,Phosphorus,Inflow,7
0.29,6_CACTA002,Phosphorus,Inflow,7
0.28,6_CACTA002,Phosphorus,Inflow,7
0.28,6_CACTA002,Phosphorus,Inflow,7
0.14,6_CACTA002,Phosphorus,Inflow,7
0.14,6_CACTA002,Phosphorus,Inflow,8
0.13,6_CACTA002,Phosphorus,Inflow,8
0.13,6_CACTA002,Phosphorus,Inflow,8
0.29,6_CACTA002,Phosphorus,Inflow,8
0.28,6_CACTA002,Phosphorus,Inflow,8
0.08,6_CACTA002,Phosphorus,Inflow,9
0.23,6_CACTA002,Phosphorus,Inflow,9
0.1,6_CACTA002,Phosphorus,Inflow,9
0.28,6_CACTA002,Phosphorus,Inflow,9
0.13,6_CACTA002,Phosphorus,Inflow,9
0.14,6_CACTA002,Phosphorus,Inflow,10
0.24,6_CACTA002,Phosphorus,Inflow,10
0.13,6_CACTA002,Phosphorus,Inflow,10
0.13,6_CACTA002,Phosphorus,Inflow,10
0.28,6_CACTA002,Phosphorus,Inflow,10
0.28,6_CACTA002,Phosphorus,Inflow,11
0.13,6_CACTA002,Phosphorus,Inflow,11
0.18,6_CACTA002,Phosphorus,Inflow,11
0.29,6_CACTA002,Phosphorus,Inflow,11
0.34,6_CACTA002,Phosphorus,Inflow,11
0.23,6_CACTA002,Phosphorus,Inflow,12
0.12,6_CACTA002,Phosphorus,Inflow,12
0.34,6_CACTA002,Phosphorus,Inflow,12
0.06,6_CACTA002,Phosphorus,Inflow,12
0.18,6_CACTA002,Phosphorus,Inflow,12
0.13,6_CACTA002,Phosphorus,Inflow,13
0.24,6_CACTA002,Phosphorus,Inflow,13
0.08,6_CACTA002,Phosphorus,Inflow,13
0.1,6_CACTA002,Phosphorus,Inflow,13
0.34,6_CACTA002,Phosphorus,Inflow,13
0.28,6_CACTA002,Phosphorus,Inflow,14
0.18,6_CACTA002,Phosphorus,Inflow,14
0.29,6_CACTA002,Phosphorus,Inflow,14
0.14,6_CACTA002,Phosphorus,Inflow,14
0.1,6_CACTA002,Phosphorus,Inflow,14
0.08,6_CACTA002,Phosphorus,Inflow,15
0.13,6_CACTA002,Phosphorus,Inflow,15
0.28,6_CACTA002,Phosphorus,Inflow,15
0.1,6_CACTA002,Phosphorus,Inflow,15
0.12,6_CACTA002,Phosphorus,Inflow,15
0.1,6_CACTA002,Phosphorus,Inflow,16
0.08,6_CACTA002,Phosphorus,Inflow,16
0.25,6_CACTA002,Phosphorus,Inflow,16
0.13,6_CACTA002,Phosphorus,Inflow,16
0.18,6_CACTA002,Phosphorus,Inflow,16
0.18,6_CACTA002,Phosphorus,Inflow,17
0.06,6_CACTA002,Phosphorus,Inflow,17
0.23,6_CACTA002,Phosphorus,Inflow,17
0.25,6_CACTA002,Phosphorus,Inflow,17
0.1,6_CACTA002,Phosphorus,Inflow,17
0.12,6_CACTA002,Phosphorus,Inflow,18
0.29,6_CACTA002,Phosphorus,Inflow,18
0.23,6_CACTA002,Phosphorus,Inflow,18
0.25,6_CACTA002,Phosphorus,Inflow,18
0.1,6_CACTA002,Phosphorus,Inflow,18
0.13,6_CACTA002,Phosphorus,Inflow,19
0.18,6_CACTA002,Phosphorus,Inflow,19
0.08,6_CACTA002,Phosphorus,Inflow,19
0.1,6_CACTA002,Phosphorus,Inflow,19
0.25,6_CACTA002,Phosphorus,Inflow,19
0.06,6_CACTA002,Phosphorus,Inflow,20
0.24,6_CACTA002,Phosphorus,Inflow,20
0.1,6_CACTA002,Phosphorus,Inflow,20
0.18,6_CACTA002,Phosphorus,Inflow,20
0.34,6_CACTA002,Phosphorus,Inflow,20
0.08,6_CACTA002,Phosphorus,Inflow,21
0.06,6_CACTA002,Phosphorus,Inflow,21
0.13,6_CACTA002,Phosphorus,Inflow,21
0.12,6_CACTA002,Phosphorus,Inflow,21
0.24,6_CACTA002,Phosphorus,Inflow,21
0.29,6_CACTA002,Phosphorus,Inflow,22
0.06,6_CACTA002,Phosphorus,Inflow,22
0.12,6_CACTA002,Phosphorus,Inflow,22
0.14,6_CACTA002,Phosphorus,Inflow,22
0.34,6_CACTA002,Phosphorus,Inflow,22
0.13,6_CACTA002,Phosphorus,Inflow,23
0.13,6_CACTA002,Phosphorus,Inflow,23
0.28,6_CACTA002,Phosphorus,Inflow,23
0.25,6_CACTA002,Phosphorus,Inflow,23
0.06,6_CACTA002,Phosphorus,Inflow,23
0.14,6_CACTA002,Phosphorus,Inflow,24
0.34,6_CACTA002,Phosphorus,Inflow,24
0.28,6_CACTA002,Phosphorus,Inflow,24
0.13,6_CACTA002,Phosphorus,Inflow,24
0.08,6_CACTA002,Phosphorus,Inflow,24
0.24,6_CACTA002,Phosphorus,Inflow,25
0.1,6_CACTA002,Phosphorus,Inflow,25
0.14,6_CACTA002,Phosphorus,Inflow,25
0.13,6_CACTA002,Phosphorus,Inflow,25
0.29,6_CACTA002,Phosphorus,Inflow,25
0.23,6_CACTA002,Phosphorus,Inflow,26
0.34,6_CACTA002,Phosphorus,Inflow,26
0.06,6_CACTA002,Phosphorus,Inflow,26
0.08,6_CACTA002,Phosphorus,Inflow,26
0.12,6_CACTA002,Phosphorus,Inflow,26
0.08,6_CACTA002,Phosphorus,Inflow,27
0.23,6_CACTA002,Phosphorus,Inflow,27
0.12,6_CACTA002,Phosphorus,Inflow,27
0.13,6_CACTA002,Phosphorus,Inflow,27
0.1,6_CACTA002,Phosphorus,Inflow,27
0.1,6_CACTA002,Phosphorus,Inflow,28
0.13,6_CACTA002,Phosphorus,Inflow,28
0.28,6_CACTA002,Phosphorus,Inflow,28
0.06,6_CACTA002,Phosphorus,Inflow,28
0.34,6_CACTA002,Phosphorus,Inflow,28
0.08,6_CACTA002,Phosphorus,Inflow,29
0.18,6_CACTA002,Phosphorus,Inflow,29
0.13,6_CACTA002,Phosphorus,Inflow,29
0.1,6_CACTA002,Phosphorus,Inflow,29
0.29,6_CACTA002,Phosphorus,Inflow,29
0.14,6_CACTA002,Phosphorus,Inflow,30
0.1,6_CACTA002,Phosphorus,Inflow,30
0.23,6_CACTA002,Phosphorus,Inflow,30
0.13,6_CACTA002,Phosphorus,Inflow,30
0.08,6_CACTA002,Phosphorus,Inflow,30
0.06,6_CACTA002,Phosphorus,Inflow,31
0.13,6_CACTA002,Phosphorus,Inflow,31
0.12,6_CACTA002,Phosphorus,Inflow,31
0.1,6_CACTA002,Phosphorus,Inflow,31
0.18,6_CACTA002,Phosphorus,Inflow,31
0.34,6_CACTA002,Phosphorus,Inflow,32
0.12,6_CACTA002,Phosphorus,Inflow,32
0.24,6_CACTA002,Phosphorus,Inflow,32
0.08,6_CACTA002,Phosphorus,Inflow,32
0.06,6_CACTA002,Phosphorus,Inflow,32
0.18,6_CACTA002,Phosphorus,Inflow,33
0.29,6_CACTA002,Phosphorus,Inflow,33
0.1,6_CACTA002,Phosphorus,Inflow,33
0.28,6_CACTA002,Phosphorus,Inflow,33
0.08,6_CACTA002,Phosphorus,Inflow,33
0.13,6_CACTA002,Phosphorus,Inflow,34
0.14,6_CACTA002,Phosphorus,Inflow,34
0.12,6_CACTA002,Phosphorus,Inflow,34
0.13,6_CACTA002,Phosphorus,Inflow,34
0.25,6_CACTA002,Phosphorus,Inflow,34
0.24,6_CACTA002,Phosphorus,Inflow,35
0.14,6_CACTA002,Phosphorus,Inflow,35
0.06,6_CACTA002,Phosphorus,Inflow,35
0.28,6_CACTA002,Phosphorus,Inflow,35
0.12,6_CACTA002,Phosphorus,Inflow,35
0.08,6_CACTA002,Phosphorus,Inflow,36
0.06,6_CACTA002,Phosphorus,Inflow,36
0.29,6_CACTA002,Phosphorus,Inflow,36
0.14,6_CACTA002,Phosphorus,Inflow,36
0.18,6_CACTA002,Phosphorus,Inflow,36
0.13,6_CACTA002,Phosphorus,Inflow,37
0.29,6_CACTA002,Phosphorus,Inflow,37
0.28,6_CACTA002,Phosphorus,Inflow,37
0.14,6_CACTA002,Phosphorus,Inflow,37
0.08,6_CACTA002,Phosphorus,Inflow,37
0.28,6_CACTA002,Phosphorus,Inflow,38
0.13,6_CACTA002,Phosphorus,Inflow,38
0.28,6_CACTA002,Phosphorus,Inflow,38
0.13,6_CACTA002,Phosphorus,Inflow,38
0.1,6_CACTA002,Phosphorus,Inflow,38
0.13,6_CACTA002,Phosphorus,Inflow,39
0.14,6_CACTA002,Phosphorus,Inflow,39
0.23,6_CACTA002,Phosphorus,Inflow,39
0.13,6_CACTA002,Phosphorus,Inflow,39
0.12,6_CACTA002,Phosphorus,Inflow,39
0.23,6_CACTA002,Phosphorus,Inflow,40
0.24,6_CACTA002,Phosphorus,Inflow,40
0.13,6_CACTA002,Phosphorus,Inflow,40
0.06,6_CACTA002,Phosphorus,Inflow,40
0.08,6_CACTA002,Phosphorus,Inflow,40
0.28,6_CACTA002,Phosphorus,Inflow,41
0.13,6_CACTA002,Phosphorus,Inflow,41
0.18,6_CACTA002,Phosphorus,Inflow,41
0.28,6_CACTA002,Phosphorus,Inflow,41
0.12,6_CACTA002,Phosphorus,Inflow,41
0.08,6_CACTA002,Phosphorus,Inflow,42
0.29,6_CACTA002,Phosphorus,Inflow,42
0.06,6_CACTA002,Phosphorus,Inflow,42
0.25,6_CACTA002,Phosphorus,Inflow,42
0.13,6_CACTA002,Phosphorus,Inflow,42
0.28,6_CACTA002,Phosphorus,Inflow,43
0.13,6_CACTA002,Phosphorus,Inflow,43
0.13,6_CACTA002,Phosphorus,Inflow,43
0.1,6_CACTA002,Phosphorus,Inflow,43
0.18,6_CACTA002,Phosphorus,Inflow,43
0.28,6_CACTA002,Phosphorus,Inflow,44
0.1,6_CACTA002,Phosphorus,Inflow,44
0.28,6_CACTA002,Phosphorus,Inflow,44
0.14,6_CACTA002,Phosphorus,Inflow,44
0.12,6_CACTA002,Phosphorus,Inflow,44
0.08,6_CACTA002,Phosphorus,Inflow,45
0.13,6_CACTA002,Phosphorus,Inflow,45
0.28,6_CACTA002,Phosphorus,Inflow,45
0.13,6_CACTA002,Phosphorus,Inflow,45
0.18,6_CACTA002,Phosphorus,Inflow,45
0.13,6_CACTA002,Phosphorus,Inflow,46
0.24,6_CACTA002,Phosphorus,Inflow,46
0.1,6_CACTA002,Phosphorus,Inflow,46
0.25,6_CACTA002,Phosphorus,Inflow,46
0.06,6_CACTA002,Phosphorus,Inflow,46
0.24,6_CACTA002,Phosphorus,Inflow,47
0.13,6_CACTA002,Phosphorus,Inflow,47
0.18,6_CACTA002,Phosphorus,Inflow,47
0.14,6_CACTA002,Phosphorus,Inflow,47
0.13,6_CACTA002,Phosphorus,Inflow,47
0.28,6_CACTA002,Phosphorus,Inflow,48
0.24,6_CACTA002,Phosphorus,Inflow,48
0.13,6_CACTA002,Phosphorus,Inflow,48
0.1,6_CACTA002,Phosphorus,Inflow,48
0.23,6_CACTA002,Phosphorus,Inflow,48
0.18,6_CACTA002,Phosphorus,Inflow,49
0.29,6_CACTA002,Phosphorus,Inflow,49
0.23,6_CACTA002,Phosphorus,Inflow,49
0.14,6_CACTA002,Phosphorus,Inflow,49
0.08,6_CACTA002,Phosphorus,Inflow,49
0.29,6_CACTA002,Phosphorus,Inflow,50
0.14,6_CACTA002,Phosphorus,Inflow,50
0.13,6_CACTA002,Phosphorus,Inflow,50
0.23,6_CACTA002,Phosphorus,Inflow,50
0.06,6_CACTA002,Phosphorus,Inflow,50
0.14,6_CACTA002,Phosphorus,Inflow,51
0.13,6_CACTA002,Phosphorus,Inflow,51
0.13,6_CACTA002,Phosphorus,Inflow,51
0.23,6_CACTA002,Phosphorus,Inflow,51
0.29,6_CACTA002,Phosphorus,Inflow,51
0.14,6_CACTA002,Phosphorus,Inflow,52
0.12,6_CACTA002,Phosphorus,Inflow,52
0.08,6_CACTA002,Phosphorus,Inflow,52
0.1,6_CACTA002,Phosphorus,Inflow,52
0.34,6_CACTA002,Phosphorus,Inflow,52
0.1,6_CACTA002,Phosphorus,Inflow,53
0.34,6_CACTA002,Phosphorus,Inflow,53
0.08,6_CACTA002,Phosphorus,Inflow,53
0.18,6_CACTA002,Phosphorus,Inflow,53
0.14,6_CACTA002,Phosphorus,Inflow,53
0.29,6_CACTA002,Phosphorus,Inflow,54
0.23,6_CACTA002,Phosphorus,Inflow,54
0.13,6_CACTA002,Phosphorus,Inflow,54
0.25,6_CACTA002,Phosphorus,Inflow,54
0.13,6_CACTA002,Phosphorus,Inflow,54
0.08,6_CACTA002,Phosphorus,Inflow,55
0.28,6_CACTA002,Phosphorus,Inflow,55
0.28,6_CACTA002,Phosphorus,Inflow,55
0.13,6_CACTA002,Phosphorus,Inflow,55
0.14,6_CACTA002,Phosphorus,Inflow,55
0.28,6_CACTA002,Phosphorus,Inflow,56
0.13,6_CACTA002,Phosphorus,Inflow,56
0.13,6_CACTA002,Phosphorus,Inflow,56
0.1,6_CACTA002,Phosphorus,Inflow,56
0.13,6_CACTA002,Phosphorus,Inflow,56
0.14,6_CACTA002,Phosphorus,Inflow,57
0.13,6_CACTA002,Phosphorus,Inflow,57
0.23,6_CACTA002,Phosphorus,Inflow,57
0.24,6_CACTA002,Phosphorus,Inflow,57
0.13,6_CACTA002,Phosphorus,Inflow,57
0.25,6_CACTA002,Phosphorus,Inflow,58
0.14,6_CACTA002,Phosphorus,Inflow,58
0.08,6_CACTA002,Phosphorus,Inflow,58
0.23,6_CACTA002,Phosphorus,Inflow,58
0.28,6_CACTA002,Phosphorus,Inflow,58
0.18,6_CACTA002,Phosphorus,Inflow,59
0.08,6_CACTA002,Phosphorus,Inflow,59
0.1,6_CACTA002,Phosphorus,Inflow,59
0.34,6_CACTA002,Phosphorus,Inflow,59
0.13,6_CACTA002,Phosphorus,Inflow,59
0.25,6_CACTA002,Phosphorus,Inflow,60
0.18,6_CACTA002,Phosphorus,Inflow,60
0.13,6_CACTA002,Phosphorus,Inflow,60
0.28,6_CACTA002,Phosphorus,Inflow,60
0.12,6_CACTA002,Phosphorus,Inflow,60
0.13,6_CACTA002,Phosphorus,Inflow,61
0.18,6_CACTA002,Phosphorus,Inflow,61
0.12,6_CACTA002,Phosphorus,Inflow,61
0.14,6_CACTA002,Phosphorus,Inflow,61
0.23,6_CACTA002,Phosphorus,Inflow,61
0.28,6_CACTA002,Phosphorus,Inflow,62
0.13,6_CACTA002,Phosphorus,Inflow,62
0.23,6_CACTA002,Phosphorus,Inflow,62
0.13,6_CACTA002,Phosphorus,Inflow,62
0.12,6_CACTA002,Phosphorus,Inflow,62
0.13,6_CACTA002,Phosphorus,Inflow,63
0.25,6_CACTA002,Phosphorus,Inflow,63
0.34,6_CACTA002,Phosphorus,Inflow,63
0.29,6_CACTA002,Phosphorus,Inflow,63
0.08,6_CACTA002,Phosphorus,Inflow,63
0.12,6_CACTA002,Phosphorus,Inflow,64
0.34,6_CACTA002,Phosphorus,Inflow,64
0.25,6_CACTA002,Phosphorus,Inflow,64
0.13,6_CACTA002,Phosphorus,Inflow,64
0.1,6_CACTA002,Phosphorus,Inflow,64
0.1,6_CACTA002,Phosphorus,Inflow,65
0.08,6_CACTA002,Phosphorus,Inflow,65
0.34,6_CACTA002,Phosphorus,Inflow,65
0.23,6_CACTA002,Phosphorus,Inflow,65
0.29,6_CACTA002,Phosphorus,Inflow,65
0.1,6_CACTA002,Phosphorus,Inflow,66
0.25,6_CACTA002,Phosphorus,Inflow,66
0.13,6_CACTA002,Phosphorus,Inflow,66
0.18,6_CACTA002,Phosphorus,Inflow,66
0.28,6_CACTA002,Phosphorus,Inflow,66
0.28,6_CACTA002,Phosphorus,Inflow,67
0.13,6_CACTA002,Phosphorus,Inflow,67
0.29,6_CACTA002,Phosphorus,Inflow,67
0.13,6_CACTA002,Phosphorus,Inflow,67
0.1,6_CACTA002,Phosphorus,Inflow,67
0.29,6_CACTA002,Phosphorus,Inflow,68
0.13,6_CACTA002,Phosphorus,Inflow,68
0.1,6_CACTA002,Phosphorus,Inflow,68
0.34,6_CACTA002,Phosphorus,Inflow,68
0.23,6_CACTA002,Phosphorus,Inflow,68
0.13,6_CACTA002,Phosphorus,Inflow,69
0.13,6_CACTA002,Phosphorus,Inflow,69
0.14,6_CACTA002,Phosphorus,Inflow,69
0.13,6_CACTA002,Phosphorus,Inflow,69
0.1,6_CACTA002,Phosphorus,Inflow,69
0.13,6_CACTA002,Phosphorus,Inflow,70
0.18,6_CACTA002,Phosphorus,Inflow,70
0.29,6_CACTA002,Phosphorus,Inflow,70
0.14,6_CACTA002,Phosphorus,Inflow,70
0.12,6_CACTA002,Phosphorus,Inflow,70
0.14,6_CACTA002,Phosphorus,Inflow,71
0.28,6_CACTA002,Phosphorus,Inflow,71
0.28,6_CACTA002,Phosphorus,Inflow,71
0.25,6_CACTA002,Phosphorus,Inflow,71
0.24,6_CACTA002,Phosphorus,Inflow,71
0.23,6_CACTA002,Phosphorus,Inflow,72
0.13,6_CACTA002,Phosphorus,Inflow,72
0.29,6_CACTA002,Phosphorus,Inflow,72
0.18,6_CACTA002,Phosphorus,Inflow,72
0.34,6_CACTA002,Phosphorus,Inflow,72
0.24,6_CACTA002,Phosphorus,Inflow,73
0.28,6_CACTA002,Phosphorus,Inflow,73
0.34,6_CACTA002,Phosphorus,Inflow,73
0.29,6_CACTA002,Phosphorus,Inflow,73
0.28,6_CACTA002,Phosphorus,Inflow,73
0.12,6_CACTA002,Phosphorus,Inflow,74
0.23,6_CACTA002,Phosphorus,Inflow,74
0.13,6_CACTA002,Phosphorus,Inflow,74
0.29,6_CACTA002,Phosphorus,Inflow,74
0.13,6_CACTA002,Phosphorus,Inflow,74
0.12,6_CACTA002,Phosphorus,Inflow,75
0.06,6_CACTA002,Phosphorus,Inflow,75
0.08,6_CACTA002,Phosphorus,Inflow,75
0.25,6_CACTA002,Phosphorus,Inflow,75
0.24,6_CACTA002,Phosphorus,Inflow,75
0.13,6_CACTA002,Phosphorus,Inflow,76
0.08,6_CACTA002,Phosphorus,Inflow,76
0.14,6_CACTA002,Phosphorus,Inflow,76
0.28,6_CACTA002,Phosphorus,Inflow,76
0.34,6_CACTA002,Phosphorus,Inflow,76
0.13,6_CACTA002,Phosphorus,Inflow,77
0.14,6_CACTA002,Phosphorus,Inflow,77
0.28,6_CACTA002,Phosphorus,Inflow,77
0.28,6_CACTA002,Phosphorus,Inflow,77
0.29,6_CACTA002,Phosphorus,Inflow,77
0.1,6_CACTA002,Phosphorus,Inflow,78
0.06,6_CACTA002,Phosphorus,Inflow,78
0.13,6_CACTA002,Phosphorus,Inflow,78
0.23,6_CACTA002,Phosphorus,Inflow,78
0.14,6_CACTA002,Phosphorus,Inflow,78
0.13,6_CACTA002,Phosphorus,Inflow,79
0.25,6_CACTA002,Phosphorus,Inflow,79
0.29,6_CACTA002,Phosphorus,Inflow,79
0.08,6_CACTA002,Phosphorus,Inflow,79
0.06,6_CACTA002,Phosphorus,Inflow,79
0.12,6_CACTA002,Phosphorus,Inflow,80
0.23,6_CACTA002,Phosphorus,Inflow,80
0.13,6_CACTA002,Phosphorus,Inflow,80
0.28,6_CACTA002,Phosphorus,Inflow,80
0.13,6_CACTA002,Phosphorus,Inflow,80
0.29,6_CACTA002,Phosphorus,Inflow,81
0.1,6_CACTA002,Phosphorus,Inflow,81
0.13,6_CACTA002,Phosphorus,Inflow,81
0.25,6_CACTA002,Phosphorus,Inflow,81
0.23,6_CACTA002,Phosphorus,Inflow,81
0.23,6_CACTA002,Phosphorus,Inflow,82
0.13,6_CACTA002,Phosphorus,Inflow,82
0.08,6_CACTA002,Phosphorus,Inflow,82
0.28,6_CACTA002,Phosphorus,Inflow,82
0.13,6_CACTA002,Phosphorus,Inflow,82
0.1,6_CACTA002,Phosphorus,Inflow,83
0.28,6_CACTA002,Phosphorus,Inflow,83
0.13,6_CACTA002,Phosphorus,Inflow,83
0.12,6_CACTA002,Phosphorus,Inflow,83
0.23,6_CACTA002,Phosphorus,Inflow,83
0.28,6_CACTA002,Phosphorus,Inflow,84
0.25,6_CACTA002,Phosphorus,Inflow,84
0.13,6_CACTA002,Phosphorus,Inflow,84
0.29,6_CACTA002,Phosphorus,Inflow,84
0.14,6_CACTA002,Phosphorus,Inflow,84
0.06,6_CACTA002,Phosphorus,Inflow,85
0.29,6_CACTA002,Phosphorus,Inflow,85
0.28,6_CACTA002,Phosphorus,Inflow,85
0.13,6_CACTA002,Phosphorus,Inflow,85
0.24,6_CACTA002,Phosphorus,Inflow,85
0.06,6_CACTA002,Phosphorus,Inflow,86
0.14,6_CACTA002,Phosphorus,Inflow,86
0.23,6_CACTA002,Phosphorus,Inflow,86
0.13,6_CACTA002,Phosphorus,Inflow,86
0.12,6_CACTA002,Phosphorus,Inflow,86
0.06,6_CACTA002,Phosphorus,Inflow,87
0.24,6_CACTA002,Phosphorus,Inflow,87
0.12,6_CACTA002,Phosphorus,Inflow,87
0.14,6_CACTA002,Phosphorus,Inflow,87
0.18,6_CACTA002,Phosphorus,Inflow,87
0.29,6_CACTA002,Phosphorus,Inflow,88
0.13,6_CACTA002,Phosphorus,Inflow,88
0.18,6_CACTA002,Phosphorus,Inflow,88
0.1,6_CACTA002,Phosphorus,Inflow,88
0.13,6_CACTA002,Phosphorus,Inflow,88
0.24,6_CACTA002,Phosphorus,Inflow,89
0.13,6_CACTA002,Phosphorus,Inflow,89
0.1,6_CACTA002,Phosphorus,Inflow,89
0.23,6_CACTA002,Phosphorus,Inflow,89
0.28,6_CACTA002,Phosphorus,Inflow,89
0.18,6_CACTA002,Phosphorus,Inflow,90
0.23,6_CACTA002,Phosphorus,Inflow,90
0.06,6_CACTA002,Phosphorus,Inflow,90
0.34,6_CACTA002,Phosphorus,Inflow,90
0.12,6_CACTA002,Phosphorus,Inflow,90
0.29,6_CACTA002,Phosphorus,Inflow,91
0.12,6_CACTA002,Phosphorus,Inflow,91
0.1,6_CACTA002,Phosphorus,Inflow,91
0.08,6_CACTA002,Phosphorus,Inflow,91
0.13,6_CACTA002,Phosphorus,Inflow,91
0.1,6_CACTA002,Phosphorus,Inflow,92
0.29,6_CACTA002,Phosphorus,Inflow,92
0.14,6_CACTA002,Phosphorus,Inflow,92
0.18,6_CACTA002,Phosphorus,Inflow,92
0.13,6_CACTA002,Phosphorus,Inflow,92
0.13,6_CACTA002,Phosphorus,Inflow,93
0.06,6_CACTA002,Phosphorus,Inflow,93
0.14,6_CACTA002,Phosphorus,Inflow,93
0.29,6_CACTA002,Phosphorus,Inflow,93
0.12,6_CACTA002,Phosphorus,Inflow,93
0.18,6_CACTA002,Phosphorus,Inflow,94
0.08,6_CACTA002,Phosphorus,Inflow,94
0.28,6_CACTA002,Phosphorus,Inflow,94
0.34,6_CACTA002,Phosphorus,Inflow,94
0.14,6_CACTA002,Phosphorus,Inflow,94
0.1,6_CACTA002,Phosphorus,Inflow,95
0.08,6_CACTA002,Phosphorus,Inflow,95
0.29,6_CACTA002,Phosphorus,Inflow,95
0.13,6_CACTA002,Phosphorus,Inflow,95
0.24,6_CACTA002,Phosphorus,Inflow,95
0.23,6_CACTA002,Phosphorus,Inflow,96
0.13,6_CACTA002,Phosphorus,Inflow,96
0.18,6_CACTA002,Phosphorus,Inflow,96
0.12,6_CACTA002,Phosphorus,Inflow,96
0.06,6_CACTA002,Phosphorus,Inflow,96
0.29,6_CACTA002,Phosphorus,Inflow,97
0.06,6_CACTA002,Phosphorus,Inflow,97
0.1,6_CACTA002,Phosphorus,Inflow,97
0.25,6_CACTA002,Phosphorus,Inflow,97
0.28,6_CACTA002,Phosphorus,Inflow,97
0.34,6_CACTA002,Phosphorus,Inflow,98
0.28,6_CACTA002,Phosphorus,Inflow,98
0.25,6_CACTA002,Phosphorus,Inflow,98
0.24,6_CACTA002,Phosphorus,Inflow,98
0.23,6_CACTA002,Phosphorus,Inflow,98
0.08,6_CACTA002,Phosphorus,Inflow,99
0.25,6_CACTA002,Phosphorus,Inflow,99
0.28,6_CACTA002,Phosphorus,Inflow,99
0.23,6_CACTA002,Phosphorus,Inflow,99
0.06,6_CACTA002,Phosphorus,Inflow,99
0.06,6_CACTA002,Phosphorus,Inflow,100
0.29,6_CACTA002,Phosphorus,Inflow,100
0.28,6_CACTA002,Phosphorus,Inflow,100
0.12,6_CACTA002,Phosphorus,Inflow,100
0.14,6_CACTA002,Phosphorus,Inflow,100
0.12,6_CACTA002,Phosphorus,Inflow,101
0.06,6_CACTA002,Phosphorus,Inflow,101
0.08,6_CACTA002,Phosphorus,Inflow,101
0.28,6_CACTA002,Phosphorus,Inflow,101
0.18,6_CACTA002,Phosphorus,Inflow,101
0.28,6_CACTA002,Phosphorus,Inflow,102
0.12,6_CACTA002,Phosphorus,Inflow,102
0.06,6_CACTA002,Phosphorus,Inflow,102
0.18,6_CACTA002,Phosphorus,Inflow,102
0.13,6_CACTA002,Phosphorus,Inflow,102
0.18,6_CACTA002,Phosphorus,Inflow,103
0.29,6_CACTA002,Phosphorus,Inflow,103
0.13,6_CACTA002,Phosphorus,Inflow,103
0.34,6_CACTA002,Phosphorus,Inflow,103
0.23,6_CACTA002,Phosphorus,Inflow,103
0.13,6_CACTA002,Phosphorus,Inflow,104
0.23,6_CACTA002,Phosphorus,Inflow,104
0.25,6_CACTA002,Phosphorus,Inflow,104
0.13,6_CACTA002,Phosphorus,Inflow,104
0.18,6_CACTA002,Phosphorus,Inflow,104
0.13,6_CACTA002,Phosphorus,Inflow,105
0.28,6_CACTA002,Phosphorus,Inflow,105
0.12,6_CACTA002,Phosphorus,Inflow,105
0.29,6_CACTA002,Phosphorus,Inflow,105
0.06,6_CACTA002,Phosphorus,Inflow,105
0.34,6_CACTA002,Phosphorus,Inflow,106
0.12,6_CACTA002,Phosphorus,Inflow,106
0.06,6_CACTA002,Phosphorus,Inflow,106
0.28,6_CACTA002,Phosphorus,Inflow,106
0.08,6_CACTA002,Phosphorus,Inflow,106
0.12,6_CACTA002,Phosphorus,Inflow,107
0.23,6_CACTA002,Phosphorus,Inflow,107
0.1,6_CACTA002,Phosphorus,Inflow,107
0.06,6_CACTA002,Phosphorus,Inflow,107
0.14,6_CACTA002,Phosphorus,Inflow,107
0.24,6_CACTA002,Phosphorus,Inflow,108
0.29,6_CACTA002,Phosphorus,Inflow,108
0.25,6_CACTA002,Phosphorus,Inflow,108
0.23,6_CACTA002,Phosphorus,Inflow,108
0.13,6_CACTA002,Phosphorus,Inflow,108
0.28,6_CACTA002,Phosphorus,Inflow,109
0.29,6_CACTA002,Phosphorus,Inflow,109
0.13,6_CACTA002,Phosphorus,Inflow,109
0.25,6_CACTA002,Phosphorus,Inflow,109
0.23,6_CACTA002,Phosphorus,Inflow,109
0.28,6_CACTA002,Phosphorus,Inflow,110
0.23,6_CACTA002,Phosphorus,Inflow,110
0.13,6_CACTA002,Phosphorus,Inflow,110
0.13,6_CACTA002,Phosphorus,Inflow,110
0.25,6_CACTA002,Phosphorus,Inflow,110
0.12,6_CACTA002,Phosphorus,Inflow,111
0.23,6_CACTA002,Phosphorus,Inflow,111
0.28,6_CACTA002,Phosphorus,Inflow,111
0.13,6_CACTA002,Phosphorus,Inflow,111
0.29,6_CACTA002,Phosphorus,Inflow,111
0.08,6_CACTA002,Phosphorus,Inflow,112
0.23,6_CACTA002,Phosphorus,Inflow,112
0.25,6_CACTA002,Phosphorus,Inflow,112
0.24,6_CACTA002,Phosphorus,Inflow,112
0.13,6_CACTA002,Phosphorus,Inflow,112
0.18,6_CACTA002,Phosphorus,Inflow,113
0.23,6_CACTA002,Phosphorus,Inflow,113
0.06,6_CACTA002,Phosphorus,Inflow,113
0.25,6_CACTA002,Phosphorus,Inflow,113
0.24,6_CACTA002,Phosphorus,Inflow,113
0.23,6_CACTA002,Phosphorus,Inflow,114
0.28,6_CACTA002,Phosphorus,Inflow,114
0.06,6_CACTA002,Phosphorus,Inflow,114
0.24,6_CACTA002,Phosphorus,Inflow,114
0.13,6_CACTA002,Phosphorus,Inflow,114
0.13,6_CACTA002,Phosphorus,Inflow,115
0.29,6_CACTA002,Phosphorus,Inflow,115
0.25,6_CACTA002,Phosphorus,Inflow,115
0.24,6_CACTA002,Phosphorus,Inflow,115
0.28,6_CACTA002,Phosphorus,Inflow,115
0.06,6_CACTA002,Phosphorus,Inflow,116
0.24,6_CACTA002,Phosphorus,Inflow,116
0.08,6_CACTA002,Phosphorus,Inflow,116
0.13,6_CACTA002,Phosphorus,Inflow,116
0.23,6_CACTA002,Phosphorus,Inflow,116
0.14,6_CACTA002,Phosphorus,Inflow,117
0.25,6_CACTA002,Phosphorus,Inflow,117
0.08,6_CACTA002,Phosphorus,Inflow,117
0.18,6_CACTA002,Phosphorus,Inflow,117
0.24,6_CACTA002,Phosphorus,Inflow,117
0.23,6_CACTA002,Phosphorus,Inflow,118
0.1,6_CACTA002,Phosphorus,Inflow,118
0.25,6_CACTA002,Phosphorus,Inflow,118
0.28,6_CACTA002,Phosphorus,Inflow,118
0.13,6_CACTA002,Phosphorus,Inflow,118
0.13,6_CACTA002,Phosphorus,Inflow,119
0.1,6_CACTA002,Phosphorus,Inflow,119
0.25,6_CACTA002,Phosphorus,Inflow,119
0.12,6_CACTA002,Phosphorus,Inflow,119
0.13,6_CACTA002,Phosphorus,Inflow,119
0.13,6_CACTA002,Phosphorus,Inflow,120
0.18,6_CACTA002,Phosphorus,Inflow,120
0.13,6_CACTA002,Phosphorus,Inflow,120
0.12,6_CACTA002,Phosphorus,Inflow,120
0.28,6_CACTA002,Phosphorus,Inflow,120
0.13,6_CACTA002,Phosphorus,Inflow,121
0.24,6_CACTA002,Phosphorus,Inflow,121
0.08,6_CACTA002,Phosphorus,Inflow,121
0.13,6_CACTA002,Phosphorus,Inflow,121
0.13,6_CACTA002,Phosphorus,Inflow,121
0.25,6_CACTA002,Phosphorus,Inflow,122
0.08,6_CACTA002,Phosphorus,Inflow,122
0.13,6_CACTA002,Phosphorus,Inflow,122
0.34,6_CACTA002,Phosphorus,Inflow,122
0.06,6_CACTA002,Phosphorus,Inflow,122
0.13,6_CACTA002,Phosphorus,Inflow,123
0.18,6_CACTA002,Phosphorus,Inflow,123
0.28,6_CACTA002,Phosphorus,Inflow,123
0.24,6_CACTA002,Phosphorus,Inflow,123
0.29,6_CACTA002,Phosphorus,Inflow,123
0.13,6_CACTA002,Phosphorus,Inflow,124
0.29,6_CACTA002,Phosphorus,Inflow,124
0.34,6_CACTA002,Phosphorus,Inflow,124
0.08,6_CACTA002,Phosphorus,Inflow,124
0.1,6_CACTA002,Phosphorus,Inflow,124
0.34,6_CACTA002,Phosphorus,Inflow,125
0.25,6_CACTA002,Phosphorus,Inflow,125
0.12,6_CACTA002,Phosphorus,Inflow,125
0.13,6_CACTA002,Phosphorus,Inflow,125
0.23,6_CACTA002,Phosphorus,Inflow,125
0.28,6_CACTA002,Phosphorus,Inflow,126
0.24,6_CACTA002,Phosphorus,Inflow,126
0.06,6_CACTA002,Phosphorus,Inflow,126
0.28,6_CACTA002,Phosphorus,Inflow,126
0.23,6_CACTA002,Phosphorus,Inflow,126
0.29,6_CACTA002,Phosphorus,Inflow,127
0.28,6_CACTA002,Phosphorus,Inflow,127
0.1,6_CACTA002,Phosphorus,Inflow,127
0.13,6_CACTA002,Phosphorus,Inflow,127
0.06,6_CACTA002,Phosphorus,Inflow,127
0.12,6_CACTA002,Phosphorus,Inflow,128
0.25,6_CACTA002,Phosphorus,Inflow,128
0.13,6_CACTA002,Phosphorus,Inflow,128
0.29,6_CACTA002,Phosphorus,Inflow,128
0.24,6_CACTA002,Phosphorus,Inflow,128
0.08,6_CACTA002,Phosphorus,Inflow,129
0.18,6_CACTA002,Phosphorus,Inflow,129
0.29,6_CACTA002,Phosphorus,Inflow,129
0.13,6_CACTA002,Phosphorus,Inflow,129
0.28,6_CACTA002,Phosphorus,Inflow,129
0.28,6_CACTA002,Phosphorus,Inflow,130
0.14,6_CACTA002,Phosphorus,Inflow,130
0.18,6_CACTA002,Phosphorus,Inflow,130
0.1,6_CACTA002,Phosphorus,Inflow,130
0.24,6_CACTA002,Phosphorus,Inflow,130
0.12,6_CACTA002,Phosphorus,Inflow,131
0.14,6_CACTA002,Phosphorus,Inflow,131
0.06,6_CACTA002,Phosphorus,Inflow,131
0.1,6_CACTA002,Phosphorus,Inflow,131
0.13,6_CACTA002,Phosphorus,Inflow,131
0.25,6_CACTA002,Phosphorus,Inflow,132
0.1,6_CACTA002,Phosphorus,Inflow,132
0.23,6_CACTA002,Phosphorus,Inflow,132
0.29,6_CACTA002,Phosphorus,Inflow,132
0.14,6_CACTA002,Phosphorus,Inflow,132
0.13,6_CACTA002,Phosphorus,Inflow,133
0.24,6_CACTA002,Phosphorus,Inflow,133
0.08,6_CACTA002,Phosphorus,Inflow,133
0.18,6_CACTA002,Phosphorus,Inflow,133
0.12,6_CACTA002,Phosphorus,Inflow,133
0.29,6_CACTA002,Phosphorus,Inflow,134
0.23,6_CACTA002,Phosphorus,Inflow,134
0.13,6_CACTA002,Phosphorus,Inflow,134
0.13,6_CACTA002,Phosphorus,Inflow,134
0.34,6_CACTA002,Phosphorus,Inflow,134
0.25,6_CACTA002,Phosphorus,Inflow,135
0.06,6_CACTA002,Phosphorus,Inflow,135
0.28,6_CACTA002,Phosphorus,Inflow,135
0.14,6_CACTA002,Phosphorus,Inflow,135
0.12,6_CACTA002,Phosphorus,Inflow,135
0.29,6_CACTA002,Phosphorus,Inflow,136
0.18,6_CACTA002,Phosphorus,Inflow,136
0.08,6_CACTA002,Phosphorus,Inflow,136
0.14,6_CACTA002,Phosphorus,Inflow,136
0.13,6_CACTA002,Phosphorus,Inflow,136
0.13,6_CACTA002,Phosphorus,Inflow,137
0.1,6_CACTA002,Phosphorus,Inflow,137
0.13,6_CACTA002,Phosphorus,Inflow,137
0.14,6_CACTA002,Phosphorus,Inflow,137
0.25,6_CACTA002,Phosphorus,Inflow,137
0.28,6_CACTA002,Phosphorus,Inflow,138
0.25,6_CACTA002,Phosphorus,Inflow,138
0.13,6_CACTA002,Phosphorus,Inflow,138
0.29,6_CACTA002,Phosphorus,Inflow,138
0.12,6_CACTA002,Phosphorus,Inflow,138
0.28,6_CACTA002,Phosphorus,Inflow,139
0.34,6_CACTA002,Phosphorus,Inflow,139
0.18,6_CACTA002,Phosphorus,Inflow,139
0.08,6_CACTA002,Phosphorus,Inflow,139
0.25,6_CACTA002,Phosphorus,Inflow,139
0.28,6_CACTA002,Phosphorus,Inflow,140
0.28,6_CACTA002,Phosphorus,Inflow,140
0.08,6_CACTA002,Phosphorus,Inflow,140
0.13,6_CACTA002,Phosphorus,Inflow,140
0.14,6_CACTA002,Phosphorus,Inflow,140
0.06,6_CACTA002,Phosphorus,Inflow,141
0.08,6_CACTA002,Phosphorus,Inflow,141
0.13,6_CACTA002,Phosphorus,Inflow,141
0.23,6_CACTA002,Phosphorus,Inflow,141
0.14,6_CACTA002,Phosphorus,Inflow,141
0.18,6_CACTA002,Phosphorus,Inflow,142
0.1,6_CACTA002,Phosphorus,Inflow,142
0.29,6_CACTA002,Phosphorus,Inflow,142
0.25,6_CACTA002,Phosphorus,Inflow,142
0.13,6_CACTA002,Phosphorus,Inflow,142
0.25,6_CACTA002,Phosphorus,Inflow,143
0.12,6_CACTA002,Phosphorus,Inflow,143
0.13,6_CACTA002,Phosphorus,Inflow,143
0.14,6_CACTA002,Phosphorus,Inflow,143
0.13,6_CACTA002,Phosphorus,Inflow,143
0.13,6_CACTA002,Phosphorus,Inflow,144
0.06,6_CACTA002,Phosphorus,Inflow,144
0.28,6_CACTA002,Phosphorus,Inflow,144
0.34,6_CACTA002,Phosphorus,Inflow,144
0.12,6_CACTA002,Phosphorus,Inflow,144
0.14,6_CACTA002,Phosphorus,Inflow,145
0.18,6_CACTA002,Phosphorus,Inflow,145
0.25,6_CACTA002,Phosphorus,Inflow,145
0.13,6_CACTA002,Phosphorus,Inflow,145
0.24,6_CACTA002,Phosphorus,Inflow,145
0.25,6_CACTA002,Phosphorus,Inflow,146
0.28,6_CACTA002,Phosphorus,Inflow,146
0.14,6_CACTA002,Phosphorus,Inflow,146
0.28,6_CACTA002,Phosphorus,Inflow,146
0.29,6_CACTA002,Phosphorus,Inflow,146
0.1,6_CACTA002,Phosphorus,Inflow,147
0.06,6_CACTA002,Phosphorus,Inflow,147
0.18,6_CACTA002,Phosphorus,Inflow,147
0.29,6_CACTA002,Phosphorus,Inflow,147
0.14,6_CACTA002,Phosphorus,Inflow,147
0.29,6_CACTA002,Phosphorus,Inflow,148
0.18,6_CACTA002,Phosphorus,Inflow,148
0.23,6_CACTA002,Phosphorus,Inflow,148
0.14,6_CACTA002,Phosphorus,Inflow,148
0.34,6_CACTA002,Phosphorus,Inflow,148
0.13,6_CACTA002,Phosphorus,Inflow,149
0.34,6_CACTA002,Phosphorus,Inflow,149
0.28,6_CACTA002,Phosphorus,Inflow,149
0.1,6_CACTA002,Phosphorus,Inflow,149
0.12,6_CACTA002,Phosphorus,Inflow,149
0.29,6_CACTA002,Phosphorus,Inflow,150
0.13,6_CACTA002,Phosphorus,Inflow,150
0.24,6_CACTA002,Phosphorus,Inflow,150
0.28,6_CACTA002,Phosphorus,Inflow,150
0.08,6_CACTA002,Phosphorus,Inflow,150
0.29,6_CACTA002,Phosphorus,Inflow,151
0.06,6_CACTA002,Phosphorus,Inflow,151
0.18,6_CACTA002,Phosphorus,Inflow,151
0.13,6_CACTA002,Phosphorus,Inflow,151
0.24,6_CACTA002,Phosphorus,Inflow,151
0.28,6_CACTA002,Phosphorus,Inflow,152
0.06,6_CACTA002,Phosphorus,Inflow,152
0.25,6_CACTA002,Phosphorus,Inflow,152
0.13,6_CACTA002,Phosphorus,Inflow,152
0.23,6_CACTA002,Phosphorus,Inflow,152
0.13,6_CACTA002,Phosphorus,Inflow,153
0.08,6_CACTA002,Phosphorus,Inflow,153
0.29,6_CACTA002,Phosphorus,Inflow,153
0.14,6_CACTA002,Phosphorus,Inflow,153
0.12,6_CACTA002,Phosphorus,Inflow,153
0.06,6_CACTA002,Phosphorus,Inflow,154
0.12,6_CACTA002,Phosphorus,Inflow,154
0.13,6_CACTA002,Phosphorus,Inflow,154
0.14,6_CACTA002,Phosphorus,Inflow,154
0.18,6_CACTA002,Phosphorus,Inflow,154
0.34,6_CACTA002,Phosphorus,Inflow,155
0.29,6_CACTA002,Phosphorus,Inflow,155
0.23,6_CACTA002,Phosphorus,Inflow,155
0.18,6_CACTA002,Phosphorus,Inflow,155
0.28,6_CACTA002,Phosphorus,Inflow,155
0.13,6_CACTA002,Phosphorus,Inflow,156
0.23,6_CACTA002,Phosphorus,Inflow,156
0.29,6_CACTA002,Phosphorus,Inflow,156
0.1,6_CACTA002,Phosphorus,Inflow,156
0.12,6_CACTA002,Phosphorus,Inflow,156
0.06,6_CACTA002,Phosphorus,Inflow,157
0.18,6_CACTA002,Phosphorus,Inflow,157
0.34,6_CACTA002,Phosphorus,Inflow,157
0.29,6_CACTA002,Phosphorus,Inflow,157
0.23,6_CACTA002,Phosphorus,Inflow,157
0.34,6_CACTA002,Phosphorus,Inflow,158
0.25,6_CACTA002,Phosphorus,Inflow,158
0.13,6_CACTA002,Phosphorus,Inflow,158
0.23,6_CACTA002,Phosphorus,Inflow,158
0.28,6_CACTA002,Phosphorus,Inflow,158
0.12,6_CACTA002,Phosphorus,Inflow,159
0.25,6_CACTA002,Phosphorus,Inflow,159
0.13,6_CACTA002,Phosphorus,Inflow,159
0.28,6_CACTA002,Phosphorus,Inflow,159
0.24,6_CACTA002,Phosphorus,Inflow,159
0.23,6_CACTA002,Phosphorus,Inflow,160
0.06,6_CACTA002,Phosphorus,Inflow,160
0.1,6_CACTA002,Phosphorus,Inflow,160
0.25,6_CACTA002,Phosphorus,Inflow,160
0.12,6_CACTA002,Phosphorus,Inflow,160
0.14,6_CACTA002,Phosphorus,Inflow,161
0.24,6_CACTA002,Phosphorus,Inflow,161
0.28,6_CACTA002,Phosphorus,Inflow,161
0.25,6_CACTA002,Phosphorus,Inflow,161
0.1,6_CACTA002,Phosphorus,Inflow,161
0.24,6_CACTA002,Phosphorus,Inflow,162
0.34,6_CACTA002,Phosphorus,Inflow,162
0.08,6_CACTA002,Phosphorus,Inflow,162
0.12,6_CACTA002,Phosphorus,Inflow,162
0.1,6_CACTA002,Phosphorus,Inflow,162
0.28,6_CACTA002,Phosphorus,Inflow,163
0.13,6_CACTA002,Phosphorus,Inflow,163
0.24,6_CACTA002,Phosphorus,Inflow,163
0.34,6_CACTA002,Phosphorus,Inflow,163
0.12,6_CACTA002,Phosphorus,Inflow,163
0.29,6_CACTA002,Phosphorus,Inflow,164
0.18,6_CACTA002,Phosphorus,Inflow,164
0.28,6_CACTA002,Phosphorus,Inflow,164
0.12,6_CACTA002,Phosphorus,Inflow,164
0.1,6_CACTA002,Phosphorus,Inflow,164
0.13,6_CACTA002,Phosphorus,Inflow,165
0.13,6_CACTA002,Phosphorus,Inflow,165
0.28,6_CACTA002,Phosphorus,Inflow,165
0.14,6_CACTA002,Phosphorus,Inflow,165
0.25,6_CACTA002,Phosphorus,Inflow,165
0.13,6_CACTA002,Phosphorus,Inflow,166
0.24,6_CACTA002,Phosphorus,Inflow,166
0.23,6_CACTA002,Phosphorus,Inflow,166
0.1,6_CACTA002,Phosphorus,Inflow,166
0.18,6_CACTA002,Phosphorus,Inflow,166
0.13,6_CACTA002,Phosphorus,Inflow,167
0.18,6_CACTA002,Phosphorus,Inflow,167
0.06,6_CACTA002,Phosphorus,Inflow,167
0.13,6_CACTA002,Phosphorus,Inflow,167
0.12,6_CACTA002,Phosphorus,Inflow,167
0.34,6_CACTA002,Phosphorus,Inflow,168
0.13,6_CACTA002,Phosphorus,Inflow,168
0.29,6_CACTA002,Phosphorus,Inflow,168
0.18,6_CACTA002,Phosphorus,Inflow,168
0.1,6_CACTA002,Phosphorus,Inflow,168
0.24,6_CACTA002,Phosphorus,Inflow,169
0.34,6_CACTA002,Phosphorus,Inflow,169
0.28,6_CACTA002,Phosphorus,Inflow,169
0.1,6_CACTA002,Phosphorus,Inflow,169
0.06,6_CACTA002,Phosphorus,Inflow,169
0.29,6_CACTA002,Phosphorus,Inflow,170
0.13,6_CACTA002,Phosphorus,Inflow,170
0.34,6_CACTA002,Phosphorus,Inflow,170
0.28,6_CACTA002,Phosphorus,Inflow,170
0.24,6_CACTA002,Phosphorus,Inflow,170
0.06,6_CACTA002,Phosphorus,Inflow,171
0.25,6_CACTA002,Phosphorus,Inflow,171
0.28,6_CACTA002,Phosphorus,Inflow,171
0.18,6_CACTA002,Phosphorus,Inflow,171
0.13,6_CACTA002,Phosphorus,Inflow,171
0.1,6_CACTA002,Phosphorus,Inflow,172
0.14,6_CACTA002,Phosphorus,Inflow,172
0.34,6_CACTA002,Phosphorus,Inflow,172
0.29,6_CACTA002,Phosphorus,Inflow,172
0.28,6_CACTA002,Phosphorus,Inflow,172
0.13,6_CACTA002,Phosphorus,Inflow,173
0.23,6_CACTA002,Phosphorus,Inflow,173
0.12,6_CACTA002,Phosphorus,Inflow,173
0.34,6_CACTA002,Phosphorus,Inflow,173
0.18,6_CACTA002,Phosphorus,Inflow,173
0.34,6_CACTA002,Phosphorus,Inflow,174
0.1,6_CACTA002,Phosphorus,Inflow,174
0.29,6_CACTA002,Phosphorus,Inflow,174
0.06,6_CACTA002,Phosphorus,Inflow,174
0.28,6_CACTA002,Phosphorus,Inflow,174
0.29,6_CACTA002,Phosphorus,Inflow,175
0.34,6_CACTA002,Phosphorus,Inflow,175
0.24,6_CACTA002,Phosphorus,Inflow,175
0.25,6_CACTA002,Phosphorus,Inflow,175
0.1,6_CACTA002,Phosphorus,Inflow,175
0.18,6_CACTA002,Phosphorus,Inflow,176
0.14,6_CACTA002,Phosphorus,Inflow,176
0.34,6_CACTA002,Phosphorus,Inflow,176
0.25,6_CACTA002,Phosphorus,Inflow,176
0.23,6_CACTA002,Phosphorus,Inflow,176
0.06,6_CACTA002,Phosphorus,Inflow,177
0.18,6_CACTA002,Phosphorus,Inflow,177
0.23,6_CACTA002,Phosphorus,Inflow,177
0.34,6_CACTA002,Phosphorus,Inflow,177
0.14,6_CACTA002,Phosphorus,Inflow,177
0.24,6_CACTA002,Phosphorus,Inflow,178
0.14,6_CACTA002,Phosphorus,Inflow,178
0.1,6_CACTA002,Phosphorus,Inflow,178
0.13,6_CACTA002,Phosphorus,Inflow,178
0.25,6_CACTA002,Phosphorus,Inflow,178
0.06,6_CACTA002,Phosphorus,Inflow,179
0.34,6_CACTA002,Phosphorus,Inflow,179
0.13,6_CACTA002,Phosphorus,Inflow,179
0.28,6_CACTA002,Phosphorus,Inflow,179
0.25,6_CACTA002,Phosphorus,Inflow,179
0.29,6_CACTA002,Phosphorus,Inflow,180
0.13,6_CACTA002,Phosphorus,Inflow,180
0.06,6_CACTA002,Phosphorus,Inflow,180
0.08,6_CACTA002,Phosphorus,Inflow,180
0.28,6_CACTA002,Phosphorus,Inflow,180
0.34,6_CACTA002,Phosphorus,Inflow,181
0.23,6_CACTA002,Phosphorus,Inflow,181
0.28,6_CACTA002,Phosphorus,Inflow,181
0.14,6_CACTA002,Phosphorus,Inflow,181
0.13,6_CACTA002,Phosphorus,Inflow,181
0.14,6_CACTA002,Phosphorus,Inflow,182
0.23,6_CACTA002,Phosphorus,Inflow,182
0.12,6_CACTA002,Phosphorus,Inflow,182
0.13,6_CACTA002,Phosphorus,Inflow,182
0.24,6_CACTA002,Phosphorus,Inflow,182
0.1,6_CACTA002,Phosphorus,Inflow,183
0.12,6_CACTA002,Phosphorus,Inflow,183
0.25,6_CACTA002,Phosphorus,Inflow,183
0.06,6_CACTA002,Phosphorus,Inflow,183
0.23,6_CACTA002,Phosphorus,Inflow,183
0.12,6_CACTA002,Phosphorus,Inflow,184
0.1,6_CACTA002,Phosphorus,Inflow,184
0.14,6_CACTA002,Phosphorus,Inflow,184
0.08,6_CACTA002,Phosphorus,Inflow,184
0.06,6_CACTA002,Phosphorus,Inflow,184
0.08,6_CACTA002,Phosphorus,Inflow,185
0.06,6_CACTA002,Phosphorus,Inflow,185
0.14,6_CACTA002,Phosphorus,Inflow,185
0.12,6_CACTA002,Phosphorus,Inflow,185
0.13,6_CACTA002,Phosphorus,Inflow,185
0.08,6_CACTA002,Phosphorus,Inflow,186
0.28,6_CACTA002,Phosphorus,Inflow,186
0.13,6_CACTA002,Phosphorus,Inflow,186
0.13,6_CACTA002,Phosphorus,Inflow,186
0.18,6_CACTA002,Phosphorus,Inflow,186
0.12,6_CACTA002,Phosphorus,Inflow,187
0.23,6_CACTA002,Phosphorus,Inflow,187
0.13,6_CACTA002,Phosphorus,Inflow,187
0.24,6_CACTA002,Phosphorus,Inflow,187
0.06,6_CACTA002,Phosphorus,Inflow,187
0.1,6_CACTA002,Phosphorus,Inflow,188
0.13,6_CACTA002,Phosphorus,Inflow,188
0.25,6_CACTA002,Phosphorus,Inflow,188
0.34,6_CACTA002,Phosphorus,Inflow,188
0.14,6_CACTA002,Phosphorus,Inflow,188
0.14,6_CACTA002,Phosphorus,Inflow,189
0.08,6_CACTA002,Phosphorus,Inflow,189
0.24,6_CACTA002,Phosphorus,Inflow,189
0.13,6_CACTA002,Phosphorus,Inflow,189
0.12,6_CACTA002,Phosphorus,Inflow,189
0.23,6_CACTA002,Phosphorus,Inflow,190
0.13,6_CACTA002,Phosphorus,Inflow,190
0.12,6_CACTA002,Phosphorus,Inflow,190
0.06,6_CACTA002,Phosphorus,Inflow,190
0.18,6_CACTA002,Phosphorus,Inflow,190
0.12,6_CACTA002,Phosphorus,Inflow,191
0.25,6_CACTA002,Phosphorus,Inflow,191
0.06,6_CACTA002,Phosphorus,Inflow,191
0.28,6_CACTA002,Phosphorus,Inflow,191
0.28,6_CACTA002,Phosphorus,Inflow,191
0.28,6_CACTA002,Phosphorus,Inflow,192
0.06,6_CACTA002,Phosphorus,Inflow,192
0.34,6_CACTA002,Phosphorus,Inflow,192
0.25,6_CACTA002,Phosphorus,Inflow,192
0.24,6_CACTA002,Phosphorus,Inflow,192
0.13,6_CACTA002,Phosphorus,Inflow,193
0.06,6_CACTA002,Phosphorus,Inflow,193
0.34,6_CACTA002,Phosphorus,Inflow,193
0.28,6_CACTA002,Phosphorus,Inflow,193
0.18,6_CACTA002,Phosphorus,Inflow,193
0.1,6_CACTA002,Phosphorus,Inflow,194
0.28,6_CACTA002,Phosphorus,Inflow,194
0.23,6_CACTA002,Phosphorus,Inflow,194
0.24,6_CACTA002,Phosphorus,Inflow,194
0.08,6_CACTA002,Phosphorus,Inflow,194
0.28,6_CACTA002,Phosphorus,Inflow,195
0.06,6_CACTA002,Phosphorus,Inflow,195
0.13,6_CACTA002,Phosphorus,Inflow,195
0.08,6_CACTA002,Phosphorus,Inflow,195
0.23,6_CACTA002,Phosphorus,Inflow,195
0.25,6_CACTA002,Phosphorus,Inflow,196
0.13,6_CACTA002,Phosphorus,Inflow,196
0.23,6_CACTA002,Phosphorus,Inflow,196
0.24,6_CACTA002,Phosphorus,Inflow,196
0.14,6_CACTA002,Phosphorus,Inflow,196
0.06,6_CACTA002,Phosphorus,Inflow,197
0.14,6_CACTA002,Phosphorus,Inflow,197
0.13,6_CACTA002,Phosphorus,Inflow,197
0.13,6_CACTA002,Phosphorus,Inflow,197
0.28,6_CACTA002,Phosphorus,Inflow,197
0.28,6_CACTA002,Phosphorus,Inflow,198
0.13,6_CACTA002,Phosphorus,Inflow,198
0.06,6_CACTA002,Phosphorus,Inflow,198
0.24,6_CACTA002,Phosphorus,Inflow,198
0.28,6_CACTA002,Phosphorus,Inflow,198
0.29,6_CACTA002,Phosphorus,Inflow,199
0.28,6_CACTA002,Phosphorus,Inflow,199
0.24,6_CACTA002,Phosphorus,Inflow,199
0.08,6_CACTA002,Phosphorus,Inflow,199
0.25,6_CACTA002,Phosphorus,Inflow,199
0.28,6_CACTA002,Phosphorus,Inflow,200
0.14,6_CACTA002,Phosphorus,Inflow,200
0.23,6_CACTA002,Phosphorus,Inflow,200
0.13,6_CACTA002,Phosphorus,Inflow,200
0.1,6_CACTA002,Phosphorus,Inflow,200
0.24,6_CACTA002,Phosphorus,Inflow,201
0.34,6_CACTA002,Phosphorus,Inflow,201
0.23,6_CACTA002,Phosphorus,Inflow,201
0.1,6_CACTA002,Phosphorus,Inflow,201
0.25,6_CACTA002,Phosphorus,Inflow,201
0.25,6_CACTA002,Phosphorus,Inflow,202
0.29,6_CACTA002,Phosphorus,Inflow,202
0.12,6_CACTA002,Phosphorus,Inflow,202
0.28,6_CACTA002,Phosphorus,Inflow,202
0.34,6_CACTA002,Phosphorus,Inflow,202
0.25,6_CACTA002,Phosphorus,Inflow,203
0.13,6_CACTA002,Phosphorus,Inflow,203
0.06,6_CACTA002,Phosphorus,Inflow,203
0.14,6_CACTA002,Phosphorus,Inflow,203
0.34,6_CACTA002,Phosphorus,Inflow,203
0.28,6_CACTA002,Phosphorus,Inflow,204
0.06,6_CACTA002,Phosphorus,Inflow,204
0.13,6_CACTA002,Phosphorus,Inflow,204
0.24,6_CACTA002,Phosphorus,Inflow,204
0.34,6_CACTA002,Phosphorus,Inflow,204
0.08,6_CACTA002,Phosphorus,Inflow,205
0.28,6_CACTA002,Phosphorus,Inflow,205
0.23,6_CACTA002,Phosphorus,Inflow,205
0.24,6_CACTA002,Phosphorus,Inflow,205
0.34,6_CACTA002,Phosphorus,Inflow,205
0.13,6_CACTA002,Phosphorus,Inflow,206
0.18,6_CACTA002,Phosphorus,Inflow,206
0.23,6_CACTA002,Phosphorus,Inflow,206
0.06,6_CACTA002,Phosphorus,Inflow,206
0.24,6_CACTA002,Phosphorus,Inflow,206
0.1,6_CACTA002,Phosphorus,Inflow,207
0.12,6_CACTA002,Phosphorus,Inflow,207
0.13,6_CACTA002,Phosphorus,Inflow,207
0.24,6_CACTA002,Phosphorus,Inflow,207
0.28,6_CACTA002,Phosphorus,Inflow,207
0.06,6_CACTA002,Phosphorus,Inflow,208
0.18,6_CACTA002,Phosphorus,Inflow,208
0.23,6_CACTA002,Phosphorus,Inflow,208
0.14,6_CACTA002,Phosphorus,Inflow,208
0.24,6_CACTA002,Phosphorus,Inflow,208
0.18,6_CACTA002,Phosphorus,Inflow,209
0.28,6_CACTA002,Phosphorus,Inflow,209
0.25,6_CACTA002,Phosphorus,Inflow,209
0.13,6_CACTA002,Phosphorus,Inflow,209
0.12,6_CACTA002,Phosphorus,Inflow,209
0.29,6_CACTA002,Phosphorus,Inflow,210
0.12,6_CACTA002,Phosphorus,Inflow,210
0.14,6_CACTA002,Phosphorus,Inflow,210
0.13,6_CACTA002,Phosphorus,Inflow,210
0.13,6_CACTA002,Phosphorus,Inflow,210
0.28,6_CACTA002,Phosphorus,Inflow,211
0.12,6_CACTA002,Phosphorus,Inflow,211
0.29,6_CACTA002,Phosphorus,Inflow,211
0.13,6_CACTA002,Phosphorus,Inflow,211
0.34,6_CACTA002,Phosphorus,Inflow,211
0.34,6_CACTA002,Phosphorus,Inflow,212
0.13,6_CACTA002,Phosphorus,Inflow,212
0.18,6_CACTA002,Phosphorus,Inflow,212
0.23,6_CACTA002,Phosphorus,Inflow,212
0.28,6_CACTA002,Phosphorus,Inflow,212
0.18,6_CACTA002,Phosphorus,Inflow,213
0.13,6_CACTA002,Phosphorus,Inflow,213
0.29,6_CACTA002,Phosphorus,Inflow,213
0.24,6_CACTA002,Phosphorus,Inflow,213
0.06,6_CACTA002,Phosphorus,Inflow,213
0.13,6_CACTA002,Phosphorus,Inflow,214
0.28,6_CACTA002,Phosphorus,Inflow,214
0.34,6_CACTA002,Phosphorus,Inflow,214
0.24,6_CACTA002,Phosphorus,Inflow,214
0.28,6_CACTA002,Phosphorus,Inflow,214
0.12,6_CACTA002,Phosphorus,Inflow,215
0.13,6_CACTA002,Phosphorus,Inflow,215
0.28,6_CACTA002,Phosphorus,Inflow,215
0.14,6_CACTA002,Phosphorus,Inflow,215
0.25,6_CACTA002,Phosphorus,Inflow,215
0.08,6_CACTA002,Phosphorus,Inflow,216
0.12,6_CACTA002,Phosphorus,Inflow,216
0.24,6_CACTA002,Phosphorus,Inflow,216
0.28,6_CACTA002,Phosphorus,Inflow,216
0.14,6_CACTA002,Phosphorus,Inflow,216
0.08,6_CACTA002,Phosphorus,Inflow,217
0.24,6_CACTA002,Phosphorus,Inflow,217
0.12,6_CACTA002,Phosphorus,Inflow,217
0.14,6_CACTA002,Phosphorus,Inflow,217
0.13,6_CACTA002,Phosphorus,Inflow,217
0.24,6_CACTA002,Phosphorus,Inflow,218
0.18,6_CACTA002,Phosphorus,Inflow,218
0.14,6_CACTA002,Phosphorus,Inflow,218
0.34,6_CACTA002,Phosphorus,Inflow,218
0.13,6_CACTA002,Phosphorus,Inflow,218
0.13,6_CACTA002,Phosphorus,Inflow,219
0.13,6_CACTA002,Phosphorus,Inflow,219
0.23,6_CACTA002,Phosphorus,Inflow,219
0.13,6_CACTA002,Phosphorus,Inflow,219
0.18,6_CACTA002,Phosphorus,Inflow,219
0.28,6_CACTA002,Phosphorus,Inflow,220
0.34,6_CACTA002,Phosphorus,Inflow,220
0.13,6_CACTA002,Phosphorus,Inflow,220
0.1,6_CACTA002,Phosphorus,Inflow,220
0.28,6_CACTA002,Phosphorus,Inflow,220
0.12,6_CACTA002,Phosphorus,Inflow,221
0.06,6_CACTA002,Phosphorus,Inflow,221
0.23,6_CACTA002,Phosphorus,Inflow,221
0.28,6_CACTA002,Phosphorus,Inflow,221
0.13,6_CACTA002,Phosphorus,Inflow,221
0.14,6_CACTA002,Phosphorus,Inflow,222
0.13,6_CACTA002,Phosphorus,Inflow,222
0.24,6_CACTA002,Phosphorus,Inflow,222
0.13,6_CACTA002,Phosphorus,Inflow,222
0.29,6_CACTA002,Phosphorus,Inflow,222
0.18,6_CACTA002,Phosphorus,Inflow,223
0.24,6_CACTA002,Phosphorus,Inflow,223
0.28,6_CACTA002,Phosphorus,Inflow,223
0.25,6_CACTA002,Phosphorus,Inflow,223
0.08,6_CACTA002,Phosphorus,Inflow,223
0.18,6_CACTA002,Phosphorus,Inflow,224
0.08,6_CACTA002,Phosphorus,Inflow,224
0.1,6_CACTA002,Phosphorus,Inflow,224
0.13,6_CACTA002,Phosphorus,Inflow,224
0.28,6_CACTA002,Phosphorus,Inflow,224
0.13,6_CACTA002,Phosphorus,Inflow,225
0.13,6_CACTA002,Phosphorus,Inflow,225
0.12,6_CACTA002,Phosphorus,Inflow,225
0.06,6_CACTA002,Phosphorus,Inflow,225
0.08,6_CACTA002,Phosphorus,Inflow,225
0.1,6_CACTA002,Phosphorus,Inflow,226
0.24,6_CACTA002,Phosphorus,Inflow,226
0.13,6_CACTA002,Phosphorus,Inflow,226
0.08,6_CACTA002,Phosphorus,Inflow,226
0.23,6_CACTA002,Phosphorus,Inflow,226
0.34,6_CACTA002,Phosphorus,Inflow,227
0.13,6_CACTA002,Phosphorus,Inflow,227
0.24,6_CACTA002,Phosphorus,Inflow,227
0.25,6_CACTA002,Phosphorus,Inflow,227
0.28,6_CACTA002,Phosphorus,Inflow,227
0.23,6_CACTA002,Phosphorus,Inflow,228
0.18,6_CACTA002,Phosphorus,Inflow,228
0.06,6_CACTA002,Phosphorus,Inflow,228
0.13,6_CACTA002,Phosphorus,Inflow,228
0.13,6_CACTA002,Phosphorus,Inflow,228
0.25,6_CACTA002,Phosphorus,Inflow,229
0.28,6_CACTA002,Phosphorus,Inflow,229
0.28,6_CACTA002,Phosphorus,Inflow,229
0.1,6_CACTA002,Phosphorus,Inflow,229
0.34,6_CACTA002,Phosphorus,Inflow,229
0.08,6_CACTA002,Phosphorus,Inflow,230
0.34,6_CACTA002,Phosphorus,Inflow,230
0.24,6_CACTA002,Phosphorus,Inflow,230
0.25,6_CACTA002,Phosphorus,Inflow,230
0.14,6_CACTA002,Phosphorus,Inflow,230
0.28,6_CACTA002,Phosphorus,Inflow,231
0.34,6_CACTA002,Phosphorus,Inflow,231
0.23,6_CACTA002,Phosphorus,Inflow,231
0.18,6_CACTA002,Phosphorus,Inflow,231
0.12,6_CACTA002,Phosphorus,Inflow,231
0.13,6_CACTA002,Phosphorus,Inflow,232
0.12,6_CACTA002,Phosphorus,Inflow,232
0.1,6_CACTA002,Phosphorus,Inflow,232
0.13,6_CACTA002,Phosphorus,Inflow,232
0.23,6_CACTA002,Phosphorus,Inflow,232
0.25,6_CACTA002,Phosphorus,Inflow,233
0.12,6_CACTA002,Phosphorus,Inflow,233
0.13,6_CACTA002,Phosphorus,Inflow,233
0.06,6_CACTA002,Phosphorus,Inflow,233
0.18,6_CACTA002,Phosphorus,Inflow,233
0.28,6_CACTA002,Phosphorus,Inflow,234
0.24,6_CACTA002,Phosphorus,Inflow,234
0.23,6_CACTA002,Phosphorus,Inflow,234
0.14,6_CACTA002,Phosphorus,Inflow,234
0.18,6_CACTA002,Phosphorus,Inflow,234
0.13,6_CACTA002,Phosphorus,Inflow,235
0.12,6_CACTA002,Phosphorus,Inflow,235
0.08,6_CACTA002,Phosphorus,Inflow,235
0.34,6_CACTA002,Phosphorus,Inflow,235
0.06,6_CACTA002,Phosphorus,Inflow,235
0.13,6_CACTA002,Phosphorus,Inflow,236
0.06,6_CACTA002,Phosphorus,Inflow,236
0.12,6_CACTA002,Phosphorus,Inflow,236
0.29,6_CACTA002,Phosphorus,Inflow,236
0.1,6_CACTA002,Phosphorus,Inflow,236
0.24,6_CACTA002,Phosphorus,Inflow,237
0.23,6_CACTA002,Phosphorus,Inflow,237
0.1,6_CACTA002,Phosphorus,Inflow,237
0.13,6_CACTA002,Phosphorus,Inflow,237
0.13,6_CACTA002,Phosphorus,Inflow,237
0.29,6_CACTA002,Phosphorus,Inflow,238
0.23,6_CACTA002,Phosphorus,Inflow,238
0.28,6_CACTA002,Phosphorus,Inflow,238
0.13,6_CACTA002,Phosphorus,Inflow,238
0.06,6_CACTA002,Phosphorus,Inflow,238
0.28,6_CACTA002,Phosphorus,Inflow,239
0.29,6_CACTA002,Phosphorus,Inflow,239
0.34,6_CACTA002,Phosphorus,Inflow,239
0.12,6_CACTA002,Phosphorus,Inflow,239
0.23,6_CACTA002,Phosphorus,Inflow,239
0.24,6_CACTA002,Phosphorus,Inflow,240
0.18,6_CACTA002,Phosphorus,Inflow,240
0.1,6_CACTA002,Phosphorus,Inflow,240
0.28,6_CACTA002,Phosphorus,Inflow,240
0.06,6_CACTA002,Phosphorus,Inflow,240
0.29,6_CACTA002,Phosphorus,Inflow,241
0.13,6_CACTA002,Phosphorus,Inflow,241
0.13,6_CACTA002,Phosphorus,Inflow,241
0.28,6_CACTA002,Phosphorus,Inflow,241
0.24,6_CACTA002,Phosphorus,Inflow,241
0.13,6_CACTA002,Phosphorus,Inflow,242
0.14,6_CACTA002,Phosphorus,Inflow,242
0.08,6_CACTA002,Phosphorus,Inflow,242
0.34,6_CACTA002,Phosphorus,Inflow,242
0.1,6_CACTA002,Phosphorus,Inflow,242
0.06,6_CACTA002,Phosphorus,Inflow,243
0.13,6_CACTA002,Phosphorus,Inflow,243
0.14,6_CACTA002,Phosphorus,Inflow,243
0.08,6_CACTA002,Phosphorus,Inflow,243
0.12,6_CACTA002,Phosphorus,Inflow,243
0.18,6_CACTA002,Phosphorus,Inflow,244
0.24,6_CACTA002,Phosphorus,Inflow,244
0.13,6_CACTA002,Phosphorus,Inflow,244
0.28,6_CACTA002,Phosphorus,Inflow,244
0.12,6_CACTA002,Phosphorus,Inflow,244
0.25,6_CACTA002,Phosphorus,Inflow,245
0.28,6_CACTA002,Phosphorus,Inflow,245
0.13,6_CACTA002,Phosphorus,Inflow,245
0.24,6_CACTA002,Phosphorus,Inflow,245
0.29,6_CACTA002,Phosphorus,Inflow,245
0.25,6_CACTA002,Phosphorus,Inflow,246
0.13,6_CACTA002,Phosphorus,Inflow,246
0.28,6_CACTA002,Phosphorus,Inflow,246
0.06,6_CACTA002,Phosphorus,Inflow,246
0.14,6_CACTA002,Phosphorus,Inflow,246
0.18,6_CACTA002,Phosphorus,Inflow,247
0.28,6_CACTA002,Phosphorus,Inflow,247
0.13,6_CACTA002,Phosphorus,Inflow,247
0.34,6_CACTA002,Phosphorus,Inflow,247
0.13,6_CACTA002,Phosphorus,Inflow,247
0.08,6_CACTA002,Phosphorus,Inflow,248
0.25,6_CACTA002,Phosphorus,Inflow,248
0.23,6_CACTA002,Phosphorus,Inflow,248
0.28,6_CACTA002,Phosphorus,Inflow,248
0.28,6_CACTA002,Phosphorus,Inflow,248
0.12,6_CACTA002,Phosphorus,Inflow,249
0.18,6_CACTA002,Phosphorus,Inflow,249
0.29,6_CACTA002,Phosphorus,Inflow,249
0.13,6_CACTA002,Phosphorus,Inflow,249
0.13,6_CACTA002,Phosphorus,Inflow,249
0.28,6_CACTA002,Phosphorus,Inflow,250
0.18,6_CACTA002,Phosphorus,Inflow,250
0.06,6_CACTA002,Phosphorus,Inflow,250
0.13,6_CACTA002,Phosphorus,Inflow,250
0.14,6_CACTA002,Phosphorus,Inflow,250
0.13,6_CACTA002,Phosphorus,Inflow,251
0.29,6_CACTA002,Phosphorus,Inflow,251
0.08,6_CACTA002,Phosphorus,Inflow,251
0.18,6_CACTA002,Phosphorus,Inflow,251
0.12,6_CACTA002,Phosphorus,Inflow,251
0.28,6_CACTA002,Phosphorus,Inflow,252
0.28,6_CACTA002,Phosphorus,Inflow,252
0.24,6_CACTA002,Phosphorus,Inflow,252
0.13,6_CACTA002,Phosphorus,Inflow,252
0.23,6_CACTA002,Phosphorus,Inflow,252
0.1,6_CACTA002,Phosphorus,Inflow,253
0.08,6_CACTA002,Phosphorus,Inflow,253
0.25,6_CACTA002,Phosphorus,Inflow,253
0.12,6_CACTA002,Phosphorus,Inflow,253
0.28,6_CACTA002,Phosphorus,Inflow,253
0.1,6_CACTA002,Phosphorus,Inflow,254
0.13,6_CACTA002,Phosphorus,Inflow,254
0.08,6_CACTA002,Phosphorus,Inflow,254
0.28,6_CACTA002,Phosphorus,Inflow,254
0.23,6_CACTA002,Phosphorus,Inflow,254
0.28,6_CACTA002,Phosphorus,Inflow,255
0.06,6_CACTA002,Phosphorus,Inflow,255
0.14,6_CACTA002,Phosphorus,Inflow,255
0.25,6_CACTA002,Phosphorus,Inflow,255
0.29,6_CACTA002,Phosphorus,Inflow,255
0.13,6_CACTA002,Phosphorus,Inflow,256
0.18,6_CACTA002,Phosphorus,Inflow,256
0.06,6_CACTA002,Phosphorus,Inflow,256
0.23,6_CACTA002,Phosphorus,Inflow,256
0.24,6_CACTA002,Phosphorus,Inflow,256
0.18,6_CACTA002,Phosphorus,Inflow,257
0.13,6_CACTA002,Phosphorus,Inflow,257
0.25,6_CACTA002,Phosphorus,Inflow,257
0.24,6_CACTA002,Phosphorus,Inflow,257
0.23,6_CACTA002,Phosphorus,Inflow,257
0.28,6_CACTA002,Phosphorus,Inflow,258
0.12,6_CACTA002,Phosphorus,Inflow,258
0.28,6_CACTA002,Phosphorus,Inflow,258
0.13,6_CACTA002,Phosphorus,Inflow,258
0.13,6_CACTA002,Phosphorus,Inflow,258
0.13,6_CACTA002,Phosphorus,Inflow,259
0.08,6_CACTA002,Phosphorus,Inflow,259
0.13,6_CACTA002,Phosphorus,Inflow,259
0.18,6_CACTA002,Phosphorus,Inflow,259
0.28,6_CACTA002,Phosphorus,Inflow,259
0.34,6_CACTA002,Phosphorus,Inflow,260
0.06,6_CACTA002,Phosphorus,Inflow,260
0.24,6_CACTA002,Phosphorus,Inflow,260
0.28,6_CACTA002,Phosphorus,Inflow,260
0.13,6_CACTA002,Phosphorus,Inflow,260
0.23,6_CACTA002,Phosphorus,Inflow,261
0.28,6_CACTA002,Phosphorus,Inflow,261
0.25,6_CACTA002,Phosphorus,Inflow,261
0.18,6_CACTA002,Phosphorus,Inflow,261
0.14,6_CACTA002,Phosphorus,Inflow,261
0.06,6_CACTA002,Phosphorus,Inflow,262
0.08,6_CACTA002,Phosphorus,Inflow,262
0.24,6_CACTA002,Phosphorus,Inflow,262
0.13,6_CACTA002,Phosphorus,Inflow,262
0.29,6_CACTA002,Phosphorus,Inflow,262
0.28,6_CACTA002,Phosphorus,Inflow,263
0.1,6_CACTA002,Phosphorus,Inflow,263
0.29,6_CACTA002,Phosphorus,Inflow,263
0.28,6_CACTA002,Phosphorus,Inflow,263
0.13,6_CACTA002,Phosphorus,Inflow,263
0.06,6_CACTA002,Phosphorus,Inflow,264
0.12,6_CACTA002,Phosphorus,Inflow,264
0.13,6_CACTA002,Phosphorus,Inflow,264
0.13,6_CACTA002,Phosphorus,Inflow,264
0.23,6_CACTA002,Phosphorus,Inflow,264
0.25,6_CACTA002,Phosphorus,Inflow,265
0.13,6_CACTA002,Phosphorus,Inflow,265
0.1,6_CACTA002,Phosphorus,Inflow,265
0.12,6_CACTA002,Phosphorus,Inflow,265
0.06,6_CACTA002,Phosphorus,Inflow,265
0.1,6_CACTA002,Phosphorus,Inflow,266
0.28,6_CACTA002,Phosphorus,Inflow,266
0.24,6_CACTA002,Phosphorus,Inflow,266
0.12,6_CACTA002,Phosphorus,Inflow,266
0.14,6_CACTA002,Phosphorus,Inflow,266
0.28,6_CACTA002,Phosphorus,Inflow,267
0.34,6_CACTA002,Phosphorus,Inflow,267
0.24,6_CACTA002,Phosphorus,Inflow,267
0.18,6_CACTA002,Phosphorus,Inflow,267
0.25,6_CACTA002,Phosphorus,Inflow,267
0.14,6_CACTA002,Phosphorus,Inflow,268
0.13,6_CACTA002,Phosphorus,Inflow,268
0.13,6_CACTA002,Phosphorus,Inflow,268
0.18,6_CACTA002,Phosphorus,Inflow,268
0.13,6_CACTA002,Phosphorus,Inflow,268
0.06,6_CACTA002,Phosphorus,Inflow,269
0.18,6_CACTA002,Phosphorus,Inflow,269
0.23,6_CACTA002,Phosphorus,Inflow,269
0.25,6_CACTA002,Phosphorus,Inflow,269
0.13,6_CACTA002,Phosphorus,Inflow,269
0.12,6_CACTA002,Phosphorus,Inflow,270
0.25,6_CACTA002,Phosphorus,Inflow,270
0.06,6_CACTA002,Phosphorus,Inflow,270
0.14,6_CACTA002,Phosphorus,Inflow,270
0.08,6_CACTA002,Phosphorus,Inflow,270
0.06,6_CACTA002,Phosphorus,Inflow,271
0.1,6_CACTA002,Phosphorus,Inflow,271
0.34,6_CACTA002,Phosphorus,Inflow,271
0.28,6_CACTA002,Phosphorus,Inflow,271
0.18,6_CACTA002,Phosphorus,Inflow,271
0.18,6_CACTA002,Phosphorus,Inflow,272
0.13,6_CACTA002,Phosphorus,Inflow,272
0.12,6_CACTA002,Phosphorus,Inflow,272
0.1,6_CACTA002,Phosphorus,Inflow,272
0.25,6_CACTA002,Phosphorus,Inflow,272
0.08,6_CACTA002,Phosphorus,Inflow,273
0.28,6_CACTA002,Phosphorus,Inflow,273
0.13,6_CACTA002,Phosphorus,Inflow,273
0.13,6_CACTA002,Phosphorus,Inflow,273
0.13,6_CACTA002,Phosphorus,Inflow,273
0.23,6_CACTA002,Phosphorus,Inflow,274
0.29,6_CACTA002,Phosphorus,Inflow,274
0.24,6_CACTA002,Phosphorus,Inflow,274
0.14,6_CACTA002,Phosphorus,Inflow,274
0.18,6_CACTA002,Phosphorus,Inflow,274
0.25,6_CACTA002,Phosphorus,Inflow,275
0.06,6_CACTA002,Phosphorus,Inflow,275
0.13,6_CACTA002,Phosphorus,Inflow,275
0.28,6_CACTA002,Phosphorus,Inflow,275
0.12,6_CACTA002,Phosphorus,Inflow,275
0.34,6_CACTA002,Phosphorus,Inflow,276
0.28,6_CACTA002,Phosphorus,Inflow,276
0.29,6_CACTA002,Phosphorus,Inflow,276
0.18,6_CACTA002,Phosphorus,Inflow,276
0.24,6_CACTA002,Phosphorus,Inflow,276
0.14,6_CACTA002,Phosphorus,Inflow,277
0.1,6_CACTA002,Phosphorus,Inflow,277
0.06,6_CACTA002,Phosphorus,Inflow,277
0.18,6_CACTA002,Phosphorus,Inflow,277
0.12,6_CACTA002,Phosphorus,Inflow,277
0.08,6_CACTA002,Phosphorus,Inflow,278
0.13,6_CACTA002,Phosphorus,Inflow,278
0.24,6_CACTA002,Phosphorus,Inflow,278
0.23,6_CACTA002,Phosphorus,Inflow,278
0.12,6_CACTA002,Phosphorus,Inflow,278
0.23,6_CACTA002,Phosphorus,Inflow,279
0.28,6_CACTA002,Phosphorus,Inflow,279
0.34,6_CACTA002,Phosphorus,Inflow,279
0.13,6_CACTA002,Phosphorus,Inflow,279
0.13,6_CACTA002,Phosphorus,Inflow,279
0.12,6_CACTA002,Phosphorus,Inflow,280
0.18,6_CACTA002,Phosphorus,Inflow,280
0.25,6_CACTA002,Phosphorus,Inflow,280
0.1,6_CACTA002,Phosphorus,Inflow,280
0.28,6_CACTA002,Phosphorus,Inflow,280
0.28,6_CACTA002,Phosphorus,Inflow,281
0.34,6_CACTA002,Phosphorus,Inflow,281
0.24,6_CACTA002,Phosphorus,Inflow,281
0.13,6_CACTA002,Phosphorus,Inflow,281
0.13,6_CACTA002,Phosphorus,Inflow,281
0.08,6_CACTA002,Phosphorus,Inflow,282
0.18,6_CACTA002,Phosphorus,Inflow,282
0.28,6_CACTA002,Phosphorus,Inflow,282
0.13,6_CACTA002,Phosphorus,Inflow,282
0.25,6_CACTA002,Phosphorus,Inflow,282
0.24,6_CACTA002,Phosphorus,Inflow,283
0.29,6_CACTA002,Phosphorus,Inflow,283
0.25,6_CACTA002,Phosphorus,Inflow,283
0.06,6_CACTA002,Phosphorus,Inflow,283
0.18,6_CACTA002,Phosphorus,Inflow,283
0.24,6_CACTA002,Phosphorus,Inflow,284
0.08,6_CACTA002,Phosphorus,Inflow,284
0.06,6_CACTA002,Phosphorus,Inflow,284
0.18,6_CACTA002,Phosphorus,Inflow,284
0.13,6_CACTA002,Phosphorus,Inflow,284
0.13,6_CACTA002,Phosphorus,Inflow,285
0.24,6_CACTA002,Phosphorus,Inflow,285
0.25,6_CACTA002,Phosphorus,Inflow,285
0.06,6_CACTA002,Phosphorus,Inflow,285
0.08,6_CACTA002,Phosphorus,Inflow,285
0.25,6_CACTA002,Phosphorus,Inflow,286
0.24,6_CACTA002,Phosphorus,Inflow,286
0.34,6_CACTA002,Phosphorus,Inflow,286
0.06,6_CACTA002,Phosphorus,Inflow,286
0.08,6_CACTA002,Phosphorus,Inflow,286
0.1,6_CACTA002,Phosphorus,Inflow,287
0.12,6_CACTA002,Phosphorus,Inflow,287
0.24,6_CACTA002,Phosphorus,Inflow,287
0.29,6_CACTA002,Phosphorus,Inflow,287
0.25,6_CACTA002,Phosphorus,Inflow,287
0.13,6_CACTA002,Phosphorus,Inflow,288
0.06,6_CACTA002,Phosphorus,Inflow,288
0.18,6_CACTA002,Phosphorus,Inflow,288
0.13,6_CACTA002,Phosphorus,Inflow,288
0.25,6_CACTA002,Phosphorus,Inflow,288
0.23,6_CACTA002,Phosphorus,Inflow,289
0.28,6_CACTA002,Phosphorus,Inflow,289
0.14,6_CACTA002,Phosphorus,Inflow,289
0.28,6_CACTA002,Phosphorus,Inflow,289
0.13,6_CACTA002,Phosphorus,Inflow,289
0.28,6_CACTA002,Phosphorus,Inflow,290
0.28,6_CACTA002,Phosphorus,Inflow,290
0.23,6_CACTA002,Phosphorus,Inflow,290
0.08,6_CACTA002,Phosphorus,Inflow,290
0.13,6_CACTA002,Phosphorus,Inflow,290
0.29,6_CACTA002,Phosphorus,Inflow,291
0.1,6_CACTA002,Phosphorus,Inflow,291
0.24,6_CACTA002,Phosphorus,Inflow,291
0.13,6_CACTA002,Phosphorus,Inflow,291
0.28,6_CACTA002,Phosphorus,Inflow,291
0.13,6_CACTA002,Phosphorus,Inflow,292
0.14,6_CACTA002,Phosphorus,Inflow,292
0.08,6_CACTA002,Phosphorus,Inflow,292
0.24,6_CACTA002,Phosphorus,Inflow,292
0.34,6_CACTA002,Phosphorus,Inflow,292
0.23,6_CACTA002,Phosphorus,Inflow,293
0.34,6_CACTA002,Phosphorus,Inflow,293
0.06,6_CACTA002,Phosphorus,Inflow,293
0.12,6_CACTA002,Phosphorus,Inflow,293
0.13,6_CACTA002,Phosphorus,Inflow,293
0.1,6_CACTA002,Phosphorus,Inflow,294
0.28,6_CACTA002,Phosphorus,Inflow,294
0.13,6_CACTA002,Phosphorus,Inflow,294
0.14,6_CACTA002,Phosphorus,Inflow,294
0.08,6_CACTA002,Phosphorus,Inflow,294
0.28,6_CACTA002,Phosphorus,Inflow,295
0.24,6_CACTA002,Phosphorus,Inflow,295
0.28,6_CACTA002,Phosphorus,Inflow,295
0.1,6_CACTA002,Phosphorus,Inflow,295
0.34,6_CACTA002,Phosphorus,Inflow,295
0.14,6_CACTA002,Phosphorus,Inflow,296
0.12,6_CACTA002,Phosphorus,Inflow,296
0.13,6_CACTA002,Phosphorus,Inflow,296
0.13,6_CACTA002,Phosphorus,Inflow,296
0.08,6_CACTA002,Phosphorus,Inflow,296
0.18,6_CACTA002,Phosphorus,Inflow,297
0.08,6_CACTA002,Phosphorus,Inflow,297
0.14,6_CACTA002,Phosphorus,Inflow,297
0.23,6_CACTA002,Phosphorus,Inflow,297
0.25,6_CACTA002,Phosphorus,Inflow,297
0.13,6_CACTA002,Phosphorus,Inflow,298
0.06,6_CACTA002,Phosphorus,Inflow,298
0.13,6_CACTA002,Phosphorus,Inflow,298
0.24,6_CACTA002,Phosphorus,Inflow,298
0.18,6_CACTA002,Phosphorus,Inflow,298
0.29,6_CACTA002,Phosphorus,Inflow,299
0.12,6_CACTA002,Phosphorus,Inflow,299
0.13,6_CACTA002,Phosphorus,Inflow,299
0.08,6_CACTA002,Phosphorus,Inflow,299
0.28,6_CACTA002,Phosphorus,Inflow,299
0.28,6_CACTA002,Phosphorus,Inflow,300
0.24,6_CACTA002,Phosphorus,Inflow,300
0.13,6_CACTA002,Phosphorus,Inflow,300
0.08,6_CACTA002,Phosphorus,Inflow,300
0.13,6_CACTA002,Phosphorus,Inflow,300
0.18,6_CACTA002,Phosphorus,Inflow,301
0.28,6_CACTA002,Phosphorus,Inflow,301
0.06,6_CACTA002,Phosphorus,Inflow,301
0.28,6_CACTA002,Phosphorus,Inflow,301
0.29,6_CACTA002,Phosphorus,Inflow,301
0.29,6_CACTA002,Phosphorus,Inflow,302
0.34,6_CACTA002,Phosphorus,Inflow,302
0.24,6_CACTA002,Phosphorus,Inflow,302
0.28,6_CACTA002,Phosphorus,Inflow,302
0.13,6_CACTA002,Phosphorus,Inflow,302
0.13,6_CACTA002,Phosphorus,Inflow,303
0.13,6_CACTA002,Phosphorus,Inflow,303
0.24,6_CACTA002,Phosphorus,Inflow,303
0.14,6_CACTA002,Phosphorus,Inflow,303
0.34,6_CACTA002,Phosphorus,Inflow,303
0.13,6_CACTA002,Phosphorus,Inflow,304
0.25,6_CACTA002,Phosphorus,Inflow,304
0.13,6_CACTA002,Phosphorus,Inflow,304
0.13,6_CACTA002,Phosphorus,Inflow,304
0.12,6_CACTA002,Phosphorus,Inflow,304
0.25,6_CACTA002,Phosphorus,Inflow,305
0.28,6_CACTA002,Phosphorus,Inflow,305
0.34,6_CACTA002,Phosphorus,Inflow,305
0.23,6_CACTA002,Phosphorus,Inflow,305
0.1,6_CACTA002,Phosphorus,Inflow,305
0.14,6_CACTA002,Phosphorus,Inflow,306
0.24,6_CACTA002,Phosphorus,Inflow,306
0.28,6_CACTA002,Phosphorus,Inflow,306
0.18,6_CACTA002,Phosphorus,Inflow,306
0.13,6_CACTA002,Phosphorus,Inflow,306
0.14,6_CACTA002,Phosphorus,Inflow,307
0.28,6_CACTA002,Phosphorus,Inflow,307
0.28,6_CACTA002,Phosphorus,Inflow,307
0.23,6_CACTA002,Phosphorus,Inflow,307
0.18,6_CACTA002,Phosphorus,Inflow,307
0.34,6_CACTA002,Phosphorus,Inflow,308
0.13,6_CACTA002,Phosphorus,Inflow,308
0.29,6_CACTA002,Phosphorus,Inflow,308
0.23,6_CACTA002,Phosphorus,Inflow,308
0.14,6_CACTA002,Phosphorus,Inflow,308
0.28,6_CACTA002,Phosphorus,Inflow,309
0.29,6_CACTA002,Phosphorus,Inflow,309
0.28,6_CACTA002,Phosphorus,Inflow,309
0.08,6_CACTA002,Phosphorus,Inflow,309
0.14,6_CACTA002,Phosphorus,Inflow,309
0.28,6_CACTA002,Phosphorus,Inflow,310
0.18,6_CACTA002,Phosphorus,Inflow,310
0.13,6_CACTA002,Phosphorus,Inflow,310
0.24,6_CACTA002,Phosphorus,Inflow,310
0.13,6_CACTA002,Phosphorus,Inflow,310
0.28,6_CACTA002,Phosphorus,Inflow,311
0.06,6_CACTA002,Phosphorus,Inflow,311
0.29,6_CACTA002,Phosphorus,Inflow,311
0.13,6_CACTA002,Phosphorus,Inflow,311
0.13,6_CACTA002,Phosphorus,Inflow,311
0.24,6_CACTA002,Phosphorus,Inflow,312
0.08,6_CACTA002,Phosphorus,Inflow,312
0.18,6_CACTA002,Phosphorus,Inflow,312
0.28,6_CACTA002,Phosphorus,Inflow,312
0.13,6_CACTA002,Phosphorus,Inflow,312
0.25,6_CACTA002,Phosphorus,Inflow,313
0.13,6_CACTA002,Phosphorus,Inflow,313
0.12,6_CACTA002,Phosphorus,Inflow,313
0.34,6_CACTA002,Phosphorus,Inflow,313
0.28,6_CACTA002,Phosphorus,Inflow,313
0.24,6_CACTA002,Phosphorus,Inflow,314
0.06,6_CACTA002,Phosphorus,Inflow,314
0.23,6_CACTA002,Phosphorus,Inflow,314
0.12,6_CACTA002,Phosphorus,Inflow,314
0.25,6_CACTA002,Phosphorus,Inflow,314
0.12,6_CACTA002,Phosphorus,Inflow,315
0.23,6_CACTA002,Phosphorus,Inflow,315
0.13,6_CACTA002,Phosphorus,Inflow,315
0.34,6_CACTA002,Phosphorus,Inflow,315
0.06,6_CACTA002,Phosphorus,Inflow,315
0.06,6_CACTA002,Phosphorus,Inflow,316
0.28,6_CACTA002,Phosphorus,Inflow,316
0.29,6_CACTA002,Phosphorus,Inflow,316
0.08,6_CACTA002,Phosphorus,Inflow,316
0.24,6_CACTA002,Phosphorus,Inflow,316
0.13,6_CACTA002,Phosphorus,Inflow,317
0.06,6_CACTA002,Phosphorus,Inflow,317
0.34,6_CACTA002,Phosphorus,Inflow,317
0.08,6_CACTA002,Phosphorus,Inflow,317
0.12,6_CACTA002,Phosphorus,Inflow,317
0.06,6_CACTA002,Phosphorus,Inflow,318
0.12,6_CACTA002,Phosphorus,Inflow,318
0.24,6_CACTA002,Phosphorus,Inflow,318
0.14,6_CACTA002,Phosphorus,Inflow,318
0.1,6_CACTA002,Phosphorus,Inflow,318
0.28,6_CACTA002,Phosphorus,Inflow,319
0.12,6_CACTA002,Phosphorus,Inflow,319
0.13,6_CACTA002,Phosphorus,Inflow,319
0.18,6_CACTA002,Phosphorus,Inflow,319
0.06,6_CACTA002,Phosphorus,Inflow,319
0.14,6_CACTA002,Phosphorus,Inflow,320
0.18,6_CACTA002,Phosphorus,Inflow,320
0.25,6_CACTA002,Phosphorus,Inflow,320
0.08,6_CACTA002,Phosphorus,Inflow,320
0.29,6_CACTA002,Phosphorus,Inflow,320
0.29,6_CACTA002,Phosphorus,Inflow,321
0.23,6_CACTA002,Phosphorus,Inflow,321
0.12,6_CACTA002,Phosphorus,Inflow,321
0.24,6_CACTA002,Phosphorus,Inflow,321
0.28,6_CACTA002,Phosphorus,Inflow,321
0.06,6_CACTA002,Phosphorus,Inflow,322
0.18,6_CACTA002,Phosphorus,Inflow,322
0.34,6_CACTA002,Phosphorus,Inflow,322
0.14,6_CACTA002,Phosphorus,Inflow,322
0.12,6_CACTA002,Phosphorus,Inflow,322
0.18,6_CACTA002,Phosphorus,Inflow,323
0.25,6_CACTA002,Phosphorus,Inflow,323
0.23,6_CACTA002,Phosphorus,Inflow,323
0.34,6_CACTA002,Phosphorus,Inflow,323
0.08,6_CACTA002,Phosphorus,Inflow,323
0.14,6_CACTA002,Phosphorus,Inflow,324
0.1,6_CACTA002,Phosphorus,Inflow,324
0.13,6_CACTA002,Phosphorus,Inflow,324
0.08,6_CACTA002,Phosphorus,Inflow,324
0.13,6_CACTA002,Phosphorus,Inflow,324
0.12,6_CACTA002,Phosphorus,Inflow,325
0.06,6_CACTA002,Phosphorus,Inflow,325
0.13,6_CACTA002,Phosphorus,Inflow,325
0.13,6_CACTA002,Phosphorus,Inflow,325
0.28,6_CACTA002,Phosphorus,Inflow,325
0.13,6_CACTA002,Phosphorus,Inflow,326
0.23,6_CACTA002,Phosphorus,Inflow,326
0.13,6_CACTA002,Phosphorus,Inflow,326
0.13,6_CACTA002,Phosphorus,Inflow,326
0.12,6_CACTA002,Phosphorus,Inflow,326
0.08,6_CACTA002,Phosphorus,Inflow,327
0.13,6_CACTA002,Phosphorus,Inflow,327
0.14,6_CACTA002,Phosphorus,Inflow,327
0.06,6_CACTA002,Phosphorus,Inflow,327
0.23,6_CACTA002,Phosphorus,Inflow,327
0.06,6_CACTA002,Phosphorus,Inflow,328
0.28,6_CACTA002,Phosphorus,Inflow,328
0.1,6_CACTA002,Phosphorus,Inflow,328
0.29,6_CACTA002,Phosphorus,Inflow,328
0.25,6_CACTA002,Phosphorus,Inflow,328
0.28,6_CACTA002,Phosphorus,Inflow,329
0.24,6_CACTA002,Phosphorus,Inflow,329
0.13,6_CACTA002,Phosphorus,Inflow,329
0.18,6_CACTA002,Phosphorus,Inflow,329
0.28,6_CACTA002,Phosphorus,Inflow,329
0.28,6_CACTA002,Phosphorus,Inflow,330
0.13,6_CACTA002,Phosphorus,Inflow,330
0.1,6_CACTA002,Phosphorus,Inflow,330
0.08,6_CACTA002,Phosphorus,Inflow,330
0.13,6_CACTA002,Phosphorus,Inflow,330
0.12,6_CACTA002,Phosphorus,Inflow,331
0.13,6_CACTA002,Phosphorus,Inflow,331
0.29,6_CACTA002,Phosphorus,Inflow,331
0.18,6_CACTA002,Phosphorus,Inflow,331
0.34,6_CACTA002,Phosphorus,Inflow,331
0.29,6_CACTA002,Phosphorus,Inflow,332
0.06,6_CACTA002,Phosphorus,Inflow,332
0.13,6_CACTA002,Phosphorus,Inflow,332
0.18,6_CACTA002,Phosphorus,Inflow,332
0.25,6_CACTA002,Phosphorus,Inflow,332
0.24,6_CACTA002,Phosphorus,Inflow,333
0.25,6_CACTA002,Phosphorus,Inflow,333
0.28,6_CACTA002,Phosphorus,Inflow,333
0.34,6_CACTA002,Phosphorus,Inflow,333
0.13,6_CACTA002,Phosphorus,Inflow,333
0.13,6_CACTA002,Phosphorus,Inflow,334
0.13,6_CACTA002,Phosphorus,Inflow,334
0.23,6_CACTA002,Phosphorus,Inflow,334
0.13,6_CACTA002,Phosphorus,Inflow,334
0.34,6_CACTA002,Phosphorus,Inflow,334
0.23,6_CACTA002,Phosphorus,Inflow,335
0.13,6_CACTA002,Phosphorus,Inflow,335
0.13,6_CACTA002,Phosphorus,Inflow,335
0.34,6_CACTA002,Phosphorus,Inflow,335
0.28,6_CACTA002,Phosphorus,Inflow,335
0.08,6_CACTA002,Phosphorus,Inflow,336
0.24,6_CACTA002,Phosphorus,Inflow,336
0.13,6_CACTA002,Phosphorus,Inflow,336
0.1,6_CACTA002,Phosphorus,Inflow,336
0.14,6_CACTA002,Phosphorus,Inflow,336
0.24,6_CACTA002,Phosphorus,Inflow,337
0.13,6_CACTA002,Phosphorus,Inflow,337
0.28,6_CACTA002,Phosphorus,Inflow,337
0.14,6_CACTA002,Phosphorus,Inflow,337
0.06,6_CACTA002,Phosphorus,Inflow,337
0.23,6_CACTA002,Phosphorus,Inflow,338
0.28,6_CACTA002,Phosphorus,Inflow,338
0.25,6_CACTA002,Phosphorus,Inflow,338
0.13,6_CACTA002,Phosphorus,Inflow,338
0.14,6_CACTA002,Phosphorus,Inflow,338
0.06,6_CACTA002,Phosphorus,Inflow,339
0.23,6_CACTA002,Phosphorus,Inflow,339
0.1,6_CACTA002,Phosphorus,Inflow,339
0.12,6_CACTA002,Phosphorus,Inflow,339
0.18,6_CACTA002,Phosphorus,Inflow,339
0.29,6_CACTA002,Phosphorus,Inflow,340
0.13,6_CACTA002,Phosphorus,Inflow,340
0.24,6_CACTA002,Phosphorus,Inflow,340
0.34,6_CACTA002,Phosphorus,Inflow,340
0.28,6_CACTA002,Phosphorus,Inflow,340
0.14,6_CACTA002,Phosphorus,Inflow,341
0.29,6_CACTA002,Phosphorus,Inflow,341
0.28,6_CACTA002,Phosphorus,Inflow,341
0.13,6_CACTA002,Phosphorus,Inflow,341
0.06,6_CACTA002,Phosphorus,Inflow,341
0.28,6_CACTA002,Phosphorus,Inflow,342
0.28,6_CACTA002,Phosphorus,Inflow,342
0.24,6_CACTA002,Phosphorus,Inflow,342
0.12,6_CACTA002,Phosphorus,Inflow,342
0.25,6_CACTA002,Phosphorus,Inflow,342
0.25,6_CACTA002,Phosphorus,Inflow,343
0.08,6_CACTA002,Phosphorus,Inflow,343
0.06,6_CACTA002,Phosphorus,Inflow,343
0.34,6_CACTA002,Phosphorus,Inflow,343
0.13,6_CACTA002,Phosphorus,Inflow,343
0.28,6_CACTA002,Phosphorus,Inflow,344
0.24,6_CACTA002,Phosphorus,Inflow,344
0.12,6_CACTA002,Phosphorus,Inflow,344
0.29,6_CACTA002,Phosphorus,Inflow,344
0.23,6_CACTA002,Phosphorus,Inflow,344
0.13,6_CACTA002,Phosphorus,Inflow,345
0.12,6_CACTA002,Phosphorus,Inflow,345
0.28,6_CACTA002,Phosphorus,Inflow,345
0.34,6_CACTA002,Phosphorus,Inflow,345
0.24,6_CACTA002,Phosphorus,Inflow,345
0.23,6_CACTA002,Phosphorus,Inflow,346
0.14,6_CACTA002,Phosphorus,Inflow,346
0.18,6_CACTA002,Phosphorus,Inflow,346
0.28,6_CACTA002,Phosphorus,Inflow,346
0.13,6_CACTA002,Phosphorus,Inflow,346
0.12,6_CACTA002,Phosphorus,Inflow,347
0.23,6_CACTA002,Phosphorus,Inflow,347
0.1,6_CACTA002,Phosphorus,Inflow,347
0.06,6_CACTA002,Phosphorus,Inflow,347
0.14,6_CACTA002,Phosphorus,Inflow,347
0.25,6_CACTA002,Phosphorus,Inflow,348
0.1,6_CACTA002,Phosphorus,Inflow,348
0.13,6_CACTA002,Phosphorus,Inflow,348
0.24,6_CACTA002,Phosphorus,Inflow,348
0.23,6_CACTA002,Phosphorus,Inflow,348
0.1,6_CACTA002,Phosphorus,Inflow,349
0.28,6_CACTA002,Phosphorus,Inflow,349
0.13,6_CACTA002,Phosphorus,Inflow,349
0.23,6_CACTA002,Phosphorus,Inflow,349
0.34,6_CACTA002,Phosphorus,Inflow,349
0.24,6_CACTA002,Phosphorus,Inflow,350
0.29,6_CACTA002,Phosphorus,Inflow,350
0.13,6_CACTA002,Phosphorus,Inflow,350
0.06,6_CACTA002,Phosphorus,Inflow,350
0.1,6_CACTA002,Phosphorus,Inflow,350
0.06,6_CACTA002,Phosphorus,Inflow,351
0.24,6_CACTA002,Phosphorus,Inflow,351
0.28,6_CACTA002,Phosphorus,Inflow,351
0.25,6_CACTA002,Phosphorus,Inflow,351
0.28,6_CACTA002,Phosphorus,Inflow,351
0.23,6_CACTA002,Phosphorus,Inflow,352
0.24,6_CACTA002,Phosphorus,Inflow,352
0.14,6_CACTA002,Phosphorus,Inflow,352
0.13,6_CACTA002,Phosphorus,Inflow,352
0.18,6_CACTA002,Phosphorus,Inflow,352
0.06,6_CACTA002,Phosphorus,Inflow,353
0.14,6_CACTA002,Phosphorus,Inflow,353
0.13,6_CACTA002,Phosphorus,Inflow,353
0.28,6_CACTA002,Phosphorus,Inflow,353
0.13,6_CACTA002,Phosphorus,Inflow,353
0.1,6_CACTA002,Phosphorus,Inflow,354
0.24,6_CACTA002,Phosphorus,Inflow,354
0.23,6_CACTA002,Phosphorus,Inflow,354
0.14,6_CACTA002,Phosphorus,Inflow,354
0.13,6_CACTA002,Phosphorus,Inflow,354
0.23,6_CACTA002,Phosphorus,Inflow,355
0.13,6_CACTA002,Phosphorus,Inflow,355
0.18,6_CACTA002,Phosphorus,Inflow,355
0.25,6_CACTA002,Phosphorus,Inflow,355
0.24,6_CACTA002,Phosphorus,Inflow,355
0.08,6_CACTA002,Phosphorus,Inflow,356
0.13,6_CACTA002,Phosphorus,Inflow,356
0.13,6_CACTA002,Phosphorus,Inflow,356
0.13,6_CACTA002,Phosphorus,Inflow,356
0.18,6_CACTA002,Phosphorus,Inflow,356
0.08,6_CACTA002,Phosphorus,Inflow,357
0.29,6_CACTA002,Phosphorus,Inflow,357
0.18,6_CACTA002,Phosphorus,Inflow,357
0.14,6_CACTA002,Phosphorus,Inflow,357
0.13,6_CACTA002,Phosphorus,Inflow,357
0.24,6_CACTA002,Phosphorus,Inflow,358
0.1,6_CACTA002,Phosphorus,Inflow,358
0.13,6_CACTA002,Phosphorus,Inflow,358
0.23,6_CACTA002,Phosphorus,Inflow,358
0.14,6_CACTA002,Phosphorus,Inflow,358
0.13,6_CACTA002,Phosphorus,Inflow,359
0.18,6_CACTA002,Phosphorus,Inflow,359
0.23,6_CACTA002,Phosphorus,Inflow,359
0.1,6_CACTA002,Phosphorus,Inflow,359
0.25,6_CACTA002,Phosphorus,Inflow,359
0.28,6_CACTA002,Phosphorus,Inflow,360
0.29,6_CACTA002,Phosphorus,Inflow,360
0.08,6_CACTA002,Phosphorus,Inflow,360
0.24,6_CACTA002,Phosphorus,Inflow,360
0.13,6_CACTA002,Phosphorus,Inflow,360
0.1,6_CACTA002,Phosphorus,Inflow,361
0.08,6_CACTA002,Phosphorus,Inflow,361
0.13,6_CACTA002,Phosphorus,Inflow,361
0.12,6_CACTA002,Phosphorus,Inflow,361
0.13,6_CACTA002,Phosphorus,Inflow,361
0.14,6_CACTA002,Phosphorus,Inflow,362
0.34,6_CACTA002,Phosphorus,Inflow,362
0.06,6_CACTA002,Phosphorus,Inflow,362
0.13,6_CACTA002,Phosphorus,Inflow,362
0.12,6_CACTA002,Phosphorus,Inflow,362
0.13,6_CACTA002,Phosphorus,Inflow,363
0.14,6_CACTA002,Phosphorus,Inflow,363
0.18,6_CACTA002,Phosphorus,Inflow,363
0.1,6_CACTA002,Phosphorus,Inflow,363
0.06,6_CACTA002,Phosphorus,Inflow,363
0.23,6_CACTA002,Phosphorus,Inflow,364
0.12,6_CACTA002,Phosphorus,Inflow,364
0.14,6_CACTA002,Phosphorus,Inflow,364
0.08,6_CACTA002,Phosphorus,Inflow,364
0.13,6_CACTA002,Phosphorus,Inflow,364
0.23,6_CACTA002,Phosphorus,Inflow,365
0.13,6_CACTA002,Phosphorus,Inflow,365
0.13,6_CACTA002,Phosphorus,Inflow,365
0.34,6_CACTA002,Phosphorus,Inflow,365
0.13,6_CACTA002,Phosphorus,Inflow,365
0.28,6_CACTA002,Phosphorus,Inflow,366
0.14,6_CACTA002,Phosphorus,Inflow,366
0.23,6_CACTA002,Phosphorus,Inflow,366
0.28,6_CACTA002,Phosphorus,Inflow,366
0.24,6_CACTA002,Phosphorus,Inflow,366
0.13,6_CACTA002,Phosphorus,Inflow,367
0.1,6_CACTA002,Phosphorus,Inflow,367
0.23,6_CACTA002,Phosphorus,Inflow,367
0.13,6_CACTA002,Phosphorus,Inflow,367
0.08,6_CACTA002,Phosphorus,Inflow,367
0.14,6_CACTA002,Phosphorus,Inflow,368
0.08,6_CACTA002,Phosphorus,Inflow,368
0.24,6_CACTA002,Phosphorus,Inflow,368
0.13,6_CACTA002,Phosphorus,Inflow,368
0.29,6_CACTA002,Phosphorus,Inflow,368
0.24,6_CACTA002,Phosphorus,Inflow,369
0.23,6_CACTA002,Phosphorus,Inflow,369
0.25,6_CACTA002,Phosphorus,Inflow,369
0.13,6_CACTA002,Phosphorus,Inflow,369
0.18,6_CACTA002,Phosphorus,Inflow,369
0.23,6_CACTA002,Phosphorus,Inflow,370
0.29,6_CACTA002,Phosphorus,Inflow,370
0.13,6_CACTA002,Phosphorus,Inflow,370
0.28,6_CACTA002,Phosphorus,Inflow,370
0.34,6_CACTA002,Phosphorus,Inflow,370
0.12,6_CACTA002,Phosphorus,Inflow,371
0.29,6_CACTA002,Phosphorus,Inflow,371
0.08,6_CACTA002,Phosphorus,Inflow,371
0.18,6_CACTA002,Phosphorus,Inflow,371
0.28,6_CACTA002,Phosphorus,Inflow,371
0.34,6_CACTA002,Phosphorus,Inflow,372
0.14,6_CACTA002,Phosphorus,Inflow,372
0.13,6_CACTA002,Phosphorus,Inflow,372
0.25,6_CACTA002,Phosphorus,Inflow,372
0.28,6_CACTA002,Phosphorus,Inflow,372
0.08,6_CACTA002,Phosphorus,Inflow,373
0.13,6_CACTA002,Phosphorus,Inflow,373
0.06,6_CACTA002,Phosphorus,Inflow,373
0.14,6_CACTA002,Phosphorus,Inflow,373
0.13,6_CACTA002,Phosphorus,Inflow,373
0.13,6_CACTA002,Phosphorus,Inflow,374
0.34,6_CACTA002,Phosphorus,Inflow,374
0.08,6_CACTA002,Phosphorus,Inflow,374
0.13,6_CACTA002,Phosphorus,Inflow,374
0.13,6_CACTA002,Phosphorus,Inflow,374
0.1,6_CACTA002,Phosphorus,Inflow,375
0.34,6_CACTA002,Phosphorus,Inflow,375
0.23,6_CACTA002,Phosphorus,Inflow,375
0.28,6_CACTA002,Phosphorus,Inflow,375
0.24,6_CACTA002,Phosphorus,Inflow,375
0.14,6_CACTA002,Phosphorus,Inflow,376
0.13,6_CACTA002,Phosphorus,Inflow,376
0.13,6_CACTA002,Phosphorus,Inflow,376
0.08,6_CACTA002,Phosphorus,Inflow,376
0.06,6_CACTA002,Phosphorus,Inflow,376
0.12,6_CACTA002,Phosphorus,Inflow,377
0.13,6_CACTA002,Phosphorus,Inflow,377
0.14,6_CACTA002,Phosphorus,Inflow,377
0.29,6_CACTA002,Phosphorus,Inflow,377
0.13,6_CACTA002,Phosphorus,Inflow,377
0.25,6_CACTA002,Phosphorus,Inflow,378
0.12,6_CACTA002,Phosphorus,Inflow,378
0.18,6_CACTA002,Phosphorus,Inflow,378
0.14,6_CACTA002,Phosphorus,Inflow,378
0.29,6_CACTA002,Phosphorus,Inflow,378
0.29,6_CACTA002,Phosphorus,Inflow,379
0.14,6_CACTA002,Phosphorus,Inflow,379
0.25,6_CACTA002,Phosphorus,Inflow,379
0.13,6_CACTA002,Phosphorus,Inflow,379
0.24,6_CACTA002,Phosphorus,Inflow,379
0.34,6_CACTA002,Phosphorus,Inflow,380
0.28,6_CACTA002,Phosphorus,Inflow,380
0.13,6_CACTA002,Phosphorus,Inflow,380
0.08,6_CACTA002,Phosphorus,Inflow,380
0.25,6_CACTA002,Phosphorus,Inflow,380
0.23,6_CACTA002,Phosphorus,Inflow,381
0.28,6_CACTA002,Phosphorus,Inflow,381
0.13,6_CACTA002,Phosphorus,Inflow,381
0.13,6_CACTA002,Phosphorus,Inflow,381
0.1,6_CACTA002,Phosphorus,Inflow,381
0.18,6_CACTA002,Phosphorus,Inflow,382
0.24,6_CACTA002,Phosphorus,Inflow,382
0.06,6_CACTA002,Phosphorus,Inflow,382
0.34,6_CACTA002,Phosphorus,Inflow,382
0.14,6_CACTA002,Phosphorus,Inflow,382
0.28,6_CACTA002,Phosphorus,Inflow,383
0.13,6_CACTA002,Phosphorus,Inflow,383
0.25,6_CACTA002,Phosphorus,Inflow,383
0.34,6_CACTA002,Phosphorus,Inflow,383
0.24,6_CACTA002,Phosphorus,Inflow,383
0.06,6_CACTA002,Phosphorus,Inflow,384
0.23,6_CACTA002,Phosphorus,Inflow,384
0.29,6_CACTA002,Phosphorus,Inflow,384
0.1,6_CACTA002,Phosphorus,Inflow,384
0.13,6_CACTA002,Phosphorus,Inflow,384
0.13,6_CACTA002,Phosphorus,Inflow,385
0.29,6_CACTA002,Phosphorus,Inflow,385
0.1,6_CACTA002,Phosphorus,Inflow,385
0.28,6_CACTA002,Phosphorus,Inflow,385
0.14,6_CACTA002,Phosphorus,Inflow,385
0.18,6_CACTA002,Phosphorus,Inflow,386
0.06,6_CACTA002,Phosphorus,Inflow,386
0.34,6_CACTA002,Phosphorus,Inflow,386
0.25,6_CACTA002,Phosphorus,Inflow,386
0.1,6_CACTA002,Phosphorus,Inflow,386
0.13,6_CACTA002,Phosphorus,Inflow,387
0.28,6_CACTA002,Phosphorus,Inflow,387
0.13,6_CACTA002,Phosphorus,Inflow,387
0.1,6_CACTA002,Phosphorus,Inflow,387
0.25,6_CACTA002,Phosphorus,Inflow,387
0.08,6_CACTA002,Phosphorus,Inflow,388
0.23,6_CACTA002,Phosphorus,Inflow,388
0.13,6_CACTA002,Phosphorus,Inflow,388
0.06,6_CACTA002,Phosphorus,Inflow,388
0.13,6_CACTA002,Phosphorus,Inflow,388
0.18,6_CACTA002,Phosphorus,Inflow,389
0.23,6_CACTA002,Phosphorus,Inflow,389
0.28,6_CACTA002,Phosphorus,Inflow,389
0.13,6_CACTA002,Phosphorus,Inflow,389
0.12,6_CACTA002,Phosphorus,Inflow,389
0.23,6_CACTA002,Phosphorus,Inflow,390
0.28,6_CACTA002,Phosphorus,Inflow,390
0.06,6_CACTA002,Phosphorus,Inflow,390
0.18,6_CACTA002,Phosphorus,Inflow,390
0.28,6_CACTA002,Phosphorus,Inflow,390
0.1,6_CACTA002,Phosphorus,Inflow,391
0.28,6_CACTA002,Phosphorus,Inflow,391
0.13,6_CACTA002,Phosphorus,Inflow,391
0.34,6_CACTA002,Phosphorus,Inflow,391
0.06,6_CACTA002,Phosphorus,Inflow,391
0.13,6_CACTA002,Phosphorus,Inflow,392
0.14,6_CACTA002,Phosphorus,Inflow,392
0.13,6_CACTA002,Phosphorus,Inflow,392
0.13,6_CACTA002,Phosphorus,Inflow,392
0.12,6_CACTA002,Phosphorus,Inflow,392
0.25,6_CACTA002,Phosphorus,Inflow,393
0.23,6_CACTA002,Phosphorus,Inflow,393
0.13,6_CACTA002,Phosphorus,Inflow,393
0.1,6_CACTA002,Phosphorus,Inflow,393
0.13,6_CACTA002,Phosphorus,Inflow,393
0.13,6_CACTA002,Phosphorus,Inflow,394
0.34,6_CACTA002,Phosphorus,Inflow,394
0.29,6_CACTA002,Phosphorus,Inflow,394
0.18,6_CACTA002,Phosphorus,Inflow,394
0.13,6_CACTA002,Phosphorus,Inflow,394
0.28,6_CACTA002,Phosphorus,Inflow,395
0.28,6_CACTA002,Phosphorus,Inflow,395
0.08,6_CACTA002,Phosphorus,Inflow,395
0.13,6_CACTA002,Phosphorus,Inflow,395
0.13,6_CACTA002,Phosphorus,Inflow,395
0.34,6_CACTA002,Phosphorus,Inflow,396
0.1,6_CACTA002,Phosphorus,Inflow,396
0.23,6_CACTA002,Phosphorus,Inflow,396
0.08,6_CACTA002,Phosphorus,Inflow,396
0.13,6_CACTA002,Phosphorus,Inflow,396
0.29,6_CACTA002,Phosphorus,Inflow,397
0.13,6_CACTA002,Phosphorus,Inflow,397
0.28,6_CACTA002,Phosphorus,Inflow,397
0.24,6_CACTA002,Phosphorus,Inflow,397
0.13,6_CACTA002,Phosphorus,Inflow,397
0.23,6_CACTA002,Phosphorus,Inflow,398
0.13,6_CACTA002,Phosphorus,Inflow,398
0.34,6_CACTA002,Phosphorus,Inflow,398
0.06,6_CACTA002,Phosphorus,Inflow,398
0.24,6_CACTA002,Phosphorus,Inflow,398
0.06,6_CACTA002,Phosphorus,Inflow,399
0.29,6_CACTA002,Phosphorus,Inflow,399
0.14,6_CACTA002,Phosphorus,Inflow,399
0.08,6_CACTA002,Phosphorus,Inflow,399
0.13,6_CACTA002,Phosphorus,Inflow,399
0.14,6_CACTA002,Phosphorus,Inflow,400
0.1,6_CACTA002,Phosphorus,Inflow,400
0.29,6_CACTA002,Phosphorus,Inflow,400
0.18,6_CACTA002,Phosphorus,Inflow,400
0.13,6_CACTA002,Phosphorus,Inflow,400
0.08,6_CACTA002,Phosphorus,Inflow,401
0.28,6_CACTA002,Phosphorus,Inflow,401
0.34,6_CACTA002,Phosphorus,Inflow,401
0.1,6_CACTA002,Phosphorus,Inflow,401
0.14,6_CACTA002,Phosphorus,Inflow,401
0.06,6_CACTA002,Phosphorus,Inflow,402
0.13,6_CACTA002,Phosphorus,Inflow,402
0.24,6_CACTA002,Phosphorus,Inflow,402
0.13,6_CACTA002,Phosphorus,Inflow,402
0.28,6_CACTA002,Phosphorus,Inflow,402
0.28,6_CACTA002,Phosphorus,Inflow,403
0.13,6_CACTA002,Phosphorus,Inflow,403
0.13,6_CACTA002,Phosphorus,Inflow,403
0.06,6_CACTA002,Phosphorus,Inflow,403
0.28,6_CACTA002,Phosphorus,Inflow,403
0.23,6_CACTA002,Phosphorus,Inflow,404
0.13,6_CACTA002,Phosphorus,Inflow,404
0.28,6_CACTA002,Phosphorus,Inflow,404
0.28,6_CACTA002,Phosphorus,Inflow,404
0.13,6_CACTA002,Phosphorus,Inflow,404
0.08,6_CACTA002,Phosphorus,Inflow,405
0.28,6_CACTA002,Phosphorus,Inflow,405
0.06,6_CACTA002,Phosphorus,Inflow,405
0.1,6_CACTA002,Phosphorus,Inflow,405
0.29,6_CACTA002,Phosphorus,Inflow,405
0.23,6_CACTA002,Phosphorus,Inflow,406
0.25,6_CACTA002,Phosphorus,Inflow,406
0.18,6_CACTA002,Phosphorus,Inflow,406
0.08,6_CACTA002,Phosphorus,Inflow,406
0.13,6_CACTA002,Phosphorus,Inflow,406
0.23,6_CACTA002,Phosphorus,Inflow,407
0.28,6_CACTA002,Phosphorus,Inflow,407
0.14,6_CACTA002,Phosphorus,Inflow,407
0.28,6_CACTA002,Phosphorus,Inflow,407
0.13,6_CACTA002,Phosphorus,Inflow,407
0.24,6_CACTA002,Phosphorus,Inflow,408
0.14,6_CACTA002,Phosphorus,Inflow,408
0.06,6_CACTA002,Phosphorus,Inflow,408
0.13,6_CACTA002,Phosphorus,Inflow,408
0.34,6_CACTA002,Phosphorus,Inflow,408
0.08,6_CACTA002,Phosphorus,Inflow,409
0.24,6_CACTA002,Phosphorus,Inflow,409
0.28,6_CACTA002,Phosphorus,Inflow,409
0.12,6_CACTA002,Phosphorus,Inflow,409
0.13,6_CACTA002,Phosphorus,Inflow,409
0.13,6_CACTA002,Phosphorus,Inflow,410
0.18,6_CACTA002,Phosphorus,Inflow,410
0.25,6_CACTA002,Phosphorus,Inflow,410
0.34,6_CACTA002,Phosphorus,Inflow,410
0.14,6_CACTA002,Phosphorus,Inflow,410
0.13,6_CACTA002,Phosphorus,Inflow,411
0.06,6_CACTA002,Phosphorus,Inflow,411
0.08,6_CACTA002,Phosphorus,Inflow,411
0.14,6_CACTA002,Phosphorus,Inflow,411
0.28,6_CACTA002,Phosphorus,Inflow,411
0.12,6_CACTA002,Phosphorus,Inflow,412
0.25,6_CACTA002,Phosphorus,Inflow,412
0.06,6_CACTA002,Phosphorus,Inflow,412
0.24,6_CACTA002,Phosphorus,Inflow,412
0.13,6_CACTA002,Phosphorus,Inflow,412
0.1,6_CACTA002,Phosphorus,Inflow,413
0.13,6_CACTA002,Phosphorus,Inflow,413
0.34,6_CACTA002,Phosphorus,Inflow,413
0.25,6_CACTA002,Phosphorus,Inflow,413
0.24,6_CACTA002,Phosphorus,Inflow,413
0.34,6_CACTA002,Phosphorus,Inflow,414
0.23,6_CACTA002,Phosphorus,Inflow,414
0.28,6_CACTA002,Phosphorus,Inflow,414
0.08,6_CACTA002,Phosphorus,Inflow,414
0.1,6_CACTA002,Phosphorus,Inflow,414
0.13,6_CACTA002,Phosphorus,Inflow,415
0.12,6_CACTA002,Phosphorus,Inflow,415
0.28,6_CACTA002,Phosphorus,Inflow,415
0.13,6_CACTA002,Phosphorus,Inflow,415
0.08,6_CACTA002,Phosphorus,Inflow,415
0.14,6_CACTA002,Phosphorus,Inflow,416
0.23,6_CACTA002,Phosphorus,Inflow,416
0.13,6_CACTA002,Phosphorus,Inflow,416
0.28,6_CACTA002,Phosphorus,Inflow,416
0.28,6_CACTA002,Phosphorus,Inflow,416
0.25,6_CACTA002,Phosphorus,Inflow,417
0.24,6_CACTA002,Phosphorus,Inflow,417
0.14,6_CACTA002,Phosphorus,Inflow,417
0.28,6_CACTA002,Phosphorus,Inflow,417
0.08,6_CACTA002,Phosphorus,Inflow,417
0.23,6_CACTA002,Phosphorus,Inflow,418
0.1,6_CACTA002,Phosphorus,Inflow,418
0.24,6_CACTA002,Phosphorus,Inflow,418
0.13,6_CACTA002,Phosphorus,Inflow,418
0.18,6_CACTA002,Phosphorus,Inflow,418
0.13,6_CACTA002,Phosphorus,Inflow,419
0.34,6_CACTA002,Phosphorus,Inflow,419
0.28,6_CACTA002,Phosphorus,Inflow,419
0.1,6_CACTA002,Phosphorus,Inflow,419
0.13,6_CACTA002,Phosphorus,Inflow,419
0.23,6_CACTA002,Phosphorus,Inflow,420
0.29,6_CACTA002,Phosphorus,Inflow,420
0.12,6_CACTA002,Phosphorus,Inflow,420
0.25,6_CACTA002,Phosphorus,Inflow,420
0.28,6_CACTA002,Phosphorus,Inflow,420
0.34,6_CACTA002,Phosphorus,Inflow,421
0.12,6_CACTA002,Phosphorus,Inflow,421
0.14,6_CACTA002,Phosphorus,Inflow,421
0.29,6_CACTA002,Phosphorus,Inflow,421
0.28,6_CACTA002,Phosphorus,Inflow,421
0.28,6_CACTA002,Phosphorus,Inflow,422
0.12,6_CACTA002,Phosphorus,Inflow,422
0.1,6_CACTA002,Phosphorus,Inflow,422
0.18,6_CACTA002,Phosphorus,Inflow,422
0.29,6_CACTA002,Phosphorus,Inflow,422
0.29,6_CACTA002,Phosphorus,Inflow,423
0.08,6_CACTA002,Phosphorus,Inflow,423
0.18,6_CACTA002,Phosphorus,Inflow,423
0.13,6_CACTA002,Phosphorus,Inflow,423
0.06,6_CACTA002,Phosphorus,Inflow,423
0.25,6_CACTA002,Phosphorus,Inflow,424
0.14,6_CACTA002,Phosphorus,Inflow,424
0.23,6_CACTA002,Phosphorus,Inflow,424
0.13,6_CACTA002,Phosphorus,Inflow,424
0.34,6_CACTA002,Phosphorus,Inflow,424
0.34,6_CACTA002,Phosphorus,Inflow,425
0.24,6_CACTA002,Phosphorus,Inflow,425
0.18,6_CACTA002,Phosphorus,Inflow,425
0.1,6_CACTA002,Phosphorus,Inflow,425
0.28,6_CACTA002,Phosphorus,Inflow,425
0.08,6_CACTA002,Phosphorus,Inflow,426
0.29,6_CACTA002,Phosphorus,Inflow,426
0.12,6_CACTA002,Phosphorus,Inflow,426
0.28,6_CACTA002,Phosphorus,Inflow,426
0.24,6_CACTA002,Phosphorus,Inflow,426
0.29,6_CACTA002,Phosphorus,Inflow,427
0.06,6_CACTA002,Phosphorus,Inflow,427
0.13,6_CACTA002,Phosphorus,Inflow,427
0.14,6_CACTA002,Phosphorus,Inflow,427
0.13,6_CACTA002,Phosphorus,Inflow,427
0.1,6_CACTA002,Phosphorus,Inflow,428
0.13,6_CACTA002,Phosphorus,Inflow,428
0.12,6_CACTA002,Phosphorus,Inflow,428
0.18,6_CACTA002,Phosphorus,Inflow,428
0.23,6_CACTA002,Phosphorus,Inflow,428
0.14,6_CACTA002,Phosphorus,Inflow,429
0.18,6_CACTA002,Phosphorus,Inflow,429
0.12,6_CACTA002,Phosphorus,Inflow,429
0.13,6_CACTA002,Phosphorus,Inflow,429
0.23,6_CACTA002,Phosphorus,Inflow,429
0.28,6_CACTA002,Phosphorus,Inflow,430
0.29,6_CACTA002,Phosphorus,Inflow,430
0.06,6_CACTA002,Phosphorus,Inflow,430
0.28,6_CACTA002,Phosphorus,Inflow,430
0.1,6_CACTA002,Phosphorus,Inflow,430
0.28,6_CACTA002,Phosphorus,Inflow,431
0.1,6_CACTA002,Phosphorus,Inflow,431
0.13,6_CACTA002,Phosphorus,Inflow,431
0.12,6_CACTA002,Phosphorus,Inflow,431
0.06,6_CACTA002,Phosphorus,Inflow,431
0.24,6_CACTA002,Phosphorus,Inflow,432
0.06,6_CACTA002,Phosphorus,Inflow,432
0.18,6_CACTA002,Phosphorus,Inflow,432
0.1,6_CACTA002,Phosphorus,Inflow,432
0.08,6_CACTA002,Phosphorus,Inflow,432
0.25,6_CACTA002,Phosphorus,Inflow,433
0.13,6_CACTA002,Phosphorus,Inflow,433
0.28,6_CACTA002,Phosphorus,Inflow,433
0.23,6_CACTA002,Phosphorus,Inflow,433
0.14,6_CACTA002,Phosphorus,Inflow,433
0.06,6_CACTA002,Phosphorus,Inflow,434
0.29,6_CACTA002,Phosphorus,Inflow,434
0.18,6_CACTA002,Phosphorus,Inflow,434
0.28,6_CACTA002,Phosphorus,Inflow,434
0.08,6_CACTA002,Phosphorus,Inflow,434
0.06,6_CACTA002,Phosphorus,Inflow,435
0.08,6_CACTA002,Phosphorus,Inflow,435
0.24,6_CACTA002,Phosphorus,Inflow,435
0.25,6_CACTA002,Phosphorus,Inflow,435
0.14,6_CACTA002,Phosphorus,Inflow,435
0.14,6_CACTA002,Phosphorus,Inflow,436
0.28,6_CACTA002,Phosphorus,Inflow,436
0.34,6_CACTA002,Phosphorus,Inflow,436
0.13,6_CACTA002,Phosphorus,Inflow,436
0.25,6_CACTA002,Phosphorus,Inflow,436
0.13,6_CACTA002,Phosphorus,Inflow,437
0.18,6_CACTA002,Phosphorus,Inflow,437
0.1,6_CACTA002,Phosphorus,Inflow,437
0.25,6_CACTA002,Phosphorus,Inflow,437
0.24,6_CACTA002,Phosphorus,Inflow,437
0.14,6_CACTA002,Phosphorus,Inflow,438
0.18,6_CACTA002,Phosphorus,Inflow,438
0.25,6_CACTA002,Phosphorus,Inflow,438
0.28,6_CACTA002,Phosphorus,Inflow,438
0.24,6_CACTA002,Phosphorus,Inflow,438
0.06,6_CACTA002,Phosphorus,Inflow,439
0.24,6_CACTA002,Phosphorus,Inflow,439
0.29,6_CACTA002,Phosphorus,Inflow,439
0.13,6_CACTA002,Phosphorus,Inflow,439
0.34,6_CACTA002,Phosphorus,Inflow,439
0.25,6_CACTA002,Phosphorus,Inflow,440
0.24,6_CACTA002,Phosphorus,Inflow,440
0.18,6_CACTA002,Phosphorus,Inflow,440
0.1,6_CACTA002,Phosphorus,Inflow,440
0.13,6_CACTA002,Phosphorus,Inflow,440
0.13,6_CACTA002,Phosphorus,Inflow,441
0.24,6_CACTA002,Phosphorus,Inflow,441
0.28,6_CACTA002,Phosphorus,Inflow,441
0.23,6_CACTA002,Phosphorus,Inflow,441
0.34,6_CACTA002,Phosphorus,Inflow,441
0.13,6_CACTA002,Phosphorus,Inflow,442
0.1,6_CACTA002,Phosphorus,Inflow,442
0.25,6_CACTA002,Phosphorus,Inflow,442
0.14,6_CACTA002,Phosphorus,Inflow,442
0.12,6_CACTA002,Phosphorus,Inflow,442
0.13,6_CACTA002,Phosphorus,Inflow,443
0.06,6_CACTA002,Phosphorus,Inflow,443
0.08,6_CACTA002,Phosphorus,Inflow,443
0.24,6_CACTA002,Phosphorus,Inflow,443
0.1,6_CACTA002,Phosphorus,Inflow,443
0.13,6_CACTA002,Phosphorus,Inflow,444
0.13,6_CACTA002,Phosphorus,Inflow,444
0.24,6_CACTA002,Phosphorus,Inflow,444
0.25,6_CACTA002,Phosphorus,Inflow,444
0.14,6_CACTA002,Phosphorus,Inflow,444
0.34,6_CACTA002,Phosphorus,Inflow,445
0.06,6_CACTA002,Phosphorus,Inflow,445
0.18,6_CACTA002,Phosphorus,Inflow,445
0.1,6_CACTA002,Phosphorus,Inflow,445
0.28,6_CACTA002,Phosphorus,Inflow,445
0.13,6_CACTA002,Phosphorus,Inflow,446
0.29,6_CACTA002,Phosphorus,Inflow,446
0.18,6_CACTA002,Phosphorus,Inflow,446
0.28,6_CACTA002,Phosphorus,Inflow,446
0.1,6_CACTA002,Phosphorus,Inflow,446
0.28,6_CACTA002,Phosphorus,Inflow,447
0.13,6_CACTA002,Phosphorus,Inflow,447
0.13,6_CACTA002,Phosphorus,Inflow,447
0.34,6_CACTA002,Phosphorus,Inflow,447
0.14,6_CACTA002,Phosphorus,Inflow,447
0.34,6_CACTA002,Phosphorus,Inflow,448
0.28,6_CACTA002,Phosphorus,Inflow,448
0.29,6_CACTA002,Phosphorus,Inflow,448
0.23,6_CACTA002,Phosphorus,Inflow,448
0.18,6_CACTA002,Phosphorus,Inflow,448
0.29,6_CACTA002,Phosphorus,Inflow,449
0.06,6_CACTA002,Phosphorus,Inflow,449
0.25,6_CACTA002,Phosphorus,Inflow,449
0.23,6_CACTA002,Phosphorus,Inflow,449
0.34,6_CACTA002,Phosphorus,Inflow,449
0.1,6_CACTA002,Phosphorus,Inflow,450
0.29,6_CACTA002,Phosphorus,Inflow,450
0.13,6_CACTA002,Phosphorus,Inflow,450
0.34,6_CACTA002,Phosphorus,Inflow,450
0.13,6_CACTA002,Phosphorus,Inflow,450
0.12,6_CACTA002,Phosphorus,Inflow,451
0.08,6_CACTA002,Phosphorus,Inflow,451
0.28,6_CACTA002,Phosphorus,Inflow,451
0.13,6_CACTA002,Phosphorus,Inflow,451
0.23,6_CACTA002,Phosphorus,Inflow,451
0.1,6_CACTA002,Phosphorus,Inflow,452
0.23,6_CACTA002,Phosphorus,Inflow,452
0.08,6_CACTA002,Phosphorus,Inflow,452
0.13,6_CACTA002,Phosphorus,Inflow,452
0.34,6_CACTA002,Phosphorus,Inflow,452
0.06,6_CACTA002,Phosphorus,Inflow,453
0.29,6_CACTA002,Phosphorus,Inflow,453
0.25,6_CACTA002,Phosphorus,Inflow,453
0.34,6_CACTA002,Phosphorus,Inflow,453
0.1,6_CACTA002,Phosphorus,Inflow,453
0.18,6_CACTA002,Phosphorus,Inflow,454
0.13,6_CACTA002,Phosphorus,Inflow,454
0.1,6_CACTA002,Phosphorus,Inflow,454
0.34,6_CACTA002,Phosphorus,Inflow,454
0.13,6_CACTA002,Phosphorus,Inflow,454
0.13,6_CACTA002,Phosphorus,Inflow,455
0.24,6_CACTA002,Phosphorus,Inflow,455
0.29,6_CACTA002,Phosphorus,Inflow,455
0.34,6_CACTA002,Phosphorus,Inflow,455
0.06,6_CACTA002,Phosphorus,Inflow,455
0.1,6_CACTA002,Phosphorus,Inflow,456
0.25,6_CACTA002,Phosphorus,Inflow,456
0.13,6_CACTA002,Phosphorus,Inflow,456
0.24,6_CACTA002,Phosphorus,Inflow,456
0.13,6_CACTA002,Phosphorus,Inflow,456
0.29,6_CACTA002,Phosphorus,Inflow,457
0.1,6_CACTA002,Phosphorus,Inflow,457
0.28,6_CACTA002,Phosphorus,Inflow,457
0.08,6_CACTA002,Phosphorus,Inflow,457
0.13,6_CACTA002,Phosphorus,Inflow,457
0.12,6_CACTA002,Phosphorus,Inflow,458
0.28,6_CACTA002,Phosphorus,Inflow,458
0.1,6_CACTA002,Phosphorus,Inflow,458
0.24,6_CACTA002,Phosphorus,Inflow,458
0.29,6_CACTA002,Phosphorus,Inflow,458
0.24,6_CACTA002,Phosphorus,Inflow,459
0.28,6_CACTA002,Phosphorus,Inflow,459
0.25,6_CACTA002,Phosphorus,Inflow,459
0.14,6_CACTA002,Phosphorus,Inflow,459
0.13,6_CACTA002,Phosphorus,Inflow,459
0.06,6_CACTA002,Phosphorus,Inflow,460
0.28,6_CACTA002,Phosphorus,Inflow,460
0.18,6_CACTA002,Phosphorus,Inflow,460
0.24,6_CACTA002,Phosphorus,Inflow,460
0.28,6_CACTA002,Phosphorus,Inflow,460
0.24,6_CACTA002,Phosphorus,Inflow,461
0.12,6_CACTA002,Phosphorus,Inflow,461
0.14,6_CACTA002,Phosphorus,Inflow,461
0.25,6_CACTA002,Phosphorus,Inflow,461
0.18,6_CACTA002,Phosphorus,Inflow,461
0.12,6_CACTA002,Phosphorus,Inflow,462
0.23,6_CACTA002,Phosphorus,Inflow,462
0.13,6_CACTA002,Phosphorus,Inflow,462
0.13,6_CACTA002,Phosphorus,Inflow,462
0.34,6_CACTA002,Phosphorus,Inflow,462
0.34,6_CACTA002,Phosphorus,Inflow,463
0.12,6_CACTA002,Phosphorus,Inflow,463
0.18,6_CACTA002,Phosphorus,Inflow,463
0.14,6_CACTA002,Phosphorus,Inflow,463
0.13,6_CACTA002,Phosphorus,Inflow,463
0.13,6_CACTA002,Phosphorus,Inflow,464
0.23,6_CACTA002,Phosphorus,Inflow,464
0.13,6_CACTA002,Phosphorus,Inflow,464
0.18,6_CACTA002,Phosphorus,Inflow,464
0.1,6_CACTA002,Phosphorus,Inflow,464
0.08,6_CACTA002,Phosphorus,Inflow,465
0.24,6_CACTA002,Phosphorus,Inflow,465
0.1,6_CACTA002,Phosphorus,Inflow,465
0.12,6_CACTA002,Phosphorus,Inflow,465
0.28,6_CACTA002,Phosphorus,Inflow,465
0.23,6_CACTA002,Phosphorus,Inflow,466
0.14,6_CACTA002,Phosphorus,Inflow,466
0.12,6_CACTA002,Phosphorus,Inflow,466
0.1,6_CACTA002,Phosphorus,Inflow,466
0.13,6_CACTA002,Phosphorus,Inflow,466
0.25,6_CACTA002,Phosphorus,Inflow,467
0.08,6_CACTA002,Phosphorus,Inflow,467
0.28,6_CACTA002,Phosphorus,Inflow,467
0.18,6_CACTA002,Phosphorus,Inflow,467
0.24,6_CACTA002,Phosphorus,Inflow,467
0.13,6_CACTA002,Phosphorus,Inflow,468
0.23,6_CACTA002,Phosphorus,Inflow,468
0.13,6_CACTA002,Phosphorus,Inflow,468
0.29,6_CACTA002,Phosphorus,Inflow,468
0.24,6_CACTA002,Phosphorus,Inflow,468
0.13,6_CACTA002,Phosphorus,Inflow,469
0.06,6_CACTA002,Phosphorus,Inflow,469
0.1,6_CACTA002,Phosphorus,Inflow,469
0.28,6_CACTA002,Phosphorus,Inflow,469
0.25,6_CACTA002,Phosphorus,Inflow,469
0.28,6_CACTA002,Phosphorus,Inflow,470
0.14,6_CACTA002,Phosphorus,Inflow,470
0.25,6_CACTA002,Phosphorus,Inflow,470
0.06,6_CACTA002,Phosphorus,Inflow,470
0.34,6_CACTA002,Phosphorus,Inflow,470
0.13,6_CACTA002,Phosphorus,Inflow,471
0.23,6_CACTA002,Phosphorus,Inflow,471
0.34,6_CACTA002,Phosphorus,Inflow,471
0.1,6_CACTA002,Phosphorus,Inflow,471
0.06,6_CACTA002,Phosphorus,Inflow,471
0.28,6_CACTA002,Phosphorus,Inflow,472
0.12,6_CACTA002,Phosphorus,Inflow,472
0.24,6_CACTA002,Phosphorus,Inflow,472
0.28,6_CACTA002,Phosphorus,Inflow,472
0.13,6_CACTA002,Phosphorus,Inflow,472
0.13,6_CACTA002,Phosphorus,Inflow,473
0.13,6_CACTA002,Phosphorus,Inflow,473
0.18,6_CACTA002,Phosphorus,Inflow,473
0.23,6_CACTA002,Phosphorus,Inflow,473
0.28,6_CACTA002,Phosphorus,Inflow,473
0.08,6_CACTA002,Phosphorus,Inflow,474
0.12,6_CACTA002,Phosphorus,Inflow,474
0.28,6_CACTA002,Phosphorus,Inflow,474
0.29,6_CACTA002,Phosphorus,Inflow,474
0.13,6_CACTA002,Phosphorus,Inflow,474
0.13,6_CACTA002,Phosphorus,Inflow,475
0.28,6_CACTA002,Phosphorus,Inflow,475
0.06,6_CACTA002,Phosphorus,Inflow,475
0.23,6_CACTA002,Phosphorus,Inflow,475
0.29,6_CACTA002,Phosphorus,Inflow,475
0.25,6_CACTA002,Phosphorus,Inflow,476
0.13,6_CACTA002,Phosphorus,Inflow,476
0.08,6_CACTA002,Phosphorus,Inflow,476
0.24,6_CACTA002,Phosphorus,Inflow,476
0.13,6_CACTA002,Phosphorus,Inflow,476
0.1,6_CACTA002,Phosphorus,Inflow,477
0.34,6_CACTA002,Phosphorus,Inflow,477
0.24,6_CACTA002,Phosphorus,Inflow,477
0.18,6_CACTA002,Phosphorus,Inflow,477
0.06,6_CACTA002,Phosphorus,Inflow,477
0.13,6_CACTA002,Phosphorus,Inflow,478
0.06,6_CACTA002,Phosphorus,Inflow,478
0.23,6_CACTA002,Phosphorus,Inflow,478
0.13,6_CACTA002,Phosphorus,Inflow,478
0.18,6_CACTA002,Phosphorus,Inflow,478
0.13,6_CACTA002,Phosphorus,Inflow,479
0.28,6_CACTA002,Phosphorus,Inflow,479
0.24,6_CACTA002,Phosphorus,Inflow,479
0.12,6_CACTA002,Phosphorus,Inflow,479
0.34,6_CACTA002,Phosphorus,Inflow,479
0.28,6_CACTA002,Phosphorus,Inflow,480
0.28,6_CACTA002,Phosphorus,Inflow,480
0.13,6_CACTA002,Phosphorus,Inflow,480
0.13,6_CACTA002,Phosphorus,Inflow,480
0.24,6_CACTA002,Phosphorus,Inflow,480
0.29,6_CACTA002,Phosphorus,Inflow,481
0.34,6_CACTA002,Phosphorus,Inflow,481
0.1,6_CACTA002,Phosphorus,Inflow,481
0.08,6_CACTA002,Phosphorus,Inflow,481
0.24,6_CACTA002,Phosphorus,Inflow,481
0.12,6_CACTA002,Phosphorus,Inflow,482
0.25,6_CACTA002,Phosphorus,Inflow,482
0.08,6_CACTA002,Phosphorus,Inflow,482
0.24,6_CACTA002,Phosphorus,Inflow,482
0.13,6_CACTA002,Phosphorus,Inflow,482
0.1,6_CACTA002,Phosphorus,Inflow,483
0.18,6_CACTA002,Phosphorus,Inflow,483
0.29,6_CACTA002,Phosphorus,Inflow,483
0.12,6_CACTA002,Phosphorus,Inflow,483
0.13,6_CACTA002,Phosphorus,Inflow,483
0.14,6_CACTA002,Phosphorus,Inflow,484
0.29,6_CACTA002,Phosphorus,Inflow,484
0.24,6_CACTA002,Phosphorus,Inflow,484
0.34,6_CACTA002,Phosphorus,Inflow,484
0.28,6_CACTA002,Phosphorus,Inflow,484
0.29,6_CACTA002,Phosphorus,Inflow,485
0.28,6_CACTA002,Phosphorus,Inflow,485
0.13,6_CACTA002,Phosphorus,Inflow,485
0.12,6_CACTA002,Phosphorus,Inflow,485
0.34,6_CACTA002,Phosphorus,Inflow,485
0.13,6_CACTA002,Phosphorus,Inflow,486
0.1,6_CACTA002,Phosphorus,Inflow,486
0.13,6_CACTA002,Phosphorus,Inflow,486
0.13,6_CACTA002,Phosphorus,Inflow,486
0.29,6_CACTA002,Phosphorus,Inflow,486
0.06,6_CACTA002,Phosphorus,Inflow,487
0.13,6_CACTA002,Phosphorus,Inflow,487
0.1,6_CACTA002,Phosphorus,Inflow,487
0.25,6_CACTA002,Phosphorus,Inflow,487
0.18,6_CACTA002,Phosphorus,Inflow,487
0.13,6_CACTA002,Phosphorus,Inflow,488
0.18,6_CACTA002,Phosphorus,Inflow,488
0.28,6_CACTA002,Phosphorus,Inflow,488
0.1,6_CACTA002,Phosphorus,Inflow,488
0.25,6_CACTA002,Phosphorus,Inflow,488
0.18,6_CACTA002,Phosphorus,Inflow,489
0.25,6_CACTA002,Phosphorus,Inflow,489
0.28,6_CACTA002,Phosphorus,Inflow,489
0.29,6_CACTA002,Phosphorus,Inflow,489
0.13,6_CACTA002,Phosphorus,Inflow,489
0.23,6_CACTA002,Phosphorus,Inflow,490
0.13,6_CACTA002,Phosphorus,Inflow,490
0.12,6_CACTA002,Phosphorus,Inflow,490
0.29,6_CACTA002,Phosphorus,Inflow,490
0.14,6_CACTA002,Phosphorus,Inflow,490
0.12,6_CACTA002,Phosphorus,Inflow,491
0.28,6_CACTA002,Phosphorus,Inflow,491
0.06,6_CACTA002,Phosphorus,Inflow,491
0.24,6_CACTA002,Phosphorus,Inflow,491
0.29,6_CACTA002,Phosphorus,Inflow,491
0.06,6_CACTA002,Phosphorus,Inflow,492
0.29,6_CACTA002,Phosphorus,Inflow,492
0.18,6_CACTA002,Phosphorus,Inflow,492
0.34,6_CACTA002,Phosphorus,Inflow,492
0.1,6_CACTA002,Phosphorus,Inflow,492
0.14,6_CACTA002,Phosphorus,Inflow,493
0.13,6_CACTA002,Phosphorus,Inflow,493
0.06,6_CACTA002,Phosphorus,Inflow,493
0.12,6_CACTA002,Phosphorus,Inflow,493
0.29,6_CACTA002,Phosphorus,Inflow,493
0.06,6_CACTA002,Phosphorus,Inflow,494
0.25,6_CACTA002,Phosphorus,Inflow,494
0.13,6_CACTA002,Phosphorus,Inflow,494
0.24,6_CACTA002,Phosphorus,Inflow,494
0.08,6_CACTA002,Phosphorus,Inflow,494
0.12,6_CACTA002,Phosphorus,Inflow,495
0.14,6_CACTA002,Phosphorus,Inflow,495
0.25,6_CACTA002,Phosphorus,Inflow,495
0.28,6_CACTA002,Phosphorus,Inflow,495
0.13,6_CACTA002,Phosphorus,Inflow,495
0.06,6_CACTA002,Phosphorus,Inflow,496
0.23,6_CACTA002,Phosphorus,Inflow,496
0.25,6_CACTA002,Phosphorus,Inflow,496
0.13,6_CACTA002,Phosphorus,Inflow,496
0.13,6_CACTA002,Phosphorus,Inflow,496
0.13,6_CACTA002,Phosphorus,Inflow,497
0.13,6_CACTA002,Phosphorus,Inflow,497
0.29,6_CACTA002,Phosphorus,Inflow,497
0.14,6_CACTA002,Phosphorus,Inflow,497
0.25,6_CACTA002,Phosphorus,Inflow,497
0.23,6_CACTA002,Phosphorus,Inflow,498
0.28,6_CACTA002,Phosphorus,Inflow,498
0.12,6_CACTA002,Phosphorus,Inflow,498
0.25,6_CACTA002,Phosphorus,Inflow,498
0.13,6_CACTA002,Phosphorus,Inflow,498
0.34,6_CACTA002,Phosphorus,Inflow,499
0.25,6_CACTA002,Phosphorus,Inflow,499
0.12,6_CACTA002,Phosphorus,Inflow,499
0.24,6_CACTA002,Phosphorus,Inflow,499
0.29,6_CACTA002,Phosphorus,Inflow,499
0.24,6_CACTA002,Phosphorus,Inflow,500
0.34,6_CACTA002,Phosphorus,Inflow,500
0.1,6_CACTA002,Phosphorus,Inflow,500
0.13,6_CACTA002,Phosphorus,Inflow,500
0.18,6_CACTA002,Phosphorus,Inflow,500
