EMC,Location,Analyte,Flow,Run
22.0,2011981340_NC,TSS,Inflow,1
29.0,2011981340_NC,TSS,Inflow,1
44.0,2011981340_NC,TSS,Inflow,1
44.0,2011981340_NC,TSS,Inflow,1
66.0,2011981340_NC,TSS,Inflow,1
44.0,2011981340_NC,TSS,Inflow,2
18.0,2011981340_NC,TSS,Inflow,2
20.0,2011981340_NC,TSS,Inflow,2
15.0,2011981340_NC,TSS,Inflow,2
92.0,2011981340_NC,TSS,Inflow,2
18.0,2011981340_NC,TSS,Inflow,3
49.0,2011981340_NC,TSS,Inflow,3
84.0,2011981340_NC,TSS,Inflow,3
21.0,2011981340_NC,TSS,Inflow,3
63.0,2011981340_NC,TSS,Inflow,3
66.0,2011981340_NC,TSS,Inflow,4
19.0,2011981340_NC,TSS,Inflow,4
18.0,2011981340_NC,TSS,Inflow,4
50.0,2011981340_NC,TSS,Inflow,4
15.0,2011981340_NC,TSS,Inflow,4
19.0,2011981340_NC,TSS,Inflow,5
22.0,2011981340_NC,TSS,Inflow,5
60.0,2011981340_NC,TSS,Inflow,5
16.0,2011981340_NC,TSS,Inflow,5
18.0,2011981340_NC,TSS,Inflow,5
18.0,2011981340_NC,TSS,Inflow,6
20.0,2011981340_NC,TSS,Inflow,6
16.0,2011981340_NC,TSS,Inflow,6
18.0,2011981340_NC,TSS,Inflow,6
44.0,2011981340_NC,TSS,Inflow,6
21.0,2011981340_NC,TSS,Inflow,7
5.0,2011981340_NC,TSS,Inflow,7
22.0,2011981340_NC,TSS,Inflow,7
132.0,2011981340_NC,TSS,Inflow,7
20.0,2011981340_NC,TSS,Inflow,7
63.0,2011981340_NC,TSS,Inflow,8
21.0,2011981340_NC,TSS,Inflow,8
50.0,2011981340_NC,TSS,Inflow,8
60.0,2011981340_NC,TSS,Inflow,8
29.0,2011981340_NC,TSS,Inflow,8
125.0,2011981340_NC,TSS,Inflow,9
49.0,2011981340_NC,TSS,Inflow,9
19.0,2011981340_NC,TSS,Inflow,9
21.0,2011981340_NC,TSS,Inflow,9
18.0,2011981340_NC,TSS,Inflow,9
39.0,2011981340_NC,TSS,Inflow,10
66.0,2011981340_NC,TSS,Inflow,10
19.0,2011981340_NC,TSS,Inflow,10
15.0,2011981340_NC,TSS,Inflow,10
92.0,2011981340_NC,TSS,Inflow,10
63.0,2011981340_NC,TSS,Inflow,11
84.0,2011981340_NC,TSS,Inflow,11
20.0,2011981340_NC,TSS,Inflow,11
125.0,2011981340_NC,TSS,Inflow,11
11.0,2011981340_NC,TSS,Inflow,11
84.0,2011981340_NC,TSS,Inflow,12
19.0,2011981340_NC,TSS,Inflow,12
5.0,2011981340_NC,TSS,Inflow,12
76.0,2011981340_NC,TSS,Inflow,12
60.0,2011981340_NC,TSS,Inflow,12
18.0,2011981340_NC,TSS,Inflow,13
16.0,2011981340_NC,TSS,Inflow,13
29.0,2011981340_NC,TSS,Inflow,13
19.0,2011981340_NC,TSS,Inflow,13
5.0,2011981340_NC,TSS,Inflow,13
18.0,2011981340_NC,TSS,Inflow,14
76.0,2011981340_NC,TSS,Inflow,14
16.0,2011981340_NC,TSS,Inflow,14
15.0,2011981340_NC,TSS,Inflow,14
84.0,2011981340_NC,TSS,Inflow,14
46.0,2011981340_NC,TSS,Inflow,15
132.0,2011981340_NC,TSS,Inflow,15
16.0,2011981340_NC,TSS,Inflow,15
92.0,2011981340_NC,TSS,Inflow,15
76.0,2011981340_NC,TSS,Inflow,15
60.0,2011981340_NC,TSS,Inflow,16
16.0,2011981340_NC,TSS,Inflow,16
44.0,2011981340_NC,TSS,Inflow,16
66.0,2011981340_NC,TSS,Inflow,16
84.0,2011981340_NC,TSS,Inflow,16
66.0,2011981340_NC,TSS,Inflow,17
20.0,2011981340_NC,TSS,Inflow,17
92.0,2011981340_NC,TSS,Inflow,17
21.0,2011981340_NC,TSS,Inflow,17
21.0,2011981340_NC,TSS,Inflow,17
18.0,2011981340_NC,TSS,Inflow,18
46.0,2011981340_NC,TSS,Inflow,18
60.0,2011981340_NC,TSS,Inflow,18
44.0,2011981340_NC,TSS,Inflow,18
19.0,2011981340_NC,TSS,Inflow,18
44.0,2011981340_NC,TSS,Inflow,19
29.0,2011981340_NC,TSS,Inflow,19
76.0,2011981340_NC,TSS,Inflow,19
66.0,2011981340_NC,TSS,Inflow,19
125.0,2011981340_NC,TSS,Inflow,19
63.0,2011981340_NC,TSS,Inflow,20
15.0,2011981340_NC,TSS,Inflow,20
18.0,2011981340_NC,TSS,Inflow,20
125.0,2011981340_NC,TSS,Inflow,20
68.0,2011981340_NC,TSS,Inflow,20
66.0,2011981340_NC,TSS,Inflow,21
49.0,2011981340_NC,TSS,Inflow,21
46.0,2011981340_NC,TSS,Inflow,21
11.0,2011981340_NC,TSS,Inflow,21
16.0,2011981340_NC,TSS,Inflow,21
44.0,2011981340_NC,TSS,Inflow,22
44.0,2011981340_NC,TSS,Inflow,22
18.0,2011981340_NC,TSS,Inflow,22
132.0,2011981340_NC,TSS,Inflow,22
60.0,2011981340_NC,TSS,Inflow,22
44.0,2011981340_NC,TSS,Inflow,23
11.0,2011981340_NC,TSS,Inflow,23
132.0,2011981340_NC,TSS,Inflow,23
84.0,2011981340_NC,TSS,Inflow,23
68.0,2011981340_NC,TSS,Inflow,23
39.0,2011981340_NC,TSS,Inflow,24
46.0,2011981340_NC,TSS,Inflow,24
132.0,2011981340_NC,TSS,Inflow,24
92.0,2011981340_NC,TSS,Inflow,24
21.0,2011981340_NC,TSS,Inflow,24
46.0,2011981340_NC,TSS,Inflow,25
18.0,2011981340_NC,TSS,Inflow,25
44.0,2011981340_NC,TSS,Inflow,25
15.0,2011981340_NC,TSS,Inflow,25
84.0,2011981340_NC,TSS,Inflow,25
76.0,2011981340_NC,TSS,Inflow,26
44.0,2011981340_NC,TSS,Inflow,26
132.0,2011981340_NC,TSS,Inflow,26
29.0,2011981340_NC,TSS,Inflow,26
50.0,2011981340_NC,TSS,Inflow,26
46.0,2011981340_NC,TSS,Inflow,27
125.0,2011981340_NC,TSS,Inflow,27
76.0,2011981340_NC,TSS,Inflow,27
21.0,2011981340_NC,TSS,Inflow,27
92.0,2011981340_NC,TSS,Inflow,27
63.0,2011981340_NC,TSS,Inflow,28
11.0,2011981340_NC,TSS,Inflow,28
16.0,2011981340_NC,TSS,Inflow,28
92.0,2011981340_NC,TSS,Inflow,28
76.0,2011981340_NC,TSS,Inflow,28
29.0,2011981340_NC,TSS,Inflow,29
92.0,2011981340_NC,TSS,Inflow,29
18.0,2011981340_NC,TSS,Inflow,29
44.0,2011981340_NC,TSS,Inflow,29
63.0,2011981340_NC,TSS,Inflow,29
16.0,2011981340_NC,TSS,Inflow,30
132.0,2011981340_NC,TSS,Inflow,30
76.0,2011981340_NC,TSS,Inflow,30
60.0,2011981340_NC,TSS,Inflow,30
18.0,2011981340_NC,TSS,Inflow,30
22.0,2011981340_NC,TSS,Inflow,31
21.0,2011981340_NC,TSS,Inflow,31
18.0,2011981340_NC,TSS,Inflow,31
46.0,2011981340_NC,TSS,Inflow,31
92.0,2011981340_NC,TSS,Inflow,31
50.0,2011981340_NC,TSS,Inflow,32
92.0,2011981340_NC,TSS,Inflow,32
39.0,2011981340_NC,TSS,Inflow,32
44.0,2011981340_NC,TSS,Inflow,32
63.0,2011981340_NC,TSS,Inflow,32
19.0,2011981340_NC,TSS,Inflow,33
63.0,2011981340_NC,TSS,Inflow,33
68.0,2011981340_NC,TSS,Inflow,33
15.0,2011981340_NC,TSS,Inflow,33
50.0,2011981340_NC,TSS,Inflow,33
46.0,2011981340_NC,TSS,Inflow,34
125.0,2011981340_NC,TSS,Inflow,34
66.0,2011981340_NC,TSS,Inflow,34
15.0,2011981340_NC,TSS,Inflow,34
60.0,2011981340_NC,TSS,Inflow,34
76.0,2011981340_NC,TSS,Inflow,35
21.0,2011981340_NC,TSS,Inflow,35
44.0,2011981340_NC,TSS,Inflow,35
21.0,2011981340_NC,TSS,Inflow,35
11.0,2011981340_NC,TSS,Inflow,35
76.0,2011981340_NC,TSS,Inflow,36
44.0,2011981340_NC,TSS,Inflow,36
60.0,2011981340_NC,TSS,Inflow,36
18.0,2011981340_NC,TSS,Inflow,36
66.0,2011981340_NC,TSS,Inflow,36
39.0,2011981340_NC,TSS,Inflow,37
21.0,2011981340_NC,TSS,Inflow,37
68.0,2011981340_NC,TSS,Inflow,37
63.0,2011981340_NC,TSS,Inflow,37
19.0,2011981340_NC,TSS,Inflow,37
63.0,2011981340_NC,TSS,Inflow,38
18.0,2011981340_NC,TSS,Inflow,38
76.0,2011981340_NC,TSS,Inflow,38
60.0,2011981340_NC,TSS,Inflow,38
49.0,2011981340_NC,TSS,Inflow,38
132.0,2011981340_NC,TSS,Inflow,39
84.0,2011981340_NC,TSS,Inflow,39
18.0,2011981340_NC,TSS,Inflow,39
44.0,2011981340_NC,TSS,Inflow,39
46.0,2011981340_NC,TSS,Inflow,39
132.0,2011981340_NC,TSS,Inflow,40
18.0,2011981340_NC,TSS,Inflow,40
68.0,2011981340_NC,TSS,Inflow,40
44.0,2011981340_NC,TSS,Inflow,40
66.0,2011981340_NC,TSS,Inflow,40
21.0,2011981340_NC,TSS,Inflow,41
19.0,2011981340_NC,TSS,Inflow,41
5.0,2011981340_NC,TSS,Inflow,41
20.0,2011981340_NC,TSS,Inflow,41
92.0,2011981340_NC,TSS,Inflow,41
68.0,2011981340_NC,TSS,Inflow,42
44.0,2011981340_NC,TSS,Inflow,42
60.0,2011981340_NC,TSS,Inflow,42
20.0,2011981340_NC,TSS,Inflow,42
19.0,2011981340_NC,TSS,Inflow,42
50.0,2011981340_NC,TSS,Inflow,43
19.0,2011981340_NC,TSS,Inflow,43
66.0,2011981340_NC,TSS,Inflow,43
63.0,2011981340_NC,TSS,Inflow,43
92.0,2011981340_NC,TSS,Inflow,43
5.0,2011981340_NC,TSS,Inflow,44
132.0,2011981340_NC,TSS,Inflow,44
63.0,2011981340_NC,TSS,Inflow,44
125.0,2011981340_NC,TSS,Inflow,44
19.0,2011981340_NC,TSS,Inflow,44
50.0,2011981340_NC,TSS,Inflow,45
21.0,2011981340_NC,TSS,Inflow,45
132.0,2011981340_NC,TSS,Inflow,45
22.0,2011981340_NC,TSS,Inflow,45
46.0,2011981340_NC,TSS,Inflow,45
46.0,2011981340_NC,TSS,Inflow,46
50.0,2011981340_NC,TSS,Inflow,46
92.0,2011981340_NC,TSS,Inflow,46
76.0,2011981340_NC,TSS,Inflow,46
49.0,2011981340_NC,TSS,Inflow,46
20.0,2011981340_NC,TSS,Inflow,47
50.0,2011981340_NC,TSS,Inflow,47
16.0,2011981340_NC,TSS,Inflow,47
66.0,2011981340_NC,TSS,Inflow,47
11.0,2011981340_NC,TSS,Inflow,47
18.0,2011981340_NC,TSS,Inflow,48
46.0,2011981340_NC,TSS,Inflow,48
19.0,2011981340_NC,TSS,Inflow,48
15.0,2011981340_NC,TSS,Inflow,48
84.0,2011981340_NC,TSS,Inflow,48
21.0,2011981340_NC,TSS,Inflow,49
19.0,2011981340_NC,TSS,Inflow,49
44.0,2011981340_NC,TSS,Inflow,49
44.0,2011981340_NC,TSS,Inflow,49
66.0,2011981340_NC,TSS,Inflow,49
46.0,2011981340_NC,TSS,Inflow,50
19.0,2011981340_NC,TSS,Inflow,50
5.0,2011981340_NC,TSS,Inflow,50
125.0,2011981340_NC,TSS,Inflow,50
84.0,2011981340_NC,TSS,Inflow,50
49.0,2011981340_NC,TSS,Inflow,51
50.0,2011981340_NC,TSS,Inflow,51
125.0,2011981340_NC,TSS,Inflow,51
44.0,2011981340_NC,TSS,Inflow,51
68.0,2011981340_NC,TSS,Inflow,51
39.0,2011981340_NC,TSS,Inflow,52
19.0,2011981340_NC,TSS,Inflow,52
46.0,2011981340_NC,TSS,Inflow,52
84.0,2011981340_NC,TSS,Inflow,52
50.0,2011981340_NC,TSS,Inflow,52
39.0,2011981340_NC,TSS,Inflow,53
125.0,2011981340_NC,TSS,Inflow,53
84.0,2011981340_NC,TSS,Inflow,53
20.0,2011981340_NC,TSS,Inflow,53
44.0,2011981340_NC,TSS,Inflow,53
5.0,2011981340_NC,TSS,Inflow,54
11.0,2011981340_NC,TSS,Inflow,54
39.0,2011981340_NC,TSS,Inflow,54
76.0,2011981340_NC,TSS,Inflow,54
49.0,2011981340_NC,TSS,Inflow,54
50.0,2011981340_NC,TSS,Inflow,55
132.0,2011981340_NC,TSS,Inflow,55
44.0,2011981340_NC,TSS,Inflow,55
15.0,2011981340_NC,TSS,Inflow,55
21.0,2011981340_NC,TSS,Inflow,55
5.0,2011981340_NC,TSS,Inflow,56
76.0,2011981340_NC,TSS,Inflow,56
29.0,2011981340_NC,TSS,Inflow,56
20.0,2011981340_NC,TSS,Inflow,56
92.0,2011981340_NC,TSS,Inflow,56
60.0,2011981340_NC,TSS,Inflow,57
125.0,2011981340_NC,TSS,Inflow,57
84.0,2011981340_NC,TSS,Inflow,57
15.0,2011981340_NC,TSS,Inflow,57
20.0,2011981340_NC,TSS,Inflow,57
18.0,2011981340_NC,TSS,Inflow,58
21.0,2011981340_NC,TSS,Inflow,58
19.0,2011981340_NC,TSS,Inflow,58
21.0,2011981340_NC,TSS,Inflow,58
84.0,2011981340_NC,TSS,Inflow,58
21.0,2011981340_NC,TSS,Inflow,59
76.0,2011981340_NC,TSS,Inflow,59
46.0,2011981340_NC,TSS,Inflow,59
68.0,2011981340_NC,TSS,Inflow,59
44.0,2011981340_NC,TSS,Inflow,59
15.0,2011981340_NC,TSS,Inflow,60
39.0,2011981340_NC,TSS,Inflow,60
18.0,2011981340_NC,TSS,Inflow,60
44.0,2011981340_NC,TSS,Inflow,60
50.0,2011981340_NC,TSS,Inflow,60
92.0,2011981340_NC,TSS,Inflow,61
49.0,2011981340_NC,TSS,Inflow,61
66.0,2011981340_NC,TSS,Inflow,61
19.0,2011981340_NC,TSS,Inflow,61
39.0,2011981340_NC,TSS,Inflow,61
39.0,2011981340_NC,TSS,Inflow,62
46.0,2011981340_NC,TSS,Inflow,62
132.0,2011981340_NC,TSS,Inflow,62
11.0,2011981340_NC,TSS,Inflow,62
44.0,2011981340_NC,TSS,Inflow,62
19.0,2011981340_NC,TSS,Inflow,63
68.0,2011981340_NC,TSS,Inflow,63
63.0,2011981340_NC,TSS,Inflow,63
44.0,2011981340_NC,TSS,Inflow,63
11.0,2011981340_NC,TSS,Inflow,63
16.0,2011981340_NC,TSS,Inflow,64
50.0,2011981340_NC,TSS,Inflow,64
84.0,2011981340_NC,TSS,Inflow,64
21.0,2011981340_NC,TSS,Inflow,64
39.0,2011981340_NC,TSS,Inflow,64
15.0,2011981340_NC,TSS,Inflow,65
21.0,2011981340_NC,TSS,Inflow,65
84.0,2011981340_NC,TSS,Inflow,65
19.0,2011981340_NC,TSS,Inflow,65
60.0,2011981340_NC,TSS,Inflow,65
22.0,2011981340_NC,TSS,Inflow,66
92.0,2011981340_NC,TSS,Inflow,66
15.0,2011981340_NC,TSS,Inflow,66
50.0,2011981340_NC,TSS,Inflow,66
44.0,2011981340_NC,TSS,Inflow,66
21.0,2011981340_NC,TSS,Inflow,67
63.0,2011981340_NC,TSS,Inflow,67
68.0,2011981340_NC,TSS,Inflow,67
76.0,2011981340_NC,TSS,Inflow,67
19.0,2011981340_NC,TSS,Inflow,67
21.0,2011981340_NC,TSS,Inflow,68
125.0,2011981340_NC,TSS,Inflow,68
49.0,2011981340_NC,TSS,Inflow,68
66.0,2011981340_NC,TSS,Inflow,68
50.0,2011981340_NC,TSS,Inflow,68
84.0,2011981340_NC,TSS,Inflow,69
11.0,2011981340_NC,TSS,Inflow,69
49.0,2011981340_NC,TSS,Inflow,69
68.0,2011981340_NC,TSS,Inflow,69
15.0,2011981340_NC,TSS,Inflow,69
5.0,2011981340_NC,TSS,Inflow,70
125.0,2011981340_NC,TSS,Inflow,70
44.0,2011981340_NC,TSS,Inflow,70
18.0,2011981340_NC,TSS,Inflow,70
84.0,2011981340_NC,TSS,Inflow,70
92.0,2011981340_NC,TSS,Inflow,71
11.0,2011981340_NC,TSS,Inflow,71
5.0,2011981340_NC,TSS,Inflow,71
21.0,2011981340_NC,TSS,Inflow,71
49.0,2011981340_NC,TSS,Inflow,71
50.0,2011981340_NC,TSS,Inflow,72
63.0,2011981340_NC,TSS,Inflow,72
20.0,2011981340_NC,TSS,Inflow,72
132.0,2011981340_NC,TSS,Inflow,72
44.0,2011981340_NC,TSS,Inflow,72
44.0,2011981340_NC,TSS,Inflow,73
132.0,2011981340_NC,TSS,Inflow,73
50.0,2011981340_NC,TSS,Inflow,73
18.0,2011981340_NC,TSS,Inflow,73
18.0,2011981340_NC,TSS,Inflow,73
39.0,2011981340_NC,TSS,Inflow,74
5.0,2011981340_NC,TSS,Inflow,74
11.0,2011981340_NC,TSS,Inflow,74
84.0,2011981340_NC,TSS,Inflow,74
21.0,2011981340_NC,TSS,Inflow,74
21.0,2011981340_NC,TSS,Inflow,75
21.0,2011981340_NC,TSS,Inflow,75
125.0,2011981340_NC,TSS,Inflow,75
5.0,2011981340_NC,TSS,Inflow,75
76.0,2011981340_NC,TSS,Inflow,75
76.0,2011981340_NC,TSS,Inflow,76
21.0,2011981340_NC,TSS,Inflow,76
20.0,2011981340_NC,TSS,Inflow,76
15.0,2011981340_NC,TSS,Inflow,76
18.0,2011981340_NC,TSS,Inflow,76
15.0,2011981340_NC,TSS,Inflow,77
84.0,2011981340_NC,TSS,Inflow,77
19.0,2011981340_NC,TSS,Inflow,77
49.0,2011981340_NC,TSS,Inflow,77
18.0,2011981340_NC,TSS,Inflow,77
46.0,2011981340_NC,TSS,Inflow,78
60.0,2011981340_NC,TSS,Inflow,78
63.0,2011981340_NC,TSS,Inflow,78
20.0,2011981340_NC,TSS,Inflow,78
44.0,2011981340_NC,TSS,Inflow,78
19.0,2011981340_NC,TSS,Inflow,79
39.0,2011981340_NC,TSS,Inflow,79
21.0,2011981340_NC,TSS,Inflow,79
18.0,2011981340_NC,TSS,Inflow,79
50.0,2011981340_NC,TSS,Inflow,79
44.0,2011981340_NC,TSS,Inflow,80
39.0,2011981340_NC,TSS,Inflow,80
18.0,2011981340_NC,TSS,Inflow,80
63.0,2011981340_NC,TSS,Inflow,80
18.0,2011981340_NC,TSS,Inflow,80
22.0,2011981340_NC,TSS,Inflow,81
21.0,2011981340_NC,TSS,Inflow,81
18.0,2011981340_NC,TSS,Inflow,81
21.0,2011981340_NC,TSS,Inflow,81
29.0,2011981340_NC,TSS,Inflow,81
76.0,2011981340_NC,TSS,Inflow,82
84.0,2011981340_NC,TSS,Inflow,82
46.0,2011981340_NC,TSS,Inflow,82
44.0,2011981340_NC,TSS,Inflow,82
60.0,2011981340_NC,TSS,Inflow,82
66.0,2011981340_NC,TSS,Inflow,83
92.0,2011981340_NC,TSS,Inflow,83
18.0,2011981340_NC,TSS,Inflow,83
60.0,2011981340_NC,TSS,Inflow,83
125.0,2011981340_NC,TSS,Inflow,83
5.0,2011981340_NC,TSS,Inflow,84
44.0,2011981340_NC,TSS,Inflow,84
63.0,2011981340_NC,TSS,Inflow,84
92.0,2011981340_NC,TSS,Inflow,84
21.0,2011981340_NC,TSS,Inflow,84
60.0,2011981340_NC,TSS,Inflow,85
18.0,2011981340_NC,TSS,Inflow,85
44.0,2011981340_NC,TSS,Inflow,85
19.0,2011981340_NC,TSS,Inflow,85
16.0,2011981340_NC,TSS,Inflow,85
76.0,2011981340_NC,TSS,Inflow,86
15.0,2011981340_NC,TSS,Inflow,86
18.0,2011981340_NC,TSS,Inflow,86
49.0,2011981340_NC,TSS,Inflow,86
92.0,2011981340_NC,TSS,Inflow,86
19.0,2011981340_NC,TSS,Inflow,87
84.0,2011981340_NC,TSS,Inflow,87
39.0,2011981340_NC,TSS,Inflow,87
92.0,2011981340_NC,TSS,Inflow,87
18.0,2011981340_NC,TSS,Inflow,87
39.0,2011981340_NC,TSS,Inflow,88
60.0,2011981340_NC,TSS,Inflow,88
44.0,2011981340_NC,TSS,Inflow,88
50.0,2011981340_NC,TSS,Inflow,88
21.0,2011981340_NC,TSS,Inflow,88
50.0,2011981340_NC,TSS,Inflow,89
68.0,2011981340_NC,TSS,Inflow,89
15.0,2011981340_NC,TSS,Inflow,89
19.0,2011981340_NC,TSS,Inflow,89
125.0,2011981340_NC,TSS,Inflow,89
44.0,2011981340_NC,TSS,Inflow,90
68.0,2011981340_NC,TSS,Inflow,90
15.0,2011981340_NC,TSS,Inflow,90
76.0,2011981340_NC,TSS,Inflow,90
63.0,2011981340_NC,TSS,Inflow,90
20.0,2011981340_NC,TSS,Inflow,91
11.0,2011981340_NC,TSS,Inflow,91
49.0,2011981340_NC,TSS,Inflow,91
92.0,2011981340_NC,TSS,Inflow,91
16.0,2011981340_NC,TSS,Inflow,91
44.0,2011981340_NC,TSS,Inflow,92
49.0,2011981340_NC,TSS,Inflow,92
22.0,2011981340_NC,TSS,Inflow,92
76.0,2011981340_NC,TSS,Inflow,92
132.0,2011981340_NC,TSS,Inflow,92
46.0,2011981340_NC,TSS,Inflow,93
15.0,2011981340_NC,TSS,Inflow,93
49.0,2011981340_NC,TSS,Inflow,93
60.0,2011981340_NC,TSS,Inflow,93
84.0,2011981340_NC,TSS,Inflow,93
50.0,2011981340_NC,TSS,Inflow,94
84.0,2011981340_NC,TSS,Inflow,94
18.0,2011981340_NC,TSS,Inflow,94
76.0,2011981340_NC,TSS,Inflow,94
19.0,2011981340_NC,TSS,Inflow,94
19.0,2011981340_NC,TSS,Inflow,95
49.0,2011981340_NC,TSS,Inflow,95
44.0,2011981340_NC,TSS,Inflow,95
16.0,2011981340_NC,TSS,Inflow,95
125.0,2011981340_NC,TSS,Inflow,95
68.0,2011981340_NC,TSS,Inflow,96
125.0,2011981340_NC,TSS,Inflow,96
18.0,2011981340_NC,TSS,Inflow,96
132.0,2011981340_NC,TSS,Inflow,96
16.0,2011981340_NC,TSS,Inflow,96
63.0,2011981340_NC,TSS,Inflow,97
46.0,2011981340_NC,TSS,Inflow,97
49.0,2011981340_NC,TSS,Inflow,97
20.0,2011981340_NC,TSS,Inflow,97
66.0,2011981340_NC,TSS,Inflow,97
16.0,2011981340_NC,TSS,Inflow,98
21.0,2011981340_NC,TSS,Inflow,98
15.0,2011981340_NC,TSS,Inflow,98
22.0,2011981340_NC,TSS,Inflow,98
18.0,2011981340_NC,TSS,Inflow,98
76.0,2011981340_NC,TSS,Inflow,99
19.0,2011981340_NC,TSS,Inflow,99
39.0,2011981340_NC,TSS,Inflow,99
68.0,2011981340_NC,TSS,Inflow,99
84.0,2011981340_NC,TSS,Inflow,99
20.0,2011981340_NC,TSS,Inflow,100
19.0,2011981340_NC,TSS,Inflow,100
21.0,2011981340_NC,TSS,Inflow,100
49.0,2011981340_NC,TSS,Inflow,100
18.0,2011981340_NC,TSS,Inflow,100
19.0,2011981340_NC,TSS,Inflow,101
76.0,2011981340_NC,TSS,Inflow,101
50.0,2011981340_NC,TSS,Inflow,101
44.0,2011981340_NC,TSS,Inflow,101
132.0,2011981340_NC,TSS,Inflow,101
11.0,2011981340_NC,TSS,Inflow,102
44.0,2011981340_NC,TSS,Inflow,102
60.0,2011981340_NC,TSS,Inflow,102
21.0,2011981340_NC,TSS,Inflow,102
44.0,2011981340_NC,TSS,Inflow,102
44.0,2011981340_NC,TSS,Inflow,103
68.0,2011981340_NC,TSS,Inflow,103
46.0,2011981340_NC,TSS,Inflow,103
92.0,2011981340_NC,TSS,Inflow,103
18.0,2011981340_NC,TSS,Inflow,103
5.0,2011981340_NC,TSS,Inflow,104
84.0,2011981340_NC,TSS,Inflow,104
76.0,2011981340_NC,TSS,Inflow,104
16.0,2011981340_NC,TSS,Inflow,104
92.0,2011981340_NC,TSS,Inflow,104
20.0,2011981340_NC,TSS,Inflow,105
18.0,2011981340_NC,TSS,Inflow,105
11.0,2011981340_NC,TSS,Inflow,105
21.0,2011981340_NC,TSS,Inflow,105
18.0,2011981340_NC,TSS,Inflow,105
21.0,2011981340_NC,TSS,Inflow,106
18.0,2011981340_NC,TSS,Inflow,106
49.0,2011981340_NC,TSS,Inflow,106
68.0,2011981340_NC,TSS,Inflow,106
44.0,2011981340_NC,TSS,Inflow,106
11.0,2011981340_NC,TSS,Inflow,107
50.0,2011981340_NC,TSS,Inflow,107
92.0,2011981340_NC,TSS,Inflow,107
21.0,2011981340_NC,TSS,Inflow,107
19.0,2011981340_NC,TSS,Inflow,107
68.0,2011981340_NC,TSS,Inflow,108
18.0,2011981340_NC,TSS,Inflow,108
22.0,2011981340_NC,TSS,Inflow,108
15.0,2011981340_NC,TSS,Inflow,108
21.0,2011981340_NC,TSS,Inflow,108
5.0,2011981340_NC,TSS,Inflow,109
132.0,2011981340_NC,TSS,Inflow,109
11.0,2011981340_NC,TSS,Inflow,109
22.0,2011981340_NC,TSS,Inflow,109
21.0,2011981340_NC,TSS,Inflow,109
15.0,2011981340_NC,TSS,Inflow,110
44.0,2011981340_NC,TSS,Inflow,110
29.0,2011981340_NC,TSS,Inflow,110
39.0,2011981340_NC,TSS,Inflow,110
11.0,2011981340_NC,TSS,Inflow,110
20.0,2011981340_NC,TSS,Inflow,111
76.0,2011981340_NC,TSS,Inflow,111
5.0,2011981340_NC,TSS,Inflow,111
125.0,2011981340_NC,TSS,Inflow,111
19.0,2011981340_NC,TSS,Inflow,111
15.0,2011981340_NC,TSS,Inflow,112
49.0,2011981340_NC,TSS,Inflow,112
46.0,2011981340_NC,TSS,Inflow,112
5.0,2011981340_NC,TSS,Inflow,112
19.0,2011981340_NC,TSS,Inflow,112
66.0,2011981340_NC,TSS,Inflow,113
20.0,2011981340_NC,TSS,Inflow,113
132.0,2011981340_NC,TSS,Inflow,113
44.0,2011981340_NC,TSS,Inflow,113
49.0,2011981340_NC,TSS,Inflow,113
92.0,2011981340_NC,TSS,Inflow,114
20.0,2011981340_NC,TSS,Inflow,114
11.0,2011981340_NC,TSS,Inflow,114
49.0,2011981340_NC,TSS,Inflow,114
132.0,2011981340_NC,TSS,Inflow,114
5.0,2011981340_NC,TSS,Inflow,115
60.0,2011981340_NC,TSS,Inflow,115
132.0,2011981340_NC,TSS,Inflow,115
29.0,2011981340_NC,TSS,Inflow,115
92.0,2011981340_NC,TSS,Inflow,115
18.0,2011981340_NC,TSS,Inflow,116
21.0,2011981340_NC,TSS,Inflow,116
22.0,2011981340_NC,TSS,Inflow,116
50.0,2011981340_NC,TSS,Inflow,116
15.0,2011981340_NC,TSS,Inflow,116
76.0,2011981340_NC,TSS,Inflow,117
18.0,2011981340_NC,TSS,Inflow,117
66.0,2011981340_NC,TSS,Inflow,117
11.0,2011981340_NC,TSS,Inflow,117
29.0,2011981340_NC,TSS,Inflow,117
44.0,2011981340_NC,TSS,Inflow,118
84.0,2011981340_NC,TSS,Inflow,118
63.0,2011981340_NC,TSS,Inflow,118
92.0,2011981340_NC,TSS,Inflow,118
22.0,2011981340_NC,TSS,Inflow,118
49.0,2011981340_NC,TSS,Inflow,119
132.0,2011981340_NC,TSS,Inflow,119
76.0,2011981340_NC,TSS,Inflow,119
21.0,2011981340_NC,TSS,Inflow,119
68.0,2011981340_NC,TSS,Inflow,119
11.0,2011981340_NC,TSS,Inflow,120
125.0,2011981340_NC,TSS,Inflow,120
5.0,2011981340_NC,TSS,Inflow,120
18.0,2011981340_NC,TSS,Inflow,120
22.0,2011981340_NC,TSS,Inflow,120
5.0,2011981340_NC,TSS,Inflow,121
16.0,2011981340_NC,TSS,Inflow,121
92.0,2011981340_NC,TSS,Inflow,121
18.0,2011981340_NC,TSS,Inflow,121
76.0,2011981340_NC,TSS,Inflow,121
5.0,2011981340_NC,TSS,Inflow,122
39.0,2011981340_NC,TSS,Inflow,122
18.0,2011981340_NC,TSS,Inflow,122
46.0,2011981340_NC,TSS,Inflow,122
76.0,2011981340_NC,TSS,Inflow,122
60.0,2011981340_NC,TSS,Inflow,123
15.0,2011981340_NC,TSS,Inflow,123
21.0,2011981340_NC,TSS,Inflow,123
18.0,2011981340_NC,TSS,Inflow,123
16.0,2011981340_NC,TSS,Inflow,123
46.0,2011981340_NC,TSS,Inflow,124
16.0,2011981340_NC,TSS,Inflow,124
84.0,2011981340_NC,TSS,Inflow,124
29.0,2011981340_NC,TSS,Inflow,124
21.0,2011981340_NC,TSS,Inflow,124
60.0,2011981340_NC,TSS,Inflow,125
125.0,2011981340_NC,TSS,Inflow,125
44.0,2011981340_NC,TSS,Inflow,125
46.0,2011981340_NC,TSS,Inflow,125
16.0,2011981340_NC,TSS,Inflow,125
76.0,2011981340_NC,TSS,Inflow,126
22.0,2011981340_NC,TSS,Inflow,126
5.0,2011981340_NC,TSS,Inflow,126
68.0,2011981340_NC,TSS,Inflow,126
60.0,2011981340_NC,TSS,Inflow,126
92.0,2011981340_NC,TSS,Inflow,127
60.0,2011981340_NC,TSS,Inflow,127
44.0,2011981340_NC,TSS,Inflow,127
18.0,2011981340_NC,TSS,Inflow,127
39.0,2011981340_NC,TSS,Inflow,127
50.0,2011981340_NC,TSS,Inflow,128
5.0,2011981340_NC,TSS,Inflow,128
22.0,2011981340_NC,TSS,Inflow,128
39.0,2011981340_NC,TSS,Inflow,128
20.0,2011981340_NC,TSS,Inflow,128
66.0,2011981340_NC,TSS,Inflow,129
84.0,2011981340_NC,TSS,Inflow,129
76.0,2011981340_NC,TSS,Inflow,129
21.0,2011981340_NC,TSS,Inflow,129
39.0,2011981340_NC,TSS,Inflow,129
18.0,2011981340_NC,TSS,Inflow,130
60.0,2011981340_NC,TSS,Inflow,130
21.0,2011981340_NC,TSS,Inflow,130
63.0,2011981340_NC,TSS,Inflow,130
125.0,2011981340_NC,TSS,Inflow,130
15.0,2011981340_NC,TSS,Inflow,131
125.0,2011981340_NC,TSS,Inflow,131
21.0,2011981340_NC,TSS,Inflow,131
18.0,2011981340_NC,TSS,Inflow,131
5.0,2011981340_NC,TSS,Inflow,131
5.0,2011981340_NC,TSS,Inflow,132
92.0,2011981340_NC,TSS,Inflow,132
22.0,2011981340_NC,TSS,Inflow,132
11.0,2011981340_NC,TSS,Inflow,132
21.0,2011981340_NC,TSS,Inflow,132
20.0,2011981340_NC,TSS,Inflow,133
15.0,2011981340_NC,TSS,Inflow,133
125.0,2011981340_NC,TSS,Inflow,133
44.0,2011981340_NC,TSS,Inflow,133
92.0,2011981340_NC,TSS,Inflow,133
19.0,2011981340_NC,TSS,Inflow,134
18.0,2011981340_NC,TSS,Inflow,134
44.0,2011981340_NC,TSS,Inflow,134
18.0,2011981340_NC,TSS,Inflow,134
49.0,2011981340_NC,TSS,Inflow,134
20.0,2011981340_NC,TSS,Inflow,135
44.0,2011981340_NC,TSS,Inflow,135
50.0,2011981340_NC,TSS,Inflow,135
76.0,2011981340_NC,TSS,Inflow,135
44.0,2011981340_NC,TSS,Inflow,135
18.0,2011981340_NC,TSS,Inflow,136
5.0,2011981340_NC,TSS,Inflow,136
44.0,2011981340_NC,TSS,Inflow,136
15.0,2011981340_NC,TSS,Inflow,136
60.0,2011981340_NC,TSS,Inflow,136
84.0,2011981340_NC,TSS,Inflow,137
39.0,2011981340_NC,TSS,Inflow,137
66.0,2011981340_NC,TSS,Inflow,137
29.0,2011981340_NC,TSS,Inflow,137
18.0,2011981340_NC,TSS,Inflow,137
16.0,2011981340_NC,TSS,Inflow,138
125.0,2011981340_NC,TSS,Inflow,138
21.0,2011981340_NC,TSS,Inflow,138
76.0,2011981340_NC,TSS,Inflow,138
44.0,2011981340_NC,TSS,Inflow,138
29.0,2011981340_NC,TSS,Inflow,139
46.0,2011981340_NC,TSS,Inflow,139
44.0,2011981340_NC,TSS,Inflow,139
63.0,2011981340_NC,TSS,Inflow,139
68.0,2011981340_NC,TSS,Inflow,139
19.0,2011981340_NC,TSS,Inflow,140
44.0,2011981340_NC,TSS,Inflow,140
66.0,2011981340_NC,TSS,Inflow,140
44.0,2011981340_NC,TSS,Inflow,140
92.0,2011981340_NC,TSS,Inflow,140
21.0,2011981340_NC,TSS,Inflow,141
18.0,2011981340_NC,TSS,Inflow,141
44.0,2011981340_NC,TSS,Inflow,141
39.0,2011981340_NC,TSS,Inflow,141
20.0,2011981340_NC,TSS,Inflow,141
11.0,2011981340_NC,TSS,Inflow,142
21.0,2011981340_NC,TSS,Inflow,142
132.0,2011981340_NC,TSS,Inflow,142
5.0,2011981340_NC,TSS,Inflow,142
44.0,2011981340_NC,TSS,Inflow,142
21.0,2011981340_NC,TSS,Inflow,143
50.0,2011981340_NC,TSS,Inflow,143
132.0,2011981340_NC,TSS,Inflow,143
76.0,2011981340_NC,TSS,Inflow,143
125.0,2011981340_NC,TSS,Inflow,143
44.0,2011981340_NC,TSS,Inflow,144
22.0,2011981340_NC,TSS,Inflow,144
46.0,2011981340_NC,TSS,Inflow,144
20.0,2011981340_NC,TSS,Inflow,144
29.0,2011981340_NC,TSS,Inflow,144
49.0,2011981340_NC,TSS,Inflow,145
21.0,2011981340_NC,TSS,Inflow,145
44.0,2011981340_NC,TSS,Inflow,145
46.0,2011981340_NC,TSS,Inflow,145
15.0,2011981340_NC,TSS,Inflow,145
76.0,2011981340_NC,TSS,Inflow,146
63.0,2011981340_NC,TSS,Inflow,146
44.0,2011981340_NC,TSS,Inflow,146
20.0,2011981340_NC,TSS,Inflow,146
29.0,2011981340_NC,TSS,Inflow,146
16.0,2011981340_NC,TSS,Inflow,147
15.0,2011981340_NC,TSS,Inflow,147
39.0,2011981340_NC,TSS,Inflow,147
22.0,2011981340_NC,TSS,Inflow,147
68.0,2011981340_NC,TSS,Inflow,147
5.0,2011981340_NC,TSS,Inflow,148
16.0,2011981340_NC,TSS,Inflow,148
22.0,2011981340_NC,TSS,Inflow,148
44.0,2011981340_NC,TSS,Inflow,148
20.0,2011981340_NC,TSS,Inflow,148
63.0,2011981340_NC,TSS,Inflow,149
44.0,2011981340_NC,TSS,Inflow,149
18.0,2011981340_NC,TSS,Inflow,149
16.0,2011981340_NC,TSS,Inflow,149
18.0,2011981340_NC,TSS,Inflow,149
63.0,2011981340_NC,TSS,Inflow,150
125.0,2011981340_NC,TSS,Inflow,150
84.0,2011981340_NC,TSS,Inflow,150
39.0,2011981340_NC,TSS,Inflow,150
16.0,2011981340_NC,TSS,Inflow,150
50.0,2011981340_NC,TSS,Inflow,151
46.0,2011981340_NC,TSS,Inflow,151
16.0,2011981340_NC,TSS,Inflow,151
84.0,2011981340_NC,TSS,Inflow,151
63.0,2011981340_NC,TSS,Inflow,151
39.0,2011981340_NC,TSS,Inflow,152
5.0,2011981340_NC,TSS,Inflow,152
18.0,2011981340_NC,TSS,Inflow,152
20.0,2011981340_NC,TSS,Inflow,152
49.0,2011981340_NC,TSS,Inflow,152
29.0,2011981340_NC,TSS,Inflow,153
39.0,2011981340_NC,TSS,Inflow,153
132.0,2011981340_NC,TSS,Inflow,153
16.0,2011981340_NC,TSS,Inflow,153
5.0,2011981340_NC,TSS,Inflow,153
18.0,2011981340_NC,TSS,Inflow,154
19.0,2011981340_NC,TSS,Inflow,154
39.0,2011981340_NC,TSS,Inflow,154
22.0,2011981340_NC,TSS,Inflow,154
76.0,2011981340_NC,TSS,Inflow,154
44.0,2011981340_NC,TSS,Inflow,155
46.0,2011981340_NC,TSS,Inflow,155
68.0,2011981340_NC,TSS,Inflow,155
15.0,2011981340_NC,TSS,Inflow,155
18.0,2011981340_NC,TSS,Inflow,155
20.0,2011981340_NC,TSS,Inflow,156
29.0,2011981340_NC,TSS,Inflow,156
92.0,2011981340_NC,TSS,Inflow,156
68.0,2011981340_NC,TSS,Inflow,156
44.0,2011981340_NC,TSS,Inflow,156
84.0,2011981340_NC,TSS,Inflow,157
15.0,2011981340_NC,TSS,Inflow,157
63.0,2011981340_NC,TSS,Inflow,157
18.0,2011981340_NC,TSS,Inflow,157
68.0,2011981340_NC,TSS,Inflow,157
63.0,2011981340_NC,TSS,Inflow,158
68.0,2011981340_NC,TSS,Inflow,158
39.0,2011981340_NC,TSS,Inflow,158
22.0,2011981340_NC,TSS,Inflow,158
44.0,2011981340_NC,TSS,Inflow,158
132.0,2011981340_NC,TSS,Inflow,159
29.0,2011981340_NC,TSS,Inflow,159
11.0,2011981340_NC,TSS,Inflow,159
50.0,2011981340_NC,TSS,Inflow,159
66.0,2011981340_NC,TSS,Inflow,159
92.0,2011981340_NC,TSS,Inflow,160
44.0,2011981340_NC,TSS,Inflow,160
60.0,2011981340_NC,TSS,Inflow,160
5.0,2011981340_NC,TSS,Inflow,160
46.0,2011981340_NC,TSS,Inflow,160
11.0,2011981340_NC,TSS,Inflow,161
76.0,2011981340_NC,TSS,Inflow,161
16.0,2011981340_NC,TSS,Inflow,161
21.0,2011981340_NC,TSS,Inflow,161
5.0,2011981340_NC,TSS,Inflow,161
21.0,2011981340_NC,TSS,Inflow,162
84.0,2011981340_NC,TSS,Inflow,162
11.0,2011981340_NC,TSS,Inflow,162
19.0,2011981340_NC,TSS,Inflow,162
29.0,2011981340_NC,TSS,Inflow,162
5.0,2011981340_NC,TSS,Inflow,163
22.0,2011981340_NC,TSS,Inflow,163
63.0,2011981340_NC,TSS,Inflow,163
44.0,2011981340_NC,TSS,Inflow,163
44.0,2011981340_NC,TSS,Inflow,163
11.0,2011981340_NC,TSS,Inflow,164
60.0,2011981340_NC,TSS,Inflow,164
21.0,2011981340_NC,TSS,Inflow,164
18.0,2011981340_NC,TSS,Inflow,164
84.0,2011981340_NC,TSS,Inflow,164
18.0,2011981340_NC,TSS,Inflow,165
125.0,2011981340_NC,TSS,Inflow,165
21.0,2011981340_NC,TSS,Inflow,165
21.0,2011981340_NC,TSS,Inflow,165
5.0,2011981340_NC,TSS,Inflow,165
68.0,2011981340_NC,TSS,Inflow,166
49.0,2011981340_NC,TSS,Inflow,166
29.0,2011981340_NC,TSS,Inflow,166
22.0,2011981340_NC,TSS,Inflow,166
76.0,2011981340_NC,TSS,Inflow,166
29.0,2011981340_NC,TSS,Inflow,167
22.0,2011981340_NC,TSS,Inflow,167
39.0,2011981340_NC,TSS,Inflow,167
66.0,2011981340_NC,TSS,Inflow,167
21.0,2011981340_NC,TSS,Inflow,167
39.0,2011981340_NC,TSS,Inflow,168
92.0,2011981340_NC,TSS,Inflow,168
21.0,2011981340_NC,TSS,Inflow,168
63.0,2011981340_NC,TSS,Inflow,168
22.0,2011981340_NC,TSS,Inflow,168
21.0,2011981340_NC,TSS,Inflow,169
22.0,2011981340_NC,TSS,Inflow,169
68.0,2011981340_NC,TSS,Inflow,169
76.0,2011981340_NC,TSS,Inflow,169
132.0,2011981340_NC,TSS,Inflow,169
132.0,2011981340_NC,TSS,Inflow,170
21.0,2011981340_NC,TSS,Inflow,170
66.0,2011981340_NC,TSS,Inflow,170
19.0,2011981340_NC,TSS,Inflow,170
11.0,2011981340_NC,TSS,Inflow,170
125.0,2011981340_NC,TSS,Inflow,171
46.0,2011981340_NC,TSS,Inflow,171
19.0,2011981340_NC,TSS,Inflow,171
49.0,2011981340_NC,TSS,Inflow,171
39.0,2011981340_NC,TSS,Inflow,171
5.0,2011981340_NC,TSS,Inflow,172
21.0,2011981340_NC,TSS,Inflow,172
76.0,2011981340_NC,TSS,Inflow,172
46.0,2011981340_NC,TSS,Inflow,172
63.0,2011981340_NC,TSS,Inflow,172
18.0,2011981340_NC,TSS,Inflow,173
66.0,2011981340_NC,TSS,Inflow,173
20.0,2011981340_NC,TSS,Inflow,173
21.0,2011981340_NC,TSS,Inflow,173
68.0,2011981340_NC,TSS,Inflow,173
49.0,2011981340_NC,TSS,Inflow,174
5.0,2011981340_NC,TSS,Inflow,174
18.0,2011981340_NC,TSS,Inflow,174
92.0,2011981340_NC,TSS,Inflow,174
76.0,2011981340_NC,TSS,Inflow,174
16.0,2011981340_NC,TSS,Inflow,175
29.0,2011981340_NC,TSS,Inflow,175
50.0,2011981340_NC,TSS,Inflow,175
44.0,2011981340_NC,TSS,Inflow,175
44.0,2011981340_NC,TSS,Inflow,175
50.0,2011981340_NC,TSS,Inflow,176
39.0,2011981340_NC,TSS,Inflow,176
66.0,2011981340_NC,TSS,Inflow,176
44.0,2011981340_NC,TSS,Inflow,176
44.0,2011981340_NC,TSS,Inflow,176
84.0,2011981340_NC,TSS,Inflow,177
125.0,2011981340_NC,TSS,Inflow,177
46.0,2011981340_NC,TSS,Inflow,177
16.0,2011981340_NC,TSS,Inflow,177
18.0,2011981340_NC,TSS,Inflow,177
20.0,2011981340_NC,TSS,Inflow,178
125.0,2011981340_NC,TSS,Inflow,178
16.0,2011981340_NC,TSS,Inflow,178
15.0,2011981340_NC,TSS,Inflow,178
92.0,2011981340_NC,TSS,Inflow,178
92.0,2011981340_NC,TSS,Inflow,179
63.0,2011981340_NC,TSS,Inflow,179
15.0,2011981340_NC,TSS,Inflow,179
39.0,2011981340_NC,TSS,Inflow,179
50.0,2011981340_NC,TSS,Inflow,179
49.0,2011981340_NC,TSS,Inflow,180
92.0,2011981340_NC,TSS,Inflow,180
66.0,2011981340_NC,TSS,Inflow,180
125.0,2011981340_NC,TSS,Inflow,180
18.0,2011981340_NC,TSS,Inflow,180
15.0,2011981340_NC,TSS,Inflow,181
50.0,2011981340_NC,TSS,Inflow,181
92.0,2011981340_NC,TSS,Inflow,181
63.0,2011981340_NC,TSS,Inflow,181
5.0,2011981340_NC,TSS,Inflow,181
15.0,2011981340_NC,TSS,Inflow,182
5.0,2011981340_NC,TSS,Inflow,182
21.0,2011981340_NC,TSS,Inflow,182
92.0,2011981340_NC,TSS,Inflow,182
66.0,2011981340_NC,TSS,Inflow,182
68.0,2011981340_NC,TSS,Inflow,183
20.0,2011981340_NC,TSS,Inflow,183
92.0,2011981340_NC,TSS,Inflow,183
44.0,2011981340_NC,TSS,Inflow,183
18.0,2011981340_NC,TSS,Inflow,183
132.0,2011981340_NC,TSS,Inflow,184
15.0,2011981340_NC,TSS,Inflow,184
84.0,2011981340_NC,TSS,Inflow,184
66.0,2011981340_NC,TSS,Inflow,184
76.0,2011981340_NC,TSS,Inflow,184
15.0,2011981340_NC,TSS,Inflow,185
22.0,2011981340_NC,TSS,Inflow,185
63.0,2011981340_NC,TSS,Inflow,185
18.0,2011981340_NC,TSS,Inflow,185
66.0,2011981340_NC,TSS,Inflow,185
63.0,2011981340_NC,TSS,Inflow,186
92.0,2011981340_NC,TSS,Inflow,186
84.0,2011981340_NC,TSS,Inflow,186
39.0,2011981340_NC,TSS,Inflow,186
44.0,2011981340_NC,TSS,Inflow,186
5.0,2011981340_NC,TSS,Inflow,187
18.0,2011981340_NC,TSS,Inflow,187
68.0,2011981340_NC,TSS,Inflow,187
49.0,2011981340_NC,TSS,Inflow,187
125.0,2011981340_NC,TSS,Inflow,187
39.0,2011981340_NC,TSS,Inflow,188
50.0,2011981340_NC,TSS,Inflow,188
125.0,2011981340_NC,TSS,Inflow,188
5.0,2011981340_NC,TSS,Inflow,188
60.0,2011981340_NC,TSS,Inflow,188
84.0,2011981340_NC,TSS,Inflow,189
92.0,2011981340_NC,TSS,Inflow,189
5.0,2011981340_NC,TSS,Inflow,189
68.0,2011981340_NC,TSS,Inflow,189
29.0,2011981340_NC,TSS,Inflow,189
16.0,2011981340_NC,TSS,Inflow,190
66.0,2011981340_NC,TSS,Inflow,190
49.0,2011981340_NC,TSS,Inflow,190
19.0,2011981340_NC,TSS,Inflow,190
60.0,2011981340_NC,TSS,Inflow,190
60.0,2011981340_NC,TSS,Inflow,191
84.0,2011981340_NC,TSS,Inflow,191
63.0,2011981340_NC,TSS,Inflow,191
11.0,2011981340_NC,TSS,Inflow,191
92.0,2011981340_NC,TSS,Inflow,191
5.0,2011981340_NC,TSS,Inflow,192
46.0,2011981340_NC,TSS,Inflow,192
132.0,2011981340_NC,TSS,Inflow,192
15.0,2011981340_NC,TSS,Inflow,192
76.0,2011981340_NC,TSS,Inflow,192
11.0,2011981340_NC,TSS,Inflow,193
29.0,2011981340_NC,TSS,Inflow,193
92.0,2011981340_NC,TSS,Inflow,193
22.0,2011981340_NC,TSS,Inflow,193
125.0,2011981340_NC,TSS,Inflow,193
19.0,2011981340_NC,TSS,Inflow,194
16.0,2011981340_NC,TSS,Inflow,194
60.0,2011981340_NC,TSS,Inflow,194
50.0,2011981340_NC,TSS,Inflow,194
44.0,2011981340_NC,TSS,Inflow,194
50.0,2011981340_NC,TSS,Inflow,195
21.0,2011981340_NC,TSS,Inflow,195
49.0,2011981340_NC,TSS,Inflow,195
19.0,2011981340_NC,TSS,Inflow,195
29.0,2011981340_NC,TSS,Inflow,195
5.0,2011981340_NC,TSS,Inflow,196
16.0,2011981340_NC,TSS,Inflow,196
44.0,2011981340_NC,TSS,Inflow,196
11.0,2011981340_NC,TSS,Inflow,196
84.0,2011981340_NC,TSS,Inflow,196
66.0,2011981340_NC,TSS,Inflow,197
5.0,2011981340_NC,TSS,Inflow,197
39.0,2011981340_NC,TSS,Inflow,197
20.0,2011981340_NC,TSS,Inflow,197
44.0,2011981340_NC,TSS,Inflow,197
19.0,2011981340_NC,TSS,Inflow,198
21.0,2011981340_NC,TSS,Inflow,198
76.0,2011981340_NC,TSS,Inflow,198
92.0,2011981340_NC,TSS,Inflow,198
15.0,2011981340_NC,TSS,Inflow,198
19.0,2011981340_NC,TSS,Inflow,199
11.0,2011981340_NC,TSS,Inflow,199
76.0,2011981340_NC,TSS,Inflow,199
84.0,2011981340_NC,TSS,Inflow,199
15.0,2011981340_NC,TSS,Inflow,199
18.0,2011981340_NC,TSS,Inflow,200
15.0,2011981340_NC,TSS,Inflow,200
92.0,2011981340_NC,TSS,Inflow,200
16.0,2011981340_NC,TSS,Inflow,200
66.0,2011981340_NC,TSS,Inflow,200
19.0,2011981340_NC,TSS,Inflow,201
66.0,2011981340_NC,TSS,Inflow,201
92.0,2011981340_NC,TSS,Inflow,201
18.0,2011981340_NC,TSS,Inflow,201
18.0,2011981340_NC,TSS,Inflow,201
66.0,2011981340_NC,TSS,Inflow,202
18.0,2011981340_NC,TSS,Inflow,202
22.0,2011981340_NC,TSS,Inflow,202
49.0,2011981340_NC,TSS,Inflow,202
20.0,2011981340_NC,TSS,Inflow,202
63.0,2011981340_NC,TSS,Inflow,203
15.0,2011981340_NC,TSS,Inflow,203
18.0,2011981340_NC,TSS,Inflow,203
84.0,2011981340_NC,TSS,Inflow,203
125.0,2011981340_NC,TSS,Inflow,203
46.0,2011981340_NC,TSS,Inflow,204
20.0,2011981340_NC,TSS,Inflow,204
15.0,2011981340_NC,TSS,Inflow,204
16.0,2011981340_NC,TSS,Inflow,204
84.0,2011981340_NC,TSS,Inflow,204
50.0,2011981340_NC,TSS,Inflow,205
21.0,2011981340_NC,TSS,Inflow,205
92.0,2011981340_NC,TSS,Inflow,205
18.0,2011981340_NC,TSS,Inflow,205
66.0,2011981340_NC,TSS,Inflow,205
76.0,2011981340_NC,TSS,Inflow,206
50.0,2011981340_NC,TSS,Inflow,206
11.0,2011981340_NC,TSS,Inflow,206
132.0,2011981340_NC,TSS,Inflow,206
21.0,2011981340_NC,TSS,Inflow,206
20.0,2011981340_NC,TSS,Inflow,207
46.0,2011981340_NC,TSS,Inflow,207
92.0,2011981340_NC,TSS,Inflow,207
29.0,2011981340_NC,TSS,Inflow,207
60.0,2011981340_NC,TSS,Inflow,207
15.0,2011981340_NC,TSS,Inflow,208
44.0,2011981340_NC,TSS,Inflow,208
11.0,2011981340_NC,TSS,Inflow,208
49.0,2011981340_NC,TSS,Inflow,208
20.0,2011981340_NC,TSS,Inflow,208
132.0,2011981340_NC,TSS,Inflow,209
18.0,2011981340_NC,TSS,Inflow,209
29.0,2011981340_NC,TSS,Inflow,209
19.0,2011981340_NC,TSS,Inflow,209
63.0,2011981340_NC,TSS,Inflow,209
39.0,2011981340_NC,TSS,Inflow,210
66.0,2011981340_NC,TSS,Inflow,210
68.0,2011981340_NC,TSS,Inflow,210
63.0,2011981340_NC,TSS,Inflow,210
29.0,2011981340_NC,TSS,Inflow,210
29.0,2011981340_NC,TSS,Inflow,211
84.0,2011981340_NC,TSS,Inflow,211
5.0,2011981340_NC,TSS,Inflow,211
39.0,2011981340_NC,TSS,Inflow,211
125.0,2011981340_NC,TSS,Inflow,211
16.0,2011981340_NC,TSS,Inflow,212
20.0,2011981340_NC,TSS,Inflow,212
18.0,2011981340_NC,TSS,Inflow,212
92.0,2011981340_NC,TSS,Inflow,212
15.0,2011981340_NC,TSS,Inflow,212
92.0,2011981340_NC,TSS,Inflow,213
44.0,2011981340_NC,TSS,Inflow,213
84.0,2011981340_NC,TSS,Inflow,213
46.0,2011981340_NC,TSS,Inflow,213
19.0,2011981340_NC,TSS,Inflow,213
19.0,2011981340_NC,TSS,Inflow,214
60.0,2011981340_NC,TSS,Inflow,214
44.0,2011981340_NC,TSS,Inflow,214
18.0,2011981340_NC,TSS,Inflow,214
29.0,2011981340_NC,TSS,Inflow,214
125.0,2011981340_NC,TSS,Inflow,215
18.0,2011981340_NC,TSS,Inflow,215
66.0,2011981340_NC,TSS,Inflow,215
21.0,2011981340_NC,TSS,Inflow,215
76.0,2011981340_NC,TSS,Inflow,215
132.0,2011981340_NC,TSS,Inflow,216
92.0,2011981340_NC,TSS,Inflow,216
66.0,2011981340_NC,TSS,Inflow,216
19.0,2011981340_NC,TSS,Inflow,216
20.0,2011981340_NC,TSS,Inflow,216
84.0,2011981340_NC,TSS,Inflow,217
11.0,2011981340_NC,TSS,Inflow,217
50.0,2011981340_NC,TSS,Inflow,217
66.0,2011981340_NC,TSS,Inflow,217
44.0,2011981340_NC,TSS,Inflow,217
44.0,2011981340_NC,TSS,Inflow,218
16.0,2011981340_NC,TSS,Inflow,218
21.0,2011981340_NC,TSS,Inflow,218
92.0,2011981340_NC,TSS,Inflow,218
29.0,2011981340_NC,TSS,Inflow,218
11.0,2011981340_NC,TSS,Inflow,219
44.0,2011981340_NC,TSS,Inflow,219
76.0,2011981340_NC,TSS,Inflow,219
92.0,2011981340_NC,TSS,Inflow,219
66.0,2011981340_NC,TSS,Inflow,219
39.0,2011981340_NC,TSS,Inflow,220
44.0,2011981340_NC,TSS,Inflow,220
5.0,2011981340_NC,TSS,Inflow,220
22.0,2011981340_NC,TSS,Inflow,220
63.0,2011981340_NC,TSS,Inflow,220
63.0,2011981340_NC,TSS,Inflow,221
44.0,2011981340_NC,TSS,Inflow,221
18.0,2011981340_NC,TSS,Inflow,221
132.0,2011981340_NC,TSS,Inflow,221
21.0,2011981340_NC,TSS,Inflow,221
19.0,2011981340_NC,TSS,Inflow,222
92.0,2011981340_NC,TSS,Inflow,222
21.0,2011981340_NC,TSS,Inflow,222
22.0,2011981340_NC,TSS,Inflow,222
66.0,2011981340_NC,TSS,Inflow,222
92.0,2011981340_NC,TSS,Inflow,223
46.0,2011981340_NC,TSS,Inflow,223
76.0,2011981340_NC,TSS,Inflow,223
132.0,2011981340_NC,TSS,Inflow,223
39.0,2011981340_NC,TSS,Inflow,223
66.0,2011981340_NC,TSS,Inflow,224
15.0,2011981340_NC,TSS,Inflow,224
21.0,2011981340_NC,TSS,Inflow,224
18.0,2011981340_NC,TSS,Inflow,224
5.0,2011981340_NC,TSS,Inflow,224
44.0,2011981340_NC,TSS,Inflow,225
18.0,2011981340_NC,TSS,Inflow,225
29.0,2011981340_NC,TSS,Inflow,225
16.0,2011981340_NC,TSS,Inflow,225
15.0,2011981340_NC,TSS,Inflow,225
16.0,2011981340_NC,TSS,Inflow,226
132.0,2011981340_NC,TSS,Inflow,226
68.0,2011981340_NC,TSS,Inflow,226
18.0,2011981340_NC,TSS,Inflow,226
49.0,2011981340_NC,TSS,Inflow,226
60.0,2011981340_NC,TSS,Inflow,227
68.0,2011981340_NC,TSS,Inflow,227
125.0,2011981340_NC,TSS,Inflow,227
29.0,2011981340_NC,TSS,Inflow,227
92.0,2011981340_NC,TSS,Inflow,227
11.0,2011981340_NC,TSS,Inflow,228
92.0,2011981340_NC,TSS,Inflow,228
15.0,2011981340_NC,TSS,Inflow,228
16.0,2011981340_NC,TSS,Inflow,228
46.0,2011981340_NC,TSS,Inflow,228
60.0,2011981340_NC,TSS,Inflow,229
50.0,2011981340_NC,TSS,Inflow,229
76.0,2011981340_NC,TSS,Inflow,229
39.0,2011981340_NC,TSS,Inflow,229
66.0,2011981340_NC,TSS,Inflow,229
66.0,2011981340_NC,TSS,Inflow,230
5.0,2011981340_NC,TSS,Inflow,230
18.0,2011981340_NC,TSS,Inflow,230
29.0,2011981340_NC,TSS,Inflow,230
68.0,2011981340_NC,TSS,Inflow,230
18.0,2011981340_NC,TSS,Inflow,231
68.0,2011981340_NC,TSS,Inflow,231
19.0,2011981340_NC,TSS,Inflow,231
76.0,2011981340_NC,TSS,Inflow,231
15.0,2011981340_NC,TSS,Inflow,231
19.0,2011981340_NC,TSS,Inflow,232
125.0,2011981340_NC,TSS,Inflow,232
22.0,2011981340_NC,TSS,Inflow,232
18.0,2011981340_NC,TSS,Inflow,232
11.0,2011981340_NC,TSS,Inflow,232
125.0,2011981340_NC,TSS,Inflow,233
84.0,2011981340_NC,TSS,Inflow,233
44.0,2011981340_NC,TSS,Inflow,233
5.0,2011981340_NC,TSS,Inflow,233
20.0,2011981340_NC,TSS,Inflow,233
44.0,2011981340_NC,TSS,Inflow,234
46.0,2011981340_NC,TSS,Inflow,234
21.0,2011981340_NC,TSS,Inflow,234
20.0,2011981340_NC,TSS,Inflow,234
84.0,2011981340_NC,TSS,Inflow,234
21.0,2011981340_NC,TSS,Inflow,235
11.0,2011981340_NC,TSS,Inflow,235
84.0,2011981340_NC,TSS,Inflow,235
92.0,2011981340_NC,TSS,Inflow,235
49.0,2011981340_NC,TSS,Inflow,235
63.0,2011981340_NC,TSS,Inflow,236
76.0,2011981340_NC,TSS,Inflow,236
84.0,2011981340_NC,TSS,Inflow,236
132.0,2011981340_NC,TSS,Inflow,236
66.0,2011981340_NC,TSS,Inflow,236
16.0,2011981340_NC,TSS,Inflow,237
49.0,2011981340_NC,TSS,Inflow,237
76.0,2011981340_NC,TSS,Inflow,237
68.0,2011981340_NC,TSS,Inflow,237
66.0,2011981340_NC,TSS,Inflow,237
60.0,2011981340_NC,TSS,Inflow,238
39.0,2011981340_NC,TSS,Inflow,238
21.0,2011981340_NC,TSS,Inflow,238
125.0,2011981340_NC,TSS,Inflow,238
20.0,2011981340_NC,TSS,Inflow,238
15.0,2011981340_NC,TSS,Inflow,239
63.0,2011981340_NC,TSS,Inflow,239
49.0,2011981340_NC,TSS,Inflow,239
68.0,2011981340_NC,TSS,Inflow,239
19.0,2011981340_NC,TSS,Inflow,239
15.0,2011981340_NC,TSS,Inflow,240
84.0,2011981340_NC,TSS,Inflow,240
11.0,2011981340_NC,TSS,Inflow,240
18.0,2011981340_NC,TSS,Inflow,240
125.0,2011981340_NC,TSS,Inflow,240
5.0,2011981340_NC,TSS,Inflow,241
20.0,2011981340_NC,TSS,Inflow,241
16.0,2011981340_NC,TSS,Inflow,241
22.0,2011981340_NC,TSS,Inflow,241
125.0,2011981340_NC,TSS,Inflow,241
76.0,2011981340_NC,TSS,Inflow,242
46.0,2011981340_NC,TSS,Inflow,242
49.0,2011981340_NC,TSS,Inflow,242
21.0,2011981340_NC,TSS,Inflow,242
132.0,2011981340_NC,TSS,Inflow,242
68.0,2011981340_NC,TSS,Inflow,243
20.0,2011981340_NC,TSS,Inflow,243
49.0,2011981340_NC,TSS,Inflow,243
44.0,2011981340_NC,TSS,Inflow,243
39.0,2011981340_NC,TSS,Inflow,243
63.0,2011981340_NC,TSS,Inflow,244
84.0,2011981340_NC,TSS,Inflow,244
22.0,2011981340_NC,TSS,Inflow,244
18.0,2011981340_NC,TSS,Inflow,244
5.0,2011981340_NC,TSS,Inflow,244
132.0,2011981340_NC,TSS,Inflow,245
63.0,2011981340_NC,TSS,Inflow,245
66.0,2011981340_NC,TSS,Inflow,245
22.0,2011981340_NC,TSS,Inflow,245
125.0,2011981340_NC,TSS,Inflow,245
132.0,2011981340_NC,TSS,Inflow,246
11.0,2011981340_NC,TSS,Inflow,246
66.0,2011981340_NC,TSS,Inflow,246
46.0,2011981340_NC,TSS,Inflow,246
39.0,2011981340_NC,TSS,Inflow,246
29.0,2011981340_NC,TSS,Inflow,247
60.0,2011981340_NC,TSS,Inflow,247
46.0,2011981340_NC,TSS,Inflow,247
66.0,2011981340_NC,TSS,Inflow,247
44.0,2011981340_NC,TSS,Inflow,247
132.0,2011981340_NC,TSS,Inflow,248
18.0,2011981340_NC,TSS,Inflow,248
44.0,2011981340_NC,TSS,Inflow,248
16.0,2011981340_NC,TSS,Inflow,248
60.0,2011981340_NC,TSS,Inflow,248
15.0,2011981340_NC,TSS,Inflow,249
66.0,2011981340_NC,TSS,Inflow,249
44.0,2011981340_NC,TSS,Inflow,249
92.0,2011981340_NC,TSS,Inflow,249
39.0,2011981340_NC,TSS,Inflow,249
63.0,2011981340_NC,TSS,Inflow,250
49.0,2011981340_NC,TSS,Inflow,250
16.0,2011981340_NC,TSS,Inflow,250
18.0,2011981340_NC,TSS,Inflow,250
20.0,2011981340_NC,TSS,Inflow,250
63.0,2011981340_NC,TSS,Inflow,251
15.0,2011981340_NC,TSS,Inflow,251
11.0,2011981340_NC,TSS,Inflow,251
46.0,2011981340_NC,TSS,Inflow,251
60.0,2011981340_NC,TSS,Inflow,251
60.0,2011981340_NC,TSS,Inflow,252
18.0,2011981340_NC,TSS,Inflow,252
63.0,2011981340_NC,TSS,Inflow,252
29.0,2011981340_NC,TSS,Inflow,252
44.0,2011981340_NC,TSS,Inflow,252
11.0,2011981340_NC,TSS,Inflow,253
39.0,2011981340_NC,TSS,Inflow,253
63.0,2011981340_NC,TSS,Inflow,253
21.0,2011981340_NC,TSS,Inflow,253
92.0,2011981340_NC,TSS,Inflow,253
125.0,2011981340_NC,TSS,Inflow,254
20.0,2011981340_NC,TSS,Inflow,254
11.0,2011981340_NC,TSS,Inflow,254
16.0,2011981340_NC,TSS,Inflow,254
39.0,2011981340_NC,TSS,Inflow,254
125.0,2011981340_NC,TSS,Inflow,255
44.0,2011981340_NC,TSS,Inflow,255
39.0,2011981340_NC,TSS,Inflow,255
29.0,2011981340_NC,TSS,Inflow,255
132.0,2011981340_NC,TSS,Inflow,255
16.0,2011981340_NC,TSS,Inflow,256
46.0,2011981340_NC,TSS,Inflow,256
63.0,2011981340_NC,TSS,Inflow,256
5.0,2011981340_NC,TSS,Inflow,256
44.0,2011981340_NC,TSS,Inflow,256
19.0,2011981340_NC,TSS,Inflow,257
76.0,2011981340_NC,TSS,Inflow,257
15.0,2011981340_NC,TSS,Inflow,257
92.0,2011981340_NC,TSS,Inflow,257
29.0,2011981340_NC,TSS,Inflow,257
20.0,2011981340_NC,TSS,Inflow,258
76.0,2011981340_NC,TSS,Inflow,258
21.0,2011981340_NC,TSS,Inflow,258
29.0,2011981340_NC,TSS,Inflow,258
39.0,2011981340_NC,TSS,Inflow,258
20.0,2011981340_NC,TSS,Inflow,259
39.0,2011981340_NC,TSS,Inflow,259
84.0,2011981340_NC,TSS,Inflow,259
44.0,2011981340_NC,TSS,Inflow,259
15.0,2011981340_NC,TSS,Inflow,259
18.0,2011981340_NC,TSS,Inflow,260
68.0,2011981340_NC,TSS,Inflow,260
21.0,2011981340_NC,TSS,Inflow,260
22.0,2011981340_NC,TSS,Inflow,260
39.0,2011981340_NC,TSS,Inflow,260
22.0,2011981340_NC,TSS,Inflow,261
15.0,2011981340_NC,TSS,Inflow,261
44.0,2011981340_NC,TSS,Inflow,261
44.0,2011981340_NC,TSS,Inflow,261
19.0,2011981340_NC,TSS,Inflow,261
84.0,2011981340_NC,TSS,Inflow,262
92.0,2011981340_NC,TSS,Inflow,262
5.0,2011981340_NC,TSS,Inflow,262
29.0,2011981340_NC,TSS,Inflow,262
44.0,2011981340_NC,TSS,Inflow,262
5.0,2011981340_NC,TSS,Inflow,263
84.0,2011981340_NC,TSS,Inflow,263
50.0,2011981340_NC,TSS,Inflow,263
18.0,2011981340_NC,TSS,Inflow,263
46.0,2011981340_NC,TSS,Inflow,263
92.0,2011981340_NC,TSS,Inflow,264
19.0,2011981340_NC,TSS,Inflow,264
125.0,2011981340_NC,TSS,Inflow,264
11.0,2011981340_NC,TSS,Inflow,264
21.0,2011981340_NC,TSS,Inflow,264
21.0,2011981340_NC,TSS,Inflow,265
44.0,2011981340_NC,TSS,Inflow,265
63.0,2011981340_NC,TSS,Inflow,265
11.0,2011981340_NC,TSS,Inflow,265
49.0,2011981340_NC,TSS,Inflow,265
29.0,2011981340_NC,TSS,Inflow,266
44.0,2011981340_NC,TSS,Inflow,266
20.0,2011981340_NC,TSS,Inflow,266
68.0,2011981340_NC,TSS,Inflow,266
11.0,2011981340_NC,TSS,Inflow,266
63.0,2011981340_NC,TSS,Inflow,267
76.0,2011981340_NC,TSS,Inflow,267
66.0,2011981340_NC,TSS,Inflow,267
22.0,2011981340_NC,TSS,Inflow,267
19.0,2011981340_NC,TSS,Inflow,267
68.0,2011981340_NC,TSS,Inflow,268
125.0,2011981340_NC,TSS,Inflow,268
132.0,2011981340_NC,TSS,Inflow,268
18.0,2011981340_NC,TSS,Inflow,268
29.0,2011981340_NC,TSS,Inflow,268
16.0,2011981340_NC,TSS,Inflow,269
60.0,2011981340_NC,TSS,Inflow,269
21.0,2011981340_NC,TSS,Inflow,269
11.0,2011981340_NC,TSS,Inflow,269
20.0,2011981340_NC,TSS,Inflow,269
66.0,2011981340_NC,TSS,Inflow,270
5.0,2011981340_NC,TSS,Inflow,270
16.0,2011981340_NC,TSS,Inflow,270
63.0,2011981340_NC,TSS,Inflow,270
29.0,2011981340_NC,TSS,Inflow,270
21.0,2011981340_NC,TSS,Inflow,271
5.0,2011981340_NC,TSS,Inflow,271
125.0,2011981340_NC,TSS,Inflow,271
11.0,2011981340_NC,TSS,Inflow,271
19.0,2011981340_NC,TSS,Inflow,271
76.0,2011981340_NC,TSS,Inflow,272
21.0,2011981340_NC,TSS,Inflow,272
16.0,2011981340_NC,TSS,Inflow,272
92.0,2011981340_NC,TSS,Inflow,272
132.0,2011981340_NC,TSS,Inflow,272
19.0,2011981340_NC,TSS,Inflow,273
39.0,2011981340_NC,TSS,Inflow,273
16.0,2011981340_NC,TSS,Inflow,273
50.0,2011981340_NC,TSS,Inflow,273
21.0,2011981340_NC,TSS,Inflow,273
66.0,2011981340_NC,TSS,Inflow,274
21.0,2011981340_NC,TSS,Inflow,274
84.0,2011981340_NC,TSS,Inflow,274
21.0,2011981340_NC,TSS,Inflow,274
44.0,2011981340_NC,TSS,Inflow,274
60.0,2011981340_NC,TSS,Inflow,275
84.0,2011981340_NC,TSS,Inflow,275
66.0,2011981340_NC,TSS,Inflow,275
49.0,2011981340_NC,TSS,Inflow,275
15.0,2011981340_NC,TSS,Inflow,275
15.0,2011981340_NC,TSS,Inflow,276
21.0,2011981340_NC,TSS,Inflow,276
11.0,2011981340_NC,TSS,Inflow,276
21.0,2011981340_NC,TSS,Inflow,276
46.0,2011981340_NC,TSS,Inflow,276
76.0,2011981340_NC,TSS,Inflow,277
63.0,2011981340_NC,TSS,Inflow,277
46.0,2011981340_NC,TSS,Inflow,277
29.0,2011981340_NC,TSS,Inflow,277
18.0,2011981340_NC,TSS,Inflow,277
29.0,2011981340_NC,TSS,Inflow,278
60.0,2011981340_NC,TSS,Inflow,278
50.0,2011981340_NC,TSS,Inflow,278
84.0,2011981340_NC,TSS,Inflow,278
132.0,2011981340_NC,TSS,Inflow,278
20.0,2011981340_NC,TSS,Inflow,279
44.0,2011981340_NC,TSS,Inflow,279
63.0,2011981340_NC,TSS,Inflow,279
46.0,2011981340_NC,TSS,Inflow,279
39.0,2011981340_NC,TSS,Inflow,279
11.0,2011981340_NC,TSS,Inflow,280
84.0,2011981340_NC,TSS,Inflow,280
63.0,2011981340_NC,TSS,Inflow,280
20.0,2011981340_NC,TSS,Inflow,280
46.0,2011981340_NC,TSS,Inflow,280
29.0,2011981340_NC,TSS,Inflow,281
21.0,2011981340_NC,TSS,Inflow,281
22.0,2011981340_NC,TSS,Inflow,281
92.0,2011981340_NC,TSS,Inflow,281
132.0,2011981340_NC,TSS,Inflow,281
44.0,2011981340_NC,TSS,Inflow,282
68.0,2011981340_NC,TSS,Inflow,282
21.0,2011981340_NC,TSS,Inflow,282
46.0,2011981340_NC,TSS,Inflow,282
63.0,2011981340_NC,TSS,Inflow,282
39.0,2011981340_NC,TSS,Inflow,283
29.0,2011981340_NC,TSS,Inflow,283
19.0,2011981340_NC,TSS,Inflow,283
60.0,2011981340_NC,TSS,Inflow,283
49.0,2011981340_NC,TSS,Inflow,283
125.0,2011981340_NC,TSS,Inflow,284
18.0,2011981340_NC,TSS,Inflow,284
15.0,2011981340_NC,TSS,Inflow,284
66.0,2011981340_NC,TSS,Inflow,284
46.0,2011981340_NC,TSS,Inflow,284
18.0,2011981340_NC,TSS,Inflow,285
20.0,2011981340_NC,TSS,Inflow,285
19.0,2011981340_NC,TSS,Inflow,285
60.0,2011981340_NC,TSS,Inflow,285
44.0,2011981340_NC,TSS,Inflow,285
44.0,2011981340_NC,TSS,Inflow,286
18.0,2011981340_NC,TSS,Inflow,286
60.0,2011981340_NC,TSS,Inflow,286
21.0,2011981340_NC,TSS,Inflow,286
50.0,2011981340_NC,TSS,Inflow,286
22.0,2011981340_NC,TSS,Inflow,287
66.0,2011981340_NC,TSS,Inflow,287
60.0,2011981340_NC,TSS,Inflow,287
63.0,2011981340_NC,TSS,Inflow,287
92.0,2011981340_NC,TSS,Inflow,287
92.0,2011981340_NC,TSS,Inflow,288
16.0,2011981340_NC,TSS,Inflow,288
20.0,2011981340_NC,TSS,Inflow,288
18.0,2011981340_NC,TSS,Inflow,288
29.0,2011981340_NC,TSS,Inflow,288
63.0,2011981340_NC,TSS,Inflow,289
18.0,2011981340_NC,TSS,Inflow,289
19.0,2011981340_NC,TSS,Inflow,289
29.0,2011981340_NC,TSS,Inflow,289
16.0,2011981340_NC,TSS,Inflow,289
21.0,2011981340_NC,TSS,Inflow,290
20.0,2011981340_NC,TSS,Inflow,290
84.0,2011981340_NC,TSS,Inflow,290
16.0,2011981340_NC,TSS,Inflow,290
92.0,2011981340_NC,TSS,Inflow,290
132.0,2011981340_NC,TSS,Inflow,291
68.0,2011981340_NC,TSS,Inflow,291
16.0,2011981340_NC,TSS,Inflow,291
125.0,2011981340_NC,TSS,Inflow,291
63.0,2011981340_NC,TSS,Inflow,291
16.0,2011981340_NC,TSS,Inflow,292
50.0,2011981340_NC,TSS,Inflow,292
68.0,2011981340_NC,TSS,Inflow,292
22.0,2011981340_NC,TSS,Inflow,292
44.0,2011981340_NC,TSS,Inflow,292
63.0,2011981340_NC,TSS,Inflow,293
19.0,2011981340_NC,TSS,Inflow,293
22.0,2011981340_NC,TSS,Inflow,293
60.0,2011981340_NC,TSS,Inflow,293
18.0,2011981340_NC,TSS,Inflow,293
46.0,2011981340_NC,TSS,Inflow,294
18.0,2011981340_NC,TSS,Inflow,294
29.0,2011981340_NC,TSS,Inflow,294
19.0,2011981340_NC,TSS,Inflow,294
76.0,2011981340_NC,TSS,Inflow,294
92.0,2011981340_NC,TSS,Inflow,295
60.0,2011981340_NC,TSS,Inflow,295
68.0,2011981340_NC,TSS,Inflow,295
29.0,2011981340_NC,TSS,Inflow,295
63.0,2011981340_NC,TSS,Inflow,295
5.0,2011981340_NC,TSS,Inflow,296
44.0,2011981340_NC,TSS,Inflow,296
50.0,2011981340_NC,TSS,Inflow,296
18.0,2011981340_NC,TSS,Inflow,296
46.0,2011981340_NC,TSS,Inflow,296
76.0,2011981340_NC,TSS,Inflow,297
50.0,2011981340_NC,TSS,Inflow,297
46.0,2011981340_NC,TSS,Inflow,297
125.0,2011981340_NC,TSS,Inflow,297
18.0,2011981340_NC,TSS,Inflow,297
49.0,2011981340_NC,TSS,Inflow,298
84.0,2011981340_NC,TSS,Inflow,298
92.0,2011981340_NC,TSS,Inflow,298
21.0,2011981340_NC,TSS,Inflow,298
132.0,2011981340_NC,TSS,Inflow,298
29.0,2011981340_NC,TSS,Inflow,299
63.0,2011981340_NC,TSS,Inflow,299
50.0,2011981340_NC,TSS,Inflow,299
15.0,2011981340_NC,TSS,Inflow,299
84.0,2011981340_NC,TSS,Inflow,299
18.0,2011981340_NC,TSS,Inflow,300
63.0,2011981340_NC,TSS,Inflow,300
21.0,2011981340_NC,TSS,Inflow,300
60.0,2011981340_NC,TSS,Inflow,300
46.0,2011981340_NC,TSS,Inflow,300
5.0,2011981340_NC,TSS,Inflow,301
18.0,2011981340_NC,TSS,Inflow,301
11.0,2011981340_NC,TSS,Inflow,301
22.0,2011981340_NC,TSS,Inflow,301
125.0,2011981340_NC,TSS,Inflow,301
46.0,2011981340_NC,TSS,Inflow,302
18.0,2011981340_NC,TSS,Inflow,302
11.0,2011981340_NC,TSS,Inflow,302
84.0,2011981340_NC,TSS,Inflow,302
76.0,2011981340_NC,TSS,Inflow,302
49.0,2011981340_NC,TSS,Inflow,303
11.0,2011981340_NC,TSS,Inflow,303
15.0,2011981340_NC,TSS,Inflow,303
18.0,2011981340_NC,TSS,Inflow,303
21.0,2011981340_NC,TSS,Inflow,303
44.0,2011981340_NC,TSS,Inflow,304
46.0,2011981340_NC,TSS,Inflow,304
39.0,2011981340_NC,TSS,Inflow,304
68.0,2011981340_NC,TSS,Inflow,304
19.0,2011981340_NC,TSS,Inflow,304
20.0,2011981340_NC,TSS,Inflow,305
15.0,2011981340_NC,TSS,Inflow,305
22.0,2011981340_NC,TSS,Inflow,305
19.0,2011981340_NC,TSS,Inflow,305
21.0,2011981340_NC,TSS,Inflow,305
5.0,2011981340_NC,TSS,Inflow,306
29.0,2011981340_NC,TSS,Inflow,306
68.0,2011981340_NC,TSS,Inflow,306
63.0,2011981340_NC,TSS,Inflow,306
19.0,2011981340_NC,TSS,Inflow,306
15.0,2011981340_NC,TSS,Inflow,307
49.0,2011981340_NC,TSS,Inflow,307
22.0,2011981340_NC,TSS,Inflow,307
84.0,2011981340_NC,TSS,Inflow,307
20.0,2011981340_NC,TSS,Inflow,307
21.0,2011981340_NC,TSS,Inflow,308
11.0,2011981340_NC,TSS,Inflow,308
125.0,2011981340_NC,TSS,Inflow,308
76.0,2011981340_NC,TSS,Inflow,308
18.0,2011981340_NC,TSS,Inflow,308
19.0,2011981340_NC,TSS,Inflow,309
49.0,2011981340_NC,TSS,Inflow,309
39.0,2011981340_NC,TSS,Inflow,309
21.0,2011981340_NC,TSS,Inflow,309
15.0,2011981340_NC,TSS,Inflow,309
92.0,2011981340_NC,TSS,Inflow,310
44.0,2011981340_NC,TSS,Inflow,310
49.0,2011981340_NC,TSS,Inflow,310
44.0,2011981340_NC,TSS,Inflow,310
132.0,2011981340_NC,TSS,Inflow,310
63.0,2011981340_NC,TSS,Inflow,311
16.0,2011981340_NC,TSS,Inflow,311
76.0,2011981340_NC,TSS,Inflow,311
39.0,2011981340_NC,TSS,Inflow,311
44.0,2011981340_NC,TSS,Inflow,311
22.0,2011981340_NC,TSS,Inflow,312
132.0,2011981340_NC,TSS,Inflow,312
92.0,2011981340_NC,TSS,Inflow,312
84.0,2011981340_NC,TSS,Inflow,312
19.0,2011981340_NC,TSS,Inflow,312
21.0,2011981340_NC,TSS,Inflow,313
22.0,2011981340_NC,TSS,Inflow,313
60.0,2011981340_NC,TSS,Inflow,313
50.0,2011981340_NC,TSS,Inflow,313
44.0,2011981340_NC,TSS,Inflow,313
49.0,2011981340_NC,TSS,Inflow,314
16.0,2011981340_NC,TSS,Inflow,314
44.0,2011981340_NC,TSS,Inflow,314
76.0,2011981340_NC,TSS,Inflow,314
44.0,2011981340_NC,TSS,Inflow,314
39.0,2011981340_NC,TSS,Inflow,315
50.0,2011981340_NC,TSS,Inflow,315
66.0,2011981340_NC,TSS,Inflow,315
84.0,2011981340_NC,TSS,Inflow,315
11.0,2011981340_NC,TSS,Inflow,315
125.0,2011981340_NC,TSS,Inflow,316
44.0,2011981340_NC,TSS,Inflow,316
21.0,2011981340_NC,TSS,Inflow,316
46.0,2011981340_NC,TSS,Inflow,316
19.0,2011981340_NC,TSS,Inflow,316
18.0,2011981340_NC,TSS,Inflow,317
66.0,2011981340_NC,TSS,Inflow,317
11.0,2011981340_NC,TSS,Inflow,317
15.0,2011981340_NC,TSS,Inflow,317
60.0,2011981340_NC,TSS,Inflow,317
60.0,2011981340_NC,TSS,Inflow,318
39.0,2011981340_NC,TSS,Inflow,318
44.0,2011981340_NC,TSS,Inflow,318
19.0,2011981340_NC,TSS,Inflow,318
18.0,2011981340_NC,TSS,Inflow,318
15.0,2011981340_NC,TSS,Inflow,319
16.0,2011981340_NC,TSS,Inflow,319
46.0,2011981340_NC,TSS,Inflow,319
60.0,2011981340_NC,TSS,Inflow,319
39.0,2011981340_NC,TSS,Inflow,319
49.0,2011981340_NC,TSS,Inflow,320
19.0,2011981340_NC,TSS,Inflow,320
29.0,2011981340_NC,TSS,Inflow,320
21.0,2011981340_NC,TSS,Inflow,320
22.0,2011981340_NC,TSS,Inflow,320
20.0,2011981340_NC,TSS,Inflow,321
132.0,2011981340_NC,TSS,Inflow,321
66.0,2011981340_NC,TSS,Inflow,321
5.0,2011981340_NC,TSS,Inflow,321
11.0,2011981340_NC,TSS,Inflow,321
19.0,2011981340_NC,TSS,Inflow,322
66.0,2011981340_NC,TSS,Inflow,322
60.0,2011981340_NC,TSS,Inflow,322
18.0,2011981340_NC,TSS,Inflow,322
29.0,2011981340_NC,TSS,Inflow,322
18.0,2011981340_NC,TSS,Inflow,323
125.0,2011981340_NC,TSS,Inflow,323
22.0,2011981340_NC,TSS,Inflow,323
29.0,2011981340_NC,TSS,Inflow,323
50.0,2011981340_NC,TSS,Inflow,323
44.0,2011981340_NC,TSS,Inflow,324
60.0,2011981340_NC,TSS,Inflow,324
16.0,2011981340_NC,TSS,Inflow,324
46.0,2011981340_NC,TSS,Inflow,324
84.0,2011981340_NC,TSS,Inflow,324
19.0,2011981340_NC,TSS,Inflow,325
21.0,2011981340_NC,TSS,Inflow,325
66.0,2011981340_NC,TSS,Inflow,325
16.0,2011981340_NC,TSS,Inflow,325
92.0,2011981340_NC,TSS,Inflow,325
16.0,2011981340_NC,TSS,Inflow,326
5.0,2011981340_NC,TSS,Inflow,326
21.0,2011981340_NC,TSS,Inflow,326
39.0,2011981340_NC,TSS,Inflow,326
125.0,2011981340_NC,TSS,Inflow,326
21.0,2011981340_NC,TSS,Inflow,327
132.0,2011981340_NC,TSS,Inflow,327
63.0,2011981340_NC,TSS,Inflow,327
16.0,2011981340_NC,TSS,Inflow,327
60.0,2011981340_NC,TSS,Inflow,327
18.0,2011981340_NC,TSS,Inflow,328
44.0,2011981340_NC,TSS,Inflow,328
21.0,2011981340_NC,TSS,Inflow,328
11.0,2011981340_NC,TSS,Inflow,328
44.0,2011981340_NC,TSS,Inflow,328
132.0,2011981340_NC,TSS,Inflow,329
76.0,2011981340_NC,TSS,Inflow,329
11.0,2011981340_NC,TSS,Inflow,329
49.0,2011981340_NC,TSS,Inflow,329
63.0,2011981340_NC,TSS,Inflow,329
20.0,2011981340_NC,TSS,Inflow,330
84.0,2011981340_NC,TSS,Inflow,330
92.0,2011981340_NC,TSS,Inflow,330
125.0,2011981340_NC,TSS,Inflow,330
60.0,2011981340_NC,TSS,Inflow,330
21.0,2011981340_NC,TSS,Inflow,331
50.0,2011981340_NC,TSS,Inflow,331
22.0,2011981340_NC,TSS,Inflow,331
21.0,2011981340_NC,TSS,Inflow,331
18.0,2011981340_NC,TSS,Inflow,331
63.0,2011981340_NC,TSS,Inflow,332
76.0,2011981340_NC,TSS,Inflow,332
68.0,2011981340_NC,TSS,Inflow,332
18.0,2011981340_NC,TSS,Inflow,332
16.0,2011981340_NC,TSS,Inflow,332
20.0,2011981340_NC,TSS,Inflow,333
125.0,2011981340_NC,TSS,Inflow,333
44.0,2011981340_NC,TSS,Inflow,333
19.0,2011981340_NC,TSS,Inflow,333
5.0,2011981340_NC,TSS,Inflow,333
60.0,2011981340_NC,TSS,Inflow,334
5.0,2011981340_NC,TSS,Inflow,334
132.0,2011981340_NC,TSS,Inflow,334
15.0,2011981340_NC,TSS,Inflow,334
63.0,2011981340_NC,TSS,Inflow,334
44.0,2011981340_NC,TSS,Inflow,335
60.0,2011981340_NC,TSS,Inflow,335
63.0,2011981340_NC,TSS,Inflow,335
49.0,2011981340_NC,TSS,Inflow,335
39.0,2011981340_NC,TSS,Inflow,335
16.0,2011981340_NC,TSS,Inflow,336
132.0,2011981340_NC,TSS,Inflow,336
76.0,2011981340_NC,TSS,Inflow,336
5.0,2011981340_NC,TSS,Inflow,336
44.0,2011981340_NC,TSS,Inflow,336
21.0,2011981340_NC,TSS,Inflow,337
50.0,2011981340_NC,TSS,Inflow,337
49.0,2011981340_NC,TSS,Inflow,337
84.0,2011981340_NC,TSS,Inflow,337
16.0,2011981340_NC,TSS,Inflow,337
39.0,2011981340_NC,TSS,Inflow,338
49.0,2011981340_NC,TSS,Inflow,338
76.0,2011981340_NC,TSS,Inflow,338
92.0,2011981340_NC,TSS,Inflow,338
132.0,2011981340_NC,TSS,Inflow,338
92.0,2011981340_NC,TSS,Inflow,339
66.0,2011981340_NC,TSS,Inflow,339
44.0,2011981340_NC,TSS,Inflow,339
60.0,2011981340_NC,TSS,Inflow,339
21.0,2011981340_NC,TSS,Inflow,339
60.0,2011981340_NC,TSS,Inflow,340
21.0,2011981340_NC,TSS,Inflow,340
39.0,2011981340_NC,TSS,Inflow,340
50.0,2011981340_NC,TSS,Inflow,340
19.0,2011981340_NC,TSS,Inflow,340
18.0,2011981340_NC,TSS,Inflow,341
19.0,2011981340_NC,TSS,Inflow,341
76.0,2011981340_NC,TSS,Inflow,341
60.0,2011981340_NC,TSS,Inflow,341
66.0,2011981340_NC,TSS,Inflow,341
18.0,2011981340_NC,TSS,Inflow,342
50.0,2011981340_NC,TSS,Inflow,342
21.0,2011981340_NC,TSS,Inflow,342
21.0,2011981340_NC,TSS,Inflow,342
19.0,2011981340_NC,TSS,Inflow,342
132.0,2011981340_NC,TSS,Inflow,343
68.0,2011981340_NC,TSS,Inflow,343
49.0,2011981340_NC,TSS,Inflow,343
18.0,2011981340_NC,TSS,Inflow,343
20.0,2011981340_NC,TSS,Inflow,343
76.0,2011981340_NC,TSS,Inflow,344
18.0,2011981340_NC,TSS,Inflow,344
39.0,2011981340_NC,TSS,Inflow,344
29.0,2011981340_NC,TSS,Inflow,344
92.0,2011981340_NC,TSS,Inflow,344
29.0,2011981340_NC,TSS,Inflow,345
15.0,2011981340_NC,TSS,Inflow,345
5.0,2011981340_NC,TSS,Inflow,345
20.0,2011981340_NC,TSS,Inflow,345
39.0,2011981340_NC,TSS,Inflow,345
29.0,2011981340_NC,TSS,Inflow,346
5.0,2011981340_NC,TSS,Inflow,346
18.0,2011981340_NC,TSS,Inflow,346
21.0,2011981340_NC,TSS,Inflow,346
60.0,2011981340_NC,TSS,Inflow,346
22.0,2011981340_NC,TSS,Inflow,347
66.0,2011981340_NC,TSS,Inflow,347
50.0,2011981340_NC,TSS,Inflow,347
76.0,2011981340_NC,TSS,Inflow,347
39.0,2011981340_NC,TSS,Inflow,347
66.0,2011981340_NC,TSS,Inflow,348
20.0,2011981340_NC,TSS,Inflow,348
50.0,2011981340_NC,TSS,Inflow,348
92.0,2011981340_NC,TSS,Inflow,348
5.0,2011981340_NC,TSS,Inflow,348
21.0,2011981340_NC,TSS,Inflow,349
29.0,2011981340_NC,TSS,Inflow,349
20.0,2011981340_NC,TSS,Inflow,349
125.0,2011981340_NC,TSS,Inflow,349
22.0,2011981340_NC,TSS,Inflow,349
50.0,2011981340_NC,TSS,Inflow,350
68.0,2011981340_NC,TSS,Inflow,350
5.0,2011981340_NC,TSS,Inflow,350
18.0,2011981340_NC,TSS,Inflow,350
21.0,2011981340_NC,TSS,Inflow,350
132.0,2011981340_NC,TSS,Inflow,351
60.0,2011981340_NC,TSS,Inflow,351
92.0,2011981340_NC,TSS,Inflow,351
76.0,2011981340_NC,TSS,Inflow,351
18.0,2011981340_NC,TSS,Inflow,351
29.0,2011981340_NC,TSS,Inflow,352
19.0,2011981340_NC,TSS,Inflow,352
16.0,2011981340_NC,TSS,Inflow,352
84.0,2011981340_NC,TSS,Inflow,352
21.0,2011981340_NC,TSS,Inflow,352
39.0,2011981340_NC,TSS,Inflow,353
66.0,2011981340_NC,TSS,Inflow,353
44.0,2011981340_NC,TSS,Inflow,353
46.0,2011981340_NC,TSS,Inflow,353
76.0,2011981340_NC,TSS,Inflow,353
44.0,2011981340_NC,TSS,Inflow,354
49.0,2011981340_NC,TSS,Inflow,354
19.0,2011981340_NC,TSS,Inflow,354
18.0,2011981340_NC,TSS,Inflow,354
63.0,2011981340_NC,TSS,Inflow,354
21.0,2011981340_NC,TSS,Inflow,355
29.0,2011981340_NC,TSS,Inflow,355
39.0,2011981340_NC,TSS,Inflow,355
44.0,2011981340_NC,TSS,Inflow,355
50.0,2011981340_NC,TSS,Inflow,355
132.0,2011981340_NC,TSS,Inflow,356
44.0,2011981340_NC,TSS,Inflow,356
84.0,2011981340_NC,TSS,Inflow,356
5.0,2011981340_NC,TSS,Inflow,356
15.0,2011981340_NC,TSS,Inflow,356
22.0,2011981340_NC,TSS,Inflow,357
68.0,2011981340_NC,TSS,Inflow,357
19.0,2011981340_NC,TSS,Inflow,357
66.0,2011981340_NC,TSS,Inflow,357
5.0,2011981340_NC,TSS,Inflow,357
16.0,2011981340_NC,TSS,Inflow,358
50.0,2011981340_NC,TSS,Inflow,358
44.0,2011981340_NC,TSS,Inflow,358
46.0,2011981340_NC,TSS,Inflow,358
22.0,2011981340_NC,TSS,Inflow,358
29.0,2011981340_NC,TSS,Inflow,359
21.0,2011981340_NC,TSS,Inflow,359
44.0,2011981340_NC,TSS,Inflow,359
84.0,2011981340_NC,TSS,Inflow,359
66.0,2011981340_NC,TSS,Inflow,359
125.0,2011981340_NC,TSS,Inflow,360
29.0,2011981340_NC,TSS,Inflow,360
76.0,2011981340_NC,TSS,Inflow,360
46.0,2011981340_NC,TSS,Inflow,360
5.0,2011981340_NC,TSS,Inflow,360
44.0,2011981340_NC,TSS,Inflow,361
39.0,2011981340_NC,TSS,Inflow,361
5.0,2011981340_NC,TSS,Inflow,361
50.0,2011981340_NC,TSS,Inflow,361
49.0,2011981340_NC,TSS,Inflow,361
18.0,2011981340_NC,TSS,Inflow,362
18.0,2011981340_NC,TSS,Inflow,362
92.0,2011981340_NC,TSS,Inflow,362
49.0,2011981340_NC,TSS,Inflow,362
19.0,2011981340_NC,TSS,Inflow,362
49.0,2011981340_NC,TSS,Inflow,363
18.0,2011981340_NC,TSS,Inflow,363
76.0,2011981340_NC,TSS,Inflow,363
22.0,2011981340_NC,TSS,Inflow,363
125.0,2011981340_NC,TSS,Inflow,363
19.0,2011981340_NC,TSS,Inflow,364
22.0,2011981340_NC,TSS,Inflow,364
39.0,2011981340_NC,TSS,Inflow,364
21.0,2011981340_NC,TSS,Inflow,364
66.0,2011981340_NC,TSS,Inflow,364
50.0,2011981340_NC,TSS,Inflow,365
18.0,2011981340_NC,TSS,Inflow,365
44.0,2011981340_NC,TSS,Inflow,365
132.0,2011981340_NC,TSS,Inflow,365
15.0,2011981340_NC,TSS,Inflow,365
15.0,2011981340_NC,TSS,Inflow,366
5.0,2011981340_NC,TSS,Inflow,366
44.0,2011981340_NC,TSS,Inflow,366
63.0,2011981340_NC,TSS,Inflow,366
44.0,2011981340_NC,TSS,Inflow,366
66.0,2011981340_NC,TSS,Inflow,367
68.0,2011981340_NC,TSS,Inflow,367
22.0,2011981340_NC,TSS,Inflow,367
21.0,2011981340_NC,TSS,Inflow,367
16.0,2011981340_NC,TSS,Inflow,367
50.0,2011981340_NC,TSS,Inflow,368
21.0,2011981340_NC,TSS,Inflow,368
92.0,2011981340_NC,TSS,Inflow,368
132.0,2011981340_NC,TSS,Inflow,368
76.0,2011981340_NC,TSS,Inflow,368
46.0,2011981340_NC,TSS,Inflow,369
22.0,2011981340_NC,TSS,Inflow,369
15.0,2011981340_NC,TSS,Inflow,369
50.0,2011981340_NC,TSS,Inflow,369
84.0,2011981340_NC,TSS,Inflow,369
46.0,2011981340_NC,TSS,Inflow,370
5.0,2011981340_NC,TSS,Inflow,370
84.0,2011981340_NC,TSS,Inflow,370
76.0,2011981340_NC,TSS,Inflow,370
16.0,2011981340_NC,TSS,Inflow,370
50.0,2011981340_NC,TSS,Inflow,371
15.0,2011981340_NC,TSS,Inflow,371
44.0,2011981340_NC,TSS,Inflow,371
5.0,2011981340_NC,TSS,Inflow,371
68.0,2011981340_NC,TSS,Inflow,371
125.0,2011981340_NC,TSS,Inflow,372
68.0,2011981340_NC,TSS,Inflow,372
60.0,2011981340_NC,TSS,Inflow,372
39.0,2011981340_NC,TSS,Inflow,372
5.0,2011981340_NC,TSS,Inflow,372
20.0,2011981340_NC,TSS,Inflow,373
84.0,2011981340_NC,TSS,Inflow,373
68.0,2011981340_NC,TSS,Inflow,373
125.0,2011981340_NC,TSS,Inflow,373
92.0,2011981340_NC,TSS,Inflow,373
11.0,2011981340_NC,TSS,Inflow,374
18.0,2011981340_NC,TSS,Inflow,374
63.0,2011981340_NC,TSS,Inflow,374
20.0,2011981340_NC,TSS,Inflow,374
21.0,2011981340_NC,TSS,Inflow,374
46.0,2011981340_NC,TSS,Inflow,375
44.0,2011981340_NC,TSS,Inflow,375
15.0,2011981340_NC,TSS,Inflow,375
20.0,2011981340_NC,TSS,Inflow,375
39.0,2011981340_NC,TSS,Inflow,375
76.0,2011981340_NC,TSS,Inflow,376
18.0,2011981340_NC,TSS,Inflow,376
132.0,2011981340_NC,TSS,Inflow,376
49.0,2011981340_NC,TSS,Inflow,376
16.0,2011981340_NC,TSS,Inflow,376
76.0,2011981340_NC,TSS,Inflow,377
63.0,2011981340_NC,TSS,Inflow,377
46.0,2011981340_NC,TSS,Inflow,377
92.0,2011981340_NC,TSS,Inflow,377
125.0,2011981340_NC,TSS,Inflow,377
68.0,2011981340_NC,TSS,Inflow,378
39.0,2011981340_NC,TSS,Inflow,378
60.0,2011981340_NC,TSS,Inflow,378
84.0,2011981340_NC,TSS,Inflow,378
63.0,2011981340_NC,TSS,Inflow,378
11.0,2011981340_NC,TSS,Inflow,379
132.0,2011981340_NC,TSS,Inflow,379
63.0,2011981340_NC,TSS,Inflow,379
22.0,2011981340_NC,TSS,Inflow,379
16.0,2011981340_NC,TSS,Inflow,379
50.0,2011981340_NC,TSS,Inflow,380
39.0,2011981340_NC,TSS,Inflow,380
132.0,2011981340_NC,TSS,Inflow,380
21.0,2011981340_NC,TSS,Inflow,380
11.0,2011981340_NC,TSS,Inflow,380
84.0,2011981340_NC,TSS,Inflow,381
92.0,2011981340_NC,TSS,Inflow,381
18.0,2011981340_NC,TSS,Inflow,381
15.0,2011981340_NC,TSS,Inflow,381
19.0,2011981340_NC,TSS,Inflow,381
19.0,2011981340_NC,TSS,Inflow,382
60.0,2011981340_NC,TSS,Inflow,382
22.0,2011981340_NC,TSS,Inflow,382
84.0,2011981340_NC,TSS,Inflow,382
44.0,2011981340_NC,TSS,Inflow,382
76.0,2011981340_NC,TSS,Inflow,383
39.0,2011981340_NC,TSS,Inflow,383
60.0,2011981340_NC,TSS,Inflow,383
84.0,2011981340_NC,TSS,Inflow,383
29.0,2011981340_NC,TSS,Inflow,383
21.0,2011981340_NC,TSS,Inflow,384
18.0,2011981340_NC,TSS,Inflow,384
22.0,2011981340_NC,TSS,Inflow,384
68.0,2011981340_NC,TSS,Inflow,384
16.0,2011981340_NC,TSS,Inflow,384
44.0,2011981340_NC,TSS,Inflow,385
46.0,2011981340_NC,TSS,Inflow,385
18.0,2011981340_NC,TSS,Inflow,385
20.0,2011981340_NC,TSS,Inflow,385
5.0,2011981340_NC,TSS,Inflow,385
63.0,2011981340_NC,TSS,Inflow,386
132.0,2011981340_NC,TSS,Inflow,386
21.0,2011981340_NC,TSS,Inflow,386
44.0,2011981340_NC,TSS,Inflow,386
18.0,2011981340_NC,TSS,Inflow,386
60.0,2011981340_NC,TSS,Inflow,387
18.0,2011981340_NC,TSS,Inflow,387
21.0,2011981340_NC,TSS,Inflow,387
46.0,2011981340_NC,TSS,Inflow,387
92.0,2011981340_NC,TSS,Inflow,387
44.0,2011981340_NC,TSS,Inflow,388
125.0,2011981340_NC,TSS,Inflow,388
46.0,2011981340_NC,TSS,Inflow,388
16.0,2011981340_NC,TSS,Inflow,388
39.0,2011981340_NC,TSS,Inflow,388
21.0,2011981340_NC,TSS,Inflow,389
68.0,2011981340_NC,TSS,Inflow,389
22.0,2011981340_NC,TSS,Inflow,389
21.0,2011981340_NC,TSS,Inflow,389
50.0,2011981340_NC,TSS,Inflow,389
125.0,2011981340_NC,TSS,Inflow,390
39.0,2011981340_NC,TSS,Inflow,390
44.0,2011981340_NC,TSS,Inflow,390
68.0,2011981340_NC,TSS,Inflow,390
84.0,2011981340_NC,TSS,Inflow,390
44.0,2011981340_NC,TSS,Inflow,391
29.0,2011981340_NC,TSS,Inflow,391
92.0,2011981340_NC,TSS,Inflow,391
39.0,2011981340_NC,TSS,Inflow,391
84.0,2011981340_NC,TSS,Inflow,391
76.0,2011981340_NC,TSS,Inflow,392
46.0,2011981340_NC,TSS,Inflow,392
39.0,2011981340_NC,TSS,Inflow,392
15.0,2011981340_NC,TSS,Inflow,392
84.0,2011981340_NC,TSS,Inflow,392
21.0,2011981340_NC,TSS,Inflow,393
50.0,2011981340_NC,TSS,Inflow,393
21.0,2011981340_NC,TSS,Inflow,393
39.0,2011981340_NC,TSS,Inflow,393
63.0,2011981340_NC,TSS,Inflow,393
60.0,2011981340_NC,TSS,Inflow,394
76.0,2011981340_NC,TSS,Inflow,394
22.0,2011981340_NC,TSS,Inflow,394
66.0,2011981340_NC,TSS,Inflow,394
39.0,2011981340_NC,TSS,Inflow,394
49.0,2011981340_NC,TSS,Inflow,395
66.0,2011981340_NC,TSS,Inflow,395
22.0,2011981340_NC,TSS,Inflow,395
18.0,2011981340_NC,TSS,Inflow,395
92.0,2011981340_NC,TSS,Inflow,395
44.0,2011981340_NC,TSS,Inflow,396
92.0,2011981340_NC,TSS,Inflow,396
18.0,2011981340_NC,TSS,Inflow,396
21.0,2011981340_NC,TSS,Inflow,396
39.0,2011981340_NC,TSS,Inflow,396
92.0,2011981340_NC,TSS,Inflow,397
50.0,2011981340_NC,TSS,Inflow,397
68.0,2011981340_NC,TSS,Inflow,397
21.0,2011981340_NC,TSS,Inflow,397
5.0,2011981340_NC,TSS,Inflow,397
50.0,2011981340_NC,TSS,Inflow,398
11.0,2011981340_NC,TSS,Inflow,398
15.0,2011981340_NC,TSS,Inflow,398
84.0,2011981340_NC,TSS,Inflow,398
21.0,2011981340_NC,TSS,Inflow,398
21.0,2011981340_NC,TSS,Inflow,399
15.0,2011981340_NC,TSS,Inflow,399
44.0,2011981340_NC,TSS,Inflow,399
66.0,2011981340_NC,TSS,Inflow,399
44.0,2011981340_NC,TSS,Inflow,399
21.0,2011981340_NC,TSS,Inflow,400
92.0,2011981340_NC,TSS,Inflow,400
19.0,2011981340_NC,TSS,Inflow,400
50.0,2011981340_NC,TSS,Inflow,400
46.0,2011981340_NC,TSS,Inflow,400
22.0,2011981340_NC,TSS,Inflow,401
76.0,2011981340_NC,TSS,Inflow,401
44.0,2011981340_NC,TSS,Inflow,401
66.0,2011981340_NC,TSS,Inflow,401
125.0,2011981340_NC,TSS,Inflow,401
5.0,2011981340_NC,TSS,Inflow,402
66.0,2011981340_NC,TSS,Inflow,402
39.0,2011981340_NC,TSS,Inflow,402
44.0,2011981340_NC,TSS,Inflow,402
21.0,2011981340_NC,TSS,Inflow,402
76.0,2011981340_NC,TSS,Inflow,403
84.0,2011981340_NC,TSS,Inflow,403
21.0,2011981340_NC,TSS,Inflow,403
63.0,2011981340_NC,TSS,Inflow,403
46.0,2011981340_NC,TSS,Inflow,403
84.0,2011981340_NC,TSS,Inflow,404
66.0,2011981340_NC,TSS,Inflow,404
18.0,2011981340_NC,TSS,Inflow,404
68.0,2011981340_NC,TSS,Inflow,404
92.0,2011981340_NC,TSS,Inflow,404
22.0,2011981340_NC,TSS,Inflow,405
49.0,2011981340_NC,TSS,Inflow,405
11.0,2011981340_NC,TSS,Inflow,405
15.0,2011981340_NC,TSS,Inflow,405
16.0,2011981340_NC,TSS,Inflow,405
19.0,2011981340_NC,TSS,Inflow,406
21.0,2011981340_NC,TSS,Inflow,406
11.0,2011981340_NC,TSS,Inflow,406
21.0,2011981340_NC,TSS,Inflow,406
60.0,2011981340_NC,TSS,Inflow,406
21.0,2011981340_NC,TSS,Inflow,407
76.0,2011981340_NC,TSS,Inflow,407
16.0,2011981340_NC,TSS,Inflow,407
11.0,2011981340_NC,TSS,Inflow,407
18.0,2011981340_NC,TSS,Inflow,407
18.0,2011981340_NC,TSS,Inflow,408
29.0,2011981340_NC,TSS,Inflow,408
19.0,2011981340_NC,TSS,Inflow,408
50.0,2011981340_NC,TSS,Inflow,408
21.0,2011981340_NC,TSS,Inflow,408
29.0,2011981340_NC,TSS,Inflow,409
92.0,2011981340_NC,TSS,Inflow,409
11.0,2011981340_NC,TSS,Inflow,409
16.0,2011981340_NC,TSS,Inflow,409
60.0,2011981340_NC,TSS,Inflow,409
18.0,2011981340_NC,TSS,Inflow,410
22.0,2011981340_NC,TSS,Inflow,410
15.0,2011981340_NC,TSS,Inflow,410
49.0,2011981340_NC,TSS,Inflow,410
39.0,2011981340_NC,TSS,Inflow,410
50.0,2011981340_NC,TSS,Inflow,411
19.0,2011981340_NC,TSS,Inflow,411
5.0,2011981340_NC,TSS,Inflow,411
125.0,2011981340_NC,TSS,Inflow,411
60.0,2011981340_NC,TSS,Inflow,411
44.0,2011981340_NC,TSS,Inflow,412
15.0,2011981340_NC,TSS,Inflow,412
66.0,2011981340_NC,TSS,Inflow,412
92.0,2011981340_NC,TSS,Inflow,412
39.0,2011981340_NC,TSS,Inflow,412
63.0,2011981340_NC,TSS,Inflow,413
84.0,2011981340_NC,TSS,Inflow,413
44.0,2011981340_NC,TSS,Inflow,413
22.0,2011981340_NC,TSS,Inflow,413
68.0,2011981340_NC,TSS,Inflow,413
16.0,2011981340_NC,TSS,Inflow,414
125.0,2011981340_NC,TSS,Inflow,414
5.0,2011981340_NC,TSS,Inflow,414
46.0,2011981340_NC,TSS,Inflow,414
44.0,2011981340_NC,TSS,Inflow,414
46.0,2011981340_NC,TSS,Inflow,415
16.0,2011981340_NC,TSS,Inflow,415
92.0,2011981340_NC,TSS,Inflow,415
44.0,2011981340_NC,TSS,Inflow,415
19.0,2011981340_NC,TSS,Inflow,415
39.0,2011981340_NC,TSS,Inflow,416
92.0,2011981340_NC,TSS,Inflow,416
44.0,2011981340_NC,TSS,Inflow,416
125.0,2011981340_NC,TSS,Inflow,416
20.0,2011981340_NC,TSS,Inflow,416
125.0,2011981340_NC,TSS,Inflow,417
29.0,2011981340_NC,TSS,Inflow,417
5.0,2011981340_NC,TSS,Inflow,417
22.0,2011981340_NC,TSS,Inflow,417
76.0,2011981340_NC,TSS,Inflow,417
44.0,2011981340_NC,TSS,Inflow,418
5.0,2011981340_NC,TSS,Inflow,418
92.0,2011981340_NC,TSS,Inflow,418
18.0,2011981340_NC,TSS,Inflow,418
76.0,2011981340_NC,TSS,Inflow,418
18.0,2011981340_NC,TSS,Inflow,419
21.0,2011981340_NC,TSS,Inflow,419
46.0,2011981340_NC,TSS,Inflow,419
66.0,2011981340_NC,TSS,Inflow,419
18.0,2011981340_NC,TSS,Inflow,419
125.0,2011981340_NC,TSS,Inflow,420
21.0,2011981340_NC,TSS,Inflow,420
22.0,2011981340_NC,TSS,Inflow,420
92.0,2011981340_NC,TSS,Inflow,420
5.0,2011981340_NC,TSS,Inflow,420
92.0,2011981340_NC,TSS,Inflow,421
18.0,2011981340_NC,TSS,Inflow,421
11.0,2011981340_NC,TSS,Inflow,421
18.0,2011981340_NC,TSS,Inflow,421
132.0,2011981340_NC,TSS,Inflow,421
20.0,2011981340_NC,TSS,Inflow,422
50.0,2011981340_NC,TSS,Inflow,422
92.0,2011981340_NC,TSS,Inflow,422
125.0,2011981340_NC,TSS,Inflow,422
21.0,2011981340_NC,TSS,Inflow,422
46.0,2011981340_NC,TSS,Inflow,423
66.0,2011981340_NC,TSS,Inflow,423
44.0,2011981340_NC,TSS,Inflow,423
68.0,2011981340_NC,TSS,Inflow,423
18.0,2011981340_NC,TSS,Inflow,423
44.0,2011981340_NC,TSS,Inflow,424
15.0,2011981340_NC,TSS,Inflow,424
39.0,2011981340_NC,TSS,Inflow,424
60.0,2011981340_NC,TSS,Inflow,424
92.0,2011981340_NC,TSS,Inflow,424
39.0,2011981340_NC,TSS,Inflow,425
21.0,2011981340_NC,TSS,Inflow,425
22.0,2011981340_NC,TSS,Inflow,425
84.0,2011981340_NC,TSS,Inflow,425
11.0,2011981340_NC,TSS,Inflow,425
68.0,2011981340_NC,TSS,Inflow,426
46.0,2011981340_NC,TSS,Inflow,426
19.0,2011981340_NC,TSS,Inflow,426
125.0,2011981340_NC,TSS,Inflow,426
66.0,2011981340_NC,TSS,Inflow,426
11.0,2011981340_NC,TSS,Inflow,427
92.0,2011981340_NC,TSS,Inflow,427
46.0,2011981340_NC,TSS,Inflow,427
21.0,2011981340_NC,TSS,Inflow,427
39.0,2011981340_NC,TSS,Inflow,427
11.0,2011981340_NC,TSS,Inflow,428
84.0,2011981340_NC,TSS,Inflow,428
15.0,2011981340_NC,TSS,Inflow,428
39.0,2011981340_NC,TSS,Inflow,428
18.0,2011981340_NC,TSS,Inflow,428
49.0,2011981340_NC,TSS,Inflow,429
15.0,2011981340_NC,TSS,Inflow,429
76.0,2011981340_NC,TSS,Inflow,429
63.0,2011981340_NC,TSS,Inflow,429
44.0,2011981340_NC,TSS,Inflow,429
49.0,2011981340_NC,TSS,Inflow,430
132.0,2011981340_NC,TSS,Inflow,430
50.0,2011981340_NC,TSS,Inflow,430
60.0,2011981340_NC,TSS,Inflow,430
46.0,2011981340_NC,TSS,Inflow,430
21.0,2011981340_NC,TSS,Inflow,431
132.0,2011981340_NC,TSS,Inflow,431
19.0,2011981340_NC,TSS,Inflow,431
15.0,2011981340_NC,TSS,Inflow,431
44.0,2011981340_NC,TSS,Inflow,431
18.0,2011981340_NC,TSS,Inflow,432
66.0,2011981340_NC,TSS,Inflow,432
22.0,2011981340_NC,TSS,Inflow,432
132.0,2011981340_NC,TSS,Inflow,432
84.0,2011981340_NC,TSS,Inflow,432
46.0,2011981340_NC,TSS,Inflow,433
15.0,2011981340_NC,TSS,Inflow,433
66.0,2011981340_NC,TSS,Inflow,433
68.0,2011981340_NC,TSS,Inflow,433
76.0,2011981340_NC,TSS,Inflow,433
18.0,2011981340_NC,TSS,Inflow,434
5.0,2011981340_NC,TSS,Inflow,434
84.0,2011981340_NC,TSS,Inflow,434
50.0,2011981340_NC,TSS,Inflow,434
20.0,2011981340_NC,TSS,Inflow,434
50.0,2011981340_NC,TSS,Inflow,435
46.0,2011981340_NC,TSS,Inflow,435
39.0,2011981340_NC,TSS,Inflow,435
29.0,2011981340_NC,TSS,Inflow,435
68.0,2011981340_NC,TSS,Inflow,435
21.0,2011981340_NC,TSS,Inflow,436
39.0,2011981340_NC,TSS,Inflow,436
21.0,2011981340_NC,TSS,Inflow,436
125.0,2011981340_NC,TSS,Inflow,436
44.0,2011981340_NC,TSS,Inflow,436
18.0,2011981340_NC,TSS,Inflow,437
5.0,2011981340_NC,TSS,Inflow,437
19.0,2011981340_NC,TSS,Inflow,437
21.0,2011981340_NC,TSS,Inflow,437
68.0,2011981340_NC,TSS,Inflow,437
63.0,2011981340_NC,TSS,Inflow,438
92.0,2011981340_NC,TSS,Inflow,438
20.0,2011981340_NC,TSS,Inflow,438
60.0,2011981340_NC,TSS,Inflow,438
44.0,2011981340_NC,TSS,Inflow,438
39.0,2011981340_NC,TSS,Inflow,439
21.0,2011981340_NC,TSS,Inflow,439
18.0,2011981340_NC,TSS,Inflow,439
84.0,2011981340_NC,TSS,Inflow,439
44.0,2011981340_NC,TSS,Inflow,439
29.0,2011981340_NC,TSS,Inflow,440
60.0,2011981340_NC,TSS,Inflow,440
63.0,2011981340_NC,TSS,Inflow,440
39.0,2011981340_NC,TSS,Inflow,440
19.0,2011981340_NC,TSS,Inflow,440
50.0,2011981340_NC,TSS,Inflow,441
44.0,2011981340_NC,TSS,Inflow,441
92.0,2011981340_NC,TSS,Inflow,441
16.0,2011981340_NC,TSS,Inflow,441
18.0,2011981340_NC,TSS,Inflow,441
29.0,2011981340_NC,TSS,Inflow,442
22.0,2011981340_NC,TSS,Inflow,442
44.0,2011981340_NC,TSS,Inflow,442
76.0,2011981340_NC,TSS,Inflow,442
49.0,2011981340_NC,TSS,Inflow,442
44.0,2011981340_NC,TSS,Inflow,443
19.0,2011981340_NC,TSS,Inflow,443
76.0,2011981340_NC,TSS,Inflow,443
21.0,2011981340_NC,TSS,Inflow,443
39.0,2011981340_NC,TSS,Inflow,443
16.0,2011981340_NC,TSS,Inflow,444
15.0,2011981340_NC,TSS,Inflow,444
5.0,2011981340_NC,TSS,Inflow,444
50.0,2011981340_NC,TSS,Inflow,444
125.0,2011981340_NC,TSS,Inflow,444
21.0,2011981340_NC,TSS,Inflow,445
11.0,2011981340_NC,TSS,Inflow,445
15.0,2011981340_NC,TSS,Inflow,445
21.0,2011981340_NC,TSS,Inflow,445
29.0,2011981340_NC,TSS,Inflow,445
63.0,2011981340_NC,TSS,Inflow,446
39.0,2011981340_NC,TSS,Inflow,446
76.0,2011981340_NC,TSS,Inflow,446
92.0,2011981340_NC,TSS,Inflow,446
46.0,2011981340_NC,TSS,Inflow,446
84.0,2011981340_NC,TSS,Inflow,447
22.0,2011981340_NC,TSS,Inflow,447
50.0,2011981340_NC,TSS,Inflow,447
11.0,2011981340_NC,TSS,Inflow,447
39.0,2011981340_NC,TSS,Inflow,447
18.0,2011981340_NC,TSS,Inflow,448
76.0,2011981340_NC,TSS,Inflow,448
21.0,2011981340_NC,TSS,Inflow,448
19.0,2011981340_NC,TSS,Inflow,448
20.0,2011981340_NC,TSS,Inflow,448
66.0,2011981340_NC,TSS,Inflow,449
19.0,2011981340_NC,TSS,Inflow,449
49.0,2011981340_NC,TSS,Inflow,449
21.0,2011981340_NC,TSS,Inflow,449
76.0,2011981340_NC,TSS,Inflow,449
18.0,2011981340_NC,TSS,Inflow,450
22.0,2011981340_NC,TSS,Inflow,450
21.0,2011981340_NC,TSS,Inflow,450
21.0,2011981340_NC,TSS,Inflow,450
49.0,2011981340_NC,TSS,Inflow,450
63.0,2011981340_NC,TSS,Inflow,451
19.0,2011981340_NC,TSS,Inflow,451
39.0,2011981340_NC,TSS,Inflow,451
46.0,2011981340_NC,TSS,Inflow,451
22.0,2011981340_NC,TSS,Inflow,451
92.0,2011981340_NC,TSS,Inflow,452
16.0,2011981340_NC,TSS,Inflow,452
22.0,2011981340_NC,TSS,Inflow,452
84.0,2011981340_NC,TSS,Inflow,452
66.0,2011981340_NC,TSS,Inflow,452
63.0,2011981340_NC,TSS,Inflow,453
132.0,2011981340_NC,TSS,Inflow,453
46.0,2011981340_NC,TSS,Inflow,453
22.0,2011981340_NC,TSS,Inflow,453
44.0,2011981340_NC,TSS,Inflow,453
20.0,2011981340_NC,TSS,Inflow,454
18.0,2011981340_NC,TSS,Inflow,454
29.0,2011981340_NC,TSS,Inflow,454
50.0,2011981340_NC,TSS,Inflow,454
84.0,2011981340_NC,TSS,Inflow,454
46.0,2011981340_NC,TSS,Inflow,455
15.0,2011981340_NC,TSS,Inflow,455
29.0,2011981340_NC,TSS,Inflow,455
21.0,2011981340_NC,TSS,Inflow,455
19.0,2011981340_NC,TSS,Inflow,455
132.0,2011981340_NC,TSS,Inflow,456
21.0,2011981340_NC,TSS,Inflow,456
66.0,2011981340_NC,TSS,Inflow,456
92.0,2011981340_NC,TSS,Inflow,456
44.0,2011981340_NC,TSS,Inflow,456
19.0,2011981340_NC,TSS,Inflow,457
44.0,2011981340_NC,TSS,Inflow,457
20.0,2011981340_NC,TSS,Inflow,457
15.0,2011981340_NC,TSS,Inflow,457
5.0,2011981340_NC,TSS,Inflow,457
5.0,2011981340_NC,TSS,Inflow,458
46.0,2011981340_NC,TSS,Inflow,458
11.0,2011981340_NC,TSS,Inflow,458
132.0,2011981340_NC,TSS,Inflow,458
49.0,2011981340_NC,TSS,Inflow,458
21.0,2011981340_NC,TSS,Inflow,459
76.0,2011981340_NC,TSS,Inflow,459
46.0,2011981340_NC,TSS,Inflow,459
22.0,2011981340_NC,TSS,Inflow,459
68.0,2011981340_NC,TSS,Inflow,459
63.0,2011981340_NC,TSS,Inflow,460
66.0,2011981340_NC,TSS,Inflow,460
76.0,2011981340_NC,TSS,Inflow,460
125.0,2011981340_NC,TSS,Inflow,460
29.0,2011981340_NC,TSS,Inflow,460
132.0,2011981340_NC,TSS,Inflow,461
29.0,2011981340_NC,TSS,Inflow,461
63.0,2011981340_NC,TSS,Inflow,461
18.0,2011981340_NC,TSS,Inflow,461
39.0,2011981340_NC,TSS,Inflow,461
68.0,2011981340_NC,TSS,Inflow,462
44.0,2011981340_NC,TSS,Inflow,462
60.0,2011981340_NC,TSS,Inflow,462
5.0,2011981340_NC,TSS,Inflow,462
46.0,2011981340_NC,TSS,Inflow,462
60.0,2011981340_NC,TSS,Inflow,463
66.0,2011981340_NC,TSS,Inflow,463
84.0,2011981340_NC,TSS,Inflow,463
21.0,2011981340_NC,TSS,Inflow,463
20.0,2011981340_NC,TSS,Inflow,463
44.0,2011981340_NC,TSS,Inflow,464
29.0,2011981340_NC,TSS,Inflow,464
22.0,2011981340_NC,TSS,Inflow,464
11.0,2011981340_NC,TSS,Inflow,464
66.0,2011981340_NC,TSS,Inflow,464
60.0,2011981340_NC,TSS,Inflow,465
68.0,2011981340_NC,TSS,Inflow,465
63.0,2011981340_NC,TSS,Inflow,465
11.0,2011981340_NC,TSS,Inflow,465
22.0,2011981340_NC,TSS,Inflow,465
66.0,2011981340_NC,TSS,Inflow,466
132.0,2011981340_NC,TSS,Inflow,466
49.0,2011981340_NC,TSS,Inflow,466
92.0,2011981340_NC,TSS,Inflow,466
76.0,2011981340_NC,TSS,Inflow,466
16.0,2011981340_NC,TSS,Inflow,467
21.0,2011981340_NC,TSS,Inflow,467
15.0,2011981340_NC,TSS,Inflow,467
22.0,2011981340_NC,TSS,Inflow,467
21.0,2011981340_NC,TSS,Inflow,467
63.0,2011981340_NC,TSS,Inflow,468
46.0,2011981340_NC,TSS,Inflow,468
20.0,2011981340_NC,TSS,Inflow,468
68.0,2011981340_NC,TSS,Inflow,468
44.0,2011981340_NC,TSS,Inflow,468
11.0,2011981340_NC,TSS,Inflow,469
39.0,2011981340_NC,TSS,Inflow,469
63.0,2011981340_NC,TSS,Inflow,469
5.0,2011981340_NC,TSS,Inflow,469
20.0,2011981340_NC,TSS,Inflow,469
76.0,2011981340_NC,TSS,Inflow,470
39.0,2011981340_NC,TSS,Inflow,470
84.0,2011981340_NC,TSS,Inflow,470
44.0,2011981340_NC,TSS,Inflow,470
50.0,2011981340_NC,TSS,Inflow,470
68.0,2011981340_NC,TSS,Inflow,471
15.0,2011981340_NC,TSS,Inflow,471
125.0,2011981340_NC,TSS,Inflow,471
20.0,2011981340_NC,TSS,Inflow,471
11.0,2011981340_NC,TSS,Inflow,471
39.0,2011981340_NC,TSS,Inflow,472
50.0,2011981340_NC,TSS,Inflow,472
11.0,2011981340_NC,TSS,Inflow,472
44.0,2011981340_NC,TSS,Inflow,472
18.0,2011981340_NC,TSS,Inflow,472
44.0,2011981340_NC,TSS,Inflow,473
15.0,2011981340_NC,TSS,Inflow,473
18.0,2011981340_NC,TSS,Inflow,473
29.0,2011981340_NC,TSS,Inflow,473
19.0,2011981340_NC,TSS,Inflow,473
92.0,2011981340_NC,TSS,Inflow,474
49.0,2011981340_NC,TSS,Inflow,474
68.0,2011981340_NC,TSS,Inflow,474
11.0,2011981340_NC,TSS,Inflow,474
50.0,2011981340_NC,TSS,Inflow,474
15.0,2011981340_NC,TSS,Inflow,475
5.0,2011981340_NC,TSS,Inflow,475
125.0,2011981340_NC,TSS,Inflow,475
21.0,2011981340_NC,TSS,Inflow,475
84.0,2011981340_NC,TSS,Inflow,475
22.0,2011981340_NC,TSS,Inflow,476
18.0,2011981340_NC,TSS,Inflow,476
29.0,2011981340_NC,TSS,Inflow,476
21.0,2011981340_NC,TSS,Inflow,476
39.0,2011981340_NC,TSS,Inflow,476
46.0,2011981340_NC,TSS,Inflow,477
132.0,2011981340_NC,TSS,Inflow,477
19.0,2011981340_NC,TSS,Inflow,477
18.0,2011981340_NC,TSS,Inflow,477
49.0,2011981340_NC,TSS,Inflow,477
19.0,2011981340_NC,TSS,Inflow,478
68.0,2011981340_NC,TSS,Inflow,478
76.0,2011981340_NC,TSS,Inflow,478
5.0,2011981340_NC,TSS,Inflow,478
46.0,2011981340_NC,TSS,Inflow,478
20.0,2011981340_NC,TSS,Inflow,479
49.0,2011981340_NC,TSS,Inflow,479
11.0,2011981340_NC,TSS,Inflow,479
18.0,2011981340_NC,TSS,Inflow,479
44.0,2011981340_NC,TSS,Inflow,479
16.0,2011981340_NC,TSS,Inflow,480
50.0,2011981340_NC,TSS,Inflow,480
44.0,2011981340_NC,TSS,Inflow,480
19.0,2011981340_NC,TSS,Inflow,480
29.0,2011981340_NC,TSS,Inflow,480
20.0,2011981340_NC,TSS,Inflow,481
19.0,2011981340_NC,TSS,Inflow,481
66.0,2011981340_NC,TSS,Inflow,481
5.0,2011981340_NC,TSS,Inflow,481
46.0,2011981340_NC,TSS,Inflow,481
18.0,2011981340_NC,TSS,Inflow,482
92.0,2011981340_NC,TSS,Inflow,482
66.0,2011981340_NC,TSS,Inflow,482
68.0,2011981340_NC,TSS,Inflow,482
21.0,2011981340_NC,TSS,Inflow,482
76.0,2011981340_NC,TSS,Inflow,483
132.0,2011981340_NC,TSS,Inflow,483
92.0,2011981340_NC,TSS,Inflow,483
20.0,2011981340_NC,TSS,Inflow,483
21.0,2011981340_NC,TSS,Inflow,483
11.0,2011981340_NC,TSS,Inflow,484
63.0,2011981340_NC,TSS,Inflow,484
16.0,2011981340_NC,TSS,Inflow,484
44.0,2011981340_NC,TSS,Inflow,484
18.0,2011981340_NC,TSS,Inflow,484
18.0,2011981340_NC,TSS,Inflow,485
16.0,2011981340_NC,TSS,Inflow,485
68.0,2011981340_NC,TSS,Inflow,485
92.0,2011981340_NC,TSS,Inflow,485
63.0,2011981340_NC,TSS,Inflow,485
50.0,2011981340_NC,TSS,Inflow,486
60.0,2011981340_NC,TSS,Inflow,486
76.0,2011981340_NC,TSS,Inflow,486
49.0,2011981340_NC,TSS,Inflow,486
16.0,2011981340_NC,TSS,Inflow,486
39.0,2011981340_NC,TSS,Inflow,487
18.0,2011981340_NC,TSS,Inflow,487
76.0,2011981340_NC,TSS,Inflow,487
46.0,2011981340_NC,TSS,Inflow,487
22.0,2011981340_NC,TSS,Inflow,487
11.0,2011981340_NC,TSS,Inflow,488
20.0,2011981340_NC,TSS,Inflow,488
84.0,2011981340_NC,TSS,Inflow,488
50.0,2011981340_NC,TSS,Inflow,488
29.0,2011981340_NC,TSS,Inflow,488
29.0,2011981340_NC,TSS,Inflow,489
44.0,2011981340_NC,TSS,Inflow,489
22.0,2011981340_NC,TSS,Inflow,489
92.0,2011981340_NC,TSS,Inflow,489
44.0,2011981340_NC,TSS,Inflow,489
11.0,2011981340_NC,TSS,Inflow,490
66.0,2011981340_NC,TSS,Inflow,490
68.0,2011981340_NC,TSS,Inflow,490
21.0,2011981340_NC,TSS,Inflow,490
18.0,2011981340_NC,TSS,Inflow,490
16.0,2011981340_NC,TSS,Inflow,491
60.0,2011981340_NC,TSS,Inflow,491
84.0,2011981340_NC,TSS,Inflow,491
29.0,2011981340_NC,TSS,Inflow,491
21.0,2011981340_NC,TSS,Inflow,491
19.0,2011981340_NC,TSS,Inflow,492
92.0,2011981340_NC,TSS,Inflow,492
50.0,2011981340_NC,TSS,Inflow,492
39.0,2011981340_NC,TSS,Inflow,492
68.0,2011981340_NC,TSS,Inflow,492
132.0,2011981340_NC,TSS,Inflow,493
11.0,2011981340_NC,TSS,Inflow,493
18.0,2011981340_NC,TSS,Inflow,493
29.0,2011981340_NC,TSS,Inflow,493
21.0,2011981340_NC,TSS,Inflow,493
29.0,2011981340_NC,TSS,Inflow,494
16.0,2011981340_NC,TSS,Inflow,494
22.0,2011981340_NC,TSS,Inflow,494
39.0,2011981340_NC,TSS,Inflow,494
125.0,2011981340_NC,TSS,Inflow,494
46.0,2011981340_NC,TSS,Inflow,495
60.0,2011981340_NC,TSS,Inflow,495
5.0,2011981340_NC,TSS,Inflow,495
21.0,2011981340_NC,TSS,Inflow,495
15.0,2011981340_NC,TSS,Inflow,495
44.0,2011981340_NC,TSS,Inflow,496
18.0,2011981340_NC,TSS,Inflow,496
92.0,2011981340_NC,TSS,Inflow,496
22.0,2011981340_NC,TSS,Inflow,496
60.0,2011981340_NC,TSS,Inflow,496
19.0,2011981340_NC,TSS,Inflow,497
60.0,2011981340_NC,TSS,Inflow,497
20.0,2011981340_NC,TSS,Inflow,497
76.0,2011981340_NC,TSS,Inflow,497
46.0,2011981340_NC,TSS,Inflow,497
18.0,2011981340_NC,TSS,Inflow,498
29.0,2011981340_NC,TSS,Inflow,498
22.0,2011981340_NC,TSS,Inflow,498
39.0,2011981340_NC,TSS,Inflow,498
46.0,2011981340_NC,TSS,Inflow,498
44.0,2011981340_NC,TSS,Inflow,499
125.0,2011981340_NC,TSS,Inflow,499
39.0,2011981340_NC,TSS,Inflow,499
21.0,2011981340_NC,TSS,Inflow,499
50.0,2011981340_NC,TSS,Inflow,499
92.0,2011981340_NC,TSS,Inflow,500
46.0,2011981340_NC,TSS,Inflow,500
16.0,2011981340_NC,TSS,Inflow,500
21.0,2011981340_NC,TSS,Inflow,500
132.0,2011981340_NC,TSS,Inflow,500
