EMC,Location,Analyte,Flow,Run
85,1980780486_CA,TSS,Inflow,1
15,1980780486_CA,TSS,Inflow,1
21,1980780486_CA,TSS,Inflow,1
191,1980780486_CA,TSS,Inflow,1
2870,1980780486_CA,TSS,Inflow,1
118,1980780486_CA,TSS,Inflow,2
36,1980780486_CA,TSS,Inflow,2
191,1980780486_CA,TSS,Inflow,2
18,1980780486_CA,TSS,Inflow,2
66,1980780486_CA,TSS,Inflow,2
30,1980780486_CA,TSS,Inflow,3
24,1980780486_CA,TSS,Inflow,3
21,1980780486_CA,TSS,Inflow,3
30,1980780486_CA,TSS,Inflow,3
15,1980780486_CA,TSS,Inflow,3
72,1980780486_CA,TSS,Inflow,4
90,1980780486_CA,TSS,Inflow,4
191,1980780486_CA,TSS,Inflow,4
723,1980780486_CA,TSS,Inflow,4
161,1980780486_CA,TSS,Inflow,4
1280,1980780486_CA,TSS,Inflow,5
36,1980780486_CA,TSS,Inflow,5
191,1980780486_CA,TSS,Inflow,5
161,1980780486_CA,TSS,Inflow,5
49,1980780486_CA,TSS,Inflow,5
35,1980780486_CA,TSS,Inflow,6
600,1980780486_CA,TSS,Inflow,6
21,1980780486_CA,TSS,Inflow,6
90,1980780486_CA,TSS,Inflow,6
30,1980780486_CA,TSS,Inflow,6
118,1980780486_CA,TSS,Inflow,7
96,1980780486_CA,TSS,Inflow,7
30,1980780486_CA,TSS,Inflow,7
161,1980780486_CA,TSS,Inflow,7
35,1980780486_CA,TSS,Inflow,7
600,1980780486_CA,TSS,Inflow,8
49,1980780486_CA,TSS,Inflow,8
30,1980780486_CA,TSS,Inflow,8
161,1980780486_CA,TSS,Inflow,8
66,1980780486_CA,TSS,Inflow,8
118,1980780486_CA,TSS,Inflow,9
166,1980780486_CA,TSS,Inflow,9
49,1980780486_CA,TSS,Inflow,9
30,1980780486_CA,TSS,Inflow,9
35,1980780486_CA,TSS,Inflow,9
600,1980780486_CA,TSS,Inflow,10
15,1980780486_CA,TSS,Inflow,10
36,1980780486_CA,TSS,Inflow,10
85,1980780486_CA,TSS,Inflow,10
1280,1980780486_CA,TSS,Inflow,10
35,1980780486_CA,TSS,Inflow,11
191,1980780486_CA,TSS,Inflow,11
72,1980780486_CA,TSS,Inflow,11
15,1980780486_CA,TSS,Inflow,11
1280,1980780486_CA,TSS,Inflow,11
96,1980780486_CA,TSS,Inflow,12
21,1980780486_CA,TSS,Inflow,12
118,1980780486_CA,TSS,Inflow,12
30,1980780486_CA,TSS,Inflow,12
161,1980780486_CA,TSS,Inflow,12
18,1980780486_CA,TSS,Inflow,13
85,1980780486_CA,TSS,Inflow,13
35,1980780486_CA,TSS,Inflow,13
161,1980780486_CA,TSS,Inflow,13
15,1980780486_CA,TSS,Inflow,13
600,1980780486_CA,TSS,Inflow,14
24,1980780486_CA,TSS,Inflow,14
161,1980780486_CA,TSS,Inflow,14
118,1980780486_CA,TSS,Inflow,14
21,1980780486_CA,TSS,Inflow,14
72,1980780486_CA,TSS,Inflow,15
1280,1980780486_CA,TSS,Inflow,15
600,1980780486_CA,TSS,Inflow,15
49,1980780486_CA,TSS,Inflow,15
30,1980780486_CA,TSS,Inflow,15
18,1980780486_CA,TSS,Inflow,16
21,1980780486_CA,TSS,Inflow,16
49,1980780486_CA,TSS,Inflow,16
72,1980780486_CA,TSS,Inflow,16
1280,1980780486_CA,TSS,Inflow,16
600,1980780486_CA,TSS,Inflow,17
15,1980780486_CA,TSS,Inflow,17
36,1980780486_CA,TSS,Inflow,17
66,1980780486_CA,TSS,Inflow,17
161,1980780486_CA,TSS,Inflow,17
36,1980780486_CA,TSS,Inflow,18
2870,1980780486_CA,TSS,Inflow,18
24,1980780486_CA,TSS,Inflow,18
90,1980780486_CA,TSS,Inflow,18
118,1980780486_CA,TSS,Inflow,18
723,1980780486_CA,TSS,Inflow,19
2870,1980780486_CA,TSS,Inflow,19
24,1980780486_CA,TSS,Inflow,19
118,1980780486_CA,TSS,Inflow,19
30,1980780486_CA,TSS,Inflow,19
21,1980780486_CA,TSS,Inflow,20
96,1980780486_CA,TSS,Inflow,20
35,1980780486_CA,TSS,Inflow,20
2870,1980780486_CA,TSS,Inflow,20
18,1980780486_CA,TSS,Inflow,20
96,1980780486_CA,TSS,Inflow,21
191,1980780486_CA,TSS,Inflow,21
118,1980780486_CA,TSS,Inflow,21
72,1980780486_CA,TSS,Inflow,21
723,1980780486_CA,TSS,Inflow,21
166,1980780486_CA,TSS,Inflow,22
118,1980780486_CA,TSS,Inflow,22
90,1980780486_CA,TSS,Inflow,22
35,1980780486_CA,TSS,Inflow,22
1280,1980780486_CA,TSS,Inflow,22
191,1980780486_CA,TSS,Inflow,23
2870,1980780486_CA,TSS,Inflow,23
85,1980780486_CA,TSS,Inflow,23
600,1980780486_CA,TSS,Inflow,23
161,1980780486_CA,TSS,Inflow,23
191,1980780486_CA,TSS,Inflow,24
2870,1980780486_CA,TSS,Inflow,24
166,1980780486_CA,TSS,Inflow,24
36,1980780486_CA,TSS,Inflow,24
723,1980780486_CA,TSS,Inflow,24
72,1980780486_CA,TSS,Inflow,25
85,1980780486_CA,TSS,Inflow,25
161,1980780486_CA,TSS,Inflow,25
1280,1980780486_CA,TSS,Inflow,25
21,1980780486_CA,TSS,Inflow,25
161,1980780486_CA,TSS,Inflow,26
2870,1980780486_CA,TSS,Inflow,26
30,1980780486_CA,TSS,Inflow,26
21,1980780486_CA,TSS,Inflow,26
166,1980780486_CA,TSS,Inflow,26
36,1980780486_CA,TSS,Inflow,27
2870,1980780486_CA,TSS,Inflow,27
118,1980780486_CA,TSS,Inflow,27
161,1980780486_CA,TSS,Inflow,27
21,1980780486_CA,TSS,Inflow,27
2870,1980780486_CA,TSS,Inflow,28
1280,1980780486_CA,TSS,Inflow,28
166,1980780486_CA,TSS,Inflow,28
18,1980780486_CA,TSS,Inflow,28
15,1980780486_CA,TSS,Inflow,28
35,1980780486_CA,TSS,Inflow,29
30,1980780486_CA,TSS,Inflow,29
2870,1980780486_CA,TSS,Inflow,29
118,1980780486_CA,TSS,Inflow,29
24,1980780486_CA,TSS,Inflow,29
191,1980780486_CA,TSS,Inflow,30
85,1980780486_CA,TSS,Inflow,30
72,1980780486_CA,TSS,Inflow,30
96,1980780486_CA,TSS,Inflow,30
66,1980780486_CA,TSS,Inflow,30
35,1980780486_CA,TSS,Inflow,31
24,1980780486_CA,TSS,Inflow,31
18,1980780486_CA,TSS,Inflow,31
36,1980780486_CA,TSS,Inflow,31
1280,1980780486_CA,TSS,Inflow,31
18,1980780486_CA,TSS,Inflow,32
72,1980780486_CA,TSS,Inflow,32
24,1980780486_CA,TSS,Inflow,32
30,1980780486_CA,TSS,Inflow,32
15,1980780486_CA,TSS,Inflow,32
723,1980780486_CA,TSS,Inflow,33
72,1980780486_CA,TSS,Inflow,33
191,1980780486_CA,TSS,Inflow,33
1280,1980780486_CA,TSS,Inflow,33
2870,1980780486_CA,TSS,Inflow,33
21,1980780486_CA,TSS,Inflow,34
66,1980780486_CA,TSS,Inflow,34
1280,1980780486_CA,TSS,Inflow,34
191,1980780486_CA,TSS,Inflow,34
161,1980780486_CA,TSS,Inflow,34
600,1980780486_CA,TSS,Inflow,35
118,1980780486_CA,TSS,Inflow,35
21,1980780486_CA,TSS,Inflow,35
723,1980780486_CA,TSS,Inflow,35
30,1980780486_CA,TSS,Inflow,35
18,1980780486_CA,TSS,Inflow,36
96,1980780486_CA,TSS,Inflow,36
161,1980780486_CA,TSS,Inflow,36
72,1980780486_CA,TSS,Inflow,36
15,1980780486_CA,TSS,Inflow,36
166,1980780486_CA,TSS,Inflow,37
36,1980780486_CA,TSS,Inflow,37
18,1980780486_CA,TSS,Inflow,37
49,1980780486_CA,TSS,Inflow,37
35,1980780486_CA,TSS,Inflow,37
161,1980780486_CA,TSS,Inflow,38
30,1980780486_CA,TSS,Inflow,38
15,1980780486_CA,TSS,Inflow,38
21,1980780486_CA,TSS,Inflow,38
191,1980780486_CA,TSS,Inflow,38
2870,1980780486_CA,TSS,Inflow,39
1280,1980780486_CA,TSS,Inflow,39
90,1980780486_CA,TSS,Inflow,39
15,1980780486_CA,TSS,Inflow,39
161,1980780486_CA,TSS,Inflow,39
90,1980780486_CA,TSS,Inflow,40
600,1980780486_CA,TSS,Inflow,40
21,1980780486_CA,TSS,Inflow,40
35,1980780486_CA,TSS,Inflow,40
36,1980780486_CA,TSS,Inflow,40
18,1980780486_CA,TSS,Inflow,41
36,1980780486_CA,TSS,Inflow,41
161,1980780486_CA,TSS,Inflow,41
15,1980780486_CA,TSS,Inflow,41
24,1980780486_CA,TSS,Inflow,41
2870,1980780486_CA,TSS,Inflow,42
72,1980780486_CA,TSS,Inflow,42
600,1980780486_CA,TSS,Inflow,42
161,1980780486_CA,TSS,Inflow,42
191,1980780486_CA,TSS,Inflow,42
66,1980780486_CA,TSS,Inflow,43
2870,1980780486_CA,TSS,Inflow,43
15,1980780486_CA,TSS,Inflow,43
21,1980780486_CA,TSS,Inflow,43
161,1980780486_CA,TSS,Inflow,43
191,1980780486_CA,TSS,Inflow,44
24,1980780486_CA,TSS,Inflow,44
166,1980780486_CA,TSS,Inflow,44
161,1980780486_CA,TSS,Inflow,44
21,1980780486_CA,TSS,Inflow,44
723,1980780486_CA,TSS,Inflow,45
36,1980780486_CA,TSS,Inflow,45
18,1980780486_CA,TSS,Inflow,45
21,1980780486_CA,TSS,Inflow,45
66,1980780486_CA,TSS,Inflow,45
30,1980780486_CA,TSS,Inflow,46
72,1980780486_CA,TSS,Inflow,46
15,1980780486_CA,TSS,Inflow,46
18,1980780486_CA,TSS,Inflow,46
66,1980780486_CA,TSS,Inflow,46
1280,1980780486_CA,TSS,Inflow,47
49,1980780486_CA,TSS,Inflow,47
15,1980780486_CA,TSS,Inflow,47
30,1980780486_CA,TSS,Inflow,47
191,1980780486_CA,TSS,Inflow,47
15,1980780486_CA,TSS,Inflow,48
85,1980780486_CA,TSS,Inflow,48
30,1980780486_CA,TSS,Inflow,48
66,1980780486_CA,TSS,Inflow,48
118,1980780486_CA,TSS,Inflow,48
18,1980780486_CA,TSS,Inflow,49
24,1980780486_CA,TSS,Inflow,49
191,1980780486_CA,TSS,Inflow,49
49,1980780486_CA,TSS,Inflow,49
66,1980780486_CA,TSS,Inflow,49
35,1980780486_CA,TSS,Inflow,50
30,1980780486_CA,TSS,Inflow,50
166,1980780486_CA,TSS,Inflow,50
118,1980780486_CA,TSS,Inflow,50
72,1980780486_CA,TSS,Inflow,50
161,1980780486_CA,TSS,Inflow,51
191,1980780486_CA,TSS,Inflow,51
72,1980780486_CA,TSS,Inflow,51
723,1980780486_CA,TSS,Inflow,51
166,1980780486_CA,TSS,Inflow,51
161,1980780486_CA,TSS,Inflow,52
66,1980780486_CA,TSS,Inflow,52
21,1980780486_CA,TSS,Inflow,52
30,1980780486_CA,TSS,Inflow,52
723,1980780486_CA,TSS,Inflow,52
72,1980780486_CA,TSS,Inflow,53
600,1980780486_CA,TSS,Inflow,53
30,1980780486_CA,TSS,Inflow,53
30,1980780486_CA,TSS,Inflow,53
85,1980780486_CA,TSS,Inflow,53
90,1980780486_CA,TSS,Inflow,54
161,1980780486_CA,TSS,Inflow,54
35,1980780486_CA,TSS,Inflow,54
72,1980780486_CA,TSS,Inflow,54
21,1980780486_CA,TSS,Inflow,54
35,1980780486_CA,TSS,Inflow,55
30,1980780486_CA,TSS,Inflow,55
72,1980780486_CA,TSS,Inflow,55
1280,1980780486_CA,TSS,Inflow,55
66,1980780486_CA,TSS,Inflow,55
191,1980780486_CA,TSS,Inflow,56
161,1980780486_CA,TSS,Inflow,56
90,1980780486_CA,TSS,Inflow,56
35,1980780486_CA,TSS,Inflow,56
21,1980780486_CA,TSS,Inflow,56
66,1980780486_CA,TSS,Inflow,57
72,1980780486_CA,TSS,Inflow,57
600,1980780486_CA,TSS,Inflow,57
21,1980780486_CA,TSS,Inflow,57
161,1980780486_CA,TSS,Inflow,57
2870,1980780486_CA,TSS,Inflow,58
90,1980780486_CA,TSS,Inflow,58
166,1980780486_CA,TSS,Inflow,58
35,1980780486_CA,TSS,Inflow,58
72,1980780486_CA,TSS,Inflow,58
21,1980780486_CA,TSS,Inflow,59
96,1980780486_CA,TSS,Inflow,59
72,1980780486_CA,TSS,Inflow,59
24,1980780486_CA,TSS,Inflow,59
18,1980780486_CA,TSS,Inflow,59
161,1980780486_CA,TSS,Inflow,60
24,1980780486_CA,TSS,Inflow,60
66,1980780486_CA,TSS,Inflow,60
36,1980780486_CA,TSS,Inflow,60
166,1980780486_CA,TSS,Inflow,60
723,1980780486_CA,TSS,Inflow,61
166,1980780486_CA,TSS,Inflow,61
90,1980780486_CA,TSS,Inflow,61
66,1980780486_CA,TSS,Inflow,61
24,1980780486_CA,TSS,Inflow,61
166,1980780486_CA,TSS,Inflow,62
85,1980780486_CA,TSS,Inflow,62
2870,1980780486_CA,TSS,Inflow,62
24,1980780486_CA,TSS,Inflow,62
72,1980780486_CA,TSS,Inflow,62
18,1980780486_CA,TSS,Inflow,63
24,1980780486_CA,TSS,Inflow,63
1280,1980780486_CA,TSS,Inflow,63
85,1980780486_CA,TSS,Inflow,63
66,1980780486_CA,TSS,Inflow,63
18,1980780486_CA,TSS,Inflow,64
30,1980780486_CA,TSS,Inflow,64
161,1980780486_CA,TSS,Inflow,64
72,1980780486_CA,TSS,Inflow,64
191,1980780486_CA,TSS,Inflow,64
96,1980780486_CA,TSS,Inflow,65
30,1980780486_CA,TSS,Inflow,65
166,1980780486_CA,TSS,Inflow,65
90,1980780486_CA,TSS,Inflow,65
18,1980780486_CA,TSS,Inflow,65
166,1980780486_CA,TSS,Inflow,66
85,1980780486_CA,TSS,Inflow,66
96,1980780486_CA,TSS,Inflow,66
49,1980780486_CA,TSS,Inflow,66
24,1980780486_CA,TSS,Inflow,66
166,1980780486_CA,TSS,Inflow,67
36,1980780486_CA,TSS,Inflow,67
24,1980780486_CA,TSS,Inflow,67
72,1980780486_CA,TSS,Inflow,67
96,1980780486_CA,TSS,Inflow,67
15,1980780486_CA,TSS,Inflow,68
191,1980780486_CA,TSS,Inflow,68
85,1980780486_CA,TSS,Inflow,68
35,1980780486_CA,TSS,Inflow,68
18,1980780486_CA,TSS,Inflow,68
161,1980780486_CA,TSS,Inflow,69
723,1980780486_CA,TSS,Inflow,69
49,1980780486_CA,TSS,Inflow,69
85,1980780486_CA,TSS,Inflow,69
166,1980780486_CA,TSS,Inflow,69
166,1980780486_CA,TSS,Inflow,70
24,1980780486_CA,TSS,Inflow,70
66,1980780486_CA,TSS,Inflow,70
85,1980780486_CA,TSS,Inflow,70
723,1980780486_CA,TSS,Inflow,70
49,1980780486_CA,TSS,Inflow,71
166,1980780486_CA,TSS,Inflow,71
96,1980780486_CA,TSS,Inflow,71
18,1980780486_CA,TSS,Inflow,71
85,1980780486_CA,TSS,Inflow,71
161,1980780486_CA,TSS,Inflow,72
21,1980780486_CA,TSS,Inflow,72
18,1980780486_CA,TSS,Inflow,72
166,1980780486_CA,TSS,Inflow,72
72,1980780486_CA,TSS,Inflow,72
1280,1980780486_CA,TSS,Inflow,73
118,1980780486_CA,TSS,Inflow,73
21,1980780486_CA,TSS,Inflow,73
161,1980780486_CA,TSS,Inflow,73
96,1980780486_CA,TSS,Inflow,73
1280,1980780486_CA,TSS,Inflow,74
24,1980780486_CA,TSS,Inflow,74
36,1980780486_CA,TSS,Inflow,74
118,1980780486_CA,TSS,Inflow,74
30,1980780486_CA,TSS,Inflow,74
49,1980780486_CA,TSS,Inflow,75
24,1980780486_CA,TSS,Inflow,75
72,1980780486_CA,TSS,Inflow,75
85,1980780486_CA,TSS,Inflow,75
90,1980780486_CA,TSS,Inflow,75
723,1980780486_CA,TSS,Inflow,76
18,1980780486_CA,TSS,Inflow,76
2870,1980780486_CA,TSS,Inflow,76
85,1980780486_CA,TSS,Inflow,76
191,1980780486_CA,TSS,Inflow,76
66,1980780486_CA,TSS,Inflow,77
96,1980780486_CA,TSS,Inflow,77
36,1980780486_CA,TSS,Inflow,77
118,1980780486_CA,TSS,Inflow,77
15,1980780486_CA,TSS,Inflow,77
1280,1980780486_CA,TSS,Inflow,78
723,1980780486_CA,TSS,Inflow,78
85,1980780486_CA,TSS,Inflow,78
49,1980780486_CA,TSS,Inflow,78
35,1980780486_CA,TSS,Inflow,78
15,1980780486_CA,TSS,Inflow,79
600,1980780486_CA,TSS,Inflow,79
66,1980780486_CA,TSS,Inflow,79
18,1980780486_CA,TSS,Inflow,79
161,1980780486_CA,TSS,Inflow,79
72,1980780486_CA,TSS,Inflow,80
36,1980780486_CA,TSS,Inflow,80
1280,1980780486_CA,TSS,Inflow,80
30,1980780486_CA,TSS,Inflow,80
90,1980780486_CA,TSS,Inflow,80
21,1980780486_CA,TSS,Inflow,81
723,1980780486_CA,TSS,Inflow,81
191,1980780486_CA,TSS,Inflow,81
15,1980780486_CA,TSS,Inflow,81
161,1980780486_CA,TSS,Inflow,81
30,1980780486_CA,TSS,Inflow,82
66,1980780486_CA,TSS,Inflow,82
49,1980780486_CA,TSS,Inflow,82
96,1980780486_CA,TSS,Inflow,82
72,1980780486_CA,TSS,Inflow,82
118,1980780486_CA,TSS,Inflow,83
24,1980780486_CA,TSS,Inflow,83
30,1980780486_CA,TSS,Inflow,83
161,1980780486_CA,TSS,Inflow,83
15,1980780486_CA,TSS,Inflow,83
118,1980780486_CA,TSS,Inflow,84
30,1980780486_CA,TSS,Inflow,84
66,1980780486_CA,TSS,Inflow,84
72,1980780486_CA,TSS,Inflow,84
85,1980780486_CA,TSS,Inflow,84
161,1980780486_CA,TSS,Inflow,85
30,1980780486_CA,TSS,Inflow,85
66,1980780486_CA,TSS,Inflow,85
191,1980780486_CA,TSS,Inflow,85
49,1980780486_CA,TSS,Inflow,85
191,1980780486_CA,TSS,Inflow,86
90,1980780486_CA,TSS,Inflow,86
161,1980780486_CA,TSS,Inflow,86
166,1980780486_CA,TSS,Inflow,86
600,1980780486_CA,TSS,Inflow,86
85,1980780486_CA,TSS,Inflow,87
72,1980780486_CA,TSS,Inflow,87
90,1980780486_CA,TSS,Inflow,87
600,1980780486_CA,TSS,Inflow,87
166,1980780486_CA,TSS,Inflow,87
161,1980780486_CA,TSS,Inflow,88
35,1980780486_CA,TSS,Inflow,88
30,1980780486_CA,TSS,Inflow,88
166,1980780486_CA,TSS,Inflow,88
30,1980780486_CA,TSS,Inflow,88
1280,1980780486_CA,TSS,Inflow,89
191,1980780486_CA,TSS,Inflow,89
36,1980780486_CA,TSS,Inflow,89
30,1980780486_CA,TSS,Inflow,89
18,1980780486_CA,TSS,Inflow,89
1280,1980780486_CA,TSS,Inflow,90
35,1980780486_CA,TSS,Inflow,90
600,1980780486_CA,TSS,Inflow,90
66,1980780486_CA,TSS,Inflow,90
36,1980780486_CA,TSS,Inflow,90
30,1980780486_CA,TSS,Inflow,91
36,1980780486_CA,TSS,Inflow,91
24,1980780486_CA,TSS,Inflow,91
30,1980780486_CA,TSS,Inflow,91
166,1980780486_CA,TSS,Inflow,91
24,1980780486_CA,TSS,Inflow,92
66,1980780486_CA,TSS,Inflow,92
723,1980780486_CA,TSS,Inflow,92
35,1980780486_CA,TSS,Inflow,92
36,1980780486_CA,TSS,Inflow,92
66,1980780486_CA,TSS,Inflow,93
18,1980780486_CA,TSS,Inflow,93
21,1980780486_CA,TSS,Inflow,93
24,1980780486_CA,TSS,Inflow,93
600,1980780486_CA,TSS,Inflow,93
24,1980780486_CA,TSS,Inflow,94
1280,1980780486_CA,TSS,Inflow,94
30,1980780486_CA,TSS,Inflow,94
21,1980780486_CA,TSS,Inflow,94
166,1980780486_CA,TSS,Inflow,94
18,1980780486_CA,TSS,Inflow,95
118,1980780486_CA,TSS,Inflow,95
49,1980780486_CA,TSS,Inflow,95
72,1980780486_CA,TSS,Inflow,95
191,1980780486_CA,TSS,Inflow,95
2870,1980780486_CA,TSS,Inflow,96
30,1980780486_CA,TSS,Inflow,96
21,1980780486_CA,TSS,Inflow,96
66,1980780486_CA,TSS,Inflow,96
191,1980780486_CA,TSS,Inflow,96
118,1980780486_CA,TSS,Inflow,97
15,1980780486_CA,TSS,Inflow,97
30,1980780486_CA,TSS,Inflow,97
96,1980780486_CA,TSS,Inflow,97
1280,1980780486_CA,TSS,Inflow,97
15,1980780486_CA,TSS,Inflow,98
35,1980780486_CA,TSS,Inflow,98
30,1980780486_CA,TSS,Inflow,98
600,1980780486_CA,TSS,Inflow,98
21,1980780486_CA,TSS,Inflow,98
90,1980780486_CA,TSS,Inflow,99
96,1980780486_CA,TSS,Inflow,99
35,1980780486_CA,TSS,Inflow,99
30,1980780486_CA,TSS,Inflow,99
118,1980780486_CA,TSS,Inflow,99
600,1980780486_CA,TSS,Inflow,100
85,1980780486_CA,TSS,Inflow,100
723,1980780486_CA,TSS,Inflow,100
191,1980780486_CA,TSS,Inflow,100
30,1980780486_CA,TSS,Inflow,100
36,1980780486_CA,TSS,Inflow,101
18,1980780486_CA,TSS,Inflow,101
66,1980780486_CA,TSS,Inflow,101
166,1980780486_CA,TSS,Inflow,101
118,1980780486_CA,TSS,Inflow,101
30,1980780486_CA,TSS,Inflow,102
30,1980780486_CA,TSS,Inflow,102
723,1980780486_CA,TSS,Inflow,102
600,1980780486_CA,TSS,Inflow,102
161,1980780486_CA,TSS,Inflow,102
191,1980780486_CA,TSS,Inflow,103
24,1980780486_CA,TSS,Inflow,103
1280,1980780486_CA,TSS,Inflow,103
600,1980780486_CA,TSS,Inflow,103
72,1980780486_CA,TSS,Inflow,103
15,1980780486_CA,TSS,Inflow,104
35,1980780486_CA,TSS,Inflow,104
30,1980780486_CA,TSS,Inflow,104
21,1980780486_CA,TSS,Inflow,104
191,1980780486_CA,TSS,Inflow,104
15,1980780486_CA,TSS,Inflow,105
66,1980780486_CA,TSS,Inflow,105
18,1980780486_CA,TSS,Inflow,105
161,1980780486_CA,TSS,Inflow,105
2870,1980780486_CA,TSS,Inflow,105
15,1980780486_CA,TSS,Inflow,106
35,1980780486_CA,TSS,Inflow,106
2870,1980780486_CA,TSS,Inflow,106
723,1980780486_CA,TSS,Inflow,106
600,1980780486_CA,TSS,Inflow,106
90,1980780486_CA,TSS,Inflow,107
96,1980780486_CA,TSS,Inflow,107
30,1980780486_CA,TSS,Inflow,107
600,1980780486_CA,TSS,Inflow,107
49,1980780486_CA,TSS,Inflow,107
36,1980780486_CA,TSS,Inflow,108
66,1980780486_CA,TSS,Inflow,108
49,1980780486_CA,TSS,Inflow,108
90,1980780486_CA,TSS,Inflow,108
18,1980780486_CA,TSS,Inflow,108
15,1980780486_CA,TSS,Inflow,109
1280,1980780486_CA,TSS,Inflow,109
166,1980780486_CA,TSS,Inflow,109
21,1980780486_CA,TSS,Inflow,109
30,1980780486_CA,TSS,Inflow,109
90,1980780486_CA,TSS,Inflow,110
24,1980780486_CA,TSS,Inflow,110
191,1980780486_CA,TSS,Inflow,110
66,1980780486_CA,TSS,Inflow,110
72,1980780486_CA,TSS,Inflow,110
85,1980780486_CA,TSS,Inflow,111
49,1980780486_CA,TSS,Inflow,111
118,1980780486_CA,TSS,Inflow,111
723,1980780486_CA,TSS,Inflow,111
1280,1980780486_CA,TSS,Inflow,111
30,1980780486_CA,TSS,Inflow,112
15,1980780486_CA,TSS,Inflow,112
96,1980780486_CA,TSS,Inflow,112
36,1980780486_CA,TSS,Inflow,112
600,1980780486_CA,TSS,Inflow,112
191,1980780486_CA,TSS,Inflow,113
18,1980780486_CA,TSS,Inflow,113
24,1980780486_CA,TSS,Inflow,113
2870,1980780486_CA,TSS,Inflow,113
15,1980780486_CA,TSS,Inflow,113
85,1980780486_CA,TSS,Inflow,114
24,1980780486_CA,TSS,Inflow,114
1280,1980780486_CA,TSS,Inflow,114
600,1980780486_CA,TSS,Inflow,114
118,1980780486_CA,TSS,Inflow,114
35,1980780486_CA,TSS,Inflow,115
600,1980780486_CA,TSS,Inflow,115
21,1980780486_CA,TSS,Inflow,115
161,1980780486_CA,TSS,Inflow,115
49,1980780486_CA,TSS,Inflow,115
1280,1980780486_CA,TSS,Inflow,116
21,1980780486_CA,TSS,Inflow,116
72,1980780486_CA,TSS,Inflow,116
723,1980780486_CA,TSS,Inflow,116
24,1980780486_CA,TSS,Inflow,116
35,1980780486_CA,TSS,Inflow,117
90,1980780486_CA,TSS,Inflow,117
2870,1980780486_CA,TSS,Inflow,117
24,1980780486_CA,TSS,Inflow,117
161,1980780486_CA,TSS,Inflow,117
1280,1980780486_CA,TSS,Inflow,118
30,1980780486_CA,TSS,Inflow,118
166,1980780486_CA,TSS,Inflow,118
90,1980780486_CA,TSS,Inflow,118
15,1980780486_CA,TSS,Inflow,118
15,1980780486_CA,TSS,Inflow,119
1280,1980780486_CA,TSS,Inflow,119
18,1980780486_CA,TSS,Inflow,119
24,1980780486_CA,TSS,Inflow,119
30,1980780486_CA,TSS,Inflow,119
96,1980780486_CA,TSS,Inflow,120
24,1980780486_CA,TSS,Inflow,120
2870,1980780486_CA,TSS,Inflow,120
66,1980780486_CA,TSS,Inflow,120
18,1980780486_CA,TSS,Inflow,120
166,1980780486_CA,TSS,Inflow,121
2870,1980780486_CA,TSS,Inflow,121
24,1980780486_CA,TSS,Inflow,121
30,1980780486_CA,TSS,Inflow,121
90,1980780486_CA,TSS,Inflow,121
166,1980780486_CA,TSS,Inflow,122
66,1980780486_CA,TSS,Inflow,122
723,1980780486_CA,TSS,Inflow,122
35,1980780486_CA,TSS,Inflow,122
21,1980780486_CA,TSS,Inflow,122
191,1980780486_CA,TSS,Inflow,123
72,1980780486_CA,TSS,Inflow,123
90,1980780486_CA,TSS,Inflow,123
1280,1980780486_CA,TSS,Inflow,123
24,1980780486_CA,TSS,Inflow,123
30,1980780486_CA,TSS,Inflow,124
723,1980780486_CA,TSS,Inflow,124
15,1980780486_CA,TSS,Inflow,124
118,1980780486_CA,TSS,Inflow,124
161,1980780486_CA,TSS,Inflow,124
30,1980780486_CA,TSS,Inflow,125
24,1980780486_CA,TSS,Inflow,125
600,1980780486_CA,TSS,Inflow,125
2870,1980780486_CA,TSS,Inflow,125
191,1980780486_CA,TSS,Inflow,125
600,1980780486_CA,TSS,Inflow,126
24,1980780486_CA,TSS,Inflow,126
161,1980780486_CA,TSS,Inflow,126
118,1980780486_CA,TSS,Inflow,126
18,1980780486_CA,TSS,Inflow,126
118,1980780486_CA,TSS,Inflow,127
24,1980780486_CA,TSS,Inflow,127
166,1980780486_CA,TSS,Inflow,127
30,1980780486_CA,TSS,Inflow,127
191,1980780486_CA,TSS,Inflow,127
90,1980780486_CA,TSS,Inflow,128
49,1980780486_CA,TSS,Inflow,128
36,1980780486_CA,TSS,Inflow,128
21,1980780486_CA,TSS,Inflow,128
166,1980780486_CA,TSS,Inflow,128
35,1980780486_CA,TSS,Inflow,129
1280,1980780486_CA,TSS,Inflow,129
18,1980780486_CA,TSS,Inflow,129
96,1980780486_CA,TSS,Inflow,129
66,1980780486_CA,TSS,Inflow,129
161,1980780486_CA,TSS,Inflow,130
35,1980780486_CA,TSS,Inflow,130
30,1980780486_CA,TSS,Inflow,130
723,1980780486_CA,TSS,Inflow,130
1280,1980780486_CA,TSS,Inflow,130
18,1980780486_CA,TSS,Inflow,131
72,1980780486_CA,TSS,Inflow,131
723,1980780486_CA,TSS,Inflow,131
30,1980780486_CA,TSS,Inflow,131
90,1980780486_CA,TSS,Inflow,131
35,1980780486_CA,TSS,Inflow,132
600,1980780486_CA,TSS,Inflow,132
723,1980780486_CA,TSS,Inflow,132
24,1980780486_CA,TSS,Inflow,132
85,1980780486_CA,TSS,Inflow,132
30,1980780486_CA,TSS,Inflow,133
161,1980780486_CA,TSS,Inflow,133
90,1980780486_CA,TSS,Inflow,133
21,1980780486_CA,TSS,Inflow,133
96,1980780486_CA,TSS,Inflow,133
18,1980780486_CA,TSS,Inflow,134
30,1980780486_CA,TSS,Inflow,134
24,1980780486_CA,TSS,Inflow,134
49,1980780486_CA,TSS,Inflow,134
723,1980780486_CA,TSS,Inflow,134
36,1980780486_CA,TSS,Inflow,135
96,1980780486_CA,TSS,Inflow,135
49,1980780486_CA,TSS,Inflow,135
85,1980780486_CA,TSS,Inflow,135
35,1980780486_CA,TSS,Inflow,135
2870,1980780486_CA,TSS,Inflow,136
49,1980780486_CA,TSS,Inflow,136
118,1980780486_CA,TSS,Inflow,136
96,1980780486_CA,TSS,Inflow,136
35,1980780486_CA,TSS,Inflow,136
49,1980780486_CA,TSS,Inflow,137
21,1980780486_CA,TSS,Inflow,137
118,1980780486_CA,TSS,Inflow,137
2870,1980780486_CA,TSS,Inflow,137
191,1980780486_CA,TSS,Inflow,137
18,1980780486_CA,TSS,Inflow,138
1280,1980780486_CA,TSS,Inflow,138
90,1980780486_CA,TSS,Inflow,138
600,1980780486_CA,TSS,Inflow,138
35,1980780486_CA,TSS,Inflow,138
191,1980780486_CA,TSS,Inflow,139
30,1980780486_CA,TSS,Inflow,139
723,1980780486_CA,TSS,Inflow,139
66,1980780486_CA,TSS,Inflow,139
90,1980780486_CA,TSS,Inflow,139
30,1980780486_CA,TSS,Inflow,140
24,1980780486_CA,TSS,Inflow,140
49,1980780486_CA,TSS,Inflow,140
96,1980780486_CA,TSS,Inflow,140
161,1980780486_CA,TSS,Inflow,140
166,1980780486_CA,TSS,Inflow,141
30,1980780486_CA,TSS,Inflow,141
49,1980780486_CA,TSS,Inflow,141
161,1980780486_CA,TSS,Inflow,141
21,1980780486_CA,TSS,Inflow,141
118,1980780486_CA,TSS,Inflow,142
1280,1980780486_CA,TSS,Inflow,142
35,1980780486_CA,TSS,Inflow,142
18,1980780486_CA,TSS,Inflow,142
21,1980780486_CA,TSS,Inflow,142
21,1980780486_CA,TSS,Inflow,143
49,1980780486_CA,TSS,Inflow,143
166,1980780486_CA,TSS,Inflow,143
85,1980780486_CA,TSS,Inflow,143
161,1980780486_CA,TSS,Inflow,143
723,1980780486_CA,TSS,Inflow,144
85,1980780486_CA,TSS,Inflow,144
49,1980780486_CA,TSS,Inflow,144
35,1980780486_CA,TSS,Inflow,144
2870,1980780486_CA,TSS,Inflow,144
723,1980780486_CA,TSS,Inflow,145
30,1980780486_CA,TSS,Inflow,145
166,1980780486_CA,TSS,Inflow,145
18,1980780486_CA,TSS,Inflow,145
85,1980780486_CA,TSS,Inflow,145
49,1980780486_CA,TSS,Inflow,146
18,1980780486_CA,TSS,Inflow,146
118,1980780486_CA,TSS,Inflow,146
72,1980780486_CA,TSS,Inflow,146
35,1980780486_CA,TSS,Inflow,146
1280,1980780486_CA,TSS,Inflow,147
723,1980780486_CA,TSS,Inflow,147
30,1980780486_CA,TSS,Inflow,147
30,1980780486_CA,TSS,Inflow,147
90,1980780486_CA,TSS,Inflow,147
24,1980780486_CA,TSS,Inflow,148
15,1980780486_CA,TSS,Inflow,148
30,1980780486_CA,TSS,Inflow,148
96,1980780486_CA,TSS,Inflow,148
85,1980780486_CA,TSS,Inflow,148
191,1980780486_CA,TSS,Inflow,149
85,1980780486_CA,TSS,Inflow,149
18,1980780486_CA,TSS,Inflow,149
30,1980780486_CA,TSS,Inflow,149
30,1980780486_CA,TSS,Inflow,149
21,1980780486_CA,TSS,Inflow,150
1280,1980780486_CA,TSS,Inflow,150
85,1980780486_CA,TSS,Inflow,150
30,1980780486_CA,TSS,Inflow,150
600,1980780486_CA,TSS,Inflow,150
118,1980780486_CA,TSS,Inflow,151
85,1980780486_CA,TSS,Inflow,151
72,1980780486_CA,TSS,Inflow,151
191,1980780486_CA,TSS,Inflow,151
18,1980780486_CA,TSS,Inflow,151
35,1980780486_CA,TSS,Inflow,152
2870,1980780486_CA,TSS,Inflow,152
161,1980780486_CA,TSS,Inflow,152
15,1980780486_CA,TSS,Inflow,152
30,1980780486_CA,TSS,Inflow,152
96,1980780486_CA,TSS,Inflow,153
118,1980780486_CA,TSS,Inflow,153
18,1980780486_CA,TSS,Inflow,153
15,1980780486_CA,TSS,Inflow,153
35,1980780486_CA,TSS,Inflow,153
723,1980780486_CA,TSS,Inflow,154
18,1980780486_CA,TSS,Inflow,154
166,1980780486_CA,TSS,Inflow,154
96,1980780486_CA,TSS,Inflow,154
30,1980780486_CA,TSS,Inflow,154
24,1980780486_CA,TSS,Inflow,155
85,1980780486_CA,TSS,Inflow,155
72,1980780486_CA,TSS,Inflow,155
161,1980780486_CA,TSS,Inflow,155
118,1980780486_CA,TSS,Inflow,155
191,1980780486_CA,TSS,Inflow,156
166,1980780486_CA,TSS,Inflow,156
85,1980780486_CA,TSS,Inflow,156
18,1980780486_CA,TSS,Inflow,156
72,1980780486_CA,TSS,Inflow,156
90,1980780486_CA,TSS,Inflow,157
96,1980780486_CA,TSS,Inflow,157
49,1980780486_CA,TSS,Inflow,157
118,1980780486_CA,TSS,Inflow,157
15,1980780486_CA,TSS,Inflow,157
600,1980780486_CA,TSS,Inflow,158
66,1980780486_CA,TSS,Inflow,158
723,1980780486_CA,TSS,Inflow,158
161,1980780486_CA,TSS,Inflow,158
90,1980780486_CA,TSS,Inflow,158
723,1980780486_CA,TSS,Inflow,159
600,1980780486_CA,TSS,Inflow,159
118,1980780486_CA,TSS,Inflow,159
15,1980780486_CA,TSS,Inflow,159
90,1980780486_CA,TSS,Inflow,159
161,1980780486_CA,TSS,Inflow,160
15,1980780486_CA,TSS,Inflow,160
66,1980780486_CA,TSS,Inflow,160
72,1980780486_CA,TSS,Inflow,160
30,1980780486_CA,TSS,Inflow,160
96,1980780486_CA,TSS,Inflow,161
24,1980780486_CA,TSS,Inflow,161
85,1980780486_CA,TSS,Inflow,161
166,1980780486_CA,TSS,Inflow,161
161,1980780486_CA,TSS,Inflow,161
15,1980780486_CA,TSS,Inflow,162
90,1980780486_CA,TSS,Inflow,162
49,1980780486_CA,TSS,Inflow,162
85,1980780486_CA,TSS,Inflow,162
600,1980780486_CA,TSS,Inflow,162
723,1980780486_CA,TSS,Inflow,163
2870,1980780486_CA,TSS,Inflow,163
30,1980780486_CA,TSS,Inflow,163
15,1980780486_CA,TSS,Inflow,163
66,1980780486_CA,TSS,Inflow,163
35,1980780486_CA,TSS,Inflow,164
1280,1980780486_CA,TSS,Inflow,164
21,1980780486_CA,TSS,Inflow,164
118,1980780486_CA,TSS,Inflow,164
191,1980780486_CA,TSS,Inflow,164
15,1980780486_CA,TSS,Inflow,165
18,1980780486_CA,TSS,Inflow,165
1280,1980780486_CA,TSS,Inflow,165
96,1980780486_CA,TSS,Inflow,165
49,1980780486_CA,TSS,Inflow,165
723,1980780486_CA,TSS,Inflow,166
21,1980780486_CA,TSS,Inflow,166
18,1980780486_CA,TSS,Inflow,166
30,1980780486_CA,TSS,Inflow,166
85,1980780486_CA,TSS,Inflow,166
36,1980780486_CA,TSS,Inflow,167
72,1980780486_CA,TSS,Inflow,167
161,1980780486_CA,TSS,Inflow,167
2870,1980780486_CA,TSS,Inflow,167
21,1980780486_CA,TSS,Inflow,167
21,1980780486_CA,TSS,Inflow,168
30,1980780486_CA,TSS,Inflow,168
166,1980780486_CA,TSS,Inflow,168
118,1980780486_CA,TSS,Inflow,168
723,1980780486_CA,TSS,Inflow,168
35,1980780486_CA,TSS,Inflow,169
21,1980780486_CA,TSS,Inflow,169
18,1980780486_CA,TSS,Inflow,169
2870,1980780486_CA,TSS,Inflow,169
96,1980780486_CA,TSS,Inflow,169
600,1980780486_CA,TSS,Inflow,170
30,1980780486_CA,TSS,Inflow,170
723,1980780486_CA,TSS,Inflow,170
166,1980780486_CA,TSS,Inflow,170
66,1980780486_CA,TSS,Inflow,170
118,1980780486_CA,TSS,Inflow,171
723,1980780486_CA,TSS,Inflow,171
161,1980780486_CA,TSS,Inflow,171
24,1980780486_CA,TSS,Inflow,171
15,1980780486_CA,TSS,Inflow,171
166,1980780486_CA,TSS,Inflow,172
161,1980780486_CA,TSS,Inflow,172
90,1980780486_CA,TSS,Inflow,172
723,1980780486_CA,TSS,Inflow,172
85,1980780486_CA,TSS,Inflow,172
166,1980780486_CA,TSS,Inflow,173
96,1980780486_CA,TSS,Inflow,173
30,1980780486_CA,TSS,Inflow,173
30,1980780486_CA,TSS,Inflow,173
723,1980780486_CA,TSS,Inflow,173
166,1980780486_CA,TSS,Inflow,174
30,1980780486_CA,TSS,Inflow,174
723,1980780486_CA,TSS,Inflow,174
96,1980780486_CA,TSS,Inflow,174
85,1980780486_CA,TSS,Inflow,174
96,1980780486_CA,TSS,Inflow,175
723,1980780486_CA,TSS,Inflow,175
30,1980780486_CA,TSS,Inflow,175
35,1980780486_CA,TSS,Inflow,175
118,1980780486_CA,TSS,Inflow,175
166,1980780486_CA,TSS,Inflow,176
18,1980780486_CA,TSS,Inflow,176
30,1980780486_CA,TSS,Inflow,176
191,1980780486_CA,TSS,Inflow,176
600,1980780486_CA,TSS,Inflow,176
2870,1980780486_CA,TSS,Inflow,177
600,1980780486_CA,TSS,Inflow,177
18,1980780486_CA,TSS,Inflow,177
30,1980780486_CA,TSS,Inflow,177
30,1980780486_CA,TSS,Inflow,177
36,1980780486_CA,TSS,Inflow,178
90,1980780486_CA,TSS,Inflow,178
96,1980780486_CA,TSS,Inflow,178
49,1980780486_CA,TSS,Inflow,178
723,1980780486_CA,TSS,Inflow,178
191,1980780486_CA,TSS,Inflow,179
161,1980780486_CA,TSS,Inflow,179
49,1980780486_CA,TSS,Inflow,179
36,1980780486_CA,TSS,Inflow,179
600,1980780486_CA,TSS,Inflow,179
24,1980780486_CA,TSS,Inflow,180
30,1980780486_CA,TSS,Inflow,180
35,1980780486_CA,TSS,Inflow,180
96,1980780486_CA,TSS,Inflow,180
118,1980780486_CA,TSS,Inflow,180
35,1980780486_CA,TSS,Inflow,181
30,1980780486_CA,TSS,Inflow,181
85,1980780486_CA,TSS,Inflow,181
96,1980780486_CA,TSS,Inflow,181
24,1980780486_CA,TSS,Inflow,181
30,1980780486_CA,TSS,Inflow,182
600,1980780486_CA,TSS,Inflow,182
166,1980780486_CA,TSS,Inflow,182
161,1980780486_CA,TSS,Inflow,182
96,1980780486_CA,TSS,Inflow,182
15,1980780486_CA,TSS,Inflow,183
24,1980780486_CA,TSS,Inflow,183
72,1980780486_CA,TSS,Inflow,183
30,1980780486_CA,TSS,Inflow,183
30,1980780486_CA,TSS,Inflow,183
2870,1980780486_CA,TSS,Inflow,184
30,1980780486_CA,TSS,Inflow,184
21,1980780486_CA,TSS,Inflow,184
85,1980780486_CA,TSS,Inflow,184
166,1980780486_CA,TSS,Inflow,184
30,1980780486_CA,TSS,Inflow,185
21,1980780486_CA,TSS,Inflow,185
118,1980780486_CA,TSS,Inflow,185
166,1980780486_CA,TSS,Inflow,185
191,1980780486_CA,TSS,Inflow,185
66,1980780486_CA,TSS,Inflow,186
1280,1980780486_CA,TSS,Inflow,186
36,1980780486_CA,TSS,Inflow,186
30,1980780486_CA,TSS,Inflow,186
21,1980780486_CA,TSS,Inflow,186
723,1980780486_CA,TSS,Inflow,187
15,1980780486_CA,TSS,Inflow,187
90,1980780486_CA,TSS,Inflow,187
30,1980780486_CA,TSS,Inflow,187
96,1980780486_CA,TSS,Inflow,187
21,1980780486_CA,TSS,Inflow,188
49,1980780486_CA,TSS,Inflow,188
723,1980780486_CA,TSS,Inflow,188
166,1980780486_CA,TSS,Inflow,188
118,1980780486_CA,TSS,Inflow,188
90,1980780486_CA,TSS,Inflow,189
49,1980780486_CA,TSS,Inflow,189
24,1980780486_CA,TSS,Inflow,189
96,1980780486_CA,TSS,Inflow,189
1280,1980780486_CA,TSS,Inflow,189
49,1980780486_CA,TSS,Inflow,190
2870,1980780486_CA,TSS,Inflow,190
30,1980780486_CA,TSS,Inflow,190
36,1980780486_CA,TSS,Inflow,190
15,1980780486_CA,TSS,Inflow,190
600,1980780486_CA,TSS,Inflow,191
15,1980780486_CA,TSS,Inflow,191
18,1980780486_CA,TSS,Inflow,191
96,1980780486_CA,TSS,Inflow,191
118,1980780486_CA,TSS,Inflow,191
35,1980780486_CA,TSS,Inflow,192
723,1980780486_CA,TSS,Inflow,192
49,1980780486_CA,TSS,Inflow,192
24,1980780486_CA,TSS,Inflow,192
166,1980780486_CA,TSS,Inflow,192
18,1980780486_CA,TSS,Inflow,193
90,1980780486_CA,TSS,Inflow,193
2870,1980780486_CA,TSS,Inflow,193
1280,1980780486_CA,TSS,Inflow,193
21,1980780486_CA,TSS,Inflow,193
30,1980780486_CA,TSS,Inflow,194
30,1980780486_CA,TSS,Inflow,194
600,1980780486_CA,TSS,Inflow,194
1280,1980780486_CA,TSS,Inflow,194
72,1980780486_CA,TSS,Inflow,194
35,1980780486_CA,TSS,Inflow,195
723,1980780486_CA,TSS,Inflow,195
2870,1980780486_CA,TSS,Inflow,195
600,1980780486_CA,TSS,Inflow,195
191,1980780486_CA,TSS,Inflow,195
66,1980780486_CA,TSS,Inflow,196
49,1980780486_CA,TSS,Inflow,196
30,1980780486_CA,TSS,Inflow,196
1280,1980780486_CA,TSS,Inflow,196
161,1980780486_CA,TSS,Inflow,196
15,1980780486_CA,TSS,Inflow,197
118,1980780486_CA,TSS,Inflow,197
21,1980780486_CA,TSS,Inflow,197
49,1980780486_CA,TSS,Inflow,197
166,1980780486_CA,TSS,Inflow,197
30,1980780486_CA,TSS,Inflow,198
90,1980780486_CA,TSS,Inflow,198
191,1980780486_CA,TSS,Inflow,198
118,1980780486_CA,TSS,Inflow,198
30,1980780486_CA,TSS,Inflow,198
2870,1980780486_CA,TSS,Inflow,199
15,1980780486_CA,TSS,Inflow,199
1280,1980780486_CA,TSS,Inflow,199
72,1980780486_CA,TSS,Inflow,199
24,1980780486_CA,TSS,Inflow,199
30,1980780486_CA,TSS,Inflow,200
85,1980780486_CA,TSS,Inflow,200
2870,1980780486_CA,TSS,Inflow,200
72,1980780486_CA,TSS,Inflow,200
600,1980780486_CA,TSS,Inflow,200
18,1980780486_CA,TSS,Inflow,201
96,1980780486_CA,TSS,Inflow,201
30,1980780486_CA,TSS,Inflow,201
118,1980780486_CA,TSS,Inflow,201
161,1980780486_CA,TSS,Inflow,201
21,1980780486_CA,TSS,Inflow,202
191,1980780486_CA,TSS,Inflow,202
49,1980780486_CA,TSS,Inflow,202
96,1980780486_CA,TSS,Inflow,202
30,1980780486_CA,TSS,Inflow,202
600,1980780486_CA,TSS,Inflow,203
85,1980780486_CA,TSS,Inflow,203
49,1980780486_CA,TSS,Inflow,203
66,1980780486_CA,TSS,Inflow,203
2870,1980780486_CA,TSS,Inflow,203
15,1980780486_CA,TSS,Inflow,204
118,1980780486_CA,TSS,Inflow,204
90,1980780486_CA,TSS,Inflow,204
36,1980780486_CA,TSS,Inflow,204
72,1980780486_CA,TSS,Inflow,204
18,1980780486_CA,TSS,Inflow,205
66,1980780486_CA,TSS,Inflow,205
191,1980780486_CA,TSS,Inflow,205
90,1980780486_CA,TSS,Inflow,205
2870,1980780486_CA,TSS,Inflow,205
24,1980780486_CA,TSS,Inflow,206
21,1980780486_CA,TSS,Inflow,206
15,1980780486_CA,TSS,Inflow,206
96,1980780486_CA,TSS,Inflow,206
35,1980780486_CA,TSS,Inflow,206
1280,1980780486_CA,TSS,Inflow,207
191,1980780486_CA,TSS,Inflow,207
66,1980780486_CA,TSS,Inflow,207
85,1980780486_CA,TSS,Inflow,207
15,1980780486_CA,TSS,Inflow,207
35,1980780486_CA,TSS,Inflow,208
90,1980780486_CA,TSS,Inflow,208
118,1980780486_CA,TSS,Inflow,208
21,1980780486_CA,TSS,Inflow,208
72,1980780486_CA,TSS,Inflow,208
191,1980780486_CA,TSS,Inflow,209
36,1980780486_CA,TSS,Inflow,209
90,1980780486_CA,TSS,Inflow,209
1280,1980780486_CA,TSS,Inflow,209
24,1980780486_CA,TSS,Inflow,209
2870,1980780486_CA,TSS,Inflow,210
72,1980780486_CA,TSS,Inflow,210
21,1980780486_CA,TSS,Inflow,210
600,1980780486_CA,TSS,Inflow,210
96,1980780486_CA,TSS,Inflow,210
161,1980780486_CA,TSS,Inflow,211
30,1980780486_CA,TSS,Inflow,211
90,1980780486_CA,TSS,Inflow,211
35,1980780486_CA,TSS,Inflow,211
18,1980780486_CA,TSS,Inflow,211
30,1980780486_CA,TSS,Inflow,212
85,1980780486_CA,TSS,Inflow,212
66,1980780486_CA,TSS,Inflow,212
30,1980780486_CA,TSS,Inflow,212
24,1980780486_CA,TSS,Inflow,212
15,1980780486_CA,TSS,Inflow,213
30,1980780486_CA,TSS,Inflow,213
2870,1980780486_CA,TSS,Inflow,213
161,1980780486_CA,TSS,Inflow,213
166,1980780486_CA,TSS,Inflow,213
723,1980780486_CA,TSS,Inflow,214
2870,1980780486_CA,TSS,Inflow,214
90,1980780486_CA,TSS,Inflow,214
21,1980780486_CA,TSS,Inflow,214
161,1980780486_CA,TSS,Inflow,214
96,1980780486_CA,TSS,Inflow,215
30,1980780486_CA,TSS,Inflow,215
21,1980780486_CA,TSS,Inflow,215
723,1980780486_CA,TSS,Inflow,215
15,1980780486_CA,TSS,Inflow,215
166,1980780486_CA,TSS,Inflow,216
90,1980780486_CA,TSS,Inflow,216
30,1980780486_CA,TSS,Inflow,216
723,1980780486_CA,TSS,Inflow,216
161,1980780486_CA,TSS,Inflow,216
90,1980780486_CA,TSS,Inflow,217
66,1980780486_CA,TSS,Inflow,217
96,1980780486_CA,TSS,Inflow,217
118,1980780486_CA,TSS,Inflow,217
35,1980780486_CA,TSS,Inflow,217
30,1980780486_CA,TSS,Inflow,218
600,1980780486_CA,TSS,Inflow,218
85,1980780486_CA,TSS,Inflow,218
18,1980780486_CA,TSS,Inflow,218
24,1980780486_CA,TSS,Inflow,218
600,1980780486_CA,TSS,Inflow,219
30,1980780486_CA,TSS,Inflow,219
35,1980780486_CA,TSS,Inflow,219
161,1980780486_CA,TSS,Inflow,219
191,1980780486_CA,TSS,Inflow,219
600,1980780486_CA,TSS,Inflow,220
24,1980780486_CA,TSS,Inflow,220
36,1980780486_CA,TSS,Inflow,220
2870,1980780486_CA,TSS,Inflow,220
96,1980780486_CA,TSS,Inflow,220
85,1980780486_CA,TSS,Inflow,221
600,1980780486_CA,TSS,Inflow,221
30,1980780486_CA,TSS,Inflow,221
118,1980780486_CA,TSS,Inflow,221
72,1980780486_CA,TSS,Inflow,221
85,1980780486_CA,TSS,Inflow,222
30,1980780486_CA,TSS,Inflow,222
30,1980780486_CA,TSS,Inflow,222
36,1980780486_CA,TSS,Inflow,222
118,1980780486_CA,TSS,Inflow,222
2870,1980780486_CA,TSS,Inflow,223
30,1980780486_CA,TSS,Inflow,223
72,1980780486_CA,TSS,Inflow,223
90,1980780486_CA,TSS,Inflow,223
24,1980780486_CA,TSS,Inflow,223
600,1980780486_CA,TSS,Inflow,224
166,1980780486_CA,TSS,Inflow,224
18,1980780486_CA,TSS,Inflow,224
35,1980780486_CA,TSS,Inflow,224
30,1980780486_CA,TSS,Inflow,224
66,1980780486_CA,TSS,Inflow,225
49,1980780486_CA,TSS,Inflow,225
15,1980780486_CA,TSS,Inflow,225
36,1980780486_CA,TSS,Inflow,225
18,1980780486_CA,TSS,Inflow,225
191,1980780486_CA,TSS,Inflow,226
21,1980780486_CA,TSS,Inflow,226
85,1980780486_CA,TSS,Inflow,226
66,1980780486_CA,TSS,Inflow,226
90,1980780486_CA,TSS,Inflow,226
24,1980780486_CA,TSS,Inflow,227
191,1980780486_CA,TSS,Inflow,227
21,1980780486_CA,TSS,Inflow,227
15,1980780486_CA,TSS,Inflow,227
18,1980780486_CA,TSS,Inflow,227
96,1980780486_CA,TSS,Inflow,228
30,1980780486_CA,TSS,Inflow,228
72,1980780486_CA,TSS,Inflow,228
49,1980780486_CA,TSS,Inflow,228
1280,1980780486_CA,TSS,Inflow,228
18,1980780486_CA,TSS,Inflow,229
191,1980780486_CA,TSS,Inflow,229
66,1980780486_CA,TSS,Inflow,229
118,1980780486_CA,TSS,Inflow,229
90,1980780486_CA,TSS,Inflow,229
90,1980780486_CA,TSS,Inflow,230
85,1980780486_CA,TSS,Inflow,230
72,1980780486_CA,TSS,Inflow,230
600,1980780486_CA,TSS,Inflow,230
30,1980780486_CA,TSS,Inflow,230
24,1980780486_CA,TSS,Inflow,231
72,1980780486_CA,TSS,Inflow,231
166,1980780486_CA,TSS,Inflow,231
49,1980780486_CA,TSS,Inflow,231
85,1980780486_CA,TSS,Inflow,231
18,1980780486_CA,TSS,Inflow,232
723,1980780486_CA,TSS,Inflow,232
1280,1980780486_CA,TSS,Inflow,232
24,1980780486_CA,TSS,Inflow,232
166,1980780486_CA,TSS,Inflow,232
21,1980780486_CA,TSS,Inflow,233
35,1980780486_CA,TSS,Inflow,233
36,1980780486_CA,TSS,Inflow,233
30,1980780486_CA,TSS,Inflow,233
166,1980780486_CA,TSS,Inflow,233
118,1980780486_CA,TSS,Inflow,234
21,1980780486_CA,TSS,Inflow,234
30,1980780486_CA,TSS,Inflow,234
85,1980780486_CA,TSS,Inflow,234
166,1980780486_CA,TSS,Inflow,234
1280,1980780486_CA,TSS,Inflow,235
166,1980780486_CA,TSS,Inflow,235
35,1980780486_CA,TSS,Inflow,235
118,1980780486_CA,TSS,Inflow,235
72,1980780486_CA,TSS,Inflow,235
2870,1980780486_CA,TSS,Inflow,236
49,1980780486_CA,TSS,Inflow,236
118,1980780486_CA,TSS,Inflow,236
161,1980780486_CA,TSS,Inflow,236
21,1980780486_CA,TSS,Inflow,236
36,1980780486_CA,TSS,Inflow,237
18,1980780486_CA,TSS,Inflow,237
15,1980780486_CA,TSS,Inflow,237
118,1980780486_CA,TSS,Inflow,237
21,1980780486_CA,TSS,Inflow,237
166,1980780486_CA,TSS,Inflow,238
96,1980780486_CA,TSS,Inflow,238
18,1980780486_CA,TSS,Inflow,238
191,1980780486_CA,TSS,Inflow,238
30,1980780486_CA,TSS,Inflow,238
30,1980780486_CA,TSS,Inflow,239
18,1980780486_CA,TSS,Inflow,239
166,1980780486_CA,TSS,Inflow,239
191,1980780486_CA,TSS,Inflow,239
72,1980780486_CA,TSS,Inflow,239
18,1980780486_CA,TSS,Inflow,240
66,1980780486_CA,TSS,Inflow,240
24,1980780486_CA,TSS,Inflow,240
1280,1980780486_CA,TSS,Inflow,240
166,1980780486_CA,TSS,Inflow,240
72,1980780486_CA,TSS,Inflow,241
36,1980780486_CA,TSS,Inflow,241
15,1980780486_CA,TSS,Inflow,241
49,1980780486_CA,TSS,Inflow,241
118,1980780486_CA,TSS,Inflow,241
24,1980780486_CA,TSS,Inflow,242
166,1980780486_CA,TSS,Inflow,242
191,1980780486_CA,TSS,Inflow,242
90,1980780486_CA,TSS,Inflow,242
118,1980780486_CA,TSS,Inflow,242
24,1980780486_CA,TSS,Inflow,243
96,1980780486_CA,TSS,Inflow,243
118,1980780486_CA,TSS,Inflow,243
15,1980780486_CA,TSS,Inflow,243
90,1980780486_CA,TSS,Inflow,243
96,1980780486_CA,TSS,Inflow,244
90,1980780486_CA,TSS,Inflow,244
24,1980780486_CA,TSS,Inflow,244
36,1980780486_CA,TSS,Inflow,244
49,1980780486_CA,TSS,Inflow,244
723,1980780486_CA,TSS,Inflow,245
85,1980780486_CA,TSS,Inflow,245
36,1980780486_CA,TSS,Inflow,245
1280,1980780486_CA,TSS,Inflow,245
600,1980780486_CA,TSS,Inflow,245
49,1980780486_CA,TSS,Inflow,246
723,1980780486_CA,TSS,Inflow,246
85,1980780486_CA,TSS,Inflow,246
1280,1980780486_CA,TSS,Inflow,246
118,1980780486_CA,TSS,Inflow,246
1280,1980780486_CA,TSS,Inflow,247
15,1980780486_CA,TSS,Inflow,247
166,1980780486_CA,TSS,Inflow,247
18,1980780486_CA,TSS,Inflow,247
723,1980780486_CA,TSS,Inflow,247
2870,1980780486_CA,TSS,Inflow,248
118,1980780486_CA,TSS,Inflow,248
72,1980780486_CA,TSS,Inflow,248
96,1980780486_CA,TSS,Inflow,248
166,1980780486_CA,TSS,Inflow,248
36,1980780486_CA,TSS,Inflow,249
18,1980780486_CA,TSS,Inflow,249
90,1980780486_CA,TSS,Inflow,249
96,1980780486_CA,TSS,Inflow,249
191,1980780486_CA,TSS,Inflow,249
49,1980780486_CA,TSS,Inflow,250
1280,1980780486_CA,TSS,Inflow,250
21,1980780486_CA,TSS,Inflow,250
72,1980780486_CA,TSS,Inflow,250
36,1980780486_CA,TSS,Inflow,250
24,1980780486_CA,TSS,Inflow,251
90,1980780486_CA,TSS,Inflow,251
35,1980780486_CA,TSS,Inflow,251
161,1980780486_CA,TSS,Inflow,251
30,1980780486_CA,TSS,Inflow,251
161,1980780486_CA,TSS,Inflow,252
1280,1980780486_CA,TSS,Inflow,252
36,1980780486_CA,TSS,Inflow,252
90,1980780486_CA,TSS,Inflow,252
85,1980780486_CA,TSS,Inflow,252
723,1980780486_CA,TSS,Inflow,253
66,1980780486_CA,TSS,Inflow,253
90,1980780486_CA,TSS,Inflow,253
191,1980780486_CA,TSS,Inflow,253
15,1980780486_CA,TSS,Inflow,253
2870,1980780486_CA,TSS,Inflow,254
723,1980780486_CA,TSS,Inflow,254
96,1980780486_CA,TSS,Inflow,254
66,1980780486_CA,TSS,Inflow,254
72,1980780486_CA,TSS,Inflow,254
24,1980780486_CA,TSS,Inflow,255
1280,1980780486_CA,TSS,Inflow,255
191,1980780486_CA,TSS,Inflow,255
30,1980780486_CA,TSS,Inflow,255
36,1980780486_CA,TSS,Inflow,255
24,1980780486_CA,TSS,Inflow,256
161,1980780486_CA,TSS,Inflow,256
49,1980780486_CA,TSS,Inflow,256
191,1980780486_CA,TSS,Inflow,256
30,1980780486_CA,TSS,Inflow,256
1280,1980780486_CA,TSS,Inflow,257
72,1980780486_CA,TSS,Inflow,257
85,1980780486_CA,TSS,Inflow,257
18,1980780486_CA,TSS,Inflow,257
24,1980780486_CA,TSS,Inflow,257
30,1980780486_CA,TSS,Inflow,258
1280,1980780486_CA,TSS,Inflow,258
85,1980780486_CA,TSS,Inflow,258
96,1980780486_CA,TSS,Inflow,258
66,1980780486_CA,TSS,Inflow,258
166,1980780486_CA,TSS,Inflow,259
90,1980780486_CA,TSS,Inflow,259
85,1980780486_CA,TSS,Inflow,259
161,1980780486_CA,TSS,Inflow,259
35,1980780486_CA,TSS,Inflow,259
24,1980780486_CA,TSS,Inflow,260
66,1980780486_CA,TSS,Inflow,260
85,1980780486_CA,TSS,Inflow,260
36,1980780486_CA,TSS,Inflow,260
2870,1980780486_CA,TSS,Inflow,260
21,1980780486_CA,TSS,Inflow,261
1280,1980780486_CA,TSS,Inflow,261
66,1980780486_CA,TSS,Inflow,261
18,1980780486_CA,TSS,Inflow,261
161,1980780486_CA,TSS,Inflow,261
191,1980780486_CA,TSS,Inflow,262
72,1980780486_CA,TSS,Inflow,262
35,1980780486_CA,TSS,Inflow,262
15,1980780486_CA,TSS,Inflow,262
96,1980780486_CA,TSS,Inflow,262
15,1980780486_CA,TSS,Inflow,263
49,1980780486_CA,TSS,Inflow,263
24,1980780486_CA,TSS,Inflow,263
30,1980780486_CA,TSS,Inflow,263
723,1980780486_CA,TSS,Inflow,263
49,1980780486_CA,TSS,Inflow,264
18,1980780486_CA,TSS,Inflow,264
166,1980780486_CA,TSS,Inflow,264
90,1980780486_CA,TSS,Inflow,264
161,1980780486_CA,TSS,Inflow,264
15,1980780486_CA,TSS,Inflow,265
118,1980780486_CA,TSS,Inflow,265
600,1980780486_CA,TSS,Inflow,265
35,1980780486_CA,TSS,Inflow,265
85,1980780486_CA,TSS,Inflow,265
85,1980780486_CA,TSS,Inflow,266
191,1980780486_CA,TSS,Inflow,266
90,1980780486_CA,TSS,Inflow,266
96,1980780486_CA,TSS,Inflow,266
36,1980780486_CA,TSS,Inflow,266
96,1980780486_CA,TSS,Inflow,267
1280,1980780486_CA,TSS,Inflow,267
600,1980780486_CA,TSS,Inflow,267
2870,1980780486_CA,TSS,Inflow,267
49,1980780486_CA,TSS,Inflow,267
24,1980780486_CA,TSS,Inflow,268
96,1980780486_CA,TSS,Inflow,268
30,1980780486_CA,TSS,Inflow,268
36,1980780486_CA,TSS,Inflow,268
66,1980780486_CA,TSS,Inflow,268
85,1980780486_CA,TSS,Inflow,269
166,1980780486_CA,TSS,Inflow,269
161,1980780486_CA,TSS,Inflow,269
30,1980780486_CA,TSS,Inflow,269
21,1980780486_CA,TSS,Inflow,269
600,1980780486_CA,TSS,Inflow,270
90,1980780486_CA,TSS,Inflow,270
1280,1980780486_CA,TSS,Inflow,270
30,1980780486_CA,TSS,Inflow,270
49,1980780486_CA,TSS,Inflow,270
85,1980780486_CA,TSS,Inflow,271
723,1980780486_CA,TSS,Inflow,271
21,1980780486_CA,TSS,Inflow,271
49,1980780486_CA,TSS,Inflow,271
30,1980780486_CA,TSS,Inflow,271
90,1980780486_CA,TSS,Inflow,272
15,1980780486_CA,TSS,Inflow,272
2870,1980780486_CA,TSS,Inflow,272
24,1980780486_CA,TSS,Inflow,272
49,1980780486_CA,TSS,Inflow,272
35,1980780486_CA,TSS,Inflow,273
15,1980780486_CA,TSS,Inflow,273
90,1980780486_CA,TSS,Inflow,273
1280,1980780486_CA,TSS,Inflow,273
18,1980780486_CA,TSS,Inflow,273
2870,1980780486_CA,TSS,Inflow,274
15,1980780486_CA,TSS,Inflow,274
72,1980780486_CA,TSS,Inflow,274
85,1980780486_CA,TSS,Inflow,274
35,1980780486_CA,TSS,Inflow,274
2870,1980780486_CA,TSS,Inflow,275
191,1980780486_CA,TSS,Inflow,275
30,1980780486_CA,TSS,Inflow,275
1280,1980780486_CA,TSS,Inflow,275
72,1980780486_CA,TSS,Inflow,275
36,1980780486_CA,TSS,Inflow,276
30,1980780486_CA,TSS,Inflow,276
66,1980780486_CA,TSS,Inflow,276
30,1980780486_CA,TSS,Inflow,276
600,1980780486_CA,TSS,Inflow,276
118,1980780486_CA,TSS,Inflow,277
66,1980780486_CA,TSS,Inflow,277
36,1980780486_CA,TSS,Inflow,277
723,1980780486_CA,TSS,Inflow,277
96,1980780486_CA,TSS,Inflow,277
18,1980780486_CA,TSS,Inflow,278
85,1980780486_CA,TSS,Inflow,278
21,1980780486_CA,TSS,Inflow,278
36,1980780486_CA,TSS,Inflow,278
723,1980780486_CA,TSS,Inflow,278
30,1980780486_CA,TSS,Inflow,279
1280,1980780486_CA,TSS,Inflow,279
96,1980780486_CA,TSS,Inflow,279
85,1980780486_CA,TSS,Inflow,279
600,1980780486_CA,TSS,Inflow,279
96,1980780486_CA,TSS,Inflow,280
90,1980780486_CA,TSS,Inflow,280
2870,1980780486_CA,TSS,Inflow,280
723,1980780486_CA,TSS,Inflow,280
166,1980780486_CA,TSS,Inflow,280
24,1980780486_CA,TSS,Inflow,281
118,1980780486_CA,TSS,Inflow,281
723,1980780486_CA,TSS,Inflow,281
72,1980780486_CA,TSS,Inflow,281
21,1980780486_CA,TSS,Inflow,281
15,1980780486_CA,TSS,Inflow,282
30,1980780486_CA,TSS,Inflow,282
36,1980780486_CA,TSS,Inflow,282
72,1980780486_CA,TSS,Inflow,282
66,1980780486_CA,TSS,Inflow,282
118,1980780486_CA,TSS,Inflow,283
15,1980780486_CA,TSS,Inflow,283
723,1980780486_CA,TSS,Inflow,283
191,1980780486_CA,TSS,Inflow,283
21,1980780486_CA,TSS,Inflow,283
1280,1980780486_CA,TSS,Inflow,284
2870,1980780486_CA,TSS,Inflow,284
723,1980780486_CA,TSS,Inflow,284
166,1980780486_CA,TSS,Inflow,284
24,1980780486_CA,TSS,Inflow,284
18,1980780486_CA,TSS,Inflow,285
118,1980780486_CA,TSS,Inflow,285
66,1980780486_CA,TSS,Inflow,285
96,1980780486_CA,TSS,Inflow,285
723,1980780486_CA,TSS,Inflow,285
161,1980780486_CA,TSS,Inflow,286
723,1980780486_CA,TSS,Inflow,286
36,1980780486_CA,TSS,Inflow,286
191,1980780486_CA,TSS,Inflow,286
2870,1980780486_CA,TSS,Inflow,286
600,1980780486_CA,TSS,Inflow,287
30,1980780486_CA,TSS,Inflow,287
35,1980780486_CA,TSS,Inflow,287
24,1980780486_CA,TSS,Inflow,287
30,1980780486_CA,TSS,Inflow,287
85,1980780486_CA,TSS,Inflow,288
21,1980780486_CA,TSS,Inflow,288
35,1980780486_CA,TSS,Inflow,288
161,1980780486_CA,TSS,Inflow,288
166,1980780486_CA,TSS,Inflow,288
30,1980780486_CA,TSS,Inflow,289
161,1980780486_CA,TSS,Inflow,289
166,1980780486_CA,TSS,Inflow,289
1280,1980780486_CA,TSS,Inflow,289
30,1980780486_CA,TSS,Inflow,289
600,1980780486_CA,TSS,Inflow,290
1280,1980780486_CA,TSS,Inflow,290
96,1980780486_CA,TSS,Inflow,290
30,1980780486_CA,TSS,Inflow,290
35,1980780486_CA,TSS,Inflow,290
36,1980780486_CA,TSS,Inflow,291
15,1980780486_CA,TSS,Inflow,291
118,1980780486_CA,TSS,Inflow,291
30,1980780486_CA,TSS,Inflow,291
85,1980780486_CA,TSS,Inflow,291
24,1980780486_CA,TSS,Inflow,292
35,1980780486_CA,TSS,Inflow,292
723,1980780486_CA,TSS,Inflow,292
18,1980780486_CA,TSS,Inflow,292
90,1980780486_CA,TSS,Inflow,292
723,1980780486_CA,TSS,Inflow,293
49,1980780486_CA,TSS,Inflow,293
1280,1980780486_CA,TSS,Inflow,293
36,1980780486_CA,TSS,Inflow,293
161,1980780486_CA,TSS,Inflow,293
36,1980780486_CA,TSS,Inflow,294
118,1980780486_CA,TSS,Inflow,294
72,1980780486_CA,TSS,Inflow,294
24,1980780486_CA,TSS,Inflow,294
85,1980780486_CA,TSS,Inflow,294
600,1980780486_CA,TSS,Inflow,295
90,1980780486_CA,TSS,Inflow,295
30,1980780486_CA,TSS,Inflow,295
2870,1980780486_CA,TSS,Inflow,295
35,1980780486_CA,TSS,Inflow,295
30,1980780486_CA,TSS,Inflow,296
49,1980780486_CA,TSS,Inflow,296
2870,1980780486_CA,TSS,Inflow,296
18,1980780486_CA,TSS,Inflow,296
96,1980780486_CA,TSS,Inflow,296
2870,1980780486_CA,TSS,Inflow,297
49,1980780486_CA,TSS,Inflow,297
118,1980780486_CA,TSS,Inflow,297
166,1980780486_CA,TSS,Inflow,297
24,1980780486_CA,TSS,Inflow,297
118,1980780486_CA,TSS,Inflow,298
600,1980780486_CA,TSS,Inflow,298
66,1980780486_CA,TSS,Inflow,298
24,1980780486_CA,TSS,Inflow,298
96,1980780486_CA,TSS,Inflow,298
24,1980780486_CA,TSS,Inflow,299
118,1980780486_CA,TSS,Inflow,299
36,1980780486_CA,TSS,Inflow,299
66,1980780486_CA,TSS,Inflow,299
85,1980780486_CA,TSS,Inflow,299
30,1980780486_CA,TSS,Inflow,300
30,1980780486_CA,TSS,Inflow,300
49,1980780486_CA,TSS,Inflow,300
166,1980780486_CA,TSS,Inflow,300
1280,1980780486_CA,TSS,Inflow,300
66,1980780486_CA,TSS,Inflow,301
723,1980780486_CA,TSS,Inflow,301
21,1980780486_CA,TSS,Inflow,301
15,1980780486_CA,TSS,Inflow,301
166,1980780486_CA,TSS,Inflow,301
49,1980780486_CA,TSS,Inflow,302
96,1980780486_CA,TSS,Inflow,302
30,1980780486_CA,TSS,Inflow,302
66,1980780486_CA,TSS,Inflow,302
18,1980780486_CA,TSS,Inflow,302
30,1980780486_CA,TSS,Inflow,303
90,1980780486_CA,TSS,Inflow,303
30,1980780486_CA,TSS,Inflow,303
166,1980780486_CA,TSS,Inflow,303
66,1980780486_CA,TSS,Inflow,303
723,1980780486_CA,TSS,Inflow,304
30,1980780486_CA,TSS,Inflow,304
15,1980780486_CA,TSS,Inflow,304
30,1980780486_CA,TSS,Inflow,304
96,1980780486_CA,TSS,Inflow,304
90,1980780486_CA,TSS,Inflow,305
96,1980780486_CA,TSS,Inflow,305
30,1980780486_CA,TSS,Inflow,305
35,1980780486_CA,TSS,Inflow,305
24,1980780486_CA,TSS,Inflow,305
96,1980780486_CA,TSS,Inflow,306
35,1980780486_CA,TSS,Inflow,306
72,1980780486_CA,TSS,Inflow,306
36,1980780486_CA,TSS,Inflow,306
723,1980780486_CA,TSS,Inflow,306
66,1980780486_CA,TSS,Inflow,307
24,1980780486_CA,TSS,Inflow,307
2870,1980780486_CA,TSS,Inflow,307
161,1980780486_CA,TSS,Inflow,307
30,1980780486_CA,TSS,Inflow,307
85,1980780486_CA,TSS,Inflow,308
72,1980780486_CA,TSS,Inflow,308
161,1980780486_CA,TSS,Inflow,308
96,1980780486_CA,TSS,Inflow,308
191,1980780486_CA,TSS,Inflow,308
66,1980780486_CA,TSS,Inflow,309
90,1980780486_CA,TSS,Inflow,309
2870,1980780486_CA,TSS,Inflow,309
24,1980780486_CA,TSS,Inflow,309
18,1980780486_CA,TSS,Inflow,309
1280,1980780486_CA,TSS,Inflow,310
90,1980780486_CA,TSS,Inflow,310
161,1980780486_CA,TSS,Inflow,310
85,1980780486_CA,TSS,Inflow,310
35,1980780486_CA,TSS,Inflow,310
1280,1980780486_CA,TSS,Inflow,311
72,1980780486_CA,TSS,Inflow,311
35,1980780486_CA,TSS,Inflow,311
723,1980780486_CA,TSS,Inflow,311
30,1980780486_CA,TSS,Inflow,311
600,1980780486_CA,TSS,Inflow,312
166,1980780486_CA,TSS,Inflow,312
723,1980780486_CA,TSS,Inflow,312
1280,1980780486_CA,TSS,Inflow,312
15,1980780486_CA,TSS,Inflow,312
90,1980780486_CA,TSS,Inflow,313
49,1980780486_CA,TSS,Inflow,313
30,1980780486_CA,TSS,Inflow,313
85,1980780486_CA,TSS,Inflow,313
723,1980780486_CA,TSS,Inflow,313
723,1980780486_CA,TSS,Inflow,314
49,1980780486_CA,TSS,Inflow,314
35,1980780486_CA,TSS,Inflow,314
18,1980780486_CA,TSS,Inflow,314
118,1980780486_CA,TSS,Inflow,314
96,1980780486_CA,TSS,Inflow,315
30,1980780486_CA,TSS,Inflow,315
90,1980780486_CA,TSS,Inflow,315
118,1980780486_CA,TSS,Inflow,315
191,1980780486_CA,TSS,Inflow,315
600,1980780486_CA,TSS,Inflow,316
15,1980780486_CA,TSS,Inflow,316
66,1980780486_CA,TSS,Inflow,316
35,1980780486_CA,TSS,Inflow,316
118,1980780486_CA,TSS,Inflow,316
723,1980780486_CA,TSS,Inflow,317
191,1980780486_CA,TSS,Inflow,317
166,1980780486_CA,TSS,Inflow,317
118,1980780486_CA,TSS,Inflow,317
30,1980780486_CA,TSS,Inflow,317
15,1980780486_CA,TSS,Inflow,318
21,1980780486_CA,TSS,Inflow,318
191,1980780486_CA,TSS,Inflow,318
24,1980780486_CA,TSS,Inflow,318
35,1980780486_CA,TSS,Inflow,318
161,1980780486_CA,TSS,Inflow,319
2870,1980780486_CA,TSS,Inflow,319
30,1980780486_CA,TSS,Inflow,319
35,1980780486_CA,TSS,Inflow,319
90,1980780486_CA,TSS,Inflow,319
90,1980780486_CA,TSS,Inflow,320
723,1980780486_CA,TSS,Inflow,320
85,1980780486_CA,TSS,Inflow,320
15,1980780486_CA,TSS,Inflow,320
66,1980780486_CA,TSS,Inflow,320
66,1980780486_CA,TSS,Inflow,321
36,1980780486_CA,TSS,Inflow,321
1280,1980780486_CA,TSS,Inflow,321
15,1980780486_CA,TSS,Inflow,321
96,1980780486_CA,TSS,Inflow,321
66,1980780486_CA,TSS,Inflow,322
723,1980780486_CA,TSS,Inflow,322
21,1980780486_CA,TSS,Inflow,322
35,1980780486_CA,TSS,Inflow,322
1280,1980780486_CA,TSS,Inflow,322
85,1980780486_CA,TSS,Inflow,323
18,1980780486_CA,TSS,Inflow,323
723,1980780486_CA,TSS,Inflow,323
66,1980780486_CA,TSS,Inflow,323
96,1980780486_CA,TSS,Inflow,323
1280,1980780486_CA,TSS,Inflow,324
85,1980780486_CA,TSS,Inflow,324
30,1980780486_CA,TSS,Inflow,324
191,1980780486_CA,TSS,Inflow,324
72,1980780486_CA,TSS,Inflow,324
600,1980780486_CA,TSS,Inflow,325
1280,1980780486_CA,TSS,Inflow,325
18,1980780486_CA,TSS,Inflow,325
90,1980780486_CA,TSS,Inflow,325
66,1980780486_CA,TSS,Inflow,325
2870,1980780486_CA,TSS,Inflow,326
35,1980780486_CA,TSS,Inflow,326
166,1980780486_CA,TSS,Inflow,326
30,1980780486_CA,TSS,Inflow,326
161,1980780486_CA,TSS,Inflow,326
85,1980780486_CA,TSS,Inflow,327
166,1980780486_CA,TSS,Inflow,327
15,1980780486_CA,TSS,Inflow,327
96,1980780486_CA,TSS,Inflow,327
118,1980780486_CA,TSS,Inflow,327
18,1980780486_CA,TSS,Inflow,328
96,1980780486_CA,TSS,Inflow,328
49,1980780486_CA,TSS,Inflow,328
166,1980780486_CA,TSS,Inflow,328
118,1980780486_CA,TSS,Inflow,328
90,1980780486_CA,TSS,Inflow,329
166,1980780486_CA,TSS,Inflow,329
118,1980780486_CA,TSS,Inflow,329
18,1980780486_CA,TSS,Inflow,329
21,1980780486_CA,TSS,Inflow,329
30,1980780486_CA,TSS,Inflow,330
90,1980780486_CA,TSS,Inflow,330
15,1980780486_CA,TSS,Inflow,330
191,1980780486_CA,TSS,Inflow,330
1280,1980780486_CA,TSS,Inflow,330
30,1980780486_CA,TSS,Inflow,331
96,1980780486_CA,TSS,Inflow,331
72,1980780486_CA,TSS,Inflow,331
49,1980780486_CA,TSS,Inflow,331
90,1980780486_CA,TSS,Inflow,331
24,1980780486_CA,TSS,Inflow,332
85,1980780486_CA,TSS,Inflow,332
90,1980780486_CA,TSS,Inflow,332
2870,1980780486_CA,TSS,Inflow,332
118,1980780486_CA,TSS,Inflow,332
2870,1980780486_CA,TSS,Inflow,333
191,1980780486_CA,TSS,Inflow,333
96,1980780486_CA,TSS,Inflow,333
600,1980780486_CA,TSS,Inflow,333
36,1980780486_CA,TSS,Inflow,333
30,1980780486_CA,TSS,Inflow,334
118,1980780486_CA,TSS,Inflow,334
90,1980780486_CA,TSS,Inflow,334
72,1980780486_CA,TSS,Inflow,334
36,1980780486_CA,TSS,Inflow,334
49,1980780486_CA,TSS,Inflow,335
161,1980780486_CA,TSS,Inflow,335
118,1980780486_CA,TSS,Inflow,335
18,1980780486_CA,TSS,Inflow,335
24,1980780486_CA,TSS,Inflow,335
600,1980780486_CA,TSS,Inflow,336
96,1980780486_CA,TSS,Inflow,336
21,1980780486_CA,TSS,Inflow,336
118,1980780486_CA,TSS,Inflow,336
723,1980780486_CA,TSS,Inflow,336
35,1980780486_CA,TSS,Inflow,337
24,1980780486_CA,TSS,Inflow,337
66,1980780486_CA,TSS,Inflow,337
166,1980780486_CA,TSS,Inflow,337
1280,1980780486_CA,TSS,Inflow,337
96,1980780486_CA,TSS,Inflow,338
2870,1980780486_CA,TSS,Inflow,338
24,1980780486_CA,TSS,Inflow,338
723,1980780486_CA,TSS,Inflow,338
166,1980780486_CA,TSS,Inflow,338
15,1980780486_CA,TSS,Inflow,339
161,1980780486_CA,TSS,Inflow,339
191,1980780486_CA,TSS,Inflow,339
66,1980780486_CA,TSS,Inflow,339
30,1980780486_CA,TSS,Inflow,339
18,1980780486_CA,TSS,Inflow,340
166,1980780486_CA,TSS,Inflow,340
30,1980780486_CA,TSS,Inflow,340
191,1980780486_CA,TSS,Inflow,340
36,1980780486_CA,TSS,Inflow,340
166,1980780486_CA,TSS,Inflow,341
96,1980780486_CA,TSS,Inflow,341
90,1980780486_CA,TSS,Inflow,341
85,1980780486_CA,TSS,Inflow,341
600,1980780486_CA,TSS,Inflow,341
15,1980780486_CA,TSS,Inflow,342
161,1980780486_CA,TSS,Inflow,342
21,1980780486_CA,TSS,Inflow,342
2870,1980780486_CA,TSS,Inflow,342
24,1980780486_CA,TSS,Inflow,342
24,1980780486_CA,TSS,Inflow,343
72,1980780486_CA,TSS,Inflow,343
118,1980780486_CA,TSS,Inflow,343
1280,1980780486_CA,TSS,Inflow,343
49,1980780486_CA,TSS,Inflow,343
90,1980780486_CA,TSS,Inflow,344
72,1980780486_CA,TSS,Inflow,344
24,1980780486_CA,TSS,Inflow,344
15,1980780486_CA,TSS,Inflow,344
166,1980780486_CA,TSS,Inflow,344
21,1980780486_CA,TSS,Inflow,345
96,1980780486_CA,TSS,Inflow,345
35,1980780486_CA,TSS,Inflow,345
85,1980780486_CA,TSS,Inflow,345
191,1980780486_CA,TSS,Inflow,345
1280,1980780486_CA,TSS,Inflow,346
18,1980780486_CA,TSS,Inflow,346
15,1980780486_CA,TSS,Inflow,346
30,1980780486_CA,TSS,Inflow,346
85,1980780486_CA,TSS,Inflow,346
72,1980780486_CA,TSS,Inflow,347
96,1980780486_CA,TSS,Inflow,347
35,1980780486_CA,TSS,Inflow,347
36,1980780486_CA,TSS,Inflow,347
15,1980780486_CA,TSS,Inflow,347
36,1980780486_CA,TSS,Inflow,348
18,1980780486_CA,TSS,Inflow,348
96,1980780486_CA,TSS,Inflow,348
600,1980780486_CA,TSS,Inflow,348
1280,1980780486_CA,TSS,Inflow,348
85,1980780486_CA,TSS,Inflow,349
18,1980780486_CA,TSS,Inflow,349
2870,1980780486_CA,TSS,Inflow,349
96,1980780486_CA,TSS,Inflow,349
600,1980780486_CA,TSS,Inflow,349
600,1980780486_CA,TSS,Inflow,350
49,1980780486_CA,TSS,Inflow,350
85,1980780486_CA,TSS,Inflow,350
2870,1980780486_CA,TSS,Inflow,350
18,1980780486_CA,TSS,Inflow,350
2870,1980780486_CA,TSS,Inflow,351
600,1980780486_CA,TSS,Inflow,351
36,1980780486_CA,TSS,Inflow,351
118,1980780486_CA,TSS,Inflow,351
72,1980780486_CA,TSS,Inflow,351
21,1980780486_CA,TSS,Inflow,352
30,1980780486_CA,TSS,Inflow,352
15,1980780486_CA,TSS,Inflow,352
36,1980780486_CA,TSS,Inflow,352
18,1980780486_CA,TSS,Inflow,352
18,1980780486_CA,TSS,Inflow,353
30,1980780486_CA,TSS,Inflow,353
66,1980780486_CA,TSS,Inflow,353
85,1980780486_CA,TSS,Inflow,353
72,1980780486_CA,TSS,Inflow,353
96,1980780486_CA,TSS,Inflow,354
49,1980780486_CA,TSS,Inflow,354
15,1980780486_CA,TSS,Inflow,354
90,1980780486_CA,TSS,Inflow,354
118,1980780486_CA,TSS,Inflow,354
21,1980780486_CA,TSS,Inflow,355
72,1980780486_CA,TSS,Inflow,355
15,1980780486_CA,TSS,Inflow,355
2870,1980780486_CA,TSS,Inflow,355
118,1980780486_CA,TSS,Inflow,355
35,1980780486_CA,TSS,Inflow,356
85,1980780486_CA,TSS,Inflow,356
15,1980780486_CA,TSS,Inflow,356
72,1980780486_CA,TSS,Inflow,356
1280,1980780486_CA,TSS,Inflow,356
191,1980780486_CA,TSS,Inflow,357
36,1980780486_CA,TSS,Inflow,357
161,1980780486_CA,TSS,Inflow,357
2870,1980780486_CA,TSS,Inflow,357
15,1980780486_CA,TSS,Inflow,357
118,1980780486_CA,TSS,Inflow,358
49,1980780486_CA,TSS,Inflow,358
35,1980780486_CA,TSS,Inflow,358
30,1980780486_CA,TSS,Inflow,358
723,1980780486_CA,TSS,Inflow,358
161,1980780486_CA,TSS,Inflow,359
18,1980780486_CA,TSS,Inflow,359
30,1980780486_CA,TSS,Inflow,359
66,1980780486_CA,TSS,Inflow,359
49,1980780486_CA,TSS,Inflow,359
723,1980780486_CA,TSS,Inflow,360
24,1980780486_CA,TSS,Inflow,360
96,1980780486_CA,TSS,Inflow,360
30,1980780486_CA,TSS,Inflow,360
1280,1980780486_CA,TSS,Inflow,360
30,1980780486_CA,TSS,Inflow,361
36,1980780486_CA,TSS,Inflow,361
21,1980780486_CA,TSS,Inflow,361
90,1980780486_CA,TSS,Inflow,361
30,1980780486_CA,TSS,Inflow,361
2870,1980780486_CA,TSS,Inflow,362
191,1980780486_CA,TSS,Inflow,362
1280,1980780486_CA,TSS,Inflow,362
66,1980780486_CA,TSS,Inflow,362
21,1980780486_CA,TSS,Inflow,362
49,1980780486_CA,TSS,Inflow,363
96,1980780486_CA,TSS,Inflow,363
161,1980780486_CA,TSS,Inflow,363
90,1980780486_CA,TSS,Inflow,363
21,1980780486_CA,TSS,Inflow,363
36,1980780486_CA,TSS,Inflow,364
72,1980780486_CA,TSS,Inflow,364
191,1980780486_CA,TSS,Inflow,364
30,1980780486_CA,TSS,Inflow,364
30,1980780486_CA,TSS,Inflow,364
191,1980780486_CA,TSS,Inflow,365
49,1980780486_CA,TSS,Inflow,365
66,1980780486_CA,TSS,Inflow,365
72,1980780486_CA,TSS,Inflow,365
30,1980780486_CA,TSS,Inflow,365
96,1980780486_CA,TSS,Inflow,366
2870,1980780486_CA,TSS,Inflow,366
161,1980780486_CA,TSS,Inflow,366
166,1980780486_CA,TSS,Inflow,366
90,1980780486_CA,TSS,Inflow,366
166,1980780486_CA,TSS,Inflow,367
49,1980780486_CA,TSS,Inflow,367
30,1980780486_CA,TSS,Inflow,367
191,1980780486_CA,TSS,Inflow,367
72,1980780486_CA,TSS,Inflow,367
35,1980780486_CA,TSS,Inflow,368
30,1980780486_CA,TSS,Inflow,368
72,1980780486_CA,TSS,Inflow,368
49,1980780486_CA,TSS,Inflow,368
66,1980780486_CA,TSS,Inflow,368
118,1980780486_CA,TSS,Inflow,369
36,1980780486_CA,TSS,Inflow,369
21,1980780486_CA,TSS,Inflow,369
15,1980780486_CA,TSS,Inflow,369
24,1980780486_CA,TSS,Inflow,369
35,1980780486_CA,TSS,Inflow,370
85,1980780486_CA,TSS,Inflow,370
1280,1980780486_CA,TSS,Inflow,370
18,1980780486_CA,TSS,Inflow,370
166,1980780486_CA,TSS,Inflow,370
30,1980780486_CA,TSS,Inflow,371
161,1980780486_CA,TSS,Inflow,371
96,1980780486_CA,TSS,Inflow,371
18,1980780486_CA,TSS,Inflow,371
600,1980780486_CA,TSS,Inflow,371
30,1980780486_CA,TSS,Inflow,372
30,1980780486_CA,TSS,Inflow,372
85,1980780486_CA,TSS,Inflow,372
18,1980780486_CA,TSS,Inflow,372
24,1980780486_CA,TSS,Inflow,372
24,1980780486_CA,TSS,Inflow,373
30,1980780486_CA,TSS,Inflow,373
66,1980780486_CA,TSS,Inflow,373
723,1980780486_CA,TSS,Inflow,373
118,1980780486_CA,TSS,Inflow,373
191,1980780486_CA,TSS,Inflow,374
24,1980780486_CA,TSS,Inflow,374
30,1980780486_CA,TSS,Inflow,374
30,1980780486_CA,TSS,Inflow,374
72,1980780486_CA,TSS,Inflow,374
49,1980780486_CA,TSS,Inflow,375
600,1980780486_CA,TSS,Inflow,375
723,1980780486_CA,TSS,Inflow,375
18,1980780486_CA,TSS,Inflow,375
30,1980780486_CA,TSS,Inflow,375
166,1980780486_CA,TSS,Inflow,376
66,1980780486_CA,TSS,Inflow,376
96,1980780486_CA,TSS,Inflow,376
36,1980780486_CA,TSS,Inflow,376
49,1980780486_CA,TSS,Inflow,376
1280,1980780486_CA,TSS,Inflow,377
90,1980780486_CA,TSS,Inflow,377
35,1980780486_CA,TSS,Inflow,377
191,1980780486_CA,TSS,Inflow,377
600,1980780486_CA,TSS,Inflow,377
35,1980780486_CA,TSS,Inflow,378
24,1980780486_CA,TSS,Inflow,378
723,1980780486_CA,TSS,Inflow,378
161,1980780486_CA,TSS,Inflow,378
2870,1980780486_CA,TSS,Inflow,378
2870,1980780486_CA,TSS,Inflow,379
90,1980780486_CA,TSS,Inflow,379
72,1980780486_CA,TSS,Inflow,379
191,1980780486_CA,TSS,Inflow,379
723,1980780486_CA,TSS,Inflow,379
18,1980780486_CA,TSS,Inflow,380
723,1980780486_CA,TSS,Inflow,380
66,1980780486_CA,TSS,Inflow,380
49,1980780486_CA,TSS,Inflow,380
1280,1980780486_CA,TSS,Inflow,380
72,1980780486_CA,TSS,Inflow,381
161,1980780486_CA,TSS,Inflow,381
36,1980780486_CA,TSS,Inflow,381
18,1980780486_CA,TSS,Inflow,381
85,1980780486_CA,TSS,Inflow,381
96,1980780486_CA,TSS,Inflow,382
15,1980780486_CA,TSS,Inflow,382
600,1980780486_CA,TSS,Inflow,382
24,1980780486_CA,TSS,Inflow,382
36,1980780486_CA,TSS,Inflow,382
191,1980780486_CA,TSS,Inflow,383
49,1980780486_CA,TSS,Inflow,383
30,1980780486_CA,TSS,Inflow,383
600,1980780486_CA,TSS,Inflow,383
85,1980780486_CA,TSS,Inflow,383
90,1980780486_CA,TSS,Inflow,384
49,1980780486_CA,TSS,Inflow,384
18,1980780486_CA,TSS,Inflow,384
35,1980780486_CA,TSS,Inflow,384
96,1980780486_CA,TSS,Inflow,384
21,1980780486_CA,TSS,Inflow,385
66,1980780486_CA,TSS,Inflow,385
18,1980780486_CA,TSS,Inflow,385
85,1980780486_CA,TSS,Inflow,385
30,1980780486_CA,TSS,Inflow,385
66,1980780486_CA,TSS,Inflow,386
166,1980780486_CA,TSS,Inflow,386
72,1980780486_CA,TSS,Inflow,386
90,1980780486_CA,TSS,Inflow,386
18,1980780486_CA,TSS,Inflow,386
118,1980780486_CA,TSS,Inflow,387
85,1980780486_CA,TSS,Inflow,387
161,1980780486_CA,TSS,Inflow,387
72,1980780486_CA,TSS,Inflow,387
191,1980780486_CA,TSS,Inflow,387
90,1980780486_CA,TSS,Inflow,388
191,1980780486_CA,TSS,Inflow,388
2870,1980780486_CA,TSS,Inflow,388
30,1980780486_CA,TSS,Inflow,388
49,1980780486_CA,TSS,Inflow,388
35,1980780486_CA,TSS,Inflow,389
30,1980780486_CA,TSS,Inflow,389
49,1980780486_CA,TSS,Inflow,389
18,1980780486_CA,TSS,Inflow,389
166,1980780486_CA,TSS,Inflow,389
2870,1980780486_CA,TSS,Inflow,390
49,1980780486_CA,TSS,Inflow,390
1280,1980780486_CA,TSS,Inflow,390
35,1980780486_CA,TSS,Inflow,390
18,1980780486_CA,TSS,Inflow,390
90,1980780486_CA,TSS,Inflow,391
723,1980780486_CA,TSS,Inflow,391
36,1980780486_CA,TSS,Inflow,391
49,1980780486_CA,TSS,Inflow,391
21,1980780486_CA,TSS,Inflow,391
85,1980780486_CA,TSS,Inflow,392
15,1980780486_CA,TSS,Inflow,392
30,1980780486_CA,TSS,Inflow,392
35,1980780486_CA,TSS,Inflow,392
30,1980780486_CA,TSS,Inflow,392
36,1980780486_CA,TSS,Inflow,393
30,1980780486_CA,TSS,Inflow,393
723,1980780486_CA,TSS,Inflow,393
96,1980780486_CA,TSS,Inflow,393
90,1980780486_CA,TSS,Inflow,393
18,1980780486_CA,TSS,Inflow,394
161,1980780486_CA,TSS,Inflow,394
600,1980780486_CA,TSS,Inflow,394
96,1980780486_CA,TSS,Inflow,394
723,1980780486_CA,TSS,Inflow,394
600,1980780486_CA,TSS,Inflow,395
2870,1980780486_CA,TSS,Inflow,395
24,1980780486_CA,TSS,Inflow,395
166,1980780486_CA,TSS,Inflow,395
66,1980780486_CA,TSS,Inflow,395
15,1980780486_CA,TSS,Inflow,396
21,1980780486_CA,TSS,Inflow,396
85,1980780486_CA,TSS,Inflow,396
72,1980780486_CA,TSS,Inflow,396
36,1980780486_CA,TSS,Inflow,396
49,1980780486_CA,TSS,Inflow,397
30,1980780486_CA,TSS,Inflow,397
2870,1980780486_CA,TSS,Inflow,397
191,1980780486_CA,TSS,Inflow,397
1280,1980780486_CA,TSS,Inflow,397
18,1980780486_CA,TSS,Inflow,398
72,1980780486_CA,TSS,Inflow,398
15,1980780486_CA,TSS,Inflow,398
21,1980780486_CA,TSS,Inflow,398
90,1980780486_CA,TSS,Inflow,398
30,1980780486_CA,TSS,Inflow,399
21,1980780486_CA,TSS,Inflow,399
49,1980780486_CA,TSS,Inflow,399
1280,1980780486_CA,TSS,Inflow,399
85,1980780486_CA,TSS,Inflow,399
600,1980780486_CA,TSS,Inflow,400
36,1980780486_CA,TSS,Inflow,400
85,1980780486_CA,TSS,Inflow,400
96,1980780486_CA,TSS,Inflow,400
18,1980780486_CA,TSS,Inflow,400
85,1980780486_CA,TSS,Inflow,401
30,1980780486_CA,TSS,Inflow,401
36,1980780486_CA,TSS,Inflow,401
96,1980780486_CA,TSS,Inflow,401
72,1980780486_CA,TSS,Inflow,401
118,1980780486_CA,TSS,Inflow,402
36,1980780486_CA,TSS,Inflow,402
1280,1980780486_CA,TSS,Inflow,402
30,1980780486_CA,TSS,Inflow,402
191,1980780486_CA,TSS,Inflow,402
35,1980780486_CA,TSS,Inflow,403
66,1980780486_CA,TSS,Inflow,403
30,1980780486_CA,TSS,Inflow,403
2870,1980780486_CA,TSS,Inflow,403
118,1980780486_CA,TSS,Inflow,403
66,1980780486_CA,TSS,Inflow,404
18,1980780486_CA,TSS,Inflow,404
85,1980780486_CA,TSS,Inflow,404
166,1980780486_CA,TSS,Inflow,404
72,1980780486_CA,TSS,Inflow,404
161,1980780486_CA,TSS,Inflow,405
36,1980780486_CA,TSS,Inflow,405
90,1980780486_CA,TSS,Inflow,405
49,1980780486_CA,TSS,Inflow,405
24,1980780486_CA,TSS,Inflow,405
2870,1980780486_CA,TSS,Inflow,406
191,1980780486_CA,TSS,Inflow,406
18,1980780486_CA,TSS,Inflow,406
30,1980780486_CA,TSS,Inflow,406
49,1980780486_CA,TSS,Inflow,406
21,1980780486_CA,TSS,Inflow,407
600,1980780486_CA,TSS,Inflow,407
1280,1980780486_CA,TSS,Inflow,407
90,1980780486_CA,TSS,Inflow,407
24,1980780486_CA,TSS,Inflow,407
15,1980780486_CA,TSS,Inflow,408
166,1980780486_CA,TSS,Inflow,408
191,1980780486_CA,TSS,Inflow,408
35,1980780486_CA,TSS,Inflow,408
2870,1980780486_CA,TSS,Inflow,408
24,1980780486_CA,TSS,Inflow,409
15,1980780486_CA,TSS,Inflow,409
191,1980780486_CA,TSS,Inflow,409
96,1980780486_CA,TSS,Inflow,409
161,1980780486_CA,TSS,Inflow,409
161,1980780486_CA,TSS,Inflow,410
66,1980780486_CA,TSS,Inflow,410
85,1980780486_CA,TSS,Inflow,410
30,1980780486_CA,TSS,Inflow,410
723,1980780486_CA,TSS,Inflow,410
24,1980780486_CA,TSS,Inflow,411
191,1980780486_CA,TSS,Inflow,411
21,1980780486_CA,TSS,Inflow,411
2870,1980780486_CA,TSS,Inflow,411
118,1980780486_CA,TSS,Inflow,411
24,1980780486_CA,TSS,Inflow,412
600,1980780486_CA,TSS,Inflow,412
90,1980780486_CA,TSS,Inflow,412
30,1980780486_CA,TSS,Inflow,412
191,1980780486_CA,TSS,Inflow,412
1280,1980780486_CA,TSS,Inflow,413
118,1980780486_CA,TSS,Inflow,413
24,1980780486_CA,TSS,Inflow,413
723,1980780486_CA,TSS,Inflow,413
166,1980780486_CA,TSS,Inflow,413
96,1980780486_CA,TSS,Inflow,414
723,1980780486_CA,TSS,Inflow,414
18,1980780486_CA,TSS,Inflow,414
66,1980780486_CA,TSS,Inflow,414
118,1980780486_CA,TSS,Inflow,414
166,1980780486_CA,TSS,Inflow,415
18,1980780486_CA,TSS,Inflow,415
30,1980780486_CA,TSS,Inflow,415
2870,1980780486_CA,TSS,Inflow,415
96,1980780486_CA,TSS,Inflow,415
600,1980780486_CA,TSS,Inflow,416
90,1980780486_CA,TSS,Inflow,416
72,1980780486_CA,TSS,Inflow,416
49,1980780486_CA,TSS,Inflow,416
24,1980780486_CA,TSS,Inflow,416
18,1980780486_CA,TSS,Inflow,417
72,1980780486_CA,TSS,Inflow,417
66,1980780486_CA,TSS,Inflow,417
1280,1980780486_CA,TSS,Inflow,417
90,1980780486_CA,TSS,Inflow,417
72,1980780486_CA,TSS,Inflow,418
85,1980780486_CA,TSS,Inflow,418
96,1980780486_CA,TSS,Inflow,418
21,1980780486_CA,TSS,Inflow,418
118,1980780486_CA,TSS,Inflow,418
2870,1980780486_CA,TSS,Inflow,419
1280,1980780486_CA,TSS,Inflow,419
96,1980780486_CA,TSS,Inflow,419
66,1980780486_CA,TSS,Inflow,419
600,1980780486_CA,TSS,Inflow,419
35,1980780486_CA,TSS,Inflow,420
72,1980780486_CA,TSS,Inflow,420
90,1980780486_CA,TSS,Inflow,420
30,1980780486_CA,TSS,Inflow,420
15,1980780486_CA,TSS,Inflow,420
96,1980780486_CA,TSS,Inflow,421
161,1980780486_CA,TSS,Inflow,421
36,1980780486_CA,TSS,Inflow,421
30,1980780486_CA,TSS,Inflow,421
118,1980780486_CA,TSS,Inflow,421
600,1980780486_CA,TSS,Inflow,422
96,1980780486_CA,TSS,Inflow,422
723,1980780486_CA,TSS,Inflow,422
72,1980780486_CA,TSS,Inflow,422
66,1980780486_CA,TSS,Inflow,422
21,1980780486_CA,TSS,Inflow,423
35,1980780486_CA,TSS,Inflow,423
166,1980780486_CA,TSS,Inflow,423
191,1980780486_CA,TSS,Inflow,423
24,1980780486_CA,TSS,Inflow,423
35,1980780486_CA,TSS,Inflow,424
72,1980780486_CA,TSS,Inflow,424
66,1980780486_CA,TSS,Inflow,424
30,1980780486_CA,TSS,Inflow,424
600,1980780486_CA,TSS,Inflow,424
30,1980780486_CA,TSS,Inflow,425
96,1980780486_CA,TSS,Inflow,425
18,1980780486_CA,TSS,Inflow,425
600,1980780486_CA,TSS,Inflow,425
49,1980780486_CA,TSS,Inflow,425
96,1980780486_CA,TSS,Inflow,426
166,1980780486_CA,TSS,Inflow,426
723,1980780486_CA,TSS,Inflow,426
1280,1980780486_CA,TSS,Inflow,426
66,1980780486_CA,TSS,Inflow,426
85,1980780486_CA,TSS,Inflow,427
723,1980780486_CA,TSS,Inflow,427
15,1980780486_CA,TSS,Inflow,427
18,1980780486_CA,TSS,Inflow,427
66,1980780486_CA,TSS,Inflow,427
90,1980780486_CA,TSS,Inflow,428
191,1980780486_CA,TSS,Inflow,428
161,1980780486_CA,TSS,Inflow,428
72,1980780486_CA,TSS,Inflow,428
21,1980780486_CA,TSS,Inflow,428
35,1980780486_CA,TSS,Inflow,429
18,1980780486_CA,TSS,Inflow,429
72,1980780486_CA,TSS,Inflow,429
118,1980780486_CA,TSS,Inflow,429
161,1980780486_CA,TSS,Inflow,429
191,1980780486_CA,TSS,Inflow,430
72,1980780486_CA,TSS,Inflow,430
2870,1980780486_CA,TSS,Inflow,430
85,1980780486_CA,TSS,Inflow,430
35,1980780486_CA,TSS,Inflow,430
24,1980780486_CA,TSS,Inflow,431
18,1980780486_CA,TSS,Inflow,431
30,1980780486_CA,TSS,Inflow,431
49,1980780486_CA,TSS,Inflow,431
36,1980780486_CA,TSS,Inflow,431
30,1980780486_CA,TSS,Inflow,432
18,1980780486_CA,TSS,Inflow,432
600,1980780486_CA,TSS,Inflow,432
24,1980780486_CA,TSS,Inflow,432
166,1980780486_CA,TSS,Inflow,432
21,1980780486_CA,TSS,Inflow,433
66,1980780486_CA,TSS,Inflow,433
18,1980780486_CA,TSS,Inflow,433
166,1980780486_CA,TSS,Inflow,433
85,1980780486_CA,TSS,Inflow,433
96,1980780486_CA,TSS,Inflow,434
166,1980780486_CA,TSS,Inflow,434
2870,1980780486_CA,TSS,Inflow,434
35,1980780486_CA,TSS,Inflow,434
161,1980780486_CA,TSS,Inflow,434
166,1980780486_CA,TSS,Inflow,435
21,1980780486_CA,TSS,Inflow,435
1280,1980780486_CA,TSS,Inflow,435
96,1980780486_CA,TSS,Inflow,435
35,1980780486_CA,TSS,Inflow,435
72,1980780486_CA,TSS,Inflow,436
30,1980780486_CA,TSS,Inflow,436
96,1980780486_CA,TSS,Inflow,436
15,1980780486_CA,TSS,Inflow,436
18,1980780486_CA,TSS,Inflow,436
161,1980780486_CA,TSS,Inflow,437
2870,1980780486_CA,TSS,Inflow,437
24,1980780486_CA,TSS,Inflow,437
30,1980780486_CA,TSS,Inflow,437
723,1980780486_CA,TSS,Inflow,437
1280,1980780486_CA,TSS,Inflow,438
2870,1980780486_CA,TSS,Inflow,438
600,1980780486_CA,TSS,Inflow,438
96,1980780486_CA,TSS,Inflow,438
72,1980780486_CA,TSS,Inflow,438
96,1980780486_CA,TSS,Inflow,439
30,1980780486_CA,TSS,Inflow,439
1280,1980780486_CA,TSS,Inflow,439
191,1980780486_CA,TSS,Inflow,439
72,1980780486_CA,TSS,Inflow,439
30,1980780486_CA,TSS,Inflow,440
600,1980780486_CA,TSS,Inflow,440
36,1980780486_CA,TSS,Inflow,440
30,1980780486_CA,TSS,Inflow,440
21,1980780486_CA,TSS,Inflow,440
118,1980780486_CA,TSS,Inflow,441
161,1980780486_CA,TSS,Inflow,441
166,1980780486_CA,TSS,Inflow,441
18,1980780486_CA,TSS,Inflow,441
2870,1980780486_CA,TSS,Inflow,441
18,1980780486_CA,TSS,Inflow,442
161,1980780486_CA,TSS,Inflow,442
85,1980780486_CA,TSS,Inflow,442
49,1980780486_CA,TSS,Inflow,442
166,1980780486_CA,TSS,Inflow,442
90,1980780486_CA,TSS,Inflow,443
36,1980780486_CA,TSS,Inflow,443
161,1980780486_CA,TSS,Inflow,443
21,1980780486_CA,TSS,Inflow,443
2870,1980780486_CA,TSS,Inflow,443
66,1980780486_CA,TSS,Inflow,444
85,1980780486_CA,TSS,Inflow,444
600,1980780486_CA,TSS,Inflow,444
166,1980780486_CA,TSS,Inflow,444
36,1980780486_CA,TSS,Inflow,444
161,1980780486_CA,TSS,Inflow,445
35,1980780486_CA,TSS,Inflow,445
66,1980780486_CA,TSS,Inflow,445
18,1980780486_CA,TSS,Inflow,445
1280,1980780486_CA,TSS,Inflow,445
35,1980780486_CA,TSS,Inflow,446
2870,1980780486_CA,TSS,Inflow,446
1280,1980780486_CA,TSS,Inflow,446
118,1980780486_CA,TSS,Inflow,446
66,1980780486_CA,TSS,Inflow,446
118,1980780486_CA,TSS,Inflow,447
723,1980780486_CA,TSS,Inflow,447
66,1980780486_CA,TSS,Inflow,447
30,1980780486_CA,TSS,Inflow,447
96,1980780486_CA,TSS,Inflow,447
35,1980780486_CA,TSS,Inflow,448
600,1980780486_CA,TSS,Inflow,448
49,1980780486_CA,TSS,Inflow,448
30,1980780486_CA,TSS,Inflow,448
66,1980780486_CA,TSS,Inflow,448
30,1980780486_CA,TSS,Inflow,449
21,1980780486_CA,TSS,Inflow,449
15,1980780486_CA,TSS,Inflow,449
2870,1980780486_CA,TSS,Inflow,449
72,1980780486_CA,TSS,Inflow,449
2870,1980780486_CA,TSS,Inflow,450
161,1980780486_CA,TSS,Inflow,450
30,1980780486_CA,TSS,Inflow,450
49,1980780486_CA,TSS,Inflow,450
18,1980780486_CA,TSS,Inflow,450
66,1980780486_CA,TSS,Inflow,451
166,1980780486_CA,TSS,Inflow,451
600,1980780486_CA,TSS,Inflow,451
2870,1980780486_CA,TSS,Inflow,451
49,1980780486_CA,TSS,Inflow,451
118,1980780486_CA,TSS,Inflow,452
85,1980780486_CA,TSS,Inflow,452
600,1980780486_CA,TSS,Inflow,452
161,1980780486_CA,TSS,Inflow,452
24,1980780486_CA,TSS,Inflow,452
600,1980780486_CA,TSS,Inflow,453
85,1980780486_CA,TSS,Inflow,453
72,1980780486_CA,TSS,Inflow,453
35,1980780486_CA,TSS,Inflow,453
118,1980780486_CA,TSS,Inflow,453
161,1980780486_CA,TSS,Inflow,454
18,1980780486_CA,TSS,Inflow,454
85,1980780486_CA,TSS,Inflow,454
96,1980780486_CA,TSS,Inflow,454
21,1980780486_CA,TSS,Inflow,454
24,1980780486_CA,TSS,Inflow,455
72,1980780486_CA,TSS,Inflow,455
96,1980780486_CA,TSS,Inflow,455
30,1980780486_CA,TSS,Inflow,455
21,1980780486_CA,TSS,Inflow,455
30,1980780486_CA,TSS,Inflow,456
66,1980780486_CA,TSS,Inflow,456
30,1980780486_CA,TSS,Inflow,456
166,1980780486_CA,TSS,Inflow,456
118,1980780486_CA,TSS,Inflow,456
21,1980780486_CA,TSS,Inflow,457
1280,1980780486_CA,TSS,Inflow,457
191,1980780486_CA,TSS,Inflow,457
36,1980780486_CA,TSS,Inflow,457
30,1980780486_CA,TSS,Inflow,457
191,1980780486_CA,TSS,Inflow,458
161,1980780486_CA,TSS,Inflow,458
36,1980780486_CA,TSS,Inflow,458
66,1980780486_CA,TSS,Inflow,458
90,1980780486_CA,TSS,Inflow,458
30,1980780486_CA,TSS,Inflow,459
90,1980780486_CA,TSS,Inflow,459
85,1980780486_CA,TSS,Inflow,459
118,1980780486_CA,TSS,Inflow,459
35,1980780486_CA,TSS,Inflow,459
49,1980780486_CA,TSS,Inflow,460
96,1980780486_CA,TSS,Inflow,460
21,1980780486_CA,TSS,Inflow,460
85,1980780486_CA,TSS,Inflow,460
18,1980780486_CA,TSS,Inflow,460
600,1980780486_CA,TSS,Inflow,461
66,1980780486_CA,TSS,Inflow,461
24,1980780486_CA,TSS,Inflow,461
49,1980780486_CA,TSS,Inflow,461
85,1980780486_CA,TSS,Inflow,461
96,1980780486_CA,TSS,Inflow,462
35,1980780486_CA,TSS,Inflow,462
15,1980780486_CA,TSS,Inflow,462
24,1980780486_CA,TSS,Inflow,462
166,1980780486_CA,TSS,Inflow,462
2870,1980780486_CA,TSS,Inflow,463
166,1980780486_CA,TSS,Inflow,463
49,1980780486_CA,TSS,Inflow,463
118,1980780486_CA,TSS,Inflow,463
35,1980780486_CA,TSS,Inflow,463
72,1980780486_CA,TSS,Inflow,464
1280,1980780486_CA,TSS,Inflow,464
600,1980780486_CA,TSS,Inflow,464
90,1980780486_CA,TSS,Inflow,464
18,1980780486_CA,TSS,Inflow,464
18,1980780486_CA,TSS,Inflow,465
2870,1980780486_CA,TSS,Inflow,465
49,1980780486_CA,TSS,Inflow,465
30,1980780486_CA,TSS,Inflow,465
66,1980780486_CA,TSS,Inflow,465
66,1980780486_CA,TSS,Inflow,466
72,1980780486_CA,TSS,Inflow,466
85,1980780486_CA,TSS,Inflow,466
600,1980780486_CA,TSS,Inflow,466
161,1980780486_CA,TSS,Inflow,466
85,1980780486_CA,TSS,Inflow,467
66,1980780486_CA,TSS,Inflow,467
600,1980780486_CA,TSS,Inflow,467
30,1980780486_CA,TSS,Inflow,467
161,1980780486_CA,TSS,Inflow,467
90,1980780486_CA,TSS,Inflow,468
723,1980780486_CA,TSS,Inflow,468
85,1980780486_CA,TSS,Inflow,468
18,1980780486_CA,TSS,Inflow,468
30,1980780486_CA,TSS,Inflow,468
35,1980780486_CA,TSS,Inflow,469
18,1980780486_CA,TSS,Inflow,469
66,1980780486_CA,TSS,Inflow,469
85,1980780486_CA,TSS,Inflow,469
600,1980780486_CA,TSS,Inflow,469
2870,1980780486_CA,TSS,Inflow,470
723,1980780486_CA,TSS,Inflow,470
24,1980780486_CA,TSS,Inflow,470
1280,1980780486_CA,TSS,Inflow,470
49,1980780486_CA,TSS,Inflow,470
85,1980780486_CA,TSS,Inflow,471
30,1980780486_CA,TSS,Inflow,471
90,1980780486_CA,TSS,Inflow,471
161,1980780486_CA,TSS,Inflow,471
36,1980780486_CA,TSS,Inflow,471
36,1980780486_CA,TSS,Inflow,472
30,1980780486_CA,TSS,Inflow,472
90,1980780486_CA,TSS,Inflow,472
600,1980780486_CA,TSS,Inflow,472
96,1980780486_CA,TSS,Inflow,472
2870,1980780486_CA,TSS,Inflow,473
66,1980780486_CA,TSS,Inflow,473
15,1980780486_CA,TSS,Inflow,473
1280,1980780486_CA,TSS,Inflow,473
18,1980780486_CA,TSS,Inflow,473
35,1980780486_CA,TSS,Inflow,474
30,1980780486_CA,TSS,Inflow,474
49,1980780486_CA,TSS,Inflow,474
161,1980780486_CA,TSS,Inflow,474
1280,1980780486_CA,TSS,Inflow,474
96,1980780486_CA,TSS,Inflow,475
191,1980780486_CA,TSS,Inflow,475
72,1980780486_CA,TSS,Inflow,475
85,1980780486_CA,TSS,Inflow,475
36,1980780486_CA,TSS,Inflow,475
191,1980780486_CA,TSS,Inflow,476
72,1980780486_CA,TSS,Inflow,476
24,1980780486_CA,TSS,Inflow,476
85,1980780486_CA,TSS,Inflow,476
36,1980780486_CA,TSS,Inflow,476
36,1980780486_CA,TSS,Inflow,477
161,1980780486_CA,TSS,Inflow,477
166,1980780486_CA,TSS,Inflow,477
15,1980780486_CA,TSS,Inflow,477
21,1980780486_CA,TSS,Inflow,477
49,1980780486_CA,TSS,Inflow,478
600,1980780486_CA,TSS,Inflow,478
161,1980780486_CA,TSS,Inflow,478
85,1980780486_CA,TSS,Inflow,478
21,1980780486_CA,TSS,Inflow,478
36,1980780486_CA,TSS,Inflow,479
15,1980780486_CA,TSS,Inflow,479
72,1980780486_CA,TSS,Inflow,479
90,1980780486_CA,TSS,Inflow,479
1280,1980780486_CA,TSS,Inflow,479
24,1980780486_CA,TSS,Inflow,480
723,1980780486_CA,TSS,Inflow,480
600,1980780486_CA,TSS,Inflow,480
36,1980780486_CA,TSS,Inflow,480
90,1980780486_CA,TSS,Inflow,480
24,1980780486_CA,TSS,Inflow,481
18,1980780486_CA,TSS,Inflow,481
2870,1980780486_CA,TSS,Inflow,481
35,1980780486_CA,TSS,Inflow,481
161,1980780486_CA,TSS,Inflow,481
66,1980780486_CA,TSS,Inflow,482
72,1980780486_CA,TSS,Inflow,482
30,1980780486_CA,TSS,Inflow,482
96,1980780486_CA,TSS,Inflow,482
166,1980780486_CA,TSS,Inflow,482
2870,1980780486_CA,TSS,Inflow,483
191,1980780486_CA,TSS,Inflow,483
49,1980780486_CA,TSS,Inflow,483
35,1980780486_CA,TSS,Inflow,483
30,1980780486_CA,TSS,Inflow,483
30,1980780486_CA,TSS,Inflow,484
118,1980780486_CA,TSS,Inflow,484
90,1980780486_CA,TSS,Inflow,484
72,1980780486_CA,TSS,Inflow,484
191,1980780486_CA,TSS,Inflow,484
36,1980780486_CA,TSS,Inflow,485
191,1980780486_CA,TSS,Inflow,485
166,1980780486_CA,TSS,Inflow,485
49,1980780486_CA,TSS,Inflow,485
15,1980780486_CA,TSS,Inflow,485
85,1980780486_CA,TSS,Inflow,486
723,1980780486_CA,TSS,Inflow,486
2870,1980780486_CA,TSS,Inflow,486
66,1980780486_CA,TSS,Inflow,486
30,1980780486_CA,TSS,Inflow,486
600,1980780486_CA,TSS,Inflow,487
96,1980780486_CA,TSS,Inflow,487
723,1980780486_CA,TSS,Inflow,487
35,1980780486_CA,TSS,Inflow,487
21,1980780486_CA,TSS,Inflow,487
600,1980780486_CA,TSS,Inflow,488
21,1980780486_CA,TSS,Inflow,488
15,1980780486_CA,TSS,Inflow,488
96,1980780486_CA,TSS,Inflow,488
36,1980780486_CA,TSS,Inflow,488
118,1980780486_CA,TSS,Inflow,489
15,1980780486_CA,TSS,Inflow,489
18,1980780486_CA,TSS,Inflow,489
85,1980780486_CA,TSS,Inflow,489
30,1980780486_CA,TSS,Inflow,489
30,1980780486_CA,TSS,Inflow,490
49,1980780486_CA,TSS,Inflow,490
1280,1980780486_CA,TSS,Inflow,490
600,1980780486_CA,TSS,Inflow,490
24,1980780486_CA,TSS,Inflow,490
24,1980780486_CA,TSS,Inflow,491
30,1980780486_CA,TSS,Inflow,491
15,1980780486_CA,TSS,Inflow,491
600,1980780486_CA,TSS,Inflow,491
191,1980780486_CA,TSS,Inflow,491
30,1980780486_CA,TSS,Inflow,492
96,1980780486_CA,TSS,Inflow,492
90,1980780486_CA,TSS,Inflow,492
30,1980780486_CA,TSS,Inflow,492
36,1980780486_CA,TSS,Inflow,492
66,1980780486_CA,TSS,Inflow,493
1280,1980780486_CA,TSS,Inflow,493
118,1980780486_CA,TSS,Inflow,493
24,1980780486_CA,TSS,Inflow,493
18,1980780486_CA,TSS,Inflow,493
191,1980780486_CA,TSS,Inflow,494
49,1980780486_CA,TSS,Inflow,494
96,1980780486_CA,TSS,Inflow,494
30,1980780486_CA,TSS,Inflow,494
72,1980780486_CA,TSS,Inflow,494
96,1980780486_CA,TSS,Inflow,495
21,1980780486_CA,TSS,Inflow,495
161,1980780486_CA,TSS,Inflow,495
30,1980780486_CA,TSS,Inflow,495
118,1980780486_CA,TSS,Inflow,495
90,1980780486_CA,TSS,Inflow,496
723,1980780486_CA,TSS,Inflow,496
161,1980780486_CA,TSS,Inflow,496
85,1980780486_CA,TSS,Inflow,496
66,1980780486_CA,TSS,Inflow,496
36,1980780486_CA,TSS,Inflow,497
600,1980780486_CA,TSS,Inflow,497
1280,1980780486_CA,TSS,Inflow,497
723,1980780486_CA,TSS,Inflow,497
21,1980780486_CA,TSS,Inflow,497
30,1980780486_CA,TSS,Inflow,498
66,1980780486_CA,TSS,Inflow,498
24,1980780486_CA,TSS,Inflow,498
85,1980780486_CA,TSS,Inflow,498
35,1980780486_CA,TSS,Inflow,498
35,1980780486_CA,TSS,Inflow,499
1280,1980780486_CA,TSS,Inflow,499
49,1980780486_CA,TSS,Inflow,499
36,1980780486_CA,TSS,Inflow,499
723,1980780486_CA,TSS,Inflow,499
36,1980780486_CA,TSS,Inflow,500
166,1980780486_CA,TSS,Inflow,500
1280,1980780486_CA,TSS,Inflow,500
24,1980780486_CA,TSS,Inflow,500
30,1980780486_CA,TSS,Inflow,500
