EMC,Location,Analyte,Flow,Run
161,1980780486_CA,TSS,Inflow,1
118,1980780486_CA,TSS,Inflow,1
36,1980780486_CA,TSS,Inflow,1
30,1980780486_CA,TSS,Inflow,1
24,1980780486_CA,TSS,Inflow,1
21,1980780486_CA,TSS,Inflow,2
191,1980780486_CA,TSS,Inflow,2
161,1980780486_CA,TSS,Inflow,2
15,1980780486_CA,TSS,Inflow,2
30,1980780486_CA,TSS,Inflow,2
600,1980780486_CA,TSS,Inflow,3
66,1980780486_CA,TSS,Inflow,3
36,1980780486_CA,TSS,Inflow,3
1280,1980780486_CA,TSS,Inflow,3
35,1980780486_CA,TSS,Inflow,3
66,1980780486_CA,TSS,Inflow,4
118,1980780486_CA,TSS,Inflow,4
191,1980780486_CA,TSS,Inflow,4
30,1980780486_CA,TSS,Inflow,4
90,1980780486_CA,TSS,Inflow,4
49,1980780486_CA,TSS,Inflow,5
96,1980780486_CA,TSS,Inflow,5
18,1980780486_CA,TSS,Inflow,5
166,1980780486_CA,TSS,Inflow,5
21,1980780486_CA,TSS,Inflow,5
72,1980780486_CA,TSS,Inflow,6
90,1980780486_CA,TSS,Inflow,6
161,1980780486_CA,TSS,Inflow,6
66,1980780486_CA,TSS,Inflow,6
30,1980780486_CA,TSS,Inflow,6
35,1980780486_CA,TSS,Inflow,7
21,1980780486_CA,TSS,Inflow,7
96,1980780486_CA,TSS,Inflow,7
30,1980780486_CA,TSS,Inflow,7
30,1980780486_CA,TSS,Inflow,7
35,1980780486_CA,TSS,Inflow,8
161,1980780486_CA,TSS,Inflow,8
15,1980780486_CA,TSS,Inflow,8
166,1980780486_CA,TSS,Inflow,8
90,1980780486_CA,TSS,Inflow,8
723,1980780486_CA,TSS,Inflow,9
24,1980780486_CA,TSS,Inflow,9
18,1980780486_CA,TSS,Inflow,9
36,1980780486_CA,TSS,Inflow,9
35,1980780486_CA,TSS,Inflow,9
72,1980780486_CA,TSS,Inflow,10
36,1980780486_CA,TSS,Inflow,10
118,1980780486_CA,TSS,Inflow,10
166,1980780486_CA,TSS,Inflow,10
600,1980780486_CA,TSS,Inflow,10
49,1980780486_CA,TSS,Inflow,11
66,1980780486_CA,TSS,Inflow,11
96,1980780486_CA,TSS,Inflow,11
2870,1980780486_CA,TSS,Inflow,11
36,1980780486_CA,TSS,Inflow,11
1280,1980780486_CA,TSS,Inflow,12
30,1980780486_CA,TSS,Inflow,12
90,1980780486_CA,TSS,Inflow,12
723,1980780486_CA,TSS,Inflow,12
96,1980780486_CA,TSS,Inflow,12
72,1980780486_CA,TSS,Inflow,13
30,1980780486_CA,TSS,Inflow,13
2870,1980780486_CA,TSS,Inflow,13
66,1980780486_CA,TSS,Inflow,13
15,1980780486_CA,TSS,Inflow,13
72,1980780486_CA,TSS,Inflow,14
30,1980780486_CA,TSS,Inflow,14
96,1980780486_CA,TSS,Inflow,14
66,1980780486_CA,TSS,Inflow,14
49,1980780486_CA,TSS,Inflow,14
85,1980780486_CA,TSS,Inflow,15
723,1980780486_CA,TSS,Inflow,15
66,1980780486_CA,TSS,Inflow,15
72,1980780486_CA,TSS,Inflow,15
600,1980780486_CA,TSS,Inflow,15
85,1980780486_CA,TSS,Inflow,16
30,1980780486_CA,TSS,Inflow,16
166,1980780486_CA,TSS,Inflow,16
161,1980780486_CA,TSS,Inflow,16
191,1980780486_CA,TSS,Inflow,16
21,1980780486_CA,TSS,Inflow,17
30,1980780486_CA,TSS,Inflow,17
49,1980780486_CA,TSS,Inflow,17
2870,1980780486_CA,TSS,Inflow,17
118,1980780486_CA,TSS,Inflow,17
30,1980780486_CA,TSS,Inflow,18
161,1980780486_CA,TSS,Inflow,18
66,1980780486_CA,TSS,Inflow,18
166,1980780486_CA,TSS,Inflow,18
72,1980780486_CA,TSS,Inflow,18
191,1980780486_CA,TSS,Inflow,19
35,1980780486_CA,TSS,Inflow,19
166,1980780486_CA,TSS,Inflow,19
30,1980780486_CA,TSS,Inflow,19
15,1980780486_CA,TSS,Inflow,19
191,1980780486_CA,TSS,Inflow,20
49,1980780486_CA,TSS,Inflow,20
36,1980780486_CA,TSS,Inflow,20
72,1980780486_CA,TSS,Inflow,20
24,1980780486_CA,TSS,Inflow,20
600,1980780486_CA,TSS,Inflow,21
24,1980780486_CA,TSS,Inflow,21
85,1980780486_CA,TSS,Inflow,21
49,1980780486_CA,TSS,Inflow,21
35,1980780486_CA,TSS,Inflow,21
96,1980780486_CA,TSS,Inflow,22
600,1980780486_CA,TSS,Inflow,22
15,1980780486_CA,TSS,Inflow,22
723,1980780486_CA,TSS,Inflow,22
85,1980780486_CA,TSS,Inflow,22
96,1980780486_CA,TSS,Inflow,23
66,1980780486_CA,TSS,Inflow,23
35,1980780486_CA,TSS,Inflow,23
723,1980780486_CA,TSS,Inflow,23
191,1980780486_CA,TSS,Inflow,23
36,1980780486_CA,TSS,Inflow,24
85,1980780486_CA,TSS,Inflow,24
1280,1980780486_CA,TSS,Inflow,24
723,1980780486_CA,TSS,Inflow,24
15,1980780486_CA,TSS,Inflow,24
30,1980780486_CA,TSS,Inflow,25
90,1980780486_CA,TSS,Inflow,25
166,1980780486_CA,TSS,Inflow,25
21,1980780486_CA,TSS,Inflow,25
118,1980780486_CA,TSS,Inflow,25
118,1980780486_CA,TSS,Inflow,26
35,1980780486_CA,TSS,Inflow,26
30,1980780486_CA,TSS,Inflow,26
36,1980780486_CA,TSS,Inflow,26
24,1980780486_CA,TSS,Inflow,26
600,1980780486_CA,TSS,Inflow,27
30,1980780486_CA,TSS,Inflow,27
24,1980780486_CA,TSS,Inflow,27
118,1980780486_CA,TSS,Inflow,27
49,1980780486_CA,TSS,Inflow,27
15,1980780486_CA,TSS,Inflow,28
96,1980780486_CA,TSS,Inflow,28
1280,1980780486_CA,TSS,Inflow,28
36,1980780486_CA,TSS,Inflow,28
161,1980780486_CA,TSS,Inflow,28
49,1980780486_CA,TSS,Inflow,29
90,1980780486_CA,TSS,Inflow,29
36,1980780486_CA,TSS,Inflow,29
30,1980780486_CA,TSS,Inflow,29
2870,1980780486_CA,TSS,Inflow,29
85,1980780486_CA,TSS,Inflow,30
36,1980780486_CA,TSS,Inflow,30
30,1980780486_CA,TSS,Inflow,30
161,1980780486_CA,TSS,Inflow,30
21,1980780486_CA,TSS,Inflow,30
118,1980780486_CA,TSS,Inflow,31
1280,1980780486_CA,TSS,Inflow,31
18,1980780486_CA,TSS,Inflow,31
36,1980780486_CA,TSS,Inflow,31
600,1980780486_CA,TSS,Inflow,31
723,1980780486_CA,TSS,Inflow,32
161,1980780486_CA,TSS,Inflow,32
18,1980780486_CA,TSS,Inflow,32
21,1980780486_CA,TSS,Inflow,32
24,1980780486_CA,TSS,Inflow,32
96,1980780486_CA,TSS,Inflow,33
35,1980780486_CA,TSS,Inflow,33
36,1980780486_CA,TSS,Inflow,33
49,1980780486_CA,TSS,Inflow,33
18,1980780486_CA,TSS,Inflow,33
66,1980780486_CA,TSS,Inflow,34
96,1980780486_CA,TSS,Inflow,34
49,1980780486_CA,TSS,Inflow,34
723,1980780486_CA,TSS,Inflow,34
18,1980780486_CA,TSS,Inflow,34
166,1980780486_CA,TSS,Inflow,35
1280,1980780486_CA,TSS,Inflow,35
21,1980780486_CA,TSS,Inflow,35
90,1980780486_CA,TSS,Inflow,35
600,1980780486_CA,TSS,Inflow,35
21,1980780486_CA,TSS,Inflow,36
35,1980780486_CA,TSS,Inflow,36
1280,1980780486_CA,TSS,Inflow,36
85,1980780486_CA,TSS,Inflow,36
96,1980780486_CA,TSS,Inflow,36
21,1980780486_CA,TSS,Inflow,37
90,1980780486_CA,TSS,Inflow,37
96,1980780486_CA,TSS,Inflow,37
118,1980780486_CA,TSS,Inflow,37
2870,1980780486_CA,TSS,Inflow,37
72,1980780486_CA,TSS,Inflow,38
96,1980780486_CA,TSS,Inflow,38
21,1980780486_CA,TSS,Inflow,38
1280,1980780486_CA,TSS,Inflow,38
90,1980780486_CA,TSS,Inflow,38
21,1980780486_CA,TSS,Inflow,39
96,1980780486_CA,TSS,Inflow,39
15,1980780486_CA,TSS,Inflow,39
118,1980780486_CA,TSS,Inflow,39
2870,1980780486_CA,TSS,Inflow,39
118,1980780486_CA,TSS,Inflow,40
30,1980780486_CA,TSS,Inflow,40
600,1980780486_CA,TSS,Inflow,40
1280,1980780486_CA,TSS,Inflow,40
2870,1980780486_CA,TSS,Inflow,40
18,1980780486_CA,TSS,Inflow,41
36,1980780486_CA,TSS,Inflow,41
66,1980780486_CA,TSS,Inflow,41
118,1980780486_CA,TSS,Inflow,41
15,1980780486_CA,TSS,Inflow,41
49,1980780486_CA,TSS,Inflow,42
600,1980780486_CA,TSS,Inflow,42
21,1980780486_CA,TSS,Inflow,42
18,1980780486_CA,TSS,Inflow,42
66,1980780486_CA,TSS,Inflow,42
90,1980780486_CA,TSS,Inflow,43
166,1980780486_CA,TSS,Inflow,43
21,1980780486_CA,TSS,Inflow,43
96,1980780486_CA,TSS,Inflow,43
723,1980780486_CA,TSS,Inflow,43
15,1980780486_CA,TSS,Inflow,44
35,1980780486_CA,TSS,Inflow,44
161,1980780486_CA,TSS,Inflow,44
49,1980780486_CA,TSS,Inflow,44
24,1980780486_CA,TSS,Inflow,44
30,1980780486_CA,TSS,Inflow,45
191,1980780486_CA,TSS,Inflow,45
49,1980780486_CA,TSS,Inflow,45
24,1980780486_CA,TSS,Inflow,45
96,1980780486_CA,TSS,Inflow,45
166,1980780486_CA,TSS,Inflow,46
600,1980780486_CA,TSS,Inflow,46
36,1980780486_CA,TSS,Inflow,46
72,1980780486_CA,TSS,Inflow,46
66,1980780486_CA,TSS,Inflow,46
66,1980780486_CA,TSS,Inflow,47
600,1980780486_CA,TSS,Inflow,47
18,1980780486_CA,TSS,Inflow,47
15,1980780486_CA,TSS,Inflow,47
96,1980780486_CA,TSS,Inflow,47
72,1980780486_CA,TSS,Inflow,48
49,1980780486_CA,TSS,Inflow,48
1280,1980780486_CA,TSS,Inflow,48
2870,1980780486_CA,TSS,Inflow,48
118,1980780486_CA,TSS,Inflow,48
21,1980780486_CA,TSS,Inflow,49
30,1980780486_CA,TSS,Inflow,49
18,1980780486_CA,TSS,Inflow,49
161,1980780486_CA,TSS,Inflow,49
49,1980780486_CA,TSS,Inflow,49
85,1980780486_CA,TSS,Inflow,50
72,1980780486_CA,TSS,Inflow,50
21,1980780486_CA,TSS,Inflow,50
723,1980780486_CA,TSS,Inflow,50
30,1980780486_CA,TSS,Inflow,50
600,1980780486_CA,TSS,Inflow,51
85,1980780486_CA,TSS,Inflow,51
723,1980780486_CA,TSS,Inflow,51
49,1980780486_CA,TSS,Inflow,51
191,1980780486_CA,TSS,Inflow,51
30,1980780486_CA,TSS,Inflow,52
723,1980780486_CA,TSS,Inflow,52
118,1980780486_CA,TSS,Inflow,52
72,1980780486_CA,TSS,Inflow,52
24,1980780486_CA,TSS,Inflow,52
2870,1980780486_CA,TSS,Inflow,53
66,1980780486_CA,TSS,Inflow,53
36,1980780486_CA,TSS,Inflow,53
85,1980780486_CA,TSS,Inflow,53
72,1980780486_CA,TSS,Inflow,53
1280,1980780486_CA,TSS,Inflow,54
191,1980780486_CA,TSS,Inflow,54
35,1980780486_CA,TSS,Inflow,54
161,1980780486_CA,TSS,Inflow,54
85,1980780486_CA,TSS,Inflow,54
161,1980780486_CA,TSS,Inflow,55
72,1980780486_CA,TSS,Inflow,55
18,1980780486_CA,TSS,Inflow,55
166,1980780486_CA,TSS,Inflow,55
24,1980780486_CA,TSS,Inflow,55
30,1980780486_CA,TSS,Inflow,56
1280,1980780486_CA,TSS,Inflow,56
15,1980780486_CA,TSS,Inflow,56
30,1980780486_CA,TSS,Inflow,56
35,1980780486_CA,TSS,Inflow,56
90,1980780486_CA,TSS,Inflow,57
21,1980780486_CA,TSS,Inflow,57
600,1980780486_CA,TSS,Inflow,57
35,1980780486_CA,TSS,Inflow,57
723,1980780486_CA,TSS,Inflow,57
30,1980780486_CA,TSS,Inflow,58
600,1980780486_CA,TSS,Inflow,58
723,1980780486_CA,TSS,Inflow,58
166,1980780486_CA,TSS,Inflow,58
72,1980780486_CA,TSS,Inflow,58
2870,1980780486_CA,TSS,Inflow,59
600,1980780486_CA,TSS,Inflow,59
35,1980780486_CA,TSS,Inflow,59
96,1980780486_CA,TSS,Inflow,59
118,1980780486_CA,TSS,Inflow,59
72,1980780486_CA,TSS,Inflow,60
66,1980780486_CA,TSS,Inflow,60
24,1980780486_CA,TSS,Inflow,60
600,1980780486_CA,TSS,Inflow,60
15,1980780486_CA,TSS,Inflow,60
723,1980780486_CA,TSS,Inflow,61
72,1980780486_CA,TSS,Inflow,61
85,1980780486_CA,TSS,Inflow,61
161,1980780486_CA,TSS,Inflow,61
21,1980780486_CA,TSS,Inflow,61
600,1980780486_CA,TSS,Inflow,62
72,1980780486_CA,TSS,Inflow,62
96,1980780486_CA,TSS,Inflow,62
66,1980780486_CA,TSS,Inflow,62
161,1980780486_CA,TSS,Inflow,62
723,1980780486_CA,TSS,Inflow,63
66,1980780486_CA,TSS,Inflow,63
24,1980780486_CA,TSS,Inflow,63
191,1980780486_CA,TSS,Inflow,63
36,1980780486_CA,TSS,Inflow,63
723,1980780486_CA,TSS,Inflow,64
161,1980780486_CA,TSS,Inflow,64
21,1980780486_CA,TSS,Inflow,64
118,1980780486_CA,TSS,Inflow,64
66,1980780486_CA,TSS,Inflow,64
72,1980780486_CA,TSS,Inflow,65
49,1980780486_CA,TSS,Inflow,65
21,1980780486_CA,TSS,Inflow,65
96,1980780486_CA,TSS,Inflow,65
35,1980780486_CA,TSS,Inflow,65
600,1980780486_CA,TSS,Inflow,66
2870,1980780486_CA,TSS,Inflow,66
30,1980780486_CA,TSS,Inflow,66
161,1980780486_CA,TSS,Inflow,66
118,1980780486_CA,TSS,Inflow,66
30,1980780486_CA,TSS,Inflow,67
600,1980780486_CA,TSS,Inflow,67
24,1980780486_CA,TSS,Inflow,67
49,1980780486_CA,TSS,Inflow,67
72,1980780486_CA,TSS,Inflow,67
35,1980780486_CA,TSS,Inflow,68
36,1980780486_CA,TSS,Inflow,68
2870,1980780486_CA,TSS,Inflow,68
30,1980780486_CA,TSS,Inflow,68
72,1980780486_CA,TSS,Inflow,68
66,1980780486_CA,TSS,Inflow,69
30,1980780486_CA,TSS,Inflow,69
723,1980780486_CA,TSS,Inflow,69
90,1980780486_CA,TSS,Inflow,69
1280,1980780486_CA,TSS,Inflow,69
191,1980780486_CA,TSS,Inflow,70
723,1980780486_CA,TSS,Inflow,70
166,1980780486_CA,TSS,Inflow,70
21,1980780486_CA,TSS,Inflow,70
30,1980780486_CA,TSS,Inflow,70
723,1980780486_CA,TSS,Inflow,71
30,1980780486_CA,TSS,Inflow,71
166,1980780486_CA,TSS,Inflow,71
30,1980780486_CA,TSS,Inflow,71
118,1980780486_CA,TSS,Inflow,71
161,1980780486_CA,TSS,Inflow,72
24,1980780486_CA,TSS,Inflow,72
1280,1980780486_CA,TSS,Inflow,72
36,1980780486_CA,TSS,Inflow,72
66,1980780486_CA,TSS,Inflow,72
1280,1980780486_CA,TSS,Inflow,73
166,1980780486_CA,TSS,Inflow,73
30,1980780486_CA,TSS,Inflow,73
66,1980780486_CA,TSS,Inflow,73
723,1980780486_CA,TSS,Inflow,73
35,1980780486_CA,TSS,Inflow,74
600,1980780486_CA,TSS,Inflow,74
723,1980780486_CA,TSS,Inflow,74
1280,1980780486_CA,TSS,Inflow,74
90,1980780486_CA,TSS,Inflow,74
72,1980780486_CA,TSS,Inflow,75
21,1980780486_CA,TSS,Inflow,75
161,1980780486_CA,TSS,Inflow,75
90,1980780486_CA,TSS,Inflow,75
36,1980780486_CA,TSS,Inflow,75
166,1980780486_CA,TSS,Inflow,76
191,1980780486_CA,TSS,Inflow,76
18,1980780486_CA,TSS,Inflow,76
1280,1980780486_CA,TSS,Inflow,76
96,1980780486_CA,TSS,Inflow,76
15,1980780486_CA,TSS,Inflow,77
96,1980780486_CA,TSS,Inflow,77
24,1980780486_CA,TSS,Inflow,77
49,1980780486_CA,TSS,Inflow,77
2870,1980780486_CA,TSS,Inflow,77
191,1980780486_CA,TSS,Inflow,78
118,1980780486_CA,TSS,Inflow,78
90,1980780486_CA,TSS,Inflow,78
35,1980780486_CA,TSS,Inflow,78
166,1980780486_CA,TSS,Inflow,78
96,1980780486_CA,TSS,Inflow,79
30,1980780486_CA,TSS,Inflow,79
18,1980780486_CA,TSS,Inflow,79
24,1980780486_CA,TSS,Inflow,79
600,1980780486_CA,TSS,Inflow,79
21,1980780486_CA,TSS,Inflow,80
30,1980780486_CA,TSS,Inflow,80
49,1980780486_CA,TSS,Inflow,80
161,1980780486_CA,TSS,Inflow,80
118,1980780486_CA,TSS,Inflow,80
15,1980780486_CA,TSS,Inflow,81
90,1980780486_CA,TSS,Inflow,81
161,1980780486_CA,TSS,Inflow,81
85,1980780486_CA,TSS,Inflow,81
96,1980780486_CA,TSS,Inflow,81
36,1980780486_CA,TSS,Inflow,82
35,1980780486_CA,TSS,Inflow,82
1280,1980780486_CA,TSS,Inflow,82
24,1980780486_CA,TSS,Inflow,82
96,1980780486_CA,TSS,Inflow,82
166,1980780486_CA,TSS,Inflow,83
49,1980780486_CA,TSS,Inflow,83
30,1980780486_CA,TSS,Inflow,83
1280,1980780486_CA,TSS,Inflow,83
600,1980780486_CA,TSS,Inflow,83
96,1980780486_CA,TSS,Inflow,84
2870,1980780486_CA,TSS,Inflow,84
35,1980780486_CA,TSS,Inflow,84
24,1980780486_CA,TSS,Inflow,84
118,1980780486_CA,TSS,Inflow,84
90,1980780486_CA,TSS,Inflow,85
1280,1980780486_CA,TSS,Inflow,85
35,1980780486_CA,TSS,Inflow,85
30,1980780486_CA,TSS,Inflow,85
18,1980780486_CA,TSS,Inflow,85
723,1980780486_CA,TSS,Inflow,86
85,1980780486_CA,TSS,Inflow,86
18,1980780486_CA,TSS,Inflow,86
90,1980780486_CA,TSS,Inflow,86
15,1980780486_CA,TSS,Inflow,86
49,1980780486_CA,TSS,Inflow,87
2870,1980780486_CA,TSS,Inflow,87
723,1980780486_CA,TSS,Inflow,87
18,1980780486_CA,TSS,Inflow,87
72,1980780486_CA,TSS,Inflow,87
96,1980780486_CA,TSS,Inflow,88
723,1980780486_CA,TSS,Inflow,88
36,1980780486_CA,TSS,Inflow,88
49,1980780486_CA,TSS,Inflow,88
66,1980780486_CA,TSS,Inflow,88
21,1980780486_CA,TSS,Inflow,89
30,1980780486_CA,TSS,Inflow,89
66,1980780486_CA,TSS,Inflow,89
85,1980780486_CA,TSS,Inflow,89
1280,1980780486_CA,TSS,Inflow,89
191,1980780486_CA,TSS,Inflow,90
72,1980780486_CA,TSS,Inflow,90
30,1980780486_CA,TSS,Inflow,90
49,1980780486_CA,TSS,Inflow,90
21,1980780486_CA,TSS,Inflow,90
18,1980780486_CA,TSS,Inflow,91
72,1980780486_CA,TSS,Inflow,91
90,1980780486_CA,TSS,Inflow,91
600,1980780486_CA,TSS,Inflow,91
15,1980780486_CA,TSS,Inflow,91
66,1980780486_CA,TSS,Inflow,92
49,1980780486_CA,TSS,Inflow,92
118,1980780486_CA,TSS,Inflow,92
166,1980780486_CA,TSS,Inflow,92
96,1980780486_CA,TSS,Inflow,92
15,1980780486_CA,TSS,Inflow,93
18,1980780486_CA,TSS,Inflow,93
30,1980780486_CA,TSS,Inflow,93
49,1980780486_CA,TSS,Inflow,93
96,1980780486_CA,TSS,Inflow,93
30,1980780486_CA,TSS,Inflow,94
49,1980780486_CA,TSS,Inflow,94
118,1980780486_CA,TSS,Inflow,94
18,1980780486_CA,TSS,Inflow,94
1280,1980780486_CA,TSS,Inflow,94
2870,1980780486_CA,TSS,Inflow,95
96,1980780486_CA,TSS,Inflow,95
36,1980780486_CA,TSS,Inflow,95
166,1980780486_CA,TSS,Inflow,95
30,1980780486_CA,TSS,Inflow,95
600,1980780486_CA,TSS,Inflow,96
30,1980780486_CA,TSS,Inflow,96
166,1980780486_CA,TSS,Inflow,96
15,1980780486_CA,TSS,Inflow,96
18,1980780486_CA,TSS,Inflow,96
90,1980780486_CA,TSS,Inflow,97
2870,1980780486_CA,TSS,Inflow,97
96,1980780486_CA,TSS,Inflow,97
30,1980780486_CA,TSS,Inflow,97
30,1980780486_CA,TSS,Inflow,97
161,1980780486_CA,TSS,Inflow,98
118,1980780486_CA,TSS,Inflow,98
36,1980780486_CA,TSS,Inflow,98
600,1980780486_CA,TSS,Inflow,98
24,1980780486_CA,TSS,Inflow,98
15,1980780486_CA,TSS,Inflow,99
600,1980780486_CA,TSS,Inflow,99
723,1980780486_CA,TSS,Inflow,99
1280,1980780486_CA,TSS,Inflow,99
24,1980780486_CA,TSS,Inflow,99
723,1980780486_CA,TSS,Inflow,100
191,1980780486_CA,TSS,Inflow,100
85,1980780486_CA,TSS,Inflow,100
18,1980780486_CA,TSS,Inflow,100
15,1980780486_CA,TSS,Inflow,100
15,1980780486_CA,TSS,Inflow,101
118,1980780486_CA,TSS,Inflow,101
24,1980780486_CA,TSS,Inflow,101
30,1980780486_CA,TSS,Inflow,101
723,1980780486_CA,TSS,Inflow,101
49,1980780486_CA,TSS,Inflow,102
191,1980780486_CA,TSS,Inflow,102
600,1980780486_CA,TSS,Inflow,102
90,1980780486_CA,TSS,Inflow,102
35,1980780486_CA,TSS,Inflow,102
66,1980780486_CA,TSS,Inflow,103
96,1980780486_CA,TSS,Inflow,103
166,1980780486_CA,TSS,Inflow,103
723,1980780486_CA,TSS,Inflow,103
1280,1980780486_CA,TSS,Inflow,103
15,1980780486_CA,TSS,Inflow,104
2870,1980780486_CA,TSS,Inflow,104
166,1980780486_CA,TSS,Inflow,104
723,1980780486_CA,TSS,Inflow,104
18,1980780486_CA,TSS,Inflow,104
191,1980780486_CA,TSS,Inflow,105
24,1980780486_CA,TSS,Inflow,105
66,1980780486_CA,TSS,Inflow,105
30,1980780486_CA,TSS,Inflow,105
723,1980780486_CA,TSS,Inflow,105
118,1980780486_CA,TSS,Inflow,106
35,1980780486_CA,TSS,Inflow,106
600,1980780486_CA,TSS,Inflow,106
24,1980780486_CA,TSS,Inflow,106
15,1980780486_CA,TSS,Inflow,106
66,1980780486_CA,TSS,Inflow,107
166,1980780486_CA,TSS,Inflow,107
600,1980780486_CA,TSS,Inflow,107
161,1980780486_CA,TSS,Inflow,107
72,1980780486_CA,TSS,Inflow,107
66,1980780486_CA,TSS,Inflow,108
21,1980780486_CA,TSS,Inflow,108
191,1980780486_CA,TSS,Inflow,108
30,1980780486_CA,TSS,Inflow,108
30,1980780486_CA,TSS,Inflow,108
35,1980780486_CA,TSS,Inflow,109
36,1980780486_CA,TSS,Inflow,109
118,1980780486_CA,TSS,Inflow,109
49,1980780486_CA,TSS,Inflow,109
30,1980780486_CA,TSS,Inflow,109
66,1980780486_CA,TSS,Inflow,110
166,1980780486_CA,TSS,Inflow,110
35,1980780486_CA,TSS,Inflow,110
24,1980780486_CA,TSS,Inflow,110
1280,1980780486_CA,TSS,Inflow,110
15,1980780486_CA,TSS,Inflow,111
166,1980780486_CA,TSS,Inflow,111
90,1980780486_CA,TSS,Inflow,111
85,1980780486_CA,TSS,Inflow,111
30,1980780486_CA,TSS,Inflow,111
49,1980780486_CA,TSS,Inflow,112
96,1980780486_CA,TSS,Inflow,112
85,1980780486_CA,TSS,Inflow,112
30,1980780486_CA,TSS,Inflow,112
723,1980780486_CA,TSS,Inflow,112
166,1980780486_CA,TSS,Inflow,113
18,1980780486_CA,TSS,Inflow,113
35,1980780486_CA,TSS,Inflow,113
36,1980780486_CA,TSS,Inflow,113
21,1980780486_CA,TSS,Inflow,113
30,1980780486_CA,TSS,Inflow,114
600,1980780486_CA,TSS,Inflow,114
21,1980780486_CA,TSS,Inflow,114
191,1980780486_CA,TSS,Inflow,114
72,1980780486_CA,TSS,Inflow,114
72,1980780486_CA,TSS,Inflow,115
18,1980780486_CA,TSS,Inflow,115
118,1980780486_CA,TSS,Inflow,115
36,1980780486_CA,TSS,Inflow,115
723,1980780486_CA,TSS,Inflow,115
24,1980780486_CA,TSS,Inflow,116
191,1980780486_CA,TSS,Inflow,116
15,1980780486_CA,TSS,Inflow,116
85,1980780486_CA,TSS,Inflow,116
36,1980780486_CA,TSS,Inflow,116
191,1980780486_CA,TSS,Inflow,117
24,1980780486_CA,TSS,Inflow,117
35,1980780486_CA,TSS,Inflow,117
161,1980780486_CA,TSS,Inflow,117
166,1980780486_CA,TSS,Inflow,117
30,1980780486_CA,TSS,Inflow,118
30,1980780486_CA,TSS,Inflow,118
24,1980780486_CA,TSS,Inflow,118
72,1980780486_CA,TSS,Inflow,118
21,1980780486_CA,TSS,Inflow,118
191,1980780486_CA,TSS,Inflow,119
30,1980780486_CA,TSS,Inflow,119
21,1980780486_CA,TSS,Inflow,119
72,1980780486_CA,TSS,Inflow,119
35,1980780486_CA,TSS,Inflow,119
49,1980780486_CA,TSS,Inflow,120
118,1980780486_CA,TSS,Inflow,120
30,1980780486_CA,TSS,Inflow,120
35,1980780486_CA,TSS,Inflow,120
96,1980780486_CA,TSS,Inflow,120
72,1980780486_CA,TSS,Inflow,121
600,1980780486_CA,TSS,Inflow,121
191,1980780486_CA,TSS,Inflow,121
30,1980780486_CA,TSS,Inflow,121
21,1980780486_CA,TSS,Inflow,121
2870,1980780486_CA,TSS,Inflow,122
15,1980780486_CA,TSS,Inflow,122
30,1980780486_CA,TSS,Inflow,122
600,1980780486_CA,TSS,Inflow,122
723,1980780486_CA,TSS,Inflow,122
85,1980780486_CA,TSS,Inflow,123
30,1980780486_CA,TSS,Inflow,123
96,1980780486_CA,TSS,Inflow,123
2870,1980780486_CA,TSS,Inflow,123
600,1980780486_CA,TSS,Inflow,123
30,1980780486_CA,TSS,Inflow,124
161,1980780486_CA,TSS,Inflow,124
1280,1980780486_CA,TSS,Inflow,124
72,1980780486_CA,TSS,Inflow,124
600,1980780486_CA,TSS,Inflow,124
723,1980780486_CA,TSS,Inflow,125
21,1980780486_CA,TSS,Inflow,125
18,1980780486_CA,TSS,Inflow,125
600,1980780486_CA,TSS,Inflow,125
2870,1980780486_CA,TSS,Inflow,125
161,1980780486_CA,TSS,Inflow,126
24,1980780486_CA,TSS,Inflow,126
96,1980780486_CA,TSS,Inflow,126
1280,1980780486_CA,TSS,Inflow,126
118,1980780486_CA,TSS,Inflow,126
90,1980780486_CA,TSS,Inflow,127
35,1980780486_CA,TSS,Inflow,127
24,1980780486_CA,TSS,Inflow,127
723,1980780486_CA,TSS,Inflow,127
49,1980780486_CA,TSS,Inflow,127
36,1980780486_CA,TSS,Inflow,128
118,1980780486_CA,TSS,Inflow,128
90,1980780486_CA,TSS,Inflow,128
49,1980780486_CA,TSS,Inflow,128
18,1980780486_CA,TSS,Inflow,128
161,1980780486_CA,TSS,Inflow,129
24,1980780486_CA,TSS,Inflow,129
166,1980780486_CA,TSS,Inflow,129
36,1980780486_CA,TSS,Inflow,129
30,1980780486_CA,TSS,Inflow,129
66,1980780486_CA,TSS,Inflow,130
24,1980780486_CA,TSS,Inflow,130
85,1980780486_CA,TSS,Inflow,130
96,1980780486_CA,TSS,Inflow,130
191,1980780486_CA,TSS,Inflow,130
600,1980780486_CA,TSS,Inflow,131
1280,1980780486_CA,TSS,Inflow,131
166,1980780486_CA,TSS,Inflow,131
723,1980780486_CA,TSS,Inflow,131
21,1980780486_CA,TSS,Inflow,131
21,1980780486_CA,TSS,Inflow,132
72,1980780486_CA,TSS,Inflow,132
30,1980780486_CA,TSS,Inflow,132
15,1980780486_CA,TSS,Inflow,132
85,1980780486_CA,TSS,Inflow,132
723,1980780486_CA,TSS,Inflow,133
118,1980780486_CA,TSS,Inflow,133
161,1980780486_CA,TSS,Inflow,133
90,1980780486_CA,TSS,Inflow,133
15,1980780486_CA,TSS,Inflow,133
161,1980780486_CA,TSS,Inflow,134
166,1980780486_CA,TSS,Inflow,134
2870,1980780486_CA,TSS,Inflow,134
96,1980780486_CA,TSS,Inflow,134
723,1980780486_CA,TSS,Inflow,134
2870,1980780486_CA,TSS,Inflow,135
21,1980780486_CA,TSS,Inflow,135
36,1980780486_CA,TSS,Inflow,135
191,1980780486_CA,TSS,Inflow,135
30,1980780486_CA,TSS,Inflow,135
118,1980780486_CA,TSS,Inflow,136
96,1980780486_CA,TSS,Inflow,136
36,1980780486_CA,TSS,Inflow,136
2870,1980780486_CA,TSS,Inflow,136
1280,1980780486_CA,TSS,Inflow,136
1280,1980780486_CA,TSS,Inflow,137
85,1980780486_CA,TSS,Inflow,137
90,1980780486_CA,TSS,Inflow,137
72,1980780486_CA,TSS,Inflow,137
36,1980780486_CA,TSS,Inflow,137
72,1980780486_CA,TSS,Inflow,138
30,1980780486_CA,TSS,Inflow,138
21,1980780486_CA,TSS,Inflow,138
18,1980780486_CA,TSS,Inflow,138
35,1980780486_CA,TSS,Inflow,138
600,1980780486_CA,TSS,Inflow,139
2870,1980780486_CA,TSS,Inflow,139
1280,1980780486_CA,TSS,Inflow,139
21,1980780486_CA,TSS,Inflow,139
49,1980780486_CA,TSS,Inflow,139
30,1980780486_CA,TSS,Inflow,140
36,1980780486_CA,TSS,Inflow,140
49,1980780486_CA,TSS,Inflow,140
161,1980780486_CA,TSS,Inflow,140
85,1980780486_CA,TSS,Inflow,140
96,1980780486_CA,TSS,Inflow,141
723,1980780486_CA,TSS,Inflow,141
30,1980780486_CA,TSS,Inflow,141
18,1980780486_CA,TSS,Inflow,141
191,1980780486_CA,TSS,Inflow,141
1280,1980780486_CA,TSS,Inflow,142
161,1980780486_CA,TSS,Inflow,142
600,1980780486_CA,TSS,Inflow,142
85,1980780486_CA,TSS,Inflow,142
24,1980780486_CA,TSS,Inflow,142
35,1980780486_CA,TSS,Inflow,143
36,1980780486_CA,TSS,Inflow,143
24,1980780486_CA,TSS,Inflow,143
161,1980780486_CA,TSS,Inflow,143
18,1980780486_CA,TSS,Inflow,143
161,1980780486_CA,TSS,Inflow,144
96,1980780486_CA,TSS,Inflow,144
35,1980780486_CA,TSS,Inflow,144
723,1980780486_CA,TSS,Inflow,144
30,1980780486_CA,TSS,Inflow,144
35,1980780486_CA,TSS,Inflow,145
21,1980780486_CA,TSS,Inflow,145
161,1980780486_CA,TSS,Inflow,145
1280,1980780486_CA,TSS,Inflow,145
15,1980780486_CA,TSS,Inflow,145
36,1980780486_CA,TSS,Inflow,146
191,1980780486_CA,TSS,Inflow,146
96,1980780486_CA,TSS,Inflow,146
1280,1980780486_CA,TSS,Inflow,146
85,1980780486_CA,TSS,Inflow,146
72,1980780486_CA,TSS,Inflow,147
191,1980780486_CA,TSS,Inflow,147
35,1980780486_CA,TSS,Inflow,147
30,1980780486_CA,TSS,Inflow,147
66,1980780486_CA,TSS,Inflow,147
723,1980780486_CA,TSS,Inflow,148
15,1980780486_CA,TSS,Inflow,148
36,1980780486_CA,TSS,Inflow,148
21,1980780486_CA,TSS,Inflow,148
30,1980780486_CA,TSS,Inflow,148
1280,1980780486_CA,TSS,Inflow,149
85,1980780486_CA,TSS,Inflow,149
72,1980780486_CA,TSS,Inflow,149
600,1980780486_CA,TSS,Inflow,149
96,1980780486_CA,TSS,Inflow,149
90,1980780486_CA,TSS,Inflow,150
161,1980780486_CA,TSS,Inflow,150
15,1980780486_CA,TSS,Inflow,150
21,1980780486_CA,TSS,Inflow,150
18,1980780486_CA,TSS,Inflow,150
72,1980780486_CA,TSS,Inflow,151
118,1980780486_CA,TSS,Inflow,151
1280,1980780486_CA,TSS,Inflow,151
35,1980780486_CA,TSS,Inflow,151
85,1980780486_CA,TSS,Inflow,151
35,1980780486_CA,TSS,Inflow,152
90,1980780486_CA,TSS,Inflow,152
66,1980780486_CA,TSS,Inflow,152
166,1980780486_CA,TSS,Inflow,152
49,1980780486_CA,TSS,Inflow,152
161,1980780486_CA,TSS,Inflow,153
36,1980780486_CA,TSS,Inflow,153
66,1980780486_CA,TSS,Inflow,153
49,1980780486_CA,TSS,Inflow,153
2870,1980780486_CA,TSS,Inflow,153
35,1980780486_CA,TSS,Inflow,154
161,1980780486_CA,TSS,Inflow,154
96,1980780486_CA,TSS,Inflow,154
30,1980780486_CA,TSS,Inflow,154
72,1980780486_CA,TSS,Inflow,154
161,1980780486_CA,TSS,Inflow,155
15,1980780486_CA,TSS,Inflow,155
2870,1980780486_CA,TSS,Inflow,155
30,1980780486_CA,TSS,Inflow,155
166,1980780486_CA,TSS,Inflow,155
35,1980780486_CA,TSS,Inflow,156
166,1980780486_CA,TSS,Inflow,156
15,1980780486_CA,TSS,Inflow,156
49,1980780486_CA,TSS,Inflow,156
723,1980780486_CA,TSS,Inflow,156
161,1980780486_CA,TSS,Inflow,157
118,1980780486_CA,TSS,Inflow,157
96,1980780486_CA,TSS,Inflow,157
2870,1980780486_CA,TSS,Inflow,157
90,1980780486_CA,TSS,Inflow,157
30,1980780486_CA,TSS,Inflow,158
161,1980780486_CA,TSS,Inflow,158
21,1980780486_CA,TSS,Inflow,158
15,1980780486_CA,TSS,Inflow,158
118,1980780486_CA,TSS,Inflow,158
72,1980780486_CA,TSS,Inflow,159
191,1980780486_CA,TSS,Inflow,159
90,1980780486_CA,TSS,Inflow,159
24,1980780486_CA,TSS,Inflow,159
15,1980780486_CA,TSS,Inflow,159
600,1980780486_CA,TSS,Inflow,160
18,1980780486_CA,TSS,Inflow,160
72,1980780486_CA,TSS,Inflow,160
85,1980780486_CA,TSS,Inflow,160
90,1980780486_CA,TSS,Inflow,160
118,1980780486_CA,TSS,Inflow,161
161,1980780486_CA,TSS,Inflow,161
2870,1980780486_CA,TSS,Inflow,161
90,1980780486_CA,TSS,Inflow,161
24,1980780486_CA,TSS,Inflow,161
15,1980780486_CA,TSS,Inflow,162
166,1980780486_CA,TSS,Inflow,162
2870,1980780486_CA,TSS,Inflow,162
161,1980780486_CA,TSS,Inflow,162
96,1980780486_CA,TSS,Inflow,162
118,1980780486_CA,TSS,Inflow,163
21,1980780486_CA,TSS,Inflow,163
30,1980780486_CA,TSS,Inflow,163
600,1980780486_CA,TSS,Inflow,163
2870,1980780486_CA,TSS,Inflow,163
2870,1980780486_CA,TSS,Inflow,164
15,1980780486_CA,TSS,Inflow,164
118,1980780486_CA,TSS,Inflow,164
96,1980780486_CA,TSS,Inflow,164
30,1980780486_CA,TSS,Inflow,164
18,1980780486_CA,TSS,Inflow,165
49,1980780486_CA,TSS,Inflow,165
723,1980780486_CA,TSS,Inflow,165
36,1980780486_CA,TSS,Inflow,165
96,1980780486_CA,TSS,Inflow,165
1280,1980780486_CA,TSS,Inflow,166
85,1980780486_CA,TSS,Inflow,166
36,1980780486_CA,TSS,Inflow,166
30,1980780486_CA,TSS,Inflow,166
66,1980780486_CA,TSS,Inflow,166
30,1980780486_CA,TSS,Inflow,167
1280,1980780486_CA,TSS,Inflow,167
600,1980780486_CA,TSS,Inflow,167
18,1980780486_CA,TSS,Inflow,167
72,1980780486_CA,TSS,Inflow,167
90,1980780486_CA,TSS,Inflow,168
49,1980780486_CA,TSS,Inflow,168
35,1980780486_CA,TSS,Inflow,168
21,1980780486_CA,TSS,Inflow,168
723,1980780486_CA,TSS,Inflow,168
15,1980780486_CA,TSS,Inflow,169
66,1980780486_CA,TSS,Inflow,169
166,1980780486_CA,TSS,Inflow,169
191,1980780486_CA,TSS,Inflow,169
2870,1980780486_CA,TSS,Inflow,169
72,1980780486_CA,TSS,Inflow,170
723,1980780486_CA,TSS,Inflow,170
166,1980780486_CA,TSS,Inflow,170
66,1980780486_CA,TSS,Inflow,170
191,1980780486_CA,TSS,Inflow,170
36,1980780486_CA,TSS,Inflow,171
85,1980780486_CA,TSS,Inflow,171
30,1980780486_CA,TSS,Inflow,171
723,1980780486_CA,TSS,Inflow,171
191,1980780486_CA,TSS,Inflow,171
96,1980780486_CA,TSS,Inflow,172
90,1980780486_CA,TSS,Inflow,172
72,1980780486_CA,TSS,Inflow,172
2870,1980780486_CA,TSS,Inflow,172
49,1980780486_CA,TSS,Inflow,172
1280,1980780486_CA,TSS,Inflow,173
15,1980780486_CA,TSS,Inflow,173
166,1980780486_CA,TSS,Inflow,173
2870,1980780486_CA,TSS,Inflow,173
35,1980780486_CA,TSS,Inflow,173
85,1980780486_CA,TSS,Inflow,174
2870,1980780486_CA,TSS,Inflow,174
118,1980780486_CA,TSS,Inflow,174
18,1980780486_CA,TSS,Inflow,174
166,1980780486_CA,TSS,Inflow,174
30,1980780486_CA,TSS,Inflow,175
24,1980780486_CA,TSS,Inflow,175
1280,1980780486_CA,TSS,Inflow,175
72,1980780486_CA,TSS,Inflow,175
96,1980780486_CA,TSS,Inflow,175
90,1980780486_CA,TSS,Inflow,176
1280,1980780486_CA,TSS,Inflow,176
21,1980780486_CA,TSS,Inflow,176
66,1980780486_CA,TSS,Inflow,176
85,1980780486_CA,TSS,Inflow,176
21,1980780486_CA,TSS,Inflow,177
36,1980780486_CA,TSS,Inflow,177
600,1980780486_CA,TSS,Inflow,177
723,1980780486_CA,TSS,Inflow,177
15,1980780486_CA,TSS,Inflow,177
85,1980780486_CA,TSS,Inflow,178
118,1980780486_CA,TSS,Inflow,178
49,1980780486_CA,TSS,Inflow,178
161,1980780486_CA,TSS,Inflow,178
191,1980780486_CA,TSS,Inflow,178
85,1980780486_CA,TSS,Inflow,179
66,1980780486_CA,TSS,Inflow,179
30,1980780486_CA,TSS,Inflow,179
36,1980780486_CA,TSS,Inflow,179
72,1980780486_CA,TSS,Inflow,179
35,1980780486_CA,TSS,Inflow,180
600,1980780486_CA,TSS,Inflow,180
66,1980780486_CA,TSS,Inflow,180
18,1980780486_CA,TSS,Inflow,180
1280,1980780486_CA,TSS,Inflow,180
36,1980780486_CA,TSS,Inflow,181
66,1980780486_CA,TSS,Inflow,181
118,1980780486_CA,TSS,Inflow,181
21,1980780486_CA,TSS,Inflow,181
723,1980780486_CA,TSS,Inflow,181
161,1980780486_CA,TSS,Inflow,182
166,1980780486_CA,TSS,Inflow,182
118,1980780486_CA,TSS,Inflow,182
90,1980780486_CA,TSS,Inflow,182
35,1980780486_CA,TSS,Inflow,182
166,1980780486_CA,TSS,Inflow,183
24,1980780486_CA,TSS,Inflow,183
161,1980780486_CA,TSS,Inflow,183
118,1980780486_CA,TSS,Inflow,183
30,1980780486_CA,TSS,Inflow,183
18,1980780486_CA,TSS,Inflow,184
191,1980780486_CA,TSS,Inflow,184
2870,1980780486_CA,TSS,Inflow,184
24,1980780486_CA,TSS,Inflow,184
21,1980780486_CA,TSS,Inflow,184
2870,1980780486_CA,TSS,Inflow,185
191,1980780486_CA,TSS,Inflow,185
15,1980780486_CA,TSS,Inflow,185
600,1980780486_CA,TSS,Inflow,185
85,1980780486_CA,TSS,Inflow,185
49,1980780486_CA,TSS,Inflow,186
166,1980780486_CA,TSS,Inflow,186
72,1980780486_CA,TSS,Inflow,186
90,1980780486_CA,TSS,Inflow,186
66,1980780486_CA,TSS,Inflow,186
72,1980780486_CA,TSS,Inflow,187
90,1980780486_CA,TSS,Inflow,187
21,1980780486_CA,TSS,Inflow,187
191,1980780486_CA,TSS,Inflow,187
30,1980780486_CA,TSS,Inflow,187
21,1980780486_CA,TSS,Inflow,188
49,1980780486_CA,TSS,Inflow,188
90,1980780486_CA,TSS,Inflow,188
166,1980780486_CA,TSS,Inflow,188
18,1980780486_CA,TSS,Inflow,188
49,1980780486_CA,TSS,Inflow,189
24,1980780486_CA,TSS,Inflow,189
30,1980780486_CA,TSS,Inflow,189
118,1980780486_CA,TSS,Inflow,189
85,1980780486_CA,TSS,Inflow,189
49,1980780486_CA,TSS,Inflow,190
21,1980780486_CA,TSS,Inflow,190
18,1980780486_CA,TSS,Inflow,190
2870,1980780486_CA,TSS,Inflow,190
66,1980780486_CA,TSS,Inflow,190
96,1980780486_CA,TSS,Inflow,191
166,1980780486_CA,TSS,Inflow,191
18,1980780486_CA,TSS,Inflow,191
2870,1980780486_CA,TSS,Inflow,191
36,1980780486_CA,TSS,Inflow,191
161,1980780486_CA,TSS,Inflow,192
24,1980780486_CA,TSS,Inflow,192
36,1980780486_CA,TSS,Inflow,192
600,1980780486_CA,TSS,Inflow,192
66,1980780486_CA,TSS,Inflow,192
66,1980780486_CA,TSS,Inflow,193
85,1980780486_CA,TSS,Inflow,193
166,1980780486_CA,TSS,Inflow,193
30,1980780486_CA,TSS,Inflow,193
2870,1980780486_CA,TSS,Inflow,193
66,1980780486_CA,TSS,Inflow,194
1280,1980780486_CA,TSS,Inflow,194
24,1980780486_CA,TSS,Inflow,194
723,1980780486_CA,TSS,Inflow,194
18,1980780486_CA,TSS,Inflow,194
30,1980780486_CA,TSS,Inflow,195
600,1980780486_CA,TSS,Inflow,195
66,1980780486_CA,TSS,Inflow,195
85,1980780486_CA,TSS,Inflow,195
36,1980780486_CA,TSS,Inflow,195
723,1980780486_CA,TSS,Inflow,196
30,1980780486_CA,TSS,Inflow,196
35,1980780486_CA,TSS,Inflow,196
600,1980780486_CA,TSS,Inflow,196
90,1980780486_CA,TSS,Inflow,196
35,1980780486_CA,TSS,Inflow,197
72,1980780486_CA,TSS,Inflow,197
2870,1980780486_CA,TSS,Inflow,197
90,1980780486_CA,TSS,Inflow,197
30,1980780486_CA,TSS,Inflow,197
600,1980780486_CA,TSS,Inflow,198
66,1980780486_CA,TSS,Inflow,198
118,1980780486_CA,TSS,Inflow,198
24,1980780486_CA,TSS,Inflow,198
90,1980780486_CA,TSS,Inflow,198
85,1980780486_CA,TSS,Inflow,199
96,1980780486_CA,TSS,Inflow,199
118,1980780486_CA,TSS,Inflow,199
2870,1980780486_CA,TSS,Inflow,199
36,1980780486_CA,TSS,Inflow,199
96,1980780486_CA,TSS,Inflow,200
1280,1980780486_CA,TSS,Inflow,200
36,1980780486_CA,TSS,Inflow,200
30,1980780486_CA,TSS,Inflow,200
30,1980780486_CA,TSS,Inflow,200
85,1980780486_CA,TSS,Inflow,201
21,1980780486_CA,TSS,Inflow,201
600,1980780486_CA,TSS,Inflow,201
36,1980780486_CA,TSS,Inflow,201
15,1980780486_CA,TSS,Inflow,201
18,1980780486_CA,TSS,Inflow,202
600,1980780486_CA,TSS,Inflow,202
24,1980780486_CA,TSS,Inflow,202
49,1980780486_CA,TSS,Inflow,202
36,1980780486_CA,TSS,Inflow,202
90,1980780486_CA,TSS,Inflow,203
96,1980780486_CA,TSS,Inflow,203
600,1980780486_CA,TSS,Inflow,203
36,1980780486_CA,TSS,Inflow,203
30,1980780486_CA,TSS,Inflow,203
24,1980780486_CA,TSS,Inflow,204
36,1980780486_CA,TSS,Inflow,204
72,1980780486_CA,TSS,Inflow,204
161,1980780486_CA,TSS,Inflow,204
1280,1980780486_CA,TSS,Inflow,204
24,1980780486_CA,TSS,Inflow,205
30,1980780486_CA,TSS,Inflow,205
723,1980780486_CA,TSS,Inflow,205
2870,1980780486_CA,TSS,Inflow,205
96,1980780486_CA,TSS,Inflow,205
191,1980780486_CA,TSS,Inflow,206
166,1980780486_CA,TSS,Inflow,206
21,1980780486_CA,TSS,Inflow,206
18,1980780486_CA,TSS,Inflow,206
24,1980780486_CA,TSS,Inflow,206
191,1980780486_CA,TSS,Inflow,207
85,1980780486_CA,TSS,Inflow,207
15,1980780486_CA,TSS,Inflow,207
90,1980780486_CA,TSS,Inflow,207
35,1980780486_CA,TSS,Inflow,207
35,1980780486_CA,TSS,Inflow,208
18,1980780486_CA,TSS,Inflow,208
21,1980780486_CA,TSS,Inflow,208
166,1980780486_CA,TSS,Inflow,208
118,1980780486_CA,TSS,Inflow,208
18,1980780486_CA,TSS,Inflow,209
85,1980780486_CA,TSS,Inflow,209
600,1980780486_CA,TSS,Inflow,209
191,1980780486_CA,TSS,Inflow,209
15,1980780486_CA,TSS,Inflow,209
90,1980780486_CA,TSS,Inflow,210
166,1980780486_CA,TSS,Inflow,210
66,1980780486_CA,TSS,Inflow,210
35,1980780486_CA,TSS,Inflow,210
36,1980780486_CA,TSS,Inflow,210
723,1980780486_CA,TSS,Inflow,211
166,1980780486_CA,TSS,Inflow,211
21,1980780486_CA,TSS,Inflow,211
24,1980780486_CA,TSS,Inflow,211
191,1980780486_CA,TSS,Inflow,211
2870,1980780486_CA,TSS,Inflow,212
1280,1980780486_CA,TSS,Inflow,212
66,1980780486_CA,TSS,Inflow,212
90,1980780486_CA,TSS,Inflow,212
96,1980780486_CA,TSS,Inflow,212
35,1980780486_CA,TSS,Inflow,213
191,1980780486_CA,TSS,Inflow,213
30,1980780486_CA,TSS,Inflow,213
1280,1980780486_CA,TSS,Inflow,213
49,1980780486_CA,TSS,Inflow,213
36,1980780486_CA,TSS,Inflow,214
90,1980780486_CA,TSS,Inflow,214
18,1980780486_CA,TSS,Inflow,214
2870,1980780486_CA,TSS,Inflow,214
161,1980780486_CA,TSS,Inflow,214
723,1980780486_CA,TSS,Inflow,215
600,1980780486_CA,TSS,Inflow,215
30,1980780486_CA,TSS,Inflow,215
30,1980780486_CA,TSS,Inflow,215
72,1980780486_CA,TSS,Inflow,215
24,1980780486_CA,TSS,Inflow,216
118,1980780486_CA,TSS,Inflow,216
1280,1980780486_CA,TSS,Inflow,216
15,1980780486_CA,TSS,Inflow,216
96,1980780486_CA,TSS,Inflow,216
85,1980780486_CA,TSS,Inflow,217
191,1980780486_CA,TSS,Inflow,217
161,1980780486_CA,TSS,Inflow,217
15,1980780486_CA,TSS,Inflow,217
35,1980780486_CA,TSS,Inflow,217
36,1980780486_CA,TSS,Inflow,218
72,1980780486_CA,TSS,Inflow,218
85,1980780486_CA,TSS,Inflow,218
21,1980780486_CA,TSS,Inflow,218
723,1980780486_CA,TSS,Inflow,218
36,1980780486_CA,TSS,Inflow,219
24,1980780486_CA,TSS,Inflow,219
600,1980780486_CA,TSS,Inflow,219
72,1980780486_CA,TSS,Inflow,219
30,1980780486_CA,TSS,Inflow,219
723,1980780486_CA,TSS,Inflow,220
191,1980780486_CA,TSS,Inflow,220
49,1980780486_CA,TSS,Inflow,220
600,1980780486_CA,TSS,Inflow,220
36,1980780486_CA,TSS,Inflow,220
191,1980780486_CA,TSS,Inflow,221
18,1980780486_CA,TSS,Inflow,221
723,1980780486_CA,TSS,Inflow,221
30,1980780486_CA,TSS,Inflow,221
36,1980780486_CA,TSS,Inflow,221
723,1980780486_CA,TSS,Inflow,222
1280,1980780486_CA,TSS,Inflow,222
166,1980780486_CA,TSS,Inflow,222
85,1980780486_CA,TSS,Inflow,222
35,1980780486_CA,TSS,Inflow,222
15,1980780486_CA,TSS,Inflow,223
600,1980780486_CA,TSS,Inflow,223
161,1980780486_CA,TSS,Inflow,223
24,1980780486_CA,TSS,Inflow,223
166,1980780486_CA,TSS,Inflow,223
30,1980780486_CA,TSS,Inflow,224
118,1980780486_CA,TSS,Inflow,224
85,1980780486_CA,TSS,Inflow,224
166,1980780486_CA,TSS,Inflow,224
24,1980780486_CA,TSS,Inflow,224
30,1980780486_CA,TSS,Inflow,225
66,1980780486_CA,TSS,Inflow,225
18,1980780486_CA,TSS,Inflow,225
96,1980780486_CA,TSS,Inflow,225
15,1980780486_CA,TSS,Inflow,225
96,1980780486_CA,TSS,Inflow,226
72,1980780486_CA,TSS,Inflow,226
49,1980780486_CA,TSS,Inflow,226
90,1980780486_CA,TSS,Inflow,226
30,1980780486_CA,TSS,Inflow,226
90,1980780486_CA,TSS,Inflow,227
66,1980780486_CA,TSS,Inflow,227
18,1980780486_CA,TSS,Inflow,227
49,1980780486_CA,TSS,Inflow,227
1280,1980780486_CA,TSS,Inflow,227
723,1980780486_CA,TSS,Inflow,228
2870,1980780486_CA,TSS,Inflow,228
191,1980780486_CA,TSS,Inflow,228
21,1980780486_CA,TSS,Inflow,228
18,1980780486_CA,TSS,Inflow,228
35,1980780486_CA,TSS,Inflow,229
72,1980780486_CA,TSS,Inflow,229
1280,1980780486_CA,TSS,Inflow,229
600,1980780486_CA,TSS,Inflow,229
66,1980780486_CA,TSS,Inflow,229
49,1980780486_CA,TSS,Inflow,230
72,1980780486_CA,TSS,Inflow,230
30,1980780486_CA,TSS,Inflow,230
166,1980780486_CA,TSS,Inflow,230
90,1980780486_CA,TSS,Inflow,230
30,1980780486_CA,TSS,Inflow,231
723,1980780486_CA,TSS,Inflow,231
85,1980780486_CA,TSS,Inflow,231
96,1980780486_CA,TSS,Inflow,231
66,1980780486_CA,TSS,Inflow,231
191,1980780486_CA,TSS,Inflow,232
66,1980780486_CA,TSS,Inflow,232
30,1980780486_CA,TSS,Inflow,232
21,1980780486_CA,TSS,Inflow,232
600,1980780486_CA,TSS,Inflow,232
66,1980780486_CA,TSS,Inflow,233
72,1980780486_CA,TSS,Inflow,233
36,1980780486_CA,TSS,Inflow,233
85,1980780486_CA,TSS,Inflow,233
96,1980780486_CA,TSS,Inflow,233
166,1980780486_CA,TSS,Inflow,234
15,1980780486_CA,TSS,Inflow,234
18,1980780486_CA,TSS,Inflow,234
49,1980780486_CA,TSS,Inflow,234
161,1980780486_CA,TSS,Inflow,234
21,1980780486_CA,TSS,Inflow,235
36,1980780486_CA,TSS,Inflow,235
49,1980780486_CA,TSS,Inflow,235
72,1980780486_CA,TSS,Inflow,235
723,1980780486_CA,TSS,Inflow,235
66,1980780486_CA,TSS,Inflow,236
35,1980780486_CA,TSS,Inflow,236
166,1980780486_CA,TSS,Inflow,236
85,1980780486_CA,TSS,Inflow,236
18,1980780486_CA,TSS,Inflow,236
15,1980780486_CA,TSS,Inflow,237
118,1980780486_CA,TSS,Inflow,237
85,1980780486_CA,TSS,Inflow,237
723,1980780486_CA,TSS,Inflow,237
1280,1980780486_CA,TSS,Inflow,237
191,1980780486_CA,TSS,Inflow,238
118,1980780486_CA,TSS,Inflow,238
30,1980780486_CA,TSS,Inflow,238
723,1980780486_CA,TSS,Inflow,238
2870,1980780486_CA,TSS,Inflow,238
90,1980780486_CA,TSS,Inflow,239
600,1980780486_CA,TSS,Inflow,239
66,1980780486_CA,TSS,Inflow,239
18,1980780486_CA,TSS,Inflow,239
191,1980780486_CA,TSS,Inflow,239
30,1980780486_CA,TSS,Inflow,240
1280,1980780486_CA,TSS,Inflow,240
723,1980780486_CA,TSS,Inflow,240
30,1980780486_CA,TSS,Inflow,240
36,1980780486_CA,TSS,Inflow,240
21,1980780486_CA,TSS,Inflow,241
118,1980780486_CA,TSS,Inflow,241
30,1980780486_CA,TSS,Inflow,241
2870,1980780486_CA,TSS,Inflow,241
1280,1980780486_CA,TSS,Inflow,241
191,1980780486_CA,TSS,Inflow,242
600,1980780486_CA,TSS,Inflow,242
35,1980780486_CA,TSS,Inflow,242
49,1980780486_CA,TSS,Inflow,242
18,1980780486_CA,TSS,Inflow,242
161,1980780486_CA,TSS,Inflow,243
723,1980780486_CA,TSS,Inflow,243
30,1980780486_CA,TSS,Inflow,243
191,1980780486_CA,TSS,Inflow,243
66,1980780486_CA,TSS,Inflow,243
191,1980780486_CA,TSS,Inflow,244
35,1980780486_CA,TSS,Inflow,244
1280,1980780486_CA,TSS,Inflow,244
66,1980780486_CA,TSS,Inflow,244
18,1980780486_CA,TSS,Inflow,244
24,1980780486_CA,TSS,Inflow,245
90,1980780486_CA,TSS,Inflow,245
166,1980780486_CA,TSS,Inflow,245
21,1980780486_CA,TSS,Inflow,245
49,1980780486_CA,TSS,Inflow,245
2870,1980780486_CA,TSS,Inflow,246
30,1980780486_CA,TSS,Inflow,246
72,1980780486_CA,TSS,Inflow,246
85,1980780486_CA,TSS,Inflow,246
723,1980780486_CA,TSS,Inflow,246
118,1980780486_CA,TSS,Inflow,247
85,1980780486_CA,TSS,Inflow,247
96,1980780486_CA,TSS,Inflow,247
30,1980780486_CA,TSS,Inflow,247
30,1980780486_CA,TSS,Inflow,247
1280,1980780486_CA,TSS,Inflow,248
72,1980780486_CA,TSS,Inflow,248
21,1980780486_CA,TSS,Inflow,248
66,1980780486_CA,TSS,Inflow,248
96,1980780486_CA,TSS,Inflow,248
66,1980780486_CA,TSS,Inflow,249
21,1980780486_CA,TSS,Inflow,249
24,1980780486_CA,TSS,Inflow,249
191,1980780486_CA,TSS,Inflow,249
72,1980780486_CA,TSS,Inflow,249
18,1980780486_CA,TSS,Inflow,250
96,1980780486_CA,TSS,Inflow,250
72,1980780486_CA,TSS,Inflow,250
30,1980780486_CA,TSS,Inflow,250
600,1980780486_CA,TSS,Inflow,250
24,1980780486_CA,TSS,Inflow,251
35,1980780486_CA,TSS,Inflow,251
166,1980780486_CA,TSS,Inflow,251
118,1980780486_CA,TSS,Inflow,251
96,1980780486_CA,TSS,Inflow,251
18,1980780486_CA,TSS,Inflow,252
191,1980780486_CA,TSS,Inflow,252
1280,1980780486_CA,TSS,Inflow,252
723,1980780486_CA,TSS,Inflow,252
118,1980780486_CA,TSS,Inflow,252
49,1980780486_CA,TSS,Inflow,253
96,1980780486_CA,TSS,Inflow,253
30,1980780486_CA,TSS,Inflow,253
15,1980780486_CA,TSS,Inflow,253
30,1980780486_CA,TSS,Inflow,253
1280,1980780486_CA,TSS,Inflow,254
72,1980780486_CA,TSS,Inflow,254
36,1980780486_CA,TSS,Inflow,254
49,1980780486_CA,TSS,Inflow,254
24,1980780486_CA,TSS,Inflow,254
24,1980780486_CA,TSS,Inflow,255
30,1980780486_CA,TSS,Inflow,255
191,1980780486_CA,TSS,Inflow,255
161,1980780486_CA,TSS,Inflow,255
723,1980780486_CA,TSS,Inflow,255
600,1980780486_CA,TSS,Inflow,256
96,1980780486_CA,TSS,Inflow,256
191,1980780486_CA,TSS,Inflow,256
15,1980780486_CA,TSS,Inflow,256
36,1980780486_CA,TSS,Inflow,256
85,1980780486_CA,TSS,Inflow,257
161,1980780486_CA,TSS,Inflow,257
35,1980780486_CA,TSS,Inflow,257
118,1980780486_CA,TSS,Inflow,257
30,1980780486_CA,TSS,Inflow,257
30,1980780486_CA,TSS,Inflow,258
36,1980780486_CA,TSS,Inflow,258
90,1980780486_CA,TSS,Inflow,258
118,1980780486_CA,TSS,Inflow,258
72,1980780486_CA,TSS,Inflow,258
161,1980780486_CA,TSS,Inflow,259
24,1980780486_CA,TSS,Inflow,259
166,1980780486_CA,TSS,Inflow,259
35,1980780486_CA,TSS,Inflow,259
96,1980780486_CA,TSS,Inflow,259
30,1980780486_CA,TSS,Inflow,260
96,1980780486_CA,TSS,Inflow,260
35,1980780486_CA,TSS,Inflow,260
49,1980780486_CA,TSS,Inflow,260
66,1980780486_CA,TSS,Inflow,260
66,1980780486_CA,TSS,Inflow,261
36,1980780486_CA,TSS,Inflow,261
15,1980780486_CA,TSS,Inflow,261
21,1980780486_CA,TSS,Inflow,261
166,1980780486_CA,TSS,Inflow,261
600,1980780486_CA,TSS,Inflow,262
118,1980780486_CA,TSS,Inflow,262
1280,1980780486_CA,TSS,Inflow,262
96,1980780486_CA,TSS,Inflow,262
35,1980780486_CA,TSS,Inflow,262
600,1980780486_CA,TSS,Inflow,263
723,1980780486_CA,TSS,Inflow,263
191,1980780486_CA,TSS,Inflow,263
161,1980780486_CA,TSS,Inflow,263
96,1980780486_CA,TSS,Inflow,263
723,1980780486_CA,TSS,Inflow,264
36,1980780486_CA,TSS,Inflow,264
2870,1980780486_CA,TSS,Inflow,264
90,1980780486_CA,TSS,Inflow,264
96,1980780486_CA,TSS,Inflow,264
85,1980780486_CA,TSS,Inflow,265
118,1980780486_CA,TSS,Inflow,265
1280,1980780486_CA,TSS,Inflow,265
166,1980780486_CA,TSS,Inflow,265
72,1980780486_CA,TSS,Inflow,265
90,1980780486_CA,TSS,Inflow,266
191,1980780486_CA,TSS,Inflow,266
85,1980780486_CA,TSS,Inflow,266
72,1980780486_CA,TSS,Inflow,266
30,1980780486_CA,TSS,Inflow,266
18,1980780486_CA,TSS,Inflow,267
35,1980780486_CA,TSS,Inflow,267
723,1980780486_CA,TSS,Inflow,267
96,1980780486_CA,TSS,Inflow,267
1280,1980780486_CA,TSS,Inflow,267
30,1980780486_CA,TSS,Inflow,268
36,1980780486_CA,TSS,Inflow,268
21,1980780486_CA,TSS,Inflow,268
66,1980780486_CA,TSS,Inflow,268
2870,1980780486_CA,TSS,Inflow,268
191,1980780486_CA,TSS,Inflow,269
85,1980780486_CA,TSS,Inflow,269
30,1980780486_CA,TSS,Inflow,269
21,1980780486_CA,TSS,Inflow,269
30,1980780486_CA,TSS,Inflow,269
24,1980780486_CA,TSS,Inflow,270
1280,1980780486_CA,TSS,Inflow,270
96,1980780486_CA,TSS,Inflow,270
723,1980780486_CA,TSS,Inflow,270
85,1980780486_CA,TSS,Inflow,270
24,1980780486_CA,TSS,Inflow,271
166,1980780486_CA,TSS,Inflow,271
90,1980780486_CA,TSS,Inflow,271
36,1980780486_CA,TSS,Inflow,271
21,1980780486_CA,TSS,Inflow,271
24,1980780486_CA,TSS,Inflow,272
96,1980780486_CA,TSS,Inflow,272
191,1980780486_CA,TSS,Inflow,272
30,1980780486_CA,TSS,Inflow,272
21,1980780486_CA,TSS,Inflow,272
85,1980780486_CA,TSS,Inflow,273
15,1980780486_CA,TSS,Inflow,273
1280,1980780486_CA,TSS,Inflow,273
191,1980780486_CA,TSS,Inflow,273
24,1980780486_CA,TSS,Inflow,273
30,1980780486_CA,TSS,Inflow,274
1280,1980780486_CA,TSS,Inflow,274
24,1980780486_CA,TSS,Inflow,274
191,1980780486_CA,TSS,Inflow,274
118,1980780486_CA,TSS,Inflow,274
36,1980780486_CA,TSS,Inflow,275
18,1980780486_CA,TSS,Inflow,275
2870,1980780486_CA,TSS,Inflow,275
21,1980780486_CA,TSS,Inflow,275
600,1980780486_CA,TSS,Inflow,275
36,1980780486_CA,TSS,Inflow,276
90,1980780486_CA,TSS,Inflow,276
30,1980780486_CA,TSS,Inflow,276
96,1980780486_CA,TSS,Inflow,276
66,1980780486_CA,TSS,Inflow,276
66,1980780486_CA,TSS,Inflow,277
36,1980780486_CA,TSS,Inflow,277
15,1980780486_CA,TSS,Inflow,277
18,1980780486_CA,TSS,Inflow,277
30,1980780486_CA,TSS,Inflow,277
96,1980780486_CA,TSS,Inflow,278
24,1980780486_CA,TSS,Inflow,278
2870,1980780486_CA,TSS,Inflow,278
166,1980780486_CA,TSS,Inflow,278
35,1980780486_CA,TSS,Inflow,278
15,1980780486_CA,TSS,Inflow,279
191,1980780486_CA,TSS,Inflow,279
90,1980780486_CA,TSS,Inflow,279
49,1980780486_CA,TSS,Inflow,279
1280,1980780486_CA,TSS,Inflow,279
118,1980780486_CA,TSS,Inflow,280
161,1980780486_CA,TSS,Inflow,280
24,1980780486_CA,TSS,Inflow,280
30,1980780486_CA,TSS,Inflow,280
36,1980780486_CA,TSS,Inflow,280
600,1980780486_CA,TSS,Inflow,281
191,1980780486_CA,TSS,Inflow,281
161,1980780486_CA,TSS,Inflow,281
90,1980780486_CA,TSS,Inflow,281
24,1980780486_CA,TSS,Inflow,281
166,1980780486_CA,TSS,Inflow,282
66,1980780486_CA,TSS,Inflow,282
191,1980780486_CA,TSS,Inflow,282
18,1980780486_CA,TSS,Inflow,282
49,1980780486_CA,TSS,Inflow,282
90,1980780486_CA,TSS,Inflow,283
49,1980780486_CA,TSS,Inflow,283
36,1980780486_CA,TSS,Inflow,283
600,1980780486_CA,TSS,Inflow,283
66,1980780486_CA,TSS,Inflow,283
191,1980780486_CA,TSS,Inflow,284
723,1980780486_CA,TSS,Inflow,284
18,1980780486_CA,TSS,Inflow,284
24,1980780486_CA,TSS,Inflow,284
1280,1980780486_CA,TSS,Inflow,284
90,1980780486_CA,TSS,Inflow,285
15,1980780486_CA,TSS,Inflow,285
191,1980780486_CA,TSS,Inflow,285
21,1980780486_CA,TSS,Inflow,285
30,1980780486_CA,TSS,Inflow,285
600,1980780486_CA,TSS,Inflow,286
118,1980780486_CA,TSS,Inflow,286
36,1980780486_CA,TSS,Inflow,286
35,1980780486_CA,TSS,Inflow,286
66,1980780486_CA,TSS,Inflow,286
118,1980780486_CA,TSS,Inflow,287
30,1980780486_CA,TSS,Inflow,287
35,1980780486_CA,TSS,Inflow,287
161,1980780486_CA,TSS,Inflow,287
2870,1980780486_CA,TSS,Inflow,287
35,1980780486_CA,TSS,Inflow,288
85,1980780486_CA,TSS,Inflow,288
118,1980780486_CA,TSS,Inflow,288
723,1980780486_CA,TSS,Inflow,288
66,1980780486_CA,TSS,Inflow,288
161,1980780486_CA,TSS,Inflow,289
600,1980780486_CA,TSS,Inflow,289
24,1980780486_CA,TSS,Inflow,289
166,1980780486_CA,TSS,Inflow,289
21,1980780486_CA,TSS,Inflow,289
36,1980780486_CA,TSS,Inflow,290
15,1980780486_CA,TSS,Inflow,290
18,1980780486_CA,TSS,Inflow,290
96,1980780486_CA,TSS,Inflow,290
1280,1980780486_CA,TSS,Inflow,290
49,1980780486_CA,TSS,Inflow,291
161,1980780486_CA,TSS,Inflow,291
166,1980780486_CA,TSS,Inflow,291
30,1980780486_CA,TSS,Inflow,291
1280,1980780486_CA,TSS,Inflow,291
15,1980780486_CA,TSS,Inflow,292
35,1980780486_CA,TSS,Inflow,292
2870,1980780486_CA,TSS,Inflow,292
30,1980780486_CA,TSS,Inflow,292
66,1980780486_CA,TSS,Inflow,292
166,1980780486_CA,TSS,Inflow,293
600,1980780486_CA,TSS,Inflow,293
24,1980780486_CA,TSS,Inflow,293
72,1980780486_CA,TSS,Inflow,293
90,1980780486_CA,TSS,Inflow,293
30,1980780486_CA,TSS,Inflow,294
36,1980780486_CA,TSS,Inflow,294
1280,1980780486_CA,TSS,Inflow,294
24,1980780486_CA,TSS,Inflow,294
49,1980780486_CA,TSS,Inflow,294
35,1980780486_CA,TSS,Inflow,295
15,1980780486_CA,TSS,Inflow,295
96,1980780486_CA,TSS,Inflow,295
161,1980780486_CA,TSS,Inflow,295
2870,1980780486_CA,TSS,Inflow,295
600,1980780486_CA,TSS,Inflow,296
2870,1980780486_CA,TSS,Inflow,296
24,1980780486_CA,TSS,Inflow,296
723,1980780486_CA,TSS,Inflow,296
118,1980780486_CA,TSS,Inflow,296
49,1980780486_CA,TSS,Inflow,297
96,1980780486_CA,TSS,Inflow,297
24,1980780486_CA,TSS,Inflow,297
191,1980780486_CA,TSS,Inflow,297
36,1980780486_CA,TSS,Inflow,297
96,1980780486_CA,TSS,Inflow,298
66,1980780486_CA,TSS,Inflow,298
35,1980780486_CA,TSS,Inflow,298
161,1980780486_CA,TSS,Inflow,298
15,1980780486_CA,TSS,Inflow,298
18,1980780486_CA,TSS,Inflow,299
36,1980780486_CA,TSS,Inflow,299
30,1980780486_CA,TSS,Inflow,299
72,1980780486_CA,TSS,Inflow,299
90,1980780486_CA,TSS,Inflow,299
66,1980780486_CA,TSS,Inflow,300
21,1980780486_CA,TSS,Inflow,300
96,1980780486_CA,TSS,Inflow,300
49,1980780486_CA,TSS,Inflow,300
36,1980780486_CA,TSS,Inflow,300
96,1980780486_CA,TSS,Inflow,301
600,1980780486_CA,TSS,Inflow,301
49,1980780486_CA,TSS,Inflow,301
36,1980780486_CA,TSS,Inflow,301
66,1980780486_CA,TSS,Inflow,301
600,1980780486_CA,TSS,Inflow,302
66,1980780486_CA,TSS,Inflow,302
72,1980780486_CA,TSS,Inflow,302
90,1980780486_CA,TSS,Inflow,302
36,1980780486_CA,TSS,Inflow,302
24,1980780486_CA,TSS,Inflow,303
166,1980780486_CA,TSS,Inflow,303
90,1980780486_CA,TSS,Inflow,303
15,1980780486_CA,TSS,Inflow,303
49,1980780486_CA,TSS,Inflow,303
18,1980780486_CA,TSS,Inflow,304
36,1980780486_CA,TSS,Inflow,304
30,1980780486_CA,TSS,Inflow,304
118,1980780486_CA,TSS,Inflow,304
35,1980780486_CA,TSS,Inflow,304
35,1980780486_CA,TSS,Inflow,305
723,1980780486_CA,TSS,Inflow,305
36,1980780486_CA,TSS,Inflow,305
1280,1980780486_CA,TSS,Inflow,305
18,1980780486_CA,TSS,Inflow,305
191,1980780486_CA,TSS,Inflow,306
49,1980780486_CA,TSS,Inflow,306
96,1980780486_CA,TSS,Inflow,306
118,1980780486_CA,TSS,Inflow,306
35,1980780486_CA,TSS,Inflow,306
30,1980780486_CA,TSS,Inflow,307
15,1980780486_CA,TSS,Inflow,307
85,1980780486_CA,TSS,Inflow,307
191,1980780486_CA,TSS,Inflow,307
118,1980780486_CA,TSS,Inflow,307
24,1980780486_CA,TSS,Inflow,308
72,1980780486_CA,TSS,Inflow,308
21,1980780486_CA,TSS,Inflow,308
90,1980780486_CA,TSS,Inflow,308
96,1980780486_CA,TSS,Inflow,308
66,1980780486_CA,TSS,Inflow,309
2870,1980780486_CA,TSS,Inflow,309
723,1980780486_CA,TSS,Inflow,309
36,1980780486_CA,TSS,Inflow,309
191,1980780486_CA,TSS,Inflow,309
36,1980780486_CA,TSS,Inflow,310
161,1980780486_CA,TSS,Inflow,310
118,1980780486_CA,TSS,Inflow,310
24,1980780486_CA,TSS,Inflow,310
35,1980780486_CA,TSS,Inflow,310
30,1980780486_CA,TSS,Inflow,311
66,1980780486_CA,TSS,Inflow,311
35,1980780486_CA,TSS,Inflow,311
49,1980780486_CA,TSS,Inflow,311
24,1980780486_CA,TSS,Inflow,311
161,1980780486_CA,TSS,Inflow,312
21,1980780486_CA,TSS,Inflow,312
35,1980780486_CA,TSS,Inflow,312
1280,1980780486_CA,TSS,Inflow,312
118,1980780486_CA,TSS,Inflow,312
30,1980780486_CA,TSS,Inflow,313
24,1980780486_CA,TSS,Inflow,313
72,1980780486_CA,TSS,Inflow,313
30,1980780486_CA,TSS,Inflow,313
96,1980780486_CA,TSS,Inflow,313
66,1980780486_CA,TSS,Inflow,314
72,1980780486_CA,TSS,Inflow,314
15,1980780486_CA,TSS,Inflow,314
600,1980780486_CA,TSS,Inflow,314
191,1980780486_CA,TSS,Inflow,314
90,1980780486_CA,TSS,Inflow,315
96,1980780486_CA,TSS,Inflow,315
30,1980780486_CA,TSS,Inflow,315
49,1980780486_CA,TSS,Inflow,315
15,1980780486_CA,TSS,Inflow,315
35,1980780486_CA,TSS,Inflow,316
30,1980780486_CA,TSS,Inflow,316
18,1980780486_CA,TSS,Inflow,316
66,1980780486_CA,TSS,Inflow,316
2870,1980780486_CA,TSS,Inflow,316
30,1980780486_CA,TSS,Inflow,317
166,1980780486_CA,TSS,Inflow,317
36,1980780486_CA,TSS,Inflow,317
18,1980780486_CA,TSS,Inflow,317
35,1980780486_CA,TSS,Inflow,317
600,1980780486_CA,TSS,Inflow,318
90,1980780486_CA,TSS,Inflow,318
118,1980780486_CA,TSS,Inflow,318
30,1980780486_CA,TSS,Inflow,318
72,1980780486_CA,TSS,Inflow,318
21,1980780486_CA,TSS,Inflow,319
15,1980780486_CA,TSS,Inflow,319
30,1980780486_CA,TSS,Inflow,319
161,1980780486_CA,TSS,Inflow,319
600,1980780486_CA,TSS,Inflow,319
35,1980780486_CA,TSS,Inflow,320
30,1980780486_CA,TSS,Inflow,320
166,1980780486_CA,TSS,Inflow,320
66,1980780486_CA,TSS,Inflow,320
191,1980780486_CA,TSS,Inflow,320
18,1980780486_CA,TSS,Inflow,321
191,1980780486_CA,TSS,Inflow,321
161,1980780486_CA,TSS,Inflow,321
66,1980780486_CA,TSS,Inflow,321
723,1980780486_CA,TSS,Inflow,321
2870,1980780486_CA,TSS,Inflow,322
36,1980780486_CA,TSS,Inflow,322
24,1980780486_CA,TSS,Inflow,322
1280,1980780486_CA,TSS,Inflow,322
96,1980780486_CA,TSS,Inflow,322
24,1980780486_CA,TSS,Inflow,323
723,1980780486_CA,TSS,Inflow,323
15,1980780486_CA,TSS,Inflow,323
36,1980780486_CA,TSS,Inflow,323
30,1980780486_CA,TSS,Inflow,323
66,1980780486_CA,TSS,Inflow,324
30,1980780486_CA,TSS,Inflow,324
1280,1980780486_CA,TSS,Inflow,324
24,1980780486_CA,TSS,Inflow,324
723,1980780486_CA,TSS,Inflow,324
2870,1980780486_CA,TSS,Inflow,325
49,1980780486_CA,TSS,Inflow,325
723,1980780486_CA,TSS,Inflow,325
161,1980780486_CA,TSS,Inflow,325
600,1980780486_CA,TSS,Inflow,325
35,1980780486_CA,TSS,Inflow,326
85,1980780486_CA,TSS,Inflow,326
36,1980780486_CA,TSS,Inflow,326
723,1980780486_CA,TSS,Inflow,326
1280,1980780486_CA,TSS,Inflow,326
30,1980780486_CA,TSS,Inflow,327
36,1980780486_CA,TSS,Inflow,327
1280,1980780486_CA,TSS,Inflow,327
85,1980780486_CA,TSS,Inflow,327
723,1980780486_CA,TSS,Inflow,327
90,1980780486_CA,TSS,Inflow,328
35,1980780486_CA,TSS,Inflow,328
191,1980780486_CA,TSS,Inflow,328
15,1980780486_CA,TSS,Inflow,328
2870,1980780486_CA,TSS,Inflow,328
723,1980780486_CA,TSS,Inflow,329
161,1980780486_CA,TSS,Inflow,329
72,1980780486_CA,TSS,Inflow,329
96,1980780486_CA,TSS,Inflow,329
66,1980780486_CA,TSS,Inflow,329
2870,1980780486_CA,TSS,Inflow,330
166,1980780486_CA,TSS,Inflow,330
30,1980780486_CA,TSS,Inflow,330
21,1980780486_CA,TSS,Inflow,330
90,1980780486_CA,TSS,Inflow,330
18,1980780486_CA,TSS,Inflow,331
49,1980780486_CA,TSS,Inflow,331
21,1980780486_CA,TSS,Inflow,331
600,1980780486_CA,TSS,Inflow,331
166,1980780486_CA,TSS,Inflow,331
85,1980780486_CA,TSS,Inflow,332
600,1980780486_CA,TSS,Inflow,332
15,1980780486_CA,TSS,Inflow,332
723,1980780486_CA,TSS,Inflow,332
30,1980780486_CA,TSS,Inflow,332
35,1980780486_CA,TSS,Inflow,333
118,1980780486_CA,TSS,Inflow,333
166,1980780486_CA,TSS,Inflow,333
1280,1980780486_CA,TSS,Inflow,333
96,1980780486_CA,TSS,Inflow,333
1280,1980780486_CA,TSS,Inflow,334
118,1980780486_CA,TSS,Inflow,334
72,1980780486_CA,TSS,Inflow,334
723,1980780486_CA,TSS,Inflow,334
85,1980780486_CA,TSS,Inflow,334
191,1980780486_CA,TSS,Inflow,335
36,1980780486_CA,TSS,Inflow,335
161,1980780486_CA,TSS,Inflow,335
18,1980780486_CA,TSS,Inflow,335
166,1980780486_CA,TSS,Inflow,335
49,1980780486_CA,TSS,Inflow,336
90,1980780486_CA,TSS,Inflow,336
723,1980780486_CA,TSS,Inflow,336
18,1980780486_CA,TSS,Inflow,336
24,1980780486_CA,TSS,Inflow,336
90,1980780486_CA,TSS,Inflow,337
21,1980780486_CA,TSS,Inflow,337
723,1980780486_CA,TSS,Inflow,337
2870,1980780486_CA,TSS,Inflow,337
191,1980780486_CA,TSS,Inflow,337
24,1980780486_CA,TSS,Inflow,338
723,1980780486_CA,TSS,Inflow,338
49,1980780486_CA,TSS,Inflow,338
21,1980780486_CA,TSS,Inflow,338
66,1980780486_CA,TSS,Inflow,338
21,1980780486_CA,TSS,Inflow,339
90,1980780486_CA,TSS,Inflow,339
723,1980780486_CA,TSS,Inflow,339
118,1980780486_CA,TSS,Inflow,339
30,1980780486_CA,TSS,Inflow,339
118,1980780486_CA,TSS,Inflow,340
21,1980780486_CA,TSS,Inflow,340
49,1980780486_CA,TSS,Inflow,340
66,1980780486_CA,TSS,Inflow,340
191,1980780486_CA,TSS,Inflow,340
191,1980780486_CA,TSS,Inflow,341
2870,1980780486_CA,TSS,Inflow,341
15,1980780486_CA,TSS,Inflow,341
72,1980780486_CA,TSS,Inflow,341
30,1980780486_CA,TSS,Inflow,341
161,1980780486_CA,TSS,Inflow,342
2870,1980780486_CA,TSS,Inflow,342
18,1980780486_CA,TSS,Inflow,342
118,1980780486_CA,TSS,Inflow,342
30,1980780486_CA,TSS,Inflow,342
30,1980780486_CA,TSS,Inflow,343
96,1980780486_CA,TSS,Inflow,343
90,1980780486_CA,TSS,Inflow,343
166,1980780486_CA,TSS,Inflow,343
118,1980780486_CA,TSS,Inflow,343
35,1980780486_CA,TSS,Inflow,344
30,1980780486_CA,TSS,Inflow,344
1280,1980780486_CA,TSS,Inflow,344
90,1980780486_CA,TSS,Inflow,344
21,1980780486_CA,TSS,Inflow,344
1280,1980780486_CA,TSS,Inflow,345
90,1980780486_CA,TSS,Inflow,345
85,1980780486_CA,TSS,Inflow,345
191,1980780486_CA,TSS,Inflow,345
118,1980780486_CA,TSS,Inflow,345
18,1980780486_CA,TSS,Inflow,346
72,1980780486_CA,TSS,Inflow,346
118,1980780486_CA,TSS,Inflow,346
24,1980780486_CA,TSS,Inflow,346
96,1980780486_CA,TSS,Inflow,346
90,1980780486_CA,TSS,Inflow,347
49,1980780486_CA,TSS,Inflow,347
161,1980780486_CA,TSS,Inflow,347
35,1980780486_CA,TSS,Inflow,347
118,1980780486_CA,TSS,Inflow,347
18,1980780486_CA,TSS,Inflow,348
1280,1980780486_CA,TSS,Inflow,348
191,1980780486_CA,TSS,Inflow,348
85,1980780486_CA,TSS,Inflow,348
96,1980780486_CA,TSS,Inflow,348
96,1980780486_CA,TSS,Inflow,349
90,1980780486_CA,TSS,Inflow,349
30,1980780486_CA,TSS,Inflow,349
66,1980780486_CA,TSS,Inflow,349
72,1980780486_CA,TSS,Inflow,349
72,1980780486_CA,TSS,Inflow,350
1280,1980780486_CA,TSS,Inflow,350
96,1980780486_CA,TSS,Inflow,350
85,1980780486_CA,TSS,Inflow,350
600,1980780486_CA,TSS,Inflow,350
30,1980780486_CA,TSS,Inflow,351
72,1980780486_CA,TSS,Inflow,351
600,1980780486_CA,TSS,Inflow,351
35,1980780486_CA,TSS,Inflow,351
1280,1980780486_CA,TSS,Inflow,351
72,1980780486_CA,TSS,Inflow,352
15,1980780486_CA,TSS,Inflow,352
1280,1980780486_CA,TSS,Inflow,352
30,1980780486_CA,TSS,Inflow,352
2870,1980780486_CA,TSS,Inflow,352
72,1980780486_CA,TSS,Inflow,353
90,1980780486_CA,TSS,Inflow,353
15,1980780486_CA,TSS,Inflow,353
85,1980780486_CA,TSS,Inflow,353
36,1980780486_CA,TSS,Inflow,353
36,1980780486_CA,TSS,Inflow,354
96,1980780486_CA,TSS,Inflow,354
18,1980780486_CA,TSS,Inflow,354
72,1980780486_CA,TSS,Inflow,354
24,1980780486_CA,TSS,Inflow,354
166,1980780486_CA,TSS,Inflow,355
21,1980780486_CA,TSS,Inflow,355
18,1980780486_CA,TSS,Inflow,355
191,1980780486_CA,TSS,Inflow,355
118,1980780486_CA,TSS,Inflow,355
191,1980780486_CA,TSS,Inflow,356
118,1980780486_CA,TSS,Inflow,356
2870,1980780486_CA,TSS,Inflow,356
49,1980780486_CA,TSS,Inflow,356
66,1980780486_CA,TSS,Inflow,356
35,1980780486_CA,TSS,Inflow,357
96,1980780486_CA,TSS,Inflow,357
21,1980780486_CA,TSS,Inflow,357
15,1980780486_CA,TSS,Inflow,357
85,1980780486_CA,TSS,Inflow,357
90,1980780486_CA,TSS,Inflow,358
166,1980780486_CA,TSS,Inflow,358
30,1980780486_CA,TSS,Inflow,358
18,1980780486_CA,TSS,Inflow,358
15,1980780486_CA,TSS,Inflow,358
72,1980780486_CA,TSS,Inflow,359
21,1980780486_CA,TSS,Inflow,359
85,1980780486_CA,TSS,Inflow,359
166,1980780486_CA,TSS,Inflow,359
35,1980780486_CA,TSS,Inflow,359
49,1980780486_CA,TSS,Inflow,360
2870,1980780486_CA,TSS,Inflow,360
30,1980780486_CA,TSS,Inflow,360
166,1980780486_CA,TSS,Inflow,360
161,1980780486_CA,TSS,Inflow,360
161,1980780486_CA,TSS,Inflow,361
30,1980780486_CA,TSS,Inflow,361
90,1980780486_CA,TSS,Inflow,361
1280,1980780486_CA,TSS,Inflow,361
723,1980780486_CA,TSS,Inflow,361
36,1980780486_CA,TSS,Inflow,362
72,1980780486_CA,TSS,Inflow,362
166,1980780486_CA,TSS,Inflow,362
2870,1980780486_CA,TSS,Inflow,362
21,1980780486_CA,TSS,Inflow,362
72,1980780486_CA,TSS,Inflow,363
600,1980780486_CA,TSS,Inflow,363
49,1980780486_CA,TSS,Inflow,363
191,1980780486_CA,TSS,Inflow,363
118,1980780486_CA,TSS,Inflow,363
21,1980780486_CA,TSS,Inflow,364
49,1980780486_CA,TSS,Inflow,364
30,1980780486_CA,TSS,Inflow,364
1280,1980780486_CA,TSS,Inflow,364
85,1980780486_CA,TSS,Inflow,364
85,1980780486_CA,TSS,Inflow,365
15,1980780486_CA,TSS,Inflow,365
72,1980780486_CA,TSS,Inflow,365
90,1980780486_CA,TSS,Inflow,365
35,1980780486_CA,TSS,Inflow,365
85,1980780486_CA,TSS,Inflow,366
21,1980780486_CA,TSS,Inflow,366
723,1980780486_CA,TSS,Inflow,366
49,1980780486_CA,TSS,Inflow,366
1280,1980780486_CA,TSS,Inflow,366
723,1980780486_CA,TSS,Inflow,367
96,1980780486_CA,TSS,Inflow,367
21,1980780486_CA,TSS,Inflow,367
2870,1980780486_CA,TSS,Inflow,367
18,1980780486_CA,TSS,Inflow,367
24,1980780486_CA,TSS,Inflow,368
2870,1980780486_CA,TSS,Inflow,368
21,1980780486_CA,TSS,Inflow,368
30,1980780486_CA,TSS,Inflow,368
85,1980780486_CA,TSS,Inflow,368
66,1980780486_CA,TSS,Inflow,369
600,1980780486_CA,TSS,Inflow,369
30,1980780486_CA,TSS,Inflow,369
72,1980780486_CA,TSS,Inflow,369
36,1980780486_CA,TSS,Inflow,369
2870,1980780486_CA,TSS,Inflow,370
600,1980780486_CA,TSS,Inflow,370
96,1980780486_CA,TSS,Inflow,370
49,1980780486_CA,TSS,Inflow,370
21,1980780486_CA,TSS,Inflow,370
96,1980780486_CA,TSS,Inflow,371
191,1980780486_CA,TSS,Inflow,371
24,1980780486_CA,TSS,Inflow,371
166,1980780486_CA,TSS,Inflow,371
72,1980780486_CA,TSS,Inflow,371
161,1980780486_CA,TSS,Inflow,372
36,1980780486_CA,TSS,Inflow,372
600,1980780486_CA,TSS,Inflow,372
191,1980780486_CA,TSS,Inflow,372
30,1980780486_CA,TSS,Inflow,372
36,1980780486_CA,TSS,Inflow,373
166,1980780486_CA,TSS,Inflow,373
24,1980780486_CA,TSS,Inflow,373
161,1980780486_CA,TSS,Inflow,373
30,1980780486_CA,TSS,Inflow,373
21,1980780486_CA,TSS,Inflow,374
96,1980780486_CA,TSS,Inflow,374
723,1980780486_CA,TSS,Inflow,374
161,1980780486_CA,TSS,Inflow,374
2870,1980780486_CA,TSS,Inflow,374
18,1980780486_CA,TSS,Inflow,375
24,1980780486_CA,TSS,Inflow,375
166,1980780486_CA,TSS,Inflow,375
1280,1980780486_CA,TSS,Inflow,375
191,1980780486_CA,TSS,Inflow,375
191,1980780486_CA,TSS,Inflow,376
18,1980780486_CA,TSS,Inflow,376
35,1980780486_CA,TSS,Inflow,376
600,1980780486_CA,TSS,Inflow,376
72,1980780486_CA,TSS,Inflow,376
96,1980780486_CA,TSS,Inflow,377
18,1980780486_CA,TSS,Inflow,377
600,1980780486_CA,TSS,Inflow,377
72,1980780486_CA,TSS,Inflow,377
118,1980780486_CA,TSS,Inflow,377
96,1980780486_CA,TSS,Inflow,378
2870,1980780486_CA,TSS,Inflow,378
166,1980780486_CA,TSS,Inflow,378
49,1980780486_CA,TSS,Inflow,378
24,1980780486_CA,TSS,Inflow,378
24,1980780486_CA,TSS,Inflow,379
15,1980780486_CA,TSS,Inflow,379
49,1980780486_CA,TSS,Inflow,379
72,1980780486_CA,TSS,Inflow,379
166,1980780486_CA,TSS,Inflow,379
49,1980780486_CA,TSS,Inflow,380
2870,1980780486_CA,TSS,Inflow,380
118,1980780486_CA,TSS,Inflow,380
24,1980780486_CA,TSS,Inflow,380
30,1980780486_CA,TSS,Inflow,380
72,1980780486_CA,TSS,Inflow,381
2870,1980780486_CA,TSS,Inflow,381
24,1980780486_CA,TSS,Inflow,381
191,1980780486_CA,TSS,Inflow,381
118,1980780486_CA,TSS,Inflow,381
30,1980780486_CA,TSS,Inflow,382
72,1980780486_CA,TSS,Inflow,382
18,1980780486_CA,TSS,Inflow,382
85,1980780486_CA,TSS,Inflow,382
21,1980780486_CA,TSS,Inflow,382
30,1980780486_CA,TSS,Inflow,383
35,1980780486_CA,TSS,Inflow,383
161,1980780486_CA,TSS,Inflow,383
90,1980780486_CA,TSS,Inflow,383
18,1980780486_CA,TSS,Inflow,383
191,1980780486_CA,TSS,Inflow,384
49,1980780486_CA,TSS,Inflow,384
21,1980780486_CA,TSS,Inflow,384
118,1980780486_CA,TSS,Inflow,384
66,1980780486_CA,TSS,Inflow,384
1280,1980780486_CA,TSS,Inflow,385
21,1980780486_CA,TSS,Inflow,385
30,1980780486_CA,TSS,Inflow,385
35,1980780486_CA,TSS,Inflow,385
30,1980780486_CA,TSS,Inflow,385
191,1980780486_CA,TSS,Inflow,386
36,1980780486_CA,TSS,Inflow,386
72,1980780486_CA,TSS,Inflow,386
90,1980780486_CA,TSS,Inflow,386
1280,1980780486_CA,TSS,Inflow,386
166,1980780486_CA,TSS,Inflow,387
36,1980780486_CA,TSS,Inflow,387
30,1980780486_CA,TSS,Inflow,387
66,1980780486_CA,TSS,Inflow,387
49,1980780486_CA,TSS,Inflow,387
118,1980780486_CA,TSS,Inflow,388
161,1980780486_CA,TSS,Inflow,388
30,1980780486_CA,TSS,Inflow,388
66,1980780486_CA,TSS,Inflow,388
723,1980780486_CA,TSS,Inflow,388
723,1980780486_CA,TSS,Inflow,389
49,1980780486_CA,TSS,Inflow,389
600,1980780486_CA,TSS,Inflow,389
90,1980780486_CA,TSS,Inflow,389
21,1980780486_CA,TSS,Inflow,389
85,1980780486_CA,TSS,Inflow,390
161,1980780486_CA,TSS,Inflow,390
18,1980780486_CA,TSS,Inflow,390
49,1980780486_CA,TSS,Inflow,390
166,1980780486_CA,TSS,Inflow,390
85,1980780486_CA,TSS,Inflow,391
21,1980780486_CA,TSS,Inflow,391
15,1980780486_CA,TSS,Inflow,391
600,1980780486_CA,TSS,Inflow,391
166,1980780486_CA,TSS,Inflow,391
66,1980780486_CA,TSS,Inflow,392
15,1980780486_CA,TSS,Inflow,392
161,1980780486_CA,TSS,Inflow,392
30,1980780486_CA,TSS,Inflow,392
35,1980780486_CA,TSS,Inflow,392
161,1980780486_CA,TSS,Inflow,393
49,1980780486_CA,TSS,Inflow,393
15,1980780486_CA,TSS,Inflow,393
18,1980780486_CA,TSS,Inflow,393
72,1980780486_CA,TSS,Inflow,393
1280,1980780486_CA,TSS,Inflow,394
72,1980780486_CA,TSS,Inflow,394
21,1980780486_CA,TSS,Inflow,394
30,1980780486_CA,TSS,Inflow,394
30,1980780486_CA,TSS,Inflow,394
90,1980780486_CA,TSS,Inflow,395
30,1980780486_CA,TSS,Inflow,395
18,1980780486_CA,TSS,Inflow,395
2870,1980780486_CA,TSS,Inflow,395
15,1980780486_CA,TSS,Inflow,395
36,1980780486_CA,TSS,Inflow,396
1280,1980780486_CA,TSS,Inflow,396
600,1980780486_CA,TSS,Inflow,396
30,1980780486_CA,TSS,Inflow,396
21,1980780486_CA,TSS,Inflow,396
96,1980780486_CA,TSS,Inflow,397
2870,1980780486_CA,TSS,Inflow,397
90,1980780486_CA,TSS,Inflow,397
35,1980780486_CA,TSS,Inflow,397
118,1980780486_CA,TSS,Inflow,397
18,1980780486_CA,TSS,Inflow,398
161,1980780486_CA,TSS,Inflow,398
90,1980780486_CA,TSS,Inflow,398
15,1980780486_CA,TSS,Inflow,398
72,1980780486_CA,TSS,Inflow,398
36,1980780486_CA,TSS,Inflow,399
35,1980780486_CA,TSS,Inflow,399
90,1980780486_CA,TSS,Inflow,399
18,1980780486_CA,TSS,Inflow,399
21,1980780486_CA,TSS,Inflow,399
2870,1980780486_CA,TSS,Inflow,400
1280,1980780486_CA,TSS,Inflow,400
18,1980780486_CA,TSS,Inflow,400
21,1980780486_CA,TSS,Inflow,400
36,1980780486_CA,TSS,Inflow,400
2870,1980780486_CA,TSS,Inflow,401
85,1980780486_CA,TSS,Inflow,401
600,1980780486_CA,TSS,Inflow,401
90,1980780486_CA,TSS,Inflow,401
72,1980780486_CA,TSS,Inflow,401
723,1980780486_CA,TSS,Inflow,402
600,1980780486_CA,TSS,Inflow,402
66,1980780486_CA,TSS,Inflow,402
72,1980780486_CA,TSS,Inflow,402
15,1980780486_CA,TSS,Inflow,402
49,1980780486_CA,TSS,Inflow,403
30,1980780486_CA,TSS,Inflow,403
166,1980780486_CA,TSS,Inflow,403
66,1980780486_CA,TSS,Inflow,403
90,1980780486_CA,TSS,Inflow,403
49,1980780486_CA,TSS,Inflow,404
85,1980780486_CA,TSS,Inflow,404
18,1980780486_CA,TSS,Inflow,404
66,1980780486_CA,TSS,Inflow,404
166,1980780486_CA,TSS,Inflow,404
118,1980780486_CA,TSS,Inflow,405
49,1980780486_CA,TSS,Inflow,405
66,1980780486_CA,TSS,Inflow,405
1280,1980780486_CA,TSS,Inflow,405
2870,1980780486_CA,TSS,Inflow,405
30,1980780486_CA,TSS,Inflow,406
24,1980780486_CA,TSS,Inflow,406
15,1980780486_CA,TSS,Inflow,406
600,1980780486_CA,TSS,Inflow,406
72,1980780486_CA,TSS,Inflow,406
66,1980780486_CA,TSS,Inflow,407
35,1980780486_CA,TSS,Inflow,407
24,1980780486_CA,TSS,Inflow,407
166,1980780486_CA,TSS,Inflow,407
191,1980780486_CA,TSS,Inflow,407
21,1980780486_CA,TSS,Inflow,408
1280,1980780486_CA,TSS,Inflow,408
723,1980780486_CA,TSS,Inflow,408
36,1980780486_CA,TSS,Inflow,408
90,1980780486_CA,TSS,Inflow,408
72,1980780486_CA,TSS,Inflow,409
96,1980780486_CA,TSS,Inflow,409
15,1980780486_CA,TSS,Inflow,409
21,1980780486_CA,TSS,Inflow,409
30,1980780486_CA,TSS,Inflow,409
85,1980780486_CA,TSS,Inflow,410
2870,1980780486_CA,TSS,Inflow,410
191,1980780486_CA,TSS,Inflow,410
49,1980780486_CA,TSS,Inflow,410
1280,1980780486_CA,TSS,Inflow,410
1280,1980780486_CA,TSS,Inflow,411
723,1980780486_CA,TSS,Inflow,411
24,1980780486_CA,TSS,Inflow,411
2870,1980780486_CA,TSS,Inflow,411
118,1980780486_CA,TSS,Inflow,411
36,1980780486_CA,TSS,Inflow,412
166,1980780486_CA,TSS,Inflow,412
85,1980780486_CA,TSS,Inflow,412
600,1980780486_CA,TSS,Inflow,412
15,1980780486_CA,TSS,Inflow,412
85,1980780486_CA,TSS,Inflow,413
1280,1980780486_CA,TSS,Inflow,413
2870,1980780486_CA,TSS,Inflow,413
36,1980780486_CA,TSS,Inflow,413
600,1980780486_CA,TSS,Inflow,413
191,1980780486_CA,TSS,Inflow,414
723,1980780486_CA,TSS,Inflow,414
36,1980780486_CA,TSS,Inflow,414
15,1980780486_CA,TSS,Inflow,414
18,1980780486_CA,TSS,Inflow,414
35,1980780486_CA,TSS,Inflow,415
96,1980780486_CA,TSS,Inflow,415
24,1980780486_CA,TSS,Inflow,415
161,1980780486_CA,TSS,Inflow,415
723,1980780486_CA,TSS,Inflow,415
191,1980780486_CA,TSS,Inflow,416
30,1980780486_CA,TSS,Inflow,416
72,1980780486_CA,TSS,Inflow,416
2870,1980780486_CA,TSS,Inflow,416
36,1980780486_CA,TSS,Inflow,416
35,1980780486_CA,TSS,Inflow,417
96,1980780486_CA,TSS,Inflow,417
30,1980780486_CA,TSS,Inflow,417
90,1980780486_CA,TSS,Inflow,417
2870,1980780486_CA,TSS,Inflow,417
2870,1980780486_CA,TSS,Inflow,418
118,1980780486_CA,TSS,Inflow,418
723,1980780486_CA,TSS,Inflow,418
21,1980780486_CA,TSS,Inflow,418
161,1980780486_CA,TSS,Inflow,418
30,1980780486_CA,TSS,Inflow,419
85,1980780486_CA,TSS,Inflow,419
66,1980780486_CA,TSS,Inflow,419
118,1980780486_CA,TSS,Inflow,419
191,1980780486_CA,TSS,Inflow,419
24,1980780486_CA,TSS,Inflow,420
1280,1980780486_CA,TSS,Inflow,420
2870,1980780486_CA,TSS,Inflow,420
96,1980780486_CA,TSS,Inflow,420
36,1980780486_CA,TSS,Inflow,420
21,1980780486_CA,TSS,Inflow,421
191,1980780486_CA,TSS,Inflow,421
118,1980780486_CA,TSS,Inflow,421
96,1980780486_CA,TSS,Inflow,421
30,1980780486_CA,TSS,Inflow,421
30,1980780486_CA,TSS,Inflow,422
30,1980780486_CA,TSS,Inflow,422
72,1980780486_CA,TSS,Inflow,422
21,1980780486_CA,TSS,Inflow,422
96,1980780486_CA,TSS,Inflow,422
191,1980780486_CA,TSS,Inflow,423
2870,1980780486_CA,TSS,Inflow,423
21,1980780486_CA,TSS,Inflow,423
30,1980780486_CA,TSS,Inflow,423
600,1980780486_CA,TSS,Inflow,423
96,1980780486_CA,TSS,Inflow,424
30,1980780486_CA,TSS,Inflow,424
24,1980780486_CA,TSS,Inflow,424
18,1980780486_CA,TSS,Inflow,424
2870,1980780486_CA,TSS,Inflow,424
85,1980780486_CA,TSS,Inflow,425
1280,1980780486_CA,TSS,Inflow,425
723,1980780486_CA,TSS,Inflow,425
191,1980780486_CA,TSS,Inflow,425
30,1980780486_CA,TSS,Inflow,425
49,1980780486_CA,TSS,Inflow,426
24,1980780486_CA,TSS,Inflow,426
1280,1980780486_CA,TSS,Inflow,426
118,1980780486_CA,TSS,Inflow,426
36,1980780486_CA,TSS,Inflow,426
15,1980780486_CA,TSS,Inflow,427
35,1980780486_CA,TSS,Inflow,427
24,1980780486_CA,TSS,Inflow,427
85,1980780486_CA,TSS,Inflow,427
90,1980780486_CA,TSS,Inflow,427
1280,1980780486_CA,TSS,Inflow,428
96,1980780486_CA,TSS,Inflow,428
66,1980780486_CA,TSS,Inflow,428
15,1980780486_CA,TSS,Inflow,428
49,1980780486_CA,TSS,Inflow,428
2870,1980780486_CA,TSS,Inflow,429
118,1980780486_CA,TSS,Inflow,429
66,1980780486_CA,TSS,Inflow,429
161,1980780486_CA,TSS,Inflow,429
90,1980780486_CA,TSS,Inflow,429
118,1980780486_CA,TSS,Inflow,430
2870,1980780486_CA,TSS,Inflow,430
191,1980780486_CA,TSS,Inflow,430
1280,1980780486_CA,TSS,Inflow,430
35,1980780486_CA,TSS,Inflow,430
1280,1980780486_CA,TSS,Inflow,431
85,1980780486_CA,TSS,Inflow,431
35,1980780486_CA,TSS,Inflow,431
191,1980780486_CA,TSS,Inflow,431
18,1980780486_CA,TSS,Inflow,431
166,1980780486_CA,TSS,Inflow,432
30,1980780486_CA,TSS,Inflow,432
15,1980780486_CA,TSS,Inflow,432
30,1980780486_CA,TSS,Inflow,432
85,1980780486_CA,TSS,Inflow,432
191,1980780486_CA,TSS,Inflow,433
1280,1980780486_CA,TSS,Inflow,433
723,1980780486_CA,TSS,Inflow,433
49,1980780486_CA,TSS,Inflow,433
24,1980780486_CA,TSS,Inflow,433
30,1980780486_CA,TSS,Inflow,434
600,1980780486_CA,TSS,Inflow,434
24,1980780486_CA,TSS,Inflow,434
85,1980780486_CA,TSS,Inflow,434
723,1980780486_CA,TSS,Inflow,434
118,1980780486_CA,TSS,Inflow,435
166,1980780486_CA,TSS,Inflow,435
90,1980780486_CA,TSS,Inflow,435
21,1980780486_CA,TSS,Inflow,435
24,1980780486_CA,TSS,Inflow,435
90,1980780486_CA,TSS,Inflow,436
49,1980780486_CA,TSS,Inflow,436
161,1980780486_CA,TSS,Inflow,436
1280,1980780486_CA,TSS,Inflow,436
66,1980780486_CA,TSS,Inflow,436
66,1980780486_CA,TSS,Inflow,437
166,1980780486_CA,TSS,Inflow,437
18,1980780486_CA,TSS,Inflow,437
118,1980780486_CA,TSS,Inflow,437
24,1980780486_CA,TSS,Inflow,437
35,1980780486_CA,TSS,Inflow,438
723,1980780486_CA,TSS,Inflow,438
21,1980780486_CA,TSS,Inflow,438
66,1980780486_CA,TSS,Inflow,438
191,1980780486_CA,TSS,Inflow,438
66,1980780486_CA,TSS,Inflow,439
30,1980780486_CA,TSS,Inflow,439
161,1980780486_CA,TSS,Inflow,439
166,1980780486_CA,TSS,Inflow,439
24,1980780486_CA,TSS,Inflow,439
600,1980780486_CA,TSS,Inflow,440
191,1980780486_CA,TSS,Inflow,440
85,1980780486_CA,TSS,Inflow,440
2870,1980780486_CA,TSS,Inflow,440
24,1980780486_CA,TSS,Inflow,440
90,1980780486_CA,TSS,Inflow,441
600,1980780486_CA,TSS,Inflow,441
118,1980780486_CA,TSS,Inflow,441
72,1980780486_CA,TSS,Inflow,441
723,1980780486_CA,TSS,Inflow,441
90,1980780486_CA,TSS,Inflow,442
118,1980780486_CA,TSS,Inflow,442
723,1980780486_CA,TSS,Inflow,442
49,1980780486_CA,TSS,Inflow,442
1280,1980780486_CA,TSS,Inflow,442
72,1980780486_CA,TSS,Inflow,443
49,1980780486_CA,TSS,Inflow,443
18,1980780486_CA,TSS,Inflow,443
21,1980780486_CA,TSS,Inflow,443
161,1980780486_CA,TSS,Inflow,443
36,1980780486_CA,TSS,Inflow,444
191,1980780486_CA,TSS,Inflow,444
15,1980780486_CA,TSS,Inflow,444
18,1980780486_CA,TSS,Inflow,444
166,1980780486_CA,TSS,Inflow,444
30,1980780486_CA,TSS,Inflow,445
1280,1980780486_CA,TSS,Inflow,445
191,1980780486_CA,TSS,Inflow,445
18,1980780486_CA,TSS,Inflow,445
66,1980780486_CA,TSS,Inflow,445
24,1980780486_CA,TSS,Inflow,446
96,1980780486_CA,TSS,Inflow,446
723,1980780486_CA,TSS,Inflow,446
30,1980780486_CA,TSS,Inflow,446
15,1980780486_CA,TSS,Inflow,446
24,1980780486_CA,TSS,Inflow,447
85,1980780486_CA,TSS,Inflow,447
21,1980780486_CA,TSS,Inflow,447
191,1980780486_CA,TSS,Inflow,447
90,1980780486_CA,TSS,Inflow,447
723,1980780486_CA,TSS,Inflow,448
18,1980780486_CA,TSS,Inflow,448
166,1980780486_CA,TSS,Inflow,448
118,1980780486_CA,TSS,Inflow,448
49,1980780486_CA,TSS,Inflow,448
191,1980780486_CA,TSS,Inflow,449
90,1980780486_CA,TSS,Inflow,449
1280,1980780486_CA,TSS,Inflow,449
24,1980780486_CA,TSS,Inflow,449
36,1980780486_CA,TSS,Inflow,449
90,1980780486_CA,TSS,Inflow,450
85,1980780486_CA,TSS,Inflow,450
72,1980780486_CA,TSS,Inflow,450
1280,1980780486_CA,TSS,Inflow,450
118,1980780486_CA,TSS,Inflow,450
600,1980780486_CA,TSS,Inflow,451
166,1980780486_CA,TSS,Inflow,451
21,1980780486_CA,TSS,Inflow,451
15,1980780486_CA,TSS,Inflow,451
30,1980780486_CA,TSS,Inflow,451
96,1980780486_CA,TSS,Inflow,452
36,1980780486_CA,TSS,Inflow,452
1280,1980780486_CA,TSS,Inflow,452
72,1980780486_CA,TSS,Inflow,452
49,1980780486_CA,TSS,Inflow,452
24,1980780486_CA,TSS,Inflow,453
18,1980780486_CA,TSS,Inflow,453
161,1980780486_CA,TSS,Inflow,453
723,1980780486_CA,TSS,Inflow,453
90,1980780486_CA,TSS,Inflow,453
66,1980780486_CA,TSS,Inflow,454
72,1980780486_CA,TSS,Inflow,454
2870,1980780486_CA,TSS,Inflow,454
90,1980780486_CA,TSS,Inflow,454
600,1980780486_CA,TSS,Inflow,454
21,1980780486_CA,TSS,Inflow,455
24,1980780486_CA,TSS,Inflow,455
166,1980780486_CA,TSS,Inflow,455
30,1980780486_CA,TSS,Inflow,455
66,1980780486_CA,TSS,Inflow,455
49,1980780486_CA,TSS,Inflow,456
66,1980780486_CA,TSS,Inflow,456
166,1980780486_CA,TSS,Inflow,456
118,1980780486_CA,TSS,Inflow,456
36,1980780486_CA,TSS,Inflow,456
166,1980780486_CA,TSS,Inflow,457
723,1980780486_CA,TSS,Inflow,457
85,1980780486_CA,TSS,Inflow,457
15,1980780486_CA,TSS,Inflow,457
118,1980780486_CA,TSS,Inflow,457
118,1980780486_CA,TSS,Inflow,458
35,1980780486_CA,TSS,Inflow,458
2870,1980780486_CA,TSS,Inflow,458
30,1980780486_CA,TSS,Inflow,458
166,1980780486_CA,TSS,Inflow,458
161,1980780486_CA,TSS,Inflow,459
49,1980780486_CA,TSS,Inflow,459
118,1980780486_CA,TSS,Inflow,459
191,1980780486_CA,TSS,Inflow,459
18,1980780486_CA,TSS,Inflow,459
30,1980780486_CA,TSS,Inflow,460
1280,1980780486_CA,TSS,Inflow,460
49,1980780486_CA,TSS,Inflow,460
21,1980780486_CA,TSS,Inflow,460
24,1980780486_CA,TSS,Inflow,460
30,1980780486_CA,TSS,Inflow,461
191,1980780486_CA,TSS,Inflow,461
1280,1980780486_CA,TSS,Inflow,461
161,1980780486_CA,TSS,Inflow,461
36,1980780486_CA,TSS,Inflow,461
24,1980780486_CA,TSS,Inflow,462
18,1980780486_CA,TSS,Inflow,462
1280,1980780486_CA,TSS,Inflow,462
118,1980780486_CA,TSS,Inflow,462
21,1980780486_CA,TSS,Inflow,462
161,1980780486_CA,TSS,Inflow,463
90,1980780486_CA,TSS,Inflow,463
2870,1980780486_CA,TSS,Inflow,463
18,1980780486_CA,TSS,Inflow,463
1280,1980780486_CA,TSS,Inflow,463
166,1980780486_CA,TSS,Inflow,464
600,1980780486_CA,TSS,Inflow,464
24,1980780486_CA,TSS,Inflow,464
15,1980780486_CA,TSS,Inflow,464
2870,1980780486_CA,TSS,Inflow,464
66,1980780486_CA,TSS,Inflow,465
36,1980780486_CA,TSS,Inflow,465
96,1980780486_CA,TSS,Inflow,465
30,1980780486_CA,TSS,Inflow,465
85,1980780486_CA,TSS,Inflow,465
90,1980780486_CA,TSS,Inflow,466
30,1980780486_CA,TSS,Inflow,466
49,1980780486_CA,TSS,Inflow,466
161,1980780486_CA,TSS,Inflow,466
35,1980780486_CA,TSS,Inflow,466
35,1980780486_CA,TSS,Inflow,467
166,1980780486_CA,TSS,Inflow,467
1280,1980780486_CA,TSS,Inflow,467
118,1980780486_CA,TSS,Inflow,467
90,1980780486_CA,TSS,Inflow,467
723,1980780486_CA,TSS,Inflow,468
15,1980780486_CA,TSS,Inflow,468
161,1980780486_CA,TSS,Inflow,468
600,1980780486_CA,TSS,Inflow,468
49,1980780486_CA,TSS,Inflow,468
161,1980780486_CA,TSS,Inflow,469
2870,1980780486_CA,TSS,Inflow,469
30,1980780486_CA,TSS,Inflow,469
96,1980780486_CA,TSS,Inflow,469
90,1980780486_CA,TSS,Inflow,469
30,1980780486_CA,TSS,Inflow,470
600,1980780486_CA,TSS,Inflow,470
1280,1980780486_CA,TSS,Inflow,470
35,1980780486_CA,TSS,Inflow,470
21,1980780486_CA,TSS,Inflow,470
118,1980780486_CA,TSS,Inflow,471
18,1980780486_CA,TSS,Inflow,471
191,1980780486_CA,TSS,Inflow,471
30,1980780486_CA,TSS,Inflow,471
85,1980780486_CA,TSS,Inflow,471
1280,1980780486_CA,TSS,Inflow,472
96,1980780486_CA,TSS,Inflow,472
191,1980780486_CA,TSS,Inflow,472
36,1980780486_CA,TSS,Inflow,472
66,1980780486_CA,TSS,Inflow,472
18,1980780486_CA,TSS,Inflow,473
66,1980780486_CA,TSS,Inflow,473
1280,1980780486_CA,TSS,Inflow,473
118,1980780486_CA,TSS,Inflow,473
90,1980780486_CA,TSS,Inflow,473
36,1980780486_CA,TSS,Inflow,474
72,1980780486_CA,TSS,Inflow,474
15,1980780486_CA,TSS,Inflow,474
35,1980780486_CA,TSS,Inflow,474
1280,1980780486_CA,TSS,Inflow,474
30,1980780486_CA,TSS,Inflow,475
90,1980780486_CA,TSS,Inflow,475
161,1980780486_CA,TSS,Inflow,475
36,1980780486_CA,TSS,Inflow,475
35,1980780486_CA,TSS,Inflow,475
24,1980780486_CA,TSS,Inflow,476
30,1980780486_CA,TSS,Inflow,476
191,1980780486_CA,TSS,Inflow,476
600,1980780486_CA,TSS,Inflow,476
66,1980780486_CA,TSS,Inflow,476
24,1980780486_CA,TSS,Inflow,477
166,1980780486_CA,TSS,Inflow,477
1280,1980780486_CA,TSS,Inflow,477
15,1980780486_CA,TSS,Inflow,477
600,1980780486_CA,TSS,Inflow,477
161,1980780486_CA,TSS,Inflow,478
191,1980780486_CA,TSS,Inflow,478
90,1980780486_CA,TSS,Inflow,478
30,1980780486_CA,TSS,Inflow,478
35,1980780486_CA,TSS,Inflow,478
96,1980780486_CA,TSS,Inflow,479
30,1980780486_CA,TSS,Inflow,479
35,1980780486_CA,TSS,Inflow,479
18,1980780486_CA,TSS,Inflow,479
1280,1980780486_CA,TSS,Inflow,479
166,1980780486_CA,TSS,Inflow,480
30,1980780486_CA,TSS,Inflow,480
1280,1980780486_CA,TSS,Inflow,480
15,1980780486_CA,TSS,Inflow,480
49,1980780486_CA,TSS,Inflow,480
72,1980780486_CA,TSS,Inflow,481
66,1980780486_CA,TSS,Inflow,481
30,1980780486_CA,TSS,Inflow,481
30,1980780486_CA,TSS,Inflow,481
118,1980780486_CA,TSS,Inflow,481
35,1980780486_CA,TSS,Inflow,482
66,1980780486_CA,TSS,Inflow,482
24,1980780486_CA,TSS,Inflow,482
49,1980780486_CA,TSS,Inflow,482
90,1980780486_CA,TSS,Inflow,482
118,1980780486_CA,TSS,Inflow,483
21,1980780486_CA,TSS,Inflow,483
30,1980780486_CA,TSS,Inflow,483
30,1980780486_CA,TSS,Inflow,483
35,1980780486_CA,TSS,Inflow,483
66,1980780486_CA,TSS,Inflow,484
600,1980780486_CA,TSS,Inflow,484
166,1980780486_CA,TSS,Inflow,484
49,1980780486_CA,TSS,Inflow,484
15,1980780486_CA,TSS,Inflow,484
36,1980780486_CA,TSS,Inflow,485
24,1980780486_CA,TSS,Inflow,485
49,1980780486_CA,TSS,Inflow,485
96,1980780486_CA,TSS,Inflow,485
30,1980780486_CA,TSS,Inflow,485
166,1980780486_CA,TSS,Inflow,486
85,1980780486_CA,TSS,Inflow,486
723,1980780486_CA,TSS,Inflow,486
35,1980780486_CA,TSS,Inflow,486
24,1980780486_CA,TSS,Inflow,486
66,1980780486_CA,TSS,Inflow,487
49,1980780486_CA,TSS,Inflow,487
21,1980780486_CA,TSS,Inflow,487
30,1980780486_CA,TSS,Inflow,487
96,1980780486_CA,TSS,Inflow,487
15,1980780486_CA,TSS,Inflow,488
85,1980780486_CA,TSS,Inflow,488
30,1980780486_CA,TSS,Inflow,488
30,1980780486_CA,TSS,Inflow,488
49,1980780486_CA,TSS,Inflow,488
600,1980780486_CA,TSS,Inflow,489
21,1980780486_CA,TSS,Inflow,489
1280,1980780486_CA,TSS,Inflow,489
36,1980780486_CA,TSS,Inflow,489
85,1980780486_CA,TSS,Inflow,489
21,1980780486_CA,TSS,Inflow,490
35,1980780486_CA,TSS,Inflow,490
24,1980780486_CA,TSS,Inflow,490
85,1980780486_CA,TSS,Inflow,490
2870,1980780486_CA,TSS,Inflow,490
18,1980780486_CA,TSS,Inflow,491
1280,1980780486_CA,TSS,Inflow,491
21,1980780486_CA,TSS,Inflow,491
30,1980780486_CA,TSS,Inflow,491
166,1980780486_CA,TSS,Inflow,491
66,1980780486_CA,TSS,Inflow,492
96,1980780486_CA,TSS,Inflow,492
18,1980780486_CA,TSS,Inflow,492
118,1980780486_CA,TSS,Inflow,492
15,1980780486_CA,TSS,Inflow,492
49,1980780486_CA,TSS,Inflow,493
72,1980780486_CA,TSS,Inflow,493
166,1980780486_CA,TSS,Inflow,493
30,1980780486_CA,TSS,Inflow,493
15,1980780486_CA,TSS,Inflow,493
166,1980780486_CA,TSS,Inflow,494
1280,1980780486_CA,TSS,Inflow,494
191,1980780486_CA,TSS,Inflow,494
36,1980780486_CA,TSS,Inflow,494
72,1980780486_CA,TSS,Inflow,494
72,1980780486_CA,TSS,Inflow,495
21,1980780486_CA,TSS,Inflow,495
36,1980780486_CA,TSS,Inflow,495
1280,1980780486_CA,TSS,Inflow,495
35,1980780486_CA,TSS,Inflow,495
723,1980780486_CA,TSS,Inflow,496
166,1980780486_CA,TSS,Inflow,496
30,1980780486_CA,TSS,Inflow,496
72,1980780486_CA,TSS,Inflow,496
90,1980780486_CA,TSS,Inflow,496
1280,1980780486_CA,TSS,Inflow,497
600,1980780486_CA,TSS,Inflow,497
118,1980780486_CA,TSS,Inflow,497
90,1980780486_CA,TSS,Inflow,497
96,1980780486_CA,TSS,Inflow,497
161,1980780486_CA,TSS,Inflow,498
24,1980780486_CA,TSS,Inflow,498
15,1980780486_CA,TSS,Inflow,498
30,1980780486_CA,TSS,Inflow,498
72,1980780486_CA,TSS,Inflow,498
166,1980780486_CA,TSS,Inflow,499
72,1980780486_CA,TSS,Inflow,499
85,1980780486_CA,TSS,Inflow,499
15,1980780486_CA,TSS,Inflow,499
30,1980780486_CA,TSS,Inflow,499
35,1980780486_CA,TSS,Inflow,500
15,1980780486_CA,TSS,Inflow,500
72,1980780486_CA,TSS,Inflow,500
18,1980780486_CA,TSS,Inflow,500
90,1980780486_CA,TSS,Inflow,500
