EMC,Location,Analyte,Flow,Run
85,1980780486_CA,TSS,Inflow,1
723,1980780486_CA,TSS,Inflow,1
90,1980780486_CA,TSS,Inflow,1
96,1980780486_CA,TSS,Inflow,1
30,1980780486_CA,TSS,Inflow,1
723,1980780486_CA,TSS,Inflow,2
90,1980780486_CA,TSS,Inflow,2
35,1980780486_CA,TSS,Inflow,2
191,1980780486_CA,TSS,Inflow,2
1280,1980780486_CA,TSS,Inflow,2
1280,1980780486_CA,TSS,Inflow,3
166,1980780486_CA,TSS,Inflow,3
66,1980780486_CA,TSS,Inflow,3
161,1980780486_CA,TSS,Inflow,3
90,1980780486_CA,TSS,Inflow,3
118,1980780486_CA,TSS,Inflow,4
21,1980780486_CA,TSS,Inflow,4
2870,1980780486_CA,TSS,Inflow,4
72,1980780486_CA,TSS,Inflow,4
30,1980780486_CA,TSS,Inflow,4
36,1980780486_CA,TSS,Inflow,5
30,1980780486_CA,TSS,Inflow,5
72,1980780486_CA,TSS,Inflow,5
2870,1980780486_CA,TSS,Inflow,5
90,1980780486_CA,TSS,Inflow,5
72,1980780486_CA,TSS,Inflow,6
15,1980780486_CA,TSS,Inflow,6
118,1980780486_CA,TSS,Inflow,6
36,1980780486_CA,TSS,Inflow,6
1280,1980780486_CA,TSS,Inflow,6
18,1980780486_CA,TSS,Inflow,7
90,1980780486_CA,TSS,Inflow,7
118,1980780486_CA,TSS,Inflow,7
66,1980780486_CA,TSS,Inflow,7
30,1980780486_CA,TSS,Inflow,7
166,1980780486_CA,TSS,Inflow,8
161,1980780486_CA,TSS,Inflow,8
600,1980780486_CA,TSS,Inflow,8
36,1980780486_CA,TSS,Inflow,8
191,1980780486_CA,TSS,Inflow,8
30,1980780486_CA,TSS,Inflow,9
18,1980780486_CA,TSS,Inflow,9
24,1980780486_CA,TSS,Inflow,9
36,1980780486_CA,TSS,Inflow,9
90,1980780486_CA,TSS,Inflow,9
36,1980780486_CA,TSS,Inflow,10
166,1980780486_CA,TSS,Inflow,10
1280,1980780486_CA,TSS,Inflow,10
161,1980780486_CA,TSS,Inflow,10
723,1980780486_CA,TSS,Inflow,10
600,1980780486_CA,TSS,Inflow,11
21,1980780486_CA,TSS,Inflow,11
96,1980780486_CA,TSS,Inflow,11
191,1980780486_CA,TSS,Inflow,11
24,1980780486_CA,TSS,Inflow,11
161,1980780486_CA,TSS,Inflow,12
72,1980780486_CA,TSS,Inflow,12
96,1980780486_CA,TSS,Inflow,12
66,1980780486_CA,TSS,Inflow,12
21,1980780486_CA,TSS,Inflow,12
66,1980780486_CA,TSS,Inflow,13
2870,1980780486_CA,TSS,Inflow,13
85,1980780486_CA,TSS,Inflow,13
30,1980780486_CA,TSS,Inflow,13
21,1980780486_CA,TSS,Inflow,13
723,1980780486_CA,TSS,Inflow,14
36,1980780486_CA,TSS,Inflow,14
118,1980780486_CA,TSS,Inflow,14
18,1980780486_CA,TSS,Inflow,14
24,1980780486_CA,TSS,Inflow,14
30,1980780486_CA,TSS,Inflow,15
96,1980780486_CA,TSS,Inflow,15
1280,1980780486_CA,TSS,Inflow,15
723,1980780486_CA,TSS,Inflow,15
21,1980780486_CA,TSS,Inflow,15
30,1980780486_CA,TSS,Inflow,16
36,1980780486_CA,TSS,Inflow,16
90,1980780486_CA,TSS,Inflow,16
21,1980780486_CA,TSS,Inflow,16
35,1980780486_CA,TSS,Inflow,16
161,1980780486_CA,TSS,Inflow,17
723,1980780486_CA,TSS,Inflow,17
49,1980780486_CA,TSS,Inflow,17
15,1980780486_CA,TSS,Inflow,17
30,1980780486_CA,TSS,Inflow,17
96,1980780486_CA,TSS,Inflow,18
30,1980780486_CA,TSS,Inflow,18
723,1980780486_CA,TSS,Inflow,18
21,1980780486_CA,TSS,Inflow,18
24,1980780486_CA,TSS,Inflow,18
49,1980780486_CA,TSS,Inflow,19
21,1980780486_CA,TSS,Inflow,19
24,1980780486_CA,TSS,Inflow,19
1280,1980780486_CA,TSS,Inflow,19
72,1980780486_CA,TSS,Inflow,19
723,1980780486_CA,TSS,Inflow,20
72,1980780486_CA,TSS,Inflow,20
15,1980780486_CA,TSS,Inflow,20
166,1980780486_CA,TSS,Inflow,20
21,1980780486_CA,TSS,Inflow,20
191,1980780486_CA,TSS,Inflow,21
118,1980780486_CA,TSS,Inflow,21
15,1980780486_CA,TSS,Inflow,21
24,1980780486_CA,TSS,Inflow,21
18,1980780486_CA,TSS,Inflow,21
191,1980780486_CA,TSS,Inflow,22
96,1980780486_CA,TSS,Inflow,22
2870,1980780486_CA,TSS,Inflow,22
18,1980780486_CA,TSS,Inflow,22
36,1980780486_CA,TSS,Inflow,22
15,1980780486_CA,TSS,Inflow,23
49,1980780486_CA,TSS,Inflow,23
96,1980780486_CA,TSS,Inflow,23
2870,1980780486_CA,TSS,Inflow,23
1280,1980780486_CA,TSS,Inflow,23
90,1980780486_CA,TSS,Inflow,24
85,1980780486_CA,TSS,Inflow,24
723,1980780486_CA,TSS,Inflow,24
24,1980780486_CA,TSS,Inflow,24
72,1980780486_CA,TSS,Inflow,24
36,1980780486_CA,TSS,Inflow,25
35,1980780486_CA,TSS,Inflow,25
30,1980780486_CA,TSS,Inflow,25
161,1980780486_CA,TSS,Inflow,25
90,1980780486_CA,TSS,Inflow,25
118,1980780486_CA,TSS,Inflow,26
21,1980780486_CA,TSS,Inflow,26
723,1980780486_CA,TSS,Inflow,26
1280,1980780486_CA,TSS,Inflow,26
15,1980780486_CA,TSS,Inflow,26
723,1980780486_CA,TSS,Inflow,27
66,1980780486_CA,TSS,Inflow,27
2870,1980780486_CA,TSS,Inflow,27
49,1980780486_CA,TSS,Inflow,27
30,1980780486_CA,TSS,Inflow,27
49,1980780486_CA,TSS,Inflow,28
36,1980780486_CA,TSS,Inflow,28
30,1980780486_CA,TSS,Inflow,28
90,1980780486_CA,TSS,Inflow,28
21,1980780486_CA,TSS,Inflow,28
118,1980780486_CA,TSS,Inflow,29
66,1980780486_CA,TSS,Inflow,29
35,1980780486_CA,TSS,Inflow,29
24,1980780486_CA,TSS,Inflow,29
49,1980780486_CA,TSS,Inflow,29
35,1980780486_CA,TSS,Inflow,30
90,1980780486_CA,TSS,Inflow,30
191,1980780486_CA,TSS,Inflow,30
118,1980780486_CA,TSS,Inflow,30
723,1980780486_CA,TSS,Inflow,30
30,1980780486_CA,TSS,Inflow,31
2870,1980780486_CA,TSS,Inflow,31
191,1980780486_CA,TSS,Inflow,31
24,1980780486_CA,TSS,Inflow,31
18,1980780486_CA,TSS,Inflow,31
2870,1980780486_CA,TSS,Inflow,32
1280,1980780486_CA,TSS,Inflow,32
166,1980780486_CA,TSS,Inflow,32
18,1980780486_CA,TSS,Inflow,32
36,1980780486_CA,TSS,Inflow,32
30,1980780486_CA,TSS,Inflow,33
1280,1980780486_CA,TSS,Inflow,33
161,1980780486_CA,TSS,Inflow,33
600,1980780486_CA,TSS,Inflow,33
2870,1980780486_CA,TSS,Inflow,33
723,1980780486_CA,TSS,Inflow,34
2870,1980780486_CA,TSS,Inflow,34
161,1980780486_CA,TSS,Inflow,34
191,1980780486_CA,TSS,Inflow,34
72,1980780486_CA,TSS,Inflow,34
90,1980780486_CA,TSS,Inflow,35
15,1980780486_CA,TSS,Inflow,35
30,1980780486_CA,TSS,Inflow,35
30,1980780486_CA,TSS,Inflow,35
723,1980780486_CA,TSS,Inflow,35
1280,1980780486_CA,TSS,Inflow,36
191,1980780486_CA,TSS,Inflow,36
30,1980780486_CA,TSS,Inflow,36
90,1980780486_CA,TSS,Inflow,36
36,1980780486_CA,TSS,Inflow,36
18,1980780486_CA,TSS,Inflow,37
30,1980780486_CA,TSS,Inflow,37
36,1980780486_CA,TSS,Inflow,37
85,1980780486_CA,TSS,Inflow,37
66,1980780486_CA,TSS,Inflow,37
36,1980780486_CA,TSS,Inflow,38
118,1980780486_CA,TSS,Inflow,38
90,1980780486_CA,TSS,Inflow,38
96,1980780486_CA,TSS,Inflow,38
15,1980780486_CA,TSS,Inflow,38
85,1980780486_CA,TSS,Inflow,39
30,1980780486_CA,TSS,Inflow,39
72,1980780486_CA,TSS,Inflow,39
36,1980780486_CA,TSS,Inflow,39
723,1980780486_CA,TSS,Inflow,39
15,1980780486_CA,TSS,Inflow,40
30,1980780486_CA,TSS,Inflow,40
166,1980780486_CA,TSS,Inflow,40
49,1980780486_CA,TSS,Inflow,40
36,1980780486_CA,TSS,Inflow,40
85,1980780486_CA,TSS,Inflow,41
30,1980780486_CA,TSS,Inflow,41
66,1980780486_CA,TSS,Inflow,41
24,1980780486_CA,TSS,Inflow,41
30,1980780486_CA,TSS,Inflow,41
2870,1980780486_CA,TSS,Inflow,42
166,1980780486_CA,TSS,Inflow,42
36,1980780486_CA,TSS,Inflow,42
30,1980780486_CA,TSS,Inflow,42
15,1980780486_CA,TSS,Inflow,42
66,1980780486_CA,TSS,Inflow,43
30,1980780486_CA,TSS,Inflow,43
36,1980780486_CA,TSS,Inflow,43
72,1980780486_CA,TSS,Inflow,43
2870,1980780486_CA,TSS,Inflow,43
72,1980780486_CA,TSS,Inflow,44
21,1980780486_CA,TSS,Inflow,44
18,1980780486_CA,TSS,Inflow,44
600,1980780486_CA,TSS,Inflow,44
30,1980780486_CA,TSS,Inflow,44
96,1980780486_CA,TSS,Inflow,45
30,1980780486_CA,TSS,Inflow,45
1280,1980780486_CA,TSS,Inflow,45
15,1980780486_CA,TSS,Inflow,45
66,1980780486_CA,TSS,Inflow,45
96,1980780486_CA,TSS,Inflow,46
30,1980780486_CA,TSS,Inflow,46
18,1980780486_CA,TSS,Inflow,46
72,1980780486_CA,TSS,Inflow,46
1280,1980780486_CA,TSS,Inflow,46
18,1980780486_CA,TSS,Inflow,47
191,1980780486_CA,TSS,Inflow,47
72,1980780486_CA,TSS,Inflow,47
66,1980780486_CA,TSS,Inflow,47
24,1980780486_CA,TSS,Inflow,47
600,1980780486_CA,TSS,Inflow,48
90,1980780486_CA,TSS,Inflow,48
36,1980780486_CA,TSS,Inflow,48
21,1980780486_CA,TSS,Inflow,48
191,1980780486_CA,TSS,Inflow,48
96,1980780486_CA,TSS,Inflow,49
600,1980780486_CA,TSS,Inflow,49
30,1980780486_CA,TSS,Inflow,49
723,1980780486_CA,TSS,Inflow,49
30,1980780486_CA,TSS,Inflow,49
161,1980780486_CA,TSS,Inflow,50
723,1980780486_CA,TSS,Inflow,50
24,1980780486_CA,TSS,Inflow,50
66,1980780486_CA,TSS,Inflow,50
118,1980780486_CA,TSS,Inflow,50
66,1980780486_CA,TSS,Inflow,51
15,1980780486_CA,TSS,Inflow,51
600,1980780486_CA,TSS,Inflow,51
85,1980780486_CA,TSS,Inflow,51
1280,1980780486_CA,TSS,Inflow,51
96,1980780486_CA,TSS,Inflow,52
66,1980780486_CA,TSS,Inflow,52
21,1980780486_CA,TSS,Inflow,52
90,1980780486_CA,TSS,Inflow,52
49,1980780486_CA,TSS,Inflow,52
35,1980780486_CA,TSS,Inflow,53
723,1980780486_CA,TSS,Inflow,53
18,1980780486_CA,TSS,Inflow,53
161,1980780486_CA,TSS,Inflow,53
90,1980780486_CA,TSS,Inflow,53
1280,1980780486_CA,TSS,Inflow,54
166,1980780486_CA,TSS,Inflow,54
21,1980780486_CA,TSS,Inflow,54
15,1980780486_CA,TSS,Inflow,54
36,1980780486_CA,TSS,Inflow,54
49,1980780486_CA,TSS,Inflow,55
161,1980780486_CA,TSS,Inflow,55
30,1980780486_CA,TSS,Inflow,55
85,1980780486_CA,TSS,Inflow,55
90,1980780486_CA,TSS,Inflow,55
35,1980780486_CA,TSS,Inflow,56
96,1980780486_CA,TSS,Inflow,56
30,1980780486_CA,TSS,Inflow,56
191,1980780486_CA,TSS,Inflow,56
36,1980780486_CA,TSS,Inflow,56
35,1980780486_CA,TSS,Inflow,57
191,1980780486_CA,TSS,Inflow,57
600,1980780486_CA,TSS,Inflow,57
2870,1980780486_CA,TSS,Inflow,57
15,1980780486_CA,TSS,Inflow,57
35,1980780486_CA,TSS,Inflow,58
723,1980780486_CA,TSS,Inflow,58
30,1980780486_CA,TSS,Inflow,58
1280,1980780486_CA,TSS,Inflow,58
15,1980780486_CA,TSS,Inflow,58
90,1980780486_CA,TSS,Inflow,59
30,1980780486_CA,TSS,Inflow,59
30,1980780486_CA,TSS,Inflow,59
72,1980780486_CA,TSS,Inflow,59
166,1980780486_CA,TSS,Inflow,59
66,1980780486_CA,TSS,Inflow,60
161,1980780486_CA,TSS,Inflow,60
723,1980780486_CA,TSS,Inflow,60
35,1980780486_CA,TSS,Inflow,60
1280,1980780486_CA,TSS,Inflow,60
35,1980780486_CA,TSS,Inflow,61
1280,1980780486_CA,TSS,Inflow,61
18,1980780486_CA,TSS,Inflow,61
166,1980780486_CA,TSS,Inflow,61
118,1980780486_CA,TSS,Inflow,61
90,1980780486_CA,TSS,Inflow,62
30,1980780486_CA,TSS,Inflow,62
36,1980780486_CA,TSS,Inflow,62
15,1980780486_CA,TSS,Inflow,62
118,1980780486_CA,TSS,Inflow,62
96,1980780486_CA,TSS,Inflow,63
30,1980780486_CA,TSS,Inflow,63
36,1980780486_CA,TSS,Inflow,63
21,1980780486_CA,TSS,Inflow,63
600,1980780486_CA,TSS,Inflow,63
21,1980780486_CA,TSS,Inflow,64
35,1980780486_CA,TSS,Inflow,64
30,1980780486_CA,TSS,Inflow,64
72,1980780486_CA,TSS,Inflow,64
600,1980780486_CA,TSS,Inflow,64
85,1980780486_CA,TSS,Inflow,65
18,1980780486_CA,TSS,Inflow,65
191,1980780486_CA,TSS,Inflow,65
723,1980780486_CA,TSS,Inflow,65
96,1980780486_CA,TSS,Inflow,65
723,1980780486_CA,TSS,Inflow,66
90,1980780486_CA,TSS,Inflow,66
191,1980780486_CA,TSS,Inflow,66
30,1980780486_CA,TSS,Inflow,66
36,1980780486_CA,TSS,Inflow,66
36,1980780486_CA,TSS,Inflow,67
723,1980780486_CA,TSS,Inflow,67
15,1980780486_CA,TSS,Inflow,67
191,1980780486_CA,TSS,Inflow,67
600,1980780486_CA,TSS,Inflow,67
24,1980780486_CA,TSS,Inflow,68
72,1980780486_CA,TSS,Inflow,68
118,1980780486_CA,TSS,Inflow,68
35,1980780486_CA,TSS,Inflow,68
191,1980780486_CA,TSS,Inflow,68
166,1980780486_CA,TSS,Inflow,69
66,1980780486_CA,TSS,Inflow,69
49,1980780486_CA,TSS,Inflow,69
24,1980780486_CA,TSS,Inflow,69
191,1980780486_CA,TSS,Inflow,69
30,1980780486_CA,TSS,Inflow,70
118,1980780486_CA,TSS,Inflow,70
66,1980780486_CA,TSS,Inflow,70
1280,1980780486_CA,TSS,Inflow,70
96,1980780486_CA,TSS,Inflow,70
30,1980780486_CA,TSS,Inflow,71
723,1980780486_CA,TSS,Inflow,71
85,1980780486_CA,TSS,Inflow,71
2870,1980780486_CA,TSS,Inflow,71
191,1980780486_CA,TSS,Inflow,71
30,1980780486_CA,TSS,Inflow,72
90,1980780486_CA,TSS,Inflow,72
72,1980780486_CA,TSS,Inflow,72
118,1980780486_CA,TSS,Inflow,72
723,1980780486_CA,TSS,Inflow,72
30,1980780486_CA,TSS,Inflow,73
66,1980780486_CA,TSS,Inflow,73
18,1980780486_CA,TSS,Inflow,73
161,1980780486_CA,TSS,Inflow,73
35,1980780486_CA,TSS,Inflow,73
96,1980780486_CA,TSS,Inflow,74
1280,1980780486_CA,TSS,Inflow,74
72,1980780486_CA,TSS,Inflow,74
21,1980780486_CA,TSS,Inflow,74
161,1980780486_CA,TSS,Inflow,74
723,1980780486_CA,TSS,Inflow,75
35,1980780486_CA,TSS,Inflow,75
191,1980780486_CA,TSS,Inflow,75
600,1980780486_CA,TSS,Inflow,75
72,1980780486_CA,TSS,Inflow,75
90,1980780486_CA,TSS,Inflow,76
2870,1980780486_CA,TSS,Inflow,76
66,1980780486_CA,TSS,Inflow,76
30,1980780486_CA,TSS,Inflow,76
18,1980780486_CA,TSS,Inflow,76
24,1980780486_CA,TSS,Inflow,77
30,1980780486_CA,TSS,Inflow,77
2870,1980780486_CA,TSS,Inflow,77
66,1980780486_CA,TSS,Inflow,77
166,1980780486_CA,TSS,Inflow,77
18,1980780486_CA,TSS,Inflow,78
166,1980780486_CA,TSS,Inflow,78
36,1980780486_CA,TSS,Inflow,78
161,1980780486_CA,TSS,Inflow,78
1280,1980780486_CA,TSS,Inflow,78
166,1980780486_CA,TSS,Inflow,79
85,1980780486_CA,TSS,Inflow,79
49,1980780486_CA,TSS,Inflow,79
72,1980780486_CA,TSS,Inflow,79
21,1980780486_CA,TSS,Inflow,79
24,1980780486_CA,TSS,Inflow,80
600,1980780486_CA,TSS,Inflow,80
36,1980780486_CA,TSS,Inflow,80
118,1980780486_CA,TSS,Inflow,80
166,1980780486_CA,TSS,Inflow,80
96,1980780486_CA,TSS,Inflow,81
191,1980780486_CA,TSS,Inflow,81
723,1980780486_CA,TSS,Inflow,81
24,1980780486_CA,TSS,Inflow,81
161,1980780486_CA,TSS,Inflow,81
49,1980780486_CA,TSS,Inflow,82
600,1980780486_CA,TSS,Inflow,82
24,1980780486_CA,TSS,Inflow,82
166,1980780486_CA,TSS,Inflow,82
161,1980780486_CA,TSS,Inflow,82
72,1980780486_CA,TSS,Inflow,83
15,1980780486_CA,TSS,Inflow,83
30,1980780486_CA,TSS,Inflow,83
35,1980780486_CA,TSS,Inflow,83
85,1980780486_CA,TSS,Inflow,83
2870,1980780486_CA,TSS,Inflow,84
90,1980780486_CA,TSS,Inflow,84
36,1980780486_CA,TSS,Inflow,84
24,1980780486_CA,TSS,Inflow,84
15,1980780486_CA,TSS,Inflow,84
21,1980780486_CA,TSS,Inflow,85
36,1980780486_CA,TSS,Inflow,85
96,1980780486_CA,TSS,Inflow,85
72,1980780486_CA,TSS,Inflow,85
723,1980780486_CA,TSS,Inflow,85
66,1980780486_CA,TSS,Inflow,86
2870,1980780486_CA,TSS,Inflow,86
35,1980780486_CA,TSS,Inflow,86
118,1980780486_CA,TSS,Inflow,86
166,1980780486_CA,TSS,Inflow,86
1280,1980780486_CA,TSS,Inflow,87
2870,1980780486_CA,TSS,Inflow,87
166,1980780486_CA,TSS,Inflow,87
191,1980780486_CA,TSS,Inflow,87
18,1980780486_CA,TSS,Inflow,87
85,1980780486_CA,TSS,Inflow,88
24,1980780486_CA,TSS,Inflow,88
30,1980780486_CA,TSS,Inflow,88
1280,1980780486_CA,TSS,Inflow,88
191,1980780486_CA,TSS,Inflow,88
24,1980780486_CA,TSS,Inflow,89
36,1980780486_CA,TSS,Inflow,89
72,1980780486_CA,TSS,Inflow,89
35,1980780486_CA,TSS,Inflow,89
49,1980780486_CA,TSS,Inflow,89
161,1980780486_CA,TSS,Inflow,90
85,1980780486_CA,TSS,Inflow,90
90,1980780486_CA,TSS,Inflow,90
18,1980780486_CA,TSS,Inflow,90
96,1980780486_CA,TSS,Inflow,90
1280,1980780486_CA,TSS,Inflow,91
21,1980780486_CA,TSS,Inflow,91
35,1980780486_CA,TSS,Inflow,91
2870,1980780486_CA,TSS,Inflow,91
96,1980780486_CA,TSS,Inflow,91
85,1980780486_CA,TSS,Inflow,92
96,1980780486_CA,TSS,Inflow,92
2870,1980780486_CA,TSS,Inflow,92
49,1980780486_CA,TSS,Inflow,92
24,1980780486_CA,TSS,Inflow,92
30,1980780486_CA,TSS,Inflow,93
96,1980780486_CA,TSS,Inflow,93
66,1980780486_CA,TSS,Inflow,93
18,1980780486_CA,TSS,Inflow,93
15,1980780486_CA,TSS,Inflow,93
21,1980780486_CA,TSS,Inflow,94
15,1980780486_CA,TSS,Inflow,94
90,1980780486_CA,TSS,Inflow,94
166,1980780486_CA,TSS,Inflow,94
35,1980780486_CA,TSS,Inflow,94
85,1980780486_CA,TSS,Inflow,95
1280,1980780486_CA,TSS,Inflow,95
161,1980780486_CA,TSS,Inflow,95
36,1980780486_CA,TSS,Inflow,95
21,1980780486_CA,TSS,Inflow,95
166,1980780486_CA,TSS,Inflow,96
723,1980780486_CA,TSS,Inflow,96
118,1980780486_CA,TSS,Inflow,96
30,1980780486_CA,TSS,Inflow,96
15,1980780486_CA,TSS,Inflow,96
85,1980780486_CA,TSS,Inflow,97
21,1980780486_CA,TSS,Inflow,97
723,1980780486_CA,TSS,Inflow,97
15,1980780486_CA,TSS,Inflow,97
191,1980780486_CA,TSS,Inflow,97
96,1980780486_CA,TSS,Inflow,98
166,1980780486_CA,TSS,Inflow,98
15,1980780486_CA,TSS,Inflow,98
18,1980780486_CA,TSS,Inflow,98
30,1980780486_CA,TSS,Inflow,98
72,1980780486_CA,TSS,Inflow,99
49,1980780486_CA,TSS,Inflow,99
30,1980780486_CA,TSS,Inflow,99
21,1980780486_CA,TSS,Inflow,99
723,1980780486_CA,TSS,Inflow,99
21,1980780486_CA,TSS,Inflow,100
118,1980780486_CA,TSS,Inflow,100
191,1980780486_CA,TSS,Inflow,100
15,1980780486_CA,TSS,Inflow,100
2870,1980780486_CA,TSS,Inflow,100
49,1980780486_CA,TSS,Inflow,101
36,1980780486_CA,TSS,Inflow,101
66,1980780486_CA,TSS,Inflow,101
15,1980780486_CA,TSS,Inflow,101
600,1980780486_CA,TSS,Inflow,101
49,1980780486_CA,TSS,Inflow,102
24,1980780486_CA,TSS,Inflow,102
72,1980780486_CA,TSS,Inflow,102
1280,1980780486_CA,TSS,Inflow,102
21,1980780486_CA,TSS,Inflow,102
30,1980780486_CA,TSS,Inflow,103
161,1980780486_CA,TSS,Inflow,103
49,1980780486_CA,TSS,Inflow,103
723,1980780486_CA,TSS,Inflow,103
85,1980780486_CA,TSS,Inflow,103
36,1980780486_CA,TSS,Inflow,104
90,1980780486_CA,TSS,Inflow,104
72,1980780486_CA,TSS,Inflow,104
723,1980780486_CA,TSS,Inflow,104
24,1980780486_CA,TSS,Inflow,104
49,1980780486_CA,TSS,Inflow,105
21,1980780486_CA,TSS,Inflow,105
96,1980780486_CA,TSS,Inflow,105
85,1980780486_CA,TSS,Inflow,105
1280,1980780486_CA,TSS,Inflow,105
90,1980780486_CA,TSS,Inflow,106
161,1980780486_CA,TSS,Inflow,106
166,1980780486_CA,TSS,Inflow,106
15,1980780486_CA,TSS,Inflow,106
35,1980780486_CA,TSS,Inflow,106
18,1980780486_CA,TSS,Inflow,107
30,1980780486_CA,TSS,Inflow,107
600,1980780486_CA,TSS,Inflow,107
85,1980780486_CA,TSS,Inflow,107
96,1980780486_CA,TSS,Inflow,107
15,1980780486_CA,TSS,Inflow,108
723,1980780486_CA,TSS,Inflow,108
96,1980780486_CA,TSS,Inflow,108
600,1980780486_CA,TSS,Inflow,108
90,1980780486_CA,TSS,Inflow,108
36,1980780486_CA,TSS,Inflow,109
72,1980780486_CA,TSS,Inflow,109
30,1980780486_CA,TSS,Inflow,109
191,1980780486_CA,TSS,Inflow,109
66,1980780486_CA,TSS,Inflow,109
72,1980780486_CA,TSS,Inflow,110
66,1980780486_CA,TSS,Inflow,110
21,1980780486_CA,TSS,Inflow,110
2870,1980780486_CA,TSS,Inflow,110
118,1980780486_CA,TSS,Inflow,110
30,1980780486_CA,TSS,Inflow,111
15,1980780486_CA,TSS,Inflow,111
118,1980780486_CA,TSS,Inflow,111
166,1980780486_CA,TSS,Inflow,111
723,1980780486_CA,TSS,Inflow,111
21,1980780486_CA,TSS,Inflow,112
1280,1980780486_CA,TSS,Inflow,112
30,1980780486_CA,TSS,Inflow,112
161,1980780486_CA,TSS,Inflow,112
118,1980780486_CA,TSS,Inflow,112
166,1980780486_CA,TSS,Inflow,113
2870,1980780486_CA,TSS,Inflow,113
90,1980780486_CA,TSS,Inflow,113
96,1980780486_CA,TSS,Inflow,113
15,1980780486_CA,TSS,Inflow,113
600,1980780486_CA,TSS,Inflow,114
118,1980780486_CA,TSS,Inflow,114
30,1980780486_CA,TSS,Inflow,114
1280,1980780486_CA,TSS,Inflow,114
96,1980780486_CA,TSS,Inflow,114
85,1980780486_CA,TSS,Inflow,115
30,1980780486_CA,TSS,Inflow,115
161,1980780486_CA,TSS,Inflow,115
1280,1980780486_CA,TSS,Inflow,115
72,1980780486_CA,TSS,Inflow,115
191,1980780486_CA,TSS,Inflow,116
1280,1980780486_CA,TSS,Inflow,116
85,1980780486_CA,TSS,Inflow,116
90,1980780486_CA,TSS,Inflow,116
66,1980780486_CA,TSS,Inflow,116
24,1980780486_CA,TSS,Inflow,117
723,1980780486_CA,TSS,Inflow,117
85,1980780486_CA,TSS,Inflow,117
30,1980780486_CA,TSS,Inflow,117
191,1980780486_CA,TSS,Inflow,117
118,1980780486_CA,TSS,Inflow,118
35,1980780486_CA,TSS,Inflow,118
24,1980780486_CA,TSS,Inflow,118
15,1980780486_CA,TSS,Inflow,118
90,1980780486_CA,TSS,Inflow,118
72,1980780486_CA,TSS,Inflow,119
166,1980780486_CA,TSS,Inflow,119
85,1980780486_CA,TSS,Inflow,119
118,1980780486_CA,TSS,Inflow,119
36,1980780486_CA,TSS,Inflow,119
90,1980780486_CA,TSS,Inflow,120
30,1980780486_CA,TSS,Inflow,120
191,1980780486_CA,TSS,Inflow,120
21,1980780486_CA,TSS,Inflow,120
166,1980780486_CA,TSS,Inflow,120
24,1980780486_CA,TSS,Inflow,121
18,1980780486_CA,TSS,Inflow,121
30,1980780486_CA,TSS,Inflow,121
36,1980780486_CA,TSS,Inflow,121
85,1980780486_CA,TSS,Inflow,121
191,1980780486_CA,TSS,Inflow,122
96,1980780486_CA,TSS,Inflow,122
600,1980780486_CA,TSS,Inflow,122
85,1980780486_CA,TSS,Inflow,122
36,1980780486_CA,TSS,Inflow,122
35,1980780486_CA,TSS,Inflow,123
723,1980780486_CA,TSS,Inflow,123
1280,1980780486_CA,TSS,Inflow,123
118,1980780486_CA,TSS,Inflow,123
24,1980780486_CA,TSS,Inflow,123
30,1980780486_CA,TSS,Inflow,124
30,1980780486_CA,TSS,Inflow,124
85,1980780486_CA,TSS,Inflow,124
66,1980780486_CA,TSS,Inflow,124
21,1980780486_CA,TSS,Inflow,124
35,1980780486_CA,TSS,Inflow,125
90,1980780486_CA,TSS,Inflow,125
30,1980780486_CA,TSS,Inflow,125
24,1980780486_CA,TSS,Inflow,125
72,1980780486_CA,TSS,Inflow,125
723,1980780486_CA,TSS,Inflow,126
49,1980780486_CA,TSS,Inflow,126
2870,1980780486_CA,TSS,Inflow,126
191,1980780486_CA,TSS,Inflow,126
161,1980780486_CA,TSS,Inflow,126
600,1980780486_CA,TSS,Inflow,127
723,1980780486_CA,TSS,Inflow,127
2870,1980780486_CA,TSS,Inflow,127
161,1980780486_CA,TSS,Inflow,127
21,1980780486_CA,TSS,Inflow,127
96,1980780486_CA,TSS,Inflow,128
66,1980780486_CA,TSS,Inflow,128
2870,1980780486_CA,TSS,Inflow,128
723,1980780486_CA,TSS,Inflow,128
24,1980780486_CA,TSS,Inflow,128
49,1980780486_CA,TSS,Inflow,129
161,1980780486_CA,TSS,Inflow,129
21,1980780486_CA,TSS,Inflow,129
96,1980780486_CA,TSS,Inflow,129
24,1980780486_CA,TSS,Inflow,129
118,1980780486_CA,TSS,Inflow,130
21,1980780486_CA,TSS,Inflow,130
90,1980780486_CA,TSS,Inflow,130
723,1980780486_CA,TSS,Inflow,130
191,1980780486_CA,TSS,Inflow,130
24,1980780486_CA,TSS,Inflow,131
85,1980780486_CA,TSS,Inflow,131
72,1980780486_CA,TSS,Inflow,131
118,1980780486_CA,TSS,Inflow,131
30,1980780486_CA,TSS,Inflow,131
2870,1980780486_CA,TSS,Inflow,132
66,1980780486_CA,TSS,Inflow,132
191,1980780486_CA,TSS,Inflow,132
600,1980780486_CA,TSS,Inflow,132
15,1980780486_CA,TSS,Inflow,132
30,1980780486_CA,TSS,Inflow,133
1280,1980780486_CA,TSS,Inflow,133
2870,1980780486_CA,TSS,Inflow,133
191,1980780486_CA,TSS,Inflow,133
723,1980780486_CA,TSS,Inflow,133
90,1980780486_CA,TSS,Inflow,134
118,1980780486_CA,TSS,Inflow,134
96,1980780486_CA,TSS,Inflow,134
15,1980780486_CA,TSS,Inflow,134
35,1980780486_CA,TSS,Inflow,134
2870,1980780486_CA,TSS,Inflow,135
21,1980780486_CA,TSS,Inflow,135
15,1980780486_CA,TSS,Inflow,135
30,1980780486_CA,TSS,Inflow,135
1280,1980780486_CA,TSS,Inflow,135
85,1980780486_CA,TSS,Inflow,136
1280,1980780486_CA,TSS,Inflow,136
191,1980780486_CA,TSS,Inflow,136
49,1980780486_CA,TSS,Inflow,136
72,1980780486_CA,TSS,Inflow,136
1280,1980780486_CA,TSS,Inflow,137
24,1980780486_CA,TSS,Inflow,137
30,1980780486_CA,TSS,Inflow,137
85,1980780486_CA,TSS,Inflow,137
18,1980780486_CA,TSS,Inflow,137
35,1980780486_CA,TSS,Inflow,138
21,1980780486_CA,TSS,Inflow,138
96,1980780486_CA,TSS,Inflow,138
161,1980780486_CA,TSS,Inflow,138
723,1980780486_CA,TSS,Inflow,138
36,1980780486_CA,TSS,Inflow,139
161,1980780486_CA,TSS,Inflow,139
35,1980780486_CA,TSS,Inflow,139
24,1980780486_CA,TSS,Inflow,139
90,1980780486_CA,TSS,Inflow,139
66,1980780486_CA,TSS,Inflow,140
166,1980780486_CA,TSS,Inflow,140
49,1980780486_CA,TSS,Inflow,140
21,1980780486_CA,TSS,Inflow,140
72,1980780486_CA,TSS,Inflow,140
35,1980780486_CA,TSS,Inflow,141
96,1980780486_CA,TSS,Inflow,141
66,1980780486_CA,TSS,Inflow,141
723,1980780486_CA,TSS,Inflow,141
161,1980780486_CA,TSS,Inflow,141
85,1980780486_CA,TSS,Inflow,142
161,1980780486_CA,TSS,Inflow,142
18,1980780486_CA,TSS,Inflow,142
30,1980780486_CA,TSS,Inflow,142
191,1980780486_CA,TSS,Inflow,142
18,1980780486_CA,TSS,Inflow,143
600,1980780486_CA,TSS,Inflow,143
1280,1980780486_CA,TSS,Inflow,143
2870,1980780486_CA,TSS,Inflow,143
15,1980780486_CA,TSS,Inflow,143
191,1980780486_CA,TSS,Inflow,144
118,1980780486_CA,TSS,Inflow,144
90,1980780486_CA,TSS,Inflow,144
600,1980780486_CA,TSS,Inflow,144
36,1980780486_CA,TSS,Inflow,144
161,1980780486_CA,TSS,Inflow,145
166,1980780486_CA,TSS,Inflow,145
90,1980780486_CA,TSS,Inflow,145
85,1980780486_CA,TSS,Inflow,145
49,1980780486_CA,TSS,Inflow,145
72,1980780486_CA,TSS,Inflow,146
1280,1980780486_CA,TSS,Inflow,146
18,1980780486_CA,TSS,Inflow,146
24,1980780486_CA,TSS,Inflow,146
15,1980780486_CA,TSS,Inflow,146
18,1980780486_CA,TSS,Inflow,147
723,1980780486_CA,TSS,Inflow,147
600,1980780486_CA,TSS,Inflow,147
1280,1980780486_CA,TSS,Inflow,147
191,1980780486_CA,TSS,Inflow,147
30,1980780486_CA,TSS,Inflow,148
166,1980780486_CA,TSS,Inflow,148
21,1980780486_CA,TSS,Inflow,148
85,1980780486_CA,TSS,Inflow,148
191,1980780486_CA,TSS,Inflow,148
30,1980780486_CA,TSS,Inflow,149
166,1980780486_CA,TSS,Inflow,149
66,1980780486_CA,TSS,Inflow,149
600,1980780486_CA,TSS,Inflow,149
1280,1980780486_CA,TSS,Inflow,149
90,1980780486_CA,TSS,Inflow,150
30,1980780486_CA,TSS,Inflow,150
723,1980780486_CA,TSS,Inflow,150
24,1980780486_CA,TSS,Inflow,150
191,1980780486_CA,TSS,Inflow,150
600,1980780486_CA,TSS,Inflow,151
35,1980780486_CA,TSS,Inflow,151
30,1980780486_CA,TSS,Inflow,151
15,1980780486_CA,TSS,Inflow,151
1280,1980780486_CA,TSS,Inflow,151
24,1980780486_CA,TSS,Inflow,152
166,1980780486_CA,TSS,Inflow,152
1280,1980780486_CA,TSS,Inflow,152
18,1980780486_CA,TSS,Inflow,152
90,1980780486_CA,TSS,Inflow,152
24,1980780486_CA,TSS,Inflow,153
30,1980780486_CA,TSS,Inflow,153
96,1980780486_CA,TSS,Inflow,153
1280,1980780486_CA,TSS,Inflow,153
36,1980780486_CA,TSS,Inflow,153
49,1980780486_CA,TSS,Inflow,154
36,1980780486_CA,TSS,Inflow,154
30,1980780486_CA,TSS,Inflow,154
90,1980780486_CA,TSS,Inflow,154
1280,1980780486_CA,TSS,Inflow,154
66,1980780486_CA,TSS,Inflow,155
21,1980780486_CA,TSS,Inflow,155
36,1980780486_CA,TSS,Inflow,155
191,1980780486_CA,TSS,Inflow,155
49,1980780486_CA,TSS,Inflow,155
72,1980780486_CA,TSS,Inflow,156
90,1980780486_CA,TSS,Inflow,156
600,1980780486_CA,TSS,Inflow,156
166,1980780486_CA,TSS,Inflow,156
30,1980780486_CA,TSS,Inflow,156
90,1980780486_CA,TSS,Inflow,157
96,1980780486_CA,TSS,Inflow,157
600,1980780486_CA,TSS,Inflow,157
85,1980780486_CA,TSS,Inflow,157
49,1980780486_CA,TSS,Inflow,157
90,1980780486_CA,TSS,Inflow,158
15,1980780486_CA,TSS,Inflow,158
24,1980780486_CA,TSS,Inflow,158
72,1980780486_CA,TSS,Inflow,158
166,1980780486_CA,TSS,Inflow,158
72,1980780486_CA,TSS,Inflow,159
24,1980780486_CA,TSS,Inflow,159
96,1980780486_CA,TSS,Inflow,159
90,1980780486_CA,TSS,Inflow,159
723,1980780486_CA,TSS,Inflow,159
36,1980780486_CA,TSS,Inflow,160
85,1980780486_CA,TSS,Inflow,160
166,1980780486_CA,TSS,Inflow,160
21,1980780486_CA,TSS,Inflow,160
118,1980780486_CA,TSS,Inflow,160
15,1980780486_CA,TSS,Inflow,161
723,1980780486_CA,TSS,Inflow,161
72,1980780486_CA,TSS,Inflow,161
21,1980780486_CA,TSS,Inflow,161
85,1980780486_CA,TSS,Inflow,161
96,1980780486_CA,TSS,Inflow,162
118,1980780486_CA,TSS,Inflow,162
723,1980780486_CA,TSS,Inflow,162
85,1980780486_CA,TSS,Inflow,162
21,1980780486_CA,TSS,Inflow,162
161,1980780486_CA,TSS,Inflow,163
72,1980780486_CA,TSS,Inflow,163
49,1980780486_CA,TSS,Inflow,163
96,1980780486_CA,TSS,Inflow,163
2870,1980780486_CA,TSS,Inflow,163
24,1980780486_CA,TSS,Inflow,164
49,1980780486_CA,TSS,Inflow,164
1280,1980780486_CA,TSS,Inflow,164
35,1980780486_CA,TSS,Inflow,164
21,1980780486_CA,TSS,Inflow,164
18,1980780486_CA,TSS,Inflow,165
30,1980780486_CA,TSS,Inflow,165
90,1980780486_CA,TSS,Inflow,165
2870,1980780486_CA,TSS,Inflow,165
30,1980780486_CA,TSS,Inflow,165
1280,1980780486_CA,TSS,Inflow,166
24,1980780486_CA,TSS,Inflow,166
35,1980780486_CA,TSS,Inflow,166
36,1980780486_CA,TSS,Inflow,166
90,1980780486_CA,TSS,Inflow,166
36,1980780486_CA,TSS,Inflow,167
723,1980780486_CA,TSS,Inflow,167
166,1980780486_CA,TSS,Inflow,167
191,1980780486_CA,TSS,Inflow,167
30,1980780486_CA,TSS,Inflow,167
161,1980780486_CA,TSS,Inflow,168
72,1980780486_CA,TSS,Inflow,168
85,1980780486_CA,TSS,Inflow,168
66,1980780486_CA,TSS,Inflow,168
118,1980780486_CA,TSS,Inflow,168
118,1980780486_CA,TSS,Inflow,169
49,1980780486_CA,TSS,Inflow,169
90,1980780486_CA,TSS,Inflow,169
30,1980780486_CA,TSS,Inflow,169
36,1980780486_CA,TSS,Inflow,169
49,1980780486_CA,TSS,Inflow,170
36,1980780486_CA,TSS,Inflow,170
118,1980780486_CA,TSS,Inflow,170
24,1980780486_CA,TSS,Inflow,170
21,1980780486_CA,TSS,Inflow,170
35,1980780486_CA,TSS,Inflow,171
72,1980780486_CA,TSS,Inflow,171
118,1980780486_CA,TSS,Inflow,171
66,1980780486_CA,TSS,Inflow,171
2870,1980780486_CA,TSS,Inflow,171
15,1980780486_CA,TSS,Inflow,172
161,1980780486_CA,TSS,Inflow,172
72,1980780486_CA,TSS,Inflow,172
723,1980780486_CA,TSS,Inflow,172
166,1980780486_CA,TSS,Inflow,172
35,1980780486_CA,TSS,Inflow,173
30,1980780486_CA,TSS,Inflow,173
90,1980780486_CA,TSS,Inflow,173
15,1980780486_CA,TSS,Inflow,173
723,1980780486_CA,TSS,Inflow,173
600,1980780486_CA,TSS,Inflow,174
723,1980780486_CA,TSS,Inflow,174
96,1980780486_CA,TSS,Inflow,174
166,1980780486_CA,TSS,Inflow,174
30,1980780486_CA,TSS,Inflow,174
166,1980780486_CA,TSS,Inflow,175
118,1980780486_CA,TSS,Inflow,175
2870,1980780486_CA,TSS,Inflow,175
18,1980780486_CA,TSS,Inflow,175
24,1980780486_CA,TSS,Inflow,175
600,1980780486_CA,TSS,Inflow,176
161,1980780486_CA,TSS,Inflow,176
166,1980780486_CA,TSS,Inflow,176
85,1980780486_CA,TSS,Inflow,176
66,1980780486_CA,TSS,Inflow,176
30,1980780486_CA,TSS,Inflow,177
49,1980780486_CA,TSS,Inflow,177
600,1980780486_CA,TSS,Inflow,177
723,1980780486_CA,TSS,Inflow,177
36,1980780486_CA,TSS,Inflow,177
18,1980780486_CA,TSS,Inflow,178
72,1980780486_CA,TSS,Inflow,178
1280,1980780486_CA,TSS,Inflow,178
35,1980780486_CA,TSS,Inflow,178
30,1980780486_CA,TSS,Inflow,178
600,1980780486_CA,TSS,Inflow,179
2870,1980780486_CA,TSS,Inflow,179
35,1980780486_CA,TSS,Inflow,179
191,1980780486_CA,TSS,Inflow,179
96,1980780486_CA,TSS,Inflow,179
118,1980780486_CA,TSS,Inflow,180
90,1980780486_CA,TSS,Inflow,180
72,1980780486_CA,TSS,Inflow,180
15,1980780486_CA,TSS,Inflow,180
85,1980780486_CA,TSS,Inflow,180
49,1980780486_CA,TSS,Inflow,181
600,1980780486_CA,TSS,Inflow,181
30,1980780486_CA,TSS,Inflow,181
118,1980780486_CA,TSS,Inflow,181
24,1980780486_CA,TSS,Inflow,181
49,1980780486_CA,TSS,Inflow,182
30,1980780486_CA,TSS,Inflow,182
118,1980780486_CA,TSS,Inflow,182
30,1980780486_CA,TSS,Inflow,182
600,1980780486_CA,TSS,Inflow,182
30,1980780486_CA,TSS,Inflow,183
24,1980780486_CA,TSS,Inflow,183
66,1980780486_CA,TSS,Inflow,183
21,1980780486_CA,TSS,Inflow,183
18,1980780486_CA,TSS,Inflow,183
85,1980780486_CA,TSS,Inflow,184
15,1980780486_CA,TSS,Inflow,184
30,1980780486_CA,TSS,Inflow,184
723,1980780486_CA,TSS,Inflow,184
24,1980780486_CA,TSS,Inflow,184
90,1980780486_CA,TSS,Inflow,185
2870,1980780486_CA,TSS,Inflow,185
72,1980780486_CA,TSS,Inflow,185
30,1980780486_CA,TSS,Inflow,185
118,1980780486_CA,TSS,Inflow,185
30,1980780486_CA,TSS,Inflow,186
2870,1980780486_CA,TSS,Inflow,186
35,1980780486_CA,TSS,Inflow,186
118,1980780486_CA,TSS,Inflow,186
72,1980780486_CA,TSS,Inflow,186
166,1980780486_CA,TSS,Inflow,187
36,1980780486_CA,TSS,Inflow,187
723,1980780486_CA,TSS,Inflow,187
600,1980780486_CA,TSS,Inflow,187
90,1980780486_CA,TSS,Inflow,187
161,1980780486_CA,TSS,Inflow,188
18,1980780486_CA,TSS,Inflow,188
1280,1980780486_CA,TSS,Inflow,188
723,1980780486_CA,TSS,Inflow,188
85,1980780486_CA,TSS,Inflow,188
118,1980780486_CA,TSS,Inflow,189
1280,1980780486_CA,TSS,Inflow,189
36,1980780486_CA,TSS,Inflow,189
85,1980780486_CA,TSS,Inflow,189
723,1980780486_CA,TSS,Inflow,189
49,1980780486_CA,TSS,Inflow,190
1280,1980780486_CA,TSS,Inflow,190
21,1980780486_CA,TSS,Inflow,190
30,1980780486_CA,TSS,Inflow,190
24,1980780486_CA,TSS,Inflow,190
49,1980780486_CA,TSS,Inflow,191
35,1980780486_CA,TSS,Inflow,191
85,1980780486_CA,TSS,Inflow,191
24,1980780486_CA,TSS,Inflow,191
66,1980780486_CA,TSS,Inflow,191
96,1980780486_CA,TSS,Inflow,192
2870,1980780486_CA,TSS,Inflow,192
118,1980780486_CA,TSS,Inflow,192
18,1980780486_CA,TSS,Inflow,192
49,1980780486_CA,TSS,Inflow,192
191,1980780486_CA,TSS,Inflow,193
66,1980780486_CA,TSS,Inflow,193
24,1980780486_CA,TSS,Inflow,193
90,1980780486_CA,TSS,Inflow,193
21,1980780486_CA,TSS,Inflow,193
118,1980780486_CA,TSS,Inflow,194
18,1980780486_CA,TSS,Inflow,194
1280,1980780486_CA,TSS,Inflow,194
85,1980780486_CA,TSS,Inflow,194
191,1980780486_CA,TSS,Inflow,194
72,1980780486_CA,TSS,Inflow,195
15,1980780486_CA,TSS,Inflow,195
166,1980780486_CA,TSS,Inflow,195
85,1980780486_CA,TSS,Inflow,195
723,1980780486_CA,TSS,Inflow,195
1280,1980780486_CA,TSS,Inflow,196
24,1980780486_CA,TSS,Inflow,196
2870,1980780486_CA,TSS,Inflow,196
72,1980780486_CA,TSS,Inflow,196
96,1980780486_CA,TSS,Inflow,196
35,1980780486_CA,TSS,Inflow,197
72,1980780486_CA,TSS,Inflow,197
166,1980780486_CA,TSS,Inflow,197
66,1980780486_CA,TSS,Inflow,197
18,1980780486_CA,TSS,Inflow,197
30,1980780486_CA,TSS,Inflow,198
2870,1980780486_CA,TSS,Inflow,198
24,1980780486_CA,TSS,Inflow,198
600,1980780486_CA,TSS,Inflow,198
72,1980780486_CA,TSS,Inflow,198
118,1980780486_CA,TSS,Inflow,199
72,1980780486_CA,TSS,Inflow,199
18,1980780486_CA,TSS,Inflow,199
191,1980780486_CA,TSS,Inflow,199
166,1980780486_CA,TSS,Inflow,199
2870,1980780486_CA,TSS,Inflow,200
30,1980780486_CA,TSS,Inflow,200
1280,1980780486_CA,TSS,Inflow,200
35,1980780486_CA,TSS,Inflow,200
30,1980780486_CA,TSS,Inflow,200
36,1980780486_CA,TSS,Inflow,201
66,1980780486_CA,TSS,Inflow,201
21,1980780486_CA,TSS,Inflow,201
24,1980780486_CA,TSS,Inflow,201
18,1980780486_CA,TSS,Inflow,201
72,1980780486_CA,TSS,Inflow,202
161,1980780486_CA,TSS,Inflow,202
723,1980780486_CA,TSS,Inflow,202
35,1980780486_CA,TSS,Inflow,202
2870,1980780486_CA,TSS,Inflow,202
1280,1980780486_CA,TSS,Inflow,203
166,1980780486_CA,TSS,Inflow,203
15,1980780486_CA,TSS,Inflow,203
21,1980780486_CA,TSS,Inflow,203
30,1980780486_CA,TSS,Inflow,203
18,1980780486_CA,TSS,Inflow,204
15,1980780486_CA,TSS,Inflow,204
2870,1980780486_CA,TSS,Inflow,204
21,1980780486_CA,TSS,Inflow,204
85,1980780486_CA,TSS,Inflow,204
36,1980780486_CA,TSS,Inflow,205
85,1980780486_CA,TSS,Inflow,205
118,1980780486_CA,TSS,Inflow,205
90,1980780486_CA,TSS,Inflow,205
2870,1980780486_CA,TSS,Inflow,205
166,1980780486_CA,TSS,Inflow,206
35,1980780486_CA,TSS,Inflow,206
18,1980780486_CA,TSS,Inflow,206
66,1980780486_CA,TSS,Inflow,206
118,1980780486_CA,TSS,Inflow,206
85,1980780486_CA,TSS,Inflow,207
24,1980780486_CA,TSS,Inflow,207
161,1980780486_CA,TSS,Inflow,207
18,1980780486_CA,TSS,Inflow,207
36,1980780486_CA,TSS,Inflow,207
18,1980780486_CA,TSS,Inflow,208
24,1980780486_CA,TSS,Inflow,208
30,1980780486_CA,TSS,Inflow,208
49,1980780486_CA,TSS,Inflow,208
85,1980780486_CA,TSS,Inflow,208
2870,1980780486_CA,TSS,Inflow,209
118,1980780486_CA,TSS,Inflow,209
66,1980780486_CA,TSS,Inflow,209
49,1980780486_CA,TSS,Inflow,209
35,1980780486_CA,TSS,Inflow,209
21,1980780486_CA,TSS,Inflow,210
118,1980780486_CA,TSS,Inflow,210
191,1980780486_CA,TSS,Inflow,210
24,1980780486_CA,TSS,Inflow,210
85,1980780486_CA,TSS,Inflow,210
35,1980780486_CA,TSS,Inflow,211
30,1980780486_CA,TSS,Inflow,211
30,1980780486_CA,TSS,Inflow,211
90,1980780486_CA,TSS,Inflow,211
18,1980780486_CA,TSS,Inflow,211
49,1980780486_CA,TSS,Inflow,212
24,1980780486_CA,TSS,Inflow,212
66,1980780486_CA,TSS,Inflow,212
2870,1980780486_CA,TSS,Inflow,212
30,1980780486_CA,TSS,Inflow,212
1280,1980780486_CA,TSS,Inflow,213
96,1980780486_CA,TSS,Inflow,213
66,1980780486_CA,TSS,Inflow,213
191,1980780486_CA,TSS,Inflow,213
600,1980780486_CA,TSS,Inflow,213
66,1980780486_CA,TSS,Inflow,214
191,1980780486_CA,TSS,Inflow,214
166,1980780486_CA,TSS,Inflow,214
36,1980780486_CA,TSS,Inflow,214
21,1980780486_CA,TSS,Inflow,214
21,1980780486_CA,TSS,Inflow,215
191,1980780486_CA,TSS,Inflow,215
15,1980780486_CA,TSS,Inflow,215
35,1980780486_CA,TSS,Inflow,215
166,1980780486_CA,TSS,Inflow,215
15,1980780486_CA,TSS,Inflow,216
161,1980780486_CA,TSS,Inflow,216
96,1980780486_CA,TSS,Inflow,216
30,1980780486_CA,TSS,Inflow,216
1280,1980780486_CA,TSS,Inflow,216
66,1980780486_CA,TSS,Inflow,217
161,1980780486_CA,TSS,Inflow,217
49,1980780486_CA,TSS,Inflow,217
24,1980780486_CA,TSS,Inflow,217
96,1980780486_CA,TSS,Inflow,217
36,1980780486_CA,TSS,Inflow,218
24,1980780486_CA,TSS,Inflow,218
15,1980780486_CA,TSS,Inflow,218
49,1980780486_CA,TSS,Inflow,218
96,1980780486_CA,TSS,Inflow,218
161,1980780486_CA,TSS,Inflow,219
30,1980780486_CA,TSS,Inflow,219
2870,1980780486_CA,TSS,Inflow,219
36,1980780486_CA,TSS,Inflow,219
66,1980780486_CA,TSS,Inflow,219
166,1980780486_CA,TSS,Inflow,220
723,1980780486_CA,TSS,Inflow,220
15,1980780486_CA,TSS,Inflow,220
21,1980780486_CA,TSS,Inflow,220
1280,1980780486_CA,TSS,Inflow,220
72,1980780486_CA,TSS,Inflow,221
21,1980780486_CA,TSS,Inflow,221
118,1980780486_CA,TSS,Inflow,221
66,1980780486_CA,TSS,Inflow,221
161,1980780486_CA,TSS,Inflow,221
2870,1980780486_CA,TSS,Inflow,222
66,1980780486_CA,TSS,Inflow,222
36,1980780486_CA,TSS,Inflow,222
24,1980780486_CA,TSS,Inflow,222
191,1980780486_CA,TSS,Inflow,222
600,1980780486_CA,TSS,Inflow,223
1280,1980780486_CA,TSS,Inflow,223
2870,1980780486_CA,TSS,Inflow,223
35,1980780486_CA,TSS,Inflow,223
166,1980780486_CA,TSS,Inflow,223
30,1980780486_CA,TSS,Inflow,224
1280,1980780486_CA,TSS,Inflow,224
24,1980780486_CA,TSS,Inflow,224
15,1980780486_CA,TSS,Inflow,224
161,1980780486_CA,TSS,Inflow,224
1280,1980780486_CA,TSS,Inflow,225
35,1980780486_CA,TSS,Inflow,225
161,1980780486_CA,TSS,Inflow,225
15,1980780486_CA,TSS,Inflow,225
118,1980780486_CA,TSS,Inflow,225
21,1980780486_CA,TSS,Inflow,226
66,1980780486_CA,TSS,Inflow,226
600,1980780486_CA,TSS,Inflow,226
36,1980780486_CA,TSS,Inflow,226
15,1980780486_CA,TSS,Inflow,226
600,1980780486_CA,TSS,Inflow,227
49,1980780486_CA,TSS,Inflow,227
24,1980780486_CA,TSS,Inflow,227
21,1980780486_CA,TSS,Inflow,227
96,1980780486_CA,TSS,Inflow,227
21,1980780486_CA,TSS,Inflow,228
35,1980780486_CA,TSS,Inflow,228
161,1980780486_CA,TSS,Inflow,228
85,1980780486_CA,TSS,Inflow,228
72,1980780486_CA,TSS,Inflow,228
24,1980780486_CA,TSS,Inflow,229
36,1980780486_CA,TSS,Inflow,229
191,1980780486_CA,TSS,Inflow,229
1280,1980780486_CA,TSS,Inflow,229
161,1980780486_CA,TSS,Inflow,229
30,1980780486_CA,TSS,Inflow,230
191,1980780486_CA,TSS,Inflow,230
600,1980780486_CA,TSS,Inflow,230
66,1980780486_CA,TSS,Inflow,230
2870,1980780486_CA,TSS,Inflow,230
24,1980780486_CA,TSS,Inflow,231
90,1980780486_CA,TSS,Inflow,231
166,1980780486_CA,TSS,Inflow,231
85,1980780486_CA,TSS,Inflow,231
600,1980780486_CA,TSS,Inflow,231
49,1980780486_CA,TSS,Inflow,232
66,1980780486_CA,TSS,Inflow,232
118,1980780486_CA,TSS,Inflow,232
723,1980780486_CA,TSS,Inflow,232
30,1980780486_CA,TSS,Inflow,232
66,1980780486_CA,TSS,Inflow,233
90,1980780486_CA,TSS,Inflow,233
191,1980780486_CA,TSS,Inflow,233
1280,1980780486_CA,TSS,Inflow,233
723,1980780486_CA,TSS,Inflow,233
15,1980780486_CA,TSS,Inflow,234
36,1980780486_CA,TSS,Inflow,234
66,1980780486_CA,TSS,Inflow,234
85,1980780486_CA,TSS,Inflow,234
18,1980780486_CA,TSS,Inflow,234
30,1980780486_CA,TSS,Inflow,235
96,1980780486_CA,TSS,Inflow,235
66,1980780486_CA,TSS,Inflow,235
30,1980780486_CA,TSS,Inflow,235
21,1980780486_CA,TSS,Inflow,235
90,1980780486_CA,TSS,Inflow,236
24,1980780486_CA,TSS,Inflow,236
1280,1980780486_CA,TSS,Inflow,236
36,1980780486_CA,TSS,Inflow,236
72,1980780486_CA,TSS,Inflow,236
96,1980780486_CA,TSS,Inflow,237
118,1980780486_CA,TSS,Inflow,237
66,1980780486_CA,TSS,Inflow,237
35,1980780486_CA,TSS,Inflow,237
36,1980780486_CA,TSS,Inflow,237
2870,1980780486_CA,TSS,Inflow,238
118,1980780486_CA,TSS,Inflow,238
35,1980780486_CA,TSS,Inflow,238
166,1980780486_CA,TSS,Inflow,238
49,1980780486_CA,TSS,Inflow,238
30,1980780486_CA,TSS,Inflow,239
21,1980780486_CA,TSS,Inflow,239
166,1980780486_CA,TSS,Inflow,239
30,1980780486_CA,TSS,Inflow,239
35,1980780486_CA,TSS,Inflow,239
85,1980780486_CA,TSS,Inflow,240
18,1980780486_CA,TSS,Inflow,240
30,1980780486_CA,TSS,Inflow,240
30,1980780486_CA,TSS,Inflow,240
90,1980780486_CA,TSS,Inflow,240
72,1980780486_CA,TSS,Inflow,241
191,1980780486_CA,TSS,Inflow,241
2870,1980780486_CA,TSS,Inflow,241
723,1980780486_CA,TSS,Inflow,241
49,1980780486_CA,TSS,Inflow,241
30,1980780486_CA,TSS,Inflow,242
191,1980780486_CA,TSS,Inflow,242
72,1980780486_CA,TSS,Inflow,242
85,1980780486_CA,TSS,Inflow,242
35,1980780486_CA,TSS,Inflow,242
723,1980780486_CA,TSS,Inflow,243
36,1980780486_CA,TSS,Inflow,243
49,1980780486_CA,TSS,Inflow,243
600,1980780486_CA,TSS,Inflow,243
72,1980780486_CA,TSS,Inflow,243
72,1980780486_CA,TSS,Inflow,244
1280,1980780486_CA,TSS,Inflow,244
600,1980780486_CA,TSS,Inflow,244
15,1980780486_CA,TSS,Inflow,244
2870,1980780486_CA,TSS,Inflow,244
24,1980780486_CA,TSS,Inflow,245
191,1980780486_CA,TSS,Inflow,245
166,1980780486_CA,TSS,Inflow,245
2870,1980780486_CA,TSS,Inflow,245
30,1980780486_CA,TSS,Inflow,245
166,1980780486_CA,TSS,Inflow,246
723,1980780486_CA,TSS,Inflow,246
24,1980780486_CA,TSS,Inflow,246
191,1980780486_CA,TSS,Inflow,246
96,1980780486_CA,TSS,Inflow,246
35,1980780486_CA,TSS,Inflow,247
2870,1980780486_CA,TSS,Inflow,247
49,1980780486_CA,TSS,Inflow,247
90,1980780486_CA,TSS,Inflow,247
1280,1980780486_CA,TSS,Inflow,247
72,1980780486_CA,TSS,Inflow,248
600,1980780486_CA,TSS,Inflow,248
35,1980780486_CA,TSS,Inflow,248
2870,1980780486_CA,TSS,Inflow,248
30,1980780486_CA,TSS,Inflow,248
24,1980780486_CA,TSS,Inflow,249
66,1980780486_CA,TSS,Inflow,249
118,1980780486_CA,TSS,Inflow,249
30,1980780486_CA,TSS,Inflow,249
49,1980780486_CA,TSS,Inflow,249
72,1980780486_CA,TSS,Inflow,250
90,1980780486_CA,TSS,Inflow,250
49,1980780486_CA,TSS,Inflow,250
66,1980780486_CA,TSS,Inflow,250
166,1980780486_CA,TSS,Inflow,250
166,1980780486_CA,TSS,Inflow,251
72,1980780486_CA,TSS,Inflow,251
723,1980780486_CA,TSS,Inflow,251
96,1980780486_CA,TSS,Inflow,251
24,1980780486_CA,TSS,Inflow,251
600,1980780486_CA,TSS,Inflow,252
21,1980780486_CA,TSS,Inflow,252
2870,1980780486_CA,TSS,Inflow,252
30,1980780486_CA,TSS,Inflow,252
1280,1980780486_CA,TSS,Inflow,252
96,1980780486_CA,TSS,Inflow,253
191,1980780486_CA,TSS,Inflow,253
118,1980780486_CA,TSS,Inflow,253
90,1980780486_CA,TSS,Inflow,253
36,1980780486_CA,TSS,Inflow,253
30,1980780486_CA,TSS,Inflow,254
2870,1980780486_CA,TSS,Inflow,254
166,1980780486_CA,TSS,Inflow,254
96,1980780486_CA,TSS,Inflow,254
161,1980780486_CA,TSS,Inflow,254
24,1980780486_CA,TSS,Inflow,255
166,1980780486_CA,TSS,Inflow,255
35,1980780486_CA,TSS,Inflow,255
600,1980780486_CA,TSS,Inflow,255
191,1980780486_CA,TSS,Inflow,255
90,1980780486_CA,TSS,Inflow,256
30,1980780486_CA,TSS,Inflow,256
161,1980780486_CA,TSS,Inflow,256
35,1980780486_CA,TSS,Inflow,256
1280,1980780486_CA,TSS,Inflow,256
85,1980780486_CA,TSS,Inflow,257
600,1980780486_CA,TSS,Inflow,257
72,1980780486_CA,TSS,Inflow,257
30,1980780486_CA,TSS,Inflow,257
90,1980780486_CA,TSS,Inflow,257
15,1980780486_CA,TSS,Inflow,258
21,1980780486_CA,TSS,Inflow,258
72,1980780486_CA,TSS,Inflow,258
36,1980780486_CA,TSS,Inflow,258
30,1980780486_CA,TSS,Inflow,258
118,1980780486_CA,TSS,Inflow,259
49,1980780486_CA,TSS,Inflow,259
30,1980780486_CA,TSS,Inflow,259
21,1980780486_CA,TSS,Inflow,259
35,1980780486_CA,TSS,Inflow,259
166,1980780486_CA,TSS,Inflow,260
24,1980780486_CA,TSS,Inflow,260
191,1980780486_CA,TSS,Inflow,260
30,1980780486_CA,TSS,Inflow,260
2870,1980780486_CA,TSS,Inflow,260
161,1980780486_CA,TSS,Inflow,261
21,1980780486_CA,TSS,Inflow,261
49,1980780486_CA,TSS,Inflow,261
72,1980780486_CA,TSS,Inflow,261
723,1980780486_CA,TSS,Inflow,261
30,1980780486_CA,TSS,Inflow,262
49,1980780486_CA,TSS,Inflow,262
66,1980780486_CA,TSS,Inflow,262
166,1980780486_CA,TSS,Inflow,262
36,1980780486_CA,TSS,Inflow,262
166,1980780486_CA,TSS,Inflow,263
1280,1980780486_CA,TSS,Inflow,263
723,1980780486_CA,TSS,Inflow,263
2870,1980780486_CA,TSS,Inflow,263
600,1980780486_CA,TSS,Inflow,263
96,1980780486_CA,TSS,Inflow,264
15,1980780486_CA,TSS,Inflow,264
18,1980780486_CA,TSS,Inflow,264
21,1980780486_CA,TSS,Inflow,264
30,1980780486_CA,TSS,Inflow,264
85,1980780486_CA,TSS,Inflow,265
118,1980780486_CA,TSS,Inflow,265
35,1980780486_CA,TSS,Inflow,265
166,1980780486_CA,TSS,Inflow,265
72,1980780486_CA,TSS,Inflow,265
723,1980780486_CA,TSS,Inflow,266
118,1980780486_CA,TSS,Inflow,266
24,1980780486_CA,TSS,Inflow,266
2870,1980780486_CA,TSS,Inflow,266
15,1980780486_CA,TSS,Inflow,266
118,1980780486_CA,TSS,Inflow,267
30,1980780486_CA,TSS,Inflow,267
723,1980780486_CA,TSS,Inflow,267
72,1980780486_CA,TSS,Inflow,267
24,1980780486_CA,TSS,Inflow,267
1280,1980780486_CA,TSS,Inflow,268
600,1980780486_CA,TSS,Inflow,268
166,1980780486_CA,TSS,Inflow,268
49,1980780486_CA,TSS,Inflow,268
85,1980780486_CA,TSS,Inflow,268
72,1980780486_CA,TSS,Inflow,269
24,1980780486_CA,TSS,Inflow,269
30,1980780486_CA,TSS,Inflow,269
85,1980780486_CA,TSS,Inflow,269
96,1980780486_CA,TSS,Inflow,269
1280,1980780486_CA,TSS,Inflow,270
96,1980780486_CA,TSS,Inflow,270
723,1980780486_CA,TSS,Inflow,270
118,1980780486_CA,TSS,Inflow,270
161,1980780486_CA,TSS,Inflow,270
600,1980780486_CA,TSS,Inflow,271
1280,1980780486_CA,TSS,Inflow,271
18,1980780486_CA,TSS,Inflow,271
191,1980780486_CA,TSS,Inflow,271
161,1980780486_CA,TSS,Inflow,271
90,1980780486_CA,TSS,Inflow,272
21,1980780486_CA,TSS,Inflow,272
723,1980780486_CA,TSS,Inflow,272
600,1980780486_CA,TSS,Inflow,272
36,1980780486_CA,TSS,Inflow,272
18,1980780486_CA,TSS,Inflow,273
600,1980780486_CA,TSS,Inflow,273
191,1980780486_CA,TSS,Inflow,273
15,1980780486_CA,TSS,Inflow,273
723,1980780486_CA,TSS,Inflow,273
2870,1980780486_CA,TSS,Inflow,274
85,1980780486_CA,TSS,Inflow,274
66,1980780486_CA,TSS,Inflow,274
36,1980780486_CA,TSS,Inflow,274
30,1980780486_CA,TSS,Inflow,274
96,1980780486_CA,TSS,Inflow,275
72,1980780486_CA,TSS,Inflow,275
30,1980780486_CA,TSS,Inflow,275
723,1980780486_CA,TSS,Inflow,275
49,1980780486_CA,TSS,Inflow,275
600,1980780486_CA,TSS,Inflow,276
72,1980780486_CA,TSS,Inflow,276
15,1980780486_CA,TSS,Inflow,276
723,1980780486_CA,TSS,Inflow,276
66,1980780486_CA,TSS,Inflow,276
96,1980780486_CA,TSS,Inflow,277
49,1980780486_CA,TSS,Inflow,277
18,1980780486_CA,TSS,Inflow,277
600,1980780486_CA,TSS,Inflow,277
2870,1980780486_CA,TSS,Inflow,277
30,1980780486_CA,TSS,Inflow,278
18,1980780486_CA,TSS,Inflow,278
21,1980780486_CA,TSS,Inflow,278
30,1980780486_CA,TSS,Inflow,278
72,1980780486_CA,TSS,Inflow,278
1280,1980780486_CA,TSS,Inflow,279
72,1980780486_CA,TSS,Inflow,279
15,1980780486_CA,TSS,Inflow,279
161,1980780486_CA,TSS,Inflow,279
36,1980780486_CA,TSS,Inflow,279
85,1980780486_CA,TSS,Inflow,280
49,1980780486_CA,TSS,Inflow,280
90,1980780486_CA,TSS,Inflow,280
96,1980780486_CA,TSS,Inflow,280
1280,1980780486_CA,TSS,Inflow,280
161,1980780486_CA,TSS,Inflow,281
18,1980780486_CA,TSS,Inflow,281
723,1980780486_CA,TSS,Inflow,281
36,1980780486_CA,TSS,Inflow,281
66,1980780486_CA,TSS,Inflow,281
723,1980780486_CA,TSS,Inflow,282
49,1980780486_CA,TSS,Inflow,282
161,1980780486_CA,TSS,Inflow,282
21,1980780486_CA,TSS,Inflow,282
18,1980780486_CA,TSS,Inflow,282
161,1980780486_CA,TSS,Inflow,283
96,1980780486_CA,TSS,Inflow,283
15,1980780486_CA,TSS,Inflow,283
723,1980780486_CA,TSS,Inflow,283
191,1980780486_CA,TSS,Inflow,283
161,1980780486_CA,TSS,Inflow,284
1280,1980780486_CA,TSS,Inflow,284
15,1980780486_CA,TSS,Inflow,284
96,1980780486_CA,TSS,Inflow,284
18,1980780486_CA,TSS,Inflow,284
30,1980780486_CA,TSS,Inflow,285
118,1980780486_CA,TSS,Inflow,285
85,1980780486_CA,TSS,Inflow,285
49,1980780486_CA,TSS,Inflow,285
36,1980780486_CA,TSS,Inflow,285
161,1980780486_CA,TSS,Inflow,286
90,1980780486_CA,TSS,Inflow,286
30,1980780486_CA,TSS,Inflow,286
118,1980780486_CA,TSS,Inflow,286
66,1980780486_CA,TSS,Inflow,286
191,1980780486_CA,TSS,Inflow,287
1280,1980780486_CA,TSS,Inflow,287
2870,1980780486_CA,TSS,Inflow,287
36,1980780486_CA,TSS,Inflow,287
166,1980780486_CA,TSS,Inflow,287
30,1980780486_CA,TSS,Inflow,288
1280,1980780486_CA,TSS,Inflow,288
49,1980780486_CA,TSS,Inflow,288
30,1980780486_CA,TSS,Inflow,288
166,1980780486_CA,TSS,Inflow,288
118,1980780486_CA,TSS,Inflow,289
36,1980780486_CA,TSS,Inflow,289
723,1980780486_CA,TSS,Inflow,289
30,1980780486_CA,TSS,Inflow,289
18,1980780486_CA,TSS,Inflow,289
161,1980780486_CA,TSS,Inflow,290
723,1980780486_CA,TSS,Inflow,290
600,1980780486_CA,TSS,Inflow,290
18,1980780486_CA,TSS,Inflow,290
21,1980780486_CA,TSS,Inflow,290
21,1980780486_CA,TSS,Inflow,291
72,1980780486_CA,TSS,Inflow,291
30,1980780486_CA,TSS,Inflow,291
24,1980780486_CA,TSS,Inflow,291
191,1980780486_CA,TSS,Inflow,291
600,1980780486_CA,TSS,Inflow,292
166,1980780486_CA,TSS,Inflow,292
15,1980780486_CA,TSS,Inflow,292
72,1980780486_CA,TSS,Inflow,292
30,1980780486_CA,TSS,Inflow,292
90,1980780486_CA,TSS,Inflow,293
161,1980780486_CA,TSS,Inflow,293
723,1980780486_CA,TSS,Inflow,293
600,1980780486_CA,TSS,Inflow,293
96,1980780486_CA,TSS,Inflow,293
723,1980780486_CA,TSS,Inflow,294
30,1980780486_CA,TSS,Inflow,294
15,1980780486_CA,TSS,Inflow,294
2870,1980780486_CA,TSS,Inflow,294
161,1980780486_CA,TSS,Inflow,294
36,1980780486_CA,TSS,Inflow,295
24,1980780486_CA,TSS,Inflow,295
21,1980780486_CA,TSS,Inflow,295
161,1980780486_CA,TSS,Inflow,295
90,1980780486_CA,TSS,Inflow,295
191,1980780486_CA,TSS,Inflow,296
24,1980780486_CA,TSS,Inflow,296
723,1980780486_CA,TSS,Inflow,296
66,1980780486_CA,TSS,Inflow,296
18,1980780486_CA,TSS,Inflow,296
72,1980780486_CA,TSS,Inflow,297
166,1980780486_CA,TSS,Inflow,297
600,1980780486_CA,TSS,Inflow,297
66,1980780486_CA,TSS,Inflow,297
49,1980780486_CA,TSS,Inflow,297
118,1980780486_CA,TSS,Inflow,298
66,1980780486_CA,TSS,Inflow,298
35,1980780486_CA,TSS,Inflow,298
24,1980780486_CA,TSS,Inflow,298
90,1980780486_CA,TSS,Inflow,298
66,1980780486_CA,TSS,Inflow,299
18,1980780486_CA,TSS,Inflow,299
21,1980780486_CA,TSS,Inflow,299
24,1980780486_CA,TSS,Inflow,299
723,1980780486_CA,TSS,Inflow,299
96,1980780486_CA,TSS,Inflow,300
21,1980780486_CA,TSS,Inflow,300
2870,1980780486_CA,TSS,Inflow,300
90,1980780486_CA,TSS,Inflow,300
161,1980780486_CA,TSS,Inflow,300
72,1980780486_CA,TSS,Inflow,301
21,1980780486_CA,TSS,Inflow,301
30,1980780486_CA,TSS,Inflow,301
1280,1980780486_CA,TSS,Inflow,301
36,1980780486_CA,TSS,Inflow,301
35,1980780486_CA,TSS,Inflow,302
166,1980780486_CA,TSS,Inflow,302
30,1980780486_CA,TSS,Inflow,302
66,1980780486_CA,TSS,Inflow,302
15,1980780486_CA,TSS,Inflow,302
96,1980780486_CA,TSS,Inflow,303
191,1980780486_CA,TSS,Inflow,303
723,1980780486_CA,TSS,Inflow,303
66,1980780486_CA,TSS,Inflow,303
36,1980780486_CA,TSS,Inflow,303
35,1980780486_CA,TSS,Inflow,304
118,1980780486_CA,TSS,Inflow,304
18,1980780486_CA,TSS,Inflow,304
85,1980780486_CA,TSS,Inflow,304
21,1980780486_CA,TSS,Inflow,304
30,1980780486_CA,TSS,Inflow,305
15,1980780486_CA,TSS,Inflow,305
35,1980780486_CA,TSS,Inflow,305
85,1980780486_CA,TSS,Inflow,305
24,1980780486_CA,TSS,Inflow,305
18,1980780486_CA,TSS,Inflow,306
24,1980780486_CA,TSS,Inflow,306
35,1980780486_CA,TSS,Inflow,306
30,1980780486_CA,TSS,Inflow,306
600,1980780486_CA,TSS,Inflow,306
161,1980780486_CA,TSS,Inflow,307
24,1980780486_CA,TSS,Inflow,307
15,1980780486_CA,TSS,Inflow,307
35,1980780486_CA,TSS,Inflow,307
1280,1980780486_CA,TSS,Inflow,307
72,1980780486_CA,TSS,Inflow,308
161,1980780486_CA,TSS,Inflow,308
24,1980780486_CA,TSS,Inflow,308
2870,1980780486_CA,TSS,Inflow,308
30,1980780486_CA,TSS,Inflow,308
72,1980780486_CA,TSS,Inflow,309
723,1980780486_CA,TSS,Inflow,309
21,1980780486_CA,TSS,Inflow,309
49,1980780486_CA,TSS,Inflow,309
1280,1980780486_CA,TSS,Inflow,309
161,1980780486_CA,TSS,Inflow,310
35,1980780486_CA,TSS,Inflow,310
118,1980780486_CA,TSS,Inflow,310
24,1980780486_CA,TSS,Inflow,310
18,1980780486_CA,TSS,Inflow,310
18,1980780486_CA,TSS,Inflow,311
30,1980780486_CA,TSS,Inflow,311
161,1980780486_CA,TSS,Inflow,311
90,1980780486_CA,TSS,Inflow,311
600,1980780486_CA,TSS,Inflow,311
161,1980780486_CA,TSS,Inflow,312
723,1980780486_CA,TSS,Inflow,312
35,1980780486_CA,TSS,Inflow,312
1280,1980780486_CA,TSS,Inflow,312
66,1980780486_CA,TSS,Inflow,312
2870,1980780486_CA,TSS,Inflow,313
600,1980780486_CA,TSS,Inflow,313
15,1980780486_CA,TSS,Inflow,313
85,1980780486_CA,TSS,Inflow,313
36,1980780486_CA,TSS,Inflow,313
49,1980780486_CA,TSS,Inflow,314
21,1980780486_CA,TSS,Inflow,314
600,1980780486_CA,TSS,Inflow,314
24,1980780486_CA,TSS,Inflow,314
90,1980780486_CA,TSS,Inflow,314
18,1980780486_CA,TSS,Inflow,315
166,1980780486_CA,TSS,Inflow,315
161,1980780486_CA,TSS,Inflow,315
66,1980780486_CA,TSS,Inflow,315
15,1980780486_CA,TSS,Inflow,315
35,1980780486_CA,TSS,Inflow,316
21,1980780486_CA,TSS,Inflow,316
600,1980780486_CA,TSS,Inflow,316
72,1980780486_CA,TSS,Inflow,316
191,1980780486_CA,TSS,Inflow,316
21,1980780486_CA,TSS,Inflow,317
24,1980780486_CA,TSS,Inflow,317
72,1980780486_CA,TSS,Inflow,317
161,1980780486_CA,TSS,Inflow,317
36,1980780486_CA,TSS,Inflow,317
2870,1980780486_CA,TSS,Inflow,318
15,1980780486_CA,TSS,Inflow,318
30,1980780486_CA,TSS,Inflow,318
72,1980780486_CA,TSS,Inflow,318
85,1980780486_CA,TSS,Inflow,318
30,1980780486_CA,TSS,Inflow,319
2870,1980780486_CA,TSS,Inflow,319
18,1980780486_CA,TSS,Inflow,319
24,1980780486_CA,TSS,Inflow,319
161,1980780486_CA,TSS,Inflow,319
85,1980780486_CA,TSS,Inflow,320
118,1980780486_CA,TSS,Inflow,320
21,1980780486_CA,TSS,Inflow,320
723,1980780486_CA,TSS,Inflow,320
18,1980780486_CA,TSS,Inflow,320
161,1980780486_CA,TSS,Inflow,321
723,1980780486_CA,TSS,Inflow,321
49,1980780486_CA,TSS,Inflow,321
118,1980780486_CA,TSS,Inflow,321
600,1980780486_CA,TSS,Inflow,321
90,1980780486_CA,TSS,Inflow,322
18,1980780486_CA,TSS,Inflow,322
21,1980780486_CA,TSS,Inflow,322
24,1980780486_CA,TSS,Inflow,322
118,1980780486_CA,TSS,Inflow,322
72,1980780486_CA,TSS,Inflow,323
24,1980780486_CA,TSS,Inflow,323
15,1980780486_CA,TSS,Inflow,323
30,1980780486_CA,TSS,Inflow,323
85,1980780486_CA,TSS,Inflow,323
600,1980780486_CA,TSS,Inflow,324
191,1980780486_CA,TSS,Inflow,324
49,1980780486_CA,TSS,Inflow,324
66,1980780486_CA,TSS,Inflow,324
161,1980780486_CA,TSS,Inflow,324
15,1980780486_CA,TSS,Inflow,325
600,1980780486_CA,TSS,Inflow,325
35,1980780486_CA,TSS,Inflow,325
2870,1980780486_CA,TSS,Inflow,325
85,1980780486_CA,TSS,Inflow,325
30,1980780486_CA,TSS,Inflow,326
723,1980780486_CA,TSS,Inflow,326
118,1980780486_CA,TSS,Inflow,326
24,1980780486_CA,TSS,Inflow,326
1280,1980780486_CA,TSS,Inflow,326
49,1980780486_CA,TSS,Inflow,327
90,1980780486_CA,TSS,Inflow,327
2870,1980780486_CA,TSS,Inflow,327
30,1980780486_CA,TSS,Inflow,327
21,1980780486_CA,TSS,Inflow,327
2870,1980780486_CA,TSS,Inflow,328
18,1980780486_CA,TSS,Inflow,328
30,1980780486_CA,TSS,Inflow,328
66,1980780486_CA,TSS,Inflow,328
161,1980780486_CA,TSS,Inflow,328
90,1980780486_CA,TSS,Inflow,329
161,1980780486_CA,TSS,Inflow,329
600,1980780486_CA,TSS,Inflow,329
49,1980780486_CA,TSS,Inflow,329
30,1980780486_CA,TSS,Inflow,329
118,1980780486_CA,TSS,Inflow,330
36,1980780486_CA,TSS,Inflow,330
2870,1980780486_CA,TSS,Inflow,330
49,1980780486_CA,TSS,Inflow,330
191,1980780486_CA,TSS,Inflow,330
191,1980780486_CA,TSS,Inflow,331
90,1980780486_CA,TSS,Inflow,331
30,1980780486_CA,TSS,Inflow,331
15,1980780486_CA,TSS,Inflow,331
24,1980780486_CA,TSS,Inflow,331
600,1980780486_CA,TSS,Inflow,332
1280,1980780486_CA,TSS,Inflow,332
66,1980780486_CA,TSS,Inflow,332
96,1980780486_CA,TSS,Inflow,332
85,1980780486_CA,TSS,Inflow,332
36,1980780486_CA,TSS,Inflow,333
600,1980780486_CA,TSS,Inflow,333
723,1980780486_CA,TSS,Inflow,333
24,1980780486_CA,TSS,Inflow,333
2870,1980780486_CA,TSS,Inflow,333
85,1980780486_CA,TSS,Inflow,334
1280,1980780486_CA,TSS,Inflow,334
36,1980780486_CA,TSS,Inflow,334
15,1980780486_CA,TSS,Inflow,334
161,1980780486_CA,TSS,Inflow,334
191,1980780486_CA,TSS,Inflow,335
723,1980780486_CA,TSS,Inflow,335
30,1980780486_CA,TSS,Inflow,335
2870,1980780486_CA,TSS,Inflow,335
85,1980780486_CA,TSS,Inflow,335
72,1980780486_CA,TSS,Inflow,336
24,1980780486_CA,TSS,Inflow,336
161,1980780486_CA,TSS,Inflow,336
118,1980780486_CA,TSS,Inflow,336
600,1980780486_CA,TSS,Inflow,336
96,1980780486_CA,TSS,Inflow,337
600,1980780486_CA,TSS,Inflow,337
24,1980780486_CA,TSS,Inflow,337
85,1980780486_CA,TSS,Inflow,337
161,1980780486_CA,TSS,Inflow,337
85,1980780486_CA,TSS,Inflow,338
21,1980780486_CA,TSS,Inflow,338
30,1980780486_CA,TSS,Inflow,338
600,1980780486_CA,TSS,Inflow,338
1280,1980780486_CA,TSS,Inflow,338
24,1980780486_CA,TSS,Inflow,339
600,1980780486_CA,TSS,Inflow,339
35,1980780486_CA,TSS,Inflow,339
2870,1980780486_CA,TSS,Inflow,339
85,1980780486_CA,TSS,Inflow,339
72,1980780486_CA,TSS,Inflow,340
600,1980780486_CA,TSS,Inflow,340
15,1980780486_CA,TSS,Inflow,340
90,1980780486_CA,TSS,Inflow,340
30,1980780486_CA,TSS,Inflow,340
36,1980780486_CA,TSS,Inflow,341
85,1980780486_CA,TSS,Inflow,341
72,1980780486_CA,TSS,Inflow,341
90,1980780486_CA,TSS,Inflow,341
18,1980780486_CA,TSS,Inflow,341
15,1980780486_CA,TSS,Inflow,342
2870,1980780486_CA,TSS,Inflow,342
21,1980780486_CA,TSS,Inflow,342
72,1980780486_CA,TSS,Inflow,342
24,1980780486_CA,TSS,Inflow,342
90,1980780486_CA,TSS,Inflow,343
72,1980780486_CA,TSS,Inflow,343
49,1980780486_CA,TSS,Inflow,343
85,1980780486_CA,TSS,Inflow,343
30,1980780486_CA,TSS,Inflow,343
85,1980780486_CA,TSS,Inflow,344
35,1980780486_CA,TSS,Inflow,344
30,1980780486_CA,TSS,Inflow,344
30,1980780486_CA,TSS,Inflow,344
66,1980780486_CA,TSS,Inflow,344
118,1980780486_CA,TSS,Inflow,345
35,1980780486_CA,TSS,Inflow,345
30,1980780486_CA,TSS,Inflow,345
90,1980780486_CA,TSS,Inflow,345
166,1980780486_CA,TSS,Inflow,345
166,1980780486_CA,TSS,Inflow,346
90,1980780486_CA,TSS,Inflow,346
36,1980780486_CA,TSS,Inflow,346
21,1980780486_CA,TSS,Inflow,346
15,1980780486_CA,TSS,Inflow,346
723,1980780486_CA,TSS,Inflow,347
18,1980780486_CA,TSS,Inflow,347
66,1980780486_CA,TSS,Inflow,347
21,1980780486_CA,TSS,Inflow,347
161,1980780486_CA,TSS,Inflow,347
30,1980780486_CA,TSS,Inflow,348
191,1980780486_CA,TSS,Inflow,348
118,1980780486_CA,TSS,Inflow,348
161,1980780486_CA,TSS,Inflow,348
21,1980780486_CA,TSS,Inflow,348
21,1980780486_CA,TSS,Inflow,349
35,1980780486_CA,TSS,Inflow,349
166,1980780486_CA,TSS,Inflow,349
2870,1980780486_CA,TSS,Inflow,349
24,1980780486_CA,TSS,Inflow,349
161,1980780486_CA,TSS,Inflow,350
85,1980780486_CA,TSS,Inflow,350
72,1980780486_CA,TSS,Inflow,350
166,1980780486_CA,TSS,Inflow,350
35,1980780486_CA,TSS,Inflow,350
30,1980780486_CA,TSS,Inflow,351
600,1980780486_CA,TSS,Inflow,351
2870,1980780486_CA,TSS,Inflow,351
191,1980780486_CA,TSS,Inflow,351
723,1980780486_CA,TSS,Inflow,351
24,1980780486_CA,TSS,Inflow,352
85,1980780486_CA,TSS,Inflow,352
90,1980780486_CA,TSS,Inflow,352
30,1980780486_CA,TSS,Inflow,352
600,1980780486_CA,TSS,Inflow,352
90,1980780486_CA,TSS,Inflow,353
600,1980780486_CA,TSS,Inflow,353
1280,1980780486_CA,TSS,Inflow,353
161,1980780486_CA,TSS,Inflow,353
24,1980780486_CA,TSS,Inflow,353
85,1980780486_CA,TSS,Inflow,354
90,1980780486_CA,TSS,Inflow,354
21,1980780486_CA,TSS,Inflow,354
723,1980780486_CA,TSS,Inflow,354
161,1980780486_CA,TSS,Inflow,354
24,1980780486_CA,TSS,Inflow,355
166,1980780486_CA,TSS,Inflow,355
191,1980780486_CA,TSS,Inflow,355
21,1980780486_CA,TSS,Inflow,355
36,1980780486_CA,TSS,Inflow,355
36,1980780486_CA,TSS,Inflow,356
90,1980780486_CA,TSS,Inflow,356
66,1980780486_CA,TSS,Inflow,356
2870,1980780486_CA,TSS,Inflow,356
166,1980780486_CA,TSS,Inflow,356
30,1980780486_CA,TSS,Inflow,357
90,1980780486_CA,TSS,Inflow,357
18,1980780486_CA,TSS,Inflow,357
35,1980780486_CA,TSS,Inflow,357
72,1980780486_CA,TSS,Inflow,357
161,1980780486_CA,TSS,Inflow,358
15,1980780486_CA,TSS,Inflow,358
18,1980780486_CA,TSS,Inflow,358
85,1980780486_CA,TSS,Inflow,358
96,1980780486_CA,TSS,Inflow,358
2870,1980780486_CA,TSS,Inflow,359
90,1980780486_CA,TSS,Inflow,359
1280,1980780486_CA,TSS,Inflow,359
24,1980780486_CA,TSS,Inflow,359
72,1980780486_CA,TSS,Inflow,359
15,1980780486_CA,TSS,Inflow,360
90,1980780486_CA,TSS,Inflow,360
66,1980780486_CA,TSS,Inflow,360
24,1980780486_CA,TSS,Inflow,360
21,1980780486_CA,TSS,Inflow,360
66,1980780486_CA,TSS,Inflow,361
24,1980780486_CA,TSS,Inflow,361
723,1980780486_CA,TSS,Inflow,361
15,1980780486_CA,TSS,Inflow,361
1280,1980780486_CA,TSS,Inflow,361
49,1980780486_CA,TSS,Inflow,362
35,1980780486_CA,TSS,Inflow,362
36,1980780486_CA,TSS,Inflow,362
166,1980780486_CA,TSS,Inflow,362
2870,1980780486_CA,TSS,Inflow,362
24,1980780486_CA,TSS,Inflow,363
36,1980780486_CA,TSS,Inflow,363
1280,1980780486_CA,TSS,Inflow,363
90,1980780486_CA,TSS,Inflow,363
96,1980780486_CA,TSS,Inflow,363
15,1980780486_CA,TSS,Inflow,364
18,1980780486_CA,TSS,Inflow,364
90,1980780486_CA,TSS,Inflow,364
166,1980780486_CA,TSS,Inflow,364
85,1980780486_CA,TSS,Inflow,364
21,1980780486_CA,TSS,Inflow,365
36,1980780486_CA,TSS,Inflow,365
24,1980780486_CA,TSS,Inflow,365
118,1980780486_CA,TSS,Inflow,365
85,1980780486_CA,TSS,Inflow,365
96,1980780486_CA,TSS,Inflow,366
24,1980780486_CA,TSS,Inflow,366
161,1980780486_CA,TSS,Inflow,366
30,1980780486_CA,TSS,Inflow,366
723,1980780486_CA,TSS,Inflow,366
96,1980780486_CA,TSS,Inflow,367
36,1980780486_CA,TSS,Inflow,367
2870,1980780486_CA,TSS,Inflow,367
24,1980780486_CA,TSS,Inflow,367
66,1980780486_CA,TSS,Inflow,367
18,1980780486_CA,TSS,Inflow,368
166,1980780486_CA,TSS,Inflow,368
2870,1980780486_CA,TSS,Inflow,368
21,1980780486_CA,TSS,Inflow,368
85,1980780486_CA,TSS,Inflow,368
49,1980780486_CA,TSS,Inflow,369
90,1980780486_CA,TSS,Inflow,369
85,1980780486_CA,TSS,Inflow,369
35,1980780486_CA,TSS,Inflow,369
24,1980780486_CA,TSS,Inflow,369
30,1980780486_CA,TSS,Inflow,370
1280,1980780486_CA,TSS,Inflow,370
2870,1980780486_CA,TSS,Inflow,370
49,1980780486_CA,TSS,Inflow,370
85,1980780486_CA,TSS,Inflow,370
21,1980780486_CA,TSS,Inflow,371
96,1980780486_CA,TSS,Inflow,371
191,1980780486_CA,TSS,Inflow,371
30,1980780486_CA,TSS,Inflow,371
2870,1980780486_CA,TSS,Inflow,371
723,1980780486_CA,TSS,Inflow,372
2870,1980780486_CA,TSS,Inflow,372
18,1980780486_CA,TSS,Inflow,372
72,1980780486_CA,TSS,Inflow,372
66,1980780486_CA,TSS,Inflow,372
1280,1980780486_CA,TSS,Inflow,373
36,1980780486_CA,TSS,Inflow,373
166,1980780486_CA,TSS,Inflow,373
723,1980780486_CA,TSS,Inflow,373
118,1980780486_CA,TSS,Inflow,373
72,1980780486_CA,TSS,Inflow,374
161,1980780486_CA,TSS,Inflow,374
723,1980780486_CA,TSS,Inflow,374
21,1980780486_CA,TSS,Inflow,374
15,1980780486_CA,TSS,Inflow,374
600,1980780486_CA,TSS,Inflow,375
191,1980780486_CA,TSS,Inflow,375
85,1980780486_CA,TSS,Inflow,375
30,1980780486_CA,TSS,Inflow,375
49,1980780486_CA,TSS,Inflow,375
72,1980780486_CA,TSS,Inflow,376
191,1980780486_CA,TSS,Inflow,376
30,1980780486_CA,TSS,Inflow,376
166,1980780486_CA,TSS,Inflow,376
15,1980780486_CA,TSS,Inflow,376
96,1980780486_CA,TSS,Inflow,377
30,1980780486_CA,TSS,Inflow,377
85,1980780486_CA,TSS,Inflow,377
161,1980780486_CA,TSS,Inflow,377
49,1980780486_CA,TSS,Inflow,377
118,1980780486_CA,TSS,Inflow,378
35,1980780486_CA,TSS,Inflow,378
18,1980780486_CA,TSS,Inflow,378
85,1980780486_CA,TSS,Inflow,378
1280,1980780486_CA,TSS,Inflow,378
21,1980780486_CA,TSS,Inflow,379
1280,1980780486_CA,TSS,Inflow,379
191,1980780486_CA,TSS,Inflow,379
723,1980780486_CA,TSS,Inflow,379
166,1980780486_CA,TSS,Inflow,379
2870,1980780486_CA,TSS,Inflow,380
85,1980780486_CA,TSS,Inflow,380
1280,1980780486_CA,TSS,Inflow,380
24,1980780486_CA,TSS,Inflow,380
49,1980780486_CA,TSS,Inflow,380
49,1980780486_CA,TSS,Inflow,381
35,1980780486_CA,TSS,Inflow,381
24,1980780486_CA,TSS,Inflow,381
166,1980780486_CA,TSS,Inflow,381
161,1980780486_CA,TSS,Inflow,381
723,1980780486_CA,TSS,Inflow,382
49,1980780486_CA,TSS,Inflow,382
600,1980780486_CA,TSS,Inflow,382
30,1980780486_CA,TSS,Inflow,382
35,1980780486_CA,TSS,Inflow,382
600,1980780486_CA,TSS,Inflow,383
72,1980780486_CA,TSS,Inflow,383
85,1980780486_CA,TSS,Inflow,383
21,1980780486_CA,TSS,Inflow,383
30,1980780486_CA,TSS,Inflow,383
96,1980780486_CA,TSS,Inflow,384
161,1980780486_CA,TSS,Inflow,384
30,1980780486_CA,TSS,Inflow,384
85,1980780486_CA,TSS,Inflow,384
15,1980780486_CA,TSS,Inflow,384
72,1980780486_CA,TSS,Inflow,385
166,1980780486_CA,TSS,Inflow,385
21,1980780486_CA,TSS,Inflow,385
90,1980780486_CA,TSS,Inflow,385
36,1980780486_CA,TSS,Inflow,385
18,1980780486_CA,TSS,Inflow,386
72,1980780486_CA,TSS,Inflow,386
600,1980780486_CA,TSS,Inflow,386
191,1980780486_CA,TSS,Inflow,386
90,1980780486_CA,TSS,Inflow,386
21,1980780486_CA,TSS,Inflow,387
24,1980780486_CA,TSS,Inflow,387
1280,1980780486_CA,TSS,Inflow,387
72,1980780486_CA,TSS,Inflow,387
2870,1980780486_CA,TSS,Inflow,387
30,1980780486_CA,TSS,Inflow,388
600,1980780486_CA,TSS,Inflow,388
49,1980780486_CA,TSS,Inflow,388
166,1980780486_CA,TSS,Inflow,388
85,1980780486_CA,TSS,Inflow,388
30,1980780486_CA,TSS,Inflow,389
600,1980780486_CA,TSS,Inflow,389
49,1980780486_CA,TSS,Inflow,389
723,1980780486_CA,TSS,Inflow,389
85,1980780486_CA,TSS,Inflow,389
118,1980780486_CA,TSS,Inflow,390
21,1980780486_CA,TSS,Inflow,390
30,1980780486_CA,TSS,Inflow,390
15,1980780486_CA,TSS,Inflow,390
90,1980780486_CA,TSS,Inflow,390
600,1980780486_CA,TSS,Inflow,391
118,1980780486_CA,TSS,Inflow,391
15,1980780486_CA,TSS,Inflow,391
723,1980780486_CA,TSS,Inflow,391
49,1980780486_CA,TSS,Inflow,391
18,1980780486_CA,TSS,Inflow,392
723,1980780486_CA,TSS,Inflow,392
35,1980780486_CA,TSS,Inflow,392
2870,1980780486_CA,TSS,Inflow,392
600,1980780486_CA,TSS,Inflow,392
191,1980780486_CA,TSS,Inflow,393
30,1980780486_CA,TSS,Inflow,393
18,1980780486_CA,TSS,Inflow,393
72,1980780486_CA,TSS,Inflow,393
96,1980780486_CA,TSS,Inflow,393
30,1980780486_CA,TSS,Inflow,394
161,1980780486_CA,TSS,Inflow,394
30,1980780486_CA,TSS,Inflow,394
66,1980780486_CA,TSS,Inflow,394
85,1980780486_CA,TSS,Inflow,394
118,1980780486_CA,TSS,Inflow,395
161,1980780486_CA,TSS,Inflow,395
35,1980780486_CA,TSS,Inflow,395
18,1980780486_CA,TSS,Inflow,395
24,1980780486_CA,TSS,Inflow,395
18,1980780486_CA,TSS,Inflow,396
36,1980780486_CA,TSS,Inflow,396
35,1980780486_CA,TSS,Inflow,396
15,1980780486_CA,TSS,Inflow,396
90,1980780486_CA,TSS,Inflow,396
15,1980780486_CA,TSS,Inflow,397
35,1980780486_CA,TSS,Inflow,397
66,1980780486_CA,TSS,Inflow,397
85,1980780486_CA,TSS,Inflow,397
72,1980780486_CA,TSS,Inflow,397
1280,1980780486_CA,TSS,Inflow,398
85,1980780486_CA,TSS,Inflow,398
600,1980780486_CA,TSS,Inflow,398
30,1980780486_CA,TSS,Inflow,398
161,1980780486_CA,TSS,Inflow,398
66,1980780486_CA,TSS,Inflow,399
118,1980780486_CA,TSS,Inflow,399
85,1980780486_CA,TSS,Inflow,399
72,1980780486_CA,TSS,Inflow,399
723,1980780486_CA,TSS,Inflow,399
2870,1980780486_CA,TSS,Inflow,400
15,1980780486_CA,TSS,Inflow,400
18,1980780486_CA,TSS,Inflow,400
85,1980780486_CA,TSS,Inflow,400
90,1980780486_CA,TSS,Inflow,400
21,1980780486_CA,TSS,Inflow,401
30,1980780486_CA,TSS,Inflow,401
118,1980780486_CA,TSS,Inflow,401
49,1980780486_CA,TSS,Inflow,401
1280,1980780486_CA,TSS,Inflow,401
2870,1980780486_CA,TSS,Inflow,402
18,1980780486_CA,TSS,Inflow,402
1280,1980780486_CA,TSS,Inflow,402
30,1980780486_CA,TSS,Inflow,402
21,1980780486_CA,TSS,Inflow,402
36,1980780486_CA,TSS,Inflow,403
15,1980780486_CA,TSS,Inflow,403
21,1980780486_CA,TSS,Inflow,403
191,1980780486_CA,TSS,Inflow,403
1280,1980780486_CA,TSS,Inflow,403
15,1980780486_CA,TSS,Inflow,404
30,1980780486_CA,TSS,Inflow,404
166,1980780486_CA,TSS,Inflow,404
118,1980780486_CA,TSS,Inflow,404
35,1980780486_CA,TSS,Inflow,404
49,1980780486_CA,TSS,Inflow,405
191,1980780486_CA,TSS,Inflow,405
21,1980780486_CA,TSS,Inflow,405
166,1980780486_CA,TSS,Inflow,405
72,1980780486_CA,TSS,Inflow,405
15,1980780486_CA,TSS,Inflow,406
96,1980780486_CA,TSS,Inflow,406
36,1980780486_CA,TSS,Inflow,406
18,1980780486_CA,TSS,Inflow,406
1280,1980780486_CA,TSS,Inflow,406
49,1980780486_CA,TSS,Inflow,407
166,1980780486_CA,TSS,Inflow,407
15,1980780486_CA,TSS,Inflow,407
191,1980780486_CA,TSS,Inflow,407
21,1980780486_CA,TSS,Inflow,407
2870,1980780486_CA,TSS,Inflow,408
166,1980780486_CA,TSS,Inflow,408
85,1980780486_CA,TSS,Inflow,408
90,1980780486_CA,TSS,Inflow,408
66,1980780486_CA,TSS,Inflow,408
18,1980780486_CA,TSS,Inflow,409
600,1980780486_CA,TSS,Inflow,409
15,1980780486_CA,TSS,Inflow,409
66,1980780486_CA,TSS,Inflow,409
49,1980780486_CA,TSS,Inflow,409
166,1980780486_CA,TSS,Inflow,410
72,1980780486_CA,TSS,Inflow,410
30,1980780486_CA,TSS,Inflow,410
21,1980780486_CA,TSS,Inflow,410
18,1980780486_CA,TSS,Inflow,410
118,1980780486_CA,TSS,Inflow,411
166,1980780486_CA,TSS,Inflow,411
36,1980780486_CA,TSS,Inflow,411
2870,1980780486_CA,TSS,Inflow,411
21,1980780486_CA,TSS,Inflow,411
66,1980780486_CA,TSS,Inflow,412
723,1980780486_CA,TSS,Inflow,412
85,1980780486_CA,TSS,Inflow,412
2870,1980780486_CA,TSS,Inflow,412
15,1980780486_CA,TSS,Inflow,412
90,1980780486_CA,TSS,Inflow,413
85,1980780486_CA,TSS,Inflow,413
66,1980780486_CA,TSS,Inflow,413
191,1980780486_CA,TSS,Inflow,413
21,1980780486_CA,TSS,Inflow,413
49,1980780486_CA,TSS,Inflow,414
30,1980780486_CA,TSS,Inflow,414
24,1980780486_CA,TSS,Inflow,414
18,1980780486_CA,TSS,Inflow,414
21,1980780486_CA,TSS,Inflow,414
21,1980780486_CA,TSS,Inflow,415
85,1980780486_CA,TSS,Inflow,415
723,1980780486_CA,TSS,Inflow,415
66,1980780486_CA,TSS,Inflow,415
18,1980780486_CA,TSS,Inflow,415
24,1980780486_CA,TSS,Inflow,416
166,1980780486_CA,TSS,Inflow,416
1280,1980780486_CA,TSS,Inflow,416
90,1980780486_CA,TSS,Inflow,416
35,1980780486_CA,TSS,Inflow,416
723,1980780486_CA,TSS,Inflow,417
90,1980780486_CA,TSS,Inflow,417
191,1980780486_CA,TSS,Inflow,417
161,1980780486_CA,TSS,Inflow,417
96,1980780486_CA,TSS,Inflow,417
96,1980780486_CA,TSS,Inflow,418
166,1980780486_CA,TSS,Inflow,418
118,1980780486_CA,TSS,Inflow,418
90,1980780486_CA,TSS,Inflow,418
49,1980780486_CA,TSS,Inflow,418
15,1980780486_CA,TSS,Inflow,419
36,1980780486_CA,TSS,Inflow,419
35,1980780486_CA,TSS,Inflow,419
2870,1980780486_CA,TSS,Inflow,419
723,1980780486_CA,TSS,Inflow,419
18,1980780486_CA,TSS,Inflow,420
1280,1980780486_CA,TSS,Inflow,420
161,1980780486_CA,TSS,Inflow,420
96,1980780486_CA,TSS,Inflow,420
85,1980780486_CA,TSS,Inflow,420
166,1980780486_CA,TSS,Inflow,421
72,1980780486_CA,TSS,Inflow,421
96,1980780486_CA,TSS,Inflow,421
36,1980780486_CA,TSS,Inflow,421
49,1980780486_CA,TSS,Inflow,421
90,1980780486_CA,TSS,Inflow,422
191,1980780486_CA,TSS,Inflow,422
72,1980780486_CA,TSS,Inflow,422
21,1980780486_CA,TSS,Inflow,422
2870,1980780486_CA,TSS,Inflow,422
21,1980780486_CA,TSS,Inflow,423
85,1980780486_CA,TSS,Inflow,423
1280,1980780486_CA,TSS,Inflow,423
600,1980780486_CA,TSS,Inflow,423
72,1980780486_CA,TSS,Inflow,423
2870,1980780486_CA,TSS,Inflow,424
600,1980780486_CA,TSS,Inflow,424
1280,1980780486_CA,TSS,Inflow,424
85,1980780486_CA,TSS,Inflow,424
191,1980780486_CA,TSS,Inflow,424
85,1980780486_CA,TSS,Inflow,425
49,1980780486_CA,TSS,Inflow,425
191,1980780486_CA,TSS,Inflow,425
166,1980780486_CA,TSS,Inflow,425
90,1980780486_CA,TSS,Inflow,425
72,1980780486_CA,TSS,Inflow,426
30,1980780486_CA,TSS,Inflow,426
1280,1980780486_CA,TSS,Inflow,426
191,1980780486_CA,TSS,Inflow,426
15,1980780486_CA,TSS,Inflow,426
30,1980780486_CA,TSS,Inflow,427
30,1980780486_CA,TSS,Inflow,427
600,1980780486_CA,TSS,Inflow,427
1280,1980780486_CA,TSS,Inflow,427
49,1980780486_CA,TSS,Inflow,427
600,1980780486_CA,TSS,Inflow,428
2870,1980780486_CA,TSS,Inflow,428
191,1980780486_CA,TSS,Inflow,428
85,1980780486_CA,TSS,Inflow,428
35,1980780486_CA,TSS,Inflow,428
96,1980780486_CA,TSS,Inflow,429
30,1980780486_CA,TSS,Inflow,429
1280,1980780486_CA,TSS,Inflow,429
18,1980780486_CA,TSS,Inflow,429
66,1980780486_CA,TSS,Inflow,429
96,1980780486_CA,TSS,Inflow,430
191,1980780486_CA,TSS,Inflow,430
723,1980780486_CA,TSS,Inflow,430
600,1980780486_CA,TSS,Inflow,430
21,1980780486_CA,TSS,Inflow,430
191,1980780486_CA,TSS,Inflow,431
2870,1980780486_CA,TSS,Inflow,431
72,1980780486_CA,TSS,Inflow,431
49,1980780486_CA,TSS,Inflow,431
36,1980780486_CA,TSS,Inflow,431
15,1980780486_CA,TSS,Inflow,432
35,1980780486_CA,TSS,Inflow,432
36,1980780486_CA,TSS,Inflow,432
30,1980780486_CA,TSS,Inflow,432
118,1980780486_CA,TSS,Inflow,432
72,1980780486_CA,TSS,Inflow,433
2870,1980780486_CA,TSS,Inflow,433
1280,1980780486_CA,TSS,Inflow,433
35,1980780486_CA,TSS,Inflow,433
90,1980780486_CA,TSS,Inflow,433
85,1980780486_CA,TSS,Inflow,434
118,1980780486_CA,TSS,Inflow,434
49,1980780486_CA,TSS,Inflow,434
15,1980780486_CA,TSS,Inflow,434
723,1980780486_CA,TSS,Inflow,434
36,1980780486_CA,TSS,Inflow,435
24,1980780486_CA,TSS,Inflow,435
18,1980780486_CA,TSS,Inflow,435
15,1980780486_CA,TSS,Inflow,435
85,1980780486_CA,TSS,Inflow,435
85,1980780486_CA,TSS,Inflow,436
49,1980780486_CA,TSS,Inflow,436
191,1980780486_CA,TSS,Inflow,436
72,1980780486_CA,TSS,Inflow,436
15,1980780486_CA,TSS,Inflow,436
191,1980780486_CA,TSS,Inflow,437
118,1980780486_CA,TSS,Inflow,437
2870,1980780486_CA,TSS,Inflow,437
35,1980780486_CA,TSS,Inflow,437
85,1980780486_CA,TSS,Inflow,437
723,1980780486_CA,TSS,Inflow,438
2870,1980780486_CA,TSS,Inflow,438
161,1980780486_CA,TSS,Inflow,438
35,1980780486_CA,TSS,Inflow,438
24,1980780486_CA,TSS,Inflow,438
72,1980780486_CA,TSS,Inflow,439
2870,1980780486_CA,TSS,Inflow,439
24,1980780486_CA,TSS,Inflow,439
1280,1980780486_CA,TSS,Inflow,439
191,1980780486_CA,TSS,Inflow,439
66,1980780486_CA,TSS,Inflow,440
49,1980780486_CA,TSS,Inflow,440
35,1980780486_CA,TSS,Inflow,440
72,1980780486_CA,TSS,Inflow,440
1280,1980780486_CA,TSS,Inflow,440
36,1980780486_CA,TSS,Inflow,441
1280,1980780486_CA,TSS,Inflow,441
166,1980780486_CA,TSS,Inflow,441
723,1980780486_CA,TSS,Inflow,441
2870,1980780486_CA,TSS,Inflow,441
21,1980780486_CA,TSS,Inflow,442
166,1980780486_CA,TSS,Inflow,442
161,1980780486_CA,TSS,Inflow,442
85,1980780486_CA,TSS,Inflow,442
30,1980780486_CA,TSS,Inflow,442
2870,1980780486_CA,TSS,Inflow,443
723,1980780486_CA,TSS,Inflow,443
66,1980780486_CA,TSS,Inflow,443
161,1980780486_CA,TSS,Inflow,443
118,1980780486_CA,TSS,Inflow,443
49,1980780486_CA,TSS,Inflow,444
30,1980780486_CA,TSS,Inflow,444
35,1980780486_CA,TSS,Inflow,444
30,1980780486_CA,TSS,Inflow,444
1280,1980780486_CA,TSS,Inflow,444
21,1980780486_CA,TSS,Inflow,445
18,1980780486_CA,TSS,Inflow,445
49,1980780486_CA,TSS,Inflow,445
90,1980780486_CA,TSS,Inflow,445
72,1980780486_CA,TSS,Inflow,445
36,1980780486_CA,TSS,Inflow,446
24,1980780486_CA,TSS,Inflow,446
2870,1980780486_CA,TSS,Inflow,446
21,1980780486_CA,TSS,Inflow,446
15,1980780486_CA,TSS,Inflow,446
96,1980780486_CA,TSS,Inflow,447
49,1980780486_CA,TSS,Inflow,447
36,1980780486_CA,TSS,Inflow,447
1280,1980780486_CA,TSS,Inflow,447
18,1980780486_CA,TSS,Inflow,447
96,1980780486_CA,TSS,Inflow,448
90,1980780486_CA,TSS,Inflow,448
21,1980780486_CA,TSS,Inflow,448
15,1980780486_CA,TSS,Inflow,448
30,1980780486_CA,TSS,Inflow,448
1280,1980780486_CA,TSS,Inflow,449
85,1980780486_CA,TSS,Inflow,449
30,1980780486_CA,TSS,Inflow,449
96,1980780486_CA,TSS,Inflow,449
600,1980780486_CA,TSS,Inflow,449
90,1980780486_CA,TSS,Inflow,450
723,1980780486_CA,TSS,Inflow,450
35,1980780486_CA,TSS,Inflow,450
66,1980780486_CA,TSS,Inflow,450
15,1980780486_CA,TSS,Inflow,450
24,1980780486_CA,TSS,Inflow,451
35,1980780486_CA,TSS,Inflow,451
2870,1980780486_CA,TSS,Inflow,451
723,1980780486_CA,TSS,Inflow,451
161,1980780486_CA,TSS,Inflow,451
2870,1980780486_CA,TSS,Inflow,452
30,1980780486_CA,TSS,Inflow,452
35,1980780486_CA,TSS,Inflow,452
49,1980780486_CA,TSS,Inflow,452
118,1980780486_CA,TSS,Inflow,452
15,1980780486_CA,TSS,Inflow,453
49,1980780486_CA,TSS,Inflow,453
36,1980780486_CA,TSS,Inflow,453
24,1980780486_CA,TSS,Inflow,453
66,1980780486_CA,TSS,Inflow,453
15,1980780486_CA,TSS,Inflow,454
191,1980780486_CA,TSS,Inflow,454
36,1980780486_CA,TSS,Inflow,454
723,1980780486_CA,TSS,Inflow,454
118,1980780486_CA,TSS,Inflow,454
66,1980780486_CA,TSS,Inflow,455
36,1980780486_CA,TSS,Inflow,455
30,1980780486_CA,TSS,Inflow,455
96,1980780486_CA,TSS,Inflow,455
24,1980780486_CA,TSS,Inflow,455
1280,1980780486_CA,TSS,Inflow,456
30,1980780486_CA,TSS,Inflow,456
66,1980780486_CA,TSS,Inflow,456
161,1980780486_CA,TSS,Inflow,456
21,1980780486_CA,TSS,Inflow,456
66,1980780486_CA,TSS,Inflow,457
15,1980780486_CA,TSS,Inflow,457
21,1980780486_CA,TSS,Inflow,457
166,1980780486_CA,TSS,Inflow,457
723,1980780486_CA,TSS,Inflow,457
21,1980780486_CA,TSS,Inflow,458
72,1980780486_CA,TSS,Inflow,458
15,1980780486_CA,TSS,Inflow,458
30,1980780486_CA,TSS,Inflow,458
36,1980780486_CA,TSS,Inflow,458
21,1980780486_CA,TSS,Inflow,459
30,1980780486_CA,TSS,Inflow,459
66,1980780486_CA,TSS,Inflow,459
36,1980780486_CA,TSS,Inflow,459
18,1980780486_CA,TSS,Inflow,459
166,1980780486_CA,TSS,Inflow,460
1280,1980780486_CA,TSS,Inflow,460
66,1980780486_CA,TSS,Inflow,460
72,1980780486_CA,TSS,Inflow,460
85,1980780486_CA,TSS,Inflow,460
30,1980780486_CA,TSS,Inflow,461
21,1980780486_CA,TSS,Inflow,461
35,1980780486_CA,TSS,Inflow,461
723,1980780486_CA,TSS,Inflow,461
36,1980780486_CA,TSS,Inflow,461
600,1980780486_CA,TSS,Inflow,462
191,1980780486_CA,TSS,Inflow,462
30,1980780486_CA,TSS,Inflow,462
96,1980780486_CA,TSS,Inflow,462
85,1980780486_CA,TSS,Inflow,462
21,1980780486_CA,TSS,Inflow,463
35,1980780486_CA,TSS,Inflow,463
24,1980780486_CA,TSS,Inflow,463
96,1980780486_CA,TSS,Inflow,463
36,1980780486_CA,TSS,Inflow,463
96,1980780486_CA,TSS,Inflow,464
21,1980780486_CA,TSS,Inflow,464
24,1980780486_CA,TSS,Inflow,464
30,1980780486_CA,TSS,Inflow,464
36,1980780486_CA,TSS,Inflow,464
723,1980780486_CA,TSS,Inflow,465
191,1980780486_CA,TSS,Inflow,465
15,1980780486_CA,TSS,Inflow,465
85,1980780486_CA,TSS,Inflow,465
30,1980780486_CA,TSS,Inflow,465
30,1980780486_CA,TSS,Inflow,466
30,1980780486_CA,TSS,Inflow,466
723,1980780486_CA,TSS,Inflow,466
35,1980780486_CA,TSS,Inflow,466
1280,1980780486_CA,TSS,Inflow,466
18,1980780486_CA,TSS,Inflow,467
15,1980780486_CA,TSS,Inflow,467
96,1980780486_CA,TSS,Inflow,467
30,1980780486_CA,TSS,Inflow,467
1280,1980780486_CA,TSS,Inflow,467
166,1980780486_CA,TSS,Inflow,468
18,1980780486_CA,TSS,Inflow,468
96,1980780486_CA,TSS,Inflow,468
72,1980780486_CA,TSS,Inflow,468
191,1980780486_CA,TSS,Inflow,468
90,1980780486_CA,TSS,Inflow,469
600,1980780486_CA,TSS,Inflow,469
118,1980780486_CA,TSS,Inflow,469
72,1980780486_CA,TSS,Inflow,469
191,1980780486_CA,TSS,Inflow,469
49,1980780486_CA,TSS,Inflow,470
90,1980780486_CA,TSS,Inflow,470
2870,1980780486_CA,TSS,Inflow,470
66,1980780486_CA,TSS,Inflow,470
191,1980780486_CA,TSS,Inflow,470
21,1980780486_CA,TSS,Inflow,471
96,1980780486_CA,TSS,Inflow,471
90,1980780486_CA,TSS,Inflow,471
191,1980780486_CA,TSS,Inflow,471
118,1980780486_CA,TSS,Inflow,471
15,1980780486_CA,TSS,Inflow,472
600,1980780486_CA,TSS,Inflow,472
35,1980780486_CA,TSS,Inflow,472
30,1980780486_CA,TSS,Inflow,472
18,1980780486_CA,TSS,Inflow,472
118,1980780486_CA,TSS,Inflow,473
36,1980780486_CA,TSS,Inflow,473
15,1980780486_CA,TSS,Inflow,473
49,1980780486_CA,TSS,Inflow,473
1280,1980780486_CA,TSS,Inflow,473
1280,1980780486_CA,TSS,Inflow,474
118,1980780486_CA,TSS,Inflow,474
2870,1980780486_CA,TSS,Inflow,474
35,1980780486_CA,TSS,Inflow,474
600,1980780486_CA,TSS,Inflow,474
166,1980780486_CA,TSS,Inflow,475
35,1980780486_CA,TSS,Inflow,475
66,1980780486_CA,TSS,Inflow,475
2870,1980780486_CA,TSS,Inflow,475
24,1980780486_CA,TSS,Inflow,475
15,1980780486_CA,TSS,Inflow,476
30,1980780486_CA,TSS,Inflow,476
35,1980780486_CA,TSS,Inflow,476
2870,1980780486_CA,TSS,Inflow,476
36,1980780486_CA,TSS,Inflow,476
15,1980780486_CA,TSS,Inflow,477
30,1980780486_CA,TSS,Inflow,477
90,1980780486_CA,TSS,Inflow,477
18,1980780486_CA,TSS,Inflow,477
723,1980780486_CA,TSS,Inflow,477
35,1980780486_CA,TSS,Inflow,478
66,1980780486_CA,TSS,Inflow,478
72,1980780486_CA,TSS,Inflow,478
85,1980780486_CA,TSS,Inflow,478
90,1980780486_CA,TSS,Inflow,478
161,1980780486_CA,TSS,Inflow,479
2870,1980780486_CA,TSS,Inflow,479
30,1980780486_CA,TSS,Inflow,479
1280,1980780486_CA,TSS,Inflow,479
600,1980780486_CA,TSS,Inflow,479
600,1980780486_CA,TSS,Inflow,480
36,1980780486_CA,TSS,Inflow,480
49,1980780486_CA,TSS,Inflow,480
161,1980780486_CA,TSS,Inflow,480
1280,1980780486_CA,TSS,Inflow,480
2870,1980780486_CA,TSS,Inflow,481
191,1980780486_CA,TSS,Inflow,481
166,1980780486_CA,TSS,Inflow,481
723,1980780486_CA,TSS,Inflow,481
24,1980780486_CA,TSS,Inflow,481
66,1980780486_CA,TSS,Inflow,482
49,1980780486_CA,TSS,Inflow,482
161,1980780486_CA,TSS,Inflow,482
96,1980780486_CA,TSS,Inflow,482
24,1980780486_CA,TSS,Inflow,482
15,1980780486_CA,TSS,Inflow,483
30,1980780486_CA,TSS,Inflow,483
85,1980780486_CA,TSS,Inflow,483
2870,1980780486_CA,TSS,Inflow,483
166,1980780486_CA,TSS,Inflow,483
21,1980780486_CA,TSS,Inflow,484
191,1980780486_CA,TSS,Inflow,484
2870,1980780486_CA,TSS,Inflow,484
30,1980780486_CA,TSS,Inflow,484
90,1980780486_CA,TSS,Inflow,484
21,1980780486_CA,TSS,Inflow,485
118,1980780486_CA,TSS,Inflow,485
166,1980780486_CA,TSS,Inflow,485
30,1980780486_CA,TSS,Inflow,485
66,1980780486_CA,TSS,Inflow,485
18,1980780486_CA,TSS,Inflow,486
600,1980780486_CA,TSS,Inflow,486
1280,1980780486_CA,TSS,Inflow,486
30,1980780486_CA,TSS,Inflow,486
90,1980780486_CA,TSS,Inflow,486
191,1980780486_CA,TSS,Inflow,487
161,1980780486_CA,TSS,Inflow,487
166,1980780486_CA,TSS,Inflow,487
21,1980780486_CA,TSS,Inflow,487
600,1980780486_CA,TSS,Inflow,487
66,1980780486_CA,TSS,Inflow,488
24,1980780486_CA,TSS,Inflow,488
600,1980780486_CA,TSS,Inflow,488
30,1980780486_CA,TSS,Inflow,488
1280,1980780486_CA,TSS,Inflow,488
49,1980780486_CA,TSS,Inflow,489
18,1980780486_CA,TSS,Inflow,489
1280,1980780486_CA,TSS,Inflow,489
600,1980780486_CA,TSS,Inflow,489
166,1980780486_CA,TSS,Inflow,489
18,1980780486_CA,TSS,Inflow,490
2870,1980780486_CA,TSS,Inflow,490
21,1980780486_CA,TSS,Inflow,490
90,1980780486_CA,TSS,Inflow,490
85,1980780486_CA,TSS,Inflow,490
18,1980780486_CA,TSS,Inflow,491
118,1980780486_CA,TSS,Inflow,491
2870,1980780486_CA,TSS,Inflow,491
24,1980780486_CA,TSS,Inflow,491
36,1980780486_CA,TSS,Inflow,491
66,1980780486_CA,TSS,Inflow,492
85,1980780486_CA,TSS,Inflow,492
72,1980780486_CA,TSS,Inflow,492
600,1980780486_CA,TSS,Inflow,492
96,1980780486_CA,TSS,Inflow,492
85,1980780486_CA,TSS,Inflow,493
600,1980780486_CA,TSS,Inflow,493
96,1980780486_CA,TSS,Inflow,493
166,1980780486_CA,TSS,Inflow,493
72,1980780486_CA,TSS,Inflow,493
2870,1980780486_CA,TSS,Inflow,494
191,1980780486_CA,TSS,Inflow,494
30,1980780486_CA,TSS,Inflow,494
21,1980780486_CA,TSS,Inflow,494
66,1980780486_CA,TSS,Inflow,494
723,1980780486_CA,TSS,Inflow,495
2870,1980780486_CA,TSS,Inflow,495
85,1980780486_CA,TSS,Inflow,495
96,1980780486_CA,TSS,Inflow,495
66,1980780486_CA,TSS,Inflow,495
36,1980780486_CA,TSS,Inflow,496
161,1980780486_CA,TSS,Inflow,496
49,1980780486_CA,TSS,Inflow,496
118,1980780486_CA,TSS,Inflow,496
15,1980780486_CA,TSS,Inflow,496
118,1980780486_CA,TSS,Inflow,497
723,1980780486_CA,TSS,Inflow,497
2870,1980780486_CA,TSS,Inflow,497
24,1980780486_CA,TSS,Inflow,497
600,1980780486_CA,TSS,Inflow,497
90,1980780486_CA,TSS,Inflow,498
36,1980780486_CA,TSS,Inflow,498
66,1980780486_CA,TSS,Inflow,498
96,1980780486_CA,TSS,Inflow,498
18,1980780486_CA,TSS,Inflow,498
96,1980780486_CA,TSS,Inflow,499
2870,1980780486_CA,TSS,Inflow,499
30,1980780486_CA,TSS,Inflow,499
166,1980780486_CA,TSS,Inflow,499
85,1980780486_CA,TSS,Inflow,499
90,1980780486_CA,TSS,Inflow,500
15,1980780486_CA,TSS,Inflow,500
49,1980780486_CA,TSS,Inflow,500
30,1980780486_CA,TSS,Inflow,500
2870,1980780486_CA,TSS,Inflow,500
