EMC,Location,Analyte,Flow,Run
85,1980780486_CA,TSS,Inflow,1
118,1980780486_CA,TSS,Inflow,1
49,1980780486_CA,TSS,Inflow,1
723,1980780486_CA,TSS,Inflow,1
36,1980780486_CA,TSS,Inflow,1
90,1980780486_CA,TSS,Inflow,2
30,1980780486_CA,TSS,Inflow,2
72,1980780486_CA,TSS,Inflow,2
118,1980780486_CA,TSS,Inflow,2
85,1980780486_CA,TSS,Inflow,2
49,1980780486_CA,TSS,Inflow,3
85,1980780486_CA,TSS,Inflow,3
600,1980780486_CA,TSS,Inflow,3
118,1980780486_CA,TSS,Inflow,3
161,1980780486_CA,TSS,Inflow,3
2870,1980780486_CA,TSS,Inflow,4
72,1980780486_CA,TSS,Inflow,4
30,1980780486_CA,TSS,Inflow,4
15,1980780486_CA,TSS,Inflow,4
1280,1980780486_CA,TSS,Inflow,4
1280,1980780486_CA,TSS,Inflow,5
21,1980780486_CA,TSS,Inflow,5
96,1980780486_CA,TSS,Inflow,5
85,1980780486_CA,TSS,Inflow,5
66,1980780486_CA,TSS,Inflow,5
15,1980780486_CA,TSS,Inflow,6
600,1980780486_CA,TSS,Inflow,6
118,1980780486_CA,TSS,Inflow,6
166,1980780486_CA,TSS,Inflow,6
90,1980780486_CA,TSS,Inflow,6
118,1980780486_CA,TSS,Inflow,7
161,1980780486_CA,TSS,Inflow,7
18,1980780486_CA,TSS,Inflow,7
21,1980780486_CA,TSS,Inflow,7
600,1980780486_CA,TSS,Inflow,7
24,1980780486_CA,TSS,Inflow,8
723,1980780486_CA,TSS,Inflow,8
15,1980780486_CA,TSS,Inflow,8
72,1980780486_CA,TSS,Inflow,8
2870,1980780486_CA,TSS,Inflow,8
166,1980780486_CA,TSS,Inflow,9
85,1980780486_CA,TSS,Inflow,9
600,1980780486_CA,TSS,Inflow,9
35,1980780486_CA,TSS,Inflow,9
21,1980780486_CA,TSS,Inflow,9
35,1980780486_CA,TSS,Inflow,10
85,1980780486_CA,TSS,Inflow,10
66,1980780486_CA,TSS,Inflow,10
30,1980780486_CA,TSS,Inflow,10
96,1980780486_CA,TSS,Inflow,10
600,1980780486_CA,TSS,Inflow,11
24,1980780486_CA,TSS,Inflow,11
166,1980780486_CA,TSS,Inflow,11
72,1980780486_CA,TSS,Inflow,11
21,1980780486_CA,TSS,Inflow,11
723,1980780486_CA,TSS,Inflow,12
30,1980780486_CA,TSS,Inflow,12
2870,1980780486_CA,TSS,Inflow,12
36,1980780486_CA,TSS,Inflow,12
1280,1980780486_CA,TSS,Inflow,12
723,1980780486_CA,TSS,Inflow,13
49,1980780486_CA,TSS,Inflow,13
24,1980780486_CA,TSS,Inflow,13
85,1980780486_CA,TSS,Inflow,13
35,1980780486_CA,TSS,Inflow,13
2870,1980780486_CA,TSS,Inflow,14
36,1980780486_CA,TSS,Inflow,14
118,1980780486_CA,TSS,Inflow,14
30,1980780486_CA,TSS,Inflow,14
15,1980780486_CA,TSS,Inflow,14
66,1980780486_CA,TSS,Inflow,15
85,1980780486_CA,TSS,Inflow,15
2870,1980780486_CA,TSS,Inflow,15
72,1980780486_CA,TSS,Inflow,15
24,1980780486_CA,TSS,Inflow,15
15,1980780486_CA,TSS,Inflow,16
191,1980780486_CA,TSS,Inflow,16
36,1980780486_CA,TSS,Inflow,16
72,1980780486_CA,TSS,Inflow,16
30,1980780486_CA,TSS,Inflow,16
49,1980780486_CA,TSS,Inflow,17
72,1980780486_CA,TSS,Inflow,17
35,1980780486_CA,TSS,Inflow,17
96,1980780486_CA,TSS,Inflow,17
24,1980780486_CA,TSS,Inflow,17
2870,1980780486_CA,TSS,Inflow,18
600,1980780486_CA,TSS,Inflow,18
35,1980780486_CA,TSS,Inflow,18
191,1980780486_CA,TSS,Inflow,18
24,1980780486_CA,TSS,Inflow,18
85,1980780486_CA,TSS,Inflow,19
72,1980780486_CA,TSS,Inflow,19
161,1980780486_CA,TSS,Inflow,19
2870,1980780486_CA,TSS,Inflow,19
30,1980780486_CA,TSS,Inflow,19
191,1980780486_CA,TSS,Inflow,20
118,1980780486_CA,TSS,Inflow,20
90,1980780486_CA,TSS,Inflow,20
30,1980780486_CA,TSS,Inflow,20
96,1980780486_CA,TSS,Inflow,20
161,1980780486_CA,TSS,Inflow,21
118,1980780486_CA,TSS,Inflow,21
30,1980780486_CA,TSS,Inflow,21
600,1980780486_CA,TSS,Inflow,21
85,1980780486_CA,TSS,Inflow,21
96,1980780486_CA,TSS,Inflow,22
600,1980780486_CA,TSS,Inflow,22
2870,1980780486_CA,TSS,Inflow,22
18,1980780486_CA,TSS,Inflow,22
24,1980780486_CA,TSS,Inflow,22
30,1980780486_CA,TSS,Inflow,23
96,1980780486_CA,TSS,Inflow,23
30,1980780486_CA,TSS,Inflow,23
35,1980780486_CA,TSS,Inflow,23
191,1980780486_CA,TSS,Inflow,23
1280,1980780486_CA,TSS,Inflow,24
15,1980780486_CA,TSS,Inflow,24
30,1980780486_CA,TSS,Inflow,24
66,1980780486_CA,TSS,Inflow,24
191,1980780486_CA,TSS,Inflow,24
36,1980780486_CA,TSS,Inflow,25
72,1980780486_CA,TSS,Inflow,25
35,1980780486_CA,TSS,Inflow,25
161,1980780486_CA,TSS,Inflow,25
96,1980780486_CA,TSS,Inflow,25
191,1980780486_CA,TSS,Inflow,26
15,1980780486_CA,TSS,Inflow,26
72,1980780486_CA,TSS,Inflow,26
723,1980780486_CA,TSS,Inflow,26
24,1980780486_CA,TSS,Inflow,26
21,1980780486_CA,TSS,Inflow,27
2870,1980780486_CA,TSS,Inflow,27
191,1980780486_CA,TSS,Inflow,27
118,1980780486_CA,TSS,Inflow,27
24,1980780486_CA,TSS,Inflow,27
118,1980780486_CA,TSS,Inflow,28
191,1980780486_CA,TSS,Inflow,28
90,1980780486_CA,TSS,Inflow,28
723,1980780486_CA,TSS,Inflow,28
35,1980780486_CA,TSS,Inflow,28
30,1980780486_CA,TSS,Inflow,29
30,1980780486_CA,TSS,Inflow,29
36,1980780486_CA,TSS,Inflow,29
90,1980780486_CA,TSS,Inflow,29
35,1980780486_CA,TSS,Inflow,29
191,1980780486_CA,TSS,Inflow,30
35,1980780486_CA,TSS,Inflow,30
21,1980780486_CA,TSS,Inflow,30
36,1980780486_CA,TSS,Inflow,30
2870,1980780486_CA,TSS,Inflow,30
30,1980780486_CA,TSS,Inflow,31
35,1980780486_CA,TSS,Inflow,31
15,1980780486_CA,TSS,Inflow,31
18,1980780486_CA,TSS,Inflow,31
85,1980780486_CA,TSS,Inflow,31
118,1980780486_CA,TSS,Inflow,32
96,1980780486_CA,TSS,Inflow,32
161,1980780486_CA,TSS,Inflow,32
66,1980780486_CA,TSS,Inflow,32
600,1980780486_CA,TSS,Inflow,32
30,1980780486_CA,TSS,Inflow,33
161,1980780486_CA,TSS,Inflow,33
600,1980780486_CA,TSS,Inflow,33
24,1980780486_CA,TSS,Inflow,33
35,1980780486_CA,TSS,Inflow,33
2870,1980780486_CA,TSS,Inflow,34
72,1980780486_CA,TSS,Inflow,34
85,1980780486_CA,TSS,Inflow,34
118,1980780486_CA,TSS,Inflow,34
161,1980780486_CA,TSS,Inflow,34
2870,1980780486_CA,TSS,Inflow,35
161,1980780486_CA,TSS,Inflow,35
30,1980780486_CA,TSS,Inflow,35
118,1980780486_CA,TSS,Inflow,35
600,1980780486_CA,TSS,Inflow,35
35,1980780486_CA,TSS,Inflow,36
723,1980780486_CA,TSS,Inflow,36
96,1980780486_CA,TSS,Inflow,36
161,1980780486_CA,TSS,Inflow,36
36,1980780486_CA,TSS,Inflow,36
85,1980780486_CA,TSS,Inflow,37
24,1980780486_CA,TSS,Inflow,37
166,1980780486_CA,TSS,Inflow,37
600,1980780486_CA,TSS,Inflow,37
72,1980780486_CA,TSS,Inflow,37
30,1980780486_CA,TSS,Inflow,38
118,1980780486_CA,TSS,Inflow,38
21,1980780486_CA,TSS,Inflow,38
191,1980780486_CA,TSS,Inflow,38
85,1980780486_CA,TSS,Inflow,38
49,1980780486_CA,TSS,Inflow,39
96,1980780486_CA,TSS,Inflow,39
36,1980780486_CA,TSS,Inflow,39
30,1980780486_CA,TSS,Inflow,39
66,1980780486_CA,TSS,Inflow,39
30,1980780486_CA,TSS,Inflow,40
35,1980780486_CA,TSS,Inflow,40
90,1980780486_CA,TSS,Inflow,40
72,1980780486_CA,TSS,Inflow,40
15,1980780486_CA,TSS,Inflow,40
66,1980780486_CA,TSS,Inflow,41
49,1980780486_CA,TSS,Inflow,41
72,1980780486_CA,TSS,Inflow,41
2870,1980780486_CA,TSS,Inflow,41
161,1980780486_CA,TSS,Inflow,41
21,1980780486_CA,TSS,Inflow,42
96,1980780486_CA,TSS,Inflow,42
118,1980780486_CA,TSS,Inflow,42
161,1980780486_CA,TSS,Inflow,42
66,1980780486_CA,TSS,Inflow,42
600,1980780486_CA,TSS,Inflow,43
49,1980780486_CA,TSS,Inflow,43
85,1980780486_CA,TSS,Inflow,43
72,1980780486_CA,TSS,Inflow,43
18,1980780486_CA,TSS,Inflow,43
96,1980780486_CA,TSS,Inflow,44
118,1980780486_CA,TSS,Inflow,44
72,1980780486_CA,TSS,Inflow,44
1280,1980780486_CA,TSS,Inflow,44
24,1980780486_CA,TSS,Inflow,44
21,1980780486_CA,TSS,Inflow,45
2870,1980780486_CA,TSS,Inflow,45
66,1980780486_CA,TSS,Inflow,45
600,1980780486_CA,TSS,Inflow,45
30,1980780486_CA,TSS,Inflow,45
30,1980780486_CA,TSS,Inflow,46
2870,1980780486_CA,TSS,Inflow,46
118,1980780486_CA,TSS,Inflow,46
72,1980780486_CA,TSS,Inflow,46
21,1980780486_CA,TSS,Inflow,46
35,1980780486_CA,TSS,Inflow,47
36,1980780486_CA,TSS,Inflow,47
24,1980780486_CA,TSS,Inflow,47
96,1980780486_CA,TSS,Inflow,47
30,1980780486_CA,TSS,Inflow,47
118,1980780486_CA,TSS,Inflow,48
72,1980780486_CA,TSS,Inflow,48
2870,1980780486_CA,TSS,Inflow,48
24,1980780486_CA,TSS,Inflow,48
161,1980780486_CA,TSS,Inflow,48
96,1980780486_CA,TSS,Inflow,49
30,1980780486_CA,TSS,Inflow,49
21,1980780486_CA,TSS,Inflow,49
66,1980780486_CA,TSS,Inflow,49
161,1980780486_CA,TSS,Inflow,49
90,1980780486_CA,TSS,Inflow,50
21,1980780486_CA,TSS,Inflow,50
18,1980780486_CA,TSS,Inflow,50
161,1980780486_CA,TSS,Inflow,50
191,1980780486_CA,TSS,Inflow,50
35,1980780486_CA,TSS,Inflow,51
24,1980780486_CA,TSS,Inflow,51
90,1980780486_CA,TSS,Inflow,51
72,1980780486_CA,TSS,Inflow,51
161,1980780486_CA,TSS,Inflow,51
118,1980780486_CA,TSS,Inflow,52
96,1980780486_CA,TSS,Inflow,52
191,1980780486_CA,TSS,Inflow,52
15,1980780486_CA,TSS,Inflow,52
49,1980780486_CA,TSS,Inflow,52
85,1980780486_CA,TSS,Inflow,53
2870,1980780486_CA,TSS,Inflow,53
18,1980780486_CA,TSS,Inflow,53
161,1980780486_CA,TSS,Inflow,53
35,1980780486_CA,TSS,Inflow,53
21,1980780486_CA,TSS,Inflow,54
72,1980780486_CA,TSS,Inflow,54
49,1980780486_CA,TSS,Inflow,54
30,1980780486_CA,TSS,Inflow,54
723,1980780486_CA,TSS,Inflow,54
118,1980780486_CA,TSS,Inflow,55
36,1980780486_CA,TSS,Inflow,55
24,1980780486_CA,TSS,Inflow,55
723,1980780486_CA,TSS,Inflow,55
21,1980780486_CA,TSS,Inflow,55
2870,1980780486_CA,TSS,Inflow,56
600,1980780486_CA,TSS,Inflow,56
66,1980780486_CA,TSS,Inflow,56
118,1980780486_CA,TSS,Inflow,56
35,1980780486_CA,TSS,Inflow,56
1280,1980780486_CA,TSS,Inflow,57
2870,1980780486_CA,TSS,Inflow,57
90,1980780486_CA,TSS,Inflow,57
30,1980780486_CA,TSS,Inflow,57
191,1980780486_CA,TSS,Inflow,57
161,1980780486_CA,TSS,Inflow,58
1280,1980780486_CA,TSS,Inflow,58
49,1980780486_CA,TSS,Inflow,58
90,1980780486_CA,TSS,Inflow,58
21,1980780486_CA,TSS,Inflow,58
66,1980780486_CA,TSS,Inflow,59
118,1980780486_CA,TSS,Inflow,59
2870,1980780486_CA,TSS,Inflow,59
1280,1980780486_CA,TSS,Inflow,59
72,1980780486_CA,TSS,Inflow,59
90,1980780486_CA,TSS,Inflow,60
191,1980780486_CA,TSS,Inflow,60
49,1980780486_CA,TSS,Inflow,60
723,1980780486_CA,TSS,Inflow,60
72,1980780486_CA,TSS,Inflow,60
36,1980780486_CA,TSS,Inflow,61
85,1980780486_CA,TSS,Inflow,61
161,1980780486_CA,TSS,Inflow,61
15,1980780486_CA,TSS,Inflow,61
90,1980780486_CA,TSS,Inflow,61
15,1980780486_CA,TSS,Inflow,62
72,1980780486_CA,TSS,Inflow,62
2870,1980780486_CA,TSS,Inflow,62
35,1980780486_CA,TSS,Inflow,62
85,1980780486_CA,TSS,Inflow,62
15,1980780486_CA,TSS,Inflow,63
118,1980780486_CA,TSS,Inflow,63
21,1980780486_CA,TSS,Inflow,63
24,1980780486_CA,TSS,Inflow,63
85,1980780486_CA,TSS,Inflow,63
49,1980780486_CA,TSS,Inflow,64
18,1980780486_CA,TSS,Inflow,64
1280,1980780486_CA,TSS,Inflow,64
191,1980780486_CA,TSS,Inflow,64
85,1980780486_CA,TSS,Inflow,64
723,1980780486_CA,TSS,Inflow,65
90,1980780486_CA,TSS,Inflow,65
1280,1980780486_CA,TSS,Inflow,65
161,1980780486_CA,TSS,Inflow,65
600,1980780486_CA,TSS,Inflow,65
85,1980780486_CA,TSS,Inflow,66
30,1980780486_CA,TSS,Inflow,66
90,1980780486_CA,TSS,Inflow,66
49,1980780486_CA,TSS,Inflow,66
15,1980780486_CA,TSS,Inflow,66
18,1980780486_CA,TSS,Inflow,67
166,1980780486_CA,TSS,Inflow,67
2870,1980780486_CA,TSS,Inflow,67
1280,1980780486_CA,TSS,Inflow,67
30,1980780486_CA,TSS,Inflow,67
2870,1980780486_CA,TSS,Inflow,68
90,1980780486_CA,TSS,Inflow,68
30,1980780486_CA,TSS,Inflow,68
21,1980780486_CA,TSS,Inflow,68
96,1980780486_CA,TSS,Inflow,68
72,1980780486_CA,TSS,Inflow,69
85,1980780486_CA,TSS,Inflow,69
49,1980780486_CA,TSS,Inflow,69
191,1980780486_CA,TSS,Inflow,69
600,1980780486_CA,TSS,Inflow,69
21,1980780486_CA,TSS,Inflow,70
36,1980780486_CA,TSS,Inflow,70
15,1980780486_CA,TSS,Inflow,70
24,1980780486_CA,TSS,Inflow,70
2870,1980780486_CA,TSS,Inflow,70
36,1980780486_CA,TSS,Inflow,71
2870,1980780486_CA,TSS,Inflow,71
15,1980780486_CA,TSS,Inflow,71
18,1980780486_CA,TSS,Inflow,71
600,1980780486_CA,TSS,Inflow,71
66,1980780486_CA,TSS,Inflow,72
2870,1980780486_CA,TSS,Inflow,72
49,1980780486_CA,TSS,Inflow,72
161,1980780486_CA,TSS,Inflow,72
36,1980780486_CA,TSS,Inflow,72
30,1980780486_CA,TSS,Inflow,73
2870,1980780486_CA,TSS,Inflow,73
24,1980780486_CA,TSS,Inflow,73
49,1980780486_CA,TSS,Inflow,73
166,1980780486_CA,TSS,Inflow,73
1280,1980780486_CA,TSS,Inflow,74
15,1980780486_CA,TSS,Inflow,74
49,1980780486_CA,TSS,Inflow,74
118,1980780486_CA,TSS,Inflow,74
166,1980780486_CA,TSS,Inflow,74
72,1980780486_CA,TSS,Inflow,75
18,1980780486_CA,TSS,Inflow,75
36,1980780486_CA,TSS,Inflow,75
30,1980780486_CA,TSS,Inflow,75
1280,1980780486_CA,TSS,Inflow,75
35,1980780486_CA,TSS,Inflow,76
85,1980780486_CA,TSS,Inflow,76
191,1980780486_CA,TSS,Inflow,76
21,1980780486_CA,TSS,Inflow,76
166,1980780486_CA,TSS,Inflow,76
600,1980780486_CA,TSS,Inflow,77
90,1980780486_CA,TSS,Inflow,77
72,1980780486_CA,TSS,Inflow,77
30,1980780486_CA,TSS,Inflow,77
118,1980780486_CA,TSS,Inflow,77
21,1980780486_CA,TSS,Inflow,78
600,1980780486_CA,TSS,Inflow,78
24,1980780486_CA,TSS,Inflow,78
96,1980780486_CA,TSS,Inflow,78
1280,1980780486_CA,TSS,Inflow,78
72,1980780486_CA,TSS,Inflow,79
15,1980780486_CA,TSS,Inflow,79
30,1980780486_CA,TSS,Inflow,79
24,1980780486_CA,TSS,Inflow,79
35,1980780486_CA,TSS,Inflow,79
24,1980780486_CA,TSS,Inflow,80
15,1980780486_CA,TSS,Inflow,80
30,1980780486_CA,TSS,Inflow,80
85,1980780486_CA,TSS,Inflow,80
600,1980780486_CA,TSS,Inflow,80
723,1980780486_CA,TSS,Inflow,81
90,1980780486_CA,TSS,Inflow,81
24,1980780486_CA,TSS,Inflow,81
166,1980780486_CA,TSS,Inflow,81
21,1980780486_CA,TSS,Inflow,81
161,1980780486_CA,TSS,Inflow,82
600,1980780486_CA,TSS,Inflow,82
118,1980780486_CA,TSS,Inflow,82
24,1980780486_CA,TSS,Inflow,82
72,1980780486_CA,TSS,Inflow,82
36,1980780486_CA,TSS,Inflow,83
191,1980780486_CA,TSS,Inflow,83
723,1980780486_CA,TSS,Inflow,83
18,1980780486_CA,TSS,Inflow,83
166,1980780486_CA,TSS,Inflow,83
90,1980780486_CA,TSS,Inflow,84
35,1980780486_CA,TSS,Inflow,84
161,1980780486_CA,TSS,Inflow,84
72,1980780486_CA,TSS,Inflow,84
66,1980780486_CA,TSS,Inflow,84
49,1980780486_CA,TSS,Inflow,85
36,1980780486_CA,TSS,Inflow,85
2870,1980780486_CA,TSS,Inflow,85
15,1980780486_CA,TSS,Inflow,85
21,1980780486_CA,TSS,Inflow,85
191,1980780486_CA,TSS,Inflow,86
2870,1980780486_CA,TSS,Inflow,86
18,1980780486_CA,TSS,Inflow,86
90,1980780486_CA,TSS,Inflow,86
30,1980780486_CA,TSS,Inflow,86
18,1980780486_CA,TSS,Inflow,87
161,1980780486_CA,TSS,Inflow,87
85,1980780486_CA,TSS,Inflow,87
35,1980780486_CA,TSS,Inflow,87
118,1980780486_CA,TSS,Inflow,87
600,1980780486_CA,TSS,Inflow,88
21,1980780486_CA,TSS,Inflow,88
1280,1980780486_CA,TSS,Inflow,88
36,1980780486_CA,TSS,Inflow,88
96,1980780486_CA,TSS,Inflow,88
72,1980780486_CA,TSS,Inflow,89
166,1980780486_CA,TSS,Inflow,89
85,1980780486_CA,TSS,Inflow,89
24,1980780486_CA,TSS,Inflow,89
21,1980780486_CA,TSS,Inflow,89
191,1980780486_CA,TSS,Inflow,90
723,1980780486_CA,TSS,Inflow,90
18,1980780486_CA,TSS,Inflow,90
118,1980780486_CA,TSS,Inflow,90
2870,1980780486_CA,TSS,Inflow,90
36,1980780486_CA,TSS,Inflow,91
2870,1980780486_CA,TSS,Inflow,91
18,1980780486_CA,TSS,Inflow,91
30,1980780486_CA,TSS,Inflow,91
66,1980780486_CA,TSS,Inflow,91
21,1980780486_CA,TSS,Inflow,92
18,1980780486_CA,TSS,Inflow,92
66,1980780486_CA,TSS,Inflow,92
49,1980780486_CA,TSS,Inflow,92
72,1980780486_CA,TSS,Inflow,92
2870,1980780486_CA,TSS,Inflow,93
30,1980780486_CA,TSS,Inflow,93
166,1980780486_CA,TSS,Inflow,93
1280,1980780486_CA,TSS,Inflow,93
35,1980780486_CA,TSS,Inflow,93
66,1980780486_CA,TSS,Inflow,94
30,1980780486_CA,TSS,Inflow,94
18,1980780486_CA,TSS,Inflow,94
24,1980780486_CA,TSS,Inflow,94
600,1980780486_CA,TSS,Inflow,94
600,1980780486_CA,TSS,Inflow,95
21,1980780486_CA,TSS,Inflow,95
161,1980780486_CA,TSS,Inflow,95
85,1980780486_CA,TSS,Inflow,95
15,1980780486_CA,TSS,Inflow,95
1280,1980780486_CA,TSS,Inflow,96
191,1980780486_CA,TSS,Inflow,96
36,1980780486_CA,TSS,Inflow,96
118,1980780486_CA,TSS,Inflow,96
600,1980780486_CA,TSS,Inflow,96
85,1980780486_CA,TSS,Inflow,97
723,1980780486_CA,TSS,Inflow,97
21,1980780486_CA,TSS,Inflow,97
66,1980780486_CA,TSS,Inflow,97
30,1980780486_CA,TSS,Inflow,97
90,1980780486_CA,TSS,Inflow,98
15,1980780486_CA,TSS,Inflow,98
66,1980780486_CA,TSS,Inflow,98
191,1980780486_CA,TSS,Inflow,98
96,1980780486_CA,TSS,Inflow,98
2870,1980780486_CA,TSS,Inflow,99
600,1980780486_CA,TSS,Inflow,99
35,1980780486_CA,TSS,Inflow,99
191,1980780486_CA,TSS,Inflow,99
21,1980780486_CA,TSS,Inflow,99
36,1980780486_CA,TSS,Inflow,100
161,1980780486_CA,TSS,Inflow,100
49,1980780486_CA,TSS,Inflow,100
72,1980780486_CA,TSS,Inflow,100
18,1980780486_CA,TSS,Inflow,100
30,1980780486_CA,TSS,Inflow,101
118,1980780486_CA,TSS,Inflow,101
35,1980780486_CA,TSS,Inflow,101
18,1980780486_CA,TSS,Inflow,101
161,1980780486_CA,TSS,Inflow,101
166,1980780486_CA,TSS,Inflow,102
723,1980780486_CA,TSS,Inflow,102
15,1980780486_CA,TSS,Inflow,102
18,1980780486_CA,TSS,Inflow,102
30,1980780486_CA,TSS,Inflow,102
24,1980780486_CA,TSS,Inflow,103
161,1980780486_CA,TSS,Inflow,103
35,1980780486_CA,TSS,Inflow,103
15,1980780486_CA,TSS,Inflow,103
2870,1980780486_CA,TSS,Inflow,103
191,1980780486_CA,TSS,Inflow,104
90,1980780486_CA,TSS,Inflow,104
21,1980780486_CA,TSS,Inflow,104
723,1980780486_CA,TSS,Inflow,104
15,1980780486_CA,TSS,Inflow,104
15,1980780486_CA,TSS,Inflow,105
30,1980780486_CA,TSS,Inflow,105
1280,1980780486_CA,TSS,Inflow,105
66,1980780486_CA,TSS,Inflow,105
96,1980780486_CA,TSS,Inflow,105
1280,1980780486_CA,TSS,Inflow,106
96,1980780486_CA,TSS,Inflow,106
166,1980780486_CA,TSS,Inflow,106
72,1980780486_CA,TSS,Inflow,106
2870,1980780486_CA,TSS,Inflow,106
118,1980780486_CA,TSS,Inflow,107
166,1980780486_CA,TSS,Inflow,107
723,1980780486_CA,TSS,Inflow,107
15,1980780486_CA,TSS,Inflow,107
36,1980780486_CA,TSS,Inflow,107
49,1980780486_CA,TSS,Inflow,108
85,1980780486_CA,TSS,Inflow,108
21,1980780486_CA,TSS,Inflow,108
90,1980780486_CA,TSS,Inflow,108
72,1980780486_CA,TSS,Inflow,108
36,1980780486_CA,TSS,Inflow,109
30,1980780486_CA,TSS,Inflow,109
21,1980780486_CA,TSS,Inflow,109
96,1980780486_CA,TSS,Inflow,109
118,1980780486_CA,TSS,Inflow,109
96,1980780486_CA,TSS,Inflow,110
49,1980780486_CA,TSS,Inflow,110
66,1980780486_CA,TSS,Inflow,110
85,1980780486_CA,TSS,Inflow,110
118,1980780486_CA,TSS,Inflow,110
18,1980780486_CA,TSS,Inflow,111
30,1980780486_CA,TSS,Inflow,111
161,1980780486_CA,TSS,Inflow,111
118,1980780486_CA,TSS,Inflow,111
66,1980780486_CA,TSS,Inflow,111
1280,1980780486_CA,TSS,Inflow,112
600,1980780486_CA,TSS,Inflow,112
166,1980780486_CA,TSS,Inflow,112
118,1980780486_CA,TSS,Inflow,112
85,1980780486_CA,TSS,Inflow,112
118,1980780486_CA,TSS,Inflow,113
96,1980780486_CA,TSS,Inflow,113
15,1980780486_CA,TSS,Inflow,113
166,1980780486_CA,TSS,Inflow,113
21,1980780486_CA,TSS,Inflow,113
35,1980780486_CA,TSS,Inflow,114
191,1980780486_CA,TSS,Inflow,114
2870,1980780486_CA,TSS,Inflow,114
118,1980780486_CA,TSS,Inflow,114
18,1980780486_CA,TSS,Inflow,114
66,1980780486_CA,TSS,Inflow,115
15,1980780486_CA,TSS,Inflow,115
90,1980780486_CA,TSS,Inflow,115
723,1980780486_CA,TSS,Inflow,115
118,1980780486_CA,TSS,Inflow,115
166,1980780486_CA,TSS,Inflow,116
30,1980780486_CA,TSS,Inflow,116
90,1980780486_CA,TSS,Inflow,116
30,1980780486_CA,TSS,Inflow,116
35,1980780486_CA,TSS,Inflow,116
49,1980780486_CA,TSS,Inflow,117
90,1980780486_CA,TSS,Inflow,117
18,1980780486_CA,TSS,Inflow,117
21,1980780486_CA,TSS,Inflow,117
72,1980780486_CA,TSS,Inflow,117
24,1980780486_CA,TSS,Inflow,118
600,1980780486_CA,TSS,Inflow,118
30,1980780486_CA,TSS,Inflow,118
21,1980780486_CA,TSS,Inflow,118
18,1980780486_CA,TSS,Inflow,118
49,1980780486_CA,TSS,Inflow,119
118,1980780486_CA,TSS,Inflow,119
72,1980780486_CA,TSS,Inflow,119
30,1980780486_CA,TSS,Inflow,119
96,1980780486_CA,TSS,Inflow,119
166,1980780486_CA,TSS,Inflow,120
161,1980780486_CA,TSS,Inflow,120
36,1980780486_CA,TSS,Inflow,120
35,1980780486_CA,TSS,Inflow,120
15,1980780486_CA,TSS,Inflow,120
30,1980780486_CA,TSS,Inflow,121
21,1980780486_CA,TSS,Inflow,121
118,1980780486_CA,TSS,Inflow,121
49,1980780486_CA,TSS,Inflow,121
723,1980780486_CA,TSS,Inflow,121
191,1980780486_CA,TSS,Inflow,122
72,1980780486_CA,TSS,Inflow,122
49,1980780486_CA,TSS,Inflow,122
85,1980780486_CA,TSS,Inflow,122
21,1980780486_CA,TSS,Inflow,122
21,1980780486_CA,TSS,Inflow,123
72,1980780486_CA,TSS,Inflow,123
118,1980780486_CA,TSS,Inflow,123
24,1980780486_CA,TSS,Inflow,123
2870,1980780486_CA,TSS,Inflow,123
600,1980780486_CA,TSS,Inflow,124
18,1980780486_CA,TSS,Inflow,124
36,1980780486_CA,TSS,Inflow,124
723,1980780486_CA,TSS,Inflow,124
49,1980780486_CA,TSS,Inflow,124
15,1980780486_CA,TSS,Inflow,125
49,1980780486_CA,TSS,Inflow,125
66,1980780486_CA,TSS,Inflow,125
191,1980780486_CA,TSS,Inflow,125
30,1980780486_CA,TSS,Inflow,125
1280,1980780486_CA,TSS,Inflow,126
161,1980780486_CA,TSS,Inflow,126
15,1980780486_CA,TSS,Inflow,126
96,1980780486_CA,TSS,Inflow,126
66,1980780486_CA,TSS,Inflow,126
36,1980780486_CA,TSS,Inflow,127
30,1980780486_CA,TSS,Inflow,127
66,1980780486_CA,TSS,Inflow,127
21,1980780486_CA,TSS,Inflow,127
166,1980780486_CA,TSS,Inflow,127
15,1980780486_CA,TSS,Inflow,128
2870,1980780486_CA,TSS,Inflow,128
96,1980780486_CA,TSS,Inflow,128
1280,1980780486_CA,TSS,Inflow,128
90,1980780486_CA,TSS,Inflow,128
166,1980780486_CA,TSS,Inflow,129
21,1980780486_CA,TSS,Inflow,129
15,1980780486_CA,TSS,Inflow,129
96,1980780486_CA,TSS,Inflow,129
2870,1980780486_CA,TSS,Inflow,129
24,1980780486_CA,TSS,Inflow,130
72,1980780486_CA,TSS,Inflow,130
36,1980780486_CA,TSS,Inflow,130
85,1980780486_CA,TSS,Inflow,130
118,1980780486_CA,TSS,Inflow,130
90,1980780486_CA,TSS,Inflow,131
18,1980780486_CA,TSS,Inflow,131
600,1980780486_CA,TSS,Inflow,131
72,1980780486_CA,TSS,Inflow,131
15,1980780486_CA,TSS,Inflow,131
600,1980780486_CA,TSS,Inflow,132
66,1980780486_CA,TSS,Inflow,132
24,1980780486_CA,TSS,Inflow,132
161,1980780486_CA,TSS,Inflow,132
49,1980780486_CA,TSS,Inflow,132
35,1980780486_CA,TSS,Inflow,133
191,1980780486_CA,TSS,Inflow,133
118,1980780486_CA,TSS,Inflow,133
18,1980780486_CA,TSS,Inflow,133
72,1980780486_CA,TSS,Inflow,133
30,1980780486_CA,TSS,Inflow,134
166,1980780486_CA,TSS,Inflow,134
36,1980780486_CA,TSS,Inflow,134
600,1980780486_CA,TSS,Inflow,134
35,1980780486_CA,TSS,Inflow,134
96,1980780486_CA,TSS,Inflow,135
723,1980780486_CA,TSS,Inflow,135
35,1980780486_CA,TSS,Inflow,135
2870,1980780486_CA,TSS,Inflow,135
600,1980780486_CA,TSS,Inflow,135
49,1980780486_CA,TSS,Inflow,136
2870,1980780486_CA,TSS,Inflow,136
18,1980780486_CA,TSS,Inflow,136
161,1980780486_CA,TSS,Inflow,136
15,1980780486_CA,TSS,Inflow,136
118,1980780486_CA,TSS,Inflow,137
166,1980780486_CA,TSS,Inflow,137
30,1980780486_CA,TSS,Inflow,137
96,1980780486_CA,TSS,Inflow,137
66,1980780486_CA,TSS,Inflow,137
72,1980780486_CA,TSS,Inflow,138
30,1980780486_CA,TSS,Inflow,138
118,1980780486_CA,TSS,Inflow,138
166,1980780486_CA,TSS,Inflow,138
96,1980780486_CA,TSS,Inflow,138
35,1980780486_CA,TSS,Inflow,139
15,1980780486_CA,TSS,Inflow,139
2870,1980780486_CA,TSS,Inflow,139
161,1980780486_CA,TSS,Inflow,139
723,1980780486_CA,TSS,Inflow,139
30,1980780486_CA,TSS,Inflow,140
21,1980780486_CA,TSS,Inflow,140
72,1980780486_CA,TSS,Inflow,140
49,1980780486_CA,TSS,Inflow,140
118,1980780486_CA,TSS,Inflow,140
49,1980780486_CA,TSS,Inflow,141
15,1980780486_CA,TSS,Inflow,141
161,1980780486_CA,TSS,Inflow,141
96,1980780486_CA,TSS,Inflow,141
90,1980780486_CA,TSS,Inflow,141
35,1980780486_CA,TSS,Inflow,142
2870,1980780486_CA,TSS,Inflow,142
96,1980780486_CA,TSS,Inflow,142
30,1980780486_CA,TSS,Inflow,142
24,1980780486_CA,TSS,Inflow,142
96,1980780486_CA,TSS,Inflow,143
166,1980780486_CA,TSS,Inflow,143
2870,1980780486_CA,TSS,Inflow,143
1280,1980780486_CA,TSS,Inflow,143
600,1980780486_CA,TSS,Inflow,143
36,1980780486_CA,TSS,Inflow,144
85,1980780486_CA,TSS,Inflow,144
1280,1980780486_CA,TSS,Inflow,144
35,1980780486_CA,TSS,Inflow,144
72,1980780486_CA,TSS,Inflow,144
15,1980780486_CA,TSS,Inflow,145
96,1980780486_CA,TSS,Inflow,145
85,1980780486_CA,TSS,Inflow,145
118,1980780486_CA,TSS,Inflow,145
30,1980780486_CA,TSS,Inflow,145
49,1980780486_CA,TSS,Inflow,146
85,1980780486_CA,TSS,Inflow,146
72,1980780486_CA,TSS,Inflow,146
30,1980780486_CA,TSS,Inflow,146
166,1980780486_CA,TSS,Inflow,146
90,1980780486_CA,TSS,Inflow,147
21,1980780486_CA,TSS,Inflow,147
600,1980780486_CA,TSS,Inflow,147
2870,1980780486_CA,TSS,Inflow,147
85,1980780486_CA,TSS,Inflow,147
1280,1980780486_CA,TSS,Inflow,148
118,1980780486_CA,TSS,Inflow,148
15,1980780486_CA,TSS,Inflow,148
166,1980780486_CA,TSS,Inflow,148
2870,1980780486_CA,TSS,Inflow,148
49,1980780486_CA,TSS,Inflow,149
118,1980780486_CA,TSS,Inflow,149
90,1980780486_CA,TSS,Inflow,149
21,1980780486_CA,TSS,Inflow,149
161,1980780486_CA,TSS,Inflow,149
118,1980780486_CA,TSS,Inflow,150
15,1980780486_CA,TSS,Inflow,150
36,1980780486_CA,TSS,Inflow,150
161,1980780486_CA,TSS,Inflow,150
96,1980780486_CA,TSS,Inflow,150
1280,1980780486_CA,TSS,Inflow,151
18,1980780486_CA,TSS,Inflow,151
600,1980780486_CA,TSS,Inflow,151
66,1980780486_CA,TSS,Inflow,151
30,1980780486_CA,TSS,Inflow,151
15,1980780486_CA,TSS,Inflow,152
600,1980780486_CA,TSS,Inflow,152
1280,1980780486_CA,TSS,Inflow,152
35,1980780486_CA,TSS,Inflow,152
30,1980780486_CA,TSS,Inflow,152
191,1980780486_CA,TSS,Inflow,153
21,1980780486_CA,TSS,Inflow,153
24,1980780486_CA,TSS,Inflow,153
18,1980780486_CA,TSS,Inflow,153
72,1980780486_CA,TSS,Inflow,153
191,1980780486_CA,TSS,Inflow,154
166,1980780486_CA,TSS,Inflow,154
18,1980780486_CA,TSS,Inflow,154
35,1980780486_CA,TSS,Inflow,154
66,1980780486_CA,TSS,Inflow,154
96,1980780486_CA,TSS,Inflow,155
18,1980780486_CA,TSS,Inflow,155
72,1980780486_CA,TSS,Inflow,155
191,1980780486_CA,TSS,Inflow,155
90,1980780486_CA,TSS,Inflow,155
166,1980780486_CA,TSS,Inflow,156
85,1980780486_CA,TSS,Inflow,156
161,1980780486_CA,TSS,Inflow,156
90,1980780486_CA,TSS,Inflow,156
118,1980780486_CA,TSS,Inflow,156
90,1980780486_CA,TSS,Inflow,157
18,1980780486_CA,TSS,Inflow,157
166,1980780486_CA,TSS,Inflow,157
36,1980780486_CA,TSS,Inflow,157
723,1980780486_CA,TSS,Inflow,157
161,1980780486_CA,TSS,Inflow,158
66,1980780486_CA,TSS,Inflow,158
36,1980780486_CA,TSS,Inflow,158
49,1980780486_CA,TSS,Inflow,158
600,1980780486_CA,TSS,Inflow,158
18,1980780486_CA,TSS,Inflow,159
161,1980780486_CA,TSS,Inflow,159
118,1980780486_CA,TSS,Inflow,159
72,1980780486_CA,TSS,Inflow,159
30,1980780486_CA,TSS,Inflow,159
1280,1980780486_CA,TSS,Inflow,160
15,1980780486_CA,TSS,Inflow,160
723,1980780486_CA,TSS,Inflow,160
2870,1980780486_CA,TSS,Inflow,160
72,1980780486_CA,TSS,Inflow,160
24,1980780486_CA,TSS,Inflow,161
21,1980780486_CA,TSS,Inflow,161
66,1980780486_CA,TSS,Inflow,161
191,1980780486_CA,TSS,Inflow,161
36,1980780486_CA,TSS,Inflow,161
1280,1980780486_CA,TSS,Inflow,162
191,1980780486_CA,TSS,Inflow,162
15,1980780486_CA,TSS,Inflow,162
35,1980780486_CA,TSS,Inflow,162
66,1980780486_CA,TSS,Inflow,162
72,1980780486_CA,TSS,Inflow,163
18,1980780486_CA,TSS,Inflow,163
21,1980780486_CA,TSS,Inflow,163
30,1980780486_CA,TSS,Inflow,163
49,1980780486_CA,TSS,Inflow,163
118,1980780486_CA,TSS,Inflow,164
723,1980780486_CA,TSS,Inflow,164
21,1980780486_CA,TSS,Inflow,164
600,1980780486_CA,TSS,Inflow,164
18,1980780486_CA,TSS,Inflow,164
166,1980780486_CA,TSS,Inflow,165
2870,1980780486_CA,TSS,Inflow,165
85,1980780486_CA,TSS,Inflow,165
21,1980780486_CA,TSS,Inflow,165
49,1980780486_CA,TSS,Inflow,165
49,1980780486_CA,TSS,Inflow,166
15,1980780486_CA,TSS,Inflow,166
1280,1980780486_CA,TSS,Inflow,166
36,1980780486_CA,TSS,Inflow,166
30,1980780486_CA,TSS,Inflow,166
30,1980780486_CA,TSS,Inflow,167
723,1980780486_CA,TSS,Inflow,167
18,1980780486_CA,TSS,Inflow,167
96,1980780486_CA,TSS,Inflow,167
35,1980780486_CA,TSS,Inflow,167
18,1980780486_CA,TSS,Inflow,168
21,1980780486_CA,TSS,Inflow,168
24,1980780486_CA,TSS,Inflow,168
85,1980780486_CA,TSS,Inflow,168
30,1980780486_CA,TSS,Inflow,168
85,1980780486_CA,TSS,Inflow,169
30,1980780486_CA,TSS,Inflow,169
90,1980780486_CA,TSS,Inflow,169
161,1980780486_CA,TSS,Inflow,169
2870,1980780486_CA,TSS,Inflow,169
96,1980780486_CA,TSS,Inflow,170
600,1980780486_CA,TSS,Inflow,170
191,1980780486_CA,TSS,Inflow,170
35,1980780486_CA,TSS,Inflow,170
15,1980780486_CA,TSS,Inflow,170
2870,1980780486_CA,TSS,Inflow,171
30,1980780486_CA,TSS,Inflow,171
1280,1980780486_CA,TSS,Inflow,171
191,1980780486_CA,TSS,Inflow,171
90,1980780486_CA,TSS,Inflow,171
90,1980780486_CA,TSS,Inflow,172
723,1980780486_CA,TSS,Inflow,172
24,1980780486_CA,TSS,Inflow,172
96,1980780486_CA,TSS,Inflow,172
72,1980780486_CA,TSS,Inflow,172
36,1980780486_CA,TSS,Inflow,173
161,1980780486_CA,TSS,Inflow,173
18,1980780486_CA,TSS,Inflow,173
90,1980780486_CA,TSS,Inflow,173
191,1980780486_CA,TSS,Inflow,173
723,1980780486_CA,TSS,Inflow,174
30,1980780486_CA,TSS,Inflow,174
35,1980780486_CA,TSS,Inflow,174
161,1980780486_CA,TSS,Inflow,174
191,1980780486_CA,TSS,Inflow,174
191,1980780486_CA,TSS,Inflow,175
1280,1980780486_CA,TSS,Inflow,175
72,1980780486_CA,TSS,Inflow,175
66,1980780486_CA,TSS,Inflow,175
49,1980780486_CA,TSS,Inflow,175
90,1980780486_CA,TSS,Inflow,176
24,1980780486_CA,TSS,Inflow,176
18,1980780486_CA,TSS,Inflow,176
118,1980780486_CA,TSS,Inflow,176
36,1980780486_CA,TSS,Inflow,176
161,1980780486_CA,TSS,Inflow,177
49,1980780486_CA,TSS,Inflow,177
118,1980780486_CA,TSS,Inflow,177
18,1980780486_CA,TSS,Inflow,177
66,1980780486_CA,TSS,Inflow,177
600,1980780486_CA,TSS,Inflow,178
723,1980780486_CA,TSS,Inflow,178
24,1980780486_CA,TSS,Inflow,178
166,1980780486_CA,TSS,Inflow,178
118,1980780486_CA,TSS,Inflow,178
49,1980780486_CA,TSS,Inflow,179
723,1980780486_CA,TSS,Inflow,179
66,1980780486_CA,TSS,Inflow,179
18,1980780486_CA,TSS,Inflow,179
166,1980780486_CA,TSS,Inflow,179
72,1980780486_CA,TSS,Inflow,180
90,1980780486_CA,TSS,Inflow,180
166,1980780486_CA,TSS,Inflow,180
36,1980780486_CA,TSS,Inflow,180
30,1980780486_CA,TSS,Inflow,180
30,1980780486_CA,TSS,Inflow,181
600,1980780486_CA,TSS,Inflow,181
36,1980780486_CA,TSS,Inflow,181
72,1980780486_CA,TSS,Inflow,181
161,1980780486_CA,TSS,Inflow,181
2870,1980780486_CA,TSS,Inflow,182
18,1980780486_CA,TSS,Inflow,182
66,1980780486_CA,TSS,Inflow,182
191,1980780486_CA,TSS,Inflow,182
96,1980780486_CA,TSS,Inflow,182
21,1980780486_CA,TSS,Inflow,183
30,1980780486_CA,TSS,Inflow,183
166,1980780486_CA,TSS,Inflow,183
30,1980780486_CA,TSS,Inflow,183
36,1980780486_CA,TSS,Inflow,183
30,1980780486_CA,TSS,Inflow,184
191,1980780486_CA,TSS,Inflow,184
118,1980780486_CA,TSS,Inflow,184
90,1980780486_CA,TSS,Inflow,184
30,1980780486_CA,TSS,Inflow,184
24,1980780486_CA,TSS,Inflow,185
166,1980780486_CA,TSS,Inflow,185
15,1980780486_CA,TSS,Inflow,185
30,1980780486_CA,TSS,Inflow,185
49,1980780486_CA,TSS,Inflow,185
85,1980780486_CA,TSS,Inflow,186
723,1980780486_CA,TSS,Inflow,186
72,1980780486_CA,TSS,Inflow,186
118,1980780486_CA,TSS,Inflow,186
96,1980780486_CA,TSS,Inflow,186
118,1980780486_CA,TSS,Inflow,187
49,1980780486_CA,TSS,Inflow,187
90,1980780486_CA,TSS,Inflow,187
2870,1980780486_CA,TSS,Inflow,187
723,1980780486_CA,TSS,Inflow,187
723,1980780486_CA,TSS,Inflow,188
15,1980780486_CA,TSS,Inflow,188
118,1980780486_CA,TSS,Inflow,188
90,1980780486_CA,TSS,Inflow,188
1280,1980780486_CA,TSS,Inflow,188
118,1980780486_CA,TSS,Inflow,189
35,1980780486_CA,TSS,Inflow,189
21,1980780486_CA,TSS,Inflow,189
36,1980780486_CA,TSS,Inflow,189
72,1980780486_CA,TSS,Inflow,189
191,1980780486_CA,TSS,Inflow,190
35,1980780486_CA,TSS,Inflow,190
36,1980780486_CA,TSS,Inflow,190
18,1980780486_CA,TSS,Inflow,190
15,1980780486_CA,TSS,Inflow,190
90,1980780486_CA,TSS,Inflow,191
72,1980780486_CA,TSS,Inflow,191
1280,1980780486_CA,TSS,Inflow,191
49,1980780486_CA,TSS,Inflow,191
96,1980780486_CA,TSS,Inflow,191
72,1980780486_CA,TSS,Inflow,192
118,1980780486_CA,TSS,Inflow,192
723,1980780486_CA,TSS,Inflow,192
18,1980780486_CA,TSS,Inflow,192
36,1980780486_CA,TSS,Inflow,192
1280,1980780486_CA,TSS,Inflow,193
191,1980780486_CA,TSS,Inflow,193
21,1980780486_CA,TSS,Inflow,193
85,1980780486_CA,TSS,Inflow,193
30,1980780486_CA,TSS,Inflow,193
118,1980780486_CA,TSS,Inflow,194
161,1980780486_CA,TSS,Inflow,194
723,1980780486_CA,TSS,Inflow,194
166,1980780486_CA,TSS,Inflow,194
66,1980780486_CA,TSS,Inflow,194
18,1980780486_CA,TSS,Inflow,195
2870,1980780486_CA,TSS,Inflow,195
35,1980780486_CA,TSS,Inflow,195
15,1980780486_CA,TSS,Inflow,195
723,1980780486_CA,TSS,Inflow,195
600,1980780486_CA,TSS,Inflow,196
2870,1980780486_CA,TSS,Inflow,196
24,1980780486_CA,TSS,Inflow,196
72,1980780486_CA,TSS,Inflow,196
166,1980780486_CA,TSS,Inflow,196
96,1980780486_CA,TSS,Inflow,197
723,1980780486_CA,TSS,Inflow,197
49,1980780486_CA,TSS,Inflow,197
1280,1980780486_CA,TSS,Inflow,197
600,1980780486_CA,TSS,Inflow,197
49,1980780486_CA,TSS,Inflow,198
36,1980780486_CA,TSS,Inflow,198
18,1980780486_CA,TSS,Inflow,198
166,1980780486_CA,TSS,Inflow,198
35,1980780486_CA,TSS,Inflow,198
96,1980780486_CA,TSS,Inflow,199
35,1980780486_CA,TSS,Inflow,199
49,1980780486_CA,TSS,Inflow,199
723,1980780486_CA,TSS,Inflow,199
21,1980780486_CA,TSS,Inflow,199
85,1980780486_CA,TSS,Inflow,200
118,1980780486_CA,TSS,Inflow,200
49,1980780486_CA,TSS,Inflow,200
166,1980780486_CA,TSS,Inflow,200
36,1980780486_CA,TSS,Inflow,200
85,1980780486_CA,TSS,Inflow,201
24,1980780486_CA,TSS,Inflow,201
191,1980780486_CA,TSS,Inflow,201
723,1980780486_CA,TSS,Inflow,201
166,1980780486_CA,TSS,Inflow,201
118,1980780486_CA,TSS,Inflow,202
166,1980780486_CA,TSS,Inflow,202
24,1980780486_CA,TSS,Inflow,202
18,1980780486_CA,TSS,Inflow,202
600,1980780486_CA,TSS,Inflow,202
191,1980780486_CA,TSS,Inflow,203
118,1980780486_CA,TSS,Inflow,203
35,1980780486_CA,TSS,Inflow,203
15,1980780486_CA,TSS,Inflow,203
66,1980780486_CA,TSS,Inflow,203
30,1980780486_CA,TSS,Inflow,204
15,1980780486_CA,TSS,Inflow,204
90,1980780486_CA,TSS,Inflow,204
66,1980780486_CA,TSS,Inflow,204
191,1980780486_CA,TSS,Inflow,204
24,1980780486_CA,TSS,Inflow,205
30,1980780486_CA,TSS,Inflow,205
18,1980780486_CA,TSS,Inflow,205
2870,1980780486_CA,TSS,Inflow,205
72,1980780486_CA,TSS,Inflow,205
191,1980780486_CA,TSS,Inflow,206
49,1980780486_CA,TSS,Inflow,206
85,1980780486_CA,TSS,Inflow,206
15,1980780486_CA,TSS,Inflow,206
118,1980780486_CA,TSS,Inflow,206
15,1980780486_CA,TSS,Inflow,207
2870,1980780486_CA,TSS,Inflow,207
66,1980780486_CA,TSS,Inflow,207
21,1980780486_CA,TSS,Inflow,207
118,1980780486_CA,TSS,Inflow,207
72,1980780486_CA,TSS,Inflow,208
35,1980780486_CA,TSS,Inflow,208
66,1980780486_CA,TSS,Inflow,208
96,1980780486_CA,TSS,Inflow,208
36,1980780486_CA,TSS,Inflow,208
96,1980780486_CA,TSS,Inflow,209
18,1980780486_CA,TSS,Inflow,209
30,1980780486_CA,TSS,Inflow,209
49,1980780486_CA,TSS,Inflow,209
21,1980780486_CA,TSS,Inflow,209
161,1980780486_CA,TSS,Inflow,210
118,1980780486_CA,TSS,Inflow,210
191,1980780486_CA,TSS,Inflow,210
72,1980780486_CA,TSS,Inflow,210
723,1980780486_CA,TSS,Inflow,210
21,1980780486_CA,TSS,Inflow,211
2870,1980780486_CA,TSS,Inflow,211
35,1980780486_CA,TSS,Inflow,211
166,1980780486_CA,TSS,Inflow,211
85,1980780486_CA,TSS,Inflow,211
118,1980780486_CA,TSS,Inflow,212
90,1980780486_CA,TSS,Inflow,212
36,1980780486_CA,TSS,Inflow,212
35,1980780486_CA,TSS,Inflow,212
161,1980780486_CA,TSS,Inflow,212
118,1980780486_CA,TSS,Inflow,213
49,1980780486_CA,TSS,Inflow,213
166,1980780486_CA,TSS,Inflow,213
30,1980780486_CA,TSS,Inflow,213
90,1980780486_CA,TSS,Inflow,213
2870,1980780486_CA,TSS,Inflow,214
1280,1980780486_CA,TSS,Inflow,214
118,1980780486_CA,TSS,Inflow,214
85,1980780486_CA,TSS,Inflow,214
723,1980780486_CA,TSS,Inflow,214
96,1980780486_CA,TSS,Inflow,215
72,1980780486_CA,TSS,Inflow,215
2870,1980780486_CA,TSS,Inflow,215
49,1980780486_CA,TSS,Inflow,215
30,1980780486_CA,TSS,Inflow,215
166,1980780486_CA,TSS,Inflow,216
35,1980780486_CA,TSS,Inflow,216
90,1980780486_CA,TSS,Inflow,216
2870,1980780486_CA,TSS,Inflow,216
1280,1980780486_CA,TSS,Inflow,216
30,1980780486_CA,TSS,Inflow,217
35,1980780486_CA,TSS,Inflow,217
118,1980780486_CA,TSS,Inflow,217
85,1980780486_CA,TSS,Inflow,217
24,1980780486_CA,TSS,Inflow,217
2870,1980780486_CA,TSS,Inflow,218
72,1980780486_CA,TSS,Inflow,218
600,1980780486_CA,TSS,Inflow,218
36,1980780486_CA,TSS,Inflow,218
161,1980780486_CA,TSS,Inflow,218
90,1980780486_CA,TSS,Inflow,219
96,1980780486_CA,TSS,Inflow,219
72,1980780486_CA,TSS,Inflow,219
191,1980780486_CA,TSS,Inflow,219
166,1980780486_CA,TSS,Inflow,219
1280,1980780486_CA,TSS,Inflow,220
96,1980780486_CA,TSS,Inflow,220
21,1980780486_CA,TSS,Inflow,220
600,1980780486_CA,TSS,Inflow,220
72,1980780486_CA,TSS,Inflow,220
118,1980780486_CA,TSS,Inflow,221
90,1980780486_CA,TSS,Inflow,221
96,1980780486_CA,TSS,Inflow,221
49,1980780486_CA,TSS,Inflow,221
1280,1980780486_CA,TSS,Inflow,221
600,1980780486_CA,TSS,Inflow,222
21,1980780486_CA,TSS,Inflow,222
118,1980780486_CA,TSS,Inflow,222
1280,1980780486_CA,TSS,Inflow,222
72,1980780486_CA,TSS,Inflow,222
72,1980780486_CA,TSS,Inflow,223
15,1980780486_CA,TSS,Inflow,223
1280,1980780486_CA,TSS,Inflow,223
2870,1980780486_CA,TSS,Inflow,223
21,1980780486_CA,TSS,Inflow,223
15,1980780486_CA,TSS,Inflow,224
161,1980780486_CA,TSS,Inflow,224
30,1980780486_CA,TSS,Inflow,224
30,1980780486_CA,TSS,Inflow,224
96,1980780486_CA,TSS,Inflow,224
723,1980780486_CA,TSS,Inflow,225
66,1980780486_CA,TSS,Inflow,225
24,1980780486_CA,TSS,Inflow,225
161,1980780486_CA,TSS,Inflow,225
600,1980780486_CA,TSS,Inflow,225
18,1980780486_CA,TSS,Inflow,226
49,1980780486_CA,TSS,Inflow,226
24,1980780486_CA,TSS,Inflow,226
21,1980780486_CA,TSS,Inflow,226
118,1980780486_CA,TSS,Inflow,226
30,1980780486_CA,TSS,Inflow,227
90,1980780486_CA,TSS,Inflow,227
15,1980780486_CA,TSS,Inflow,227
24,1980780486_CA,TSS,Inflow,227
35,1980780486_CA,TSS,Inflow,227
66,1980780486_CA,TSS,Inflow,228
600,1980780486_CA,TSS,Inflow,228
30,1980780486_CA,TSS,Inflow,228
18,1980780486_CA,TSS,Inflow,228
166,1980780486_CA,TSS,Inflow,228
166,1980780486_CA,TSS,Inflow,229
30,1980780486_CA,TSS,Inflow,229
118,1980780486_CA,TSS,Inflow,229
85,1980780486_CA,TSS,Inflow,229
35,1980780486_CA,TSS,Inflow,229
118,1980780486_CA,TSS,Inflow,230
90,1980780486_CA,TSS,Inflow,230
600,1980780486_CA,TSS,Inflow,230
21,1980780486_CA,TSS,Inflow,230
24,1980780486_CA,TSS,Inflow,230
96,1980780486_CA,TSS,Inflow,231
35,1980780486_CA,TSS,Inflow,231
1280,1980780486_CA,TSS,Inflow,231
18,1980780486_CA,TSS,Inflow,231
2870,1980780486_CA,TSS,Inflow,231
166,1980780486_CA,TSS,Inflow,232
18,1980780486_CA,TSS,Inflow,232
90,1980780486_CA,TSS,Inflow,232
2870,1980780486_CA,TSS,Inflow,232
161,1980780486_CA,TSS,Inflow,232
15,1980780486_CA,TSS,Inflow,233
90,1980780486_CA,TSS,Inflow,233
166,1980780486_CA,TSS,Inflow,233
600,1980780486_CA,TSS,Inflow,233
85,1980780486_CA,TSS,Inflow,233
35,1980780486_CA,TSS,Inflow,234
24,1980780486_CA,TSS,Inflow,234
30,1980780486_CA,TSS,Inflow,234
85,1980780486_CA,TSS,Inflow,234
66,1980780486_CA,TSS,Inflow,234
49,1980780486_CA,TSS,Inflow,235
24,1980780486_CA,TSS,Inflow,235
18,1980780486_CA,TSS,Inflow,235
96,1980780486_CA,TSS,Inflow,235
21,1980780486_CA,TSS,Inflow,235
49,1980780486_CA,TSS,Inflow,236
90,1980780486_CA,TSS,Inflow,236
191,1980780486_CA,TSS,Inflow,236
36,1980780486_CA,TSS,Inflow,236
35,1980780486_CA,TSS,Inflow,236
30,1980780486_CA,TSS,Inflow,237
723,1980780486_CA,TSS,Inflow,237
90,1980780486_CA,TSS,Inflow,237
35,1980780486_CA,TSS,Inflow,237
15,1980780486_CA,TSS,Inflow,237
85,1980780486_CA,TSS,Inflow,238
36,1980780486_CA,TSS,Inflow,238
90,1980780486_CA,TSS,Inflow,238
72,1980780486_CA,TSS,Inflow,238
161,1980780486_CA,TSS,Inflow,238
72,1980780486_CA,TSS,Inflow,239
90,1980780486_CA,TSS,Inflow,239
30,1980780486_CA,TSS,Inflow,239
161,1980780486_CA,TSS,Inflow,239
118,1980780486_CA,TSS,Inflow,239
90,1980780486_CA,TSS,Inflow,240
96,1980780486_CA,TSS,Inflow,240
35,1980780486_CA,TSS,Inflow,240
15,1980780486_CA,TSS,Inflow,240
118,1980780486_CA,TSS,Inflow,240
118,1980780486_CA,TSS,Inflow,241
66,1980780486_CA,TSS,Inflow,241
30,1980780486_CA,TSS,Inflow,241
600,1980780486_CA,TSS,Inflow,241
72,1980780486_CA,TSS,Inflow,241
90,1980780486_CA,TSS,Inflow,242
18,1980780486_CA,TSS,Inflow,242
66,1980780486_CA,TSS,Inflow,242
36,1980780486_CA,TSS,Inflow,242
30,1980780486_CA,TSS,Inflow,242
85,1980780486_CA,TSS,Inflow,243
36,1980780486_CA,TSS,Inflow,243
161,1980780486_CA,TSS,Inflow,243
24,1980780486_CA,TSS,Inflow,243
723,1980780486_CA,TSS,Inflow,243
30,1980780486_CA,TSS,Inflow,244
72,1980780486_CA,TSS,Inflow,244
35,1980780486_CA,TSS,Inflow,244
21,1980780486_CA,TSS,Inflow,244
24,1980780486_CA,TSS,Inflow,244
49,1980780486_CA,TSS,Inflow,245
1280,1980780486_CA,TSS,Inflow,245
118,1980780486_CA,TSS,Inflow,245
35,1980780486_CA,TSS,Inflow,245
72,1980780486_CA,TSS,Inflow,245
30,1980780486_CA,TSS,Inflow,246
96,1980780486_CA,TSS,Inflow,246
166,1980780486_CA,TSS,Inflow,246
723,1980780486_CA,TSS,Inflow,246
18,1980780486_CA,TSS,Inflow,246
166,1980780486_CA,TSS,Inflow,247
21,1980780486_CA,TSS,Inflow,247
66,1980780486_CA,TSS,Inflow,247
35,1980780486_CA,TSS,Inflow,247
161,1980780486_CA,TSS,Inflow,247
118,1980780486_CA,TSS,Inflow,248
723,1980780486_CA,TSS,Inflow,248
600,1980780486_CA,TSS,Inflow,248
1280,1980780486_CA,TSS,Inflow,248
85,1980780486_CA,TSS,Inflow,248
90,1980780486_CA,TSS,Inflow,249
191,1980780486_CA,TSS,Inflow,249
49,1980780486_CA,TSS,Inflow,249
118,1980780486_CA,TSS,Inflow,249
24,1980780486_CA,TSS,Inflow,249
600,1980780486_CA,TSS,Inflow,250
15,1980780486_CA,TSS,Inflow,250
36,1980780486_CA,TSS,Inflow,250
18,1980780486_CA,TSS,Inflow,250
1280,1980780486_CA,TSS,Inflow,250
66,1980780486_CA,TSS,Inflow,251
191,1980780486_CA,TSS,Inflow,251
96,1980780486_CA,TSS,Inflow,251
90,1980780486_CA,TSS,Inflow,251
85,1980780486_CA,TSS,Inflow,251
166,1980780486_CA,TSS,Inflow,252
90,1980780486_CA,TSS,Inflow,252
2870,1980780486_CA,TSS,Inflow,252
30,1980780486_CA,TSS,Inflow,252
72,1980780486_CA,TSS,Inflow,252
166,1980780486_CA,TSS,Inflow,253
72,1980780486_CA,TSS,Inflow,253
15,1980780486_CA,TSS,Inflow,253
90,1980780486_CA,TSS,Inflow,253
49,1980780486_CA,TSS,Inflow,253
21,1980780486_CA,TSS,Inflow,254
161,1980780486_CA,TSS,Inflow,254
90,1980780486_CA,TSS,Inflow,254
166,1980780486_CA,TSS,Inflow,254
600,1980780486_CA,TSS,Inflow,254
66,1980780486_CA,TSS,Inflow,255
36,1980780486_CA,TSS,Inflow,255
35,1980780486_CA,TSS,Inflow,255
90,1980780486_CA,TSS,Inflow,255
85,1980780486_CA,TSS,Inflow,255
18,1980780486_CA,TSS,Inflow,256
15,1980780486_CA,TSS,Inflow,256
49,1980780486_CA,TSS,Inflow,256
90,1980780486_CA,TSS,Inflow,256
72,1980780486_CA,TSS,Inflow,256
118,1980780486_CA,TSS,Inflow,257
600,1980780486_CA,TSS,Inflow,257
85,1980780486_CA,TSS,Inflow,257
49,1980780486_CA,TSS,Inflow,257
72,1980780486_CA,TSS,Inflow,257
21,1980780486_CA,TSS,Inflow,258
66,1980780486_CA,TSS,Inflow,258
49,1980780486_CA,TSS,Inflow,258
85,1980780486_CA,TSS,Inflow,258
36,1980780486_CA,TSS,Inflow,258
15,1980780486_CA,TSS,Inflow,259
600,1980780486_CA,TSS,Inflow,259
161,1980780486_CA,TSS,Inflow,259
191,1980780486_CA,TSS,Inflow,259
30,1980780486_CA,TSS,Inflow,259
600,1980780486_CA,TSS,Inflow,260
21,1980780486_CA,TSS,Inflow,260
30,1980780486_CA,TSS,Inflow,260
30,1980780486_CA,TSS,Inflow,260
191,1980780486_CA,TSS,Inflow,260
600,1980780486_CA,TSS,Inflow,261
15,1980780486_CA,TSS,Inflow,261
161,1980780486_CA,TSS,Inflow,261
35,1980780486_CA,TSS,Inflow,261
96,1980780486_CA,TSS,Inflow,261
1280,1980780486_CA,TSS,Inflow,262
36,1980780486_CA,TSS,Inflow,262
166,1980780486_CA,TSS,Inflow,262
161,1980780486_CA,TSS,Inflow,262
21,1980780486_CA,TSS,Inflow,262
600,1980780486_CA,TSS,Inflow,263
15,1980780486_CA,TSS,Inflow,263
49,1980780486_CA,TSS,Inflow,263
30,1980780486_CA,TSS,Inflow,263
72,1980780486_CA,TSS,Inflow,263
18,1980780486_CA,TSS,Inflow,264
1280,1980780486_CA,TSS,Inflow,264
90,1980780486_CA,TSS,Inflow,264
191,1980780486_CA,TSS,Inflow,264
24,1980780486_CA,TSS,Inflow,264
15,1980780486_CA,TSS,Inflow,265
2870,1980780486_CA,TSS,Inflow,265
49,1980780486_CA,TSS,Inflow,265
85,1980780486_CA,TSS,Inflow,265
21,1980780486_CA,TSS,Inflow,265
24,1980780486_CA,TSS,Inflow,266
85,1980780486_CA,TSS,Inflow,266
191,1980780486_CA,TSS,Inflow,266
600,1980780486_CA,TSS,Inflow,266
35,1980780486_CA,TSS,Inflow,266
2870,1980780486_CA,TSS,Inflow,267
96,1980780486_CA,TSS,Inflow,267
161,1980780486_CA,TSS,Inflow,267
1280,1980780486_CA,TSS,Inflow,267
30,1980780486_CA,TSS,Inflow,267
66,1980780486_CA,TSS,Inflow,268
1280,1980780486_CA,TSS,Inflow,268
36,1980780486_CA,TSS,Inflow,268
15,1980780486_CA,TSS,Inflow,268
72,1980780486_CA,TSS,Inflow,268
66,1980780486_CA,TSS,Inflow,269
35,1980780486_CA,TSS,Inflow,269
18,1980780486_CA,TSS,Inflow,269
21,1980780486_CA,TSS,Inflow,269
600,1980780486_CA,TSS,Inflow,269
161,1980780486_CA,TSS,Inflow,270
166,1980780486_CA,TSS,Inflow,270
600,1980780486_CA,TSS,Inflow,270
30,1980780486_CA,TSS,Inflow,270
36,1980780486_CA,TSS,Inflow,270
21,1980780486_CA,TSS,Inflow,271
85,1980780486_CA,TSS,Inflow,271
30,1980780486_CA,TSS,Inflow,271
723,1980780486_CA,TSS,Inflow,271
90,1980780486_CA,TSS,Inflow,271
35,1980780486_CA,TSS,Inflow,272
96,1980780486_CA,TSS,Inflow,272
118,1980780486_CA,TSS,Inflow,272
36,1980780486_CA,TSS,Inflow,272
85,1980780486_CA,TSS,Inflow,272
35,1980780486_CA,TSS,Inflow,273
24,1980780486_CA,TSS,Inflow,273
36,1980780486_CA,TSS,Inflow,273
66,1980780486_CA,TSS,Inflow,273
30,1980780486_CA,TSS,Inflow,273
1280,1980780486_CA,TSS,Inflow,274
30,1980780486_CA,TSS,Inflow,274
30,1980780486_CA,TSS,Inflow,274
723,1980780486_CA,TSS,Inflow,274
72,1980780486_CA,TSS,Inflow,274
24,1980780486_CA,TSS,Inflow,275
161,1980780486_CA,TSS,Inflow,275
36,1980780486_CA,TSS,Inflow,275
118,1980780486_CA,TSS,Inflow,275
2870,1980780486_CA,TSS,Inflow,275
72,1980780486_CA,TSS,Inflow,276
2870,1980780486_CA,TSS,Inflow,276
21,1980780486_CA,TSS,Inflow,276
600,1980780486_CA,TSS,Inflow,276
30,1980780486_CA,TSS,Inflow,276
66,1980780486_CA,TSS,Inflow,277
191,1980780486_CA,TSS,Inflow,277
72,1980780486_CA,TSS,Inflow,277
49,1980780486_CA,TSS,Inflow,277
600,1980780486_CA,TSS,Inflow,277
723,1980780486_CA,TSS,Inflow,278
85,1980780486_CA,TSS,Inflow,278
2870,1980780486_CA,TSS,Inflow,278
15,1980780486_CA,TSS,Inflow,278
96,1980780486_CA,TSS,Inflow,278
96,1980780486_CA,TSS,Inflow,279
723,1980780486_CA,TSS,Inflow,279
118,1980780486_CA,TSS,Inflow,279
15,1980780486_CA,TSS,Inflow,279
90,1980780486_CA,TSS,Inflow,279
30,1980780486_CA,TSS,Inflow,280
18,1980780486_CA,TSS,Inflow,280
66,1980780486_CA,TSS,Inflow,280
49,1980780486_CA,TSS,Inflow,280
15,1980780486_CA,TSS,Inflow,280
90,1980780486_CA,TSS,Inflow,281
118,1980780486_CA,TSS,Inflow,281
30,1980780486_CA,TSS,Inflow,281
24,1980780486_CA,TSS,Inflow,281
36,1980780486_CA,TSS,Inflow,281
15,1980780486_CA,TSS,Inflow,282
1280,1980780486_CA,TSS,Inflow,282
90,1980780486_CA,TSS,Inflow,282
118,1980780486_CA,TSS,Inflow,282
2870,1980780486_CA,TSS,Inflow,282
18,1980780486_CA,TSS,Inflow,283
24,1980780486_CA,TSS,Inflow,283
118,1980780486_CA,TSS,Inflow,283
30,1980780486_CA,TSS,Inflow,283
96,1980780486_CA,TSS,Inflow,283
90,1980780486_CA,TSS,Inflow,284
35,1980780486_CA,TSS,Inflow,284
49,1980780486_CA,TSS,Inflow,284
96,1980780486_CA,TSS,Inflow,284
166,1980780486_CA,TSS,Inflow,284
30,1980780486_CA,TSS,Inflow,285
600,1980780486_CA,TSS,Inflow,285
96,1980780486_CA,TSS,Inflow,285
36,1980780486_CA,TSS,Inflow,285
2870,1980780486_CA,TSS,Inflow,285
49,1980780486_CA,TSS,Inflow,286
21,1980780486_CA,TSS,Inflow,286
118,1980780486_CA,TSS,Inflow,286
85,1980780486_CA,TSS,Inflow,286
15,1980780486_CA,TSS,Inflow,286
161,1980780486_CA,TSS,Inflow,287
36,1980780486_CA,TSS,Inflow,287
18,1980780486_CA,TSS,Inflow,287
24,1980780486_CA,TSS,Inflow,287
30,1980780486_CA,TSS,Inflow,287
30,1980780486_CA,TSS,Inflow,288
1280,1980780486_CA,TSS,Inflow,288
90,1980780486_CA,TSS,Inflow,288
21,1980780486_CA,TSS,Inflow,288
96,1980780486_CA,TSS,Inflow,288
1280,1980780486_CA,TSS,Inflow,289
72,1980780486_CA,TSS,Inflow,289
161,1980780486_CA,TSS,Inflow,289
90,1980780486_CA,TSS,Inflow,289
85,1980780486_CA,TSS,Inflow,289
15,1980780486_CA,TSS,Inflow,290
72,1980780486_CA,TSS,Inflow,290
166,1980780486_CA,TSS,Inflow,290
85,1980780486_CA,TSS,Inflow,290
118,1980780486_CA,TSS,Inflow,290
35,1980780486_CA,TSS,Inflow,291
161,1980780486_CA,TSS,Inflow,291
85,1980780486_CA,TSS,Inflow,291
49,1980780486_CA,TSS,Inflow,291
72,1980780486_CA,TSS,Inflow,291
1280,1980780486_CA,TSS,Inflow,292
723,1980780486_CA,TSS,Inflow,292
49,1980780486_CA,TSS,Inflow,292
161,1980780486_CA,TSS,Inflow,292
30,1980780486_CA,TSS,Inflow,292
72,1980780486_CA,TSS,Inflow,293
166,1980780486_CA,TSS,Inflow,293
15,1980780486_CA,TSS,Inflow,293
24,1980780486_CA,TSS,Inflow,293
161,1980780486_CA,TSS,Inflow,293
2870,1980780486_CA,TSS,Inflow,294
1280,1980780486_CA,TSS,Inflow,294
18,1980780486_CA,TSS,Inflow,294
72,1980780486_CA,TSS,Inflow,294
66,1980780486_CA,TSS,Inflow,294
30,1980780486_CA,TSS,Inflow,295
66,1980780486_CA,TSS,Inflow,295
49,1980780486_CA,TSS,Inflow,295
15,1980780486_CA,TSS,Inflow,295
723,1980780486_CA,TSS,Inflow,295
723,1980780486_CA,TSS,Inflow,296
49,1980780486_CA,TSS,Inflow,296
90,1980780486_CA,TSS,Inflow,296
30,1980780486_CA,TSS,Inflow,296
600,1980780486_CA,TSS,Inflow,296
66,1980780486_CA,TSS,Inflow,297
600,1980780486_CA,TSS,Inflow,297
35,1980780486_CA,TSS,Inflow,297
90,1980780486_CA,TSS,Inflow,297
1280,1980780486_CA,TSS,Inflow,297
85,1980780486_CA,TSS,Inflow,298
166,1980780486_CA,TSS,Inflow,298
191,1980780486_CA,TSS,Inflow,298
1280,1980780486_CA,TSS,Inflow,298
30,1980780486_CA,TSS,Inflow,298
72,1980780486_CA,TSS,Inflow,299
24,1980780486_CA,TSS,Inflow,299
30,1980780486_CA,TSS,Inflow,299
66,1980780486_CA,TSS,Inflow,299
15,1980780486_CA,TSS,Inflow,299
24,1980780486_CA,TSS,Inflow,300
85,1980780486_CA,TSS,Inflow,300
166,1980780486_CA,TSS,Inflow,300
35,1980780486_CA,TSS,Inflow,300
36,1980780486_CA,TSS,Inflow,300
1280,1980780486_CA,TSS,Inflow,301
161,1980780486_CA,TSS,Inflow,301
49,1980780486_CA,TSS,Inflow,301
600,1980780486_CA,TSS,Inflow,301
723,1980780486_CA,TSS,Inflow,301
85,1980780486_CA,TSS,Inflow,302
15,1980780486_CA,TSS,Inflow,302
191,1980780486_CA,TSS,Inflow,302
2870,1980780486_CA,TSS,Inflow,302
72,1980780486_CA,TSS,Inflow,302
90,1980780486_CA,TSS,Inflow,303
30,1980780486_CA,TSS,Inflow,303
2870,1980780486_CA,TSS,Inflow,303
24,1980780486_CA,TSS,Inflow,303
96,1980780486_CA,TSS,Inflow,303
85,1980780486_CA,TSS,Inflow,304
36,1980780486_CA,TSS,Inflow,304
35,1980780486_CA,TSS,Inflow,304
191,1980780486_CA,TSS,Inflow,304
723,1980780486_CA,TSS,Inflow,304
90,1980780486_CA,TSS,Inflow,305
161,1980780486_CA,TSS,Inflow,305
30,1980780486_CA,TSS,Inflow,305
15,1980780486_CA,TSS,Inflow,305
30,1980780486_CA,TSS,Inflow,305
161,1980780486_CA,TSS,Inflow,306
96,1980780486_CA,TSS,Inflow,306
191,1980780486_CA,TSS,Inflow,306
66,1980780486_CA,TSS,Inflow,306
49,1980780486_CA,TSS,Inflow,306
49,1980780486_CA,TSS,Inflow,307
90,1980780486_CA,TSS,Inflow,307
72,1980780486_CA,TSS,Inflow,307
18,1980780486_CA,TSS,Inflow,307
118,1980780486_CA,TSS,Inflow,307
24,1980780486_CA,TSS,Inflow,308
161,1980780486_CA,TSS,Inflow,308
30,1980780486_CA,TSS,Inflow,308
18,1980780486_CA,TSS,Inflow,308
166,1980780486_CA,TSS,Inflow,308
35,1980780486_CA,TSS,Inflow,309
30,1980780486_CA,TSS,Inflow,309
18,1980780486_CA,TSS,Inflow,309
161,1980780486_CA,TSS,Inflow,309
30,1980780486_CA,TSS,Inflow,309
66,1980780486_CA,TSS,Inflow,310
49,1980780486_CA,TSS,Inflow,310
30,1980780486_CA,TSS,Inflow,310
18,1980780486_CA,TSS,Inflow,310
90,1980780486_CA,TSS,Inflow,310
15,1980780486_CA,TSS,Inflow,311
118,1980780486_CA,TSS,Inflow,311
1280,1980780486_CA,TSS,Inflow,311
723,1980780486_CA,TSS,Inflow,311
2870,1980780486_CA,TSS,Inflow,311
85,1980780486_CA,TSS,Inflow,312
30,1980780486_CA,TSS,Inflow,312
166,1980780486_CA,TSS,Inflow,312
90,1980780486_CA,TSS,Inflow,312
72,1980780486_CA,TSS,Inflow,312
600,1980780486_CA,TSS,Inflow,313
161,1980780486_CA,TSS,Inflow,313
15,1980780486_CA,TSS,Inflow,313
118,1980780486_CA,TSS,Inflow,313
166,1980780486_CA,TSS,Inflow,313
85,1980780486_CA,TSS,Inflow,314
600,1980780486_CA,TSS,Inflow,314
15,1980780486_CA,TSS,Inflow,314
166,1980780486_CA,TSS,Inflow,314
18,1980780486_CA,TSS,Inflow,314
30,1980780486_CA,TSS,Inflow,315
24,1980780486_CA,TSS,Inflow,315
66,1980780486_CA,TSS,Inflow,315
723,1980780486_CA,TSS,Inflow,315
161,1980780486_CA,TSS,Inflow,315
30,1980780486_CA,TSS,Inflow,316
21,1980780486_CA,TSS,Inflow,316
191,1980780486_CA,TSS,Inflow,316
118,1980780486_CA,TSS,Inflow,316
36,1980780486_CA,TSS,Inflow,316
21,1980780486_CA,TSS,Inflow,317
30,1980780486_CA,TSS,Inflow,317
15,1980780486_CA,TSS,Inflow,317
723,1980780486_CA,TSS,Inflow,317
66,1980780486_CA,TSS,Inflow,317
1280,1980780486_CA,TSS,Inflow,318
30,1980780486_CA,TSS,Inflow,318
72,1980780486_CA,TSS,Inflow,318
18,1980780486_CA,TSS,Inflow,318
191,1980780486_CA,TSS,Inflow,318
96,1980780486_CA,TSS,Inflow,319
66,1980780486_CA,TSS,Inflow,319
24,1980780486_CA,TSS,Inflow,319
166,1980780486_CA,TSS,Inflow,319
118,1980780486_CA,TSS,Inflow,319
36,1980780486_CA,TSS,Inflow,320
15,1980780486_CA,TSS,Inflow,320
191,1980780486_CA,TSS,Inflow,320
118,1980780486_CA,TSS,Inflow,320
161,1980780486_CA,TSS,Inflow,320
35,1980780486_CA,TSS,Inflow,321
118,1980780486_CA,TSS,Inflow,321
96,1980780486_CA,TSS,Inflow,321
30,1980780486_CA,TSS,Inflow,321
1280,1980780486_CA,TSS,Inflow,321
118,1980780486_CA,TSS,Inflow,322
191,1980780486_CA,TSS,Inflow,322
30,1980780486_CA,TSS,Inflow,322
30,1980780486_CA,TSS,Inflow,322
36,1980780486_CA,TSS,Inflow,322
2870,1980780486_CA,TSS,Inflow,323
1280,1980780486_CA,TSS,Inflow,323
90,1980780486_CA,TSS,Inflow,323
191,1980780486_CA,TSS,Inflow,323
36,1980780486_CA,TSS,Inflow,323
2870,1980780486_CA,TSS,Inflow,324
72,1980780486_CA,TSS,Inflow,324
21,1980780486_CA,TSS,Inflow,324
49,1980780486_CA,TSS,Inflow,324
723,1980780486_CA,TSS,Inflow,324
90,1980780486_CA,TSS,Inflow,325
161,1980780486_CA,TSS,Inflow,325
30,1980780486_CA,TSS,Inflow,325
1280,1980780486_CA,TSS,Inflow,325
2870,1980780486_CA,TSS,Inflow,325
36,1980780486_CA,TSS,Inflow,326
191,1980780486_CA,TSS,Inflow,326
66,1980780486_CA,TSS,Inflow,326
72,1980780486_CA,TSS,Inflow,326
723,1980780486_CA,TSS,Inflow,326
35,1980780486_CA,TSS,Inflow,327
2870,1980780486_CA,TSS,Inflow,327
49,1980780486_CA,TSS,Inflow,327
36,1980780486_CA,TSS,Inflow,327
90,1980780486_CA,TSS,Inflow,327
30,1980780486_CA,TSS,Inflow,328
21,1980780486_CA,TSS,Inflow,328
600,1980780486_CA,TSS,Inflow,328
2870,1980780486_CA,TSS,Inflow,328
191,1980780486_CA,TSS,Inflow,328
72,1980780486_CA,TSS,Inflow,329
36,1980780486_CA,TSS,Inflow,329
191,1980780486_CA,TSS,Inflow,329
600,1980780486_CA,TSS,Inflow,329
85,1980780486_CA,TSS,Inflow,329
24,1980780486_CA,TSS,Inflow,330
600,1980780486_CA,TSS,Inflow,330
49,1980780486_CA,TSS,Inflow,330
36,1980780486_CA,TSS,Inflow,330
191,1980780486_CA,TSS,Inflow,330
21,1980780486_CA,TSS,Inflow,331
1280,1980780486_CA,TSS,Inflow,331
166,1980780486_CA,TSS,Inflow,331
72,1980780486_CA,TSS,Inflow,331
191,1980780486_CA,TSS,Inflow,331
49,1980780486_CA,TSS,Inflow,332
90,1980780486_CA,TSS,Inflow,332
21,1980780486_CA,TSS,Inflow,332
118,1980780486_CA,TSS,Inflow,332
35,1980780486_CA,TSS,Inflow,332
96,1980780486_CA,TSS,Inflow,333
723,1980780486_CA,TSS,Inflow,333
85,1980780486_CA,TSS,Inflow,333
30,1980780486_CA,TSS,Inflow,333
21,1980780486_CA,TSS,Inflow,333
161,1980780486_CA,TSS,Inflow,334
35,1980780486_CA,TSS,Inflow,334
118,1980780486_CA,TSS,Inflow,334
85,1980780486_CA,TSS,Inflow,334
72,1980780486_CA,TSS,Inflow,334
1280,1980780486_CA,TSS,Inflow,335
90,1980780486_CA,TSS,Inflow,335
600,1980780486_CA,TSS,Inflow,335
118,1980780486_CA,TSS,Inflow,335
30,1980780486_CA,TSS,Inflow,335
36,1980780486_CA,TSS,Inflow,336
600,1980780486_CA,TSS,Inflow,336
18,1980780486_CA,TSS,Inflow,336
723,1980780486_CA,TSS,Inflow,336
15,1980780486_CA,TSS,Inflow,336
161,1980780486_CA,TSS,Inflow,337
24,1980780486_CA,TSS,Inflow,337
30,1980780486_CA,TSS,Inflow,337
723,1980780486_CA,TSS,Inflow,337
1280,1980780486_CA,TSS,Inflow,337
36,1980780486_CA,TSS,Inflow,338
18,1980780486_CA,TSS,Inflow,338
600,1980780486_CA,TSS,Inflow,338
166,1980780486_CA,TSS,Inflow,338
1280,1980780486_CA,TSS,Inflow,338
191,1980780486_CA,TSS,Inflow,339
90,1980780486_CA,TSS,Inflow,339
161,1980780486_CA,TSS,Inflow,339
15,1980780486_CA,TSS,Inflow,339
2870,1980780486_CA,TSS,Inflow,339
90,1980780486_CA,TSS,Inflow,340
1280,1980780486_CA,TSS,Inflow,340
18,1980780486_CA,TSS,Inflow,340
15,1980780486_CA,TSS,Inflow,340
30,1980780486_CA,TSS,Inflow,340
18,1980780486_CA,TSS,Inflow,341
36,1980780486_CA,TSS,Inflow,341
161,1980780486_CA,TSS,Inflow,341
191,1980780486_CA,TSS,Inflow,341
600,1980780486_CA,TSS,Inflow,341
35,1980780486_CA,TSS,Inflow,342
166,1980780486_CA,TSS,Inflow,342
30,1980780486_CA,TSS,Inflow,342
21,1980780486_CA,TSS,Inflow,342
85,1980780486_CA,TSS,Inflow,342
35,1980780486_CA,TSS,Inflow,343
15,1980780486_CA,TSS,Inflow,343
36,1980780486_CA,TSS,Inflow,343
90,1980780486_CA,TSS,Inflow,343
18,1980780486_CA,TSS,Inflow,343
18,1980780486_CA,TSS,Inflow,344
66,1980780486_CA,TSS,Inflow,344
166,1980780486_CA,TSS,Inflow,344
96,1980780486_CA,TSS,Inflow,344
30,1980780486_CA,TSS,Inflow,344
600,1980780486_CA,TSS,Inflow,345
96,1980780486_CA,TSS,Inflow,345
85,1980780486_CA,TSS,Inflow,345
90,1980780486_CA,TSS,Inflow,345
30,1980780486_CA,TSS,Inflow,345
30,1980780486_CA,TSS,Inflow,346
15,1980780486_CA,TSS,Inflow,346
49,1980780486_CA,TSS,Inflow,346
96,1980780486_CA,TSS,Inflow,346
600,1980780486_CA,TSS,Inflow,346
30,1980780486_CA,TSS,Inflow,347
24,1980780486_CA,TSS,Inflow,347
30,1980780486_CA,TSS,Inflow,347
36,1980780486_CA,TSS,Inflow,347
66,1980780486_CA,TSS,Inflow,347
15,1980780486_CA,TSS,Inflow,348
85,1980780486_CA,TSS,Inflow,348
90,1980780486_CA,TSS,Inflow,348
166,1980780486_CA,TSS,Inflow,348
24,1980780486_CA,TSS,Inflow,348
723,1980780486_CA,TSS,Inflow,349
85,1980780486_CA,TSS,Inflow,349
118,1980780486_CA,TSS,Inflow,349
15,1980780486_CA,TSS,Inflow,349
166,1980780486_CA,TSS,Inflow,349
2870,1980780486_CA,TSS,Inflow,350
723,1980780486_CA,TSS,Inflow,350
1280,1980780486_CA,TSS,Inflow,350
600,1980780486_CA,TSS,Inflow,350
15,1980780486_CA,TSS,Inflow,350
600,1980780486_CA,TSS,Inflow,351
15,1980780486_CA,TSS,Inflow,351
24,1980780486_CA,TSS,Inflow,351
90,1980780486_CA,TSS,Inflow,351
118,1980780486_CA,TSS,Inflow,351
191,1980780486_CA,TSS,Inflow,352
723,1980780486_CA,TSS,Inflow,352
85,1980780486_CA,TSS,Inflow,352
90,1980780486_CA,TSS,Inflow,352
36,1980780486_CA,TSS,Inflow,352
90,1980780486_CA,TSS,Inflow,353
118,1980780486_CA,TSS,Inflow,353
15,1980780486_CA,TSS,Inflow,353
18,1980780486_CA,TSS,Inflow,353
85,1980780486_CA,TSS,Inflow,353
35,1980780486_CA,TSS,Inflow,354
723,1980780486_CA,TSS,Inflow,354
161,1980780486_CA,TSS,Inflow,354
36,1980780486_CA,TSS,Inflow,354
85,1980780486_CA,TSS,Inflow,354
18,1980780486_CA,TSS,Inflow,355
96,1980780486_CA,TSS,Inflow,355
49,1980780486_CA,TSS,Inflow,355
85,1980780486_CA,TSS,Inflow,355
166,1980780486_CA,TSS,Inflow,355
15,1980780486_CA,TSS,Inflow,356
1280,1980780486_CA,TSS,Inflow,356
166,1980780486_CA,TSS,Inflow,356
35,1980780486_CA,TSS,Inflow,356
30,1980780486_CA,TSS,Inflow,356
72,1980780486_CA,TSS,Inflow,357
2870,1980780486_CA,TSS,Inflow,357
96,1980780486_CA,TSS,Inflow,357
118,1980780486_CA,TSS,Inflow,357
85,1980780486_CA,TSS,Inflow,357
66,1980780486_CA,TSS,Inflow,358
191,1980780486_CA,TSS,Inflow,358
15,1980780486_CA,TSS,Inflow,358
72,1980780486_CA,TSS,Inflow,358
21,1980780486_CA,TSS,Inflow,358
191,1980780486_CA,TSS,Inflow,359
18,1980780486_CA,TSS,Inflow,359
600,1980780486_CA,TSS,Inflow,359
90,1980780486_CA,TSS,Inflow,359
49,1980780486_CA,TSS,Inflow,359
600,1980780486_CA,TSS,Inflow,360
66,1980780486_CA,TSS,Inflow,360
36,1980780486_CA,TSS,Inflow,360
21,1980780486_CA,TSS,Inflow,360
161,1980780486_CA,TSS,Inflow,360
600,1980780486_CA,TSS,Inflow,361
2870,1980780486_CA,TSS,Inflow,361
15,1980780486_CA,TSS,Inflow,361
90,1980780486_CA,TSS,Inflow,361
49,1980780486_CA,TSS,Inflow,361
30,1980780486_CA,TSS,Inflow,362
118,1980780486_CA,TSS,Inflow,362
1280,1980780486_CA,TSS,Inflow,362
2870,1980780486_CA,TSS,Inflow,362
18,1980780486_CA,TSS,Inflow,362
49,1980780486_CA,TSS,Inflow,363
1280,1980780486_CA,TSS,Inflow,363
118,1980780486_CA,TSS,Inflow,363
72,1980780486_CA,TSS,Inflow,363
21,1980780486_CA,TSS,Inflow,363
49,1980780486_CA,TSS,Inflow,364
72,1980780486_CA,TSS,Inflow,364
30,1980780486_CA,TSS,Inflow,364
191,1980780486_CA,TSS,Inflow,364
66,1980780486_CA,TSS,Inflow,364
30,1980780486_CA,TSS,Inflow,365
90,1980780486_CA,TSS,Inflow,365
1280,1980780486_CA,TSS,Inflow,365
35,1980780486_CA,TSS,Inflow,365
161,1980780486_CA,TSS,Inflow,365
118,1980780486_CA,TSS,Inflow,366
24,1980780486_CA,TSS,Inflow,366
21,1980780486_CA,TSS,Inflow,366
36,1980780486_CA,TSS,Inflow,366
30,1980780486_CA,TSS,Inflow,366
191,1980780486_CA,TSS,Inflow,367
600,1980780486_CA,TSS,Inflow,367
161,1980780486_CA,TSS,Inflow,367
2870,1980780486_CA,TSS,Inflow,367
24,1980780486_CA,TSS,Inflow,367
191,1980780486_CA,TSS,Inflow,368
85,1980780486_CA,TSS,Inflow,368
49,1980780486_CA,TSS,Inflow,368
161,1980780486_CA,TSS,Inflow,368
118,1980780486_CA,TSS,Inflow,368
1280,1980780486_CA,TSS,Inflow,369
118,1980780486_CA,TSS,Inflow,369
18,1980780486_CA,TSS,Inflow,369
21,1980780486_CA,TSS,Inflow,369
66,1980780486_CA,TSS,Inflow,369
1280,1980780486_CA,TSS,Inflow,370
49,1980780486_CA,TSS,Inflow,370
96,1980780486_CA,TSS,Inflow,370
85,1980780486_CA,TSS,Inflow,370
36,1980780486_CA,TSS,Inflow,370
118,1980780486_CA,TSS,Inflow,371
85,1980780486_CA,TSS,Inflow,371
96,1980780486_CA,TSS,Inflow,371
90,1980780486_CA,TSS,Inflow,371
161,1980780486_CA,TSS,Inflow,371
1280,1980780486_CA,TSS,Inflow,372
72,1980780486_CA,TSS,Inflow,372
36,1980780486_CA,TSS,Inflow,372
30,1980780486_CA,TSS,Inflow,372
85,1980780486_CA,TSS,Inflow,372
24,1980780486_CA,TSS,Inflow,373
118,1980780486_CA,TSS,Inflow,373
35,1980780486_CA,TSS,Inflow,373
191,1980780486_CA,TSS,Inflow,373
85,1980780486_CA,TSS,Inflow,373
1280,1980780486_CA,TSS,Inflow,374
118,1980780486_CA,TSS,Inflow,374
24,1980780486_CA,TSS,Inflow,374
30,1980780486_CA,TSS,Inflow,374
600,1980780486_CA,TSS,Inflow,374
85,1980780486_CA,TSS,Inflow,375
66,1980780486_CA,TSS,Inflow,375
191,1980780486_CA,TSS,Inflow,375
118,1980780486_CA,TSS,Inflow,375
96,1980780486_CA,TSS,Inflow,375
191,1980780486_CA,TSS,Inflow,376
66,1980780486_CA,TSS,Inflow,376
24,1980780486_CA,TSS,Inflow,376
49,1980780486_CA,TSS,Inflow,376
21,1980780486_CA,TSS,Inflow,376
1280,1980780486_CA,TSS,Inflow,377
191,1980780486_CA,TSS,Inflow,377
90,1980780486_CA,TSS,Inflow,377
66,1980780486_CA,TSS,Inflow,377
49,1980780486_CA,TSS,Inflow,377
90,1980780486_CA,TSS,Inflow,378
118,1980780486_CA,TSS,Inflow,378
85,1980780486_CA,TSS,Inflow,378
161,1980780486_CA,TSS,Inflow,378
600,1980780486_CA,TSS,Inflow,378
118,1980780486_CA,TSS,Inflow,379
30,1980780486_CA,TSS,Inflow,379
1280,1980780486_CA,TSS,Inflow,379
18,1980780486_CA,TSS,Inflow,379
161,1980780486_CA,TSS,Inflow,379
72,1980780486_CA,TSS,Inflow,380
723,1980780486_CA,TSS,Inflow,380
15,1980780486_CA,TSS,Inflow,380
600,1980780486_CA,TSS,Inflow,380
35,1980780486_CA,TSS,Inflow,380
36,1980780486_CA,TSS,Inflow,381
723,1980780486_CA,TSS,Inflow,381
30,1980780486_CA,TSS,Inflow,381
18,1980780486_CA,TSS,Inflow,381
15,1980780486_CA,TSS,Inflow,381
2870,1980780486_CA,TSS,Inflow,382
191,1980780486_CA,TSS,Inflow,382
21,1980780486_CA,TSS,Inflow,382
90,1980780486_CA,TSS,Inflow,382
161,1980780486_CA,TSS,Inflow,382
24,1980780486_CA,TSS,Inflow,383
161,1980780486_CA,TSS,Inflow,383
600,1980780486_CA,TSS,Inflow,383
96,1980780486_CA,TSS,Inflow,383
49,1980780486_CA,TSS,Inflow,383
66,1980780486_CA,TSS,Inflow,384
72,1980780486_CA,TSS,Inflow,384
96,1980780486_CA,TSS,Inflow,384
36,1980780486_CA,TSS,Inflow,384
161,1980780486_CA,TSS,Inflow,384
96,1980780486_CA,TSS,Inflow,385
118,1980780486_CA,TSS,Inflow,385
49,1980780486_CA,TSS,Inflow,385
30,1980780486_CA,TSS,Inflow,385
35,1980780486_CA,TSS,Inflow,385
15,1980780486_CA,TSS,Inflow,386
118,1980780486_CA,TSS,Inflow,386
96,1980780486_CA,TSS,Inflow,386
1280,1980780486_CA,TSS,Inflow,386
30,1980780486_CA,TSS,Inflow,386
35,1980780486_CA,TSS,Inflow,387
18,1980780486_CA,TSS,Inflow,387
118,1980780486_CA,TSS,Inflow,387
66,1980780486_CA,TSS,Inflow,387
90,1980780486_CA,TSS,Inflow,387
30,1980780486_CA,TSS,Inflow,388
85,1980780486_CA,TSS,Inflow,388
723,1980780486_CA,TSS,Inflow,388
18,1980780486_CA,TSS,Inflow,388
118,1980780486_CA,TSS,Inflow,388
35,1980780486_CA,TSS,Inflow,389
72,1980780486_CA,TSS,Inflow,389
600,1980780486_CA,TSS,Inflow,389
90,1980780486_CA,TSS,Inflow,389
21,1980780486_CA,TSS,Inflow,389
85,1980780486_CA,TSS,Inflow,390
2870,1980780486_CA,TSS,Inflow,390
49,1980780486_CA,TSS,Inflow,390
118,1980780486_CA,TSS,Inflow,390
166,1980780486_CA,TSS,Inflow,390
24,1980780486_CA,TSS,Inflow,391
35,1980780486_CA,TSS,Inflow,391
30,1980780486_CA,TSS,Inflow,391
18,1980780486_CA,TSS,Inflow,391
30,1980780486_CA,TSS,Inflow,391
15,1980780486_CA,TSS,Inflow,392
24,1980780486_CA,TSS,Inflow,392
30,1980780486_CA,TSS,Inflow,392
49,1980780486_CA,TSS,Inflow,392
161,1980780486_CA,TSS,Inflow,392
96,1980780486_CA,TSS,Inflow,393
118,1980780486_CA,TSS,Inflow,393
49,1980780486_CA,TSS,Inflow,393
66,1980780486_CA,TSS,Inflow,393
2870,1980780486_CA,TSS,Inflow,393
36,1980780486_CA,TSS,Inflow,394
18,1980780486_CA,TSS,Inflow,394
35,1980780486_CA,TSS,Inflow,394
600,1980780486_CA,TSS,Inflow,394
96,1980780486_CA,TSS,Inflow,394
166,1980780486_CA,TSS,Inflow,395
72,1980780486_CA,TSS,Inflow,395
191,1980780486_CA,TSS,Inflow,395
723,1980780486_CA,TSS,Inflow,395
36,1980780486_CA,TSS,Inflow,395
161,1980780486_CA,TSS,Inflow,396
166,1980780486_CA,TSS,Inflow,396
49,1980780486_CA,TSS,Inflow,396
2870,1980780486_CA,TSS,Inflow,396
18,1980780486_CA,TSS,Inflow,396
166,1980780486_CA,TSS,Inflow,397
2870,1980780486_CA,TSS,Inflow,397
30,1980780486_CA,TSS,Inflow,397
72,1980780486_CA,TSS,Inflow,397
161,1980780486_CA,TSS,Inflow,397
30,1980780486_CA,TSS,Inflow,398
49,1980780486_CA,TSS,Inflow,398
66,1980780486_CA,TSS,Inflow,398
90,1980780486_CA,TSS,Inflow,398
2870,1980780486_CA,TSS,Inflow,398
30,1980780486_CA,TSS,Inflow,399
66,1980780486_CA,TSS,Inflow,399
90,1980780486_CA,TSS,Inflow,399
30,1980780486_CA,TSS,Inflow,399
166,1980780486_CA,TSS,Inflow,399
118,1980780486_CA,TSS,Inflow,400
72,1980780486_CA,TSS,Inflow,400
161,1980780486_CA,TSS,Inflow,400
49,1980780486_CA,TSS,Inflow,400
24,1980780486_CA,TSS,Inflow,400
166,1980780486_CA,TSS,Inflow,401
600,1980780486_CA,TSS,Inflow,401
18,1980780486_CA,TSS,Inflow,401
85,1980780486_CA,TSS,Inflow,401
30,1980780486_CA,TSS,Inflow,401
90,1980780486_CA,TSS,Inflow,402
191,1980780486_CA,TSS,Inflow,402
85,1980780486_CA,TSS,Inflow,402
30,1980780486_CA,TSS,Inflow,402
15,1980780486_CA,TSS,Inflow,402
66,1980780486_CA,TSS,Inflow,403
191,1980780486_CA,TSS,Inflow,403
85,1980780486_CA,TSS,Inflow,403
72,1980780486_CA,TSS,Inflow,403
2870,1980780486_CA,TSS,Inflow,403
18,1980780486_CA,TSS,Inflow,404
15,1980780486_CA,TSS,Inflow,404
723,1980780486_CA,TSS,Inflow,404
36,1980780486_CA,TSS,Inflow,404
21,1980780486_CA,TSS,Inflow,404
191,1980780486_CA,TSS,Inflow,405
96,1980780486_CA,TSS,Inflow,405
30,1980780486_CA,TSS,Inflow,405
1280,1980780486_CA,TSS,Inflow,405
161,1980780486_CA,TSS,Inflow,405
72,1980780486_CA,TSS,Inflow,406
90,1980780486_CA,TSS,Inflow,406
24,1980780486_CA,TSS,Inflow,406
2870,1980780486_CA,TSS,Inflow,406
723,1980780486_CA,TSS,Inflow,406
191,1980780486_CA,TSS,Inflow,407
90,1980780486_CA,TSS,Inflow,407
30,1980780486_CA,TSS,Inflow,407
96,1980780486_CA,TSS,Inflow,407
36,1980780486_CA,TSS,Inflow,407
49,1980780486_CA,TSS,Inflow,408
96,1980780486_CA,TSS,Inflow,408
72,1980780486_CA,TSS,Inflow,408
30,1980780486_CA,TSS,Inflow,408
191,1980780486_CA,TSS,Inflow,408
161,1980780486_CA,TSS,Inflow,409
49,1980780486_CA,TSS,Inflow,409
15,1980780486_CA,TSS,Inflow,409
118,1980780486_CA,TSS,Inflow,409
166,1980780486_CA,TSS,Inflow,409
2870,1980780486_CA,TSS,Inflow,410
30,1980780486_CA,TSS,Inflow,410
18,1980780486_CA,TSS,Inflow,410
21,1980780486_CA,TSS,Inflow,410
118,1980780486_CA,TSS,Inflow,410
1280,1980780486_CA,TSS,Inflow,411
49,1980780486_CA,TSS,Inflow,411
36,1980780486_CA,TSS,Inflow,411
191,1980780486_CA,TSS,Inflow,411
35,1980780486_CA,TSS,Inflow,411
66,1980780486_CA,TSS,Inflow,412
96,1980780486_CA,TSS,Inflow,412
90,1980780486_CA,TSS,Inflow,412
72,1980780486_CA,TSS,Inflow,412
15,1980780486_CA,TSS,Inflow,412
35,1980780486_CA,TSS,Inflow,413
90,1980780486_CA,TSS,Inflow,413
18,1980780486_CA,TSS,Inflow,413
1280,1980780486_CA,TSS,Inflow,413
30,1980780486_CA,TSS,Inflow,413
30,1980780486_CA,TSS,Inflow,414
166,1980780486_CA,TSS,Inflow,414
85,1980780486_CA,TSS,Inflow,414
118,1980780486_CA,TSS,Inflow,414
96,1980780486_CA,TSS,Inflow,414
30,1980780486_CA,TSS,Inflow,415
166,1980780486_CA,TSS,Inflow,415
18,1980780486_CA,TSS,Inflow,415
90,1980780486_CA,TSS,Inflow,415
35,1980780486_CA,TSS,Inflow,415
49,1980780486_CA,TSS,Inflow,416
166,1980780486_CA,TSS,Inflow,416
72,1980780486_CA,TSS,Inflow,416
35,1980780486_CA,TSS,Inflow,416
96,1980780486_CA,TSS,Inflow,416
191,1980780486_CA,TSS,Inflow,417
66,1980780486_CA,TSS,Inflow,417
2870,1980780486_CA,TSS,Inflow,417
30,1980780486_CA,TSS,Inflow,417
600,1980780486_CA,TSS,Inflow,417
2870,1980780486_CA,TSS,Inflow,418
161,1980780486_CA,TSS,Inflow,418
191,1980780486_CA,TSS,Inflow,418
723,1980780486_CA,TSS,Inflow,418
600,1980780486_CA,TSS,Inflow,418
35,1980780486_CA,TSS,Inflow,419
600,1980780486_CA,TSS,Inflow,419
15,1980780486_CA,TSS,Inflow,419
18,1980780486_CA,TSS,Inflow,419
66,1980780486_CA,TSS,Inflow,419
21,1980780486_CA,TSS,Inflow,420
191,1980780486_CA,TSS,Inflow,420
1280,1980780486_CA,TSS,Inflow,420
90,1980780486_CA,TSS,Inflow,420
723,1980780486_CA,TSS,Inflow,420
24,1980780486_CA,TSS,Inflow,421
723,1980780486_CA,TSS,Inflow,421
118,1980780486_CA,TSS,Inflow,421
2870,1980780486_CA,TSS,Inflow,421
18,1980780486_CA,TSS,Inflow,421
85,1980780486_CA,TSS,Inflow,422
24,1980780486_CA,TSS,Inflow,422
90,1980780486_CA,TSS,Inflow,422
166,1980780486_CA,TSS,Inflow,422
15,1980780486_CA,TSS,Inflow,422
166,1980780486_CA,TSS,Inflow,423
161,1980780486_CA,TSS,Inflow,423
96,1980780486_CA,TSS,Inflow,423
85,1980780486_CA,TSS,Inflow,423
18,1980780486_CA,TSS,Inflow,423
36,1980780486_CA,TSS,Inflow,424
90,1980780486_CA,TSS,Inflow,424
1280,1980780486_CA,TSS,Inflow,424
2870,1980780486_CA,TSS,Inflow,424
24,1980780486_CA,TSS,Inflow,424
36,1980780486_CA,TSS,Inflow,425
30,1980780486_CA,TSS,Inflow,425
49,1980780486_CA,TSS,Inflow,425
118,1980780486_CA,TSS,Inflow,425
161,1980780486_CA,TSS,Inflow,425
161,1980780486_CA,TSS,Inflow,426
30,1980780486_CA,TSS,Inflow,426
118,1980780486_CA,TSS,Inflow,426
72,1980780486_CA,TSS,Inflow,426
30,1980780486_CA,TSS,Inflow,426
90,1980780486_CA,TSS,Inflow,427
723,1980780486_CA,TSS,Inflow,427
24,1980780486_CA,TSS,Inflow,427
161,1980780486_CA,TSS,Inflow,427
1280,1980780486_CA,TSS,Inflow,427
85,1980780486_CA,TSS,Inflow,428
161,1980780486_CA,TSS,Inflow,428
1280,1980780486_CA,TSS,Inflow,428
600,1980780486_CA,TSS,Inflow,428
36,1980780486_CA,TSS,Inflow,428
600,1980780486_CA,TSS,Inflow,429
30,1980780486_CA,TSS,Inflow,429
118,1980780486_CA,TSS,Inflow,429
35,1980780486_CA,TSS,Inflow,429
191,1980780486_CA,TSS,Inflow,429
166,1980780486_CA,TSS,Inflow,430
24,1980780486_CA,TSS,Inflow,430
723,1980780486_CA,TSS,Inflow,430
191,1980780486_CA,TSS,Inflow,430
96,1980780486_CA,TSS,Inflow,430
191,1980780486_CA,TSS,Inflow,431
18,1980780486_CA,TSS,Inflow,431
30,1980780486_CA,TSS,Inflow,431
36,1980780486_CA,TSS,Inflow,431
96,1980780486_CA,TSS,Inflow,431
18,1980780486_CA,TSS,Inflow,432
1280,1980780486_CA,TSS,Inflow,432
96,1980780486_CA,TSS,Inflow,432
161,1980780486_CA,TSS,Inflow,432
600,1980780486_CA,TSS,Inflow,432
1280,1980780486_CA,TSS,Inflow,433
30,1980780486_CA,TSS,Inflow,433
49,1980780486_CA,TSS,Inflow,433
21,1980780486_CA,TSS,Inflow,433
30,1980780486_CA,TSS,Inflow,433
166,1980780486_CA,TSS,Inflow,434
191,1980780486_CA,TSS,Inflow,434
161,1980780486_CA,TSS,Inflow,434
66,1980780486_CA,TSS,Inflow,434
49,1980780486_CA,TSS,Inflow,434
36,1980780486_CA,TSS,Inflow,435
85,1980780486_CA,TSS,Inflow,435
90,1980780486_CA,TSS,Inflow,435
35,1980780486_CA,TSS,Inflow,435
1280,1980780486_CA,TSS,Inflow,435
35,1980780486_CA,TSS,Inflow,436
166,1980780486_CA,TSS,Inflow,436
2870,1980780486_CA,TSS,Inflow,436
85,1980780486_CA,TSS,Inflow,436
723,1980780486_CA,TSS,Inflow,436
723,1980780486_CA,TSS,Inflow,437
30,1980780486_CA,TSS,Inflow,437
49,1980780486_CA,TSS,Inflow,437
166,1980780486_CA,TSS,Inflow,437
15,1980780486_CA,TSS,Inflow,437
24,1980780486_CA,TSS,Inflow,438
118,1980780486_CA,TSS,Inflow,438
191,1980780486_CA,TSS,Inflow,438
35,1980780486_CA,TSS,Inflow,438
66,1980780486_CA,TSS,Inflow,438
2870,1980780486_CA,TSS,Inflow,439
90,1980780486_CA,TSS,Inflow,439
18,1980780486_CA,TSS,Inflow,439
191,1980780486_CA,TSS,Inflow,439
723,1980780486_CA,TSS,Inflow,439
600,1980780486_CA,TSS,Inflow,440
30,1980780486_CA,TSS,Inflow,440
30,1980780486_CA,TSS,Inflow,440
49,1980780486_CA,TSS,Inflow,440
72,1980780486_CA,TSS,Inflow,440
90,1980780486_CA,TSS,Inflow,441
30,1980780486_CA,TSS,Inflow,441
36,1980780486_CA,TSS,Inflow,441
49,1980780486_CA,TSS,Inflow,441
1280,1980780486_CA,TSS,Inflow,441
191,1980780486_CA,TSS,Inflow,442
30,1980780486_CA,TSS,Inflow,442
49,1980780486_CA,TSS,Inflow,442
90,1980780486_CA,TSS,Inflow,442
35,1980780486_CA,TSS,Inflow,442
35,1980780486_CA,TSS,Inflow,443
30,1980780486_CA,TSS,Inflow,443
723,1980780486_CA,TSS,Inflow,443
161,1980780486_CA,TSS,Inflow,443
49,1980780486_CA,TSS,Inflow,443
66,1980780486_CA,TSS,Inflow,444
96,1980780486_CA,TSS,Inflow,444
21,1980780486_CA,TSS,Inflow,444
15,1980780486_CA,TSS,Inflow,444
600,1980780486_CA,TSS,Inflow,444
36,1980780486_CA,TSS,Inflow,445
72,1980780486_CA,TSS,Inflow,445
118,1980780486_CA,TSS,Inflow,445
15,1980780486_CA,TSS,Inflow,445
600,1980780486_CA,TSS,Inflow,445
85,1980780486_CA,TSS,Inflow,446
161,1980780486_CA,TSS,Inflow,446
36,1980780486_CA,TSS,Inflow,446
90,1980780486_CA,TSS,Inflow,446
18,1980780486_CA,TSS,Inflow,446
30,1980780486_CA,TSS,Inflow,447
96,1980780486_CA,TSS,Inflow,447
72,1980780486_CA,TSS,Inflow,447
600,1980780486_CA,TSS,Inflow,447
85,1980780486_CA,TSS,Inflow,447
723,1980780486_CA,TSS,Inflow,448
166,1980780486_CA,TSS,Inflow,448
96,1980780486_CA,TSS,Inflow,448
18,1980780486_CA,TSS,Inflow,448
72,1980780486_CA,TSS,Inflow,448
24,1980780486_CA,TSS,Inflow,449
600,1980780486_CA,TSS,Inflow,449
66,1980780486_CA,TSS,Inflow,449
30,1980780486_CA,TSS,Inflow,449
166,1980780486_CA,TSS,Inflow,449
30,1980780486_CA,TSS,Inflow,450
166,1980780486_CA,TSS,Inflow,450
96,1980780486_CA,TSS,Inflow,450
21,1980780486_CA,TSS,Inflow,450
30,1980780486_CA,TSS,Inflow,450
1280,1980780486_CA,TSS,Inflow,451
2870,1980780486_CA,TSS,Inflow,451
96,1980780486_CA,TSS,Inflow,451
66,1980780486_CA,TSS,Inflow,451
166,1980780486_CA,TSS,Inflow,451
15,1980780486_CA,TSS,Inflow,452
90,1980780486_CA,TSS,Inflow,452
161,1980780486_CA,TSS,Inflow,452
72,1980780486_CA,TSS,Inflow,452
2870,1980780486_CA,TSS,Inflow,452
96,1980780486_CA,TSS,Inflow,453
118,1980780486_CA,TSS,Inflow,453
191,1980780486_CA,TSS,Inflow,453
30,1980780486_CA,TSS,Inflow,453
600,1980780486_CA,TSS,Inflow,453
21,1980780486_CA,TSS,Inflow,454
18,1980780486_CA,TSS,Inflow,454
600,1980780486_CA,TSS,Inflow,454
166,1980780486_CA,TSS,Inflow,454
2870,1980780486_CA,TSS,Inflow,454
30,1980780486_CA,TSS,Inflow,455
72,1980780486_CA,TSS,Inflow,455
66,1980780486_CA,TSS,Inflow,455
166,1980780486_CA,TSS,Inflow,455
600,1980780486_CA,TSS,Inflow,455
2870,1980780486_CA,TSS,Inflow,456
30,1980780486_CA,TSS,Inflow,456
166,1980780486_CA,TSS,Inflow,456
35,1980780486_CA,TSS,Inflow,456
21,1980780486_CA,TSS,Inflow,456
21,1980780486_CA,TSS,Inflow,457
49,1980780486_CA,TSS,Inflow,457
118,1980780486_CA,TSS,Inflow,457
191,1980780486_CA,TSS,Inflow,457
161,1980780486_CA,TSS,Inflow,457
72,1980780486_CA,TSS,Inflow,458
166,1980780486_CA,TSS,Inflow,458
90,1980780486_CA,TSS,Inflow,458
66,1980780486_CA,TSS,Inflow,458
49,1980780486_CA,TSS,Inflow,458
90,1980780486_CA,TSS,Inflow,459
1280,1980780486_CA,TSS,Inflow,459
49,1980780486_CA,TSS,Inflow,459
166,1980780486_CA,TSS,Inflow,459
85,1980780486_CA,TSS,Inflow,459
166,1980780486_CA,TSS,Inflow,460
15,1980780486_CA,TSS,Inflow,460
118,1980780486_CA,TSS,Inflow,460
90,1980780486_CA,TSS,Inflow,460
21,1980780486_CA,TSS,Inflow,460
30,1980780486_CA,TSS,Inflow,461
166,1980780486_CA,TSS,Inflow,461
90,1980780486_CA,TSS,Inflow,461
30,1980780486_CA,TSS,Inflow,461
18,1980780486_CA,TSS,Inflow,461
30,1980780486_CA,TSS,Inflow,462
30,1980780486_CA,TSS,Inflow,462
85,1980780486_CA,TSS,Inflow,462
191,1980780486_CA,TSS,Inflow,462
24,1980780486_CA,TSS,Inflow,462
90,1980780486_CA,TSS,Inflow,463
600,1980780486_CA,TSS,Inflow,463
85,1980780486_CA,TSS,Inflow,463
15,1980780486_CA,TSS,Inflow,463
161,1980780486_CA,TSS,Inflow,463
49,1980780486_CA,TSS,Inflow,464
166,1980780486_CA,TSS,Inflow,464
35,1980780486_CA,TSS,Inflow,464
1280,1980780486_CA,TSS,Inflow,464
90,1980780486_CA,TSS,Inflow,464
30,1980780486_CA,TSS,Inflow,465
24,1980780486_CA,TSS,Inflow,465
66,1980780486_CA,TSS,Inflow,465
1280,1980780486_CA,TSS,Inflow,465
49,1980780486_CA,TSS,Inflow,465
21,1980780486_CA,TSS,Inflow,466
35,1980780486_CA,TSS,Inflow,466
36,1980780486_CA,TSS,Inflow,466
1280,1980780486_CA,TSS,Inflow,466
72,1980780486_CA,TSS,Inflow,466
15,1980780486_CA,TSS,Inflow,467
723,1980780486_CA,TSS,Inflow,467
191,1980780486_CA,TSS,Inflow,467
90,1980780486_CA,TSS,Inflow,467
118,1980780486_CA,TSS,Inflow,467
49,1980780486_CA,TSS,Inflow,468
30,1980780486_CA,TSS,Inflow,468
1280,1980780486_CA,TSS,Inflow,468
85,1980780486_CA,TSS,Inflow,468
600,1980780486_CA,TSS,Inflow,468
166,1980780486_CA,TSS,Inflow,469
30,1980780486_CA,TSS,Inflow,469
66,1980780486_CA,TSS,Inflow,469
191,1980780486_CA,TSS,Inflow,469
72,1980780486_CA,TSS,Inflow,469
161,1980780486_CA,TSS,Inflow,470
30,1980780486_CA,TSS,Inflow,470
191,1980780486_CA,TSS,Inflow,470
35,1980780486_CA,TSS,Inflow,470
723,1980780486_CA,TSS,Inflow,470
161,1980780486_CA,TSS,Inflow,471
85,1980780486_CA,TSS,Inflow,471
35,1980780486_CA,TSS,Inflow,471
15,1980780486_CA,TSS,Inflow,471
1280,1980780486_CA,TSS,Inflow,471
1280,1980780486_CA,TSS,Inflow,472
85,1980780486_CA,TSS,Inflow,472
723,1980780486_CA,TSS,Inflow,472
30,1980780486_CA,TSS,Inflow,472
96,1980780486_CA,TSS,Inflow,472
21,1980780486_CA,TSS,Inflow,473
118,1980780486_CA,TSS,Inflow,473
35,1980780486_CA,TSS,Inflow,473
24,1980780486_CA,TSS,Inflow,473
49,1980780486_CA,TSS,Inflow,473
723,1980780486_CA,TSS,Inflow,474
118,1980780486_CA,TSS,Inflow,474
161,1980780486_CA,TSS,Inflow,474
30,1980780486_CA,TSS,Inflow,474
191,1980780486_CA,TSS,Inflow,474
600,1980780486_CA,TSS,Inflow,475
1280,1980780486_CA,TSS,Inflow,475
2870,1980780486_CA,TSS,Inflow,475
161,1980780486_CA,TSS,Inflow,475
36,1980780486_CA,TSS,Inflow,475
600,1980780486_CA,TSS,Inflow,476
24,1980780486_CA,TSS,Inflow,476
723,1980780486_CA,TSS,Inflow,476
118,1980780486_CA,TSS,Inflow,476
2870,1980780486_CA,TSS,Inflow,476
49,1980780486_CA,TSS,Inflow,477
85,1980780486_CA,TSS,Inflow,477
723,1980780486_CA,TSS,Inflow,477
66,1980780486_CA,TSS,Inflow,477
36,1980780486_CA,TSS,Inflow,477
90,1980780486_CA,TSS,Inflow,478
191,1980780486_CA,TSS,Inflow,478
66,1980780486_CA,TSS,Inflow,478
35,1980780486_CA,TSS,Inflow,478
600,1980780486_CA,TSS,Inflow,478
118,1980780486_CA,TSS,Inflow,479
24,1980780486_CA,TSS,Inflow,479
2870,1980780486_CA,TSS,Inflow,479
35,1980780486_CA,TSS,Inflow,479
15,1980780486_CA,TSS,Inflow,479
35,1980780486_CA,TSS,Inflow,480
118,1980780486_CA,TSS,Inflow,480
191,1980780486_CA,TSS,Inflow,480
1280,1980780486_CA,TSS,Inflow,480
96,1980780486_CA,TSS,Inflow,480
72,1980780486_CA,TSS,Inflow,481
90,1980780486_CA,TSS,Inflow,481
49,1980780486_CA,TSS,Inflow,481
36,1980780486_CA,TSS,Inflow,481
161,1980780486_CA,TSS,Inflow,481
723,1980780486_CA,TSS,Inflow,482
96,1980780486_CA,TSS,Inflow,482
30,1980780486_CA,TSS,Inflow,482
66,1980780486_CA,TSS,Inflow,482
85,1980780486_CA,TSS,Inflow,482
24,1980780486_CA,TSS,Inflow,483
21,1980780486_CA,TSS,Inflow,483
96,1980780486_CA,TSS,Inflow,483
600,1980780486_CA,TSS,Inflow,483
85,1980780486_CA,TSS,Inflow,483
72,1980780486_CA,TSS,Inflow,484
30,1980780486_CA,TSS,Inflow,484
21,1980780486_CA,TSS,Inflow,484
15,1980780486_CA,TSS,Inflow,484
36,1980780486_CA,TSS,Inflow,484
30,1980780486_CA,TSS,Inflow,485
18,1980780486_CA,TSS,Inflow,485
723,1980780486_CA,TSS,Inflow,485
35,1980780486_CA,TSS,Inflow,485
36,1980780486_CA,TSS,Inflow,485
24,1980780486_CA,TSS,Inflow,486
191,1980780486_CA,TSS,Inflow,486
21,1980780486_CA,TSS,Inflow,486
30,1980780486_CA,TSS,Inflow,486
118,1980780486_CA,TSS,Inflow,486
30,1980780486_CA,TSS,Inflow,487
166,1980780486_CA,TSS,Inflow,487
15,1980780486_CA,TSS,Inflow,487
35,1980780486_CA,TSS,Inflow,487
90,1980780486_CA,TSS,Inflow,487
15,1980780486_CA,TSS,Inflow,488
96,1980780486_CA,TSS,Inflow,488
191,1980780486_CA,TSS,Inflow,488
35,1980780486_CA,TSS,Inflow,488
49,1980780486_CA,TSS,Inflow,488
66,1980780486_CA,TSS,Inflow,489
35,1980780486_CA,TSS,Inflow,489
15,1980780486_CA,TSS,Inflow,489
96,1980780486_CA,TSS,Inflow,489
18,1980780486_CA,TSS,Inflow,489
161,1980780486_CA,TSS,Inflow,490
15,1980780486_CA,TSS,Inflow,490
21,1980780486_CA,TSS,Inflow,490
191,1980780486_CA,TSS,Inflow,490
90,1980780486_CA,TSS,Inflow,490
118,1980780486_CA,TSS,Inflow,491
90,1980780486_CA,TSS,Inflow,491
85,1980780486_CA,TSS,Inflow,491
30,1980780486_CA,TSS,Inflow,491
723,1980780486_CA,TSS,Inflow,491
723,1980780486_CA,TSS,Inflow,492
90,1980780486_CA,TSS,Inflow,492
36,1980780486_CA,TSS,Inflow,492
66,1980780486_CA,TSS,Inflow,492
191,1980780486_CA,TSS,Inflow,492
85,1980780486_CA,TSS,Inflow,493
35,1980780486_CA,TSS,Inflow,493
18,1980780486_CA,TSS,Inflow,493
49,1980780486_CA,TSS,Inflow,493
166,1980780486_CA,TSS,Inflow,493
723,1980780486_CA,TSS,Inflow,494
72,1980780486_CA,TSS,Inflow,494
24,1980780486_CA,TSS,Inflow,494
30,1980780486_CA,TSS,Inflow,494
161,1980780486_CA,TSS,Inflow,494
30,1980780486_CA,TSS,Inflow,495
72,1980780486_CA,TSS,Inflow,495
166,1980780486_CA,TSS,Inflow,495
118,1980780486_CA,TSS,Inflow,495
600,1980780486_CA,TSS,Inflow,495
118,1980780486_CA,TSS,Inflow,496
24,1980780486_CA,TSS,Inflow,496
18,1980780486_CA,TSS,Inflow,496
30,1980780486_CA,TSS,Inflow,496
166,1980780486_CA,TSS,Inflow,496
36,1980780486_CA,TSS,Inflow,497
166,1980780486_CA,TSS,Inflow,497
161,1980780486_CA,TSS,Inflow,497
15,1980780486_CA,TSS,Inflow,497
96,1980780486_CA,TSS,Inflow,497
15,1980780486_CA,TSS,Inflow,498
36,1980780486_CA,TSS,Inflow,498
723,1980780486_CA,TSS,Inflow,498
1280,1980780486_CA,TSS,Inflow,498
66,1980780486_CA,TSS,Inflow,498
191,1980780486_CA,TSS,Inflow,499
15,1980780486_CA,TSS,Inflow,499
90,1980780486_CA,TSS,Inflow,499
600,1980780486_CA,TSS,Inflow,499
166,1980780486_CA,TSS,Inflow,499
30,1980780486_CA,TSS,Inflow,500
24,1980780486_CA,TSS,Inflow,500
66,1980780486_CA,TSS,Inflow,500
21,1980780486_CA,TSS,Inflow,500
15,1980780486_CA,TSS,Inflow,500
