N,Quartile,median,std,rpd,Location,Flow,Analyte,NumObservations,NearMedianDetectionLimit,changeRPD,percentOriginal,skewnessCategory,distributionCategory,NumObservationsBelowDetect
n=5,0.1,0.08719999790191652,0.02090579031569546,24.271510963794423,2011981340_NC,Inflow,Phosphorus,27,0,0.0,18.51851851851852,heavy_right_skew,GG,0.0
n=5,0.25,0.1000000014901161,0.031817609852342194,19.49243474838476,2011981340_NC,Inflow,Phosphorus,27,0,0.0,18.51851851851852,heavy_right_skew,GG,0.0
n=5,0.5,0.1299999952316284,0.05888840644166846,24.34129884164334,2011981340_NC,Inflow,Phosphorus,27,0,0.0,18.51851851851852,heavy_right_skew,GG,0.0
n=5,0.75,0.2000000029802322,0.1085848664413448,38.91819744609426,2011981340_NC,Inflow,Phosphorus,27,0,0.0,18.51851851851852,heavy_right_skew,GG,0.0
n=5,0.9,0.3400000035762787,0.14672098162754998,39.244288070045904,2011981340_NC,Inflow,Phosphorus,27,0,0.0,18.51851851851852,heavy_right_skew,GG,0.0
n=10,0.1,0.07179999724030495,0.013613138968749527,13.687186312017783,2011981340_NC,Inflow,Phosphorus,27,0,10.58432465177664,37.03703703703704,heavy_right_skew,GG,0.0
n=10,0.25,0.1000000014901161,0.015257448085534257,10.424499679041343,2011981340_NC,Inflow,Phosphorus,27,0,9.067935069343417,37.03703703703704,heavy_right_skew,GG,0.0
n=10,0.5,0.13499999791383738,0.03279458598179816,16.028255750376825,2011981340_NC,Inflow,Phosphorus,27,0,8.313043091266515,37.03703703703704,heavy_right_skew,GG,0.0
n=10,0.75,0.23000000044703484,0.0753349427610375,26.32853218299227,2011981340_NC,Inflow,Phosphorus,27,0,12.589665263101992,37.03703703703704,heavy_right_skew,GG,0.0
n=10,0.9,0.4000000059604645,0.11762474203228117,25.09076207575727,2011981340_NC,Inflow,Phosphorus,27,0,14.153525994288636,37.03703703703704,heavy_right_skew,GG,0.0
n=15,0.1,0.07499999925494194,0.009582336225959335,10.241378199286629,2011981340_NC,Inflow,Phosphorus,27,0,3.4458081127311537,55.55555555555556,heavy_right_skew,GG,0.0
n=15,0.25,0.1000000014901161,0.00923632122256778,6.0402887252260475,2011981340_NC,Inflow,Phosphorus,27,0,4.384210953815296,55.55555555555556,heavy_right_skew,GG,0.0
n=15,0.5,0.1299999952316284,0.019866599625246797,10.05861800091812,2011981340_NC,Inflow,Phosphorus,27,0,5.969637749458705,55.55555555555556,heavy_right_skew,GG,0.0
n=15,0.75,0.23500000685453415,0.0622977519361403,19.342315525288825,2011981340_NC,Inflow,Phosphorus,27,0,6.986216657703444,55.55555555555556,heavy_right_skew,GG,0.0
n=15,0.9,0.4000000059604645,0.085760670644785,16.418737502449385,2011981340_NC,Inflow,Phosphorus,27,0,8.672024573307883,55.55555555555556,heavy_right_skew,GG,0.0
n=20,0.1,0.07179999724030495,0.007413524274082645,5.268186304954311,2011981340_NC,Inflow,Phosphorus,27,0,4.973191894332318,74.07407407407408,heavy_right_skew,GG,0.0
n=20,0.25,0.1000000014901161,0.0039490962098891625,2.1351858098564978,2011981340_NC,Inflow,Phosphorus,27,0,3.90510291536955,74.07407407407408,heavy_right_skew,GG,0.0
n=20,0.5,0.13499999791383738,0.012437193149075194,7.190077262959872,2011981340_NC,Inflow,Phosphorus,27,0,2.8685407379582477,74.07407407407408,heavy_right_skew,GG,0.0
n=20,0.75,0.25,0.03636582417226744,11.043502163159607,2011981340_NC,Inflow,Phosphorus,27,0,8.298813362129218,74.07407407407408,heavy_right_skew,GG,0.0
n=20,0.9,0.42000000774860413,0.03767805698804056,5.5576278697697,2011981340_NC,Inflow,Phosphorus,27,0,10.861109632679685,74.07407407407408,heavy_right_skew,GG,0.0
n=25,0.1,0.07079999893903732,0.0036880239358667508,2.5858900151163686,2011981340_NC,Inflow,Phosphorus,27,0,2.682296289837942,92.5925925925926,heavy_right_skew,GG,0.0
n=25,0.25,0.1000000014901161,0.0,0.0,2011981340_NC,Inflow,Phosphorus,27,0,2.1351858098564978,92.5925925925926,heavy_right_skew,GG,0.0
n=25,0.5,0.1299999952316284,0.004390737728204882,1.9259269888345605,2011981340_NC,Inflow,Phosphorus,27,0,5.264150274125312,92.5925925925926,heavy_right_skew,GG,0.0
n=25,0.75,0.25,0.014032240881002153,1.911110984543225,2011981340_NC,Inflow,Phosphorus,27,0,9.132391178616382,92.5925925925926,heavy_right_skew,GG,0.0
n=25,0.9,0.4000000059604645,0.00943335283854456,0.4727272466484283,2011981340_NC,Inflow,Phosphorus,27,0,5.084900623121271,92.5925925925926,heavy_right_skew,GG,0.0
n=5,0.1,0.14580000489950184,0.06431577016579854,38.85090397500918,920048328_VA,Inflow,Phosphorus,144,0,0.0,3.4722222222222223,heavy_right_skew,BCTo,0.0
n=5,0.25,0.1800000071525574,0.08431975074351254,33.52746052410523,920048328_VA,Inflow,Phosphorus,144,0,0.0,3.4722222222222223,heavy_right_skew,BCTo,0.0
n=5,0.5,0.2612999975681305,0.10179380283848406,30.829471818065517,920048328_VA,Inflow,Phosphorus,144,0,0.0,3.4722222222222223,heavy_right_skew,BCTo,0.0
n=5,0.75,0.3700000047683716,0.15002449199358656,28.90338606187568,920048328_VA,Inflow,Phosphorus,144,0,0.0,3.4722222222222223,heavy_right_skew,BCTo,0.0
n=5,0.9,0.47986299991607667,1.0041248874068638,35.82772040794014,920048328_VA,Inflow,Phosphorus,144,0,0.0,3.4722222222222223,heavy_right_skew,BCTo,0.0
n=10,0.1,0.1212939985096455,0.04151602833196474,26.102679627502816,920048328_VA,Inflow,Phosphorus,144,0,12.748224347506365,6.944444444444445,heavy_right_skew,BCTo,0.0
n=10,0.25,0.17250000312924382,0.05182399113960553,23.1010754038718,920048328_VA,Inflow,Phosphorus,144,0,10.42638512023343,6.944444444444445,heavy_right_skew,BCTo,0.0
n=10,0.5,0.2695449963212013,0.07317805433016247,21.77261897177482,920048328_VA,Inflow,Phosphorus,144,0,9.056852846290699,6.944444444444445,heavy_right_skew,BCTo,0.0
n=10,0.75,0.4035799875855446,0.09149095510454242,18.404872023613624,920048328_VA,Inflow,Phosphorus,144,0,10.498514038262055,6.944444444444445,heavy_right_skew,BCTo,0.0
n=10,0.9,0.5349999725818634,0.31649646711727236,24.41371212737226,920048328_VA,Inflow,Phosphorus,144,0,11.41400828056788,6.944444444444445,heavy_right_skew,BCTo,0.0
n=15,0.1,0.119999997317791,0.03039260282174888,18.961505483710727,920048328_VA,Inflow,Phosphorus,144,0,7.141174143792089,10.416666666666668,heavy_right_skew,BCTo,0.0
n=15,0.25,0.16500000655651095,0.03925850888509277,17.597464195465896,920048328_VA,Inflow,Phosphorus,144,0,5.5036112084059035,10.416666666666668,heavy_right_skew,BCTo,0.0
n=15,0.5,0.2700000107288361,0.06228932349956436,18.468949720399266,920048328_VA,Inflow,Phosphorus,144,0,3.3036692513755526,10.416666666666668,heavy_right_skew,BCTo,0.0
n=15,0.75,0.40819498896598816,0.07358677438750011,14.600305317741407,920048328_VA,Inflow,Phosphorus,144,0,3.804566705872217,10.416666666666668,heavy_right_skew,BCTo,0.0
n=15,0.9,0.543999993801117,0.11914181030006875,15.1073303348146,920048328_VA,Inflow,Phosphorus,144,0,9.30638179255766,10.416666666666668,heavy_right_skew,BCTo,0.0
n=20,0.1,0.11799999773502351,0.023661405877207376,15.172360766961415,920048328_VA,Inflow,Phosphorus,144,0,3.7891447167493126,13.88888888888889,heavy_right_skew,BCTo,0.0
n=20,0.25,0.1650000028312206,0.031785940994584594,15.429425168184718,920048328_VA,Inflow,Phosphorus,144,0,2.1680390272811785,13.88888888888889,heavy_right_skew,BCTo,0.0
n=20,0.5,0.26532500237226486,0.05423477222463146,16.39300709535812,920048328_VA,Inflow,Phosphorus,144,0,2.0759426250411472,13.88888888888889,heavy_right_skew,BCTo,0.0
n=20,0.75,0.4025000035762787,0.06644131961513042,13.08903399406342,920048328_VA,Inflow,Phosphorus,144,0,1.5112713236779864,13.88888888888889,heavy_right_skew,BCTo,0.0
n=20,0.9,0.5605870127677918,0.08934354840247072,12.202346243511917,920048328_VA,Inflow,Phosphorus,144,0,2.9049840913026834,13.88888888888889,heavy_right_skew,BCTo,0.0
n=25,0.1,0.119999997317791,0.01969153528670863,13.341100392908473,920048328_VA,Inflow,Phosphorus,144,0,1.8312603740529418,17.36111111111111,heavy_right_skew,BCTo,0.0
n=25,0.25,0.1700000017881393,0.028906091344943197,14.564446635726377,920048328_VA,Inflow,Phosphorus,144,0,0.8649785324583412,17.36111111111111,heavy_right_skew,BCTo,0.0
n=25,0.5,0.2700000107288361,0.04965010521406915,14.97902343613656,920048328_VA,Inflow,Phosphorus,144,0,1.413983659221559,17.36111111111111,heavy_right_skew,BCTo,0.0
n=25,0.75,0.4099999964237213,0.06329375192804226,12.35939470307458,920048328_VA,Inflow,Phosphorus,144,0,0.7296392909888407,17.36111111111111,heavy_right_skew,BCTo,0.0
n=25,0.9,0.5593720078468323,0.07801936882356399,10.806314429577832,920048328_VA,Inflow,Phosphorus,144,0,1.3960318139340853,17.36111111111111,heavy_right_skew,BCTo,0.0
n=5,0.1,0.15739999786019326,0.09759969256683011,70.61108566436299,-1290174122_FL,Inflow,Phosphorus,93,3,0.0,5.376344086021505,heavy_right_skew,BCTo,2.0
n=5,0.25,0.2540000081062317,0.11857481838422355,44.917598969504226,-1290174122_FL,Inflow,Phosphorus,93,3,0.0,5.376344086021505,heavy_right_skew,BCTo,2.0
n=5,0.5,0.3529999852180481,0.12928687025535154,27.982009999564085,-1290174122_FL,Inflow,Phosphorus,93,3,0.0,5.376344086021505,heavy_right_skew,BCTo,2.0
n=5,0.75,0.46299999952316284,0.2644774492044118,30.318818948577196,-1290174122_FL,Inflow,Phosphorus,93,3,0.0,5.376344086021505,heavy_right_skew,BCTo,2.0
n=5,0.9,0.6380000054836273,0.47890940427963197,42.14218856248913,-1290174122_FL,Inflow,Phosphorus,93,3,0.0,5.376344086021505,heavy_right_skew,BCTo,2.0
n=10,0.1,0.13524999767541884,0.07900556408574254,63.575888776510745,-1290174122_FL,Inflow,Phosphorus,93,3,7.035196887852244,10.75268817204301,heavy_right_skew,BCTo,2.0
n=10,0.25,0.22724999859929088,0.07844519151025223,29.29339270373533,-1290174122_FL,Inflow,Phosphorus,93,3,15.624206265768898,10.75268817204301,heavy_right_skew,BCTo,2.0
n=10,0.5,0.35999999940395355,0.09017817987112008,18.829775181107255,-1290174122_FL,Inflow,Phosphorus,93,3,9.15223481845683,10.75268817204301,heavy_right_skew,BCTo,2.0
n=10,0.75,0.5305000022053719,0.16334242000716165,19.67128319941858,-1290174122_FL,Inflow,Phosphorus,93,3,10.647535749158617,10.75268817204301,heavy_right_skew,BCTo,2.0
n=10,0.9,0.7415500223636626,0.3967370851161183,28.159710304315595,-1290174122_FL,Inflow,Phosphorus,93,3,13.982478258173536,10.75268817204301,heavy_right_skew,BCTo,2.0
n=15,0.1,0.11739999800920486,0.06358512811836807,50.9977023445674,-1290174122_FL,Inflow,Phosphorus,93,3,12.578186431943344,16.129032258064516,heavy_right_skew,BCTo,2.0
n=15,0.25,0.22600000351667404,0.06466168621826428,25.208158328756998,-1290174122_FL,Inflow,Phosphorus,93,3,4.085234374978331,16.129032258064516,heavy_right_skew,BCTo,2.0
n=15,0.5,0.3549999892711639,0.06913439233285801,14.712899186905402,-1290174122_FL,Inflow,Phosphorus,93,3,4.116875994201854,16.129032258064516,heavy_right_skew,BCTo,2.0
n=15,0.75,0.5479999929666519,0.1062569317591928,14.124745325277438,-1290174122_FL,Inflow,Phosphorus,93,3,5.546537874141141,16.129032258064516,heavy_right_skew,BCTo,2.0
n=15,0.9,0.7300999939441681,0.35815226242152126,24.69085256860601,-1290174122_FL,Inflow,Phosphorus,93,3,3.468857735709584,16.129032258064516,heavy_right_skew,BCTo,2.0
n=20,0.1,0.0939999993890524,0.05737846455888081,46.24342586903039,-1290174122_FL,Inflow,Phosphorus,93,3,4.7542764755370115,21.50537634408602,heavy_right_skew,BCTo,2.0
n=20,0.25,0.22062499821186066,0.05205132456716846,20.369824990989454,-1290174122_FL,Inflow,Phosphorus,93,3,4.838333337767544,21.50537634408602,heavy_right_skew,BCTo,2.0
n=20,0.5,0.3489999920129776,0.0570862188455636,12.150372685720784,-1290174122_FL,Inflow,Phosphorus,93,3,2.5625265011846174,21.50537634408602,heavy_right_skew,BCTo,2.0
n=20,0.75,0.5498749986290932,0.08769270041273328,12.297722915357193,-1290174122_FL,Inflow,Phosphorus,93,3,1.8270224099202448,21.50537634408602,heavy_right_skew,BCTo,2.0
n=20,0.9,0.7542000174522402,0.2835490286143854,19.72072654372781,-1290174122_FL,Inflow,Phosphorus,93,3,4.970126024878201,21.50537634408602,heavy_right_skew,BCTo,2.0
n=25,0.1,0.09839999713003639,0.050562318593636066,42.14725315680861,-1290174122_FL,Inflow,Phosphorus,93,3,4.0961727122217795,26.881720430107524,heavy_right_skew,BCTo,2.0
n=25,0.25,0.2060000002384186,0.05078855075241389,18.857783951096128,-1290174122_FL,Inflow,Phosphorus,93,3,1.512041039893326,26.881720430107524,heavy_right_skew,BCTo,2.0
n=25,0.5,0.3529999852180481,0.05397782208276478,11.030453255482056,-1290174122_FL,Inflow,Phosphorus,93,3,1.1199194302387276,26.881720430107524,heavy_right_skew,BCTo,2.0
n=25,0.75,0.5564999878406525,0.07809741189875075,10.446447954160744,-1290174122_FL,Inflow,Phosphorus,93,3,1.8512749611964487,26.881720430107524,heavy_right_skew,BCTo,2.0
n=25,0.9,0.7516000032424927,0.23682465616778842,16.92385582270959,-1290174122_FL,Inflow,Phosphorus,93,3,2.7968707210182195,26.881720430107524,heavy_right_skew,BCTo,2.0
n=5,0.1,0.046173376962542534,0.020221941119124315,34.939092453426575,1376313964_MD,Inflow,Phosphorus,127,0,0.0,3.937007874015748,heavy_right_skew,exGAUS,0.0
n=5,0.25,0.05921060219407082,0.025788817121442938,30.258530258151456,1376313964_MD,Inflow,Phosphorus,127,0,0.0,3.937007874015748,heavy_right_skew,exGAUS,0.0
n=5,0.5,0.0913938656449318,0.038631729921483914,31.288677126376268,1376313964_MD,Inflow,Phosphorus,127,0,0.0,3.937007874015748,heavy_right_skew,exGAUS,0.0
n=5,0.75,0.1234337389469147,0.05878824768421605,33.46836222090556,1376313964_MD,Inflow,Phosphorus,127,0,0.0,3.937007874015748,heavy_right_skew,exGAUS,0.0
n=5,0.9,0.16875653415918349,0.08946402697493173,40.47994580300713,1376313964_MD,Inflow,Phosphorus,127,0,0.0,3.937007874015748,heavy_right_skew,exGAUS,0.0
n=10,0.1,0.04028437742963433,0.011664816381927767,21.88074120893728,1376313964_MD,Inflow,Phosphorus,127,0,13.058351244489295,7.874015748031496,heavy_right_skew,exGAUS,0.0
n=10,0.25,0.055695004761219025,0.016857018841974616,22.47135321166942,1376313964_MD,Inflow,Phosphorus,127,0,7.787177046482036,7.874015748031496,heavy_right_skew,exGAUS,0.0
n=10,0.5,0.08751292899250984,0.02328260878627158,21.28492306609091,1376313964_MD,Inflow,Phosphorus,127,0,10.003754060285356,7.874015748031496,heavy_right_skew,exGAUS,0.0
n=10,0.75,0.13319450058043003,0.03837186863486911,22.114179146848855,1376313964_MD,Inflow,Phosphorus,127,0,11.354183074056706,7.874015748031496,heavy_right_skew,exGAUS,0.0
n=10,0.9,0.18082070350646967,0.07203535094455371,29.47282738737676,1376313964_MD,Inflow,Phosphorus,127,0,11.007118415630373,7.874015748031496,heavy_right_skew,exGAUS,0.0
n=15,0.1,0.03890341594815254,0.009249338284014558,17.76926929452613,1376313964_MD,Inflow,Phosphorus,127,0,4.111471914411151,11.811023622047244,heavy_right_skew,exGAUS,0.0
n=15,0.25,0.05414462275803089,0.013207883576360342,18.68906303188553,1376313964_MD,Inflow,Phosphorus,127,0,3.782290179783889,11.811023622047244,heavy_right_skew,exGAUS,0.0
n=15,0.5,0.09146448969841003,0.020192167384972468,18.380633170220023,1376313964_MD,Inflow,Phosphorus,127,0,2.904289895870889,11.811023622047244,heavy_right_skew,exGAUS,0.0
n=15,0.75,0.1360449194908142,0.030919423935794117,18.036701023867465,1376313964_MD,Inflow,Phosphorus,127,0,4.07747812298139,11.811023622047244,heavy_right_skew,exGAUS,0.0
n=15,0.9,0.1993777692317962,0.05995927580029121,23.269901920461102,1376313964_MD,Inflow,Phosphorus,127,0,6.202925466915659,11.811023622047244,heavy_right_skew,exGAUS,0.0
n=20,0.1,0.038739752303808925,0.007526350751136633,14.890396810482045,1376313964_MD,Inflow,Phosphorus,127,0,2.8788724840440842,15.748031496062993,heavy_right_skew,exGAUS,0.0
n=20,0.25,0.05379619123414159,0.011149448341813115,16.46340772746118,1376313964_MD,Inflow,Phosphorus,127,0,2.2256553044243503,15.748031496062993,heavy_right_skew,exGAUS,0.0
n=20,0.5,0.09141517244279385,0.01611020942632074,14.788802733912974,1376313964_MD,Inflow,Phosphorus,127,0,3.591830436307049,15.748031496062993,heavy_right_skew,exGAUS,0.0
n=20,0.75,0.139550406485796,0.02665580978186104,14.933763863609324,1376313964_MD,Inflow,Phosphorus,127,0,3.1029371602581417,15.748031496062993,heavy_right_skew,exGAUS,0.0
n=20,0.9,0.19572424739599237,0.050353264519803174,20.492453527795973,1376313964_MD,Inflow,Phosphorus,127,0,2.7774483926651286,15.748031496062993,heavy_right_skew,exGAUS,0.0
n=25,0.1,0.03839330971240997,0.005892454317304216,12.162198049111343,1376313964_MD,Inflow,Phosphorus,127,0,2.7281987613707024,19.68503937007874,heavy_right_skew,exGAUS,0.0
n=25,0.25,0.05402249470353127,0.009783373320131973,14.66119371870984,1376313964_MD,Inflow,Phosphorus,127,0,1.802214008751342,19.68503937007874,heavy_right_skew,exGAUS,0.0
n=25,0.5,0.09146448969841003,0.015314061146719495,13.913968998535745,1376313964_MD,Inflow,Phosphorus,127,0,0.8748337353772282,19.68503937007874,heavy_right_skew,exGAUS,0.0
n=25,0.75,0.1360843330621719,0.02472443401832685,14.606814062834324,1376313964_MD,Inflow,Phosphorus,127,0,0.32694980077499913,19.68503937007874,heavy_right_skew,exGAUS,0.0
n=25,0.9,0.20686472654342652,0.043906393378888256,17.500884103447323,1376313964_MD,Inflow,Phosphorus,127,0,2.9915694243486506,19.68503937007874,heavy_right_skew,exGAUS,0.0
n=5,0.1,0.22778630256652835,0.05448541791378201,24.15439793621023,919103477_CA,Inflow,Phosphorus,15,0,0.0,33.33333333333333,heavy_right_skew,IG,0.0
n=5,0.25,0.2957157492637634,0.07432702809331106,23.803341983156347,919103477_CA,Inflow,Phosphorus,15,0,0.0,33.33333333333333,heavy_right_skew,IG,0.0
n=5,0.5,0.3550000190734863,0.09344698413577354,17.532118672796763,919103477_CA,Inflow,Phosphorus,15,0,0.0,33.33333333333333,heavy_right_skew,IG,0.0
n=5,0.75,0.5366666316986084,0.10424766679302598,19.38323013313731,919103477_CA,Inflow,Phosphorus,15,0,0.0,33.33333333333333,heavy_right_skew,IG,0.0
n=5,0.9,0.5956666469573975,0.16672232564508266,22.629928850754155,919103477_CA,Inflow,Phosphorus,15,0,0.0,33.33333333333333,heavy_right_skew,IG,0.0
n=10,0.1,0.18371969014406203,0.031828996657983895,8.027976053577031,919103477_CA,Inflow,Phosphorus,15,0,16.1264218826332,66.66666666666666,heavy_right_skew,IG,0.0
n=10,0.25,0.25634822621941566,0.043789265386399094,14.537349449135103,919103477_CA,Inflow,Phosphorus,15,0,9.265992534021244,66.66666666666666,heavy_right_skew,IG,0.0
n=10,0.5,0.3443994522094727,0.03620597883814856,6.952117386021958,919103477_CA,Inflow,Phosphorus,15,0,10.580001286774806,66.66666666666666,heavy_right_skew,IG,0.0
n=10,0.75,0.5081249698996544,0.0583379369282044,9.46871540951254,919103477_CA,Inflow,Phosphorus,15,0,9.91451472362477,66.66666666666666,heavy_right_skew,IG,0.0
n=10,0.9,0.5974000155925749,0.05911363650988153,8.394064192872639,919103477_CA,Inflow,Phosphorus,15,0,14.235864657881516,66.66666666666666,heavy_right_skew,IG,0.0
n=15,0.1,0.18373986482620241,0.0,0.0,919103477_CA,Inflow,Phosphorus,15,0,8.027976053577031,100.0,heavy_right_skew,IG,0.0
n=15,0.25,0.2663578763604164,0.0,0.0,919103477_CA,Inflow,Phosphorus,15,0,14.537349449135103,100.0,heavy_right_skew,IG,0.0
n=15,0.5,0.3550000190734863,0.0,0.0,919103477_CA,Inflow,Phosphorus,15,0,6.952117386021958,100.0,heavy_right_skew,IG,0.0
n=15,0.75,0.5383332967758179,0.0,0.0,919103477_CA,Inflow,Phosphorus,15,0,9.46871540951254,100.0,heavy_right_skew,IG,0.0
n=15,0.9,0.6009999990463256,0.0,0.0,919103477_CA,Inflow,Phosphorus,15,0,8.394064192872639,100.0,heavy_right_skew,IG,0.0
n=5,0.1,0.12400000244379042,0.03750363185482944,32.87191538769051,1601357644_FL,Inflow,Phosphorus,54,0,0.0,9.25925925925926,heavy_right_skew,IGAMMA,0.0
n=5,0.25,0.1710000038146973,0.04656360575207044,27.630846945578668,1601357644_FL,Inflow,Phosphorus,54,0,0.0,9.25925925925926,heavy_right_skew,IGAMMA,0.0
n=5,0.5,0.1959899961948395,0.06434148003020655,21.91015949091519,1601357644_FL,Inflow,Phosphorus,54,0,0.0,9.25925925925926,heavy_right_skew,IGAMMA,0.0
n=5,0.75,0.2579900026321411,0.08049801830707873,27.372872537610053,1601357644_FL,Inflow,Phosphorus,54,0,0.0,9.25925925925926,heavy_right_skew,IGAMMA,0.0
n=5,0.9,0.3421980082988739,0.14848172350160693,26.49892309365366,1601357644_FL,Inflow,Phosphorus,54,0,0.0,9.25925925925926,heavy_right_skew,IGAMMA,0.0
n=10,0.1,0.10499000065028669,0.02649788469215784,19.6358203234265,1601357644_FL,Inflow,Phosphorus,54,0,13.236095064264006,18.51851851851852,heavy_right_skew,IGAMMA,0.0
n=10,0.25,0.14275000244379046,0.031177476909864565,18.000146226175026,1601357644_FL,Inflow,Phosphorus,54,0,9.630700719403642,18.51851851851852,heavy_right_skew,IGAMMA,0.0
n=10,0.5,0.1964899972081184,0.03944982456797662,13.954989417772607,1601357644_FL,Inflow,Phosphorus,54,0,7.955170073142584,18.51851851851852,heavy_right_skew,IGAMMA,0.0
n=10,0.75,0.30212000757455826,0.060113015862456744,18.351645450579152,1601357644_FL,Inflow,Phosphorus,54,0,9.021227087030901,18.51851851851852,heavy_right_skew,IGAMMA,0.0
n=10,0.9,0.36179100275039666,0.08513477034607764,18.00561767450993,1601357644_FL,Inflow,Phosphorus,54,0,8.493305419143727,18.51851851851852,heavy_right_skew,IGAMMA,0.0
n=15,0.1,0.1030950017273426,0.021207937216794624,16.247870985868374,1601357644_FL,Inflow,Phosphorus,54,0,3.387949337558126,27.77777777777778,heavy_right_skew,IGAMMA,0.0
n=15,0.25,0.14625000394880772,0.025220001740126372,15.374567232261194,1601357644_FL,Inflow,Phosphorus,54,0,2.625578993913832,27.77777777777778,heavy_right_skew,IGAMMA,0.0
n=15,0.5,0.1959899961948395,0.02930189115596286,10.11959949678349,1601357644_FL,Inflow,Phosphorus,54,0,3.835389920989117,27.77777777777778,heavy_right_skew,IGAMMA,0.0
n=15,0.75,0.31024250388145447,0.04759759473867429,13.680725534908225,1601357644_FL,Inflow,Phosphorus,54,0,4.670919915670927,27.77777777777778,heavy_right_skew,IGAMMA,0.0
n=15,0.9,0.37819001078605646,0.05359742309244056,11.58199641685659,1601357644_FL,Inflow,Phosphorus,54,0,6.423621257653341,27.77777777777778,heavy_right_skew,IGAMMA,0.0
n=20,0.1,0.09829100072383881,0.01561227957249605,12.045363649836679,1601357644_FL,Inflow,Phosphorus,54,0,4.202507336031696,37.03703703703704,heavy_right_skew,IGAMMA,0.0
n=20,0.25,0.14165749773383138,0.021300375882668424,12.760171691591818,1601357644_FL,Inflow,Phosphorus,54,0,2.614395540669376,37.03703703703704,heavy_right_skew,IGAMMA,0.0
n=20,0.5,0.19548999518156057,0.020414763492429152,7.427403892980294,1601357644_FL,Inflow,Phosphorus,54,0,2.692195603803196,37.03703703703704,heavy_right_skew,IGAMMA,0.0
n=20,0.75,0.30637126043438906,0.04319020862892585,12.93084256079528,1601357644_FL,Inflow,Phosphorus,54,0,0.7498829741129445,37.03703703703704,heavy_right_skew,IGAMMA,0.0
n=20,0.9,0.3761910051107409,0.04731719820567765,9.776121231130388,1601357644_FL,Inflow,Phosphorus,54,0,1.8058751857262028,37.03703703703704,heavy_right_skew,IGAMMA,0.0
n=25,0.1,0.09640000015497208,0.013205314751535458,9.810296024832125,1601357644_FL,Inflow,Phosphorus,54,0,2.235067625004554,46.2962962962963,heavy_right_skew,IGAMMA,0.0
n=25,0.25,0.1442099958658218,0.02007887458672019,11.922696823746277,1601357644_FL,Inflow,Phosphorus,54,0,0.8374748678455415,46.2962962962963,heavy_right_skew,IGAMMA,0.0
n=25,0.5,0.19548999518156057,0.017028794879478216,5.747641746557139,1601357644_FL,Inflow,Phosphorus,54,0,1.6797621464231547,46.2962962962963,heavy_right_skew,IGAMMA,0.0
n=25,0.75,0.3160000145435333,0.040039374301397694,10.613531949941496,1601357644_FL,Inflow,Phosphorus,54,0,2.3173106108537844,46.2962962962963,heavy_right_skew,IGAMMA,0.0
n=25,0.9,0.3845900118350982,0.040829646378294886,8.83884577381872,1601357644_FL,Inflow,Phosphorus,54,0,0.9372754573116673,46.2962962962963,heavy_right_skew,IGAMMA,0.0
n=5,0.1,0.03200000002980232,0.010847572908894286,44.01439247887665,459063142_WI_proprietary,Inflow,Phosphorus,31,0,0.0,16.129032258064516,heavy_right_skew,BCPEo,0.0
n=5,0.25,0.03999999910593033,0.014582651012888753,32.42448740051359,459063142_WI_proprietary,Inflow,Phosphorus,31,0,0.0,16.129032258064516,heavy_right_skew,BCPEo,0.0
n=5,0.5,0.059999998658895486,0.015048072514664926,21.436347663207613,459063142_WI_proprietary,Inflow,Phosphorus,31,0,0.0,16.129032258064516,heavy_right_skew,BCPEo,0.0
n=5,0.75,0.07000000029802322,0.017448131387454144,21.603627993454236,459063142_WI_proprietary,Inflow,Phosphorus,31,0,0.0,16.129032258064516,heavy_right_skew,BCPEo,0.0
n=5,0.9,0.08800000101327896,0.4132206813061455,45.54366240050464,459063142_WI_proprietary,Inflow,Phosphorus,31,0,0.0,16.129032258064516,heavy_right_skew,BCPEo,0.0
n=10,0.1,0.02899999935179949,0.008336750221588607,26.777828054493973,459063142_WI_proprietary,Inflow,Phosphorus,31,0,17.236564424382678,32.25806451612903,heavy_right_skew,BCPEo,0.0
n=10,0.25,0.034999999683350325,0.00986161156897353,21.44920499661009,459063142_WI_proprietary,Inflow,Phosphorus,31,0,10.975282403903503,32.25806451612903,heavy_right_skew,BCPEo,0.0
n=10,0.5,0.054999999701976776,0.008890397766084569,13.288491574333106,459063142_WI_proprietary,Inflow,Phosphorus,31,0,8.147856088874507,32.25806451612903,heavy_right_skew,BCPEo,0.0
n=10,0.75,0.07499999832361937,0.01221558678487543,14.122769871805144,459063142_WI_proprietary,Inflow,Phosphorus,31,0,7.480858121649092,32.25806451612903,heavy_right_skew,BCPEo,0.0
n=10,0.9,0.09300000295042991,0.09593653881409843,41.45968024147156,459063142_WI_proprietary,Inflow,Phosphorus,31,0,4.083982159033077,32.25806451612903,heavy_right_skew,BCPEo,0.0
n=15,0.1,0.0239999994635582,0.005394833099128028,22.863002155906447,459063142_WI_proprietary,Inflow,Phosphorus,31,0,3.9148258985875266,48.38709677419355,heavy_right_skew,BCPEo,0.0
n=15,0.25,0.03499999921768904,0.007682444062429455,16.861418857002093,459063142_WI_proprietary,Inflow,Phosphorus,31,0,4.587786139607996,48.38709677419355,heavy_right_skew,BCPEo,0.0
n=15,0.5,0.059999998658895486,0.006267611810057811,8.729589116864227,459063142_WI_proprietary,Inflow,Phosphorus,31,0,4.558902457468879,48.38709677419355,heavy_right_skew,BCPEo,0.0
n=15,0.75,0.07500000111758709,0.008952670753260093,9.764808300605674,459063142_WI_proprietary,Inflow,Phosphorus,31,0,4.3579615711994695,48.38709677419355,heavy_right_skew,BCPEo,0.0
n=15,0.9,0.09600000232458114,0.011647962615375996,10.32981898485894,459063142_WI_proprietary,Inflow,Phosphorus,31,0,31.12986125661262,48.38709677419355,heavy_right_skew,BCPEo,0.0
n=20,0.1,0.01999999955296516,0.00481788407689252,16.907203568744908,459063142_WI_proprietary,Inflow,Phosphorus,31,0,5.955798587161539,64.51612903225806,heavy_right_skew,BCPEo,0.0
n=20,0.25,0.03749999916180968,0.006675854931154358,15.698911119743533,459063142_WI_proprietary,Inflow,Phosphorus,31,0,1.1625077372585597,64.51612903225806,heavy_right_skew,BCPEo,0.0
n=20,0.5,0.054999999701976776,0.004578188783886441,7.724906732878152,459063142_WI_proprietary,Inflow,Phosphorus,31,0,1.0046823839860757,64.51612903225806,heavy_right_skew,BCPEo,0.0
n=20,0.75,0.07999999821186066,0.007272047170961873,7.1833073492749895,459063142_WI_proprietary,Inflow,Phosphorus,31,0,2.5815009513306846,64.51612903225806,heavy_right_skew,BCPEo,0.0
n=20,0.9,0.10100000128149987,0.009679134370652648,8.39512283850964,459063142_WI_proprietary,Inflow,Phosphorus,31,0,1.9346961463493013,64.51612903225806,heavy_right_skew,BCPEo,0.0
n=25,0.1,0.0239999994635582,0.003426605715517528,13.649292929292912,459063142_WI_proprietary,Inflow,Phosphorus,31,0,3.257910639451996,80.64516129032258,heavy_right_skew,BCPEo,0.0
n=25,0.25,0.02999999932944775,0.006304752339827373,16.062021383225407,459063142_WI_proprietary,Inflow,Phosphorus,31,0,0.3631102634818735,80.64516129032258,heavy_right_skew,BCPEo,0.0
n=25,0.5,0.059999998658895486,0.004761694869977106,6.290907812611136,459063142_WI_proprietary,Inflow,Phosphorus,31,0,1.4339989202670154,80.64516129032258,heavy_right_skew,BCPEo,0.0
n=25,0.75,0.07999999821186066,0.004227782150438069,2.7352375972081644,459063142_WI_proprietary,Inflow,Phosphorus,31,0,4.448069752066825,80.64516129032258,heavy_right_skew,BCPEo,0.0
n=25,0.9,0.10200000107288366,0.006361076819132451,5.76294206385147,459063142_WI_proprietary,Inflow,Phosphorus,31,0,2.6321807746581696,80.64516129032258,heavy_right_skew,BCPEo,0.0
n=5,0.1,0.2520000010728837,0.06152231514511228,26.157001818794186,-1242007014_CO,Inflow,Phosphorus,44,0,0.0,11.363636363636363,heavy_right_skew,IGAMMA,0.0
n=5,0.25,0.30000001192092896,0.07586388024693717,20.34471308439689,-1242007014_CO,Inflow,Phosphorus,44,0,0.0,11.363636363636363,heavy_right_skew,IGAMMA,0.0
n=5,0.5,0.3700000047683716,0.13380340056103032,21.942842641994,-1242007014_CO,Inflow,Phosphorus,44,0,0.0,11.363636363636363,heavy_right_skew,IGAMMA,0.0
n=5,0.75,0.4699999988079071,0.19118823342646904,34.31591284817494,-1242007014_CO,Inflow,Phosphorus,44,0,0.0,11.363636363636363,heavy_right_skew,IGAMMA,0.0
n=5,0.9,0.6950999915599823,0.24645750095174376,28.999615378172017,-1242007014_CO,Inflow,Phosphorus,44,0,0.0,11.363636363636363,heavy_right_skew,IGAMMA,0.0
n=10,0.1,0.22899999469518664,0.04568594787214038,17.576074769240186,-1242007014_CO,Inflow,Phosphorus,44,0,8.580927049553999,22.727272727272727,heavy_right_skew,IGAMMA,0.0
n=10,0.25,0.28250000625848776,0.049994726820096695,14.177856885571485,-1242007014_CO,Inflow,Phosphorus,44,0,6.166856198825405,22.727272727272727,heavy_right_skew,IGAMMA,0.0
n=10,0.5,0.3760000020265579,0.07756386050388552,14.16221860928866,-1242007014_CO,Inflow,Phosphorus,44,0,7.780624032705342,22.727272727272727,heavy_right_skew,IGAMMA,0.0
n=10,0.75,0.619999997317791,0.14393801152423888,21.674774452078204,-1242007014_CO,Inflow,Phosphorus,44,0,12.641138396096736,22.727272727272727,heavy_right_skew,IGAMMA,0.0
n=10,0.9,0.7837999880313873,0.14926726896501857,15.341496007882228,-1242007014_CO,Inflow,Phosphorus,44,0,13.65811937028979,22.727272727272727,heavy_right_skew,IGAMMA,0.0
n=15,0.1,0.2189999982714653,0.031530707760048675,12.740803042886126,-1242007014_CO,Inflow,Phosphorus,44,0,4.83527172635406,34.090909090909086,heavy_right_skew,IGAMMA,0.0
n=15,0.25,0.2800000011920929,0.03343804972630056,9.970021281038916,-1242007014_CO,Inflow,Phosphorus,44,0,4.207835604532569,34.090909090909086,heavy_right_skew,IGAMMA,0.0
n=15,0.5,0.3700000047683716,0.048080843518872325,10.039172596625184,-1242007014_CO,Inflow,Phosphorus,44,0,4.123046012663476,34.090909090909086,heavy_right_skew,IGAMMA,0.0
n=15,0.75,0.5850000008940697,0.1234183596702164,19.35496174469572,-1242007014_CO,Inflow,Phosphorus,44,0,2.319812707382482,34.090909090909086,heavy_right_skew,IGAMMA,0.0
n=15,0.9,0.7979999899864196,0.10110403478417614,10.35650474300496,-1242007014_CO,Inflow,Phosphorus,44,0,4.984991264877268,34.090909090909086,heavy_right_skew,IGAMMA,0.0
n=20,0.1,0.2089999943971634,0.0247487500733235,9.17385451715197,-1242007014_CO,Inflow,Phosphorus,44,0,3.5669485257341567,45.45454545454545,heavy_right_skew,IGAMMA,0.0
n=20,0.25,0.27250000089406967,0.02693328339462033,7.813197523441259,-1242007014_CO,Inflow,Phosphorus,44,0,2.1568237575976568,45.45454545454545,heavy_right_skew,IGAMMA,0.0
n=20,0.5,0.3700000047683716,0.03726794240660894,7.767562006481405,-1242007014_CO,Inflow,Phosphorus,44,0,2.271610590143779,45.45454545454545,heavy_right_skew,IGAMMA,0.0
n=20,0.75,0.5624999850988388,0.11888049952702903,19.61683794484014,-1242007014_CO,Inflow,Phosphorus,44,0,0.2618762001444175,45.45454545454545,heavy_right_skew,IGAMMA,0.0
n=20,0.9,0.826999992132187,0.09096331753567592,8.63755927491898,-1242007014_CO,Inflow,Phosphorus,44,0,1.7189454680859804,45.45454545454545,heavy_right_skew,IGAMMA,0.0
n=25,0.1,0.20399999916553496,0.0177511170542145,6.200941029628402,-1242007014_CO,Inflow,Phosphorus,44,0,2.9729134875235674,56.81818181818182,heavy_right_skew,IGAMMA,0.0
n=25,0.25,0.2700000107288361,0.020855780332753992,5.6827657505898115,-1242007014_CO,Inflow,Phosphorus,44,0,2.1304317728514475,56.81818181818182,heavy_right_skew,IGAMMA,0.0
n=25,0.5,0.3700000047683716,0.0316771956035371,6.195559991524717,-1242007014_CO,Inflow,Phosphorus,44,0,1.5720020149566878,56.81818181818182,heavy_right_skew,IGAMMA,0.0
n=25,0.75,0.6299999952316284,0.1108268522350049,16.402069547798156,-1242007014_CO,Inflow,Phosphorus,44,0,3.2147683970419827,56.81818181818182,heavy_right_skew,IGAMMA,0.0
n=25,0.9,0.8259999871253968,0.06464458181701112,6.156535866405454,-1242007014_CO,Inflow,Phosphorus,44,0,2.4810234085135257,56.81818181818182,heavy_right_skew,IGAMMA,0.0
n=5,0.1,0.0544000007212162,0.026012076479835118,49.73340684918565,-1693589722_FL,Inflow,Phosphorus,233,6,0.0,2.1459227467811157,heavy_right_skew,GB2,2.0
n=5,0.25,0.07599499821662903,0.030555482784167847,36.97946833970795,-1693589722_FL,Inflow,Phosphorus,233,6,0.0,2.1459227467811157,heavy_right_skew,GB2,2.0
n=5,0.5,0.1095249988138676,0.03374457207696015,27.397235180535297,-1693589722_FL,Inflow,Phosphorus,233,6,0.0,2.1459227467811157,heavy_right_skew,GB2,2.0
n=5,0.75,0.1369999945163727,0.03947276782800184,22.905160716731874,-1693589722_FL,Inflow,Phosphorus,233,6,0.0,2.1459227467811157,heavy_right_skew,GB2,2.0
n=5,0.9,0.15691599845886228,0.06230635444756683,27.42773722145359,-1693589722_FL,Inflow,Phosphorus,233,6,0.0,2.1459227467811157,heavy_right_skew,GB2,2.0
n=10,0.1,0.05064200023189187,0.02069333251214878,42.96182489453462,-1693589722_FL,Inflow,Phosphorus,233,6,6.771581954651026,4.291845493562231,heavy_right_skew,GB2,2.0
n=10,0.25,0.06985374912619591,0.02122961824825656,25.243284019405728,-1693589722_FL,Inflow,Phosphorus,233,6,11.736184320302222,4.291845493562231,heavy_right_skew,GB2,2.0
n=10,0.5,0.10643499903380872,0.022466782482815858,17.9601104971981,-1693589722_FL,Inflow,Phosphorus,233,6,9.437124683337196,4.291845493562231,heavy_right_skew,GB2,2.0
n=10,0.75,0.1412625014781952,0.023083055948229313,12.199320928165976,-1693589722_FL,Inflow,Phosphorus,233,6,10.705839788565898,4.291845493562231,heavy_right_skew,GB2,2.0
n=10,0.9,0.17135000303387643,0.044003550678703256,16.892608085237807,-1693589722_FL,Inflow,Phosphorus,233,6,10.535129136215783,4.291845493562231,heavy_right_skew,GB2,2.0
n=15,0.1,0.04319999963045121,0.016332123336240557,34.31740836171874,-1693589722_FL,Inflow,Phosphorus,233,6,8.644416532815882,6.437768240343347,heavy_right_skew,GB2,2.0
n=15,0.25,0.0659599993377924,0.017528145946286263,21.602501488038463,-1693589722_FL,Inflow,Phosphorus,233,6,3.6407825313672646,6.437768240343347,heavy_right_skew,GB2,2.0
n=15,0.5,0.1097199991345406,0.021161675543644832,17.346375045864463,-1693589722_FL,Inflow,Phosphorus,233,6,0.613735451333639,6.437768240343347,heavy_right_skew,GB2,2.0
n=15,0.75,0.14251499995589256,0.01997216678537036,10.635993683910327,-1693589722_FL,Inflow,Phosphorus,233,6,1.5633272442556496,6.437768240343347,heavy_right_skew,GB2,2.0
n=15,0.9,0.1738999977707863,0.03836969047479675,14.985280310339578,-1693589722_FL,Inflow,Phosphorus,233,6,1.9073277748982296,6.437768240343347,heavy_right_skew,GB2,2.0
n=20,0.1,0.04107300136238337,0.01434971463879354,31.834807877156983,-1693589722_FL,Inflow,Phosphorus,233,6,2.4826004845617575,8.583690987124463,heavy_right_skew,GB2,2.0
n=20,0.25,0.0640487503260374,0.015007903505761056,18.680004560072376,-1693589722_FL,Inflow,Phosphorus,233,6,2.922496927966087,8.583690987124463,heavy_right_skew,GB2,2.0
n=20,0.5,0.10649999976158142,0.01886166296331211,15.274218076083985,-1693589722_FL,Inflow,Phosphorus,233,6,2.072156969780478,8.583690987124463,heavy_right_skew,GB2,2.0
n=20,0.75,0.14425000175833702,0.01687930394049945,8.84737458103791,-1693589722_FL,Inflow,Phosphorus,233,6,1.788619102872417,8.583690987124463,heavy_right_skew,GB2,2.0
n=20,0.9,0.17641349658370026,0.03520811684719001,12.923744472537416,-1693589722_FL,Inflow,Phosphorus,233,6,2.061535837802161,8.583690987124463,heavy_right_skew,GB2,2.0
n=25,0.1,0.04129999987781048,0.012335001539261233,27.5918568647496,-1693589722_FL,Inflow,Phosphorus,233,6,4.2429510124073815,10.72961373390558,heavy_right_skew,GB2,2.0
n=25,0.25,0.06599999964237213,0.012720071912488714,16.98354524752164,-1693589722_FL,Inflow,Phosphorus,233,6,1.6964593125507363,10.72961373390558,heavy_right_skew,GB2,2.0
n=25,0.5,0.1095249988138676,0.016708583905298724,13.4255087994011,-1693589722_FL,Inflow,Phosphorus,233,6,1.848709276682884,10.72961373390558,heavy_right_skew,GB2,2.0
n=25,0.75,0.1439999938011169,0.013424257735752721,7.093647091514914,-1693589722_FL,Inflow,Phosphorus,233,6,1.753727489522996,10.72961373390558,heavy_right_skew,GB2,2.0
n=25,0.9,0.17657899707555771,0.028714147422626384,11.305315703155989,-1693589722_FL,Inflow,Phosphorus,233,6,1.6184287693814277,10.72961373390558,heavy_right_skew,GB2,2.0
n=5,0.1,0.13279999643564225,0.03139648709297536,20.07374404437317,1671569331_MN,Inflow,Phosphorus,68,0,0.0,7.352941176470589,heavy_right_skew,BCTo,0.0
n=5,0.25,0.1509999930858612,0.033590519049518874,14.15985469145257,1671569331_MN,Inflow,Phosphorus,68,0,0.0,7.352941176470589,heavy_right_skew,BCTo,0.0
n=5,0.5,0.1770000010728836,0.06297782618038271,17.276172614606036,1671569331_MN,Inflow,Phosphorus,68,0,0.0,7.352941176470589,heavy_right_skew,BCTo,0.0
n=5,0.75,0.2240000069141388,0.15267898062423796,32.171659607661276,1671569331_MN,Inflow,Phosphorus,68,0,0.0,7.352941176470589,heavy_right_skew,BCTo,0.0
n=5,0.9,0.35479999482631686,0.26441116275010357,45.019656920666925,1671569331_MN,Inflow,Phosphorus,68,0,0.0,7.352941176470589,heavy_right_skew,BCTo,0.0
n=10,0.1,0.12814999371767044,0.021836603276552128,14.912049160426601,1671569331_MN,Inflow,Phosphorus,68,0,5.16169488394657,14.705882352941178,heavy_right_skew,BCTo,0.0
n=10,0.25,0.15012499876320362,0.01802901143490276,9.563044592576723,1671569331_MN,Inflow,Phosphorus,68,0,4.596810098875846,14.705882352941178,heavy_right_skew,BCTo,0.0
n=10,0.5,0.18050000071525574,0.03103060409426146,11.442079119680747,1671569331_MN,Inflow,Phosphorus,68,0,5.834093494925289,14.705882352941178,heavy_right_skew,BCTo,0.0
n=10,0.75,0.2462499998509884,0.10093424277398588,26.554220873857947,1671569331_MN,Inflow,Phosphorus,68,0,5.617438733803329,14.705882352941178,heavy_right_skew,BCTo,0.0
n=10,0.9,0.42149999141693106,0.21998796773468035,34.62917803772129,1671569331_MN,Inflow,Phosphorus,68,0,10.390478882945636,14.705882352941178,heavy_right_skew,BCTo,0.0
n=15,0.1,0.12419999688863753,0.01780323043638933,12.300547861408743,1671569331_MN,Inflow,Phosphorus,68,0,2.611501299017858,22.058823529411764,heavy_right_skew,BCTo,0.0
n=15,0.25,0.14650000631809235,0.013349652047815392,7.227522297362834,1671569331_MN,Inflow,Phosphorus,68,0,2.335522295213889,22.058823529411764,heavy_right_skew,BCTo,0.0
n=15,0.5,0.1790000051259995,0.022041781079133904,8.932525484882227,1671569331_MN,Inflow,Phosphorus,68,0,2.50955363479852,22.058823529411764,heavy_right_skew,BCTo,0.0
n=15,0.75,0.24299999326467508,0.07966778050234319,22.233556393555105,1671569331_MN,Inflow,Phosphorus,68,0,4.320664480302842,22.058823529411764,heavy_right_skew,BCTo,0.0
n=15,0.9,0.43819998800754545,0.19448087114829973,29.821008915551563,1671569331_MN,Inflow,Phosphorus,68,0,4.808169122169726,22.058823529411764,heavy_right_skew,BCTo,0.0
n=20,0.1,0.12039999961853026,0.017079804239491025,11.228381202901677,1671569331_MN,Inflow,Phosphorus,68,0,1.0721666585070668,29.411764705882355,heavy_right_skew,BCTo,0.0
n=20,0.25,0.14549999870359898,0.01177632131402443,6.465758479321675,1671569331_MN,Inflow,Phosphorus,68,0,0.7617638180411594,29.411764705882355,heavy_right_skew,BCTo,0.0
n=20,0.5,0.17800000309944156,0.016278436281026865,7.266592570187545,1671569331_MN,Inflow,Phosphorus,68,0,1.6659329146946815,29.411764705882355,heavy_right_skew,BCTo,0.0
n=20,0.75,0.24950000271201134,0.06351300533289644,17.76562730651987,1671569331_MN,Inflow,Phosphorus,68,0,4.467929087035234,29.411764705882355,heavy_right_skew,BCTo,0.0
n=20,0.9,0.4281999945640564,0.14297446478606193,24.325624524502647,1671569331_MN,Inflow,Phosphorus,68,0,5.4953843910489155,29.411764705882355,heavy_right_skew,BCTo,0.0
n=25,0.1,0.12179999649524688,0.01367446927426367,9.083278486039346,1671569331_MN,Inflow,Phosphorus,68,0,2.145102716862331,36.76470588235294,heavy_right_skew,BCTo,0.0
n=25,0.25,0.1459999978542328,0.010170935271468798,5.526471492186572,1671569331_MN,Inflow,Phosphorus,68,0,0.9392869871351026,36.76470588235294,heavy_right_skew,BCTo,0.0
n=25,0.5,0.1790000051259995,0.014730583409164246,6.289355680891933,1671569331_MN,Inflow,Phosphorus,68,0,0.9772368892956127,36.76470588235294,heavy_right_skew,BCTo,0.0
n=25,0.75,0.2460000067949295,0.05886914179855833,16.79795780353521,1671569331_MN,Inflow,Phosphorus,68,0,0.9676695029846627,36.76470588235294,heavy_right_skew,BCTo,0.0
n=25,0.9,0.44799998998641977,0.1189880598825832,20.36571187677434,1671569331_MN,Inflow,Phosphorus,68,0,3.9599126477283058,36.76470588235294,heavy_right_skew,BCTo,0.0
