EMC,Location,Analyte,Flow,Run
10.0,6_CACTA002,TSS,Inflow,1
31.0,6_CACTA002,TSS,Inflow,1
85.0,6_CACTA002,TSS,Inflow,1
27.0,6_CACTA002,TSS,Inflow,1
100.0,6_CACTA002,TSS,Inflow,1
39.0,6_CACTA002,TSS,Inflow,2
163.0,6_CACTA002,TSS,Inflow,2
57.0,6_CACTA002,TSS,Inflow,2
10.0,6_CACTA002,TSS,Inflow,2
85.0,6_CACTA002,TSS,Inflow,2
31.0,6_CACTA002,TSS,Inflow,3
44.0,6_CACTA002,TSS,Inflow,3
155.0,6_CACTA002,TSS,Inflow,3
39.0,6_CACTA002,TSS,Inflow,3
57.0,6_CACTA002,TSS,Inflow,3
57.0,6_CACTA002,TSS,Inflow,4
27.0,6_CACTA002,TSS,Inflow,4
10.0,6_CACTA002,TSS,Inflow,4
55.0,6_CACTA002,TSS,Inflow,4
163.0,6_CACTA002,TSS,Inflow,4
57.0,6_CACTA002,TSS,Inflow,5
163.0,6_CACTA002,TSS,Inflow,5
55.0,6_CACTA002,TSS,Inflow,5
44.0,6_CACTA002,TSS,Inflow,5
155.0,6_CACTA002,TSS,Inflow,5
31.0,6_CACTA002,TSS,Inflow,6
100.0,6_CACTA002,TSS,Inflow,6
163.0,6_CACTA002,TSS,Inflow,6
155.0,6_CACTA002,TSS,Inflow,6
55.0,6_CACTA002,TSS,Inflow,6
10.0,6_CACTA002,TSS,Inflow,7
57.0,6_CACTA002,TSS,Inflow,7
39.0,6_CACTA002,TSS,Inflow,7
94.0,6_CACTA002,TSS,Inflow,7
57.0,6_CACTA002,TSS,Inflow,7
85.0,6_CACTA002,TSS,Inflow,8
100.0,6_CACTA002,TSS,Inflow,8
57.0,6_CACTA002,TSS,Inflow,8
31.0,6_CACTA002,TSS,Inflow,8
70.0,6_CACTA002,TSS,Inflow,8
39.0,6_CACTA002,TSS,Inflow,9
163.0,6_CACTA002,TSS,Inflow,9
50.0,6_CACTA002,TSS,Inflow,9
94.0,6_CACTA002,TSS,Inflow,9
31.0,6_CACTA002,TSS,Inflow,9
27.0,6_CACTA002,TSS,Inflow,10
70.0,6_CACTA002,TSS,Inflow,10
31.0,6_CACTA002,TSS,Inflow,10
10.0,6_CACTA002,TSS,Inflow,10
85.0,6_CACTA002,TSS,Inflow,10
155.0,6_CACTA002,TSS,Inflow,11
39.0,6_CACTA002,TSS,Inflow,11
57.0,6_CACTA002,TSS,Inflow,11
10.0,6_CACTA002,TSS,Inflow,11
57.0,6_CACTA002,TSS,Inflow,11
27.0,6_CACTA002,TSS,Inflow,12
57.0,6_CACTA002,TSS,Inflow,12
44.0,6_CACTA002,TSS,Inflow,12
55.0,6_CACTA002,TSS,Inflow,12
10.0,6_CACTA002,TSS,Inflow,12
31.0,6_CACTA002,TSS,Inflow,13
57.0,6_CACTA002,TSS,Inflow,13
50.0,6_CACTA002,TSS,Inflow,13
39.0,6_CACTA002,TSS,Inflow,13
44.0,6_CACTA002,TSS,Inflow,13
55.0,6_CACTA002,TSS,Inflow,14
31.0,6_CACTA002,TSS,Inflow,14
85.0,6_CACTA002,TSS,Inflow,14
10.0,6_CACTA002,TSS,Inflow,14
50.0,6_CACTA002,TSS,Inflow,14
94.0,6_CACTA002,TSS,Inflow,15
155.0,6_CACTA002,TSS,Inflow,15
70.0,6_CACTA002,TSS,Inflow,15
10.0,6_CACTA002,TSS,Inflow,15
57.0,6_CACTA002,TSS,Inflow,15
57.0,6_CACTA002,TSS,Inflow,16
100.0,6_CACTA002,TSS,Inflow,16
70.0,6_CACTA002,TSS,Inflow,16
10.0,6_CACTA002,TSS,Inflow,16
50.0,6_CACTA002,TSS,Inflow,16
155.0,6_CACTA002,TSS,Inflow,17
85.0,6_CACTA002,TSS,Inflow,17
100.0,6_CACTA002,TSS,Inflow,17
163.0,6_CACTA002,TSS,Inflow,17
31.0,6_CACTA002,TSS,Inflow,17
163.0,6_CACTA002,TSS,Inflow,18
94.0,6_CACTA002,TSS,Inflow,18
31.0,6_CACTA002,TSS,Inflow,18
155.0,6_CACTA002,TSS,Inflow,18
70.0,6_CACTA002,TSS,Inflow,18
163.0,6_CACTA002,TSS,Inflow,19
155.0,6_CACTA002,TSS,Inflow,19
57.0,6_CACTA002,TSS,Inflow,19
31.0,6_CACTA002,TSS,Inflow,19
50.0,6_CACTA002,TSS,Inflow,19
85.0,6_CACTA002,TSS,Inflow,20
100.0,6_CACTA002,TSS,Inflow,20
57.0,6_CACTA002,TSS,Inflow,20
39.0,6_CACTA002,TSS,Inflow,20
70.0,6_CACTA002,TSS,Inflow,20
163.0,6_CACTA002,TSS,Inflow,21
27.0,6_CACTA002,TSS,Inflow,21
100.0,6_CACTA002,TSS,Inflow,21
57.0,6_CACTA002,TSS,Inflow,21
44.0,6_CACTA002,TSS,Inflow,21
10.0,6_CACTA002,TSS,Inflow,22
50.0,6_CACTA002,TSS,Inflow,22
27.0,6_CACTA002,TSS,Inflow,22
70.0,6_CACTA002,TSS,Inflow,22
163.0,6_CACTA002,TSS,Inflow,22
44.0,6_CACTA002,TSS,Inflow,23
100.0,6_CACTA002,TSS,Inflow,23
85.0,6_CACTA002,TSS,Inflow,23
39.0,6_CACTA002,TSS,Inflow,23
57.0,6_CACTA002,TSS,Inflow,23
55.0,6_CACTA002,TSS,Inflow,24
39.0,6_CACTA002,TSS,Inflow,24
155.0,6_CACTA002,TSS,Inflow,24
44.0,6_CACTA002,TSS,Inflow,24
85.0,6_CACTA002,TSS,Inflow,24
57.0,6_CACTA002,TSS,Inflow,25
100.0,6_CACTA002,TSS,Inflow,25
55.0,6_CACTA002,TSS,Inflow,25
70.0,6_CACTA002,TSS,Inflow,25
57.0,6_CACTA002,TSS,Inflow,25
57.0,6_CACTA002,TSS,Inflow,26
70.0,6_CACTA002,TSS,Inflow,26
94.0,6_CACTA002,TSS,Inflow,26
31.0,6_CACTA002,TSS,Inflow,26
57.0,6_CACTA002,TSS,Inflow,26
57.0,6_CACTA002,TSS,Inflow,27
39.0,6_CACTA002,TSS,Inflow,27
94.0,6_CACTA002,TSS,Inflow,27
57.0,6_CACTA002,TSS,Inflow,27
27.0,6_CACTA002,TSS,Inflow,27
57.0,6_CACTA002,TSS,Inflow,28
57.0,6_CACTA002,TSS,Inflow,28
85.0,6_CACTA002,TSS,Inflow,28
10.0,6_CACTA002,TSS,Inflow,28
94.0,6_CACTA002,TSS,Inflow,28
94.0,6_CACTA002,TSS,Inflow,29
155.0,6_CACTA002,TSS,Inflow,29
163.0,6_CACTA002,TSS,Inflow,29
31.0,6_CACTA002,TSS,Inflow,29
57.0,6_CACTA002,TSS,Inflow,29
39.0,6_CACTA002,TSS,Inflow,30
55.0,6_CACTA002,TSS,Inflow,30
31.0,6_CACTA002,TSS,Inflow,30
44.0,6_CACTA002,TSS,Inflow,30
57.0,6_CACTA002,TSS,Inflow,30
155.0,6_CACTA002,TSS,Inflow,31
44.0,6_CACTA002,TSS,Inflow,31
70.0,6_CACTA002,TSS,Inflow,31
31.0,6_CACTA002,TSS,Inflow,31
94.0,6_CACTA002,TSS,Inflow,31
85.0,6_CACTA002,TSS,Inflow,32
31.0,6_CACTA002,TSS,Inflow,32
10.0,6_CACTA002,TSS,Inflow,32
57.0,6_CACTA002,TSS,Inflow,32
27.0,6_CACTA002,TSS,Inflow,32
155.0,6_CACTA002,TSS,Inflow,33
57.0,6_CACTA002,TSS,Inflow,33
57.0,6_CACTA002,TSS,Inflow,33
85.0,6_CACTA002,TSS,Inflow,33
31.0,6_CACTA002,TSS,Inflow,33
39.0,6_CACTA002,TSS,Inflow,34
50.0,6_CACTA002,TSS,Inflow,34
10.0,6_CACTA002,TSS,Inflow,34
55.0,6_CACTA002,TSS,Inflow,34
155.0,6_CACTA002,TSS,Inflow,34
50.0,6_CACTA002,TSS,Inflow,35
57.0,6_CACTA002,TSS,Inflow,35
10.0,6_CACTA002,TSS,Inflow,35
94.0,6_CACTA002,TSS,Inflow,35
44.0,6_CACTA002,TSS,Inflow,35
94.0,6_CACTA002,TSS,Inflow,36
27.0,6_CACTA002,TSS,Inflow,36
57.0,6_CACTA002,TSS,Inflow,36
163.0,6_CACTA002,TSS,Inflow,36
70.0,6_CACTA002,TSS,Inflow,36
10.0,6_CACTA002,TSS,Inflow,37
163.0,6_CACTA002,TSS,Inflow,37
50.0,6_CACTA002,TSS,Inflow,37
31.0,6_CACTA002,TSS,Inflow,37
100.0,6_CACTA002,TSS,Inflow,37
85.0,6_CACTA002,TSS,Inflow,38
31.0,6_CACTA002,TSS,Inflow,38
94.0,6_CACTA002,TSS,Inflow,38
27.0,6_CACTA002,TSS,Inflow,38
55.0,6_CACTA002,TSS,Inflow,38
85.0,6_CACTA002,TSS,Inflow,39
39.0,6_CACTA002,TSS,Inflow,39
94.0,6_CACTA002,TSS,Inflow,39
44.0,6_CACTA002,TSS,Inflow,39
10.0,6_CACTA002,TSS,Inflow,39
27.0,6_CACTA002,TSS,Inflow,40
31.0,6_CACTA002,TSS,Inflow,40
44.0,6_CACTA002,TSS,Inflow,40
57.0,6_CACTA002,TSS,Inflow,40
55.0,6_CACTA002,TSS,Inflow,40
94.0,6_CACTA002,TSS,Inflow,41
50.0,6_CACTA002,TSS,Inflow,41
31.0,6_CACTA002,TSS,Inflow,41
70.0,6_CACTA002,TSS,Inflow,41
85.0,6_CACTA002,TSS,Inflow,41
39.0,6_CACTA002,TSS,Inflow,42
100.0,6_CACTA002,TSS,Inflow,42
55.0,6_CACTA002,TSS,Inflow,42
44.0,6_CACTA002,TSS,Inflow,42
163.0,6_CACTA002,TSS,Inflow,42
94.0,6_CACTA002,TSS,Inflow,43
100.0,6_CACTA002,TSS,Inflow,43
155.0,6_CACTA002,TSS,Inflow,43
27.0,6_CACTA002,TSS,Inflow,43
44.0,6_CACTA002,TSS,Inflow,43
94.0,6_CACTA002,TSS,Inflow,44
50.0,6_CACTA002,TSS,Inflow,44
57.0,6_CACTA002,TSS,Inflow,44
85.0,6_CACTA002,TSS,Inflow,44
163.0,6_CACTA002,TSS,Inflow,44
155.0,6_CACTA002,TSS,Inflow,45
57.0,6_CACTA002,TSS,Inflow,45
44.0,6_CACTA002,TSS,Inflow,45
55.0,6_CACTA002,TSS,Inflow,45
94.0,6_CACTA002,TSS,Inflow,45
155.0,6_CACTA002,TSS,Inflow,46
57.0,6_CACTA002,TSS,Inflow,46
55.0,6_CACTA002,TSS,Inflow,46
44.0,6_CACTA002,TSS,Inflow,46
94.0,6_CACTA002,TSS,Inflow,46
70.0,6_CACTA002,TSS,Inflow,47
100.0,6_CACTA002,TSS,Inflow,47
31.0,6_CACTA002,TSS,Inflow,47
27.0,6_CACTA002,TSS,Inflow,47
39.0,6_CACTA002,TSS,Inflow,47
163.0,6_CACTA002,TSS,Inflow,48
57.0,6_CACTA002,TSS,Inflow,48
31.0,6_CACTA002,TSS,Inflow,48
155.0,6_CACTA002,TSS,Inflow,48
94.0,6_CACTA002,TSS,Inflow,48
57.0,6_CACTA002,TSS,Inflow,49
55.0,6_CACTA002,TSS,Inflow,49
163.0,6_CACTA002,TSS,Inflow,49
85.0,6_CACTA002,TSS,Inflow,49
39.0,6_CACTA002,TSS,Inflow,49
39.0,6_CACTA002,TSS,Inflow,50
55.0,6_CACTA002,TSS,Inflow,50
163.0,6_CACTA002,TSS,Inflow,50
85.0,6_CACTA002,TSS,Inflow,50
27.0,6_CACTA002,TSS,Inflow,50
163.0,6_CACTA002,TSS,Inflow,51
27.0,6_CACTA002,TSS,Inflow,51
94.0,6_CACTA002,TSS,Inflow,51
57.0,6_CACTA002,TSS,Inflow,51
10.0,6_CACTA002,TSS,Inflow,51
10.0,6_CACTA002,TSS,Inflow,52
55.0,6_CACTA002,TSS,Inflow,52
27.0,6_CACTA002,TSS,Inflow,52
50.0,6_CACTA002,TSS,Inflow,52
85.0,6_CACTA002,TSS,Inflow,52
155.0,6_CACTA002,TSS,Inflow,53
10.0,6_CACTA002,TSS,Inflow,53
94.0,6_CACTA002,TSS,Inflow,53
100.0,6_CACTA002,TSS,Inflow,53
55.0,6_CACTA002,TSS,Inflow,53
57.0,6_CACTA002,TSS,Inflow,54
94.0,6_CACTA002,TSS,Inflow,54
44.0,6_CACTA002,TSS,Inflow,54
27.0,6_CACTA002,TSS,Inflow,54
31.0,6_CACTA002,TSS,Inflow,54
27.0,6_CACTA002,TSS,Inflow,55
39.0,6_CACTA002,TSS,Inflow,55
10.0,6_CACTA002,TSS,Inflow,55
163.0,6_CACTA002,TSS,Inflow,55
94.0,6_CACTA002,TSS,Inflow,55
10.0,6_CACTA002,TSS,Inflow,56
85.0,6_CACTA002,TSS,Inflow,56
57.0,6_CACTA002,TSS,Inflow,56
27.0,6_CACTA002,TSS,Inflow,56
44.0,6_CACTA002,TSS,Inflow,56
44.0,6_CACTA002,TSS,Inflow,57
57.0,6_CACTA002,TSS,Inflow,57
94.0,6_CACTA002,TSS,Inflow,57
10.0,6_CACTA002,TSS,Inflow,57
50.0,6_CACTA002,TSS,Inflow,57
50.0,6_CACTA002,TSS,Inflow,58
27.0,6_CACTA002,TSS,Inflow,58
31.0,6_CACTA002,TSS,Inflow,58
155.0,6_CACTA002,TSS,Inflow,58
163.0,6_CACTA002,TSS,Inflow,58
85.0,6_CACTA002,TSS,Inflow,59
39.0,6_CACTA002,TSS,Inflow,59
44.0,6_CACTA002,TSS,Inflow,59
55.0,6_CACTA002,TSS,Inflow,59
57.0,6_CACTA002,TSS,Inflow,59
100.0,6_CACTA002,TSS,Inflow,60
55.0,6_CACTA002,TSS,Inflow,60
50.0,6_CACTA002,TSS,Inflow,60
155.0,6_CACTA002,TSS,Inflow,60
10.0,6_CACTA002,TSS,Inflow,60
163.0,6_CACTA002,TSS,Inflow,61
70.0,6_CACTA002,TSS,Inflow,61
85.0,6_CACTA002,TSS,Inflow,61
94.0,6_CACTA002,TSS,Inflow,61
100.0,6_CACTA002,TSS,Inflow,61
10.0,6_CACTA002,TSS,Inflow,62
57.0,6_CACTA002,TSS,Inflow,62
55.0,6_CACTA002,TSS,Inflow,62
94.0,6_CACTA002,TSS,Inflow,62
39.0,6_CACTA002,TSS,Inflow,62
94.0,6_CACTA002,TSS,Inflow,63
27.0,6_CACTA002,TSS,Inflow,63
50.0,6_CACTA002,TSS,Inflow,63
100.0,6_CACTA002,TSS,Inflow,63
31.0,6_CACTA002,TSS,Inflow,63
44.0,6_CACTA002,TSS,Inflow,64
70.0,6_CACTA002,TSS,Inflow,64
57.0,6_CACTA002,TSS,Inflow,64
31.0,6_CACTA002,TSS,Inflow,64
85.0,6_CACTA002,TSS,Inflow,64
163.0,6_CACTA002,TSS,Inflow,65
85.0,6_CACTA002,TSS,Inflow,65
44.0,6_CACTA002,TSS,Inflow,65
31.0,6_CACTA002,TSS,Inflow,65
70.0,6_CACTA002,TSS,Inflow,65
31.0,6_CACTA002,TSS,Inflow,66
70.0,6_CACTA002,TSS,Inflow,66
155.0,6_CACTA002,TSS,Inflow,66
44.0,6_CACTA002,TSS,Inflow,66
94.0,6_CACTA002,TSS,Inflow,66
163.0,6_CACTA002,TSS,Inflow,67
100.0,6_CACTA002,TSS,Inflow,67
94.0,6_CACTA002,TSS,Inflow,67
44.0,6_CACTA002,TSS,Inflow,67
155.0,6_CACTA002,TSS,Inflow,67
50.0,6_CACTA002,TSS,Inflow,68
57.0,6_CACTA002,TSS,Inflow,68
85.0,6_CACTA002,TSS,Inflow,68
94.0,6_CACTA002,TSS,Inflow,68
44.0,6_CACTA002,TSS,Inflow,68
155.0,6_CACTA002,TSS,Inflow,69
57.0,6_CACTA002,TSS,Inflow,69
44.0,6_CACTA002,TSS,Inflow,69
100.0,6_CACTA002,TSS,Inflow,69
39.0,6_CACTA002,TSS,Inflow,69
57.0,6_CACTA002,TSS,Inflow,70
10.0,6_CACTA002,TSS,Inflow,70
39.0,6_CACTA002,TSS,Inflow,70
70.0,6_CACTA002,TSS,Inflow,70
155.0,6_CACTA002,TSS,Inflow,70
31.0,6_CACTA002,TSS,Inflow,71
44.0,6_CACTA002,TSS,Inflow,71
70.0,6_CACTA002,TSS,Inflow,71
85.0,6_CACTA002,TSS,Inflow,71
10.0,6_CACTA002,TSS,Inflow,71
27.0,6_CACTA002,TSS,Inflow,72
55.0,6_CACTA002,TSS,Inflow,72
50.0,6_CACTA002,TSS,Inflow,72
57.0,6_CACTA002,TSS,Inflow,72
70.0,6_CACTA002,TSS,Inflow,72
27.0,6_CACTA002,TSS,Inflow,73
50.0,6_CACTA002,TSS,Inflow,73
100.0,6_CACTA002,TSS,Inflow,73
57.0,6_CACTA002,TSS,Inflow,73
163.0,6_CACTA002,TSS,Inflow,73
155.0,6_CACTA002,TSS,Inflow,74
85.0,6_CACTA002,TSS,Inflow,74
44.0,6_CACTA002,TSS,Inflow,74
55.0,6_CACTA002,TSS,Inflow,74
100.0,6_CACTA002,TSS,Inflow,74
44.0,6_CACTA002,TSS,Inflow,75
27.0,6_CACTA002,TSS,Inflow,75
85.0,6_CACTA002,TSS,Inflow,75
163.0,6_CACTA002,TSS,Inflow,75
70.0,6_CACTA002,TSS,Inflow,75
100.0,6_CACTA002,TSS,Inflow,76
85.0,6_CACTA002,TSS,Inflow,76
155.0,6_CACTA002,TSS,Inflow,76
70.0,6_CACTA002,TSS,Inflow,76
57.0,6_CACTA002,TSS,Inflow,76
27.0,6_CACTA002,TSS,Inflow,77
163.0,6_CACTA002,TSS,Inflow,77
57.0,6_CACTA002,TSS,Inflow,77
94.0,6_CACTA002,TSS,Inflow,77
10.0,6_CACTA002,TSS,Inflow,77
100.0,6_CACTA002,TSS,Inflow,78
70.0,6_CACTA002,TSS,Inflow,78
27.0,6_CACTA002,TSS,Inflow,78
163.0,6_CACTA002,TSS,Inflow,78
85.0,6_CACTA002,TSS,Inflow,78
57.0,6_CACTA002,TSS,Inflow,79
100.0,6_CACTA002,TSS,Inflow,79
163.0,6_CACTA002,TSS,Inflow,79
57.0,6_CACTA002,TSS,Inflow,79
44.0,6_CACTA002,TSS,Inflow,79
85.0,6_CACTA002,TSS,Inflow,80
155.0,6_CACTA002,TSS,Inflow,80
94.0,6_CACTA002,TSS,Inflow,80
39.0,6_CACTA002,TSS,Inflow,80
70.0,6_CACTA002,TSS,Inflow,80
55.0,6_CACTA002,TSS,Inflow,81
39.0,6_CACTA002,TSS,Inflow,81
70.0,6_CACTA002,TSS,Inflow,81
155.0,6_CACTA002,TSS,Inflow,81
10.0,6_CACTA002,TSS,Inflow,81
94.0,6_CACTA002,TSS,Inflow,82
163.0,6_CACTA002,TSS,Inflow,82
27.0,6_CACTA002,TSS,Inflow,82
100.0,6_CACTA002,TSS,Inflow,82
39.0,6_CACTA002,TSS,Inflow,82
155.0,6_CACTA002,TSS,Inflow,83
10.0,6_CACTA002,TSS,Inflow,83
94.0,6_CACTA002,TSS,Inflow,83
57.0,6_CACTA002,TSS,Inflow,83
57.0,6_CACTA002,TSS,Inflow,83
55.0,6_CACTA002,TSS,Inflow,84
27.0,6_CACTA002,TSS,Inflow,84
85.0,6_CACTA002,TSS,Inflow,84
50.0,6_CACTA002,TSS,Inflow,84
155.0,6_CACTA002,TSS,Inflow,84
31.0,6_CACTA002,TSS,Inflow,85
57.0,6_CACTA002,TSS,Inflow,85
57.0,6_CACTA002,TSS,Inflow,85
163.0,6_CACTA002,TSS,Inflow,85
85.0,6_CACTA002,TSS,Inflow,85
155.0,6_CACTA002,TSS,Inflow,86
94.0,6_CACTA002,TSS,Inflow,86
57.0,6_CACTA002,TSS,Inflow,86
27.0,6_CACTA002,TSS,Inflow,86
163.0,6_CACTA002,TSS,Inflow,86
27.0,6_CACTA002,TSS,Inflow,87
100.0,6_CACTA002,TSS,Inflow,87
155.0,6_CACTA002,TSS,Inflow,87
31.0,6_CACTA002,TSS,Inflow,87
44.0,6_CACTA002,TSS,Inflow,87
163.0,6_CACTA002,TSS,Inflow,88
57.0,6_CACTA002,TSS,Inflow,88
31.0,6_CACTA002,TSS,Inflow,88
100.0,6_CACTA002,TSS,Inflow,88
94.0,6_CACTA002,TSS,Inflow,88
10.0,6_CACTA002,TSS,Inflow,89
70.0,6_CACTA002,TSS,Inflow,89
57.0,6_CACTA002,TSS,Inflow,89
163.0,6_CACTA002,TSS,Inflow,89
39.0,6_CACTA002,TSS,Inflow,89
27.0,6_CACTA002,TSS,Inflow,90
85.0,6_CACTA002,TSS,Inflow,90
155.0,6_CACTA002,TSS,Inflow,90
100.0,6_CACTA002,TSS,Inflow,90
10.0,6_CACTA002,TSS,Inflow,90
155.0,6_CACTA002,TSS,Inflow,91
10.0,6_CACTA002,TSS,Inflow,91
39.0,6_CACTA002,TSS,Inflow,91
100.0,6_CACTA002,TSS,Inflow,91
57.0,6_CACTA002,TSS,Inflow,91
85.0,6_CACTA002,TSS,Inflow,92
31.0,6_CACTA002,TSS,Inflow,92
163.0,6_CACTA002,TSS,Inflow,92
57.0,6_CACTA002,TSS,Inflow,92
100.0,6_CACTA002,TSS,Inflow,92
100.0,6_CACTA002,TSS,Inflow,93
85.0,6_CACTA002,TSS,Inflow,93
70.0,6_CACTA002,TSS,Inflow,93
57.0,6_CACTA002,TSS,Inflow,93
55.0,6_CACTA002,TSS,Inflow,93
50.0,6_CACTA002,TSS,Inflow,94
94.0,6_CACTA002,TSS,Inflow,94
55.0,6_CACTA002,TSS,Inflow,94
57.0,6_CACTA002,TSS,Inflow,94
44.0,6_CACTA002,TSS,Inflow,94
44.0,6_CACTA002,TSS,Inflow,95
55.0,6_CACTA002,TSS,Inflow,95
27.0,6_CACTA002,TSS,Inflow,95
57.0,6_CACTA002,TSS,Inflow,95
70.0,6_CACTA002,TSS,Inflow,95
94.0,6_CACTA002,TSS,Inflow,96
100.0,6_CACTA002,TSS,Inflow,96
31.0,6_CACTA002,TSS,Inflow,96
57.0,6_CACTA002,TSS,Inflow,96
27.0,6_CACTA002,TSS,Inflow,96
27.0,6_CACTA002,TSS,Inflow,97
57.0,6_CACTA002,TSS,Inflow,97
10.0,6_CACTA002,TSS,Inflow,97
44.0,6_CACTA002,TSS,Inflow,97
50.0,6_CACTA002,TSS,Inflow,97
27.0,6_CACTA002,TSS,Inflow,98
70.0,6_CACTA002,TSS,Inflow,98
100.0,6_CACTA002,TSS,Inflow,98
57.0,6_CACTA002,TSS,Inflow,98
94.0,6_CACTA002,TSS,Inflow,98
31.0,6_CACTA002,TSS,Inflow,99
155.0,6_CACTA002,TSS,Inflow,99
27.0,6_CACTA002,TSS,Inflow,99
39.0,6_CACTA002,TSS,Inflow,99
57.0,6_CACTA002,TSS,Inflow,99
31.0,6_CACTA002,TSS,Inflow,100
44.0,6_CACTA002,TSS,Inflow,100
10.0,6_CACTA002,TSS,Inflow,100
50.0,6_CACTA002,TSS,Inflow,100
57.0,6_CACTA002,TSS,Inflow,100
57.0,6_CACTA002,TSS,Inflow,101
100.0,6_CACTA002,TSS,Inflow,101
27.0,6_CACTA002,TSS,Inflow,101
94.0,6_CACTA002,TSS,Inflow,101
10.0,6_CACTA002,TSS,Inflow,101
39.0,6_CACTA002,TSS,Inflow,102
57.0,6_CACTA002,TSS,Inflow,102
155.0,6_CACTA002,TSS,Inflow,102
100.0,6_CACTA002,TSS,Inflow,102
163.0,6_CACTA002,TSS,Inflow,102
57.0,6_CACTA002,TSS,Inflow,103
85.0,6_CACTA002,TSS,Inflow,103
155.0,6_CACTA002,TSS,Inflow,103
57.0,6_CACTA002,TSS,Inflow,103
94.0,6_CACTA002,TSS,Inflow,103
10.0,6_CACTA002,TSS,Inflow,104
27.0,6_CACTA002,TSS,Inflow,104
39.0,6_CACTA002,TSS,Inflow,104
100.0,6_CACTA002,TSS,Inflow,104
70.0,6_CACTA002,TSS,Inflow,104
70.0,6_CACTA002,TSS,Inflow,105
44.0,6_CACTA002,TSS,Inflow,105
55.0,6_CACTA002,TSS,Inflow,105
31.0,6_CACTA002,TSS,Inflow,105
163.0,6_CACTA002,TSS,Inflow,105
27.0,6_CACTA002,TSS,Inflow,106
155.0,6_CACTA002,TSS,Inflow,106
44.0,6_CACTA002,TSS,Inflow,106
31.0,6_CACTA002,TSS,Inflow,106
10.0,6_CACTA002,TSS,Inflow,106
31.0,6_CACTA002,TSS,Inflow,107
94.0,6_CACTA002,TSS,Inflow,107
155.0,6_CACTA002,TSS,Inflow,107
100.0,6_CACTA002,TSS,Inflow,107
57.0,6_CACTA002,TSS,Inflow,107
39.0,6_CACTA002,TSS,Inflow,108
57.0,6_CACTA002,TSS,Inflow,108
85.0,6_CACTA002,TSS,Inflow,108
55.0,6_CACTA002,TSS,Inflow,108
10.0,6_CACTA002,TSS,Inflow,108
44.0,6_CACTA002,TSS,Inflow,109
50.0,6_CACTA002,TSS,Inflow,109
155.0,6_CACTA002,TSS,Inflow,109
39.0,6_CACTA002,TSS,Inflow,109
27.0,6_CACTA002,TSS,Inflow,109
57.0,6_CACTA002,TSS,Inflow,110
55.0,6_CACTA002,TSS,Inflow,110
100.0,6_CACTA002,TSS,Inflow,110
57.0,6_CACTA002,TSS,Inflow,110
163.0,6_CACTA002,TSS,Inflow,110
39.0,6_CACTA002,TSS,Inflow,111
44.0,6_CACTA002,TSS,Inflow,111
163.0,6_CACTA002,TSS,Inflow,111
57.0,6_CACTA002,TSS,Inflow,111
100.0,6_CACTA002,TSS,Inflow,111
155.0,6_CACTA002,TSS,Inflow,112
39.0,6_CACTA002,TSS,Inflow,112
31.0,6_CACTA002,TSS,Inflow,112
44.0,6_CACTA002,TSS,Inflow,112
57.0,6_CACTA002,TSS,Inflow,112
100.0,6_CACTA002,TSS,Inflow,113
155.0,6_CACTA002,TSS,Inflow,113
85.0,6_CACTA002,TSS,Inflow,113
55.0,6_CACTA002,TSS,Inflow,113
163.0,6_CACTA002,TSS,Inflow,113
155.0,6_CACTA002,TSS,Inflow,114
57.0,6_CACTA002,TSS,Inflow,114
163.0,6_CACTA002,TSS,Inflow,114
44.0,6_CACTA002,TSS,Inflow,114
31.0,6_CACTA002,TSS,Inflow,114
163.0,6_CACTA002,TSS,Inflow,115
155.0,6_CACTA002,TSS,Inflow,115
44.0,6_CACTA002,TSS,Inflow,115
31.0,6_CACTA002,TSS,Inflow,115
70.0,6_CACTA002,TSS,Inflow,115
31.0,6_CACTA002,TSS,Inflow,116
57.0,6_CACTA002,TSS,Inflow,116
55.0,6_CACTA002,TSS,Inflow,116
44.0,6_CACTA002,TSS,Inflow,116
163.0,6_CACTA002,TSS,Inflow,116
94.0,6_CACTA002,TSS,Inflow,117
155.0,6_CACTA002,TSS,Inflow,117
100.0,6_CACTA002,TSS,Inflow,117
44.0,6_CACTA002,TSS,Inflow,117
163.0,6_CACTA002,TSS,Inflow,117
57.0,6_CACTA002,TSS,Inflow,118
94.0,6_CACTA002,TSS,Inflow,118
55.0,6_CACTA002,TSS,Inflow,118
27.0,6_CACTA002,TSS,Inflow,118
70.0,6_CACTA002,TSS,Inflow,118
55.0,6_CACTA002,TSS,Inflow,119
31.0,6_CACTA002,TSS,Inflow,119
94.0,6_CACTA002,TSS,Inflow,119
155.0,6_CACTA002,TSS,Inflow,119
39.0,6_CACTA002,TSS,Inflow,119
27.0,6_CACTA002,TSS,Inflow,120
55.0,6_CACTA002,TSS,Inflow,120
57.0,6_CACTA002,TSS,Inflow,120
100.0,6_CACTA002,TSS,Inflow,120
94.0,6_CACTA002,TSS,Inflow,120
27.0,6_CACTA002,TSS,Inflow,121
94.0,6_CACTA002,TSS,Inflow,121
155.0,6_CACTA002,TSS,Inflow,121
163.0,6_CACTA002,TSS,Inflow,121
10.0,6_CACTA002,TSS,Inflow,121
155.0,6_CACTA002,TSS,Inflow,122
85.0,6_CACTA002,TSS,Inflow,122
50.0,6_CACTA002,TSS,Inflow,122
57.0,6_CACTA002,TSS,Inflow,122
163.0,6_CACTA002,TSS,Inflow,122
85.0,6_CACTA002,TSS,Inflow,123
10.0,6_CACTA002,TSS,Inflow,123
44.0,6_CACTA002,TSS,Inflow,123
27.0,6_CACTA002,TSS,Inflow,123
70.0,6_CACTA002,TSS,Inflow,123
31.0,6_CACTA002,TSS,Inflow,124
44.0,6_CACTA002,TSS,Inflow,124
27.0,6_CACTA002,TSS,Inflow,124
57.0,6_CACTA002,TSS,Inflow,124
85.0,6_CACTA002,TSS,Inflow,124
70.0,6_CACTA002,TSS,Inflow,125
44.0,6_CACTA002,TSS,Inflow,125
57.0,6_CACTA002,TSS,Inflow,125
155.0,6_CACTA002,TSS,Inflow,125
163.0,6_CACTA002,TSS,Inflow,125
55.0,6_CACTA002,TSS,Inflow,126
70.0,6_CACTA002,TSS,Inflow,126
57.0,6_CACTA002,TSS,Inflow,126
27.0,6_CACTA002,TSS,Inflow,126
10.0,6_CACTA002,TSS,Inflow,126
10.0,6_CACTA002,TSS,Inflow,127
31.0,6_CACTA002,TSS,Inflow,127
27.0,6_CACTA002,TSS,Inflow,127
57.0,6_CACTA002,TSS,Inflow,127
50.0,6_CACTA002,TSS,Inflow,127
31.0,6_CACTA002,TSS,Inflow,128
70.0,6_CACTA002,TSS,Inflow,128
57.0,6_CACTA002,TSS,Inflow,128
155.0,6_CACTA002,TSS,Inflow,128
100.0,6_CACTA002,TSS,Inflow,128
31.0,6_CACTA002,TSS,Inflow,129
44.0,6_CACTA002,TSS,Inflow,129
163.0,6_CACTA002,TSS,Inflow,129
85.0,6_CACTA002,TSS,Inflow,129
27.0,6_CACTA002,TSS,Inflow,129
57.0,6_CACTA002,TSS,Inflow,130
100.0,6_CACTA002,TSS,Inflow,130
70.0,6_CACTA002,TSS,Inflow,130
57.0,6_CACTA002,TSS,Inflow,130
94.0,6_CACTA002,TSS,Inflow,130
57.0,6_CACTA002,TSS,Inflow,131
70.0,6_CACTA002,TSS,Inflow,131
57.0,6_CACTA002,TSS,Inflow,131
27.0,6_CACTA002,TSS,Inflow,131
100.0,6_CACTA002,TSS,Inflow,131
94.0,6_CACTA002,TSS,Inflow,132
50.0,6_CACTA002,TSS,Inflow,132
10.0,6_CACTA002,TSS,Inflow,132
57.0,6_CACTA002,TSS,Inflow,132
31.0,6_CACTA002,TSS,Inflow,132
31.0,6_CACTA002,TSS,Inflow,133
70.0,6_CACTA002,TSS,Inflow,133
44.0,6_CACTA002,TSS,Inflow,133
27.0,6_CACTA002,TSS,Inflow,133
55.0,6_CACTA002,TSS,Inflow,133
31.0,6_CACTA002,TSS,Inflow,134
39.0,6_CACTA002,TSS,Inflow,134
55.0,6_CACTA002,TSS,Inflow,134
85.0,6_CACTA002,TSS,Inflow,134
50.0,6_CACTA002,TSS,Inflow,134
50.0,6_CACTA002,TSS,Inflow,135
155.0,6_CACTA002,TSS,Inflow,135
27.0,6_CACTA002,TSS,Inflow,135
163.0,6_CACTA002,TSS,Inflow,135
57.0,6_CACTA002,TSS,Inflow,135
39.0,6_CACTA002,TSS,Inflow,136
57.0,6_CACTA002,TSS,Inflow,136
10.0,6_CACTA002,TSS,Inflow,136
31.0,6_CACTA002,TSS,Inflow,136
44.0,6_CACTA002,TSS,Inflow,136
57.0,6_CACTA002,TSS,Inflow,137
70.0,6_CACTA002,TSS,Inflow,137
55.0,6_CACTA002,TSS,Inflow,137
10.0,6_CACTA002,TSS,Inflow,137
100.0,6_CACTA002,TSS,Inflow,137
55.0,6_CACTA002,TSS,Inflow,138
70.0,6_CACTA002,TSS,Inflow,138
100.0,6_CACTA002,TSS,Inflow,138
44.0,6_CACTA002,TSS,Inflow,138
94.0,6_CACTA002,TSS,Inflow,138
94.0,6_CACTA002,TSS,Inflow,139
39.0,6_CACTA002,TSS,Inflow,139
100.0,6_CACTA002,TSS,Inflow,139
10.0,6_CACTA002,TSS,Inflow,139
163.0,6_CACTA002,TSS,Inflow,139
85.0,6_CACTA002,TSS,Inflow,140
39.0,6_CACTA002,TSS,Inflow,140
163.0,6_CACTA002,TSS,Inflow,140
44.0,6_CACTA002,TSS,Inflow,140
57.0,6_CACTA002,TSS,Inflow,140
44.0,6_CACTA002,TSS,Inflow,141
50.0,6_CACTA002,TSS,Inflow,141
27.0,6_CACTA002,TSS,Inflow,141
57.0,6_CACTA002,TSS,Inflow,141
39.0,6_CACTA002,TSS,Inflow,141
44.0,6_CACTA002,TSS,Inflow,142
94.0,6_CACTA002,TSS,Inflow,142
85.0,6_CACTA002,TSS,Inflow,142
27.0,6_CACTA002,TSS,Inflow,142
163.0,6_CACTA002,TSS,Inflow,142
70.0,6_CACTA002,TSS,Inflow,143
50.0,6_CACTA002,TSS,Inflow,143
39.0,6_CACTA002,TSS,Inflow,143
100.0,6_CACTA002,TSS,Inflow,143
57.0,6_CACTA002,TSS,Inflow,143
39.0,6_CACTA002,TSS,Inflow,144
94.0,6_CACTA002,TSS,Inflow,144
44.0,6_CACTA002,TSS,Inflow,144
57.0,6_CACTA002,TSS,Inflow,144
50.0,6_CACTA002,TSS,Inflow,144
94.0,6_CACTA002,TSS,Inflow,145
50.0,6_CACTA002,TSS,Inflow,145
155.0,6_CACTA002,TSS,Inflow,145
163.0,6_CACTA002,TSS,Inflow,145
10.0,6_CACTA002,TSS,Inflow,145
70.0,6_CACTA002,TSS,Inflow,146
39.0,6_CACTA002,TSS,Inflow,146
50.0,6_CACTA002,TSS,Inflow,146
27.0,6_CACTA002,TSS,Inflow,146
57.0,6_CACTA002,TSS,Inflow,146
50.0,6_CACTA002,TSS,Inflow,147
55.0,6_CACTA002,TSS,Inflow,147
27.0,6_CACTA002,TSS,Inflow,147
31.0,6_CACTA002,TSS,Inflow,147
39.0,6_CACTA002,TSS,Inflow,147
31.0,6_CACTA002,TSS,Inflow,148
57.0,6_CACTA002,TSS,Inflow,148
10.0,6_CACTA002,TSS,Inflow,148
100.0,6_CACTA002,TSS,Inflow,148
44.0,6_CACTA002,TSS,Inflow,148
57.0,6_CACTA002,TSS,Inflow,149
50.0,6_CACTA002,TSS,Inflow,149
70.0,6_CACTA002,TSS,Inflow,149
39.0,6_CACTA002,TSS,Inflow,149
163.0,6_CACTA002,TSS,Inflow,149
10.0,6_CACTA002,TSS,Inflow,150
55.0,6_CACTA002,TSS,Inflow,150
94.0,6_CACTA002,TSS,Inflow,150
70.0,6_CACTA002,TSS,Inflow,150
85.0,6_CACTA002,TSS,Inflow,150
31.0,6_CACTA002,TSS,Inflow,151
44.0,6_CACTA002,TSS,Inflow,151
85.0,6_CACTA002,TSS,Inflow,151
57.0,6_CACTA002,TSS,Inflow,151
10.0,6_CACTA002,TSS,Inflow,151
50.0,6_CACTA002,TSS,Inflow,152
55.0,6_CACTA002,TSS,Inflow,152
163.0,6_CACTA002,TSS,Inflow,152
155.0,6_CACTA002,TSS,Inflow,152
10.0,6_CACTA002,TSS,Inflow,152
57.0,6_CACTA002,TSS,Inflow,153
10.0,6_CACTA002,TSS,Inflow,153
39.0,6_CACTA002,TSS,Inflow,153
31.0,6_CACTA002,TSS,Inflow,153
27.0,6_CACTA002,TSS,Inflow,153
31.0,6_CACTA002,TSS,Inflow,154
85.0,6_CACTA002,TSS,Inflow,154
155.0,6_CACTA002,TSS,Inflow,154
70.0,6_CACTA002,TSS,Inflow,154
55.0,6_CACTA002,TSS,Inflow,154
100.0,6_CACTA002,TSS,Inflow,155
27.0,6_CACTA002,TSS,Inflow,155
94.0,6_CACTA002,TSS,Inflow,155
39.0,6_CACTA002,TSS,Inflow,155
57.0,6_CACTA002,TSS,Inflow,155
94.0,6_CACTA002,TSS,Inflow,156
10.0,6_CACTA002,TSS,Inflow,156
163.0,6_CACTA002,TSS,Inflow,156
55.0,6_CACTA002,TSS,Inflow,156
70.0,6_CACTA002,TSS,Inflow,156
10.0,6_CACTA002,TSS,Inflow,157
155.0,6_CACTA002,TSS,Inflow,157
85.0,6_CACTA002,TSS,Inflow,157
39.0,6_CACTA002,TSS,Inflow,157
57.0,6_CACTA002,TSS,Inflow,157
39.0,6_CACTA002,TSS,Inflow,158
57.0,6_CACTA002,TSS,Inflow,158
50.0,6_CACTA002,TSS,Inflow,158
55.0,6_CACTA002,TSS,Inflow,158
163.0,6_CACTA002,TSS,Inflow,158
27.0,6_CACTA002,TSS,Inflow,159
163.0,6_CACTA002,TSS,Inflow,159
94.0,6_CACTA002,TSS,Inflow,159
70.0,6_CACTA002,TSS,Inflow,159
44.0,6_CACTA002,TSS,Inflow,159
31.0,6_CACTA002,TSS,Inflow,160
85.0,6_CACTA002,TSS,Inflow,160
163.0,6_CACTA002,TSS,Inflow,160
50.0,6_CACTA002,TSS,Inflow,160
155.0,6_CACTA002,TSS,Inflow,160
70.0,6_CACTA002,TSS,Inflow,161
100.0,6_CACTA002,TSS,Inflow,161
31.0,6_CACTA002,TSS,Inflow,161
57.0,6_CACTA002,TSS,Inflow,161
27.0,6_CACTA002,TSS,Inflow,161
155.0,6_CACTA002,TSS,Inflow,162
50.0,6_CACTA002,TSS,Inflow,162
27.0,6_CACTA002,TSS,Inflow,162
94.0,6_CACTA002,TSS,Inflow,162
163.0,6_CACTA002,TSS,Inflow,162
70.0,6_CACTA002,TSS,Inflow,163
100.0,6_CACTA002,TSS,Inflow,163
39.0,6_CACTA002,TSS,Inflow,163
94.0,6_CACTA002,TSS,Inflow,163
10.0,6_CACTA002,TSS,Inflow,163
27.0,6_CACTA002,TSS,Inflow,164
100.0,6_CACTA002,TSS,Inflow,164
85.0,6_CACTA002,TSS,Inflow,164
50.0,6_CACTA002,TSS,Inflow,164
94.0,6_CACTA002,TSS,Inflow,164
70.0,6_CACTA002,TSS,Inflow,165
39.0,6_CACTA002,TSS,Inflow,165
94.0,6_CACTA002,TSS,Inflow,165
10.0,6_CACTA002,TSS,Inflow,165
44.0,6_CACTA002,TSS,Inflow,165
57.0,6_CACTA002,TSS,Inflow,166
27.0,6_CACTA002,TSS,Inflow,166
155.0,6_CACTA002,TSS,Inflow,166
10.0,6_CACTA002,TSS,Inflow,166
57.0,6_CACTA002,TSS,Inflow,166
39.0,6_CACTA002,TSS,Inflow,167
10.0,6_CACTA002,TSS,Inflow,167
44.0,6_CACTA002,TSS,Inflow,167
50.0,6_CACTA002,TSS,Inflow,167
163.0,6_CACTA002,TSS,Inflow,167
100.0,6_CACTA002,TSS,Inflow,168
155.0,6_CACTA002,TSS,Inflow,168
44.0,6_CACTA002,TSS,Inflow,168
57.0,6_CACTA002,TSS,Inflow,168
27.0,6_CACTA002,TSS,Inflow,168
55.0,6_CACTA002,TSS,Inflow,169
50.0,6_CACTA002,TSS,Inflow,169
100.0,6_CACTA002,TSS,Inflow,169
155.0,6_CACTA002,TSS,Inflow,169
85.0,6_CACTA002,TSS,Inflow,169
163.0,6_CACTA002,TSS,Inflow,170
50.0,6_CACTA002,TSS,Inflow,170
10.0,6_CACTA002,TSS,Inflow,170
100.0,6_CACTA002,TSS,Inflow,170
57.0,6_CACTA002,TSS,Inflow,170
85.0,6_CACTA002,TSS,Inflow,171
100.0,6_CACTA002,TSS,Inflow,171
55.0,6_CACTA002,TSS,Inflow,171
39.0,6_CACTA002,TSS,Inflow,171
57.0,6_CACTA002,TSS,Inflow,171
94.0,6_CACTA002,TSS,Inflow,172
39.0,6_CACTA002,TSS,Inflow,172
10.0,6_CACTA002,TSS,Inflow,172
44.0,6_CACTA002,TSS,Inflow,172
55.0,6_CACTA002,TSS,Inflow,172
94.0,6_CACTA002,TSS,Inflow,173
57.0,6_CACTA002,TSS,Inflow,173
163.0,6_CACTA002,TSS,Inflow,173
55.0,6_CACTA002,TSS,Inflow,173
57.0,6_CACTA002,TSS,Inflow,173
163.0,6_CACTA002,TSS,Inflow,174
44.0,6_CACTA002,TSS,Inflow,174
55.0,6_CACTA002,TSS,Inflow,174
39.0,6_CACTA002,TSS,Inflow,174
57.0,6_CACTA002,TSS,Inflow,174
27.0,6_CACTA002,TSS,Inflow,175
44.0,6_CACTA002,TSS,Inflow,175
163.0,6_CACTA002,TSS,Inflow,175
10.0,6_CACTA002,TSS,Inflow,175
57.0,6_CACTA002,TSS,Inflow,175
10.0,6_CACTA002,TSS,Inflow,176
94.0,6_CACTA002,TSS,Inflow,176
50.0,6_CACTA002,TSS,Inflow,176
31.0,6_CACTA002,TSS,Inflow,176
70.0,6_CACTA002,TSS,Inflow,176
100.0,6_CACTA002,TSS,Inflow,177
57.0,6_CACTA002,TSS,Inflow,177
50.0,6_CACTA002,TSS,Inflow,177
39.0,6_CACTA002,TSS,Inflow,177
163.0,6_CACTA002,TSS,Inflow,177
163.0,6_CACTA002,TSS,Inflow,178
55.0,6_CACTA002,TSS,Inflow,178
50.0,6_CACTA002,TSS,Inflow,178
94.0,6_CACTA002,TSS,Inflow,178
57.0,6_CACTA002,TSS,Inflow,178
94.0,6_CACTA002,TSS,Inflow,179
27.0,6_CACTA002,TSS,Inflow,179
44.0,6_CACTA002,TSS,Inflow,179
50.0,6_CACTA002,TSS,Inflow,179
55.0,6_CACTA002,TSS,Inflow,179
94.0,6_CACTA002,TSS,Inflow,180
85.0,6_CACTA002,TSS,Inflow,180
155.0,6_CACTA002,TSS,Inflow,180
39.0,6_CACTA002,TSS,Inflow,180
57.0,6_CACTA002,TSS,Inflow,180
39.0,6_CACTA002,TSS,Inflow,181
10.0,6_CACTA002,TSS,Inflow,181
31.0,6_CACTA002,TSS,Inflow,181
85.0,6_CACTA002,TSS,Inflow,181
163.0,6_CACTA002,TSS,Inflow,181
100.0,6_CACTA002,TSS,Inflow,182
155.0,6_CACTA002,TSS,Inflow,182
70.0,6_CACTA002,TSS,Inflow,182
39.0,6_CACTA002,TSS,Inflow,182
31.0,6_CACTA002,TSS,Inflow,182
70.0,6_CACTA002,TSS,Inflow,183
57.0,6_CACTA002,TSS,Inflow,183
155.0,6_CACTA002,TSS,Inflow,183
39.0,6_CACTA002,TSS,Inflow,183
94.0,6_CACTA002,TSS,Inflow,183
57.0,6_CACTA002,TSS,Inflow,184
57.0,6_CACTA002,TSS,Inflow,184
163.0,6_CACTA002,TSS,Inflow,184
55.0,6_CACTA002,TSS,Inflow,184
100.0,6_CACTA002,TSS,Inflow,184
57.0,6_CACTA002,TSS,Inflow,185
100.0,6_CACTA002,TSS,Inflow,185
10.0,6_CACTA002,TSS,Inflow,185
155.0,6_CACTA002,TSS,Inflow,185
163.0,6_CACTA002,TSS,Inflow,185
57.0,6_CACTA002,TSS,Inflow,186
39.0,6_CACTA002,TSS,Inflow,186
57.0,6_CACTA002,TSS,Inflow,186
27.0,6_CACTA002,TSS,Inflow,186
10.0,6_CACTA002,TSS,Inflow,186
85.0,6_CACTA002,TSS,Inflow,187
31.0,6_CACTA002,TSS,Inflow,187
70.0,6_CACTA002,TSS,Inflow,187
39.0,6_CACTA002,TSS,Inflow,187
57.0,6_CACTA002,TSS,Inflow,187
55.0,6_CACTA002,TSS,Inflow,188
27.0,6_CACTA002,TSS,Inflow,188
155.0,6_CACTA002,TSS,Inflow,188
39.0,6_CACTA002,TSS,Inflow,188
85.0,6_CACTA002,TSS,Inflow,188
100.0,6_CACTA002,TSS,Inflow,189
39.0,6_CACTA002,TSS,Inflow,189
55.0,6_CACTA002,TSS,Inflow,189
57.0,6_CACTA002,TSS,Inflow,189
10.0,6_CACTA002,TSS,Inflow,189
85.0,6_CACTA002,TSS,Inflow,190
94.0,6_CACTA002,TSS,Inflow,190
27.0,6_CACTA002,TSS,Inflow,190
39.0,6_CACTA002,TSS,Inflow,190
155.0,6_CACTA002,TSS,Inflow,190
27.0,6_CACTA002,TSS,Inflow,191
163.0,6_CACTA002,TSS,Inflow,191
10.0,6_CACTA002,TSS,Inflow,191
85.0,6_CACTA002,TSS,Inflow,191
57.0,6_CACTA002,TSS,Inflow,191
27.0,6_CACTA002,TSS,Inflow,192
31.0,6_CACTA002,TSS,Inflow,192
70.0,6_CACTA002,TSS,Inflow,192
10.0,6_CACTA002,TSS,Inflow,192
39.0,6_CACTA002,TSS,Inflow,192
31.0,6_CACTA002,TSS,Inflow,193
44.0,6_CACTA002,TSS,Inflow,193
10.0,6_CACTA002,TSS,Inflow,193
27.0,6_CACTA002,TSS,Inflow,193
163.0,6_CACTA002,TSS,Inflow,193
55.0,6_CACTA002,TSS,Inflow,194
57.0,6_CACTA002,TSS,Inflow,194
27.0,6_CACTA002,TSS,Inflow,194
10.0,6_CACTA002,TSS,Inflow,194
31.0,6_CACTA002,TSS,Inflow,194
10.0,6_CACTA002,TSS,Inflow,195
44.0,6_CACTA002,TSS,Inflow,195
70.0,6_CACTA002,TSS,Inflow,195
85.0,6_CACTA002,TSS,Inflow,195
163.0,6_CACTA002,TSS,Inflow,195
50.0,6_CACTA002,TSS,Inflow,196
55.0,6_CACTA002,TSS,Inflow,196
70.0,6_CACTA002,TSS,Inflow,196
31.0,6_CACTA002,TSS,Inflow,196
44.0,6_CACTA002,TSS,Inflow,196
10.0,6_CACTA002,TSS,Inflow,197
100.0,6_CACTA002,TSS,Inflow,197
39.0,6_CACTA002,TSS,Inflow,197
163.0,6_CACTA002,TSS,Inflow,197
70.0,6_CACTA002,TSS,Inflow,197
31.0,6_CACTA002,TSS,Inflow,198
44.0,6_CACTA002,TSS,Inflow,198
70.0,6_CACTA002,TSS,Inflow,198
57.0,6_CACTA002,TSS,Inflow,198
155.0,6_CACTA002,TSS,Inflow,198
85.0,6_CACTA002,TSS,Inflow,199
163.0,6_CACTA002,TSS,Inflow,199
70.0,6_CACTA002,TSS,Inflow,199
94.0,6_CACTA002,TSS,Inflow,199
50.0,6_CACTA002,TSS,Inflow,199
163.0,6_CACTA002,TSS,Inflow,200
155.0,6_CACTA002,TSS,Inflow,200
10.0,6_CACTA002,TSS,Inflow,200
57.0,6_CACTA002,TSS,Inflow,200
100.0,6_CACTA002,TSS,Inflow,200
27.0,6_CACTA002,TSS,Inflow,201
100.0,6_CACTA002,TSS,Inflow,201
44.0,6_CACTA002,TSS,Inflow,201
57.0,6_CACTA002,TSS,Inflow,201
85.0,6_CACTA002,TSS,Inflow,201
70.0,6_CACTA002,TSS,Inflow,202
39.0,6_CACTA002,TSS,Inflow,202
100.0,6_CACTA002,TSS,Inflow,202
57.0,6_CACTA002,TSS,Inflow,202
94.0,6_CACTA002,TSS,Inflow,202
70.0,6_CACTA002,TSS,Inflow,203
27.0,6_CACTA002,TSS,Inflow,203
31.0,6_CACTA002,TSS,Inflow,203
57.0,6_CACTA002,TSS,Inflow,203
10.0,6_CACTA002,TSS,Inflow,203
44.0,6_CACTA002,TSS,Inflow,204
163.0,6_CACTA002,TSS,Inflow,204
27.0,6_CACTA002,TSS,Inflow,204
31.0,6_CACTA002,TSS,Inflow,204
39.0,6_CACTA002,TSS,Inflow,204
155.0,6_CACTA002,TSS,Inflow,205
27.0,6_CACTA002,TSS,Inflow,205
31.0,6_CACTA002,TSS,Inflow,205
55.0,6_CACTA002,TSS,Inflow,205
163.0,6_CACTA002,TSS,Inflow,205
39.0,6_CACTA002,TSS,Inflow,206
55.0,6_CACTA002,TSS,Inflow,206
10.0,6_CACTA002,TSS,Inflow,206
57.0,6_CACTA002,TSS,Inflow,206
70.0,6_CACTA002,TSS,Inflow,206
10.0,6_CACTA002,TSS,Inflow,207
27.0,6_CACTA002,TSS,Inflow,207
94.0,6_CACTA002,TSS,Inflow,207
163.0,6_CACTA002,TSS,Inflow,207
39.0,6_CACTA002,TSS,Inflow,207
163.0,6_CACTA002,TSS,Inflow,208
27.0,6_CACTA002,TSS,Inflow,208
55.0,6_CACTA002,TSS,Inflow,208
39.0,6_CACTA002,TSS,Inflow,208
57.0,6_CACTA002,TSS,Inflow,208
55.0,6_CACTA002,TSS,Inflow,209
94.0,6_CACTA002,TSS,Inflow,209
57.0,6_CACTA002,TSS,Inflow,209
85.0,6_CACTA002,TSS,Inflow,209
57.0,6_CACTA002,TSS,Inflow,209
100.0,6_CACTA002,TSS,Inflow,210
94.0,6_CACTA002,TSS,Inflow,210
50.0,6_CACTA002,TSS,Inflow,210
57.0,6_CACTA002,TSS,Inflow,210
70.0,6_CACTA002,TSS,Inflow,210
27.0,6_CACTA002,TSS,Inflow,211
155.0,6_CACTA002,TSS,Inflow,211
163.0,6_CACTA002,TSS,Inflow,211
94.0,6_CACTA002,TSS,Inflow,211
44.0,6_CACTA002,TSS,Inflow,211
50.0,6_CACTA002,TSS,Inflow,212
163.0,6_CACTA002,TSS,Inflow,212
39.0,6_CACTA002,TSS,Inflow,212
10.0,6_CACTA002,TSS,Inflow,212
70.0,6_CACTA002,TSS,Inflow,212
57.0,6_CACTA002,TSS,Inflow,213
155.0,6_CACTA002,TSS,Inflow,213
55.0,6_CACTA002,TSS,Inflow,213
94.0,6_CACTA002,TSS,Inflow,213
70.0,6_CACTA002,TSS,Inflow,213
94.0,6_CACTA002,TSS,Inflow,214
163.0,6_CACTA002,TSS,Inflow,214
31.0,6_CACTA002,TSS,Inflow,214
57.0,6_CACTA002,TSS,Inflow,214
155.0,6_CACTA002,TSS,Inflow,214
163.0,6_CACTA002,TSS,Inflow,215
55.0,6_CACTA002,TSS,Inflow,215
155.0,6_CACTA002,TSS,Inflow,215
85.0,6_CACTA002,TSS,Inflow,215
10.0,6_CACTA002,TSS,Inflow,215
27.0,6_CACTA002,TSS,Inflow,216
44.0,6_CACTA002,TSS,Inflow,216
94.0,6_CACTA002,TSS,Inflow,216
155.0,6_CACTA002,TSS,Inflow,216
39.0,6_CACTA002,TSS,Inflow,216
100.0,6_CACTA002,TSS,Inflow,217
57.0,6_CACTA002,TSS,Inflow,217
70.0,6_CACTA002,TSS,Inflow,217
27.0,6_CACTA002,TSS,Inflow,217
163.0,6_CACTA002,TSS,Inflow,217
44.0,6_CACTA002,TSS,Inflow,218
57.0,6_CACTA002,TSS,Inflow,218
10.0,6_CACTA002,TSS,Inflow,218
100.0,6_CACTA002,TSS,Inflow,218
55.0,6_CACTA002,TSS,Inflow,218
39.0,6_CACTA002,TSS,Inflow,219
57.0,6_CACTA002,TSS,Inflow,219
44.0,6_CACTA002,TSS,Inflow,219
10.0,6_CACTA002,TSS,Inflow,219
100.0,6_CACTA002,TSS,Inflow,219
94.0,6_CACTA002,TSS,Inflow,220
55.0,6_CACTA002,TSS,Inflow,220
155.0,6_CACTA002,TSS,Inflow,220
85.0,6_CACTA002,TSS,Inflow,220
44.0,6_CACTA002,TSS,Inflow,220
70.0,6_CACTA002,TSS,Inflow,221
31.0,6_CACTA002,TSS,Inflow,221
57.0,6_CACTA002,TSS,Inflow,221
57.0,6_CACTA002,TSS,Inflow,221
50.0,6_CACTA002,TSS,Inflow,221
94.0,6_CACTA002,TSS,Inflow,222
57.0,6_CACTA002,TSS,Inflow,222
163.0,6_CACTA002,TSS,Inflow,222
27.0,6_CACTA002,TSS,Inflow,222
57.0,6_CACTA002,TSS,Inflow,222
27.0,6_CACTA002,TSS,Inflow,223
57.0,6_CACTA002,TSS,Inflow,223
94.0,6_CACTA002,TSS,Inflow,223
44.0,6_CACTA002,TSS,Inflow,223
55.0,6_CACTA002,TSS,Inflow,223
85.0,6_CACTA002,TSS,Inflow,224
50.0,6_CACTA002,TSS,Inflow,224
163.0,6_CACTA002,TSS,Inflow,224
94.0,6_CACTA002,TSS,Inflow,224
70.0,6_CACTA002,TSS,Inflow,224
31.0,6_CACTA002,TSS,Inflow,225
10.0,6_CACTA002,TSS,Inflow,225
85.0,6_CACTA002,TSS,Inflow,225
100.0,6_CACTA002,TSS,Inflow,225
44.0,6_CACTA002,TSS,Inflow,225
31.0,6_CACTA002,TSS,Inflow,226
10.0,6_CACTA002,TSS,Inflow,226
155.0,6_CACTA002,TSS,Inflow,226
39.0,6_CACTA002,TSS,Inflow,226
27.0,6_CACTA002,TSS,Inflow,226
50.0,6_CACTA002,TSS,Inflow,227
163.0,6_CACTA002,TSS,Inflow,227
55.0,6_CACTA002,TSS,Inflow,227
31.0,6_CACTA002,TSS,Inflow,227
94.0,6_CACTA002,TSS,Inflow,227
57.0,6_CACTA002,TSS,Inflow,228
44.0,6_CACTA002,TSS,Inflow,228
85.0,6_CACTA002,TSS,Inflow,228
27.0,6_CACTA002,TSS,Inflow,228
31.0,6_CACTA002,TSS,Inflow,228
10.0,6_CACTA002,TSS,Inflow,229
57.0,6_CACTA002,TSS,Inflow,229
155.0,6_CACTA002,TSS,Inflow,229
57.0,6_CACTA002,TSS,Inflow,229
70.0,6_CACTA002,TSS,Inflow,229
163.0,6_CACTA002,TSS,Inflow,230
44.0,6_CACTA002,TSS,Inflow,230
155.0,6_CACTA002,TSS,Inflow,230
85.0,6_CACTA002,TSS,Inflow,230
100.0,6_CACTA002,TSS,Inflow,230
70.0,6_CACTA002,TSS,Inflow,231
27.0,6_CACTA002,TSS,Inflow,231
10.0,6_CACTA002,TSS,Inflow,231
163.0,6_CACTA002,TSS,Inflow,231
155.0,6_CACTA002,TSS,Inflow,231
55.0,6_CACTA002,TSS,Inflow,232
57.0,6_CACTA002,TSS,Inflow,232
57.0,6_CACTA002,TSS,Inflow,232
94.0,6_CACTA002,TSS,Inflow,232
155.0,6_CACTA002,TSS,Inflow,232
31.0,6_CACTA002,TSS,Inflow,233
50.0,6_CACTA002,TSS,Inflow,233
85.0,6_CACTA002,TSS,Inflow,233
39.0,6_CACTA002,TSS,Inflow,233
10.0,6_CACTA002,TSS,Inflow,233
100.0,6_CACTA002,TSS,Inflow,234
70.0,6_CACTA002,TSS,Inflow,234
44.0,6_CACTA002,TSS,Inflow,234
31.0,6_CACTA002,TSS,Inflow,234
94.0,6_CACTA002,TSS,Inflow,234
50.0,6_CACTA002,TSS,Inflow,235
100.0,6_CACTA002,TSS,Inflow,235
94.0,6_CACTA002,TSS,Inflow,235
57.0,6_CACTA002,TSS,Inflow,235
44.0,6_CACTA002,TSS,Inflow,235
31.0,6_CACTA002,TSS,Inflow,236
39.0,6_CACTA002,TSS,Inflow,236
27.0,6_CACTA002,TSS,Inflow,236
94.0,6_CACTA002,TSS,Inflow,236
85.0,6_CACTA002,TSS,Inflow,236
44.0,6_CACTA002,TSS,Inflow,237
39.0,6_CACTA002,TSS,Inflow,237
100.0,6_CACTA002,TSS,Inflow,237
55.0,6_CACTA002,TSS,Inflow,237
155.0,6_CACTA002,TSS,Inflow,237
94.0,6_CACTA002,TSS,Inflow,238
39.0,6_CACTA002,TSS,Inflow,238
57.0,6_CACTA002,TSS,Inflow,238
44.0,6_CACTA002,TSS,Inflow,238
55.0,6_CACTA002,TSS,Inflow,238
55.0,6_CACTA002,TSS,Inflow,239
70.0,6_CACTA002,TSS,Inflow,239
100.0,6_CACTA002,TSS,Inflow,239
39.0,6_CACTA002,TSS,Inflow,239
85.0,6_CACTA002,TSS,Inflow,239
44.0,6_CACTA002,TSS,Inflow,240
70.0,6_CACTA002,TSS,Inflow,240
55.0,6_CACTA002,TSS,Inflow,240
94.0,6_CACTA002,TSS,Inflow,240
163.0,6_CACTA002,TSS,Inflow,240
155.0,6_CACTA002,TSS,Inflow,241
55.0,6_CACTA002,TSS,Inflow,241
94.0,6_CACTA002,TSS,Inflow,241
85.0,6_CACTA002,TSS,Inflow,241
39.0,6_CACTA002,TSS,Inflow,241
163.0,6_CACTA002,TSS,Inflow,242
44.0,6_CACTA002,TSS,Inflow,242
100.0,6_CACTA002,TSS,Inflow,242
39.0,6_CACTA002,TSS,Inflow,242
27.0,6_CACTA002,TSS,Inflow,242
10.0,6_CACTA002,TSS,Inflow,243
163.0,6_CACTA002,TSS,Inflow,243
39.0,6_CACTA002,TSS,Inflow,243
55.0,6_CACTA002,TSS,Inflow,243
94.0,6_CACTA002,TSS,Inflow,243
31.0,6_CACTA002,TSS,Inflow,244
44.0,6_CACTA002,TSS,Inflow,244
100.0,6_CACTA002,TSS,Inflow,244
57.0,6_CACTA002,TSS,Inflow,244
50.0,6_CACTA002,TSS,Inflow,244
39.0,6_CACTA002,TSS,Inflow,245
55.0,6_CACTA002,TSS,Inflow,245
85.0,6_CACTA002,TSS,Inflow,245
100.0,6_CACTA002,TSS,Inflow,245
94.0,6_CACTA002,TSS,Inflow,245
44.0,6_CACTA002,TSS,Inflow,246
70.0,6_CACTA002,TSS,Inflow,246
55.0,6_CACTA002,TSS,Inflow,246
94.0,6_CACTA002,TSS,Inflow,246
31.0,6_CACTA002,TSS,Inflow,246
55.0,6_CACTA002,TSS,Inflow,247
44.0,6_CACTA002,TSS,Inflow,247
163.0,6_CACTA002,TSS,Inflow,247
57.0,6_CACTA002,TSS,Inflow,247
39.0,6_CACTA002,TSS,Inflow,247
155.0,6_CACTA002,TSS,Inflow,248
85.0,6_CACTA002,TSS,Inflow,248
39.0,6_CACTA002,TSS,Inflow,248
57.0,6_CACTA002,TSS,Inflow,248
31.0,6_CACTA002,TSS,Inflow,248
94.0,6_CACTA002,TSS,Inflow,249
55.0,6_CACTA002,TSS,Inflow,249
10.0,6_CACTA002,TSS,Inflow,249
85.0,6_CACTA002,TSS,Inflow,249
57.0,6_CACTA002,TSS,Inflow,249
155.0,6_CACTA002,TSS,Inflow,250
57.0,6_CACTA002,TSS,Inflow,250
85.0,6_CACTA002,TSS,Inflow,250
44.0,6_CACTA002,TSS,Inflow,250
163.0,6_CACTA002,TSS,Inflow,250
57.0,6_CACTA002,TSS,Inflow,251
39.0,6_CACTA002,TSS,Inflow,251
70.0,6_CACTA002,TSS,Inflow,251
57.0,6_CACTA002,TSS,Inflow,251
31.0,6_CACTA002,TSS,Inflow,251
27.0,6_CACTA002,TSS,Inflow,252
39.0,6_CACTA002,TSS,Inflow,252
31.0,6_CACTA002,TSS,Inflow,252
70.0,6_CACTA002,TSS,Inflow,252
44.0,6_CACTA002,TSS,Inflow,252
155.0,6_CACTA002,TSS,Inflow,253
39.0,6_CACTA002,TSS,Inflow,253
57.0,6_CACTA002,TSS,Inflow,253
94.0,6_CACTA002,TSS,Inflow,253
55.0,6_CACTA002,TSS,Inflow,253
10.0,6_CACTA002,TSS,Inflow,254
163.0,6_CACTA002,TSS,Inflow,254
57.0,6_CACTA002,TSS,Inflow,254
57.0,6_CACTA002,TSS,Inflow,254
70.0,6_CACTA002,TSS,Inflow,254
163.0,6_CACTA002,TSS,Inflow,255
70.0,6_CACTA002,TSS,Inflow,255
57.0,6_CACTA002,TSS,Inflow,255
10.0,6_CACTA002,TSS,Inflow,255
94.0,6_CACTA002,TSS,Inflow,255
55.0,6_CACTA002,TSS,Inflow,256
94.0,6_CACTA002,TSS,Inflow,256
27.0,6_CACTA002,TSS,Inflow,256
10.0,6_CACTA002,TSS,Inflow,256
44.0,6_CACTA002,TSS,Inflow,256
70.0,6_CACTA002,TSS,Inflow,257
10.0,6_CACTA002,TSS,Inflow,257
155.0,6_CACTA002,TSS,Inflow,257
31.0,6_CACTA002,TSS,Inflow,257
55.0,6_CACTA002,TSS,Inflow,257
27.0,6_CACTA002,TSS,Inflow,258
57.0,6_CACTA002,TSS,Inflow,258
10.0,6_CACTA002,TSS,Inflow,258
57.0,6_CACTA002,TSS,Inflow,258
94.0,6_CACTA002,TSS,Inflow,258
50.0,6_CACTA002,TSS,Inflow,259
57.0,6_CACTA002,TSS,Inflow,259
155.0,6_CACTA002,TSS,Inflow,259
55.0,6_CACTA002,TSS,Inflow,259
57.0,6_CACTA002,TSS,Inflow,259
44.0,6_CACTA002,TSS,Inflow,260
70.0,6_CACTA002,TSS,Inflow,260
100.0,6_CACTA002,TSS,Inflow,260
31.0,6_CACTA002,TSS,Inflow,260
57.0,6_CACTA002,TSS,Inflow,260
39.0,6_CACTA002,TSS,Inflow,261
57.0,6_CACTA002,TSS,Inflow,261
44.0,6_CACTA002,TSS,Inflow,261
57.0,6_CACTA002,TSS,Inflow,261
27.0,6_CACTA002,TSS,Inflow,261
44.0,6_CACTA002,TSS,Inflow,262
155.0,6_CACTA002,TSS,Inflow,262
39.0,6_CACTA002,TSS,Inflow,262
31.0,6_CACTA002,TSS,Inflow,262
100.0,6_CACTA002,TSS,Inflow,262
85.0,6_CACTA002,TSS,Inflow,263
155.0,6_CACTA002,TSS,Inflow,263
163.0,6_CACTA002,TSS,Inflow,263
100.0,6_CACTA002,TSS,Inflow,263
55.0,6_CACTA002,TSS,Inflow,263
44.0,6_CACTA002,TSS,Inflow,264
85.0,6_CACTA002,TSS,Inflow,264
31.0,6_CACTA002,TSS,Inflow,264
155.0,6_CACTA002,TSS,Inflow,264
57.0,6_CACTA002,TSS,Inflow,264
70.0,6_CACTA002,TSS,Inflow,265
50.0,6_CACTA002,TSS,Inflow,265
44.0,6_CACTA002,TSS,Inflow,265
39.0,6_CACTA002,TSS,Inflow,265
57.0,6_CACTA002,TSS,Inflow,265
55.0,6_CACTA002,TSS,Inflow,266
50.0,6_CACTA002,TSS,Inflow,266
10.0,6_CACTA002,TSS,Inflow,266
44.0,6_CACTA002,TSS,Inflow,266
57.0,6_CACTA002,TSS,Inflow,266
94.0,6_CACTA002,TSS,Inflow,267
39.0,6_CACTA002,TSS,Inflow,267
55.0,6_CACTA002,TSS,Inflow,267
155.0,6_CACTA002,TSS,Inflow,267
85.0,6_CACTA002,TSS,Inflow,267
94.0,6_CACTA002,TSS,Inflow,268
100.0,6_CACTA002,TSS,Inflow,268
44.0,6_CACTA002,TSS,Inflow,268
85.0,6_CACTA002,TSS,Inflow,268
57.0,6_CACTA002,TSS,Inflow,268
57.0,6_CACTA002,TSS,Inflow,269
155.0,6_CACTA002,TSS,Inflow,269
44.0,6_CACTA002,TSS,Inflow,269
94.0,6_CACTA002,TSS,Inflow,269
100.0,6_CACTA002,TSS,Inflow,269
57.0,6_CACTA002,TSS,Inflow,270
55.0,6_CACTA002,TSS,Inflow,270
70.0,6_CACTA002,TSS,Inflow,270
155.0,6_CACTA002,TSS,Inflow,270
85.0,6_CACTA002,TSS,Inflow,270
27.0,6_CACTA002,TSS,Inflow,271
94.0,6_CACTA002,TSS,Inflow,271
31.0,6_CACTA002,TSS,Inflow,271
57.0,6_CACTA002,TSS,Inflow,271
155.0,6_CACTA002,TSS,Inflow,271
50.0,6_CACTA002,TSS,Inflow,272
57.0,6_CACTA002,TSS,Inflow,272
94.0,6_CACTA002,TSS,Inflow,272
55.0,6_CACTA002,TSS,Inflow,272
44.0,6_CACTA002,TSS,Inflow,272
70.0,6_CACTA002,TSS,Inflow,273
163.0,6_CACTA002,TSS,Inflow,273
50.0,6_CACTA002,TSS,Inflow,273
155.0,6_CACTA002,TSS,Inflow,273
55.0,6_CACTA002,TSS,Inflow,273
55.0,6_CACTA002,TSS,Inflow,274
155.0,6_CACTA002,TSS,Inflow,274
27.0,6_CACTA002,TSS,Inflow,274
44.0,6_CACTA002,TSS,Inflow,274
57.0,6_CACTA002,TSS,Inflow,274
31.0,6_CACTA002,TSS,Inflow,275
50.0,6_CACTA002,TSS,Inflow,275
100.0,6_CACTA002,TSS,Inflow,275
163.0,6_CACTA002,TSS,Inflow,275
155.0,6_CACTA002,TSS,Inflow,275
50.0,6_CACTA002,TSS,Inflow,276
94.0,6_CACTA002,TSS,Inflow,276
155.0,6_CACTA002,TSS,Inflow,276
57.0,6_CACTA002,TSS,Inflow,276
85.0,6_CACTA002,TSS,Inflow,276
27.0,6_CACTA002,TSS,Inflow,277
44.0,6_CACTA002,TSS,Inflow,277
31.0,6_CACTA002,TSS,Inflow,277
50.0,6_CACTA002,TSS,Inflow,277
100.0,6_CACTA002,TSS,Inflow,277
163.0,6_CACTA002,TSS,Inflow,278
70.0,6_CACTA002,TSS,Inflow,278
31.0,6_CACTA002,TSS,Inflow,278
55.0,6_CACTA002,TSS,Inflow,278
10.0,6_CACTA002,TSS,Inflow,278
155.0,6_CACTA002,TSS,Inflow,279
57.0,6_CACTA002,TSS,Inflow,279
55.0,6_CACTA002,TSS,Inflow,279
85.0,6_CACTA002,TSS,Inflow,279
57.0,6_CACTA002,TSS,Inflow,279
50.0,6_CACTA002,TSS,Inflow,280
27.0,6_CACTA002,TSS,Inflow,280
55.0,6_CACTA002,TSS,Inflow,280
163.0,6_CACTA002,TSS,Inflow,280
100.0,6_CACTA002,TSS,Inflow,280
94.0,6_CACTA002,TSS,Inflow,281
100.0,6_CACTA002,TSS,Inflow,281
57.0,6_CACTA002,TSS,Inflow,281
44.0,6_CACTA002,TSS,Inflow,281
70.0,6_CACTA002,TSS,Inflow,281
85.0,6_CACTA002,TSS,Inflow,282
55.0,6_CACTA002,TSS,Inflow,282
155.0,6_CACTA002,TSS,Inflow,282
39.0,6_CACTA002,TSS,Inflow,282
57.0,6_CACTA002,TSS,Inflow,282
57.0,6_CACTA002,TSS,Inflow,283
50.0,6_CACTA002,TSS,Inflow,283
70.0,6_CACTA002,TSS,Inflow,283
10.0,6_CACTA002,TSS,Inflow,283
31.0,6_CACTA002,TSS,Inflow,283
155.0,6_CACTA002,TSS,Inflow,284
163.0,6_CACTA002,TSS,Inflow,284
57.0,6_CACTA002,TSS,Inflow,284
39.0,6_CACTA002,TSS,Inflow,284
94.0,6_CACTA002,TSS,Inflow,284
85.0,6_CACTA002,TSS,Inflow,285
94.0,6_CACTA002,TSS,Inflow,285
27.0,6_CACTA002,TSS,Inflow,285
10.0,6_CACTA002,TSS,Inflow,285
163.0,6_CACTA002,TSS,Inflow,285
70.0,6_CACTA002,TSS,Inflow,286
163.0,6_CACTA002,TSS,Inflow,286
100.0,6_CACTA002,TSS,Inflow,286
85.0,6_CACTA002,TSS,Inflow,286
31.0,6_CACTA002,TSS,Inflow,286
57.0,6_CACTA002,TSS,Inflow,287
155.0,6_CACTA002,TSS,Inflow,287
94.0,6_CACTA002,TSS,Inflow,287
10.0,6_CACTA002,TSS,Inflow,287
70.0,6_CACTA002,TSS,Inflow,287
10.0,6_CACTA002,TSS,Inflow,288
31.0,6_CACTA002,TSS,Inflow,288
27.0,6_CACTA002,TSS,Inflow,288
85.0,6_CACTA002,TSS,Inflow,288
50.0,6_CACTA002,TSS,Inflow,288
163.0,6_CACTA002,TSS,Inflow,289
27.0,6_CACTA002,TSS,Inflow,289
57.0,6_CACTA002,TSS,Inflow,289
155.0,6_CACTA002,TSS,Inflow,289
57.0,6_CACTA002,TSS,Inflow,289
57.0,6_CACTA002,TSS,Inflow,290
50.0,6_CACTA002,TSS,Inflow,290
39.0,6_CACTA002,TSS,Inflow,290
27.0,6_CACTA002,TSS,Inflow,290
57.0,6_CACTA002,TSS,Inflow,290
55.0,6_CACTA002,TSS,Inflow,291
50.0,6_CACTA002,TSS,Inflow,291
94.0,6_CACTA002,TSS,Inflow,291
155.0,6_CACTA002,TSS,Inflow,291
57.0,6_CACTA002,TSS,Inflow,291
57.0,6_CACTA002,TSS,Inflow,292
100.0,6_CACTA002,TSS,Inflow,292
31.0,6_CACTA002,TSS,Inflow,292
27.0,6_CACTA002,TSS,Inflow,292
44.0,6_CACTA002,TSS,Inflow,292
50.0,6_CACTA002,TSS,Inflow,293
70.0,6_CACTA002,TSS,Inflow,293
85.0,6_CACTA002,TSS,Inflow,293
163.0,6_CACTA002,TSS,Inflow,293
39.0,6_CACTA002,TSS,Inflow,293
50.0,6_CACTA002,TSS,Inflow,294
94.0,6_CACTA002,TSS,Inflow,294
31.0,6_CACTA002,TSS,Inflow,294
57.0,6_CACTA002,TSS,Inflow,294
155.0,6_CACTA002,TSS,Inflow,294
27.0,6_CACTA002,TSS,Inflow,295
57.0,6_CACTA002,TSS,Inflow,295
31.0,6_CACTA002,TSS,Inflow,295
44.0,6_CACTA002,TSS,Inflow,295
57.0,6_CACTA002,TSS,Inflow,295
57.0,6_CACTA002,TSS,Inflow,296
55.0,6_CACTA002,TSS,Inflow,296
44.0,6_CACTA002,TSS,Inflow,296
10.0,6_CACTA002,TSS,Inflow,296
27.0,6_CACTA002,TSS,Inflow,296
55.0,6_CACTA002,TSS,Inflow,297
100.0,6_CACTA002,TSS,Inflow,297
44.0,6_CACTA002,TSS,Inflow,297
85.0,6_CACTA002,TSS,Inflow,297
94.0,6_CACTA002,TSS,Inflow,297
94.0,6_CACTA002,TSS,Inflow,298
70.0,6_CACTA002,TSS,Inflow,298
31.0,6_CACTA002,TSS,Inflow,298
57.0,6_CACTA002,TSS,Inflow,298
55.0,6_CACTA002,TSS,Inflow,298
70.0,6_CACTA002,TSS,Inflow,299
100.0,6_CACTA002,TSS,Inflow,299
10.0,6_CACTA002,TSS,Inflow,299
163.0,6_CACTA002,TSS,Inflow,299
44.0,6_CACTA002,TSS,Inflow,299
163.0,6_CACTA002,TSS,Inflow,300
57.0,6_CACTA002,TSS,Inflow,300
57.0,6_CACTA002,TSS,Inflow,300
50.0,6_CACTA002,TSS,Inflow,300
70.0,6_CACTA002,TSS,Inflow,300
57.0,6_CACTA002,TSS,Inflow,301
31.0,6_CACTA002,TSS,Inflow,301
27.0,6_CACTA002,TSS,Inflow,301
155.0,6_CACTA002,TSS,Inflow,301
85.0,6_CACTA002,TSS,Inflow,301
50.0,6_CACTA002,TSS,Inflow,302
31.0,6_CACTA002,TSS,Inflow,302
10.0,6_CACTA002,TSS,Inflow,302
57.0,6_CACTA002,TSS,Inflow,302
39.0,6_CACTA002,TSS,Inflow,302
70.0,6_CACTA002,TSS,Inflow,303
27.0,6_CACTA002,TSS,Inflow,303
85.0,6_CACTA002,TSS,Inflow,303
100.0,6_CACTA002,TSS,Inflow,303
50.0,6_CACTA002,TSS,Inflow,303
55.0,6_CACTA002,TSS,Inflow,304
50.0,6_CACTA002,TSS,Inflow,304
10.0,6_CACTA002,TSS,Inflow,304
57.0,6_CACTA002,TSS,Inflow,304
100.0,6_CACTA002,TSS,Inflow,304
39.0,6_CACTA002,TSS,Inflow,305
27.0,6_CACTA002,TSS,Inflow,305
57.0,6_CACTA002,TSS,Inflow,305
155.0,6_CACTA002,TSS,Inflow,305
70.0,6_CACTA002,TSS,Inflow,305
50.0,6_CACTA002,TSS,Inflow,306
57.0,6_CACTA002,TSS,Inflow,306
70.0,6_CACTA002,TSS,Inflow,306
39.0,6_CACTA002,TSS,Inflow,306
55.0,6_CACTA002,TSS,Inflow,306
57.0,6_CACTA002,TSS,Inflow,307
27.0,6_CACTA002,TSS,Inflow,307
70.0,6_CACTA002,TSS,Inflow,307
57.0,6_CACTA002,TSS,Inflow,307
44.0,6_CACTA002,TSS,Inflow,307
70.0,6_CACTA002,TSS,Inflow,308
31.0,6_CACTA002,TSS,Inflow,308
100.0,6_CACTA002,TSS,Inflow,308
163.0,6_CACTA002,TSS,Inflow,308
50.0,6_CACTA002,TSS,Inflow,308
70.0,6_CACTA002,TSS,Inflow,309
27.0,6_CACTA002,TSS,Inflow,309
39.0,6_CACTA002,TSS,Inflow,309
31.0,6_CACTA002,TSS,Inflow,309
155.0,6_CACTA002,TSS,Inflow,309
70.0,6_CACTA002,TSS,Inflow,310
57.0,6_CACTA002,TSS,Inflow,310
100.0,6_CACTA002,TSS,Inflow,310
50.0,6_CACTA002,TSS,Inflow,310
55.0,6_CACTA002,TSS,Inflow,310
85.0,6_CACTA002,TSS,Inflow,311
39.0,6_CACTA002,TSS,Inflow,311
27.0,6_CACTA002,TSS,Inflow,311
57.0,6_CACTA002,TSS,Inflow,311
163.0,6_CACTA002,TSS,Inflow,311
70.0,6_CACTA002,TSS,Inflow,312
50.0,6_CACTA002,TSS,Inflow,312
100.0,6_CACTA002,TSS,Inflow,312
31.0,6_CACTA002,TSS,Inflow,312
57.0,6_CACTA002,TSS,Inflow,312
10.0,6_CACTA002,TSS,Inflow,313
70.0,6_CACTA002,TSS,Inflow,313
57.0,6_CACTA002,TSS,Inflow,313
85.0,6_CACTA002,TSS,Inflow,313
100.0,6_CACTA002,TSS,Inflow,313
50.0,6_CACTA002,TSS,Inflow,314
57.0,6_CACTA002,TSS,Inflow,314
94.0,6_CACTA002,TSS,Inflow,314
100.0,6_CACTA002,TSS,Inflow,314
70.0,6_CACTA002,TSS,Inflow,314
44.0,6_CACTA002,TSS,Inflow,315
70.0,6_CACTA002,TSS,Inflow,315
10.0,6_CACTA002,TSS,Inflow,315
100.0,6_CACTA002,TSS,Inflow,315
85.0,6_CACTA002,TSS,Inflow,315
85.0,6_CACTA002,TSS,Inflow,316
44.0,6_CACTA002,TSS,Inflow,316
31.0,6_CACTA002,TSS,Inflow,316
55.0,6_CACTA002,TSS,Inflow,316
50.0,6_CACTA002,TSS,Inflow,316
55.0,6_CACTA002,TSS,Inflow,317
50.0,6_CACTA002,TSS,Inflow,317
27.0,6_CACTA002,TSS,Inflow,317
39.0,6_CACTA002,TSS,Inflow,317
85.0,6_CACTA002,TSS,Inflow,317
100.0,6_CACTA002,TSS,Inflow,318
57.0,6_CACTA002,TSS,Inflow,318
155.0,6_CACTA002,TSS,Inflow,318
39.0,6_CACTA002,TSS,Inflow,318
94.0,6_CACTA002,TSS,Inflow,318
155.0,6_CACTA002,TSS,Inflow,319
50.0,6_CACTA002,TSS,Inflow,319
100.0,6_CACTA002,TSS,Inflow,319
85.0,6_CACTA002,TSS,Inflow,319
44.0,6_CACTA002,TSS,Inflow,319
100.0,6_CACTA002,TSS,Inflow,320
163.0,6_CACTA002,TSS,Inflow,320
31.0,6_CACTA002,TSS,Inflow,320
10.0,6_CACTA002,TSS,Inflow,320
94.0,6_CACTA002,TSS,Inflow,320
100.0,6_CACTA002,TSS,Inflow,321
57.0,6_CACTA002,TSS,Inflow,321
163.0,6_CACTA002,TSS,Inflow,321
31.0,6_CACTA002,TSS,Inflow,321
27.0,6_CACTA002,TSS,Inflow,321
94.0,6_CACTA002,TSS,Inflow,322
10.0,6_CACTA002,TSS,Inflow,322
163.0,6_CACTA002,TSS,Inflow,322
85.0,6_CACTA002,TSS,Inflow,322
31.0,6_CACTA002,TSS,Inflow,322
70.0,6_CACTA002,TSS,Inflow,323
55.0,6_CACTA002,TSS,Inflow,323
57.0,6_CACTA002,TSS,Inflow,323
27.0,6_CACTA002,TSS,Inflow,323
50.0,6_CACTA002,TSS,Inflow,323
85.0,6_CACTA002,TSS,Inflow,324
163.0,6_CACTA002,TSS,Inflow,324
27.0,6_CACTA002,TSS,Inflow,324
57.0,6_CACTA002,TSS,Inflow,324
10.0,6_CACTA002,TSS,Inflow,324
57.0,6_CACTA002,TSS,Inflow,325
70.0,6_CACTA002,TSS,Inflow,325
31.0,6_CACTA002,TSS,Inflow,325
163.0,6_CACTA002,TSS,Inflow,325
100.0,6_CACTA002,TSS,Inflow,325
39.0,6_CACTA002,TSS,Inflow,326
163.0,6_CACTA002,TSS,Inflow,326
50.0,6_CACTA002,TSS,Inflow,326
85.0,6_CACTA002,TSS,Inflow,326
57.0,6_CACTA002,TSS,Inflow,326
163.0,6_CACTA002,TSS,Inflow,327
85.0,6_CACTA002,TSS,Inflow,327
100.0,6_CACTA002,TSS,Inflow,327
70.0,6_CACTA002,TSS,Inflow,327
55.0,6_CACTA002,TSS,Inflow,327
70.0,6_CACTA002,TSS,Inflow,328
31.0,6_CACTA002,TSS,Inflow,328
57.0,6_CACTA002,TSS,Inflow,328
155.0,6_CACTA002,TSS,Inflow,328
50.0,6_CACTA002,TSS,Inflow,328
10.0,6_CACTA002,TSS,Inflow,329
155.0,6_CACTA002,TSS,Inflow,329
57.0,6_CACTA002,TSS,Inflow,329
57.0,6_CACTA002,TSS,Inflow,329
85.0,6_CACTA002,TSS,Inflow,329
39.0,6_CACTA002,TSS,Inflow,330
31.0,6_CACTA002,TSS,Inflow,330
94.0,6_CACTA002,TSS,Inflow,330
70.0,6_CACTA002,TSS,Inflow,330
57.0,6_CACTA002,TSS,Inflow,330
57.0,6_CACTA002,TSS,Inflow,331
163.0,6_CACTA002,TSS,Inflow,331
155.0,6_CACTA002,TSS,Inflow,331
57.0,6_CACTA002,TSS,Inflow,331
27.0,6_CACTA002,TSS,Inflow,331
70.0,6_CACTA002,TSS,Inflow,332
39.0,6_CACTA002,TSS,Inflow,332
31.0,6_CACTA002,TSS,Inflow,332
57.0,6_CACTA002,TSS,Inflow,332
163.0,6_CACTA002,TSS,Inflow,332
27.0,6_CACTA002,TSS,Inflow,333
85.0,6_CACTA002,TSS,Inflow,333
163.0,6_CACTA002,TSS,Inflow,333
55.0,6_CACTA002,TSS,Inflow,333
155.0,6_CACTA002,TSS,Inflow,333
100.0,6_CACTA002,TSS,Inflow,334
70.0,6_CACTA002,TSS,Inflow,334
163.0,6_CACTA002,TSS,Inflow,334
155.0,6_CACTA002,TSS,Inflow,334
57.0,6_CACTA002,TSS,Inflow,334
94.0,6_CACTA002,TSS,Inflow,335
31.0,6_CACTA002,TSS,Inflow,335
70.0,6_CACTA002,TSS,Inflow,335
57.0,6_CACTA002,TSS,Inflow,335
55.0,6_CACTA002,TSS,Inflow,335
163.0,6_CACTA002,TSS,Inflow,336
50.0,6_CACTA002,TSS,Inflow,336
44.0,6_CACTA002,TSS,Inflow,336
57.0,6_CACTA002,TSS,Inflow,336
57.0,6_CACTA002,TSS,Inflow,336
31.0,6_CACTA002,TSS,Inflow,337
163.0,6_CACTA002,TSS,Inflow,337
100.0,6_CACTA002,TSS,Inflow,337
94.0,6_CACTA002,TSS,Inflow,337
57.0,6_CACTA002,TSS,Inflow,337
39.0,6_CACTA002,TSS,Inflow,338
31.0,6_CACTA002,TSS,Inflow,338
94.0,6_CACTA002,TSS,Inflow,338
100.0,6_CACTA002,TSS,Inflow,338
55.0,6_CACTA002,TSS,Inflow,338
57.0,6_CACTA002,TSS,Inflow,339
163.0,6_CACTA002,TSS,Inflow,339
94.0,6_CACTA002,TSS,Inflow,339
39.0,6_CACTA002,TSS,Inflow,339
44.0,6_CACTA002,TSS,Inflow,339
10.0,6_CACTA002,TSS,Inflow,340
85.0,6_CACTA002,TSS,Inflow,340
100.0,6_CACTA002,TSS,Inflow,340
27.0,6_CACTA002,TSS,Inflow,340
50.0,6_CACTA002,TSS,Inflow,340
27.0,6_CACTA002,TSS,Inflow,341
39.0,6_CACTA002,TSS,Inflow,341
57.0,6_CACTA002,TSS,Inflow,341
57.0,6_CACTA002,TSS,Inflow,341
100.0,6_CACTA002,TSS,Inflow,341
100.0,6_CACTA002,TSS,Inflow,342
94.0,6_CACTA002,TSS,Inflow,342
44.0,6_CACTA002,TSS,Inflow,342
10.0,6_CACTA002,TSS,Inflow,342
57.0,6_CACTA002,TSS,Inflow,342
31.0,6_CACTA002,TSS,Inflow,343
50.0,6_CACTA002,TSS,Inflow,343
57.0,6_CACTA002,TSS,Inflow,343
44.0,6_CACTA002,TSS,Inflow,343
94.0,6_CACTA002,TSS,Inflow,343
163.0,6_CACTA002,TSS,Inflow,344
44.0,6_CACTA002,TSS,Inflow,344
55.0,6_CACTA002,TSS,Inflow,344
94.0,6_CACTA002,TSS,Inflow,344
27.0,6_CACTA002,TSS,Inflow,344
163.0,6_CACTA002,TSS,Inflow,345
57.0,6_CACTA002,TSS,Inflow,345
10.0,6_CACTA002,TSS,Inflow,345
100.0,6_CACTA002,TSS,Inflow,345
94.0,6_CACTA002,TSS,Inflow,345
155.0,6_CACTA002,TSS,Inflow,346
50.0,6_CACTA002,TSS,Inflow,346
55.0,6_CACTA002,TSS,Inflow,346
27.0,6_CACTA002,TSS,Inflow,346
10.0,6_CACTA002,TSS,Inflow,346
163.0,6_CACTA002,TSS,Inflow,347
27.0,6_CACTA002,TSS,Inflow,347
31.0,6_CACTA002,TSS,Inflow,347
57.0,6_CACTA002,TSS,Inflow,347
10.0,6_CACTA002,TSS,Inflow,347
27.0,6_CACTA002,TSS,Inflow,348
55.0,6_CACTA002,TSS,Inflow,348
10.0,6_CACTA002,TSS,Inflow,348
100.0,6_CACTA002,TSS,Inflow,348
39.0,6_CACTA002,TSS,Inflow,348
44.0,6_CACTA002,TSS,Inflow,349
31.0,6_CACTA002,TSS,Inflow,349
70.0,6_CACTA002,TSS,Inflow,349
163.0,6_CACTA002,TSS,Inflow,349
55.0,6_CACTA002,TSS,Inflow,349
55.0,6_CACTA002,TSS,Inflow,350
155.0,6_CACTA002,TSS,Inflow,350
70.0,6_CACTA002,TSS,Inflow,350
10.0,6_CACTA002,TSS,Inflow,350
163.0,6_CACTA002,TSS,Inflow,350
85.0,6_CACTA002,TSS,Inflow,351
163.0,6_CACTA002,TSS,Inflow,351
27.0,6_CACTA002,TSS,Inflow,351
94.0,6_CACTA002,TSS,Inflow,351
155.0,6_CACTA002,TSS,Inflow,351
57.0,6_CACTA002,TSS,Inflow,352
57.0,6_CACTA002,TSS,Inflow,352
85.0,6_CACTA002,TSS,Inflow,352
55.0,6_CACTA002,TSS,Inflow,352
50.0,6_CACTA002,TSS,Inflow,352
100.0,6_CACTA002,TSS,Inflow,353
55.0,6_CACTA002,TSS,Inflow,353
10.0,6_CACTA002,TSS,Inflow,353
44.0,6_CACTA002,TSS,Inflow,353
57.0,6_CACTA002,TSS,Inflow,353
57.0,6_CACTA002,TSS,Inflow,354
163.0,6_CACTA002,TSS,Inflow,354
10.0,6_CACTA002,TSS,Inflow,354
50.0,6_CACTA002,TSS,Inflow,354
27.0,6_CACTA002,TSS,Inflow,354
94.0,6_CACTA002,TSS,Inflow,355
50.0,6_CACTA002,TSS,Inflow,355
163.0,6_CACTA002,TSS,Inflow,355
85.0,6_CACTA002,TSS,Inflow,355
57.0,6_CACTA002,TSS,Inflow,355
57.0,6_CACTA002,TSS,Inflow,356
50.0,6_CACTA002,TSS,Inflow,356
70.0,6_CACTA002,TSS,Inflow,356
27.0,6_CACTA002,TSS,Inflow,356
31.0,6_CACTA002,TSS,Inflow,356
39.0,6_CACTA002,TSS,Inflow,357
85.0,6_CACTA002,TSS,Inflow,357
163.0,6_CACTA002,TSS,Inflow,357
44.0,6_CACTA002,TSS,Inflow,357
31.0,6_CACTA002,TSS,Inflow,357
27.0,6_CACTA002,TSS,Inflow,358
57.0,6_CACTA002,TSS,Inflow,358
163.0,6_CACTA002,TSS,Inflow,358
155.0,6_CACTA002,TSS,Inflow,358
50.0,6_CACTA002,TSS,Inflow,358
85.0,6_CACTA002,TSS,Inflow,359
57.0,6_CACTA002,TSS,Inflow,359
10.0,6_CACTA002,TSS,Inflow,359
163.0,6_CACTA002,TSS,Inflow,359
55.0,6_CACTA002,TSS,Inflow,359
31.0,6_CACTA002,TSS,Inflow,360
155.0,6_CACTA002,TSS,Inflow,360
94.0,6_CACTA002,TSS,Inflow,360
50.0,6_CACTA002,TSS,Inflow,360
70.0,6_CACTA002,TSS,Inflow,360
70.0,6_CACTA002,TSS,Inflow,361
57.0,6_CACTA002,TSS,Inflow,361
100.0,6_CACTA002,TSS,Inflow,361
85.0,6_CACTA002,TSS,Inflow,361
94.0,6_CACTA002,TSS,Inflow,361
85.0,6_CACTA002,TSS,Inflow,362
27.0,6_CACTA002,TSS,Inflow,362
31.0,6_CACTA002,TSS,Inflow,362
39.0,6_CACTA002,TSS,Inflow,362
155.0,6_CACTA002,TSS,Inflow,362
55.0,6_CACTA002,TSS,Inflow,363
50.0,6_CACTA002,TSS,Inflow,363
10.0,6_CACTA002,TSS,Inflow,363
94.0,6_CACTA002,TSS,Inflow,363
85.0,6_CACTA002,TSS,Inflow,363
44.0,6_CACTA002,TSS,Inflow,364
57.0,6_CACTA002,TSS,Inflow,364
55.0,6_CACTA002,TSS,Inflow,364
10.0,6_CACTA002,TSS,Inflow,364
155.0,6_CACTA002,TSS,Inflow,364
39.0,6_CACTA002,TSS,Inflow,365
55.0,6_CACTA002,TSS,Inflow,365
27.0,6_CACTA002,TSS,Inflow,365
57.0,6_CACTA002,TSS,Inflow,365
44.0,6_CACTA002,TSS,Inflow,365
85.0,6_CACTA002,TSS,Inflow,366
27.0,6_CACTA002,TSS,Inflow,366
31.0,6_CACTA002,TSS,Inflow,366
163.0,6_CACTA002,TSS,Inflow,366
57.0,6_CACTA002,TSS,Inflow,366
100.0,6_CACTA002,TSS,Inflow,367
55.0,6_CACTA002,TSS,Inflow,367
10.0,6_CACTA002,TSS,Inflow,367
57.0,6_CACTA002,TSS,Inflow,367
163.0,6_CACTA002,TSS,Inflow,367
10.0,6_CACTA002,TSS,Inflow,368
70.0,6_CACTA002,TSS,Inflow,368
100.0,6_CACTA002,TSS,Inflow,368
57.0,6_CACTA002,TSS,Inflow,368
39.0,6_CACTA002,TSS,Inflow,368
57.0,6_CACTA002,TSS,Inflow,369
44.0,6_CACTA002,TSS,Inflow,369
70.0,6_CACTA002,TSS,Inflow,369
39.0,6_CACTA002,TSS,Inflow,369
155.0,6_CACTA002,TSS,Inflow,369
100.0,6_CACTA002,TSS,Inflow,370
55.0,6_CACTA002,TSS,Inflow,370
57.0,6_CACTA002,TSS,Inflow,370
31.0,6_CACTA002,TSS,Inflow,370
39.0,6_CACTA002,TSS,Inflow,370
50.0,6_CACTA002,TSS,Inflow,371
155.0,6_CACTA002,TSS,Inflow,371
44.0,6_CACTA002,TSS,Inflow,371
55.0,6_CACTA002,TSS,Inflow,371
31.0,6_CACTA002,TSS,Inflow,371
39.0,6_CACTA002,TSS,Inflow,372
31.0,6_CACTA002,TSS,Inflow,372
44.0,6_CACTA002,TSS,Inflow,372
155.0,6_CACTA002,TSS,Inflow,372
55.0,6_CACTA002,TSS,Inflow,372
57.0,6_CACTA002,TSS,Inflow,373
94.0,6_CACTA002,TSS,Inflow,373
70.0,6_CACTA002,TSS,Inflow,373
39.0,6_CACTA002,TSS,Inflow,373
27.0,6_CACTA002,TSS,Inflow,373
10.0,6_CACTA002,TSS,Inflow,374
155.0,6_CACTA002,TSS,Inflow,374
70.0,6_CACTA002,TSS,Inflow,374
50.0,6_CACTA002,TSS,Inflow,374
100.0,6_CACTA002,TSS,Inflow,374
39.0,6_CACTA002,TSS,Inflow,375
55.0,6_CACTA002,TSS,Inflow,375
10.0,6_CACTA002,TSS,Inflow,375
57.0,6_CACTA002,TSS,Inflow,375
85.0,6_CACTA002,TSS,Inflow,375
155.0,6_CACTA002,TSS,Inflow,376
44.0,6_CACTA002,TSS,Inflow,376
39.0,6_CACTA002,TSS,Inflow,376
57.0,6_CACTA002,TSS,Inflow,376
50.0,6_CACTA002,TSS,Inflow,376
39.0,6_CACTA002,TSS,Inflow,377
57.0,6_CACTA002,TSS,Inflow,377
44.0,6_CACTA002,TSS,Inflow,377
85.0,6_CACTA002,TSS,Inflow,377
100.0,6_CACTA002,TSS,Inflow,377
163.0,6_CACTA002,TSS,Inflow,378
85.0,6_CACTA002,TSS,Inflow,378
50.0,6_CACTA002,TSS,Inflow,378
57.0,6_CACTA002,TSS,Inflow,378
39.0,6_CACTA002,TSS,Inflow,378
55.0,6_CACTA002,TSS,Inflow,379
155.0,6_CACTA002,TSS,Inflow,379
27.0,6_CACTA002,TSS,Inflow,379
44.0,6_CACTA002,TSS,Inflow,379
100.0,6_CACTA002,TSS,Inflow,379
85.0,6_CACTA002,TSS,Inflow,380
57.0,6_CACTA002,TSS,Inflow,380
27.0,6_CACTA002,TSS,Inflow,380
70.0,6_CACTA002,TSS,Inflow,380
57.0,6_CACTA002,TSS,Inflow,380
155.0,6_CACTA002,TSS,Inflow,381
31.0,6_CACTA002,TSS,Inflow,381
163.0,6_CACTA002,TSS,Inflow,381
39.0,6_CACTA002,TSS,Inflow,381
85.0,6_CACTA002,TSS,Inflow,381
94.0,6_CACTA002,TSS,Inflow,382
100.0,6_CACTA002,TSS,Inflow,382
57.0,6_CACTA002,TSS,Inflow,382
163.0,6_CACTA002,TSS,Inflow,382
57.0,6_CACTA002,TSS,Inflow,382
10.0,6_CACTA002,TSS,Inflow,383
50.0,6_CACTA002,TSS,Inflow,383
163.0,6_CACTA002,TSS,Inflow,383
85.0,6_CACTA002,TSS,Inflow,383
57.0,6_CACTA002,TSS,Inflow,383
85.0,6_CACTA002,TSS,Inflow,384
57.0,6_CACTA002,TSS,Inflow,384
100.0,6_CACTA002,TSS,Inflow,384
155.0,6_CACTA002,TSS,Inflow,384
50.0,6_CACTA002,TSS,Inflow,384
85.0,6_CACTA002,TSS,Inflow,385
163.0,6_CACTA002,TSS,Inflow,385
27.0,6_CACTA002,TSS,Inflow,385
155.0,6_CACTA002,TSS,Inflow,385
57.0,6_CACTA002,TSS,Inflow,385
70.0,6_CACTA002,TSS,Inflow,386
163.0,6_CACTA002,TSS,Inflow,386
44.0,6_CACTA002,TSS,Inflow,386
94.0,6_CACTA002,TSS,Inflow,386
39.0,6_CACTA002,TSS,Inflow,386
70.0,6_CACTA002,TSS,Inflow,387
50.0,6_CACTA002,TSS,Inflow,387
55.0,6_CACTA002,TSS,Inflow,387
57.0,6_CACTA002,TSS,Inflow,387
10.0,6_CACTA002,TSS,Inflow,387
55.0,6_CACTA002,TSS,Inflow,388
155.0,6_CACTA002,TSS,Inflow,388
94.0,6_CACTA002,TSS,Inflow,388
85.0,6_CACTA002,TSS,Inflow,388
100.0,6_CACTA002,TSS,Inflow,388
94.0,6_CACTA002,TSS,Inflow,389
155.0,6_CACTA002,TSS,Inflow,389
100.0,6_CACTA002,TSS,Inflow,389
27.0,6_CACTA002,TSS,Inflow,389
85.0,6_CACTA002,TSS,Inflow,389
44.0,6_CACTA002,TSS,Inflow,390
85.0,6_CACTA002,TSS,Inflow,390
50.0,6_CACTA002,TSS,Inflow,390
57.0,6_CACTA002,TSS,Inflow,390
10.0,6_CACTA002,TSS,Inflow,390
163.0,6_CACTA002,TSS,Inflow,391
57.0,6_CACTA002,TSS,Inflow,391
39.0,6_CACTA002,TSS,Inflow,391
70.0,6_CACTA002,TSS,Inflow,391
85.0,6_CACTA002,TSS,Inflow,391
31.0,6_CACTA002,TSS,Inflow,392
70.0,6_CACTA002,TSS,Inflow,392
50.0,6_CACTA002,TSS,Inflow,392
94.0,6_CACTA002,TSS,Inflow,392
155.0,6_CACTA002,TSS,Inflow,392
100.0,6_CACTA002,TSS,Inflow,393
50.0,6_CACTA002,TSS,Inflow,393
70.0,6_CACTA002,TSS,Inflow,393
27.0,6_CACTA002,TSS,Inflow,393
39.0,6_CACTA002,TSS,Inflow,393
27.0,6_CACTA002,TSS,Inflow,394
85.0,6_CACTA002,TSS,Inflow,394
100.0,6_CACTA002,TSS,Inflow,394
57.0,6_CACTA002,TSS,Inflow,394
57.0,6_CACTA002,TSS,Inflow,394
155.0,6_CACTA002,TSS,Inflow,395
50.0,6_CACTA002,TSS,Inflow,395
163.0,6_CACTA002,TSS,Inflow,395
57.0,6_CACTA002,TSS,Inflow,395
39.0,6_CACTA002,TSS,Inflow,395
155.0,6_CACTA002,TSS,Inflow,396
10.0,6_CACTA002,TSS,Inflow,396
57.0,6_CACTA002,TSS,Inflow,396
94.0,6_CACTA002,TSS,Inflow,396
57.0,6_CACTA002,TSS,Inflow,396
27.0,6_CACTA002,TSS,Inflow,397
94.0,6_CACTA002,TSS,Inflow,397
44.0,6_CACTA002,TSS,Inflow,397
57.0,6_CACTA002,TSS,Inflow,397
55.0,6_CACTA002,TSS,Inflow,397
31.0,6_CACTA002,TSS,Inflow,398
10.0,6_CACTA002,TSS,Inflow,398
50.0,6_CACTA002,TSS,Inflow,398
57.0,6_CACTA002,TSS,Inflow,398
55.0,6_CACTA002,TSS,Inflow,398
55.0,6_CACTA002,TSS,Inflow,399
57.0,6_CACTA002,TSS,Inflow,399
85.0,6_CACTA002,TSS,Inflow,399
94.0,6_CACTA002,TSS,Inflow,399
70.0,6_CACTA002,TSS,Inflow,399
10.0,6_CACTA002,TSS,Inflow,400
57.0,6_CACTA002,TSS,Inflow,400
27.0,6_CACTA002,TSS,Inflow,400
163.0,6_CACTA002,TSS,Inflow,400
44.0,6_CACTA002,TSS,Inflow,400
85.0,6_CACTA002,TSS,Inflow,401
57.0,6_CACTA002,TSS,Inflow,401
100.0,6_CACTA002,TSS,Inflow,401
39.0,6_CACTA002,TSS,Inflow,401
94.0,6_CACTA002,TSS,Inflow,401
70.0,6_CACTA002,TSS,Inflow,402
50.0,6_CACTA002,TSS,Inflow,402
39.0,6_CACTA002,TSS,Inflow,402
31.0,6_CACTA002,TSS,Inflow,402
100.0,6_CACTA002,TSS,Inflow,402
70.0,6_CACTA002,TSS,Inflow,403
55.0,6_CACTA002,TSS,Inflow,403
10.0,6_CACTA002,TSS,Inflow,403
27.0,6_CACTA002,TSS,Inflow,403
94.0,6_CACTA002,TSS,Inflow,403
163.0,6_CACTA002,TSS,Inflow,404
155.0,6_CACTA002,TSS,Inflow,404
50.0,6_CACTA002,TSS,Inflow,404
57.0,6_CACTA002,TSS,Inflow,404
27.0,6_CACTA002,TSS,Inflow,404
39.0,6_CACTA002,TSS,Inflow,405
44.0,6_CACTA002,TSS,Inflow,405
31.0,6_CACTA002,TSS,Inflow,405
94.0,6_CACTA002,TSS,Inflow,405
10.0,6_CACTA002,TSS,Inflow,405
70.0,6_CACTA002,TSS,Inflow,406
55.0,6_CACTA002,TSS,Inflow,406
39.0,6_CACTA002,TSS,Inflow,406
85.0,6_CACTA002,TSS,Inflow,406
57.0,6_CACTA002,TSS,Inflow,406
55.0,6_CACTA002,TSS,Inflow,407
50.0,6_CACTA002,TSS,Inflow,407
31.0,6_CACTA002,TSS,Inflow,407
27.0,6_CACTA002,TSS,Inflow,407
163.0,6_CACTA002,TSS,Inflow,407
100.0,6_CACTA002,TSS,Inflow,408
155.0,6_CACTA002,TSS,Inflow,408
94.0,6_CACTA002,TSS,Inflow,408
55.0,6_CACTA002,TSS,Inflow,408
70.0,6_CACTA002,TSS,Inflow,408
94.0,6_CACTA002,TSS,Inflow,409
155.0,6_CACTA002,TSS,Inflow,409
31.0,6_CACTA002,TSS,Inflow,409
39.0,6_CACTA002,TSS,Inflow,409
85.0,6_CACTA002,TSS,Inflow,409
50.0,6_CACTA002,TSS,Inflow,410
94.0,6_CACTA002,TSS,Inflow,410
55.0,6_CACTA002,TSS,Inflow,410
57.0,6_CACTA002,TSS,Inflow,410
70.0,6_CACTA002,TSS,Inflow,410
94.0,6_CACTA002,TSS,Inflow,411
27.0,6_CACTA002,TSS,Inflow,411
70.0,6_CACTA002,TSS,Inflow,411
163.0,6_CACTA002,TSS,Inflow,411
31.0,6_CACTA002,TSS,Inflow,411
55.0,6_CACTA002,TSS,Inflow,412
10.0,6_CACTA002,TSS,Inflow,412
155.0,6_CACTA002,TSS,Inflow,412
70.0,6_CACTA002,TSS,Inflow,412
85.0,6_CACTA002,TSS,Inflow,412
55.0,6_CACTA002,TSS,Inflow,413
27.0,6_CACTA002,TSS,Inflow,413
70.0,6_CACTA002,TSS,Inflow,413
44.0,6_CACTA002,TSS,Inflow,413
85.0,6_CACTA002,TSS,Inflow,413
94.0,6_CACTA002,TSS,Inflow,414
44.0,6_CACTA002,TSS,Inflow,414
50.0,6_CACTA002,TSS,Inflow,414
39.0,6_CACTA002,TSS,Inflow,414
57.0,6_CACTA002,TSS,Inflow,414
44.0,6_CACTA002,TSS,Inflow,415
57.0,6_CACTA002,TSS,Inflow,415
27.0,6_CACTA002,TSS,Inflow,415
10.0,6_CACTA002,TSS,Inflow,415
31.0,6_CACTA002,TSS,Inflow,415
85.0,6_CACTA002,TSS,Inflow,416
10.0,6_CACTA002,TSS,Inflow,416
39.0,6_CACTA002,TSS,Inflow,416
155.0,6_CACTA002,TSS,Inflow,416
94.0,6_CACTA002,TSS,Inflow,416
57.0,6_CACTA002,TSS,Inflow,417
55.0,6_CACTA002,TSS,Inflow,417
31.0,6_CACTA002,TSS,Inflow,417
94.0,6_CACTA002,TSS,Inflow,417
27.0,6_CACTA002,TSS,Inflow,417
31.0,6_CACTA002,TSS,Inflow,418
100.0,6_CACTA002,TSS,Inflow,418
85.0,6_CACTA002,TSS,Inflow,418
44.0,6_CACTA002,TSS,Inflow,418
155.0,6_CACTA002,TSS,Inflow,418
57.0,6_CACTA002,TSS,Inflow,419
27.0,6_CACTA002,TSS,Inflow,419
70.0,6_CACTA002,TSS,Inflow,419
39.0,6_CACTA002,TSS,Inflow,419
31.0,6_CACTA002,TSS,Inflow,419
55.0,6_CACTA002,TSS,Inflow,420
85.0,6_CACTA002,TSS,Inflow,420
57.0,6_CACTA002,TSS,Inflow,420
50.0,6_CACTA002,TSS,Inflow,420
10.0,6_CACTA002,TSS,Inflow,420
55.0,6_CACTA002,TSS,Inflow,421
100.0,6_CACTA002,TSS,Inflow,421
39.0,6_CACTA002,TSS,Inflow,421
50.0,6_CACTA002,TSS,Inflow,421
85.0,6_CACTA002,TSS,Inflow,421
39.0,6_CACTA002,TSS,Inflow,422
94.0,6_CACTA002,TSS,Inflow,422
55.0,6_CACTA002,TSS,Inflow,422
57.0,6_CACTA002,TSS,Inflow,422
70.0,6_CACTA002,TSS,Inflow,422
55.0,6_CACTA002,TSS,Inflow,423
100.0,6_CACTA002,TSS,Inflow,423
163.0,6_CACTA002,TSS,Inflow,423
155.0,6_CACTA002,TSS,Inflow,423
31.0,6_CACTA002,TSS,Inflow,423
31.0,6_CACTA002,TSS,Inflow,424
55.0,6_CACTA002,TSS,Inflow,424
155.0,6_CACTA002,TSS,Inflow,424
10.0,6_CACTA002,TSS,Inflow,424
50.0,6_CACTA002,TSS,Inflow,424
100.0,6_CACTA002,TSS,Inflow,425
50.0,6_CACTA002,TSS,Inflow,425
85.0,6_CACTA002,TSS,Inflow,425
10.0,6_CACTA002,TSS,Inflow,425
39.0,6_CACTA002,TSS,Inflow,425
155.0,6_CACTA002,TSS,Inflow,426
27.0,6_CACTA002,TSS,Inflow,426
10.0,6_CACTA002,TSS,Inflow,426
44.0,6_CACTA002,TSS,Inflow,426
85.0,6_CACTA002,TSS,Inflow,426
70.0,6_CACTA002,TSS,Inflow,427
27.0,6_CACTA002,TSS,Inflow,427
94.0,6_CACTA002,TSS,Inflow,427
44.0,6_CACTA002,TSS,Inflow,427
10.0,6_CACTA002,TSS,Inflow,427
155.0,6_CACTA002,TSS,Inflow,428
31.0,6_CACTA002,TSS,Inflow,428
85.0,6_CACTA002,TSS,Inflow,428
44.0,6_CACTA002,TSS,Inflow,428
163.0,6_CACTA002,TSS,Inflow,428
70.0,6_CACTA002,TSS,Inflow,429
39.0,6_CACTA002,TSS,Inflow,429
55.0,6_CACTA002,TSS,Inflow,429
94.0,6_CACTA002,TSS,Inflow,429
57.0,6_CACTA002,TSS,Inflow,429
85.0,6_CACTA002,TSS,Inflow,430
44.0,6_CACTA002,TSS,Inflow,430
94.0,6_CACTA002,TSS,Inflow,430
39.0,6_CACTA002,TSS,Inflow,430
27.0,6_CACTA002,TSS,Inflow,430
57.0,6_CACTA002,TSS,Inflow,431
55.0,6_CACTA002,TSS,Inflow,431
10.0,6_CACTA002,TSS,Inflow,431
70.0,6_CACTA002,TSS,Inflow,431
44.0,6_CACTA002,TSS,Inflow,431
70.0,6_CACTA002,TSS,Inflow,432
10.0,6_CACTA002,TSS,Inflow,432
94.0,6_CACTA002,TSS,Inflow,432
44.0,6_CACTA002,TSS,Inflow,432
85.0,6_CACTA002,TSS,Inflow,432
57.0,6_CACTA002,TSS,Inflow,433
94.0,6_CACTA002,TSS,Inflow,433
55.0,6_CACTA002,TSS,Inflow,433
155.0,6_CACTA002,TSS,Inflow,433
57.0,6_CACTA002,TSS,Inflow,433
70.0,6_CACTA002,TSS,Inflow,434
57.0,6_CACTA002,TSS,Inflow,434
94.0,6_CACTA002,TSS,Inflow,434
10.0,6_CACTA002,TSS,Inflow,434
27.0,6_CACTA002,TSS,Inflow,434
31.0,6_CACTA002,TSS,Inflow,435
57.0,6_CACTA002,TSS,Inflow,435
39.0,6_CACTA002,TSS,Inflow,435
44.0,6_CACTA002,TSS,Inflow,435
50.0,6_CACTA002,TSS,Inflow,435
57.0,6_CACTA002,TSS,Inflow,436
94.0,6_CACTA002,TSS,Inflow,436
85.0,6_CACTA002,TSS,Inflow,436
100.0,6_CACTA002,TSS,Inflow,436
163.0,6_CACTA002,TSS,Inflow,436
10.0,6_CACTA002,TSS,Inflow,437
57.0,6_CACTA002,TSS,Inflow,437
39.0,6_CACTA002,TSS,Inflow,437
27.0,6_CACTA002,TSS,Inflow,437
100.0,6_CACTA002,TSS,Inflow,437
94.0,6_CACTA002,TSS,Inflow,438
155.0,6_CACTA002,TSS,Inflow,438
100.0,6_CACTA002,TSS,Inflow,438
50.0,6_CACTA002,TSS,Inflow,438
39.0,6_CACTA002,TSS,Inflow,438
44.0,6_CACTA002,TSS,Inflow,439
57.0,6_CACTA002,TSS,Inflow,439
50.0,6_CACTA002,TSS,Inflow,439
70.0,6_CACTA002,TSS,Inflow,439
94.0,6_CACTA002,TSS,Inflow,439
55.0,6_CACTA002,TSS,Inflow,440
70.0,6_CACTA002,TSS,Inflow,440
57.0,6_CACTA002,TSS,Inflow,440
100.0,6_CACTA002,TSS,Inflow,440
85.0,6_CACTA002,TSS,Inflow,440
70.0,6_CACTA002,TSS,Inflow,441
57.0,6_CACTA002,TSS,Inflow,441
163.0,6_CACTA002,TSS,Inflow,441
27.0,6_CACTA002,TSS,Inflow,441
31.0,6_CACTA002,TSS,Inflow,441
39.0,6_CACTA002,TSS,Inflow,442
155.0,6_CACTA002,TSS,Inflow,442
55.0,6_CACTA002,TSS,Inflow,442
27.0,6_CACTA002,TSS,Inflow,442
31.0,6_CACTA002,TSS,Inflow,442
10.0,6_CACTA002,TSS,Inflow,443
155.0,6_CACTA002,TSS,Inflow,443
163.0,6_CACTA002,TSS,Inflow,443
100.0,6_CACTA002,TSS,Inflow,443
57.0,6_CACTA002,TSS,Inflow,443
85.0,6_CACTA002,TSS,Inflow,444
70.0,6_CACTA002,TSS,Inflow,444
39.0,6_CACTA002,TSS,Inflow,444
57.0,6_CACTA002,TSS,Inflow,444
155.0,6_CACTA002,TSS,Inflow,444
55.0,6_CACTA002,TSS,Inflow,445
27.0,6_CACTA002,TSS,Inflow,445
39.0,6_CACTA002,TSS,Inflow,445
44.0,6_CACTA002,TSS,Inflow,445
57.0,6_CACTA002,TSS,Inflow,445
44.0,6_CACTA002,TSS,Inflow,446
100.0,6_CACTA002,TSS,Inflow,446
85.0,6_CACTA002,TSS,Inflow,446
31.0,6_CACTA002,TSS,Inflow,446
55.0,6_CACTA002,TSS,Inflow,446
31.0,6_CACTA002,TSS,Inflow,447
55.0,6_CACTA002,TSS,Inflow,447
85.0,6_CACTA002,TSS,Inflow,447
94.0,6_CACTA002,TSS,Inflow,447
155.0,6_CACTA002,TSS,Inflow,447
155.0,6_CACTA002,TSS,Inflow,448
163.0,6_CACTA002,TSS,Inflow,448
55.0,6_CACTA002,TSS,Inflow,448
70.0,6_CACTA002,TSS,Inflow,448
44.0,6_CACTA002,TSS,Inflow,448
85.0,6_CACTA002,TSS,Inflow,449
57.0,6_CACTA002,TSS,Inflow,449
163.0,6_CACTA002,TSS,Inflow,449
44.0,6_CACTA002,TSS,Inflow,449
155.0,6_CACTA002,TSS,Inflow,449
10.0,6_CACTA002,TSS,Inflow,450
100.0,6_CACTA002,TSS,Inflow,450
50.0,6_CACTA002,TSS,Inflow,450
57.0,6_CACTA002,TSS,Inflow,450
44.0,6_CACTA002,TSS,Inflow,450
155.0,6_CACTA002,TSS,Inflow,451
55.0,6_CACTA002,TSS,Inflow,451
31.0,6_CACTA002,TSS,Inflow,451
44.0,6_CACTA002,TSS,Inflow,451
100.0,6_CACTA002,TSS,Inflow,451
50.0,6_CACTA002,TSS,Inflow,452
44.0,6_CACTA002,TSS,Inflow,452
27.0,6_CACTA002,TSS,Inflow,452
100.0,6_CACTA002,TSS,Inflow,452
55.0,6_CACTA002,TSS,Inflow,452
155.0,6_CACTA002,TSS,Inflow,453
10.0,6_CACTA002,TSS,Inflow,453
31.0,6_CACTA002,TSS,Inflow,453
57.0,6_CACTA002,TSS,Inflow,453
94.0,6_CACTA002,TSS,Inflow,453
50.0,6_CACTA002,TSS,Inflow,454
39.0,6_CACTA002,TSS,Inflow,454
85.0,6_CACTA002,TSS,Inflow,454
70.0,6_CACTA002,TSS,Inflow,454
31.0,6_CACTA002,TSS,Inflow,454
44.0,6_CACTA002,TSS,Inflow,455
155.0,6_CACTA002,TSS,Inflow,455
27.0,6_CACTA002,TSS,Inflow,455
39.0,6_CACTA002,TSS,Inflow,455
55.0,6_CACTA002,TSS,Inflow,455
57.0,6_CACTA002,TSS,Inflow,456
163.0,6_CACTA002,TSS,Inflow,456
100.0,6_CACTA002,TSS,Inflow,456
155.0,6_CACTA002,TSS,Inflow,456
39.0,6_CACTA002,TSS,Inflow,456
27.0,6_CACTA002,TSS,Inflow,457
10.0,6_CACTA002,TSS,Inflow,457
57.0,6_CACTA002,TSS,Inflow,457
94.0,6_CACTA002,TSS,Inflow,457
39.0,6_CACTA002,TSS,Inflow,457
94.0,6_CACTA002,TSS,Inflow,458
50.0,6_CACTA002,TSS,Inflow,458
39.0,6_CACTA002,TSS,Inflow,458
70.0,6_CACTA002,TSS,Inflow,458
27.0,6_CACTA002,TSS,Inflow,458
50.0,6_CACTA002,TSS,Inflow,459
55.0,6_CACTA002,TSS,Inflow,459
39.0,6_CACTA002,TSS,Inflow,459
57.0,6_CACTA002,TSS,Inflow,459
100.0,6_CACTA002,TSS,Inflow,459
163.0,6_CACTA002,TSS,Inflow,460
27.0,6_CACTA002,TSS,Inflow,460
70.0,6_CACTA002,TSS,Inflow,460
50.0,6_CACTA002,TSS,Inflow,460
100.0,6_CACTA002,TSS,Inflow,460
10.0,6_CACTA002,TSS,Inflow,461
55.0,6_CACTA002,TSS,Inflow,461
44.0,6_CACTA002,TSS,Inflow,461
85.0,6_CACTA002,TSS,Inflow,461
27.0,6_CACTA002,TSS,Inflow,461
39.0,6_CACTA002,TSS,Inflow,462
57.0,6_CACTA002,TSS,Inflow,462
27.0,6_CACTA002,TSS,Inflow,462
44.0,6_CACTA002,TSS,Inflow,462
55.0,6_CACTA002,TSS,Inflow,462
57.0,6_CACTA002,TSS,Inflow,463
31.0,6_CACTA002,TSS,Inflow,463
163.0,6_CACTA002,TSS,Inflow,463
70.0,6_CACTA002,TSS,Inflow,463
155.0,6_CACTA002,TSS,Inflow,463
163.0,6_CACTA002,TSS,Inflow,464
57.0,6_CACTA002,TSS,Inflow,464
50.0,6_CACTA002,TSS,Inflow,464
85.0,6_CACTA002,TSS,Inflow,464
155.0,6_CACTA002,TSS,Inflow,464
57.0,6_CACTA002,TSS,Inflow,465
94.0,6_CACTA002,TSS,Inflow,465
10.0,6_CACTA002,TSS,Inflow,465
50.0,6_CACTA002,TSS,Inflow,465
55.0,6_CACTA002,TSS,Inflow,465
57.0,6_CACTA002,TSS,Inflow,466
44.0,6_CACTA002,TSS,Inflow,466
57.0,6_CACTA002,TSS,Inflow,466
85.0,6_CACTA002,TSS,Inflow,466
94.0,6_CACTA002,TSS,Inflow,466
94.0,6_CACTA002,TSS,Inflow,467
57.0,6_CACTA002,TSS,Inflow,467
155.0,6_CACTA002,TSS,Inflow,467
55.0,6_CACTA002,TSS,Inflow,467
163.0,6_CACTA002,TSS,Inflow,467
44.0,6_CACTA002,TSS,Inflow,468
10.0,6_CACTA002,TSS,Inflow,468
39.0,6_CACTA002,TSS,Inflow,468
57.0,6_CACTA002,TSS,Inflow,468
31.0,6_CACTA002,TSS,Inflow,468
44.0,6_CACTA002,TSS,Inflow,469
85.0,6_CACTA002,TSS,Inflow,469
57.0,6_CACTA002,TSS,Inflow,469
94.0,6_CACTA002,TSS,Inflow,469
70.0,6_CACTA002,TSS,Inflow,469
50.0,6_CACTA002,TSS,Inflow,470
100.0,6_CACTA002,TSS,Inflow,470
44.0,6_CACTA002,TSS,Inflow,470
155.0,6_CACTA002,TSS,Inflow,470
70.0,6_CACTA002,TSS,Inflow,470
55.0,6_CACTA002,TSS,Inflow,471
44.0,6_CACTA002,TSS,Inflow,471
94.0,6_CACTA002,TSS,Inflow,471
163.0,6_CACTA002,TSS,Inflow,471
100.0,6_CACTA002,TSS,Inflow,471
57.0,6_CACTA002,TSS,Inflow,472
100.0,6_CACTA002,TSS,Inflow,472
85.0,6_CACTA002,TSS,Inflow,472
39.0,6_CACTA002,TSS,Inflow,472
155.0,6_CACTA002,TSS,Inflow,472
100.0,6_CACTA002,TSS,Inflow,473
155.0,6_CACTA002,TSS,Inflow,473
10.0,6_CACTA002,TSS,Inflow,473
70.0,6_CACTA002,TSS,Inflow,473
57.0,6_CACTA002,TSS,Inflow,473
55.0,6_CACTA002,TSS,Inflow,474
85.0,6_CACTA002,TSS,Inflow,474
44.0,6_CACTA002,TSS,Inflow,474
163.0,6_CACTA002,TSS,Inflow,474
39.0,6_CACTA002,TSS,Inflow,474
85.0,6_CACTA002,TSS,Inflow,475
10.0,6_CACTA002,TSS,Inflow,475
94.0,6_CACTA002,TSS,Inflow,475
50.0,6_CACTA002,TSS,Inflow,475
57.0,6_CACTA002,TSS,Inflow,475
57.0,6_CACTA002,TSS,Inflow,476
155.0,6_CACTA002,TSS,Inflow,476
50.0,6_CACTA002,TSS,Inflow,476
57.0,6_CACTA002,TSS,Inflow,476
85.0,6_CACTA002,TSS,Inflow,476
70.0,6_CACTA002,TSS,Inflow,477
163.0,6_CACTA002,TSS,Inflow,477
50.0,6_CACTA002,TSS,Inflow,477
27.0,6_CACTA002,TSS,Inflow,477
57.0,6_CACTA002,TSS,Inflow,477
39.0,6_CACTA002,TSS,Inflow,478
100.0,6_CACTA002,TSS,Inflow,478
31.0,6_CACTA002,TSS,Inflow,478
57.0,6_CACTA002,TSS,Inflow,478
155.0,6_CACTA002,TSS,Inflow,478
10.0,6_CACTA002,TSS,Inflow,479
57.0,6_CACTA002,TSS,Inflow,479
85.0,6_CACTA002,TSS,Inflow,479
70.0,6_CACTA002,TSS,Inflow,479
27.0,6_CACTA002,TSS,Inflow,479
39.0,6_CACTA002,TSS,Inflow,480
57.0,6_CACTA002,TSS,Inflow,480
70.0,6_CACTA002,TSS,Inflow,480
44.0,6_CACTA002,TSS,Inflow,480
155.0,6_CACTA002,TSS,Inflow,480
70.0,6_CACTA002,TSS,Inflow,481
94.0,6_CACTA002,TSS,Inflow,481
100.0,6_CACTA002,TSS,Inflow,481
44.0,6_CACTA002,TSS,Inflow,481
27.0,6_CACTA002,TSS,Inflow,481
10.0,6_CACTA002,TSS,Inflow,482
44.0,6_CACTA002,TSS,Inflow,482
163.0,6_CACTA002,TSS,Inflow,482
100.0,6_CACTA002,TSS,Inflow,482
70.0,6_CACTA002,TSS,Inflow,482
27.0,6_CACTA002,TSS,Inflow,483
70.0,6_CACTA002,TSS,Inflow,483
31.0,6_CACTA002,TSS,Inflow,483
85.0,6_CACTA002,TSS,Inflow,483
50.0,6_CACTA002,TSS,Inflow,483
155.0,6_CACTA002,TSS,Inflow,484
39.0,6_CACTA002,TSS,Inflow,484
10.0,6_CACTA002,TSS,Inflow,484
55.0,6_CACTA002,TSS,Inflow,484
100.0,6_CACTA002,TSS,Inflow,484
57.0,6_CACTA002,TSS,Inflow,485
94.0,6_CACTA002,TSS,Inflow,485
39.0,6_CACTA002,TSS,Inflow,485
44.0,6_CACTA002,TSS,Inflow,485
85.0,6_CACTA002,TSS,Inflow,485
94.0,6_CACTA002,TSS,Inflow,486
57.0,6_CACTA002,TSS,Inflow,486
31.0,6_CACTA002,TSS,Inflow,486
163.0,6_CACTA002,TSS,Inflow,486
85.0,6_CACTA002,TSS,Inflow,486
100.0,6_CACTA002,TSS,Inflow,487
57.0,6_CACTA002,TSS,Inflow,487
44.0,6_CACTA002,TSS,Inflow,487
57.0,6_CACTA002,TSS,Inflow,487
70.0,6_CACTA002,TSS,Inflow,487
55.0,6_CACTA002,TSS,Inflow,488
50.0,6_CACTA002,TSS,Inflow,488
94.0,6_CACTA002,TSS,Inflow,488
10.0,6_CACTA002,TSS,Inflow,488
57.0,6_CACTA002,TSS,Inflow,488
100.0,6_CACTA002,TSS,Inflow,489
57.0,6_CACTA002,TSS,Inflow,489
85.0,6_CACTA002,TSS,Inflow,489
163.0,6_CACTA002,TSS,Inflow,489
94.0,6_CACTA002,TSS,Inflow,489
85.0,6_CACTA002,TSS,Inflow,490
163.0,6_CACTA002,TSS,Inflow,490
100.0,6_CACTA002,TSS,Inflow,490
57.0,6_CACTA002,TSS,Inflow,490
31.0,6_CACTA002,TSS,Inflow,490
163.0,6_CACTA002,TSS,Inflow,491
39.0,6_CACTA002,TSS,Inflow,491
31.0,6_CACTA002,TSS,Inflow,491
155.0,6_CACTA002,TSS,Inflow,491
85.0,6_CACTA002,TSS,Inflow,491
100.0,6_CACTA002,TSS,Inflow,492
155.0,6_CACTA002,TSS,Inflow,492
31.0,6_CACTA002,TSS,Inflow,492
50.0,6_CACTA002,TSS,Inflow,492
70.0,6_CACTA002,TSS,Inflow,492
44.0,6_CACTA002,TSS,Inflow,493
39.0,6_CACTA002,TSS,Inflow,493
100.0,6_CACTA002,TSS,Inflow,493
27.0,6_CACTA002,TSS,Inflow,493
31.0,6_CACTA002,TSS,Inflow,493
163.0,6_CACTA002,TSS,Inflow,494
57.0,6_CACTA002,TSS,Inflow,494
50.0,6_CACTA002,TSS,Inflow,494
94.0,6_CACTA002,TSS,Inflow,494
85.0,6_CACTA002,TSS,Inflow,494
31.0,6_CACTA002,TSS,Inflow,495
55.0,6_CACTA002,TSS,Inflow,495
163.0,6_CACTA002,TSS,Inflow,495
27.0,6_CACTA002,TSS,Inflow,495
57.0,6_CACTA002,TSS,Inflow,495
31.0,6_CACTA002,TSS,Inflow,496
155.0,6_CACTA002,TSS,Inflow,496
85.0,6_CACTA002,TSS,Inflow,496
50.0,6_CACTA002,TSS,Inflow,496
163.0,6_CACTA002,TSS,Inflow,496
39.0,6_CACTA002,TSS,Inflow,497
155.0,6_CACTA002,TSS,Inflow,497
163.0,6_CACTA002,TSS,Inflow,497
55.0,6_CACTA002,TSS,Inflow,497
31.0,6_CACTA002,TSS,Inflow,497
44.0,6_CACTA002,TSS,Inflow,498
155.0,6_CACTA002,TSS,Inflow,498
39.0,6_CACTA002,TSS,Inflow,498
57.0,6_CACTA002,TSS,Inflow,498
85.0,6_CACTA002,TSS,Inflow,498
100.0,6_CACTA002,TSS,Inflow,499
57.0,6_CACTA002,TSS,Inflow,499
55.0,6_CACTA002,TSS,Inflow,499
31.0,6_CACTA002,TSS,Inflow,499
10.0,6_CACTA002,TSS,Inflow,499
100.0,6_CACTA002,TSS,Inflow,500
27.0,6_CACTA002,TSS,Inflow,500
50.0,6_CACTA002,TSS,Inflow,500
31.0,6_CACTA002,TSS,Inflow,500
10.0,6_CACTA002,TSS,Inflow,500
