EMC,Location,Analyte,Flow,Run
85.0,6_CACTA002,TSS,Inflow,1
100.0,6_CACTA002,TSS,Inflow,1
163.0,6_CACTA002,TSS,Inflow,1
94.0,6_CACTA002,TSS,Inflow,1
31.0,6_CACTA002,TSS,Inflow,1
100.0,6_CACTA002,TSS,Inflow,2
55.0,6_CACTA002,TSS,Inflow,2
44.0,6_CACTA002,TSS,Inflow,2
155.0,6_CACTA002,TSS,Inflow,2
31.0,6_CACTA002,TSS,Inflow,2
50.0,6_CACTA002,TSS,Inflow,3
31.0,6_CACTA002,TSS,Inflow,3
57.0,6_CACTA002,TSS,Inflow,3
10.0,6_CACTA002,TSS,Inflow,3
100.0,6_CACTA002,TSS,Inflow,3
10.0,6_CACTA002,TSS,Inflow,4
57.0,6_CACTA002,TSS,Inflow,4
44.0,6_CACTA002,TSS,Inflow,4
27.0,6_CACTA002,TSS,Inflow,4
100.0,6_CACTA002,TSS,Inflow,4
163.0,6_CACTA002,TSS,Inflow,5
50.0,6_CACTA002,TSS,Inflow,5
55.0,6_CACTA002,TSS,Inflow,5
70.0,6_CACTA002,TSS,Inflow,5
39.0,6_CACTA002,TSS,Inflow,5
39.0,6_CACTA002,TSS,Inflow,6
85.0,6_CACTA002,TSS,Inflow,6
57.0,6_CACTA002,TSS,Inflow,6
44.0,6_CACTA002,TSS,Inflow,6
94.0,6_CACTA002,TSS,Inflow,6
57.0,6_CACTA002,TSS,Inflow,7
70.0,6_CACTA002,TSS,Inflow,7
57.0,6_CACTA002,TSS,Inflow,7
55.0,6_CACTA002,TSS,Inflow,7
44.0,6_CACTA002,TSS,Inflow,7
94.0,6_CACTA002,TSS,Inflow,8
163.0,6_CACTA002,TSS,Inflow,8
155.0,6_CACTA002,TSS,Inflow,8
44.0,6_CACTA002,TSS,Inflow,8
39.0,6_CACTA002,TSS,Inflow,8
100.0,6_CACTA002,TSS,Inflow,9
50.0,6_CACTA002,TSS,Inflow,9
57.0,6_CACTA002,TSS,Inflow,9
39.0,6_CACTA002,TSS,Inflow,9
70.0,6_CACTA002,TSS,Inflow,9
39.0,6_CACTA002,TSS,Inflow,10
100.0,6_CACTA002,TSS,Inflow,10
10.0,6_CACTA002,TSS,Inflow,10
27.0,6_CACTA002,TSS,Inflow,10
155.0,6_CACTA002,TSS,Inflow,10
57.0,6_CACTA002,TSS,Inflow,11
85.0,6_CACTA002,TSS,Inflow,11
27.0,6_CACTA002,TSS,Inflow,11
94.0,6_CACTA002,TSS,Inflow,11
50.0,6_CACTA002,TSS,Inflow,11
57.0,6_CACTA002,TSS,Inflow,12
57.0,6_CACTA002,TSS,Inflow,12
163.0,6_CACTA002,TSS,Inflow,12
31.0,6_CACTA002,TSS,Inflow,12
27.0,6_CACTA002,TSS,Inflow,12
27.0,6_CACTA002,TSS,Inflow,13
155.0,6_CACTA002,TSS,Inflow,13
55.0,6_CACTA002,TSS,Inflow,13
57.0,6_CACTA002,TSS,Inflow,13
39.0,6_CACTA002,TSS,Inflow,13
155.0,6_CACTA002,TSS,Inflow,14
55.0,6_CACTA002,TSS,Inflow,14
44.0,6_CACTA002,TSS,Inflow,14
85.0,6_CACTA002,TSS,Inflow,14
27.0,6_CACTA002,TSS,Inflow,14
39.0,6_CACTA002,TSS,Inflow,15
155.0,6_CACTA002,TSS,Inflow,15
55.0,6_CACTA002,TSS,Inflow,15
57.0,6_CACTA002,TSS,Inflow,15
70.0,6_CACTA002,TSS,Inflow,15
85.0,6_CACTA002,TSS,Inflow,16
27.0,6_CACTA002,TSS,Inflow,16
50.0,6_CACTA002,TSS,Inflow,16
155.0,6_CACTA002,TSS,Inflow,16
10.0,6_CACTA002,TSS,Inflow,16
100.0,6_CACTA002,TSS,Inflow,17
94.0,6_CACTA002,TSS,Inflow,17
44.0,6_CACTA002,TSS,Inflow,17
55.0,6_CACTA002,TSS,Inflow,17
31.0,6_CACTA002,TSS,Inflow,17
50.0,6_CACTA002,TSS,Inflow,18
57.0,6_CACTA002,TSS,Inflow,18
155.0,6_CACTA002,TSS,Inflow,18
31.0,6_CACTA002,TSS,Inflow,18
94.0,6_CACTA002,TSS,Inflow,18
27.0,6_CACTA002,TSS,Inflow,19
94.0,6_CACTA002,TSS,Inflow,19
31.0,6_CACTA002,TSS,Inflow,19
85.0,6_CACTA002,TSS,Inflow,19
44.0,6_CACTA002,TSS,Inflow,19
85.0,6_CACTA002,TSS,Inflow,20
31.0,6_CACTA002,TSS,Inflow,20
39.0,6_CACTA002,TSS,Inflow,20
100.0,6_CACTA002,TSS,Inflow,20
163.0,6_CACTA002,TSS,Inflow,20
85.0,6_CACTA002,TSS,Inflow,21
50.0,6_CACTA002,TSS,Inflow,21
44.0,6_CACTA002,TSS,Inflow,21
94.0,6_CACTA002,TSS,Inflow,21
27.0,6_CACTA002,TSS,Inflow,21
70.0,6_CACTA002,TSS,Inflow,22
94.0,6_CACTA002,TSS,Inflow,22
50.0,6_CACTA002,TSS,Inflow,22
85.0,6_CACTA002,TSS,Inflow,22
57.0,6_CACTA002,TSS,Inflow,22
50.0,6_CACTA002,TSS,Inflow,23
94.0,6_CACTA002,TSS,Inflow,23
70.0,6_CACTA002,TSS,Inflow,23
44.0,6_CACTA002,TSS,Inflow,23
57.0,6_CACTA002,TSS,Inflow,23
44.0,6_CACTA002,TSS,Inflow,24
27.0,6_CACTA002,TSS,Inflow,24
163.0,6_CACTA002,TSS,Inflow,24
94.0,6_CACTA002,TSS,Inflow,24
10.0,6_CACTA002,TSS,Inflow,24
57.0,6_CACTA002,TSS,Inflow,25
70.0,6_CACTA002,TSS,Inflow,25
163.0,6_CACTA002,TSS,Inflow,25
57.0,6_CACTA002,TSS,Inflow,25
50.0,6_CACTA002,TSS,Inflow,25
155.0,6_CACTA002,TSS,Inflow,26
55.0,6_CACTA002,TSS,Inflow,26
100.0,6_CACTA002,TSS,Inflow,26
70.0,6_CACTA002,TSS,Inflow,26
163.0,6_CACTA002,TSS,Inflow,26
50.0,6_CACTA002,TSS,Inflow,27
163.0,6_CACTA002,TSS,Inflow,27
10.0,6_CACTA002,TSS,Inflow,27
57.0,6_CACTA002,TSS,Inflow,27
85.0,6_CACTA002,TSS,Inflow,27
100.0,6_CACTA002,TSS,Inflow,28
31.0,6_CACTA002,TSS,Inflow,28
155.0,6_CACTA002,TSS,Inflow,28
57.0,6_CACTA002,TSS,Inflow,28
39.0,6_CACTA002,TSS,Inflow,28
50.0,6_CACTA002,TSS,Inflow,29
70.0,6_CACTA002,TSS,Inflow,29
163.0,6_CACTA002,TSS,Inflow,29
44.0,6_CACTA002,TSS,Inflow,29
57.0,6_CACTA002,TSS,Inflow,29
44.0,6_CACTA002,TSS,Inflow,30
155.0,6_CACTA002,TSS,Inflow,30
57.0,6_CACTA002,TSS,Inflow,30
100.0,6_CACTA002,TSS,Inflow,30
55.0,6_CACTA002,TSS,Inflow,30
31.0,6_CACTA002,TSS,Inflow,31
50.0,6_CACTA002,TSS,Inflow,31
155.0,6_CACTA002,TSS,Inflow,31
55.0,6_CACTA002,TSS,Inflow,31
10.0,6_CACTA002,TSS,Inflow,31
10.0,6_CACTA002,TSS,Inflow,32
155.0,6_CACTA002,TSS,Inflow,32
31.0,6_CACTA002,TSS,Inflow,32
57.0,6_CACTA002,TSS,Inflow,32
100.0,6_CACTA002,TSS,Inflow,32
57.0,6_CACTA002,TSS,Inflow,33
155.0,6_CACTA002,TSS,Inflow,33
50.0,6_CACTA002,TSS,Inflow,33
39.0,6_CACTA002,TSS,Inflow,33
100.0,6_CACTA002,TSS,Inflow,33
55.0,6_CACTA002,TSS,Inflow,34
85.0,6_CACTA002,TSS,Inflow,34
57.0,6_CACTA002,TSS,Inflow,34
27.0,6_CACTA002,TSS,Inflow,34
10.0,6_CACTA002,TSS,Inflow,34
85.0,6_CACTA002,TSS,Inflow,35
57.0,6_CACTA002,TSS,Inflow,35
55.0,6_CACTA002,TSS,Inflow,35
163.0,6_CACTA002,TSS,Inflow,35
155.0,6_CACTA002,TSS,Inflow,35
55.0,6_CACTA002,TSS,Inflow,36
10.0,6_CACTA002,TSS,Inflow,36
57.0,6_CACTA002,TSS,Inflow,36
39.0,6_CACTA002,TSS,Inflow,36
70.0,6_CACTA002,TSS,Inflow,36
85.0,6_CACTA002,TSS,Inflow,37
31.0,6_CACTA002,TSS,Inflow,37
50.0,6_CACTA002,TSS,Inflow,37
57.0,6_CACTA002,TSS,Inflow,37
57.0,6_CACTA002,TSS,Inflow,37
85.0,6_CACTA002,TSS,Inflow,38
100.0,6_CACTA002,TSS,Inflow,38
39.0,6_CACTA002,TSS,Inflow,38
155.0,6_CACTA002,TSS,Inflow,38
50.0,6_CACTA002,TSS,Inflow,38
55.0,6_CACTA002,TSS,Inflow,39
57.0,6_CACTA002,TSS,Inflow,39
70.0,6_CACTA002,TSS,Inflow,39
155.0,6_CACTA002,TSS,Inflow,39
44.0,6_CACTA002,TSS,Inflow,39
57.0,6_CACTA002,TSS,Inflow,40
94.0,6_CACTA002,TSS,Inflow,40
163.0,6_CACTA002,TSS,Inflow,40
155.0,6_CACTA002,TSS,Inflow,40
31.0,6_CACTA002,TSS,Inflow,40
57.0,6_CACTA002,TSS,Inflow,41
50.0,6_CACTA002,TSS,Inflow,41
27.0,6_CACTA002,TSS,Inflow,41
31.0,6_CACTA002,TSS,Inflow,41
100.0,6_CACTA002,TSS,Inflow,41
85.0,6_CACTA002,TSS,Inflow,42
55.0,6_CACTA002,TSS,Inflow,42
27.0,6_CACTA002,TSS,Inflow,42
100.0,6_CACTA002,TSS,Inflow,42
57.0,6_CACTA002,TSS,Inflow,42
57.0,6_CACTA002,TSS,Inflow,43
57.0,6_CACTA002,TSS,Inflow,43
31.0,6_CACTA002,TSS,Inflow,43
85.0,6_CACTA002,TSS,Inflow,43
163.0,6_CACTA002,TSS,Inflow,43
10.0,6_CACTA002,TSS,Inflow,44
27.0,6_CACTA002,TSS,Inflow,44
31.0,6_CACTA002,TSS,Inflow,44
100.0,6_CACTA002,TSS,Inflow,44
163.0,6_CACTA002,TSS,Inflow,44
57.0,6_CACTA002,TSS,Inflow,45
10.0,6_CACTA002,TSS,Inflow,45
44.0,6_CACTA002,TSS,Inflow,45
57.0,6_CACTA002,TSS,Inflow,45
27.0,6_CACTA002,TSS,Inflow,45
44.0,6_CACTA002,TSS,Inflow,46
70.0,6_CACTA002,TSS,Inflow,46
57.0,6_CACTA002,TSS,Inflow,46
100.0,6_CACTA002,TSS,Inflow,46
85.0,6_CACTA002,TSS,Inflow,46
44.0,6_CACTA002,TSS,Inflow,47
10.0,6_CACTA002,TSS,Inflow,47
155.0,6_CACTA002,TSS,Inflow,47
70.0,6_CACTA002,TSS,Inflow,47
39.0,6_CACTA002,TSS,Inflow,47
31.0,6_CACTA002,TSS,Inflow,48
44.0,6_CACTA002,TSS,Inflow,48
85.0,6_CACTA002,TSS,Inflow,48
155.0,6_CACTA002,TSS,Inflow,48
163.0,6_CACTA002,TSS,Inflow,48
94.0,6_CACTA002,TSS,Inflow,49
57.0,6_CACTA002,TSS,Inflow,49
27.0,6_CACTA002,TSS,Inflow,49
55.0,6_CACTA002,TSS,Inflow,49
50.0,6_CACTA002,TSS,Inflow,49
39.0,6_CACTA002,TSS,Inflow,50
10.0,6_CACTA002,TSS,Inflow,50
44.0,6_CACTA002,TSS,Inflow,50
163.0,6_CACTA002,TSS,Inflow,50
31.0,6_CACTA002,TSS,Inflow,50
31.0,6_CACTA002,TSS,Inflow,51
57.0,6_CACTA002,TSS,Inflow,51
100.0,6_CACTA002,TSS,Inflow,51
55.0,6_CACTA002,TSS,Inflow,51
27.0,6_CACTA002,TSS,Inflow,51
155.0,6_CACTA002,TSS,Inflow,52
31.0,6_CACTA002,TSS,Inflow,52
57.0,6_CACTA002,TSS,Inflow,52
94.0,6_CACTA002,TSS,Inflow,52
70.0,6_CACTA002,TSS,Inflow,52
57.0,6_CACTA002,TSS,Inflow,53
31.0,6_CACTA002,TSS,Inflow,53
10.0,6_CACTA002,TSS,Inflow,53
55.0,6_CACTA002,TSS,Inflow,53
85.0,6_CACTA002,TSS,Inflow,53
44.0,6_CACTA002,TSS,Inflow,54
50.0,6_CACTA002,TSS,Inflow,54
57.0,6_CACTA002,TSS,Inflow,54
100.0,6_CACTA002,TSS,Inflow,54
39.0,6_CACTA002,TSS,Inflow,54
94.0,6_CACTA002,TSS,Inflow,55
57.0,6_CACTA002,TSS,Inflow,55
27.0,6_CACTA002,TSS,Inflow,55
50.0,6_CACTA002,TSS,Inflow,55
163.0,6_CACTA002,TSS,Inflow,55
100.0,6_CACTA002,TSS,Inflow,56
50.0,6_CACTA002,TSS,Inflow,56
31.0,6_CACTA002,TSS,Inflow,56
57.0,6_CACTA002,TSS,Inflow,56
39.0,6_CACTA002,TSS,Inflow,56
10.0,6_CACTA002,TSS,Inflow,57
27.0,6_CACTA002,TSS,Inflow,57
155.0,6_CACTA002,TSS,Inflow,57
57.0,6_CACTA002,TSS,Inflow,57
163.0,6_CACTA002,TSS,Inflow,57
163.0,6_CACTA002,TSS,Inflow,58
94.0,6_CACTA002,TSS,Inflow,58
85.0,6_CACTA002,TSS,Inflow,58
44.0,6_CACTA002,TSS,Inflow,58
27.0,6_CACTA002,TSS,Inflow,58
163.0,6_CACTA002,TSS,Inflow,59
100.0,6_CACTA002,TSS,Inflow,59
57.0,6_CACTA002,TSS,Inflow,59
70.0,6_CACTA002,TSS,Inflow,59
94.0,6_CACTA002,TSS,Inflow,59
155.0,6_CACTA002,TSS,Inflow,60
55.0,6_CACTA002,TSS,Inflow,60
10.0,6_CACTA002,TSS,Inflow,60
100.0,6_CACTA002,TSS,Inflow,60
94.0,6_CACTA002,TSS,Inflow,60
163.0,6_CACTA002,TSS,Inflow,61
27.0,6_CACTA002,TSS,Inflow,61
44.0,6_CACTA002,TSS,Inflow,61
70.0,6_CACTA002,TSS,Inflow,61
55.0,6_CACTA002,TSS,Inflow,61
57.0,6_CACTA002,TSS,Inflow,62
70.0,6_CACTA002,TSS,Inflow,62
155.0,6_CACTA002,TSS,Inflow,62
27.0,6_CACTA002,TSS,Inflow,62
55.0,6_CACTA002,TSS,Inflow,62
70.0,6_CACTA002,TSS,Inflow,63
57.0,6_CACTA002,TSS,Inflow,63
10.0,6_CACTA002,TSS,Inflow,63
57.0,6_CACTA002,TSS,Inflow,63
44.0,6_CACTA002,TSS,Inflow,63
31.0,6_CACTA002,TSS,Inflow,64
70.0,6_CACTA002,TSS,Inflow,64
155.0,6_CACTA002,TSS,Inflow,64
57.0,6_CACTA002,TSS,Inflow,64
85.0,6_CACTA002,TSS,Inflow,64
55.0,6_CACTA002,TSS,Inflow,65
57.0,6_CACTA002,TSS,Inflow,65
94.0,6_CACTA002,TSS,Inflow,65
50.0,6_CACTA002,TSS,Inflow,65
85.0,6_CACTA002,TSS,Inflow,65
27.0,6_CACTA002,TSS,Inflow,66
57.0,6_CACTA002,TSS,Inflow,66
85.0,6_CACTA002,TSS,Inflow,66
39.0,6_CACTA002,TSS,Inflow,66
57.0,6_CACTA002,TSS,Inflow,66
27.0,6_CACTA002,TSS,Inflow,67
55.0,6_CACTA002,TSS,Inflow,67
31.0,6_CACTA002,TSS,Inflow,67
100.0,6_CACTA002,TSS,Inflow,67
94.0,6_CACTA002,TSS,Inflow,67
50.0,6_CACTA002,TSS,Inflow,68
55.0,6_CACTA002,TSS,Inflow,68
163.0,6_CACTA002,TSS,Inflow,68
70.0,6_CACTA002,TSS,Inflow,68
44.0,6_CACTA002,TSS,Inflow,68
57.0,6_CACTA002,TSS,Inflow,69
44.0,6_CACTA002,TSS,Inflow,69
31.0,6_CACTA002,TSS,Inflow,69
39.0,6_CACTA002,TSS,Inflow,69
10.0,6_CACTA002,TSS,Inflow,69
50.0,6_CACTA002,TSS,Inflow,70
10.0,6_CACTA002,TSS,Inflow,70
57.0,6_CACTA002,TSS,Inflow,70
31.0,6_CACTA002,TSS,Inflow,70
27.0,6_CACTA002,TSS,Inflow,70
85.0,6_CACTA002,TSS,Inflow,71
50.0,6_CACTA002,TSS,Inflow,71
57.0,6_CACTA002,TSS,Inflow,71
94.0,6_CACTA002,TSS,Inflow,71
39.0,6_CACTA002,TSS,Inflow,71
55.0,6_CACTA002,TSS,Inflow,72
57.0,6_CACTA002,TSS,Inflow,72
155.0,6_CACTA002,TSS,Inflow,72
10.0,6_CACTA002,TSS,Inflow,72
44.0,6_CACTA002,TSS,Inflow,72
100.0,6_CACTA002,TSS,Inflow,73
57.0,6_CACTA002,TSS,Inflow,73
39.0,6_CACTA002,TSS,Inflow,73
155.0,6_CACTA002,TSS,Inflow,73
57.0,6_CACTA002,TSS,Inflow,73
70.0,6_CACTA002,TSS,Inflow,74
27.0,6_CACTA002,TSS,Inflow,74
57.0,6_CACTA002,TSS,Inflow,74
57.0,6_CACTA002,TSS,Inflow,74
155.0,6_CACTA002,TSS,Inflow,74
57.0,6_CACTA002,TSS,Inflow,75
27.0,6_CACTA002,TSS,Inflow,75
31.0,6_CACTA002,TSS,Inflow,75
50.0,6_CACTA002,TSS,Inflow,75
10.0,6_CACTA002,TSS,Inflow,75
50.0,6_CACTA002,TSS,Inflow,76
44.0,6_CACTA002,TSS,Inflow,76
163.0,6_CACTA002,TSS,Inflow,76
10.0,6_CACTA002,TSS,Inflow,76
57.0,6_CACTA002,TSS,Inflow,76
31.0,6_CACTA002,TSS,Inflow,77
44.0,6_CACTA002,TSS,Inflow,77
39.0,6_CACTA002,TSS,Inflow,77
70.0,6_CACTA002,TSS,Inflow,77
94.0,6_CACTA002,TSS,Inflow,77
10.0,6_CACTA002,TSS,Inflow,78
39.0,6_CACTA002,TSS,Inflow,78
94.0,6_CACTA002,TSS,Inflow,78
163.0,6_CACTA002,TSS,Inflow,78
50.0,6_CACTA002,TSS,Inflow,78
44.0,6_CACTA002,TSS,Inflow,79
39.0,6_CACTA002,TSS,Inflow,79
94.0,6_CACTA002,TSS,Inflow,79
57.0,6_CACTA002,TSS,Inflow,79
163.0,6_CACTA002,TSS,Inflow,79
163.0,6_CACTA002,TSS,Inflow,80
70.0,6_CACTA002,TSS,Inflow,80
55.0,6_CACTA002,TSS,Inflow,80
85.0,6_CACTA002,TSS,Inflow,80
100.0,6_CACTA002,TSS,Inflow,80
163.0,6_CACTA002,TSS,Inflow,81
27.0,6_CACTA002,TSS,Inflow,81
31.0,6_CACTA002,TSS,Inflow,81
44.0,6_CACTA002,TSS,Inflow,81
39.0,6_CACTA002,TSS,Inflow,81
57.0,6_CACTA002,TSS,Inflow,82
155.0,6_CACTA002,TSS,Inflow,82
55.0,6_CACTA002,TSS,Inflow,82
50.0,6_CACTA002,TSS,Inflow,82
31.0,6_CACTA002,TSS,Inflow,82
55.0,6_CACTA002,TSS,Inflow,83
50.0,6_CACTA002,TSS,Inflow,83
94.0,6_CACTA002,TSS,Inflow,83
44.0,6_CACTA002,TSS,Inflow,83
57.0,6_CACTA002,TSS,Inflow,83
50.0,6_CACTA002,TSS,Inflow,84
57.0,6_CACTA002,TSS,Inflow,84
31.0,6_CACTA002,TSS,Inflow,84
163.0,6_CACTA002,TSS,Inflow,84
70.0,6_CACTA002,TSS,Inflow,84
50.0,6_CACTA002,TSS,Inflow,85
100.0,6_CACTA002,TSS,Inflow,85
10.0,6_CACTA002,TSS,Inflow,85
44.0,6_CACTA002,TSS,Inflow,85
39.0,6_CACTA002,TSS,Inflow,85
155.0,6_CACTA002,TSS,Inflow,86
31.0,6_CACTA002,TSS,Inflow,86
94.0,6_CACTA002,TSS,Inflow,86
39.0,6_CACTA002,TSS,Inflow,86
57.0,6_CACTA002,TSS,Inflow,86
31.0,6_CACTA002,TSS,Inflow,87
94.0,6_CACTA002,TSS,Inflow,87
155.0,6_CACTA002,TSS,Inflow,87
163.0,6_CACTA002,TSS,Inflow,87
27.0,6_CACTA002,TSS,Inflow,87
94.0,6_CACTA002,TSS,Inflow,88
155.0,6_CACTA002,TSS,Inflow,88
44.0,6_CACTA002,TSS,Inflow,88
27.0,6_CACTA002,TSS,Inflow,88
31.0,6_CACTA002,TSS,Inflow,88
163.0,6_CACTA002,TSS,Inflow,89
94.0,6_CACTA002,TSS,Inflow,89
55.0,6_CACTA002,TSS,Inflow,89
70.0,6_CACTA002,TSS,Inflow,89
50.0,6_CACTA002,TSS,Inflow,89
57.0,6_CACTA002,TSS,Inflow,90
163.0,6_CACTA002,TSS,Inflow,90
55.0,6_CACTA002,TSS,Inflow,90
155.0,6_CACTA002,TSS,Inflow,90
39.0,6_CACTA002,TSS,Inflow,90
31.0,6_CACTA002,TSS,Inflow,91
27.0,6_CACTA002,TSS,Inflow,91
163.0,6_CACTA002,TSS,Inflow,91
94.0,6_CACTA002,TSS,Inflow,91
10.0,6_CACTA002,TSS,Inflow,91
39.0,6_CACTA002,TSS,Inflow,92
31.0,6_CACTA002,TSS,Inflow,92
100.0,6_CACTA002,TSS,Inflow,92
10.0,6_CACTA002,TSS,Inflow,92
55.0,6_CACTA002,TSS,Inflow,92
100.0,6_CACTA002,TSS,Inflow,93
10.0,6_CACTA002,TSS,Inflow,93
57.0,6_CACTA002,TSS,Inflow,93
94.0,6_CACTA002,TSS,Inflow,93
55.0,6_CACTA002,TSS,Inflow,93
27.0,6_CACTA002,TSS,Inflow,94
39.0,6_CACTA002,TSS,Inflow,94
10.0,6_CACTA002,TSS,Inflow,94
50.0,6_CACTA002,TSS,Inflow,94
44.0,6_CACTA002,TSS,Inflow,94
44.0,6_CACTA002,TSS,Inflow,95
27.0,6_CACTA002,TSS,Inflow,95
155.0,6_CACTA002,TSS,Inflow,95
55.0,6_CACTA002,TSS,Inflow,95
57.0,6_CACTA002,TSS,Inflow,95
100.0,6_CACTA002,TSS,Inflow,96
55.0,6_CACTA002,TSS,Inflow,96
85.0,6_CACTA002,TSS,Inflow,96
155.0,6_CACTA002,TSS,Inflow,96
94.0,6_CACTA002,TSS,Inflow,96
85.0,6_CACTA002,TSS,Inflow,97
100.0,6_CACTA002,TSS,Inflow,97
94.0,6_CACTA002,TSS,Inflow,97
39.0,6_CACTA002,TSS,Inflow,97
44.0,6_CACTA002,TSS,Inflow,97
50.0,6_CACTA002,TSS,Inflow,98
44.0,6_CACTA002,TSS,Inflow,98
163.0,6_CACTA002,TSS,Inflow,98
55.0,6_CACTA002,TSS,Inflow,98
57.0,6_CACTA002,TSS,Inflow,98
31.0,6_CACTA002,TSS,Inflow,99
27.0,6_CACTA002,TSS,Inflow,99
155.0,6_CACTA002,TSS,Inflow,99
57.0,6_CACTA002,TSS,Inflow,99
100.0,6_CACTA002,TSS,Inflow,99
70.0,6_CACTA002,TSS,Inflow,100
10.0,6_CACTA002,TSS,Inflow,100
39.0,6_CACTA002,TSS,Inflow,100
50.0,6_CACTA002,TSS,Inflow,100
57.0,6_CACTA002,TSS,Inflow,100
31.0,6_CACTA002,TSS,Inflow,101
100.0,6_CACTA002,TSS,Inflow,101
55.0,6_CACTA002,TSS,Inflow,101
57.0,6_CACTA002,TSS,Inflow,101
50.0,6_CACTA002,TSS,Inflow,101
57.0,6_CACTA002,TSS,Inflow,102
85.0,6_CACTA002,TSS,Inflow,102
44.0,6_CACTA002,TSS,Inflow,102
39.0,6_CACTA002,TSS,Inflow,102
50.0,6_CACTA002,TSS,Inflow,102
57.0,6_CACTA002,TSS,Inflow,103
10.0,6_CACTA002,TSS,Inflow,103
39.0,6_CACTA002,TSS,Inflow,103
100.0,6_CACTA002,TSS,Inflow,103
44.0,6_CACTA002,TSS,Inflow,103
163.0,6_CACTA002,TSS,Inflow,104
100.0,6_CACTA002,TSS,Inflow,104
57.0,6_CACTA002,TSS,Inflow,104
27.0,6_CACTA002,TSS,Inflow,104
39.0,6_CACTA002,TSS,Inflow,104
50.0,6_CACTA002,TSS,Inflow,105
57.0,6_CACTA002,TSS,Inflow,105
39.0,6_CACTA002,TSS,Inflow,105
70.0,6_CACTA002,TSS,Inflow,105
155.0,6_CACTA002,TSS,Inflow,105
100.0,6_CACTA002,TSS,Inflow,106
44.0,6_CACTA002,TSS,Inflow,106
31.0,6_CACTA002,TSS,Inflow,106
50.0,6_CACTA002,TSS,Inflow,106
39.0,6_CACTA002,TSS,Inflow,106
39.0,6_CACTA002,TSS,Inflow,107
57.0,6_CACTA002,TSS,Inflow,107
94.0,6_CACTA002,TSS,Inflow,107
44.0,6_CACTA002,TSS,Inflow,107
70.0,6_CACTA002,TSS,Inflow,107
27.0,6_CACTA002,TSS,Inflow,108
44.0,6_CACTA002,TSS,Inflow,108
10.0,6_CACTA002,TSS,Inflow,108
94.0,6_CACTA002,TSS,Inflow,108
155.0,6_CACTA002,TSS,Inflow,108
10.0,6_CACTA002,TSS,Inflow,109
163.0,6_CACTA002,TSS,Inflow,109
50.0,6_CACTA002,TSS,Inflow,109
57.0,6_CACTA002,TSS,Inflow,109
70.0,6_CACTA002,TSS,Inflow,109
31.0,6_CACTA002,TSS,Inflow,110
70.0,6_CACTA002,TSS,Inflow,110
57.0,6_CACTA002,TSS,Inflow,110
100.0,6_CACTA002,TSS,Inflow,110
85.0,6_CACTA002,TSS,Inflow,110
70.0,6_CACTA002,TSS,Inflow,111
155.0,6_CACTA002,TSS,Inflow,111
44.0,6_CACTA002,TSS,Inflow,111
10.0,6_CACTA002,TSS,Inflow,111
39.0,6_CACTA002,TSS,Inflow,111
44.0,6_CACTA002,TSS,Inflow,112
55.0,6_CACTA002,TSS,Inflow,112
57.0,6_CACTA002,TSS,Inflow,112
155.0,6_CACTA002,TSS,Inflow,112
163.0,6_CACTA002,TSS,Inflow,112
163.0,6_CACTA002,TSS,Inflow,113
39.0,6_CACTA002,TSS,Inflow,113
155.0,6_CACTA002,TSS,Inflow,113
50.0,6_CACTA002,TSS,Inflow,113
27.0,6_CACTA002,TSS,Inflow,113
155.0,6_CACTA002,TSS,Inflow,114
10.0,6_CACTA002,TSS,Inflow,114
31.0,6_CACTA002,TSS,Inflow,114
163.0,6_CACTA002,TSS,Inflow,114
27.0,6_CACTA002,TSS,Inflow,114
100.0,6_CACTA002,TSS,Inflow,115
94.0,6_CACTA002,TSS,Inflow,115
85.0,6_CACTA002,TSS,Inflow,115
55.0,6_CACTA002,TSS,Inflow,115
44.0,6_CACTA002,TSS,Inflow,115
55.0,6_CACTA002,TSS,Inflow,116
163.0,6_CACTA002,TSS,Inflow,116
155.0,6_CACTA002,TSS,Inflow,116
50.0,6_CACTA002,TSS,Inflow,116
85.0,6_CACTA002,TSS,Inflow,116
44.0,6_CACTA002,TSS,Inflow,117
94.0,6_CACTA002,TSS,Inflow,117
155.0,6_CACTA002,TSS,Inflow,117
39.0,6_CACTA002,TSS,Inflow,117
85.0,6_CACTA002,TSS,Inflow,117
31.0,6_CACTA002,TSS,Inflow,118
100.0,6_CACTA002,TSS,Inflow,118
94.0,6_CACTA002,TSS,Inflow,118
70.0,6_CACTA002,TSS,Inflow,118
155.0,6_CACTA002,TSS,Inflow,118
94.0,6_CACTA002,TSS,Inflow,119
163.0,6_CACTA002,TSS,Inflow,119
57.0,6_CACTA002,TSS,Inflow,119
70.0,6_CACTA002,TSS,Inflow,119
100.0,6_CACTA002,TSS,Inflow,119
27.0,6_CACTA002,TSS,Inflow,120
10.0,6_CACTA002,TSS,Inflow,120
94.0,6_CACTA002,TSS,Inflow,120
55.0,6_CACTA002,TSS,Inflow,120
155.0,6_CACTA002,TSS,Inflow,120
85.0,6_CACTA002,TSS,Inflow,121
100.0,6_CACTA002,TSS,Inflow,121
57.0,6_CACTA002,TSS,Inflow,121
44.0,6_CACTA002,TSS,Inflow,121
155.0,6_CACTA002,TSS,Inflow,121
70.0,6_CACTA002,TSS,Inflow,122
39.0,6_CACTA002,TSS,Inflow,122
10.0,6_CACTA002,TSS,Inflow,122
31.0,6_CACTA002,TSS,Inflow,122
85.0,6_CACTA002,TSS,Inflow,122
85.0,6_CACTA002,TSS,Inflow,123
10.0,6_CACTA002,TSS,Inflow,123
44.0,6_CACTA002,TSS,Inflow,123
57.0,6_CACTA002,TSS,Inflow,123
31.0,6_CACTA002,TSS,Inflow,123
55.0,6_CACTA002,TSS,Inflow,124
70.0,6_CACTA002,TSS,Inflow,124
57.0,6_CACTA002,TSS,Inflow,124
100.0,6_CACTA002,TSS,Inflow,124
10.0,6_CACTA002,TSS,Inflow,124
10.0,6_CACTA002,TSS,Inflow,125
55.0,6_CACTA002,TSS,Inflow,125
27.0,6_CACTA002,TSS,Inflow,125
163.0,6_CACTA002,TSS,Inflow,125
100.0,6_CACTA002,TSS,Inflow,125
50.0,6_CACTA002,TSS,Inflow,126
163.0,6_CACTA002,TSS,Inflow,126
44.0,6_CACTA002,TSS,Inflow,126
57.0,6_CACTA002,TSS,Inflow,126
85.0,6_CACTA002,TSS,Inflow,126
31.0,6_CACTA002,TSS,Inflow,127
100.0,6_CACTA002,TSS,Inflow,127
163.0,6_CACTA002,TSS,Inflow,127
55.0,6_CACTA002,TSS,Inflow,127
39.0,6_CACTA002,TSS,Inflow,127
100.0,6_CACTA002,TSS,Inflow,128
155.0,6_CACTA002,TSS,Inflow,128
50.0,6_CACTA002,TSS,Inflow,128
55.0,6_CACTA002,TSS,Inflow,128
94.0,6_CACTA002,TSS,Inflow,128
85.0,6_CACTA002,TSS,Inflow,129
39.0,6_CACTA002,TSS,Inflow,129
155.0,6_CACTA002,TSS,Inflow,129
70.0,6_CACTA002,TSS,Inflow,129
50.0,6_CACTA002,TSS,Inflow,129
44.0,6_CACTA002,TSS,Inflow,130
85.0,6_CACTA002,TSS,Inflow,130
10.0,6_CACTA002,TSS,Inflow,130
27.0,6_CACTA002,TSS,Inflow,130
57.0,6_CACTA002,TSS,Inflow,130
39.0,6_CACTA002,TSS,Inflow,131
50.0,6_CACTA002,TSS,Inflow,131
44.0,6_CACTA002,TSS,Inflow,131
155.0,6_CACTA002,TSS,Inflow,131
55.0,6_CACTA002,TSS,Inflow,131
57.0,6_CACTA002,TSS,Inflow,132
44.0,6_CACTA002,TSS,Inflow,132
10.0,6_CACTA002,TSS,Inflow,132
94.0,6_CACTA002,TSS,Inflow,132
155.0,6_CACTA002,TSS,Inflow,132
31.0,6_CACTA002,TSS,Inflow,133
39.0,6_CACTA002,TSS,Inflow,133
44.0,6_CACTA002,TSS,Inflow,133
50.0,6_CACTA002,TSS,Inflow,133
27.0,6_CACTA002,TSS,Inflow,133
85.0,6_CACTA002,TSS,Inflow,134
57.0,6_CACTA002,TSS,Inflow,134
94.0,6_CACTA002,TSS,Inflow,134
50.0,6_CACTA002,TSS,Inflow,134
57.0,6_CACTA002,TSS,Inflow,134
27.0,6_CACTA002,TSS,Inflow,135
155.0,6_CACTA002,TSS,Inflow,135
163.0,6_CACTA002,TSS,Inflow,135
57.0,6_CACTA002,TSS,Inflow,135
100.0,6_CACTA002,TSS,Inflow,135
39.0,6_CACTA002,TSS,Inflow,136
50.0,6_CACTA002,TSS,Inflow,136
55.0,6_CACTA002,TSS,Inflow,136
70.0,6_CACTA002,TSS,Inflow,136
57.0,6_CACTA002,TSS,Inflow,136
163.0,6_CACTA002,TSS,Inflow,137
155.0,6_CACTA002,TSS,Inflow,137
50.0,6_CACTA002,TSS,Inflow,137
55.0,6_CACTA002,TSS,Inflow,137
94.0,6_CACTA002,TSS,Inflow,137
55.0,6_CACTA002,TSS,Inflow,138
70.0,6_CACTA002,TSS,Inflow,138
44.0,6_CACTA002,TSS,Inflow,138
39.0,6_CACTA002,TSS,Inflow,138
27.0,6_CACTA002,TSS,Inflow,138
57.0,6_CACTA002,TSS,Inflow,139
50.0,6_CACTA002,TSS,Inflow,139
10.0,6_CACTA002,TSS,Inflow,139
39.0,6_CACTA002,TSS,Inflow,139
27.0,6_CACTA002,TSS,Inflow,139
10.0,6_CACTA002,TSS,Inflow,140
44.0,6_CACTA002,TSS,Inflow,140
31.0,6_CACTA002,TSS,Inflow,140
55.0,6_CACTA002,TSS,Inflow,140
100.0,6_CACTA002,TSS,Inflow,140
85.0,6_CACTA002,TSS,Inflow,141
163.0,6_CACTA002,TSS,Inflow,141
70.0,6_CACTA002,TSS,Inflow,141
100.0,6_CACTA002,TSS,Inflow,141
55.0,6_CACTA002,TSS,Inflow,141
10.0,6_CACTA002,TSS,Inflow,142
44.0,6_CACTA002,TSS,Inflow,142
155.0,6_CACTA002,TSS,Inflow,142
27.0,6_CACTA002,TSS,Inflow,142
39.0,6_CACTA002,TSS,Inflow,142
100.0,6_CACTA002,TSS,Inflow,143
44.0,6_CACTA002,TSS,Inflow,143
31.0,6_CACTA002,TSS,Inflow,143
57.0,6_CACTA002,TSS,Inflow,143
70.0,6_CACTA002,TSS,Inflow,143
27.0,6_CACTA002,TSS,Inflow,144
55.0,6_CACTA002,TSS,Inflow,144
70.0,6_CACTA002,TSS,Inflow,144
44.0,6_CACTA002,TSS,Inflow,144
57.0,6_CACTA002,TSS,Inflow,144
55.0,6_CACTA002,TSS,Inflow,145
94.0,6_CACTA002,TSS,Inflow,145
27.0,6_CACTA002,TSS,Inflow,145
44.0,6_CACTA002,TSS,Inflow,145
70.0,6_CACTA002,TSS,Inflow,145
57.0,6_CACTA002,TSS,Inflow,146
27.0,6_CACTA002,TSS,Inflow,146
155.0,6_CACTA002,TSS,Inflow,146
39.0,6_CACTA002,TSS,Inflow,146
94.0,6_CACTA002,TSS,Inflow,146
55.0,6_CACTA002,TSS,Inflow,147
57.0,6_CACTA002,TSS,Inflow,147
50.0,6_CACTA002,TSS,Inflow,147
155.0,6_CACTA002,TSS,Inflow,147
39.0,6_CACTA002,TSS,Inflow,147
50.0,6_CACTA002,TSS,Inflow,148
57.0,6_CACTA002,TSS,Inflow,148
155.0,6_CACTA002,TSS,Inflow,148
94.0,6_CACTA002,TSS,Inflow,148
10.0,6_CACTA002,TSS,Inflow,148
44.0,6_CACTA002,TSS,Inflow,149
57.0,6_CACTA002,TSS,Inflow,149
155.0,6_CACTA002,TSS,Inflow,149
31.0,6_CACTA002,TSS,Inflow,149
27.0,6_CACTA002,TSS,Inflow,149
39.0,6_CACTA002,TSS,Inflow,150
57.0,6_CACTA002,TSS,Inflow,150
70.0,6_CACTA002,TSS,Inflow,150
27.0,6_CACTA002,TSS,Inflow,150
100.0,6_CACTA002,TSS,Inflow,150
70.0,6_CACTA002,TSS,Inflow,151
44.0,6_CACTA002,TSS,Inflow,151
100.0,6_CACTA002,TSS,Inflow,151
10.0,6_CACTA002,TSS,Inflow,151
57.0,6_CACTA002,TSS,Inflow,151
94.0,6_CACTA002,TSS,Inflow,152
10.0,6_CACTA002,TSS,Inflow,152
57.0,6_CACTA002,TSS,Inflow,152
39.0,6_CACTA002,TSS,Inflow,152
27.0,6_CACTA002,TSS,Inflow,152
55.0,6_CACTA002,TSS,Inflow,153
85.0,6_CACTA002,TSS,Inflow,153
57.0,6_CACTA002,TSS,Inflow,153
31.0,6_CACTA002,TSS,Inflow,153
70.0,6_CACTA002,TSS,Inflow,153
100.0,6_CACTA002,TSS,Inflow,154
57.0,6_CACTA002,TSS,Inflow,154
155.0,6_CACTA002,TSS,Inflow,154
39.0,6_CACTA002,TSS,Inflow,154
57.0,6_CACTA002,TSS,Inflow,154
10.0,6_CACTA002,TSS,Inflow,155
85.0,6_CACTA002,TSS,Inflow,155
94.0,6_CACTA002,TSS,Inflow,155
57.0,6_CACTA002,TSS,Inflow,155
44.0,6_CACTA002,TSS,Inflow,155
57.0,6_CACTA002,TSS,Inflow,156
27.0,6_CACTA002,TSS,Inflow,156
100.0,6_CACTA002,TSS,Inflow,156
94.0,6_CACTA002,TSS,Inflow,156
163.0,6_CACTA002,TSS,Inflow,156
27.0,6_CACTA002,TSS,Inflow,157
155.0,6_CACTA002,TSS,Inflow,157
70.0,6_CACTA002,TSS,Inflow,157
163.0,6_CACTA002,TSS,Inflow,157
55.0,6_CACTA002,TSS,Inflow,157
57.0,6_CACTA002,TSS,Inflow,158
10.0,6_CACTA002,TSS,Inflow,158
31.0,6_CACTA002,TSS,Inflow,158
57.0,6_CACTA002,TSS,Inflow,158
155.0,6_CACTA002,TSS,Inflow,158
94.0,6_CACTA002,TSS,Inflow,159
44.0,6_CACTA002,TSS,Inflow,159
100.0,6_CACTA002,TSS,Inflow,159
85.0,6_CACTA002,TSS,Inflow,159
163.0,6_CACTA002,TSS,Inflow,159
94.0,6_CACTA002,TSS,Inflow,160
163.0,6_CACTA002,TSS,Inflow,160
85.0,6_CACTA002,TSS,Inflow,160
27.0,6_CACTA002,TSS,Inflow,160
31.0,6_CACTA002,TSS,Inflow,160
44.0,6_CACTA002,TSS,Inflow,161
27.0,6_CACTA002,TSS,Inflow,161
39.0,6_CACTA002,TSS,Inflow,161
31.0,6_CACTA002,TSS,Inflow,161
55.0,6_CACTA002,TSS,Inflow,161
94.0,6_CACTA002,TSS,Inflow,162
163.0,6_CACTA002,TSS,Inflow,162
70.0,6_CACTA002,TSS,Inflow,162
85.0,6_CACTA002,TSS,Inflow,162
39.0,6_CACTA002,TSS,Inflow,162
94.0,6_CACTA002,TSS,Inflow,163
27.0,6_CACTA002,TSS,Inflow,163
55.0,6_CACTA002,TSS,Inflow,163
39.0,6_CACTA002,TSS,Inflow,163
31.0,6_CACTA002,TSS,Inflow,163
100.0,6_CACTA002,TSS,Inflow,164
44.0,6_CACTA002,TSS,Inflow,164
57.0,6_CACTA002,TSS,Inflow,164
57.0,6_CACTA002,TSS,Inflow,164
70.0,6_CACTA002,TSS,Inflow,164
57.0,6_CACTA002,TSS,Inflow,165
50.0,6_CACTA002,TSS,Inflow,165
44.0,6_CACTA002,TSS,Inflow,165
27.0,6_CACTA002,TSS,Inflow,165
94.0,6_CACTA002,TSS,Inflow,165
27.0,6_CACTA002,TSS,Inflow,166
31.0,6_CACTA002,TSS,Inflow,166
70.0,6_CACTA002,TSS,Inflow,166
39.0,6_CACTA002,TSS,Inflow,166
100.0,6_CACTA002,TSS,Inflow,166
57.0,6_CACTA002,TSS,Inflow,167
44.0,6_CACTA002,TSS,Inflow,167
100.0,6_CACTA002,TSS,Inflow,167
163.0,6_CACTA002,TSS,Inflow,167
57.0,6_CACTA002,TSS,Inflow,167
50.0,6_CACTA002,TSS,Inflow,168
57.0,6_CACTA002,TSS,Inflow,168
31.0,6_CACTA002,TSS,Inflow,168
10.0,6_CACTA002,TSS,Inflow,168
55.0,6_CACTA002,TSS,Inflow,168
57.0,6_CACTA002,TSS,Inflow,169
39.0,6_CACTA002,TSS,Inflow,169
55.0,6_CACTA002,TSS,Inflow,169
44.0,6_CACTA002,TSS,Inflow,169
50.0,6_CACTA002,TSS,Inflow,169
70.0,6_CACTA002,TSS,Inflow,170
27.0,6_CACTA002,TSS,Inflow,170
57.0,6_CACTA002,TSS,Inflow,170
44.0,6_CACTA002,TSS,Inflow,170
10.0,6_CACTA002,TSS,Inflow,170
10.0,6_CACTA002,TSS,Inflow,171
85.0,6_CACTA002,TSS,Inflow,171
31.0,6_CACTA002,TSS,Inflow,171
44.0,6_CACTA002,TSS,Inflow,171
57.0,6_CACTA002,TSS,Inflow,171
44.0,6_CACTA002,TSS,Inflow,172
55.0,6_CACTA002,TSS,Inflow,172
94.0,6_CACTA002,TSS,Inflow,172
50.0,6_CACTA002,TSS,Inflow,172
85.0,6_CACTA002,TSS,Inflow,172
55.0,6_CACTA002,TSS,Inflow,173
31.0,6_CACTA002,TSS,Inflow,173
100.0,6_CACTA002,TSS,Inflow,173
70.0,6_CACTA002,TSS,Inflow,173
94.0,6_CACTA002,TSS,Inflow,173
57.0,6_CACTA002,TSS,Inflow,174
55.0,6_CACTA002,TSS,Inflow,174
94.0,6_CACTA002,TSS,Inflow,174
27.0,6_CACTA002,TSS,Inflow,174
39.0,6_CACTA002,TSS,Inflow,174
50.0,6_CACTA002,TSS,Inflow,175
57.0,6_CACTA002,TSS,Inflow,175
27.0,6_CACTA002,TSS,Inflow,175
44.0,6_CACTA002,TSS,Inflow,175
31.0,6_CACTA002,TSS,Inflow,175
50.0,6_CACTA002,TSS,Inflow,176
27.0,6_CACTA002,TSS,Inflow,176
31.0,6_CACTA002,TSS,Inflow,176
85.0,6_CACTA002,TSS,Inflow,176
39.0,6_CACTA002,TSS,Inflow,176
39.0,6_CACTA002,TSS,Inflow,177
57.0,6_CACTA002,TSS,Inflow,177
163.0,6_CACTA002,TSS,Inflow,177
44.0,6_CACTA002,TSS,Inflow,177
31.0,6_CACTA002,TSS,Inflow,177
39.0,6_CACTA002,TSS,Inflow,178
94.0,6_CACTA002,TSS,Inflow,178
100.0,6_CACTA002,TSS,Inflow,178
50.0,6_CACTA002,TSS,Inflow,178
10.0,6_CACTA002,TSS,Inflow,178
10.0,6_CACTA002,TSS,Inflow,179
163.0,6_CACTA002,TSS,Inflow,179
100.0,6_CACTA002,TSS,Inflow,179
57.0,6_CACTA002,TSS,Inflow,179
155.0,6_CACTA002,TSS,Inflow,179
85.0,6_CACTA002,TSS,Inflow,180
155.0,6_CACTA002,TSS,Inflow,180
10.0,6_CACTA002,TSS,Inflow,180
50.0,6_CACTA002,TSS,Inflow,180
44.0,6_CACTA002,TSS,Inflow,180
94.0,6_CACTA002,TSS,Inflow,181
55.0,6_CACTA002,TSS,Inflow,181
85.0,6_CACTA002,TSS,Inflow,181
50.0,6_CACTA002,TSS,Inflow,181
44.0,6_CACTA002,TSS,Inflow,181
50.0,6_CACTA002,TSS,Inflow,182
10.0,6_CACTA002,TSS,Inflow,182
85.0,6_CACTA002,TSS,Inflow,182
57.0,6_CACTA002,TSS,Inflow,182
94.0,6_CACTA002,TSS,Inflow,182
27.0,6_CACTA002,TSS,Inflow,183
57.0,6_CACTA002,TSS,Inflow,183
50.0,6_CACTA002,TSS,Inflow,183
100.0,6_CACTA002,TSS,Inflow,183
44.0,6_CACTA002,TSS,Inflow,183
10.0,6_CACTA002,TSS,Inflow,184
55.0,6_CACTA002,TSS,Inflow,184
50.0,6_CACTA002,TSS,Inflow,184
27.0,6_CACTA002,TSS,Inflow,184
85.0,6_CACTA002,TSS,Inflow,184
100.0,6_CACTA002,TSS,Inflow,185
44.0,6_CACTA002,TSS,Inflow,185
10.0,6_CACTA002,TSS,Inflow,185
31.0,6_CACTA002,TSS,Inflow,185
94.0,6_CACTA002,TSS,Inflow,185
31.0,6_CACTA002,TSS,Inflow,186
10.0,6_CACTA002,TSS,Inflow,186
57.0,6_CACTA002,TSS,Inflow,186
44.0,6_CACTA002,TSS,Inflow,186
57.0,6_CACTA002,TSS,Inflow,186
27.0,6_CACTA002,TSS,Inflow,187
55.0,6_CACTA002,TSS,Inflow,187
163.0,6_CACTA002,TSS,Inflow,187
39.0,6_CACTA002,TSS,Inflow,187
44.0,6_CACTA002,TSS,Inflow,187
85.0,6_CACTA002,TSS,Inflow,188
55.0,6_CACTA002,TSS,Inflow,188
100.0,6_CACTA002,TSS,Inflow,188
57.0,6_CACTA002,TSS,Inflow,188
94.0,6_CACTA002,TSS,Inflow,188
57.0,6_CACTA002,TSS,Inflow,189
31.0,6_CACTA002,TSS,Inflow,189
10.0,6_CACTA002,TSS,Inflow,189
55.0,6_CACTA002,TSS,Inflow,189
57.0,6_CACTA002,TSS,Inflow,189
70.0,6_CACTA002,TSS,Inflow,190
57.0,6_CACTA002,TSS,Inflow,190
39.0,6_CACTA002,TSS,Inflow,190
100.0,6_CACTA002,TSS,Inflow,190
44.0,6_CACTA002,TSS,Inflow,190
39.0,6_CACTA002,TSS,Inflow,191
55.0,6_CACTA002,TSS,Inflow,191
31.0,6_CACTA002,TSS,Inflow,191
57.0,6_CACTA002,TSS,Inflow,191
50.0,6_CACTA002,TSS,Inflow,191
155.0,6_CACTA002,TSS,Inflow,192
163.0,6_CACTA002,TSS,Inflow,192
57.0,6_CACTA002,TSS,Inflow,192
70.0,6_CACTA002,TSS,Inflow,192
57.0,6_CACTA002,TSS,Inflow,192
10.0,6_CACTA002,TSS,Inflow,193
31.0,6_CACTA002,TSS,Inflow,193
57.0,6_CACTA002,TSS,Inflow,193
155.0,6_CACTA002,TSS,Inflow,193
94.0,6_CACTA002,TSS,Inflow,193
100.0,6_CACTA002,TSS,Inflow,194
50.0,6_CACTA002,TSS,Inflow,194
57.0,6_CACTA002,TSS,Inflow,194
70.0,6_CACTA002,TSS,Inflow,194
10.0,6_CACTA002,TSS,Inflow,194
55.0,6_CACTA002,TSS,Inflow,195
100.0,6_CACTA002,TSS,Inflow,195
57.0,6_CACTA002,TSS,Inflow,195
94.0,6_CACTA002,TSS,Inflow,195
39.0,6_CACTA002,TSS,Inflow,195
55.0,6_CACTA002,TSS,Inflow,196
39.0,6_CACTA002,TSS,Inflow,196
31.0,6_CACTA002,TSS,Inflow,196
70.0,6_CACTA002,TSS,Inflow,196
57.0,6_CACTA002,TSS,Inflow,196
55.0,6_CACTA002,TSS,Inflow,197
70.0,6_CACTA002,TSS,Inflow,197
94.0,6_CACTA002,TSS,Inflow,197
85.0,6_CACTA002,TSS,Inflow,197
57.0,6_CACTA002,TSS,Inflow,197
85.0,6_CACTA002,TSS,Inflow,198
50.0,6_CACTA002,TSS,Inflow,198
163.0,6_CACTA002,TSS,Inflow,198
55.0,6_CACTA002,TSS,Inflow,198
10.0,6_CACTA002,TSS,Inflow,198
100.0,6_CACTA002,TSS,Inflow,199
94.0,6_CACTA002,TSS,Inflow,199
155.0,6_CACTA002,TSS,Inflow,199
70.0,6_CACTA002,TSS,Inflow,199
55.0,6_CACTA002,TSS,Inflow,199
10.0,6_CACTA002,TSS,Inflow,200
27.0,6_CACTA002,TSS,Inflow,200
94.0,6_CACTA002,TSS,Inflow,200
57.0,6_CACTA002,TSS,Inflow,200
50.0,6_CACTA002,TSS,Inflow,200
85.0,6_CACTA002,TSS,Inflow,201
163.0,6_CACTA002,TSS,Inflow,201
100.0,6_CACTA002,TSS,Inflow,201
44.0,6_CACTA002,TSS,Inflow,201
57.0,6_CACTA002,TSS,Inflow,201
10.0,6_CACTA002,TSS,Inflow,202
100.0,6_CACTA002,TSS,Inflow,202
50.0,6_CACTA002,TSS,Inflow,202
27.0,6_CACTA002,TSS,Inflow,202
163.0,6_CACTA002,TSS,Inflow,202
27.0,6_CACTA002,TSS,Inflow,203
94.0,6_CACTA002,TSS,Inflow,203
70.0,6_CACTA002,TSS,Inflow,203
100.0,6_CACTA002,TSS,Inflow,203
55.0,6_CACTA002,TSS,Inflow,203
94.0,6_CACTA002,TSS,Inflow,204
85.0,6_CACTA002,TSS,Inflow,204
100.0,6_CACTA002,TSS,Inflow,204
31.0,6_CACTA002,TSS,Inflow,204
39.0,6_CACTA002,TSS,Inflow,204
31.0,6_CACTA002,TSS,Inflow,205
57.0,6_CACTA002,TSS,Inflow,205
57.0,6_CACTA002,TSS,Inflow,205
27.0,6_CACTA002,TSS,Inflow,205
44.0,6_CACTA002,TSS,Inflow,205
39.0,6_CACTA002,TSS,Inflow,206
163.0,6_CACTA002,TSS,Inflow,206
57.0,6_CACTA002,TSS,Inflow,206
85.0,6_CACTA002,TSS,Inflow,206
55.0,6_CACTA002,TSS,Inflow,206
94.0,6_CACTA002,TSS,Inflow,207
163.0,6_CACTA002,TSS,Inflow,207
27.0,6_CACTA002,TSS,Inflow,207
57.0,6_CACTA002,TSS,Inflow,207
85.0,6_CACTA002,TSS,Inflow,207
31.0,6_CACTA002,TSS,Inflow,208
57.0,6_CACTA002,TSS,Inflow,208
155.0,6_CACTA002,TSS,Inflow,208
44.0,6_CACTA002,TSS,Inflow,208
39.0,6_CACTA002,TSS,Inflow,208
70.0,6_CACTA002,TSS,Inflow,209
85.0,6_CACTA002,TSS,Inflow,209
57.0,6_CACTA002,TSS,Inflow,209
100.0,6_CACTA002,TSS,Inflow,209
55.0,6_CACTA002,TSS,Inflow,209
94.0,6_CACTA002,TSS,Inflow,210
27.0,6_CACTA002,TSS,Inflow,210
70.0,6_CACTA002,TSS,Inflow,210
85.0,6_CACTA002,TSS,Inflow,210
39.0,6_CACTA002,TSS,Inflow,210
163.0,6_CACTA002,TSS,Inflow,211
57.0,6_CACTA002,TSS,Inflow,211
10.0,6_CACTA002,TSS,Inflow,211
155.0,6_CACTA002,TSS,Inflow,211
44.0,6_CACTA002,TSS,Inflow,211
50.0,6_CACTA002,TSS,Inflow,212
85.0,6_CACTA002,TSS,Inflow,212
100.0,6_CACTA002,TSS,Inflow,212
94.0,6_CACTA002,TSS,Inflow,212
55.0,6_CACTA002,TSS,Inflow,212
70.0,6_CACTA002,TSS,Inflow,213
10.0,6_CACTA002,TSS,Inflow,213
163.0,6_CACTA002,TSS,Inflow,213
100.0,6_CACTA002,TSS,Inflow,213
57.0,6_CACTA002,TSS,Inflow,213
70.0,6_CACTA002,TSS,Inflow,214
39.0,6_CACTA002,TSS,Inflow,214
94.0,6_CACTA002,TSS,Inflow,214
85.0,6_CACTA002,TSS,Inflow,214
50.0,6_CACTA002,TSS,Inflow,214
57.0,6_CACTA002,TSS,Inflow,215
163.0,6_CACTA002,TSS,Inflow,215
155.0,6_CACTA002,TSS,Inflow,215
44.0,6_CACTA002,TSS,Inflow,215
100.0,6_CACTA002,TSS,Inflow,215
155.0,6_CACTA002,TSS,Inflow,216
50.0,6_CACTA002,TSS,Inflow,216
31.0,6_CACTA002,TSS,Inflow,216
39.0,6_CACTA002,TSS,Inflow,216
10.0,6_CACTA002,TSS,Inflow,216
85.0,6_CACTA002,TSS,Inflow,217
10.0,6_CACTA002,TSS,Inflow,217
100.0,6_CACTA002,TSS,Inflow,217
55.0,6_CACTA002,TSS,Inflow,217
31.0,6_CACTA002,TSS,Inflow,217
85.0,6_CACTA002,TSS,Inflow,218
44.0,6_CACTA002,TSS,Inflow,218
94.0,6_CACTA002,TSS,Inflow,218
57.0,6_CACTA002,TSS,Inflow,218
155.0,6_CACTA002,TSS,Inflow,218
39.0,6_CACTA002,TSS,Inflow,219
55.0,6_CACTA002,TSS,Inflow,219
27.0,6_CACTA002,TSS,Inflow,219
70.0,6_CACTA002,TSS,Inflow,219
155.0,6_CACTA002,TSS,Inflow,219
50.0,6_CACTA002,TSS,Inflow,220
31.0,6_CACTA002,TSS,Inflow,220
57.0,6_CACTA002,TSS,Inflow,220
44.0,6_CACTA002,TSS,Inflow,220
55.0,6_CACTA002,TSS,Inflow,220
10.0,6_CACTA002,TSS,Inflow,221
31.0,6_CACTA002,TSS,Inflow,221
27.0,6_CACTA002,TSS,Inflow,221
55.0,6_CACTA002,TSS,Inflow,221
100.0,6_CACTA002,TSS,Inflow,221
50.0,6_CACTA002,TSS,Inflow,222
27.0,6_CACTA002,TSS,Inflow,222
57.0,6_CACTA002,TSS,Inflow,222
31.0,6_CACTA002,TSS,Inflow,222
155.0,6_CACTA002,TSS,Inflow,222
39.0,6_CACTA002,TSS,Inflow,223
31.0,6_CACTA002,TSS,Inflow,223
10.0,6_CACTA002,TSS,Inflow,223
155.0,6_CACTA002,TSS,Inflow,223
94.0,6_CACTA002,TSS,Inflow,223
10.0,6_CACTA002,TSS,Inflow,224
55.0,6_CACTA002,TSS,Inflow,224
85.0,6_CACTA002,TSS,Inflow,224
94.0,6_CACTA002,TSS,Inflow,224
39.0,6_CACTA002,TSS,Inflow,224
55.0,6_CACTA002,TSS,Inflow,225
10.0,6_CACTA002,TSS,Inflow,225
39.0,6_CACTA002,TSS,Inflow,225
155.0,6_CACTA002,TSS,Inflow,225
85.0,6_CACTA002,TSS,Inflow,225
155.0,6_CACTA002,TSS,Inflow,226
94.0,6_CACTA002,TSS,Inflow,226
57.0,6_CACTA002,TSS,Inflow,226
27.0,6_CACTA002,TSS,Inflow,226
163.0,6_CACTA002,TSS,Inflow,226
50.0,6_CACTA002,TSS,Inflow,227
31.0,6_CACTA002,TSS,Inflow,227
57.0,6_CACTA002,TSS,Inflow,227
27.0,6_CACTA002,TSS,Inflow,227
85.0,6_CACTA002,TSS,Inflow,227
94.0,6_CACTA002,TSS,Inflow,228
10.0,6_CACTA002,TSS,Inflow,228
57.0,6_CACTA002,TSS,Inflow,228
57.0,6_CACTA002,TSS,Inflow,228
39.0,6_CACTA002,TSS,Inflow,228
163.0,6_CACTA002,TSS,Inflow,229
57.0,6_CACTA002,TSS,Inflow,229
44.0,6_CACTA002,TSS,Inflow,229
10.0,6_CACTA002,TSS,Inflow,229
85.0,6_CACTA002,TSS,Inflow,229
57.0,6_CACTA002,TSS,Inflow,230
155.0,6_CACTA002,TSS,Inflow,230
94.0,6_CACTA002,TSS,Inflow,230
50.0,6_CACTA002,TSS,Inflow,230
100.0,6_CACTA002,TSS,Inflow,230
163.0,6_CACTA002,TSS,Inflow,231
39.0,6_CACTA002,TSS,Inflow,231
100.0,6_CACTA002,TSS,Inflow,231
10.0,6_CACTA002,TSS,Inflow,231
31.0,6_CACTA002,TSS,Inflow,231
57.0,6_CACTA002,TSS,Inflow,232
100.0,6_CACTA002,TSS,Inflow,232
31.0,6_CACTA002,TSS,Inflow,232
163.0,6_CACTA002,TSS,Inflow,232
39.0,6_CACTA002,TSS,Inflow,232
44.0,6_CACTA002,TSS,Inflow,233
100.0,6_CACTA002,TSS,Inflow,233
94.0,6_CACTA002,TSS,Inflow,233
10.0,6_CACTA002,TSS,Inflow,233
85.0,6_CACTA002,TSS,Inflow,233
94.0,6_CACTA002,TSS,Inflow,234
57.0,6_CACTA002,TSS,Inflow,234
155.0,6_CACTA002,TSS,Inflow,234
100.0,6_CACTA002,TSS,Inflow,234
27.0,6_CACTA002,TSS,Inflow,234
155.0,6_CACTA002,TSS,Inflow,235
31.0,6_CACTA002,TSS,Inflow,235
85.0,6_CACTA002,TSS,Inflow,235
55.0,6_CACTA002,TSS,Inflow,235
39.0,6_CACTA002,TSS,Inflow,235
155.0,6_CACTA002,TSS,Inflow,236
85.0,6_CACTA002,TSS,Inflow,236
100.0,6_CACTA002,TSS,Inflow,236
57.0,6_CACTA002,TSS,Inflow,236
10.0,6_CACTA002,TSS,Inflow,236
44.0,6_CACTA002,TSS,Inflow,237
50.0,6_CACTA002,TSS,Inflow,237
85.0,6_CACTA002,TSS,Inflow,237
10.0,6_CACTA002,TSS,Inflow,237
94.0,6_CACTA002,TSS,Inflow,237
85.0,6_CACTA002,TSS,Inflow,238
70.0,6_CACTA002,TSS,Inflow,238
39.0,6_CACTA002,TSS,Inflow,238
50.0,6_CACTA002,TSS,Inflow,238
27.0,6_CACTA002,TSS,Inflow,238
57.0,6_CACTA002,TSS,Inflow,239
10.0,6_CACTA002,TSS,Inflow,239
85.0,6_CACTA002,TSS,Inflow,239
50.0,6_CACTA002,TSS,Inflow,239
57.0,6_CACTA002,TSS,Inflow,239
57.0,6_CACTA002,TSS,Inflow,240
27.0,6_CACTA002,TSS,Inflow,240
94.0,6_CACTA002,TSS,Inflow,240
163.0,6_CACTA002,TSS,Inflow,240
39.0,6_CACTA002,TSS,Inflow,240
155.0,6_CACTA002,TSS,Inflow,241
55.0,6_CACTA002,TSS,Inflow,241
10.0,6_CACTA002,TSS,Inflow,241
44.0,6_CACTA002,TSS,Inflow,241
85.0,6_CACTA002,TSS,Inflow,241
85.0,6_CACTA002,TSS,Inflow,242
39.0,6_CACTA002,TSS,Inflow,242
57.0,6_CACTA002,TSS,Inflow,242
50.0,6_CACTA002,TSS,Inflow,242
100.0,6_CACTA002,TSS,Inflow,242
55.0,6_CACTA002,TSS,Inflow,243
50.0,6_CACTA002,TSS,Inflow,243
155.0,6_CACTA002,TSS,Inflow,243
163.0,6_CACTA002,TSS,Inflow,243
57.0,6_CACTA002,TSS,Inflow,243
57.0,6_CACTA002,TSS,Inflow,244
50.0,6_CACTA002,TSS,Inflow,244
155.0,6_CACTA002,TSS,Inflow,244
39.0,6_CACTA002,TSS,Inflow,244
100.0,6_CACTA002,TSS,Inflow,244
57.0,6_CACTA002,TSS,Inflow,245
70.0,6_CACTA002,TSS,Inflow,245
10.0,6_CACTA002,TSS,Inflow,245
85.0,6_CACTA002,TSS,Inflow,245
55.0,6_CACTA002,TSS,Inflow,245
163.0,6_CACTA002,TSS,Inflow,246
10.0,6_CACTA002,TSS,Inflow,246
50.0,6_CACTA002,TSS,Inflow,246
155.0,6_CACTA002,TSS,Inflow,246
55.0,6_CACTA002,TSS,Inflow,246
31.0,6_CACTA002,TSS,Inflow,247
70.0,6_CACTA002,TSS,Inflow,247
57.0,6_CACTA002,TSS,Inflow,247
55.0,6_CACTA002,TSS,Inflow,247
27.0,6_CACTA002,TSS,Inflow,247
27.0,6_CACTA002,TSS,Inflow,248
70.0,6_CACTA002,TSS,Inflow,248
39.0,6_CACTA002,TSS,Inflow,248
155.0,6_CACTA002,TSS,Inflow,248
163.0,6_CACTA002,TSS,Inflow,248
50.0,6_CACTA002,TSS,Inflow,249
85.0,6_CACTA002,TSS,Inflow,249
55.0,6_CACTA002,TSS,Inflow,249
94.0,6_CACTA002,TSS,Inflow,249
70.0,6_CACTA002,TSS,Inflow,249
44.0,6_CACTA002,TSS,Inflow,250
94.0,6_CACTA002,TSS,Inflow,250
27.0,6_CACTA002,TSS,Inflow,250
85.0,6_CACTA002,TSS,Inflow,250
31.0,6_CACTA002,TSS,Inflow,250
10.0,6_CACTA002,TSS,Inflow,251
70.0,6_CACTA002,TSS,Inflow,251
39.0,6_CACTA002,TSS,Inflow,251
94.0,6_CACTA002,TSS,Inflow,251
44.0,6_CACTA002,TSS,Inflow,251
94.0,6_CACTA002,TSS,Inflow,252
50.0,6_CACTA002,TSS,Inflow,252
100.0,6_CACTA002,TSS,Inflow,252
57.0,6_CACTA002,TSS,Inflow,252
55.0,6_CACTA002,TSS,Inflow,252
50.0,6_CACTA002,TSS,Inflow,253
31.0,6_CACTA002,TSS,Inflow,253
27.0,6_CACTA002,TSS,Inflow,253
163.0,6_CACTA002,TSS,Inflow,253
100.0,6_CACTA002,TSS,Inflow,253
94.0,6_CACTA002,TSS,Inflow,254
27.0,6_CACTA002,TSS,Inflow,254
85.0,6_CACTA002,TSS,Inflow,254
44.0,6_CACTA002,TSS,Inflow,254
50.0,6_CACTA002,TSS,Inflow,254
155.0,6_CACTA002,TSS,Inflow,255
39.0,6_CACTA002,TSS,Inflow,255
100.0,6_CACTA002,TSS,Inflow,255
163.0,6_CACTA002,TSS,Inflow,255
85.0,6_CACTA002,TSS,Inflow,255
155.0,6_CACTA002,TSS,Inflow,256
39.0,6_CACTA002,TSS,Inflow,256
85.0,6_CACTA002,TSS,Inflow,256
27.0,6_CACTA002,TSS,Inflow,256
50.0,6_CACTA002,TSS,Inflow,256
70.0,6_CACTA002,TSS,Inflow,257
10.0,6_CACTA002,TSS,Inflow,257
27.0,6_CACTA002,TSS,Inflow,257
31.0,6_CACTA002,TSS,Inflow,257
155.0,6_CACTA002,TSS,Inflow,257
94.0,6_CACTA002,TSS,Inflow,258
39.0,6_CACTA002,TSS,Inflow,258
70.0,6_CACTA002,TSS,Inflow,258
27.0,6_CACTA002,TSS,Inflow,258
100.0,6_CACTA002,TSS,Inflow,258
57.0,6_CACTA002,TSS,Inflow,259
94.0,6_CACTA002,TSS,Inflow,259
27.0,6_CACTA002,TSS,Inflow,259
85.0,6_CACTA002,TSS,Inflow,259
44.0,6_CACTA002,TSS,Inflow,259
31.0,6_CACTA002,TSS,Inflow,260
85.0,6_CACTA002,TSS,Inflow,260
39.0,6_CACTA002,TSS,Inflow,260
27.0,6_CACTA002,TSS,Inflow,260
94.0,6_CACTA002,TSS,Inflow,260
10.0,6_CACTA002,TSS,Inflow,261
94.0,6_CACTA002,TSS,Inflow,261
100.0,6_CACTA002,TSS,Inflow,261
163.0,6_CACTA002,TSS,Inflow,261
39.0,6_CACTA002,TSS,Inflow,261
39.0,6_CACTA002,TSS,Inflow,262
44.0,6_CACTA002,TSS,Inflow,262
94.0,6_CACTA002,TSS,Inflow,262
31.0,6_CACTA002,TSS,Inflow,262
27.0,6_CACTA002,TSS,Inflow,262
57.0,6_CACTA002,TSS,Inflow,263
100.0,6_CACTA002,TSS,Inflow,263
85.0,6_CACTA002,TSS,Inflow,263
163.0,6_CACTA002,TSS,Inflow,263
55.0,6_CACTA002,TSS,Inflow,263
70.0,6_CACTA002,TSS,Inflow,264
50.0,6_CACTA002,TSS,Inflow,264
57.0,6_CACTA002,TSS,Inflow,264
55.0,6_CACTA002,TSS,Inflow,264
57.0,6_CACTA002,TSS,Inflow,264
155.0,6_CACTA002,TSS,Inflow,265
27.0,6_CACTA002,TSS,Inflow,265
44.0,6_CACTA002,TSS,Inflow,265
55.0,6_CACTA002,TSS,Inflow,265
100.0,6_CACTA002,TSS,Inflow,265
44.0,6_CACTA002,TSS,Inflow,266
31.0,6_CACTA002,TSS,Inflow,266
10.0,6_CACTA002,TSS,Inflow,266
70.0,6_CACTA002,TSS,Inflow,266
27.0,6_CACTA002,TSS,Inflow,266
163.0,6_CACTA002,TSS,Inflow,267
57.0,6_CACTA002,TSS,Inflow,267
100.0,6_CACTA002,TSS,Inflow,267
10.0,6_CACTA002,TSS,Inflow,267
44.0,6_CACTA002,TSS,Inflow,267
44.0,6_CACTA002,TSS,Inflow,268
100.0,6_CACTA002,TSS,Inflow,268
10.0,6_CACTA002,TSS,Inflow,268
163.0,6_CACTA002,TSS,Inflow,268
39.0,6_CACTA002,TSS,Inflow,268
50.0,6_CACTA002,TSS,Inflow,269
57.0,6_CACTA002,TSS,Inflow,269
57.0,6_CACTA002,TSS,Inflow,269
44.0,6_CACTA002,TSS,Inflow,269
94.0,6_CACTA002,TSS,Inflow,269
85.0,6_CACTA002,TSS,Inflow,270
31.0,6_CACTA002,TSS,Inflow,270
163.0,6_CACTA002,TSS,Inflow,270
57.0,6_CACTA002,TSS,Inflow,270
50.0,6_CACTA002,TSS,Inflow,270
100.0,6_CACTA002,TSS,Inflow,271
27.0,6_CACTA002,TSS,Inflow,271
55.0,6_CACTA002,TSS,Inflow,271
163.0,6_CACTA002,TSS,Inflow,271
94.0,6_CACTA002,TSS,Inflow,271
70.0,6_CACTA002,TSS,Inflow,272
94.0,6_CACTA002,TSS,Inflow,272
27.0,6_CACTA002,TSS,Inflow,272
50.0,6_CACTA002,TSS,Inflow,272
57.0,6_CACTA002,TSS,Inflow,272
57.0,6_CACTA002,TSS,Inflow,273
44.0,6_CACTA002,TSS,Inflow,273
163.0,6_CACTA002,TSS,Inflow,273
10.0,6_CACTA002,TSS,Inflow,273
55.0,6_CACTA002,TSS,Inflow,273
27.0,6_CACTA002,TSS,Inflow,274
155.0,6_CACTA002,TSS,Inflow,274
55.0,6_CACTA002,TSS,Inflow,274
85.0,6_CACTA002,TSS,Inflow,274
50.0,6_CACTA002,TSS,Inflow,274
85.0,6_CACTA002,TSS,Inflow,275
44.0,6_CACTA002,TSS,Inflow,275
39.0,6_CACTA002,TSS,Inflow,275
100.0,6_CACTA002,TSS,Inflow,275
57.0,6_CACTA002,TSS,Inflow,275
57.0,6_CACTA002,TSS,Inflow,276
55.0,6_CACTA002,TSS,Inflow,276
10.0,6_CACTA002,TSS,Inflow,276
100.0,6_CACTA002,TSS,Inflow,276
163.0,6_CACTA002,TSS,Inflow,276
55.0,6_CACTA002,TSS,Inflow,277
163.0,6_CACTA002,TSS,Inflow,277
100.0,6_CACTA002,TSS,Inflow,277
39.0,6_CACTA002,TSS,Inflow,277
31.0,6_CACTA002,TSS,Inflow,277
155.0,6_CACTA002,TSS,Inflow,278
55.0,6_CACTA002,TSS,Inflow,278
94.0,6_CACTA002,TSS,Inflow,278
70.0,6_CACTA002,TSS,Inflow,278
31.0,6_CACTA002,TSS,Inflow,278
50.0,6_CACTA002,TSS,Inflow,279
57.0,6_CACTA002,TSS,Inflow,279
85.0,6_CACTA002,TSS,Inflow,279
94.0,6_CACTA002,TSS,Inflow,279
27.0,6_CACTA002,TSS,Inflow,279
39.0,6_CACTA002,TSS,Inflow,280
44.0,6_CACTA002,TSS,Inflow,280
55.0,6_CACTA002,TSS,Inflow,280
50.0,6_CACTA002,TSS,Inflow,280
57.0,6_CACTA002,TSS,Inflow,280
55.0,6_CACTA002,TSS,Inflow,281
94.0,6_CACTA002,TSS,Inflow,281
44.0,6_CACTA002,TSS,Inflow,281
39.0,6_CACTA002,TSS,Inflow,281
27.0,6_CACTA002,TSS,Inflow,281
44.0,6_CACTA002,TSS,Inflow,282
70.0,6_CACTA002,TSS,Inflow,282
27.0,6_CACTA002,TSS,Inflow,282
57.0,6_CACTA002,TSS,Inflow,282
155.0,6_CACTA002,TSS,Inflow,282
85.0,6_CACTA002,TSS,Inflow,283
31.0,6_CACTA002,TSS,Inflow,283
155.0,6_CACTA002,TSS,Inflow,283
163.0,6_CACTA002,TSS,Inflow,283
39.0,6_CACTA002,TSS,Inflow,283
31.0,6_CACTA002,TSS,Inflow,284
94.0,6_CACTA002,TSS,Inflow,284
155.0,6_CACTA002,TSS,Inflow,284
39.0,6_CACTA002,TSS,Inflow,284
50.0,6_CACTA002,TSS,Inflow,284
10.0,6_CACTA002,TSS,Inflow,285
100.0,6_CACTA002,TSS,Inflow,285
50.0,6_CACTA002,TSS,Inflow,285
44.0,6_CACTA002,TSS,Inflow,285
94.0,6_CACTA002,TSS,Inflow,285
50.0,6_CACTA002,TSS,Inflow,286
94.0,6_CACTA002,TSS,Inflow,286
155.0,6_CACTA002,TSS,Inflow,286
55.0,6_CACTA002,TSS,Inflow,286
85.0,6_CACTA002,TSS,Inflow,286
55.0,6_CACTA002,TSS,Inflow,287
27.0,6_CACTA002,TSS,Inflow,287
94.0,6_CACTA002,TSS,Inflow,287
31.0,6_CACTA002,TSS,Inflow,287
70.0,6_CACTA002,TSS,Inflow,287
55.0,6_CACTA002,TSS,Inflow,288
39.0,6_CACTA002,TSS,Inflow,288
94.0,6_CACTA002,TSS,Inflow,288
27.0,6_CACTA002,TSS,Inflow,288
50.0,6_CACTA002,TSS,Inflow,288
39.0,6_CACTA002,TSS,Inflow,289
50.0,6_CACTA002,TSS,Inflow,289
57.0,6_CACTA002,TSS,Inflow,289
31.0,6_CACTA002,TSS,Inflow,289
163.0,6_CACTA002,TSS,Inflow,289
155.0,6_CACTA002,TSS,Inflow,290
10.0,6_CACTA002,TSS,Inflow,290
55.0,6_CACTA002,TSS,Inflow,290
100.0,6_CACTA002,TSS,Inflow,290
31.0,6_CACTA002,TSS,Inflow,290
163.0,6_CACTA002,TSS,Inflow,291
155.0,6_CACTA002,TSS,Inflow,291
10.0,6_CACTA002,TSS,Inflow,291
39.0,6_CACTA002,TSS,Inflow,291
94.0,6_CACTA002,TSS,Inflow,291
44.0,6_CACTA002,TSS,Inflow,292
27.0,6_CACTA002,TSS,Inflow,292
50.0,6_CACTA002,TSS,Inflow,292
163.0,6_CACTA002,TSS,Inflow,292
39.0,6_CACTA002,TSS,Inflow,292
44.0,6_CACTA002,TSS,Inflow,293
70.0,6_CACTA002,TSS,Inflow,293
57.0,6_CACTA002,TSS,Inflow,293
57.0,6_CACTA002,TSS,Inflow,293
39.0,6_CACTA002,TSS,Inflow,293
55.0,6_CACTA002,TSS,Inflow,294
44.0,6_CACTA002,TSS,Inflow,294
100.0,6_CACTA002,TSS,Inflow,294
57.0,6_CACTA002,TSS,Inflow,294
31.0,6_CACTA002,TSS,Inflow,294
10.0,6_CACTA002,TSS,Inflow,295
44.0,6_CACTA002,TSS,Inflow,295
85.0,6_CACTA002,TSS,Inflow,295
94.0,6_CACTA002,TSS,Inflow,295
50.0,6_CACTA002,TSS,Inflow,295
94.0,6_CACTA002,TSS,Inflow,296
85.0,6_CACTA002,TSS,Inflow,296
155.0,6_CACTA002,TSS,Inflow,296
57.0,6_CACTA002,TSS,Inflow,296
10.0,6_CACTA002,TSS,Inflow,296
27.0,6_CACTA002,TSS,Inflow,297
57.0,6_CACTA002,TSS,Inflow,297
44.0,6_CACTA002,TSS,Inflow,297
85.0,6_CACTA002,TSS,Inflow,297
155.0,6_CACTA002,TSS,Inflow,297
100.0,6_CACTA002,TSS,Inflow,298
10.0,6_CACTA002,TSS,Inflow,298
70.0,6_CACTA002,TSS,Inflow,298
50.0,6_CACTA002,TSS,Inflow,298
155.0,6_CACTA002,TSS,Inflow,298
44.0,6_CACTA002,TSS,Inflow,299
94.0,6_CACTA002,TSS,Inflow,299
155.0,6_CACTA002,TSS,Inflow,299
85.0,6_CACTA002,TSS,Inflow,299
39.0,6_CACTA002,TSS,Inflow,299
155.0,6_CACTA002,TSS,Inflow,300
55.0,6_CACTA002,TSS,Inflow,300
10.0,6_CACTA002,TSS,Inflow,300
85.0,6_CACTA002,TSS,Inflow,300
70.0,6_CACTA002,TSS,Inflow,300
94.0,6_CACTA002,TSS,Inflow,301
100.0,6_CACTA002,TSS,Inflow,301
57.0,6_CACTA002,TSS,Inflow,301
31.0,6_CACTA002,TSS,Inflow,301
155.0,6_CACTA002,TSS,Inflow,301
70.0,6_CACTA002,TSS,Inflow,302
50.0,6_CACTA002,TSS,Inflow,302
85.0,6_CACTA002,TSS,Inflow,302
57.0,6_CACTA002,TSS,Inflow,302
155.0,6_CACTA002,TSS,Inflow,302
44.0,6_CACTA002,TSS,Inflow,303
100.0,6_CACTA002,TSS,Inflow,303
57.0,6_CACTA002,TSS,Inflow,303
50.0,6_CACTA002,TSS,Inflow,303
70.0,6_CACTA002,TSS,Inflow,303
10.0,6_CACTA002,TSS,Inflow,304
85.0,6_CACTA002,TSS,Inflow,304
27.0,6_CACTA002,TSS,Inflow,304
55.0,6_CACTA002,TSS,Inflow,304
70.0,6_CACTA002,TSS,Inflow,304
70.0,6_CACTA002,TSS,Inflow,305
55.0,6_CACTA002,TSS,Inflow,305
44.0,6_CACTA002,TSS,Inflow,305
10.0,6_CACTA002,TSS,Inflow,305
50.0,6_CACTA002,TSS,Inflow,305
70.0,6_CACTA002,TSS,Inflow,306
100.0,6_CACTA002,TSS,Inflow,306
94.0,6_CACTA002,TSS,Inflow,306
85.0,6_CACTA002,TSS,Inflow,306
27.0,6_CACTA002,TSS,Inflow,306
163.0,6_CACTA002,TSS,Inflow,307
50.0,6_CACTA002,TSS,Inflow,307
57.0,6_CACTA002,TSS,Inflow,307
94.0,6_CACTA002,TSS,Inflow,307
27.0,6_CACTA002,TSS,Inflow,307
55.0,6_CACTA002,TSS,Inflow,308
155.0,6_CACTA002,TSS,Inflow,308
57.0,6_CACTA002,TSS,Inflow,308
100.0,6_CACTA002,TSS,Inflow,308
39.0,6_CACTA002,TSS,Inflow,308
31.0,6_CACTA002,TSS,Inflow,309
55.0,6_CACTA002,TSS,Inflow,309
57.0,6_CACTA002,TSS,Inflow,309
10.0,6_CACTA002,TSS,Inflow,309
70.0,6_CACTA002,TSS,Inflow,309
94.0,6_CACTA002,TSS,Inflow,310
155.0,6_CACTA002,TSS,Inflow,310
44.0,6_CACTA002,TSS,Inflow,310
31.0,6_CACTA002,TSS,Inflow,310
27.0,6_CACTA002,TSS,Inflow,310
57.0,6_CACTA002,TSS,Inflow,311
85.0,6_CACTA002,TSS,Inflow,311
50.0,6_CACTA002,TSS,Inflow,311
70.0,6_CACTA002,TSS,Inflow,311
39.0,6_CACTA002,TSS,Inflow,311
100.0,6_CACTA002,TSS,Inflow,312
27.0,6_CACTA002,TSS,Inflow,312
70.0,6_CACTA002,TSS,Inflow,312
44.0,6_CACTA002,TSS,Inflow,312
31.0,6_CACTA002,TSS,Inflow,312
85.0,6_CACTA002,TSS,Inflow,313
57.0,6_CACTA002,TSS,Inflow,313
31.0,6_CACTA002,TSS,Inflow,313
10.0,6_CACTA002,TSS,Inflow,313
44.0,6_CACTA002,TSS,Inflow,313
10.0,6_CACTA002,TSS,Inflow,314
57.0,6_CACTA002,TSS,Inflow,314
55.0,6_CACTA002,TSS,Inflow,314
163.0,6_CACTA002,TSS,Inflow,314
57.0,6_CACTA002,TSS,Inflow,314
27.0,6_CACTA002,TSS,Inflow,315
31.0,6_CACTA002,TSS,Inflow,315
85.0,6_CACTA002,TSS,Inflow,315
10.0,6_CACTA002,TSS,Inflow,315
39.0,6_CACTA002,TSS,Inflow,315
155.0,6_CACTA002,TSS,Inflow,316
27.0,6_CACTA002,TSS,Inflow,316
57.0,6_CACTA002,TSS,Inflow,316
39.0,6_CACTA002,TSS,Inflow,316
85.0,6_CACTA002,TSS,Inflow,316
44.0,6_CACTA002,TSS,Inflow,317
85.0,6_CACTA002,TSS,Inflow,317
50.0,6_CACTA002,TSS,Inflow,317
100.0,6_CACTA002,TSS,Inflow,317
57.0,6_CACTA002,TSS,Inflow,317
85.0,6_CACTA002,TSS,Inflow,318
57.0,6_CACTA002,TSS,Inflow,318
27.0,6_CACTA002,TSS,Inflow,318
94.0,6_CACTA002,TSS,Inflow,318
57.0,6_CACTA002,TSS,Inflow,318
27.0,6_CACTA002,TSS,Inflow,319
44.0,6_CACTA002,TSS,Inflow,319
163.0,6_CACTA002,TSS,Inflow,319
94.0,6_CACTA002,TSS,Inflow,319
100.0,6_CACTA002,TSS,Inflow,319
39.0,6_CACTA002,TSS,Inflow,320
70.0,6_CACTA002,TSS,Inflow,320
155.0,6_CACTA002,TSS,Inflow,320
10.0,6_CACTA002,TSS,Inflow,320
55.0,6_CACTA002,TSS,Inflow,320
57.0,6_CACTA002,TSS,Inflow,321
85.0,6_CACTA002,TSS,Inflow,321
163.0,6_CACTA002,TSS,Inflow,321
10.0,6_CACTA002,TSS,Inflow,321
50.0,6_CACTA002,TSS,Inflow,321
100.0,6_CACTA002,TSS,Inflow,322
27.0,6_CACTA002,TSS,Inflow,322
57.0,6_CACTA002,TSS,Inflow,322
55.0,6_CACTA002,TSS,Inflow,322
10.0,6_CACTA002,TSS,Inflow,322
155.0,6_CACTA002,TSS,Inflow,323
55.0,6_CACTA002,TSS,Inflow,323
31.0,6_CACTA002,TSS,Inflow,323
10.0,6_CACTA002,TSS,Inflow,323
70.0,6_CACTA002,TSS,Inflow,323
55.0,6_CACTA002,TSS,Inflow,324
31.0,6_CACTA002,TSS,Inflow,324
10.0,6_CACTA002,TSS,Inflow,324
85.0,6_CACTA002,TSS,Inflow,324
163.0,6_CACTA002,TSS,Inflow,324
44.0,6_CACTA002,TSS,Inflow,325
31.0,6_CACTA002,TSS,Inflow,325
94.0,6_CACTA002,TSS,Inflow,325
39.0,6_CACTA002,TSS,Inflow,325
57.0,6_CACTA002,TSS,Inflow,325
44.0,6_CACTA002,TSS,Inflow,326
39.0,6_CACTA002,TSS,Inflow,326
70.0,6_CACTA002,TSS,Inflow,326
10.0,6_CACTA002,TSS,Inflow,326
85.0,6_CACTA002,TSS,Inflow,326
10.0,6_CACTA002,TSS,Inflow,327
163.0,6_CACTA002,TSS,Inflow,327
85.0,6_CACTA002,TSS,Inflow,327
70.0,6_CACTA002,TSS,Inflow,327
50.0,6_CACTA002,TSS,Inflow,327
163.0,6_CACTA002,TSS,Inflow,328
100.0,6_CACTA002,TSS,Inflow,328
155.0,6_CACTA002,TSS,Inflow,328
31.0,6_CACTA002,TSS,Inflow,328
57.0,6_CACTA002,TSS,Inflow,328
94.0,6_CACTA002,TSS,Inflow,329
100.0,6_CACTA002,TSS,Inflow,329
85.0,6_CACTA002,TSS,Inflow,329
57.0,6_CACTA002,TSS,Inflow,329
10.0,6_CACTA002,TSS,Inflow,329
39.0,6_CACTA002,TSS,Inflow,330
10.0,6_CACTA002,TSS,Inflow,330
163.0,6_CACTA002,TSS,Inflow,330
55.0,6_CACTA002,TSS,Inflow,330
44.0,6_CACTA002,TSS,Inflow,330
57.0,6_CACTA002,TSS,Inflow,331
155.0,6_CACTA002,TSS,Inflow,331
70.0,6_CACTA002,TSS,Inflow,331
50.0,6_CACTA002,TSS,Inflow,331
55.0,6_CACTA002,TSS,Inflow,331
27.0,6_CACTA002,TSS,Inflow,332
39.0,6_CACTA002,TSS,Inflow,332
70.0,6_CACTA002,TSS,Inflow,332
31.0,6_CACTA002,TSS,Inflow,332
57.0,6_CACTA002,TSS,Inflow,332
39.0,6_CACTA002,TSS,Inflow,333
10.0,6_CACTA002,TSS,Inflow,333
85.0,6_CACTA002,TSS,Inflow,333
100.0,6_CACTA002,TSS,Inflow,333
57.0,6_CACTA002,TSS,Inflow,333
31.0,6_CACTA002,TSS,Inflow,334
70.0,6_CACTA002,TSS,Inflow,334
50.0,6_CACTA002,TSS,Inflow,334
57.0,6_CACTA002,TSS,Inflow,334
94.0,6_CACTA002,TSS,Inflow,334
10.0,6_CACTA002,TSS,Inflow,335
50.0,6_CACTA002,TSS,Inflow,335
85.0,6_CACTA002,TSS,Inflow,335
57.0,6_CACTA002,TSS,Inflow,335
163.0,6_CACTA002,TSS,Inflow,335
39.0,6_CACTA002,TSS,Inflow,336
100.0,6_CACTA002,TSS,Inflow,336
55.0,6_CACTA002,TSS,Inflow,336
155.0,6_CACTA002,TSS,Inflow,336
50.0,6_CACTA002,TSS,Inflow,336
85.0,6_CACTA002,TSS,Inflow,337
10.0,6_CACTA002,TSS,Inflow,337
31.0,6_CACTA002,TSS,Inflow,337
94.0,6_CACTA002,TSS,Inflow,337
44.0,6_CACTA002,TSS,Inflow,337
94.0,6_CACTA002,TSS,Inflow,338
57.0,6_CACTA002,TSS,Inflow,338
100.0,6_CACTA002,TSS,Inflow,338
31.0,6_CACTA002,TSS,Inflow,338
55.0,6_CACTA002,TSS,Inflow,338
50.0,6_CACTA002,TSS,Inflow,339
163.0,6_CACTA002,TSS,Inflow,339
155.0,6_CACTA002,TSS,Inflow,339
44.0,6_CACTA002,TSS,Inflow,339
85.0,6_CACTA002,TSS,Inflow,339
31.0,6_CACTA002,TSS,Inflow,340
27.0,6_CACTA002,TSS,Inflow,340
57.0,6_CACTA002,TSS,Inflow,340
85.0,6_CACTA002,TSS,Inflow,340
44.0,6_CACTA002,TSS,Inflow,340
50.0,6_CACTA002,TSS,Inflow,341
39.0,6_CACTA002,TSS,Inflow,341
55.0,6_CACTA002,TSS,Inflow,341
27.0,6_CACTA002,TSS,Inflow,341
155.0,6_CACTA002,TSS,Inflow,341
163.0,6_CACTA002,TSS,Inflow,342
55.0,6_CACTA002,TSS,Inflow,342
100.0,6_CACTA002,TSS,Inflow,342
57.0,6_CACTA002,TSS,Inflow,342
10.0,6_CACTA002,TSS,Inflow,342
85.0,6_CACTA002,TSS,Inflow,343
39.0,6_CACTA002,TSS,Inflow,343
70.0,6_CACTA002,TSS,Inflow,343
50.0,6_CACTA002,TSS,Inflow,343
44.0,6_CACTA002,TSS,Inflow,343
50.0,6_CACTA002,TSS,Inflow,344
100.0,6_CACTA002,TSS,Inflow,344
27.0,6_CACTA002,TSS,Inflow,344
163.0,6_CACTA002,TSS,Inflow,344
31.0,6_CACTA002,TSS,Inflow,344
44.0,6_CACTA002,TSS,Inflow,345
57.0,6_CACTA002,TSS,Inflow,345
31.0,6_CACTA002,TSS,Inflow,345
55.0,6_CACTA002,TSS,Inflow,345
27.0,6_CACTA002,TSS,Inflow,345
100.0,6_CACTA002,TSS,Inflow,346
55.0,6_CACTA002,TSS,Inflow,346
31.0,6_CACTA002,TSS,Inflow,346
155.0,6_CACTA002,TSS,Inflow,346
85.0,6_CACTA002,TSS,Inflow,346
57.0,6_CACTA002,TSS,Inflow,347
10.0,6_CACTA002,TSS,Inflow,347
39.0,6_CACTA002,TSS,Inflow,347
155.0,6_CACTA002,TSS,Inflow,347
94.0,6_CACTA002,TSS,Inflow,347
70.0,6_CACTA002,TSS,Inflow,348
100.0,6_CACTA002,TSS,Inflow,348
85.0,6_CACTA002,TSS,Inflow,348
163.0,6_CACTA002,TSS,Inflow,348
39.0,6_CACTA002,TSS,Inflow,348
94.0,6_CACTA002,TSS,Inflow,349
100.0,6_CACTA002,TSS,Inflow,349
31.0,6_CACTA002,TSS,Inflow,349
55.0,6_CACTA002,TSS,Inflow,349
10.0,6_CACTA002,TSS,Inflow,349
10.0,6_CACTA002,TSS,Inflow,350
85.0,6_CACTA002,TSS,Inflow,350
57.0,6_CACTA002,TSS,Inflow,350
31.0,6_CACTA002,TSS,Inflow,350
57.0,6_CACTA002,TSS,Inflow,350
57.0,6_CACTA002,TSS,Inflow,351
155.0,6_CACTA002,TSS,Inflow,351
27.0,6_CACTA002,TSS,Inflow,351
55.0,6_CACTA002,TSS,Inflow,351
31.0,6_CACTA002,TSS,Inflow,351
57.0,6_CACTA002,TSS,Inflow,352
85.0,6_CACTA002,TSS,Inflow,352
155.0,6_CACTA002,TSS,Inflow,352
94.0,6_CACTA002,TSS,Inflow,352
50.0,6_CACTA002,TSS,Inflow,352
55.0,6_CACTA002,TSS,Inflow,353
39.0,6_CACTA002,TSS,Inflow,353
50.0,6_CACTA002,TSS,Inflow,353
100.0,6_CACTA002,TSS,Inflow,353
10.0,6_CACTA002,TSS,Inflow,353
39.0,6_CACTA002,TSS,Inflow,354
31.0,6_CACTA002,TSS,Inflow,354
55.0,6_CACTA002,TSS,Inflow,354
10.0,6_CACTA002,TSS,Inflow,354
94.0,6_CACTA002,TSS,Inflow,354
155.0,6_CACTA002,TSS,Inflow,355
57.0,6_CACTA002,TSS,Inflow,355
27.0,6_CACTA002,TSS,Inflow,355
50.0,6_CACTA002,TSS,Inflow,355
100.0,6_CACTA002,TSS,Inflow,355
57.0,6_CACTA002,TSS,Inflow,356
44.0,6_CACTA002,TSS,Inflow,356
10.0,6_CACTA002,TSS,Inflow,356
57.0,6_CACTA002,TSS,Inflow,356
55.0,6_CACTA002,TSS,Inflow,356
57.0,6_CACTA002,TSS,Inflow,357
44.0,6_CACTA002,TSS,Inflow,357
70.0,6_CACTA002,TSS,Inflow,357
85.0,6_CACTA002,TSS,Inflow,357
39.0,6_CACTA002,TSS,Inflow,357
85.0,6_CACTA002,TSS,Inflow,358
55.0,6_CACTA002,TSS,Inflow,358
57.0,6_CACTA002,TSS,Inflow,358
100.0,6_CACTA002,TSS,Inflow,358
31.0,6_CACTA002,TSS,Inflow,358
100.0,6_CACTA002,TSS,Inflow,359
94.0,6_CACTA002,TSS,Inflow,359
70.0,6_CACTA002,TSS,Inflow,359
31.0,6_CACTA002,TSS,Inflow,359
155.0,6_CACTA002,TSS,Inflow,359
100.0,6_CACTA002,TSS,Inflow,360
31.0,6_CACTA002,TSS,Inflow,360
163.0,6_CACTA002,TSS,Inflow,360
55.0,6_CACTA002,TSS,Inflow,360
85.0,6_CACTA002,TSS,Inflow,360
155.0,6_CACTA002,TSS,Inflow,361
55.0,6_CACTA002,TSS,Inflow,361
44.0,6_CACTA002,TSS,Inflow,361
57.0,6_CACTA002,TSS,Inflow,361
163.0,6_CACTA002,TSS,Inflow,361
94.0,6_CACTA002,TSS,Inflow,362
100.0,6_CACTA002,TSS,Inflow,362
57.0,6_CACTA002,TSS,Inflow,362
55.0,6_CACTA002,TSS,Inflow,362
57.0,6_CACTA002,TSS,Inflow,362
10.0,6_CACTA002,TSS,Inflow,363
39.0,6_CACTA002,TSS,Inflow,363
57.0,6_CACTA002,TSS,Inflow,363
57.0,6_CACTA002,TSS,Inflow,363
100.0,6_CACTA002,TSS,Inflow,363
100.0,6_CACTA002,TSS,Inflow,364
31.0,6_CACTA002,TSS,Inflow,364
85.0,6_CACTA002,TSS,Inflow,364
155.0,6_CACTA002,TSS,Inflow,364
94.0,6_CACTA002,TSS,Inflow,364
85.0,6_CACTA002,TSS,Inflow,365
163.0,6_CACTA002,TSS,Inflow,365
57.0,6_CACTA002,TSS,Inflow,365
44.0,6_CACTA002,TSS,Inflow,365
57.0,6_CACTA002,TSS,Inflow,365
57.0,6_CACTA002,TSS,Inflow,366
50.0,6_CACTA002,TSS,Inflow,366
27.0,6_CACTA002,TSS,Inflow,366
85.0,6_CACTA002,TSS,Inflow,366
39.0,6_CACTA002,TSS,Inflow,366
163.0,6_CACTA002,TSS,Inflow,367
44.0,6_CACTA002,TSS,Inflow,367
85.0,6_CACTA002,TSS,Inflow,367
10.0,6_CACTA002,TSS,Inflow,367
50.0,6_CACTA002,TSS,Inflow,367
55.0,6_CACTA002,TSS,Inflow,368
10.0,6_CACTA002,TSS,Inflow,368
44.0,6_CACTA002,TSS,Inflow,368
50.0,6_CACTA002,TSS,Inflow,368
163.0,6_CACTA002,TSS,Inflow,368
44.0,6_CACTA002,TSS,Inflow,369
85.0,6_CACTA002,TSS,Inflow,369
155.0,6_CACTA002,TSS,Inflow,369
70.0,6_CACTA002,TSS,Inflow,369
55.0,6_CACTA002,TSS,Inflow,369
85.0,6_CACTA002,TSS,Inflow,370
27.0,6_CACTA002,TSS,Inflow,370
70.0,6_CACTA002,TSS,Inflow,370
44.0,6_CACTA002,TSS,Inflow,370
57.0,6_CACTA002,TSS,Inflow,370
10.0,6_CACTA002,TSS,Inflow,371
50.0,6_CACTA002,TSS,Inflow,371
44.0,6_CACTA002,TSS,Inflow,371
163.0,6_CACTA002,TSS,Inflow,371
31.0,6_CACTA002,TSS,Inflow,371
10.0,6_CACTA002,TSS,Inflow,372
57.0,6_CACTA002,TSS,Inflow,372
31.0,6_CACTA002,TSS,Inflow,372
94.0,6_CACTA002,TSS,Inflow,372
70.0,6_CACTA002,TSS,Inflow,372
163.0,6_CACTA002,TSS,Inflow,373
57.0,6_CACTA002,TSS,Inflow,373
55.0,6_CACTA002,TSS,Inflow,373
100.0,6_CACTA002,TSS,Inflow,373
50.0,6_CACTA002,TSS,Inflow,373
55.0,6_CACTA002,TSS,Inflow,374
50.0,6_CACTA002,TSS,Inflow,374
39.0,6_CACTA002,TSS,Inflow,374
94.0,6_CACTA002,TSS,Inflow,374
85.0,6_CACTA002,TSS,Inflow,374
27.0,6_CACTA002,TSS,Inflow,375
55.0,6_CACTA002,TSS,Inflow,375
39.0,6_CACTA002,TSS,Inflow,375
57.0,6_CACTA002,TSS,Inflow,375
85.0,6_CACTA002,TSS,Inflow,375
10.0,6_CACTA002,TSS,Inflow,376
155.0,6_CACTA002,TSS,Inflow,376
44.0,6_CACTA002,TSS,Inflow,376
100.0,6_CACTA002,TSS,Inflow,376
57.0,6_CACTA002,TSS,Inflow,376
31.0,6_CACTA002,TSS,Inflow,377
94.0,6_CACTA002,TSS,Inflow,377
155.0,6_CACTA002,TSS,Inflow,377
44.0,6_CACTA002,TSS,Inflow,377
39.0,6_CACTA002,TSS,Inflow,377
85.0,6_CACTA002,TSS,Inflow,378
94.0,6_CACTA002,TSS,Inflow,378
100.0,6_CACTA002,TSS,Inflow,378
50.0,6_CACTA002,TSS,Inflow,378
163.0,6_CACTA002,TSS,Inflow,378
163.0,6_CACTA002,TSS,Inflow,379
57.0,6_CACTA002,TSS,Inflow,379
94.0,6_CACTA002,TSS,Inflow,379
10.0,6_CACTA002,TSS,Inflow,379
27.0,6_CACTA002,TSS,Inflow,379
44.0,6_CACTA002,TSS,Inflow,380
10.0,6_CACTA002,TSS,Inflow,380
163.0,6_CACTA002,TSS,Inflow,380
27.0,6_CACTA002,TSS,Inflow,380
57.0,6_CACTA002,TSS,Inflow,380
94.0,6_CACTA002,TSS,Inflow,381
57.0,6_CACTA002,TSS,Inflow,381
155.0,6_CACTA002,TSS,Inflow,381
70.0,6_CACTA002,TSS,Inflow,381
31.0,6_CACTA002,TSS,Inflow,381
31.0,6_CACTA002,TSS,Inflow,382
10.0,6_CACTA002,TSS,Inflow,382
70.0,6_CACTA002,TSS,Inflow,382
27.0,6_CACTA002,TSS,Inflow,382
100.0,6_CACTA002,TSS,Inflow,382
50.0,6_CACTA002,TSS,Inflow,383
27.0,6_CACTA002,TSS,Inflow,383
31.0,6_CACTA002,TSS,Inflow,383
85.0,6_CACTA002,TSS,Inflow,383
70.0,6_CACTA002,TSS,Inflow,383
57.0,6_CACTA002,TSS,Inflow,384
155.0,6_CACTA002,TSS,Inflow,384
44.0,6_CACTA002,TSS,Inflow,384
27.0,6_CACTA002,TSS,Inflow,384
70.0,6_CACTA002,TSS,Inflow,384
31.0,6_CACTA002,TSS,Inflow,385
85.0,6_CACTA002,TSS,Inflow,385
70.0,6_CACTA002,TSS,Inflow,385
57.0,6_CACTA002,TSS,Inflow,385
94.0,6_CACTA002,TSS,Inflow,385
85.0,6_CACTA002,TSS,Inflow,386
70.0,6_CACTA002,TSS,Inflow,386
94.0,6_CACTA002,TSS,Inflow,386
27.0,6_CACTA002,TSS,Inflow,386
10.0,6_CACTA002,TSS,Inflow,386
94.0,6_CACTA002,TSS,Inflow,387
44.0,6_CACTA002,TSS,Inflow,387
57.0,6_CACTA002,TSS,Inflow,387
27.0,6_CACTA002,TSS,Inflow,387
57.0,6_CACTA002,TSS,Inflow,387
94.0,6_CACTA002,TSS,Inflow,388
31.0,6_CACTA002,TSS,Inflow,388
44.0,6_CACTA002,TSS,Inflow,388
55.0,6_CACTA002,TSS,Inflow,388
10.0,6_CACTA002,TSS,Inflow,388
10.0,6_CACTA002,TSS,Inflow,389
155.0,6_CACTA002,TSS,Inflow,389
50.0,6_CACTA002,TSS,Inflow,389
70.0,6_CACTA002,TSS,Inflow,389
55.0,6_CACTA002,TSS,Inflow,389
27.0,6_CACTA002,TSS,Inflow,390
31.0,6_CACTA002,TSS,Inflow,390
57.0,6_CACTA002,TSS,Inflow,390
155.0,6_CACTA002,TSS,Inflow,390
10.0,6_CACTA002,TSS,Inflow,390
27.0,6_CACTA002,TSS,Inflow,391
39.0,6_CACTA002,TSS,Inflow,391
10.0,6_CACTA002,TSS,Inflow,391
55.0,6_CACTA002,TSS,Inflow,391
85.0,6_CACTA002,TSS,Inflow,391
85.0,6_CACTA002,TSS,Inflow,392
55.0,6_CACTA002,TSS,Inflow,392
57.0,6_CACTA002,TSS,Inflow,392
70.0,6_CACTA002,TSS,Inflow,392
57.0,6_CACTA002,TSS,Inflow,392
57.0,6_CACTA002,TSS,Inflow,393
39.0,6_CACTA002,TSS,Inflow,393
31.0,6_CACTA002,TSS,Inflow,393
50.0,6_CACTA002,TSS,Inflow,393
85.0,6_CACTA002,TSS,Inflow,393
57.0,6_CACTA002,TSS,Inflow,394
44.0,6_CACTA002,TSS,Inflow,394
50.0,6_CACTA002,TSS,Inflow,394
163.0,6_CACTA002,TSS,Inflow,394
27.0,6_CACTA002,TSS,Inflow,394
94.0,6_CACTA002,TSS,Inflow,395
85.0,6_CACTA002,TSS,Inflow,395
57.0,6_CACTA002,TSS,Inflow,395
70.0,6_CACTA002,TSS,Inflow,395
10.0,6_CACTA002,TSS,Inflow,395
44.0,6_CACTA002,TSS,Inflow,396
31.0,6_CACTA002,TSS,Inflow,396
39.0,6_CACTA002,TSS,Inflow,396
55.0,6_CACTA002,TSS,Inflow,396
50.0,6_CACTA002,TSS,Inflow,396
163.0,6_CACTA002,TSS,Inflow,397
100.0,6_CACTA002,TSS,Inflow,397
85.0,6_CACTA002,TSS,Inflow,397
31.0,6_CACTA002,TSS,Inflow,397
70.0,6_CACTA002,TSS,Inflow,397
31.0,6_CACTA002,TSS,Inflow,398
27.0,6_CACTA002,TSS,Inflow,398
39.0,6_CACTA002,TSS,Inflow,398
44.0,6_CACTA002,TSS,Inflow,398
57.0,6_CACTA002,TSS,Inflow,398
57.0,6_CACTA002,TSS,Inflow,399
55.0,6_CACTA002,TSS,Inflow,399
155.0,6_CACTA002,TSS,Inflow,399
85.0,6_CACTA002,TSS,Inflow,399
94.0,6_CACTA002,TSS,Inflow,399
163.0,6_CACTA002,TSS,Inflow,400
94.0,6_CACTA002,TSS,Inflow,400
100.0,6_CACTA002,TSS,Inflow,400
50.0,6_CACTA002,TSS,Inflow,400
27.0,6_CACTA002,TSS,Inflow,400
50.0,6_CACTA002,TSS,Inflow,401
100.0,6_CACTA002,TSS,Inflow,401
70.0,6_CACTA002,TSS,Inflow,401
39.0,6_CACTA002,TSS,Inflow,401
155.0,6_CACTA002,TSS,Inflow,401
70.0,6_CACTA002,TSS,Inflow,402
155.0,6_CACTA002,TSS,Inflow,402
55.0,6_CACTA002,TSS,Inflow,402
57.0,6_CACTA002,TSS,Inflow,402
31.0,6_CACTA002,TSS,Inflow,402
10.0,6_CACTA002,TSS,Inflow,403
85.0,6_CACTA002,TSS,Inflow,403
27.0,6_CACTA002,TSS,Inflow,403
94.0,6_CACTA002,TSS,Inflow,403
55.0,6_CACTA002,TSS,Inflow,403
55.0,6_CACTA002,TSS,Inflow,404
44.0,6_CACTA002,TSS,Inflow,404
10.0,6_CACTA002,TSS,Inflow,404
57.0,6_CACTA002,TSS,Inflow,404
31.0,6_CACTA002,TSS,Inflow,404
57.0,6_CACTA002,TSS,Inflow,405
57.0,6_CACTA002,TSS,Inflow,405
55.0,6_CACTA002,TSS,Inflow,405
94.0,6_CACTA002,TSS,Inflow,405
39.0,6_CACTA002,TSS,Inflow,405
94.0,6_CACTA002,TSS,Inflow,406
100.0,6_CACTA002,TSS,Inflow,406
55.0,6_CACTA002,TSS,Inflow,406
31.0,6_CACTA002,TSS,Inflow,406
70.0,6_CACTA002,TSS,Inflow,406
44.0,6_CACTA002,TSS,Inflow,407
27.0,6_CACTA002,TSS,Inflow,407
39.0,6_CACTA002,TSS,Inflow,407
85.0,6_CACTA002,TSS,Inflow,407
163.0,6_CACTA002,TSS,Inflow,407
163.0,6_CACTA002,TSS,Inflow,408
100.0,6_CACTA002,TSS,Inflow,408
85.0,6_CACTA002,TSS,Inflow,408
50.0,6_CACTA002,TSS,Inflow,408
155.0,6_CACTA002,TSS,Inflow,408
55.0,6_CACTA002,TSS,Inflow,409
94.0,6_CACTA002,TSS,Inflow,409
39.0,6_CACTA002,TSS,Inflow,409
100.0,6_CACTA002,TSS,Inflow,409
85.0,6_CACTA002,TSS,Inflow,409
57.0,6_CACTA002,TSS,Inflow,410
31.0,6_CACTA002,TSS,Inflow,410
44.0,6_CACTA002,TSS,Inflow,410
10.0,6_CACTA002,TSS,Inflow,410
27.0,6_CACTA002,TSS,Inflow,410
27.0,6_CACTA002,TSS,Inflow,411
85.0,6_CACTA002,TSS,Inflow,411
57.0,6_CACTA002,TSS,Inflow,411
50.0,6_CACTA002,TSS,Inflow,411
70.0,6_CACTA002,TSS,Inflow,411
44.0,6_CACTA002,TSS,Inflow,412
57.0,6_CACTA002,TSS,Inflow,412
27.0,6_CACTA002,TSS,Inflow,412
155.0,6_CACTA002,TSS,Inflow,412
85.0,6_CACTA002,TSS,Inflow,412
55.0,6_CACTA002,TSS,Inflow,413
57.0,6_CACTA002,TSS,Inflow,413
94.0,6_CACTA002,TSS,Inflow,413
31.0,6_CACTA002,TSS,Inflow,413
85.0,6_CACTA002,TSS,Inflow,413
50.0,6_CACTA002,TSS,Inflow,414
163.0,6_CACTA002,TSS,Inflow,414
10.0,6_CACTA002,TSS,Inflow,414
155.0,6_CACTA002,TSS,Inflow,414
31.0,6_CACTA002,TSS,Inflow,414
57.0,6_CACTA002,TSS,Inflow,415
31.0,6_CACTA002,TSS,Inflow,415
55.0,6_CACTA002,TSS,Inflow,415
39.0,6_CACTA002,TSS,Inflow,415
57.0,6_CACTA002,TSS,Inflow,415
55.0,6_CACTA002,TSS,Inflow,416
44.0,6_CACTA002,TSS,Inflow,416
39.0,6_CACTA002,TSS,Inflow,416
31.0,6_CACTA002,TSS,Inflow,416
85.0,6_CACTA002,TSS,Inflow,416
163.0,6_CACTA002,TSS,Inflow,417
85.0,6_CACTA002,TSS,Inflow,417
57.0,6_CACTA002,TSS,Inflow,417
50.0,6_CACTA002,TSS,Inflow,417
44.0,6_CACTA002,TSS,Inflow,417
50.0,6_CACTA002,TSS,Inflow,418
155.0,6_CACTA002,TSS,Inflow,418
94.0,6_CACTA002,TSS,Inflow,418
31.0,6_CACTA002,TSS,Inflow,418
44.0,6_CACTA002,TSS,Inflow,418
57.0,6_CACTA002,TSS,Inflow,419
163.0,6_CACTA002,TSS,Inflow,419
31.0,6_CACTA002,TSS,Inflow,419
155.0,6_CACTA002,TSS,Inflow,419
55.0,6_CACTA002,TSS,Inflow,419
163.0,6_CACTA002,TSS,Inflow,420
31.0,6_CACTA002,TSS,Inflow,420
44.0,6_CACTA002,TSS,Inflow,420
57.0,6_CACTA002,TSS,Inflow,420
155.0,6_CACTA002,TSS,Inflow,420
27.0,6_CACTA002,TSS,Inflow,421
44.0,6_CACTA002,TSS,Inflow,421
163.0,6_CACTA002,TSS,Inflow,421
100.0,6_CACTA002,TSS,Inflow,421
50.0,6_CACTA002,TSS,Inflow,421
44.0,6_CACTA002,TSS,Inflow,422
10.0,6_CACTA002,TSS,Inflow,422
163.0,6_CACTA002,TSS,Inflow,422
27.0,6_CACTA002,TSS,Inflow,422
57.0,6_CACTA002,TSS,Inflow,422
50.0,6_CACTA002,TSS,Inflow,423
94.0,6_CACTA002,TSS,Inflow,423
44.0,6_CACTA002,TSS,Inflow,423
39.0,6_CACTA002,TSS,Inflow,423
57.0,6_CACTA002,TSS,Inflow,423
31.0,6_CACTA002,TSS,Inflow,424
85.0,6_CACTA002,TSS,Inflow,424
55.0,6_CACTA002,TSS,Inflow,424
100.0,6_CACTA002,TSS,Inflow,424
39.0,6_CACTA002,TSS,Inflow,424
155.0,6_CACTA002,TSS,Inflow,425
27.0,6_CACTA002,TSS,Inflow,425
50.0,6_CACTA002,TSS,Inflow,425
10.0,6_CACTA002,TSS,Inflow,425
85.0,6_CACTA002,TSS,Inflow,425
44.0,6_CACTA002,TSS,Inflow,426
31.0,6_CACTA002,TSS,Inflow,426
57.0,6_CACTA002,TSS,Inflow,426
85.0,6_CACTA002,TSS,Inflow,426
57.0,6_CACTA002,TSS,Inflow,426
31.0,6_CACTA002,TSS,Inflow,427
27.0,6_CACTA002,TSS,Inflow,427
85.0,6_CACTA002,TSS,Inflow,427
155.0,6_CACTA002,TSS,Inflow,427
50.0,6_CACTA002,TSS,Inflow,427
100.0,6_CACTA002,TSS,Inflow,428
50.0,6_CACTA002,TSS,Inflow,428
44.0,6_CACTA002,TSS,Inflow,428
70.0,6_CACTA002,TSS,Inflow,428
10.0,6_CACTA002,TSS,Inflow,428
31.0,6_CACTA002,TSS,Inflow,429
155.0,6_CACTA002,TSS,Inflow,429
163.0,6_CACTA002,TSS,Inflow,429
100.0,6_CACTA002,TSS,Inflow,429
57.0,6_CACTA002,TSS,Inflow,429
31.0,6_CACTA002,TSS,Inflow,430
100.0,6_CACTA002,TSS,Inflow,430
44.0,6_CACTA002,TSS,Inflow,430
10.0,6_CACTA002,TSS,Inflow,430
50.0,6_CACTA002,TSS,Inflow,430
10.0,6_CACTA002,TSS,Inflow,431
55.0,6_CACTA002,TSS,Inflow,431
163.0,6_CACTA002,TSS,Inflow,431
70.0,6_CACTA002,TSS,Inflow,431
100.0,6_CACTA002,TSS,Inflow,431
57.0,6_CACTA002,TSS,Inflow,432
44.0,6_CACTA002,TSS,Inflow,432
55.0,6_CACTA002,TSS,Inflow,432
163.0,6_CACTA002,TSS,Inflow,432
155.0,6_CACTA002,TSS,Inflow,432
163.0,6_CACTA002,TSS,Inflow,433
85.0,6_CACTA002,TSS,Inflow,433
31.0,6_CACTA002,TSS,Inflow,433
50.0,6_CACTA002,TSS,Inflow,433
57.0,6_CACTA002,TSS,Inflow,433
57.0,6_CACTA002,TSS,Inflow,434
94.0,6_CACTA002,TSS,Inflow,434
155.0,6_CACTA002,TSS,Inflow,434
85.0,6_CACTA002,TSS,Inflow,434
50.0,6_CACTA002,TSS,Inflow,434
155.0,6_CACTA002,TSS,Inflow,435
50.0,6_CACTA002,TSS,Inflow,435
100.0,6_CACTA002,TSS,Inflow,435
57.0,6_CACTA002,TSS,Inflow,435
85.0,6_CACTA002,TSS,Inflow,435
44.0,6_CACTA002,TSS,Inflow,436
39.0,6_CACTA002,TSS,Inflow,436
50.0,6_CACTA002,TSS,Inflow,436
70.0,6_CACTA002,TSS,Inflow,436
27.0,6_CACTA002,TSS,Inflow,436
31.0,6_CACTA002,TSS,Inflow,437
155.0,6_CACTA002,TSS,Inflow,437
100.0,6_CACTA002,TSS,Inflow,437
57.0,6_CACTA002,TSS,Inflow,437
163.0,6_CACTA002,TSS,Inflow,437
44.0,6_CACTA002,TSS,Inflow,438
10.0,6_CACTA002,TSS,Inflow,438
100.0,6_CACTA002,TSS,Inflow,438
155.0,6_CACTA002,TSS,Inflow,438
39.0,6_CACTA002,TSS,Inflow,438
27.0,6_CACTA002,TSS,Inflow,439
94.0,6_CACTA002,TSS,Inflow,439
70.0,6_CACTA002,TSS,Inflow,439
44.0,6_CACTA002,TSS,Inflow,439
50.0,6_CACTA002,TSS,Inflow,439
163.0,6_CACTA002,TSS,Inflow,440
100.0,6_CACTA002,TSS,Inflow,440
50.0,6_CACTA002,TSS,Inflow,440
57.0,6_CACTA002,TSS,Inflow,440
55.0,6_CACTA002,TSS,Inflow,440
50.0,6_CACTA002,TSS,Inflow,441
155.0,6_CACTA002,TSS,Inflow,441
163.0,6_CACTA002,TSS,Inflow,441
10.0,6_CACTA002,TSS,Inflow,441
55.0,6_CACTA002,TSS,Inflow,441
27.0,6_CACTA002,TSS,Inflow,442
57.0,6_CACTA002,TSS,Inflow,442
85.0,6_CACTA002,TSS,Inflow,442
70.0,6_CACTA002,TSS,Inflow,442
10.0,6_CACTA002,TSS,Inflow,442
100.0,6_CACTA002,TSS,Inflow,443
39.0,6_CACTA002,TSS,Inflow,443
70.0,6_CACTA002,TSS,Inflow,443
94.0,6_CACTA002,TSS,Inflow,443
57.0,6_CACTA002,TSS,Inflow,443
100.0,6_CACTA002,TSS,Inflow,444
70.0,6_CACTA002,TSS,Inflow,444
39.0,6_CACTA002,TSS,Inflow,444
57.0,6_CACTA002,TSS,Inflow,444
94.0,6_CACTA002,TSS,Inflow,444
39.0,6_CACTA002,TSS,Inflow,445
100.0,6_CACTA002,TSS,Inflow,445
50.0,6_CACTA002,TSS,Inflow,445
27.0,6_CACTA002,TSS,Inflow,445
31.0,6_CACTA002,TSS,Inflow,445
100.0,6_CACTA002,TSS,Inflow,446
85.0,6_CACTA002,TSS,Inflow,446
94.0,6_CACTA002,TSS,Inflow,446
50.0,6_CACTA002,TSS,Inflow,446
39.0,6_CACTA002,TSS,Inflow,446
57.0,6_CACTA002,TSS,Inflow,447
163.0,6_CACTA002,TSS,Inflow,447
27.0,6_CACTA002,TSS,Inflow,447
100.0,6_CACTA002,TSS,Inflow,447
94.0,6_CACTA002,TSS,Inflow,447
39.0,6_CACTA002,TSS,Inflow,448
55.0,6_CACTA002,TSS,Inflow,448
163.0,6_CACTA002,TSS,Inflow,448
94.0,6_CACTA002,TSS,Inflow,448
155.0,6_CACTA002,TSS,Inflow,448
163.0,6_CACTA002,TSS,Inflow,449
57.0,6_CACTA002,TSS,Inflow,449
155.0,6_CACTA002,TSS,Inflow,449
39.0,6_CACTA002,TSS,Inflow,449
10.0,6_CACTA002,TSS,Inflow,449
10.0,6_CACTA002,TSS,Inflow,450
85.0,6_CACTA002,TSS,Inflow,450
27.0,6_CACTA002,TSS,Inflow,450
55.0,6_CACTA002,TSS,Inflow,450
163.0,6_CACTA002,TSS,Inflow,450
31.0,6_CACTA002,TSS,Inflow,451
85.0,6_CACTA002,TSS,Inflow,451
57.0,6_CACTA002,TSS,Inflow,451
163.0,6_CACTA002,TSS,Inflow,451
155.0,6_CACTA002,TSS,Inflow,451
163.0,6_CACTA002,TSS,Inflow,452
155.0,6_CACTA002,TSS,Inflow,452
70.0,6_CACTA002,TSS,Inflow,452
57.0,6_CACTA002,TSS,Inflow,452
50.0,6_CACTA002,TSS,Inflow,452
57.0,6_CACTA002,TSS,Inflow,453
85.0,6_CACTA002,TSS,Inflow,453
100.0,6_CACTA002,TSS,Inflow,453
27.0,6_CACTA002,TSS,Inflow,453
10.0,6_CACTA002,TSS,Inflow,453
57.0,6_CACTA002,TSS,Inflow,454
44.0,6_CACTA002,TSS,Inflow,454
155.0,6_CACTA002,TSS,Inflow,454
163.0,6_CACTA002,TSS,Inflow,454
39.0,6_CACTA002,TSS,Inflow,454
57.0,6_CACTA002,TSS,Inflow,455
155.0,6_CACTA002,TSS,Inflow,455
27.0,6_CACTA002,TSS,Inflow,455
94.0,6_CACTA002,TSS,Inflow,455
100.0,6_CACTA002,TSS,Inflow,455
100.0,6_CACTA002,TSS,Inflow,456
57.0,6_CACTA002,TSS,Inflow,456
31.0,6_CACTA002,TSS,Inflow,456
44.0,6_CACTA002,TSS,Inflow,456
55.0,6_CACTA002,TSS,Inflow,456
57.0,6_CACTA002,TSS,Inflow,457
94.0,6_CACTA002,TSS,Inflow,457
163.0,6_CACTA002,TSS,Inflow,457
31.0,6_CACTA002,TSS,Inflow,457
55.0,6_CACTA002,TSS,Inflow,457
100.0,6_CACTA002,TSS,Inflow,458
55.0,6_CACTA002,TSS,Inflow,458
57.0,6_CACTA002,TSS,Inflow,458
39.0,6_CACTA002,TSS,Inflow,458
94.0,6_CACTA002,TSS,Inflow,458
100.0,6_CACTA002,TSS,Inflow,459
57.0,6_CACTA002,TSS,Inflow,459
55.0,6_CACTA002,TSS,Inflow,459
44.0,6_CACTA002,TSS,Inflow,459
50.0,6_CACTA002,TSS,Inflow,459
155.0,6_CACTA002,TSS,Inflow,460
27.0,6_CACTA002,TSS,Inflow,460
10.0,6_CACTA002,TSS,Inflow,460
57.0,6_CACTA002,TSS,Inflow,460
94.0,6_CACTA002,TSS,Inflow,460
70.0,6_CACTA002,TSS,Inflow,461
57.0,6_CACTA002,TSS,Inflow,461
10.0,6_CACTA002,TSS,Inflow,461
55.0,6_CACTA002,TSS,Inflow,461
27.0,6_CACTA002,TSS,Inflow,461
57.0,6_CACTA002,TSS,Inflow,462
70.0,6_CACTA002,TSS,Inflow,462
27.0,6_CACTA002,TSS,Inflow,462
57.0,6_CACTA002,TSS,Inflow,462
39.0,6_CACTA002,TSS,Inflow,462
163.0,6_CACTA002,TSS,Inflow,463
27.0,6_CACTA002,TSS,Inflow,463
57.0,6_CACTA002,TSS,Inflow,463
70.0,6_CACTA002,TSS,Inflow,463
50.0,6_CACTA002,TSS,Inflow,463
39.0,6_CACTA002,TSS,Inflow,464
163.0,6_CACTA002,TSS,Inflow,464
44.0,6_CACTA002,TSS,Inflow,464
94.0,6_CACTA002,TSS,Inflow,464
57.0,6_CACTA002,TSS,Inflow,464
70.0,6_CACTA002,TSS,Inflow,465
44.0,6_CACTA002,TSS,Inflow,465
39.0,6_CACTA002,TSS,Inflow,465
27.0,6_CACTA002,TSS,Inflow,465
57.0,6_CACTA002,TSS,Inflow,465
57.0,6_CACTA002,TSS,Inflow,466
100.0,6_CACTA002,TSS,Inflow,466
155.0,6_CACTA002,TSS,Inflow,466
50.0,6_CACTA002,TSS,Inflow,466
27.0,6_CACTA002,TSS,Inflow,466
100.0,6_CACTA002,TSS,Inflow,467
55.0,6_CACTA002,TSS,Inflow,467
27.0,6_CACTA002,TSS,Inflow,467
50.0,6_CACTA002,TSS,Inflow,467
44.0,6_CACTA002,TSS,Inflow,467
44.0,6_CACTA002,TSS,Inflow,468
70.0,6_CACTA002,TSS,Inflow,468
31.0,6_CACTA002,TSS,Inflow,468
50.0,6_CACTA002,TSS,Inflow,468
57.0,6_CACTA002,TSS,Inflow,468
94.0,6_CACTA002,TSS,Inflow,469
163.0,6_CACTA002,TSS,Inflow,469
50.0,6_CACTA002,TSS,Inflow,469
31.0,6_CACTA002,TSS,Inflow,469
57.0,6_CACTA002,TSS,Inflow,469
44.0,6_CACTA002,TSS,Inflow,470
163.0,6_CACTA002,TSS,Inflow,470
57.0,6_CACTA002,TSS,Inflow,470
27.0,6_CACTA002,TSS,Inflow,470
155.0,6_CACTA002,TSS,Inflow,470
85.0,6_CACTA002,TSS,Inflow,471
39.0,6_CACTA002,TSS,Inflow,471
100.0,6_CACTA002,TSS,Inflow,471
55.0,6_CACTA002,TSS,Inflow,471
44.0,6_CACTA002,TSS,Inflow,471
85.0,6_CACTA002,TSS,Inflow,472
94.0,6_CACTA002,TSS,Inflow,472
155.0,6_CACTA002,TSS,Inflow,472
163.0,6_CACTA002,TSS,Inflow,472
57.0,6_CACTA002,TSS,Inflow,472
70.0,6_CACTA002,TSS,Inflow,473
94.0,6_CACTA002,TSS,Inflow,473
44.0,6_CACTA002,TSS,Inflow,473
57.0,6_CACTA002,TSS,Inflow,473
85.0,6_CACTA002,TSS,Inflow,473
70.0,6_CACTA002,TSS,Inflow,474
57.0,6_CACTA002,TSS,Inflow,474
39.0,6_CACTA002,TSS,Inflow,474
57.0,6_CACTA002,TSS,Inflow,474
85.0,6_CACTA002,TSS,Inflow,474
10.0,6_CACTA002,TSS,Inflow,475
55.0,6_CACTA002,TSS,Inflow,475
94.0,6_CACTA002,TSS,Inflow,475
163.0,6_CACTA002,TSS,Inflow,475
85.0,6_CACTA002,TSS,Inflow,475
55.0,6_CACTA002,TSS,Inflow,476
44.0,6_CACTA002,TSS,Inflow,476
94.0,6_CACTA002,TSS,Inflow,476
85.0,6_CACTA002,TSS,Inflow,476
163.0,6_CACTA002,TSS,Inflow,476
163.0,6_CACTA002,TSS,Inflow,477
44.0,6_CACTA002,TSS,Inflow,477
155.0,6_CACTA002,TSS,Inflow,477
100.0,6_CACTA002,TSS,Inflow,477
39.0,6_CACTA002,TSS,Inflow,477
70.0,6_CACTA002,TSS,Inflow,478
55.0,6_CACTA002,TSS,Inflow,478
39.0,6_CACTA002,TSS,Inflow,478
10.0,6_CACTA002,TSS,Inflow,478
163.0,6_CACTA002,TSS,Inflow,478
85.0,6_CACTA002,TSS,Inflow,479
55.0,6_CACTA002,TSS,Inflow,479
70.0,6_CACTA002,TSS,Inflow,479
44.0,6_CACTA002,TSS,Inflow,479
57.0,6_CACTA002,TSS,Inflow,479
155.0,6_CACTA002,TSS,Inflow,480
10.0,6_CACTA002,TSS,Inflow,480
57.0,6_CACTA002,TSS,Inflow,480
31.0,6_CACTA002,TSS,Inflow,480
55.0,6_CACTA002,TSS,Inflow,480
155.0,6_CACTA002,TSS,Inflow,481
27.0,6_CACTA002,TSS,Inflow,481
50.0,6_CACTA002,TSS,Inflow,481
10.0,6_CACTA002,TSS,Inflow,481
55.0,6_CACTA002,TSS,Inflow,481
50.0,6_CACTA002,TSS,Inflow,482
10.0,6_CACTA002,TSS,Inflow,482
31.0,6_CACTA002,TSS,Inflow,482
27.0,6_CACTA002,TSS,Inflow,482
85.0,6_CACTA002,TSS,Inflow,482
27.0,6_CACTA002,TSS,Inflow,483
31.0,6_CACTA002,TSS,Inflow,483
155.0,6_CACTA002,TSS,Inflow,483
163.0,6_CACTA002,TSS,Inflow,483
44.0,6_CACTA002,TSS,Inflow,483
50.0,6_CACTA002,TSS,Inflow,484
163.0,6_CACTA002,TSS,Inflow,484
100.0,6_CACTA002,TSS,Inflow,484
94.0,6_CACTA002,TSS,Inflow,484
70.0,6_CACTA002,TSS,Inflow,484
163.0,6_CACTA002,TSS,Inflow,485
57.0,6_CACTA002,TSS,Inflow,485
57.0,6_CACTA002,TSS,Inflow,485
31.0,6_CACTA002,TSS,Inflow,485
50.0,6_CACTA002,TSS,Inflow,485
55.0,6_CACTA002,TSS,Inflow,486
57.0,6_CACTA002,TSS,Inflow,486
85.0,6_CACTA002,TSS,Inflow,486
31.0,6_CACTA002,TSS,Inflow,486
50.0,6_CACTA002,TSS,Inflow,486
31.0,6_CACTA002,TSS,Inflow,487
57.0,6_CACTA002,TSS,Inflow,487
50.0,6_CACTA002,TSS,Inflow,487
44.0,6_CACTA002,TSS,Inflow,487
85.0,6_CACTA002,TSS,Inflow,487
155.0,6_CACTA002,TSS,Inflow,488
57.0,6_CACTA002,TSS,Inflow,488
163.0,6_CACTA002,TSS,Inflow,488
100.0,6_CACTA002,TSS,Inflow,488
55.0,6_CACTA002,TSS,Inflow,488
44.0,6_CACTA002,TSS,Inflow,489
85.0,6_CACTA002,TSS,Inflow,489
163.0,6_CACTA002,TSS,Inflow,489
27.0,6_CACTA002,TSS,Inflow,489
155.0,6_CACTA002,TSS,Inflow,489
100.0,6_CACTA002,TSS,Inflow,490
57.0,6_CACTA002,TSS,Inflow,490
10.0,6_CACTA002,TSS,Inflow,490
163.0,6_CACTA002,TSS,Inflow,490
155.0,6_CACTA002,TSS,Inflow,490
94.0,6_CACTA002,TSS,Inflow,491
163.0,6_CACTA002,TSS,Inflow,491
10.0,6_CACTA002,TSS,Inflow,491
70.0,6_CACTA002,TSS,Inflow,491
39.0,6_CACTA002,TSS,Inflow,491
10.0,6_CACTA002,TSS,Inflow,492
70.0,6_CACTA002,TSS,Inflow,492
44.0,6_CACTA002,TSS,Inflow,492
85.0,6_CACTA002,TSS,Inflow,492
50.0,6_CACTA002,TSS,Inflow,492
57.0,6_CACTA002,TSS,Inflow,493
27.0,6_CACTA002,TSS,Inflow,493
85.0,6_CACTA002,TSS,Inflow,493
31.0,6_CACTA002,TSS,Inflow,493
163.0,6_CACTA002,TSS,Inflow,493
27.0,6_CACTA002,TSS,Inflow,494
44.0,6_CACTA002,TSS,Inflow,494
31.0,6_CACTA002,TSS,Inflow,494
57.0,6_CACTA002,TSS,Inflow,494
94.0,6_CACTA002,TSS,Inflow,494
57.0,6_CACTA002,TSS,Inflow,495
44.0,6_CACTA002,TSS,Inflow,495
100.0,6_CACTA002,TSS,Inflow,495
10.0,6_CACTA002,TSS,Inflow,495
70.0,6_CACTA002,TSS,Inflow,495
44.0,6_CACTA002,TSS,Inflow,496
55.0,6_CACTA002,TSS,Inflow,496
50.0,6_CACTA002,TSS,Inflow,496
10.0,6_CACTA002,TSS,Inflow,496
85.0,6_CACTA002,TSS,Inflow,496
10.0,6_CACTA002,TSS,Inflow,497
57.0,6_CACTA002,TSS,Inflow,497
31.0,6_CACTA002,TSS,Inflow,497
94.0,6_CACTA002,TSS,Inflow,497
155.0,6_CACTA002,TSS,Inflow,497
44.0,6_CACTA002,TSS,Inflow,498
57.0,6_CACTA002,TSS,Inflow,498
155.0,6_CACTA002,TSS,Inflow,498
10.0,6_CACTA002,TSS,Inflow,498
100.0,6_CACTA002,TSS,Inflow,498
155.0,6_CACTA002,TSS,Inflow,499
10.0,6_CACTA002,TSS,Inflow,499
57.0,6_CACTA002,TSS,Inflow,499
39.0,6_CACTA002,TSS,Inflow,499
85.0,6_CACTA002,TSS,Inflow,499
44.0,6_CACTA002,TSS,Inflow,500
94.0,6_CACTA002,TSS,Inflow,500
57.0,6_CACTA002,TSS,Inflow,500
85.0,6_CACTA002,TSS,Inflow,500
55.0,6_CACTA002,TSS,Inflow,500
