EMC,Location,Analyte,Flow,Run
50.0,6_CACTA002,TSS,Inflow,1
57.0,6_CACTA002,TSS,Inflow,1
27.0,6_CACTA002,TSS,Inflow,1
163.0,6_CACTA002,TSS,Inflow,1
39.0,6_CACTA002,TSS,Inflow,1
100.0,6_CACTA002,TSS,Inflow,2
70.0,6_CACTA002,TSS,Inflow,2
39.0,6_CACTA002,TSS,Inflow,2
163.0,6_CACTA002,TSS,Inflow,2
94.0,6_CACTA002,TSS,Inflow,2
27.0,6_CACTA002,TSS,Inflow,3
39.0,6_CACTA002,TSS,Inflow,3
50.0,6_CACTA002,TSS,Inflow,3
10.0,6_CACTA002,TSS,Inflow,3
57.0,6_CACTA002,TSS,Inflow,3
31.0,6_CACTA002,TSS,Inflow,4
70.0,6_CACTA002,TSS,Inflow,4
57.0,6_CACTA002,TSS,Inflow,4
155.0,6_CACTA002,TSS,Inflow,4
10.0,6_CACTA002,TSS,Inflow,4
57.0,6_CACTA002,TSS,Inflow,5
27.0,6_CACTA002,TSS,Inflow,5
10.0,6_CACTA002,TSS,Inflow,5
100.0,6_CACTA002,TSS,Inflow,5
55.0,6_CACTA002,TSS,Inflow,5
57.0,6_CACTA002,TSS,Inflow,6
85.0,6_CACTA002,TSS,Inflow,6
44.0,6_CACTA002,TSS,Inflow,6
100.0,6_CACTA002,TSS,Inflow,6
10.0,6_CACTA002,TSS,Inflow,6
163.0,6_CACTA002,TSS,Inflow,7
39.0,6_CACTA002,TSS,Inflow,7
155.0,6_CACTA002,TSS,Inflow,7
70.0,6_CACTA002,TSS,Inflow,7
85.0,6_CACTA002,TSS,Inflow,7
163.0,6_CACTA002,TSS,Inflow,8
70.0,6_CACTA002,TSS,Inflow,8
94.0,6_CACTA002,TSS,Inflow,8
50.0,6_CACTA002,TSS,Inflow,8
27.0,6_CACTA002,TSS,Inflow,8
85.0,6_CACTA002,TSS,Inflow,9
44.0,6_CACTA002,TSS,Inflow,9
70.0,6_CACTA002,TSS,Inflow,9
50.0,6_CACTA002,TSS,Inflow,9
55.0,6_CACTA002,TSS,Inflow,9
155.0,6_CACTA002,TSS,Inflow,10
39.0,6_CACTA002,TSS,Inflow,10
10.0,6_CACTA002,TSS,Inflow,10
50.0,6_CACTA002,TSS,Inflow,10
57.0,6_CACTA002,TSS,Inflow,10
31.0,6_CACTA002,TSS,Inflow,11
27.0,6_CACTA002,TSS,Inflow,11
163.0,6_CACTA002,TSS,Inflow,11
155.0,6_CACTA002,TSS,Inflow,11
57.0,6_CACTA002,TSS,Inflow,11
55.0,6_CACTA002,TSS,Inflow,12
10.0,6_CACTA002,TSS,Inflow,12
50.0,6_CACTA002,TSS,Inflow,12
94.0,6_CACTA002,TSS,Inflow,12
44.0,6_CACTA002,TSS,Inflow,12
50.0,6_CACTA002,TSS,Inflow,13
57.0,6_CACTA002,TSS,Inflow,13
163.0,6_CACTA002,TSS,Inflow,13
85.0,6_CACTA002,TSS,Inflow,13
31.0,6_CACTA002,TSS,Inflow,13
39.0,6_CACTA002,TSS,Inflow,14
44.0,6_CACTA002,TSS,Inflow,14
85.0,6_CACTA002,TSS,Inflow,14
57.0,6_CACTA002,TSS,Inflow,14
94.0,6_CACTA002,TSS,Inflow,14
57.0,6_CACTA002,TSS,Inflow,15
70.0,6_CACTA002,TSS,Inflow,15
163.0,6_CACTA002,TSS,Inflow,15
57.0,6_CACTA002,TSS,Inflow,15
39.0,6_CACTA002,TSS,Inflow,15
85.0,6_CACTA002,TSS,Inflow,16
94.0,6_CACTA002,TSS,Inflow,16
44.0,6_CACTA002,TSS,Inflow,16
27.0,6_CACTA002,TSS,Inflow,16
155.0,6_CACTA002,TSS,Inflow,16
44.0,6_CACTA002,TSS,Inflow,17
85.0,6_CACTA002,TSS,Inflow,17
57.0,6_CACTA002,TSS,Inflow,17
27.0,6_CACTA002,TSS,Inflow,17
70.0,6_CACTA002,TSS,Inflow,17
39.0,6_CACTA002,TSS,Inflow,18
85.0,6_CACTA002,TSS,Inflow,18
55.0,6_CACTA002,TSS,Inflow,18
163.0,6_CACTA002,TSS,Inflow,18
27.0,6_CACTA002,TSS,Inflow,18
57.0,6_CACTA002,TSS,Inflow,19
39.0,6_CACTA002,TSS,Inflow,19
155.0,6_CACTA002,TSS,Inflow,19
27.0,6_CACTA002,TSS,Inflow,19
57.0,6_CACTA002,TSS,Inflow,19
70.0,6_CACTA002,TSS,Inflow,20
57.0,6_CACTA002,TSS,Inflow,20
31.0,6_CACTA002,TSS,Inflow,20
100.0,6_CACTA002,TSS,Inflow,20
94.0,6_CACTA002,TSS,Inflow,20
94.0,6_CACTA002,TSS,Inflow,21
55.0,6_CACTA002,TSS,Inflow,21
44.0,6_CACTA002,TSS,Inflow,21
85.0,6_CACTA002,TSS,Inflow,21
163.0,6_CACTA002,TSS,Inflow,21
31.0,6_CACTA002,TSS,Inflow,22
94.0,6_CACTA002,TSS,Inflow,22
57.0,6_CACTA002,TSS,Inflow,22
27.0,6_CACTA002,TSS,Inflow,22
57.0,6_CACTA002,TSS,Inflow,22
44.0,6_CACTA002,TSS,Inflow,23
50.0,6_CACTA002,TSS,Inflow,23
70.0,6_CACTA002,TSS,Inflow,23
94.0,6_CACTA002,TSS,Inflow,23
55.0,6_CACTA002,TSS,Inflow,23
55.0,6_CACTA002,TSS,Inflow,24
31.0,6_CACTA002,TSS,Inflow,24
10.0,6_CACTA002,TSS,Inflow,24
44.0,6_CACTA002,TSS,Inflow,24
155.0,6_CACTA002,TSS,Inflow,24
27.0,6_CACTA002,TSS,Inflow,25
44.0,6_CACTA002,TSS,Inflow,25
85.0,6_CACTA002,TSS,Inflow,25
57.0,6_CACTA002,TSS,Inflow,25
155.0,6_CACTA002,TSS,Inflow,25
163.0,6_CACTA002,TSS,Inflow,26
39.0,6_CACTA002,TSS,Inflow,26
44.0,6_CACTA002,TSS,Inflow,26
31.0,6_CACTA002,TSS,Inflow,26
55.0,6_CACTA002,TSS,Inflow,26
27.0,6_CACTA002,TSS,Inflow,27
39.0,6_CACTA002,TSS,Inflow,27
57.0,6_CACTA002,TSS,Inflow,27
50.0,6_CACTA002,TSS,Inflow,27
55.0,6_CACTA002,TSS,Inflow,27
155.0,6_CACTA002,TSS,Inflow,28
57.0,6_CACTA002,TSS,Inflow,28
27.0,6_CACTA002,TSS,Inflow,28
50.0,6_CACTA002,TSS,Inflow,28
57.0,6_CACTA002,TSS,Inflow,28
57.0,6_CACTA002,TSS,Inflow,29
44.0,6_CACTA002,TSS,Inflow,29
163.0,6_CACTA002,TSS,Inflow,29
57.0,6_CACTA002,TSS,Inflow,29
70.0,6_CACTA002,TSS,Inflow,29
44.0,6_CACTA002,TSS,Inflow,30
50.0,6_CACTA002,TSS,Inflow,30
163.0,6_CACTA002,TSS,Inflow,30
10.0,6_CACTA002,TSS,Inflow,30
70.0,6_CACTA002,TSS,Inflow,30
163.0,6_CACTA002,TSS,Inflow,31
94.0,6_CACTA002,TSS,Inflow,31
31.0,6_CACTA002,TSS,Inflow,31
50.0,6_CACTA002,TSS,Inflow,31
57.0,6_CACTA002,TSS,Inflow,31
27.0,6_CACTA002,TSS,Inflow,32
50.0,6_CACTA002,TSS,Inflow,32
155.0,6_CACTA002,TSS,Inflow,32
70.0,6_CACTA002,TSS,Inflow,32
57.0,6_CACTA002,TSS,Inflow,32
55.0,6_CACTA002,TSS,Inflow,33
50.0,6_CACTA002,TSS,Inflow,33
44.0,6_CACTA002,TSS,Inflow,33
57.0,6_CACTA002,TSS,Inflow,33
85.0,6_CACTA002,TSS,Inflow,33
39.0,6_CACTA002,TSS,Inflow,34
94.0,6_CACTA002,TSS,Inflow,34
100.0,6_CACTA002,TSS,Inflow,34
163.0,6_CACTA002,TSS,Inflow,34
10.0,6_CACTA002,TSS,Inflow,34
100.0,6_CACTA002,TSS,Inflow,35
55.0,6_CACTA002,TSS,Inflow,35
50.0,6_CACTA002,TSS,Inflow,35
27.0,6_CACTA002,TSS,Inflow,35
10.0,6_CACTA002,TSS,Inflow,35
85.0,6_CACTA002,TSS,Inflow,36
100.0,6_CACTA002,TSS,Inflow,36
27.0,6_CACTA002,TSS,Inflow,36
155.0,6_CACTA002,TSS,Inflow,36
70.0,6_CACTA002,TSS,Inflow,36
50.0,6_CACTA002,TSS,Inflow,37
155.0,6_CACTA002,TSS,Inflow,37
44.0,6_CACTA002,TSS,Inflow,37
163.0,6_CACTA002,TSS,Inflow,37
94.0,6_CACTA002,TSS,Inflow,37
163.0,6_CACTA002,TSS,Inflow,38
155.0,6_CACTA002,TSS,Inflow,38
57.0,6_CACTA002,TSS,Inflow,38
50.0,6_CACTA002,TSS,Inflow,38
85.0,6_CACTA002,TSS,Inflow,38
44.0,6_CACTA002,TSS,Inflow,39
10.0,6_CACTA002,TSS,Inflow,39
100.0,6_CACTA002,TSS,Inflow,39
163.0,6_CACTA002,TSS,Inflow,39
55.0,6_CACTA002,TSS,Inflow,39
50.0,6_CACTA002,TSS,Inflow,40
57.0,6_CACTA002,TSS,Inflow,40
94.0,6_CACTA002,TSS,Inflow,40
27.0,6_CACTA002,TSS,Inflow,40
10.0,6_CACTA002,TSS,Inflow,40
31.0,6_CACTA002,TSS,Inflow,41
27.0,6_CACTA002,TSS,Inflow,41
155.0,6_CACTA002,TSS,Inflow,41
70.0,6_CACTA002,TSS,Inflow,41
94.0,6_CACTA002,TSS,Inflow,41
70.0,6_CACTA002,TSS,Inflow,42
163.0,6_CACTA002,TSS,Inflow,42
57.0,6_CACTA002,TSS,Inflow,42
57.0,6_CACTA002,TSS,Inflow,42
39.0,6_CACTA002,TSS,Inflow,42
50.0,6_CACTA002,TSS,Inflow,43
70.0,6_CACTA002,TSS,Inflow,43
39.0,6_CACTA002,TSS,Inflow,43
55.0,6_CACTA002,TSS,Inflow,43
57.0,6_CACTA002,TSS,Inflow,43
85.0,6_CACTA002,TSS,Inflow,44
94.0,6_CACTA002,TSS,Inflow,44
57.0,6_CACTA002,TSS,Inflow,44
155.0,6_CACTA002,TSS,Inflow,44
27.0,6_CACTA002,TSS,Inflow,44
163.0,6_CACTA002,TSS,Inflow,45
10.0,6_CACTA002,TSS,Inflow,45
27.0,6_CACTA002,TSS,Inflow,45
155.0,6_CACTA002,TSS,Inflow,45
39.0,6_CACTA002,TSS,Inflow,45
85.0,6_CACTA002,TSS,Inflow,46
155.0,6_CACTA002,TSS,Inflow,46
44.0,6_CACTA002,TSS,Inflow,46
100.0,6_CACTA002,TSS,Inflow,46
57.0,6_CACTA002,TSS,Inflow,46
70.0,6_CACTA002,TSS,Inflow,47
100.0,6_CACTA002,TSS,Inflow,47
57.0,6_CACTA002,TSS,Inflow,47
85.0,6_CACTA002,TSS,Inflow,47
10.0,6_CACTA002,TSS,Inflow,47
31.0,6_CACTA002,TSS,Inflow,48
85.0,6_CACTA002,TSS,Inflow,48
155.0,6_CACTA002,TSS,Inflow,48
100.0,6_CACTA002,TSS,Inflow,48
44.0,6_CACTA002,TSS,Inflow,48
27.0,6_CACTA002,TSS,Inflow,49
31.0,6_CACTA002,TSS,Inflow,49
39.0,6_CACTA002,TSS,Inflow,49
94.0,6_CACTA002,TSS,Inflow,49
50.0,6_CACTA002,TSS,Inflow,49
155.0,6_CACTA002,TSS,Inflow,50
70.0,6_CACTA002,TSS,Inflow,50
85.0,6_CACTA002,TSS,Inflow,50
31.0,6_CACTA002,TSS,Inflow,50
163.0,6_CACTA002,TSS,Inflow,50
31.0,6_CACTA002,TSS,Inflow,51
10.0,6_CACTA002,TSS,Inflow,51
94.0,6_CACTA002,TSS,Inflow,51
27.0,6_CACTA002,TSS,Inflow,51
44.0,6_CACTA002,TSS,Inflow,51
57.0,6_CACTA002,TSS,Inflow,52
100.0,6_CACTA002,TSS,Inflow,52
10.0,6_CACTA002,TSS,Inflow,52
57.0,6_CACTA002,TSS,Inflow,52
155.0,6_CACTA002,TSS,Inflow,52
100.0,6_CACTA002,TSS,Inflow,53
57.0,6_CACTA002,TSS,Inflow,53
44.0,6_CACTA002,TSS,Inflow,53
27.0,6_CACTA002,TSS,Inflow,53
155.0,6_CACTA002,TSS,Inflow,53
57.0,6_CACTA002,TSS,Inflow,54
57.0,6_CACTA002,TSS,Inflow,54
100.0,6_CACTA002,TSS,Inflow,54
155.0,6_CACTA002,TSS,Inflow,54
27.0,6_CACTA002,TSS,Inflow,54
85.0,6_CACTA002,TSS,Inflow,55
94.0,6_CACTA002,TSS,Inflow,55
50.0,6_CACTA002,TSS,Inflow,55
31.0,6_CACTA002,TSS,Inflow,55
10.0,6_CACTA002,TSS,Inflow,55
155.0,6_CACTA002,TSS,Inflow,56
50.0,6_CACTA002,TSS,Inflow,56
85.0,6_CACTA002,TSS,Inflow,56
100.0,6_CACTA002,TSS,Inflow,56
57.0,6_CACTA002,TSS,Inflow,56
85.0,6_CACTA002,TSS,Inflow,57
70.0,6_CACTA002,TSS,Inflow,57
31.0,6_CACTA002,TSS,Inflow,57
155.0,6_CACTA002,TSS,Inflow,57
57.0,6_CACTA002,TSS,Inflow,57
163.0,6_CACTA002,TSS,Inflow,58
27.0,6_CACTA002,TSS,Inflow,58
44.0,6_CACTA002,TSS,Inflow,58
55.0,6_CACTA002,TSS,Inflow,58
57.0,6_CACTA002,TSS,Inflow,58
50.0,6_CACTA002,TSS,Inflow,59
57.0,6_CACTA002,TSS,Inflow,59
27.0,6_CACTA002,TSS,Inflow,59
44.0,6_CACTA002,TSS,Inflow,59
39.0,6_CACTA002,TSS,Inflow,59
100.0,6_CACTA002,TSS,Inflow,60
163.0,6_CACTA002,TSS,Inflow,60
155.0,6_CACTA002,TSS,Inflow,60
50.0,6_CACTA002,TSS,Inflow,60
57.0,6_CACTA002,TSS,Inflow,60
44.0,6_CACTA002,TSS,Inflow,61
10.0,6_CACTA002,TSS,Inflow,61
94.0,6_CACTA002,TSS,Inflow,61
27.0,6_CACTA002,TSS,Inflow,61
155.0,6_CACTA002,TSS,Inflow,61
31.0,6_CACTA002,TSS,Inflow,62
163.0,6_CACTA002,TSS,Inflow,62
85.0,6_CACTA002,TSS,Inflow,62
50.0,6_CACTA002,TSS,Inflow,62
100.0,6_CACTA002,TSS,Inflow,62
55.0,6_CACTA002,TSS,Inflow,63
57.0,6_CACTA002,TSS,Inflow,63
100.0,6_CACTA002,TSS,Inflow,63
27.0,6_CACTA002,TSS,Inflow,63
44.0,6_CACTA002,TSS,Inflow,63
27.0,6_CACTA002,TSS,Inflow,64
44.0,6_CACTA002,TSS,Inflow,64
31.0,6_CACTA002,TSS,Inflow,64
39.0,6_CACTA002,TSS,Inflow,64
57.0,6_CACTA002,TSS,Inflow,64
10.0,6_CACTA002,TSS,Inflow,65
57.0,6_CACTA002,TSS,Inflow,65
55.0,6_CACTA002,TSS,Inflow,65
70.0,6_CACTA002,TSS,Inflow,65
27.0,6_CACTA002,TSS,Inflow,65
57.0,6_CACTA002,TSS,Inflow,66
44.0,6_CACTA002,TSS,Inflow,66
27.0,6_CACTA002,TSS,Inflow,66
155.0,6_CACTA002,TSS,Inflow,66
55.0,6_CACTA002,TSS,Inflow,66
55.0,6_CACTA002,TSS,Inflow,67
44.0,6_CACTA002,TSS,Inflow,67
70.0,6_CACTA002,TSS,Inflow,67
31.0,6_CACTA002,TSS,Inflow,67
163.0,6_CACTA002,TSS,Inflow,67
57.0,6_CACTA002,TSS,Inflow,68
100.0,6_CACTA002,TSS,Inflow,68
55.0,6_CACTA002,TSS,Inflow,68
50.0,6_CACTA002,TSS,Inflow,68
155.0,6_CACTA002,TSS,Inflow,68
85.0,6_CACTA002,TSS,Inflow,69
70.0,6_CACTA002,TSS,Inflow,69
100.0,6_CACTA002,TSS,Inflow,69
39.0,6_CACTA002,TSS,Inflow,69
10.0,6_CACTA002,TSS,Inflow,69
31.0,6_CACTA002,TSS,Inflow,70
85.0,6_CACTA002,TSS,Inflow,70
70.0,6_CACTA002,TSS,Inflow,70
100.0,6_CACTA002,TSS,Inflow,70
44.0,6_CACTA002,TSS,Inflow,70
155.0,6_CACTA002,TSS,Inflow,71
39.0,6_CACTA002,TSS,Inflow,71
70.0,6_CACTA002,TSS,Inflow,71
44.0,6_CACTA002,TSS,Inflow,71
100.0,6_CACTA002,TSS,Inflow,71
100.0,6_CACTA002,TSS,Inflow,72
50.0,6_CACTA002,TSS,Inflow,72
10.0,6_CACTA002,TSS,Inflow,72
57.0,6_CACTA002,TSS,Inflow,72
94.0,6_CACTA002,TSS,Inflow,72
50.0,6_CACTA002,TSS,Inflow,73
85.0,6_CACTA002,TSS,Inflow,73
70.0,6_CACTA002,TSS,Inflow,73
163.0,6_CACTA002,TSS,Inflow,73
31.0,6_CACTA002,TSS,Inflow,73
57.0,6_CACTA002,TSS,Inflow,74
57.0,6_CACTA002,TSS,Inflow,74
163.0,6_CACTA002,TSS,Inflow,74
10.0,6_CACTA002,TSS,Inflow,74
50.0,6_CACTA002,TSS,Inflow,74
55.0,6_CACTA002,TSS,Inflow,75
27.0,6_CACTA002,TSS,Inflow,75
94.0,6_CACTA002,TSS,Inflow,75
155.0,6_CACTA002,TSS,Inflow,75
44.0,6_CACTA002,TSS,Inflow,75
57.0,6_CACTA002,TSS,Inflow,76
39.0,6_CACTA002,TSS,Inflow,76
44.0,6_CACTA002,TSS,Inflow,76
100.0,6_CACTA002,TSS,Inflow,76
155.0,6_CACTA002,TSS,Inflow,76
155.0,6_CACTA002,TSS,Inflow,77
31.0,6_CACTA002,TSS,Inflow,77
100.0,6_CACTA002,TSS,Inflow,77
163.0,6_CACTA002,TSS,Inflow,77
57.0,6_CACTA002,TSS,Inflow,77
55.0,6_CACTA002,TSS,Inflow,78
70.0,6_CACTA002,TSS,Inflow,78
10.0,6_CACTA002,TSS,Inflow,78
94.0,6_CACTA002,TSS,Inflow,78
27.0,6_CACTA002,TSS,Inflow,78
155.0,6_CACTA002,TSS,Inflow,79
94.0,6_CACTA002,TSS,Inflow,79
57.0,6_CACTA002,TSS,Inflow,79
163.0,6_CACTA002,TSS,Inflow,79
85.0,6_CACTA002,TSS,Inflow,79
50.0,6_CACTA002,TSS,Inflow,80
100.0,6_CACTA002,TSS,Inflow,80
57.0,6_CACTA002,TSS,Inflow,80
163.0,6_CACTA002,TSS,Inflow,80
27.0,6_CACTA002,TSS,Inflow,80
94.0,6_CACTA002,TSS,Inflow,81
44.0,6_CACTA002,TSS,Inflow,81
39.0,6_CACTA002,TSS,Inflow,81
100.0,6_CACTA002,TSS,Inflow,81
57.0,6_CACTA002,TSS,Inflow,81
70.0,6_CACTA002,TSS,Inflow,82
39.0,6_CACTA002,TSS,Inflow,82
57.0,6_CACTA002,TSS,Inflow,82
94.0,6_CACTA002,TSS,Inflow,82
163.0,6_CACTA002,TSS,Inflow,82
100.0,6_CACTA002,TSS,Inflow,83
31.0,6_CACTA002,TSS,Inflow,83
155.0,6_CACTA002,TSS,Inflow,83
55.0,6_CACTA002,TSS,Inflow,83
50.0,6_CACTA002,TSS,Inflow,83
163.0,6_CACTA002,TSS,Inflow,84
100.0,6_CACTA002,TSS,Inflow,84
155.0,6_CACTA002,TSS,Inflow,84
85.0,6_CACTA002,TSS,Inflow,84
94.0,6_CACTA002,TSS,Inflow,84
57.0,6_CACTA002,TSS,Inflow,85
55.0,6_CACTA002,TSS,Inflow,85
39.0,6_CACTA002,TSS,Inflow,85
100.0,6_CACTA002,TSS,Inflow,85
155.0,6_CACTA002,TSS,Inflow,85
70.0,6_CACTA002,TSS,Inflow,86
94.0,6_CACTA002,TSS,Inflow,86
155.0,6_CACTA002,TSS,Inflow,86
27.0,6_CACTA002,TSS,Inflow,86
100.0,6_CACTA002,TSS,Inflow,86
50.0,6_CACTA002,TSS,Inflow,87
163.0,6_CACTA002,TSS,Inflow,87
94.0,6_CACTA002,TSS,Inflow,87
85.0,6_CACTA002,TSS,Inflow,87
70.0,6_CACTA002,TSS,Inflow,87
44.0,6_CACTA002,TSS,Inflow,88
57.0,6_CACTA002,TSS,Inflow,88
55.0,6_CACTA002,TSS,Inflow,88
31.0,6_CACTA002,TSS,Inflow,88
27.0,6_CACTA002,TSS,Inflow,88
44.0,6_CACTA002,TSS,Inflow,89
31.0,6_CACTA002,TSS,Inflow,89
85.0,6_CACTA002,TSS,Inflow,89
55.0,6_CACTA002,TSS,Inflow,89
57.0,6_CACTA002,TSS,Inflow,89
55.0,6_CACTA002,TSS,Inflow,90
100.0,6_CACTA002,TSS,Inflow,90
44.0,6_CACTA002,TSS,Inflow,90
85.0,6_CACTA002,TSS,Inflow,90
70.0,6_CACTA002,TSS,Inflow,90
50.0,6_CACTA002,TSS,Inflow,91
155.0,6_CACTA002,TSS,Inflow,91
57.0,6_CACTA002,TSS,Inflow,91
100.0,6_CACTA002,TSS,Inflow,91
27.0,6_CACTA002,TSS,Inflow,91
44.0,6_CACTA002,TSS,Inflow,92
155.0,6_CACTA002,TSS,Inflow,92
55.0,6_CACTA002,TSS,Inflow,92
10.0,6_CACTA002,TSS,Inflow,92
50.0,6_CACTA002,TSS,Inflow,92
10.0,6_CACTA002,TSS,Inflow,93
50.0,6_CACTA002,TSS,Inflow,93
57.0,6_CACTA002,TSS,Inflow,93
31.0,6_CACTA002,TSS,Inflow,93
100.0,6_CACTA002,TSS,Inflow,93
57.0,6_CACTA002,TSS,Inflow,94
50.0,6_CACTA002,TSS,Inflow,94
85.0,6_CACTA002,TSS,Inflow,94
31.0,6_CACTA002,TSS,Inflow,94
39.0,6_CACTA002,TSS,Inflow,94
163.0,6_CACTA002,TSS,Inflow,95
50.0,6_CACTA002,TSS,Inflow,95
100.0,6_CACTA002,TSS,Inflow,95
31.0,6_CACTA002,TSS,Inflow,95
70.0,6_CACTA002,TSS,Inflow,95
27.0,6_CACTA002,TSS,Inflow,96
100.0,6_CACTA002,TSS,Inflow,96
31.0,6_CACTA002,TSS,Inflow,96
39.0,6_CACTA002,TSS,Inflow,96
155.0,6_CACTA002,TSS,Inflow,96
100.0,6_CACTA002,TSS,Inflow,97
27.0,6_CACTA002,TSS,Inflow,97
94.0,6_CACTA002,TSS,Inflow,97
39.0,6_CACTA002,TSS,Inflow,97
85.0,6_CACTA002,TSS,Inflow,97
39.0,6_CACTA002,TSS,Inflow,98
94.0,6_CACTA002,TSS,Inflow,98
27.0,6_CACTA002,TSS,Inflow,98
10.0,6_CACTA002,TSS,Inflow,98
44.0,6_CACTA002,TSS,Inflow,98
44.0,6_CACTA002,TSS,Inflow,99
50.0,6_CACTA002,TSS,Inflow,99
94.0,6_CACTA002,TSS,Inflow,99
27.0,6_CACTA002,TSS,Inflow,99
55.0,6_CACTA002,TSS,Inflow,99
27.0,6_CACTA002,TSS,Inflow,100
57.0,6_CACTA002,TSS,Inflow,100
31.0,6_CACTA002,TSS,Inflow,100
94.0,6_CACTA002,TSS,Inflow,100
163.0,6_CACTA002,TSS,Inflow,100
57.0,6_CACTA002,TSS,Inflow,101
27.0,6_CACTA002,TSS,Inflow,101
55.0,6_CACTA002,TSS,Inflow,101
39.0,6_CACTA002,TSS,Inflow,101
94.0,6_CACTA002,TSS,Inflow,101
50.0,6_CACTA002,TSS,Inflow,102
44.0,6_CACTA002,TSS,Inflow,102
10.0,6_CACTA002,TSS,Inflow,102
31.0,6_CACTA002,TSS,Inflow,102
55.0,6_CACTA002,TSS,Inflow,102
44.0,6_CACTA002,TSS,Inflow,103
57.0,6_CACTA002,TSS,Inflow,103
31.0,6_CACTA002,TSS,Inflow,103
163.0,6_CACTA002,TSS,Inflow,103
94.0,6_CACTA002,TSS,Inflow,103
31.0,6_CACTA002,TSS,Inflow,104
100.0,6_CACTA002,TSS,Inflow,104
57.0,6_CACTA002,TSS,Inflow,104
55.0,6_CACTA002,TSS,Inflow,104
39.0,6_CACTA002,TSS,Inflow,104
31.0,6_CACTA002,TSS,Inflow,105
100.0,6_CACTA002,TSS,Inflow,105
39.0,6_CACTA002,TSS,Inflow,105
70.0,6_CACTA002,TSS,Inflow,105
163.0,6_CACTA002,TSS,Inflow,105
163.0,6_CACTA002,TSS,Inflow,106
155.0,6_CACTA002,TSS,Inflow,106
94.0,6_CACTA002,TSS,Inflow,106
27.0,6_CACTA002,TSS,Inflow,106
57.0,6_CACTA002,TSS,Inflow,106
10.0,6_CACTA002,TSS,Inflow,107
27.0,6_CACTA002,TSS,Inflow,107
94.0,6_CACTA002,TSS,Inflow,107
31.0,6_CACTA002,TSS,Inflow,107
100.0,6_CACTA002,TSS,Inflow,107
57.0,6_CACTA002,TSS,Inflow,108
27.0,6_CACTA002,TSS,Inflow,108
100.0,6_CACTA002,TSS,Inflow,108
50.0,6_CACTA002,TSS,Inflow,108
31.0,6_CACTA002,TSS,Inflow,108
10.0,6_CACTA002,TSS,Inflow,109
155.0,6_CACTA002,TSS,Inflow,109
85.0,6_CACTA002,TSS,Inflow,109
39.0,6_CACTA002,TSS,Inflow,109
70.0,6_CACTA002,TSS,Inflow,109
163.0,6_CACTA002,TSS,Inflow,110
44.0,6_CACTA002,TSS,Inflow,110
57.0,6_CACTA002,TSS,Inflow,110
39.0,6_CACTA002,TSS,Inflow,110
85.0,6_CACTA002,TSS,Inflow,110
31.0,6_CACTA002,TSS,Inflow,111
27.0,6_CACTA002,TSS,Inflow,111
44.0,6_CACTA002,TSS,Inflow,111
100.0,6_CACTA002,TSS,Inflow,111
50.0,6_CACTA002,TSS,Inflow,111
10.0,6_CACTA002,TSS,Inflow,112
55.0,6_CACTA002,TSS,Inflow,112
27.0,6_CACTA002,TSS,Inflow,112
44.0,6_CACTA002,TSS,Inflow,112
70.0,6_CACTA002,TSS,Inflow,112
55.0,6_CACTA002,TSS,Inflow,113
50.0,6_CACTA002,TSS,Inflow,113
57.0,6_CACTA002,TSS,Inflow,113
85.0,6_CACTA002,TSS,Inflow,113
27.0,6_CACTA002,TSS,Inflow,113
31.0,6_CACTA002,TSS,Inflow,114
57.0,6_CACTA002,TSS,Inflow,114
44.0,6_CACTA002,TSS,Inflow,114
10.0,6_CACTA002,TSS,Inflow,114
57.0,6_CACTA002,TSS,Inflow,114
50.0,6_CACTA002,TSS,Inflow,115
57.0,6_CACTA002,TSS,Inflow,115
163.0,6_CACTA002,TSS,Inflow,115
39.0,6_CACTA002,TSS,Inflow,115
155.0,6_CACTA002,TSS,Inflow,115
27.0,6_CACTA002,TSS,Inflow,116
55.0,6_CACTA002,TSS,Inflow,116
10.0,6_CACTA002,TSS,Inflow,116
39.0,6_CACTA002,TSS,Inflow,116
31.0,6_CACTA002,TSS,Inflow,116
100.0,6_CACTA002,TSS,Inflow,117
163.0,6_CACTA002,TSS,Inflow,117
70.0,6_CACTA002,TSS,Inflow,117
57.0,6_CACTA002,TSS,Inflow,117
50.0,6_CACTA002,TSS,Inflow,117
55.0,6_CACTA002,TSS,Inflow,118
155.0,6_CACTA002,TSS,Inflow,118
163.0,6_CACTA002,TSS,Inflow,118
85.0,6_CACTA002,TSS,Inflow,118
39.0,6_CACTA002,TSS,Inflow,118
155.0,6_CACTA002,TSS,Inflow,119
10.0,6_CACTA002,TSS,Inflow,119
31.0,6_CACTA002,TSS,Inflow,119
163.0,6_CACTA002,TSS,Inflow,119
39.0,6_CACTA002,TSS,Inflow,119
94.0,6_CACTA002,TSS,Inflow,120
31.0,6_CACTA002,TSS,Inflow,120
163.0,6_CACTA002,TSS,Inflow,120
10.0,6_CACTA002,TSS,Inflow,120
57.0,6_CACTA002,TSS,Inflow,120
57.0,6_CACTA002,TSS,Inflow,121
163.0,6_CACTA002,TSS,Inflow,121
155.0,6_CACTA002,TSS,Inflow,121
44.0,6_CACTA002,TSS,Inflow,121
27.0,6_CACTA002,TSS,Inflow,121
57.0,6_CACTA002,TSS,Inflow,122
94.0,6_CACTA002,TSS,Inflow,122
31.0,6_CACTA002,TSS,Inflow,122
10.0,6_CACTA002,TSS,Inflow,122
44.0,6_CACTA002,TSS,Inflow,122
44.0,6_CACTA002,TSS,Inflow,123
57.0,6_CACTA002,TSS,Inflow,123
100.0,6_CACTA002,TSS,Inflow,123
55.0,6_CACTA002,TSS,Inflow,123
10.0,6_CACTA002,TSS,Inflow,123
50.0,6_CACTA002,TSS,Inflow,124
55.0,6_CACTA002,TSS,Inflow,124
10.0,6_CACTA002,TSS,Inflow,124
27.0,6_CACTA002,TSS,Inflow,124
70.0,6_CACTA002,TSS,Inflow,124
27.0,6_CACTA002,TSS,Inflow,125
55.0,6_CACTA002,TSS,Inflow,125
31.0,6_CACTA002,TSS,Inflow,125
70.0,6_CACTA002,TSS,Inflow,125
85.0,6_CACTA002,TSS,Inflow,125
55.0,6_CACTA002,TSS,Inflow,126
57.0,6_CACTA002,TSS,Inflow,126
155.0,6_CACTA002,TSS,Inflow,126
85.0,6_CACTA002,TSS,Inflow,126
39.0,6_CACTA002,TSS,Inflow,126
100.0,6_CACTA002,TSS,Inflow,127
94.0,6_CACTA002,TSS,Inflow,127
50.0,6_CACTA002,TSS,Inflow,127
85.0,6_CACTA002,TSS,Inflow,127
39.0,6_CACTA002,TSS,Inflow,127
39.0,6_CACTA002,TSS,Inflow,128
155.0,6_CACTA002,TSS,Inflow,128
31.0,6_CACTA002,TSS,Inflow,128
70.0,6_CACTA002,TSS,Inflow,128
57.0,6_CACTA002,TSS,Inflow,128
94.0,6_CACTA002,TSS,Inflow,129
39.0,6_CACTA002,TSS,Inflow,129
70.0,6_CACTA002,TSS,Inflow,129
100.0,6_CACTA002,TSS,Inflow,129
57.0,6_CACTA002,TSS,Inflow,129
94.0,6_CACTA002,TSS,Inflow,130
27.0,6_CACTA002,TSS,Inflow,130
55.0,6_CACTA002,TSS,Inflow,130
70.0,6_CACTA002,TSS,Inflow,130
39.0,6_CACTA002,TSS,Inflow,130
44.0,6_CACTA002,TSS,Inflow,131
50.0,6_CACTA002,TSS,Inflow,131
55.0,6_CACTA002,TSS,Inflow,131
94.0,6_CACTA002,TSS,Inflow,131
85.0,6_CACTA002,TSS,Inflow,131
27.0,6_CACTA002,TSS,Inflow,132
57.0,6_CACTA002,TSS,Inflow,132
70.0,6_CACTA002,TSS,Inflow,132
57.0,6_CACTA002,TSS,Inflow,132
85.0,6_CACTA002,TSS,Inflow,132
31.0,6_CACTA002,TSS,Inflow,133
155.0,6_CACTA002,TSS,Inflow,133
44.0,6_CACTA002,TSS,Inflow,133
163.0,6_CACTA002,TSS,Inflow,133
50.0,6_CACTA002,TSS,Inflow,133
55.0,6_CACTA002,TSS,Inflow,134
100.0,6_CACTA002,TSS,Inflow,134
50.0,6_CACTA002,TSS,Inflow,134
44.0,6_CACTA002,TSS,Inflow,134
57.0,6_CACTA002,TSS,Inflow,134
39.0,6_CACTA002,TSS,Inflow,135
50.0,6_CACTA002,TSS,Inflow,135
55.0,6_CACTA002,TSS,Inflow,135
31.0,6_CACTA002,TSS,Inflow,135
27.0,6_CACTA002,TSS,Inflow,135
100.0,6_CACTA002,TSS,Inflow,136
155.0,6_CACTA002,TSS,Inflow,136
39.0,6_CACTA002,TSS,Inflow,136
57.0,6_CACTA002,TSS,Inflow,136
44.0,6_CACTA002,TSS,Inflow,136
70.0,6_CACTA002,TSS,Inflow,137
50.0,6_CACTA002,TSS,Inflow,137
57.0,6_CACTA002,TSS,Inflow,137
10.0,6_CACTA002,TSS,Inflow,137
57.0,6_CACTA002,TSS,Inflow,137
27.0,6_CACTA002,TSS,Inflow,138
10.0,6_CACTA002,TSS,Inflow,138
39.0,6_CACTA002,TSS,Inflow,138
44.0,6_CACTA002,TSS,Inflow,138
31.0,6_CACTA002,TSS,Inflow,138
10.0,6_CACTA002,TSS,Inflow,139
57.0,6_CACTA002,TSS,Inflow,139
85.0,6_CACTA002,TSS,Inflow,139
31.0,6_CACTA002,TSS,Inflow,139
50.0,6_CACTA002,TSS,Inflow,139
85.0,6_CACTA002,TSS,Inflow,140
163.0,6_CACTA002,TSS,Inflow,140
70.0,6_CACTA002,TSS,Inflow,140
44.0,6_CACTA002,TSS,Inflow,140
94.0,6_CACTA002,TSS,Inflow,140
44.0,6_CACTA002,TSS,Inflow,141
27.0,6_CACTA002,TSS,Inflow,141
70.0,6_CACTA002,TSS,Inflow,141
57.0,6_CACTA002,TSS,Inflow,141
10.0,6_CACTA002,TSS,Inflow,141
94.0,6_CACTA002,TSS,Inflow,142
44.0,6_CACTA002,TSS,Inflow,142
10.0,6_CACTA002,TSS,Inflow,142
57.0,6_CACTA002,TSS,Inflow,142
50.0,6_CACTA002,TSS,Inflow,142
27.0,6_CACTA002,TSS,Inflow,143
163.0,6_CACTA002,TSS,Inflow,143
31.0,6_CACTA002,TSS,Inflow,143
44.0,6_CACTA002,TSS,Inflow,143
155.0,6_CACTA002,TSS,Inflow,143
31.0,6_CACTA002,TSS,Inflow,144
100.0,6_CACTA002,TSS,Inflow,144
10.0,6_CACTA002,TSS,Inflow,144
55.0,6_CACTA002,TSS,Inflow,144
155.0,6_CACTA002,TSS,Inflow,144
57.0,6_CACTA002,TSS,Inflow,145
55.0,6_CACTA002,TSS,Inflow,145
163.0,6_CACTA002,TSS,Inflow,145
27.0,6_CACTA002,TSS,Inflow,145
100.0,6_CACTA002,TSS,Inflow,145
31.0,6_CACTA002,TSS,Inflow,146
155.0,6_CACTA002,TSS,Inflow,146
94.0,6_CACTA002,TSS,Inflow,146
70.0,6_CACTA002,TSS,Inflow,146
10.0,6_CACTA002,TSS,Inflow,146
27.0,6_CACTA002,TSS,Inflow,147
50.0,6_CACTA002,TSS,Inflow,147
163.0,6_CACTA002,TSS,Inflow,147
57.0,6_CACTA002,TSS,Inflow,147
155.0,6_CACTA002,TSS,Inflow,147
57.0,6_CACTA002,TSS,Inflow,148
70.0,6_CACTA002,TSS,Inflow,148
44.0,6_CACTA002,TSS,Inflow,148
85.0,6_CACTA002,TSS,Inflow,148
57.0,6_CACTA002,TSS,Inflow,148
57.0,6_CACTA002,TSS,Inflow,149
70.0,6_CACTA002,TSS,Inflow,149
55.0,6_CACTA002,TSS,Inflow,149
100.0,6_CACTA002,TSS,Inflow,149
44.0,6_CACTA002,TSS,Inflow,149
55.0,6_CACTA002,TSS,Inflow,150
94.0,6_CACTA002,TSS,Inflow,150
57.0,6_CACTA002,TSS,Inflow,150
27.0,6_CACTA002,TSS,Inflow,150
31.0,6_CACTA002,TSS,Inflow,150
31.0,6_CACTA002,TSS,Inflow,151
100.0,6_CACTA002,TSS,Inflow,151
70.0,6_CACTA002,TSS,Inflow,151
55.0,6_CACTA002,TSS,Inflow,151
50.0,6_CACTA002,TSS,Inflow,151
27.0,6_CACTA002,TSS,Inflow,152
155.0,6_CACTA002,TSS,Inflow,152
70.0,6_CACTA002,TSS,Inflow,152
100.0,6_CACTA002,TSS,Inflow,152
85.0,6_CACTA002,TSS,Inflow,152
50.0,6_CACTA002,TSS,Inflow,153
44.0,6_CACTA002,TSS,Inflow,153
70.0,6_CACTA002,TSS,Inflow,153
57.0,6_CACTA002,TSS,Inflow,153
27.0,6_CACTA002,TSS,Inflow,153
39.0,6_CACTA002,TSS,Inflow,154
100.0,6_CACTA002,TSS,Inflow,154
155.0,6_CACTA002,TSS,Inflow,154
10.0,6_CACTA002,TSS,Inflow,154
85.0,6_CACTA002,TSS,Inflow,154
50.0,6_CACTA002,TSS,Inflow,155
57.0,6_CACTA002,TSS,Inflow,155
100.0,6_CACTA002,TSS,Inflow,155
31.0,6_CACTA002,TSS,Inflow,155
163.0,6_CACTA002,TSS,Inflow,155
39.0,6_CACTA002,TSS,Inflow,156
94.0,6_CACTA002,TSS,Inflow,156
31.0,6_CACTA002,TSS,Inflow,156
44.0,6_CACTA002,TSS,Inflow,156
100.0,6_CACTA002,TSS,Inflow,156
31.0,6_CACTA002,TSS,Inflow,157
50.0,6_CACTA002,TSS,Inflow,157
57.0,6_CACTA002,TSS,Inflow,157
27.0,6_CACTA002,TSS,Inflow,157
55.0,6_CACTA002,TSS,Inflow,157
163.0,6_CACTA002,TSS,Inflow,158
55.0,6_CACTA002,TSS,Inflow,158
70.0,6_CACTA002,TSS,Inflow,158
57.0,6_CACTA002,TSS,Inflow,158
155.0,6_CACTA002,TSS,Inflow,158
100.0,6_CACTA002,TSS,Inflow,159
57.0,6_CACTA002,TSS,Inflow,159
163.0,6_CACTA002,TSS,Inflow,159
94.0,6_CACTA002,TSS,Inflow,159
50.0,6_CACTA002,TSS,Inflow,159
44.0,6_CACTA002,TSS,Inflow,160
57.0,6_CACTA002,TSS,Inflow,160
100.0,6_CACTA002,TSS,Inflow,160
163.0,6_CACTA002,TSS,Inflow,160
85.0,6_CACTA002,TSS,Inflow,160
163.0,6_CACTA002,TSS,Inflow,161
57.0,6_CACTA002,TSS,Inflow,161
85.0,6_CACTA002,TSS,Inflow,161
50.0,6_CACTA002,TSS,Inflow,161
39.0,6_CACTA002,TSS,Inflow,161
70.0,6_CACTA002,TSS,Inflow,162
57.0,6_CACTA002,TSS,Inflow,162
100.0,6_CACTA002,TSS,Inflow,162
50.0,6_CACTA002,TSS,Inflow,162
94.0,6_CACTA002,TSS,Inflow,162
57.0,6_CACTA002,TSS,Inflow,163
155.0,6_CACTA002,TSS,Inflow,163
163.0,6_CACTA002,TSS,Inflow,163
85.0,6_CACTA002,TSS,Inflow,163
100.0,6_CACTA002,TSS,Inflow,163
57.0,6_CACTA002,TSS,Inflow,164
57.0,6_CACTA002,TSS,Inflow,164
70.0,6_CACTA002,TSS,Inflow,164
10.0,6_CACTA002,TSS,Inflow,164
155.0,6_CACTA002,TSS,Inflow,164
55.0,6_CACTA002,TSS,Inflow,165
100.0,6_CACTA002,TSS,Inflow,165
50.0,6_CACTA002,TSS,Inflow,165
44.0,6_CACTA002,TSS,Inflow,165
163.0,6_CACTA002,TSS,Inflow,165
57.0,6_CACTA002,TSS,Inflow,166
27.0,6_CACTA002,TSS,Inflow,166
50.0,6_CACTA002,TSS,Inflow,166
163.0,6_CACTA002,TSS,Inflow,166
155.0,6_CACTA002,TSS,Inflow,166
55.0,6_CACTA002,TSS,Inflow,167
70.0,6_CACTA002,TSS,Inflow,167
57.0,6_CACTA002,TSS,Inflow,167
100.0,6_CACTA002,TSS,Inflow,167
94.0,6_CACTA002,TSS,Inflow,167
85.0,6_CACTA002,TSS,Inflow,168
27.0,6_CACTA002,TSS,Inflow,168
39.0,6_CACTA002,TSS,Inflow,168
57.0,6_CACTA002,TSS,Inflow,168
155.0,6_CACTA002,TSS,Inflow,168
70.0,6_CACTA002,TSS,Inflow,169
57.0,6_CACTA002,TSS,Inflow,169
55.0,6_CACTA002,TSS,Inflow,169
85.0,6_CACTA002,TSS,Inflow,169
155.0,6_CACTA002,TSS,Inflow,169
27.0,6_CACTA002,TSS,Inflow,170
55.0,6_CACTA002,TSS,Inflow,170
70.0,6_CACTA002,TSS,Inflow,170
57.0,6_CACTA002,TSS,Inflow,170
155.0,6_CACTA002,TSS,Inflow,170
10.0,6_CACTA002,TSS,Inflow,171
100.0,6_CACTA002,TSS,Inflow,171
44.0,6_CACTA002,TSS,Inflow,171
57.0,6_CACTA002,TSS,Inflow,171
31.0,6_CACTA002,TSS,Inflow,171
163.0,6_CACTA002,TSS,Inflow,172
57.0,6_CACTA002,TSS,Inflow,172
94.0,6_CACTA002,TSS,Inflow,172
44.0,6_CACTA002,TSS,Inflow,172
155.0,6_CACTA002,TSS,Inflow,172
163.0,6_CACTA002,TSS,Inflow,173
155.0,6_CACTA002,TSS,Inflow,173
57.0,6_CACTA002,TSS,Inflow,173
44.0,6_CACTA002,TSS,Inflow,173
55.0,6_CACTA002,TSS,Inflow,173
70.0,6_CACTA002,TSS,Inflow,174
31.0,6_CACTA002,TSS,Inflow,174
44.0,6_CACTA002,TSS,Inflow,174
57.0,6_CACTA002,TSS,Inflow,174
100.0,6_CACTA002,TSS,Inflow,174
100.0,6_CACTA002,TSS,Inflow,175
94.0,6_CACTA002,TSS,Inflow,175
155.0,6_CACTA002,TSS,Inflow,175
31.0,6_CACTA002,TSS,Inflow,175
70.0,6_CACTA002,TSS,Inflow,175
163.0,6_CACTA002,TSS,Inflow,176
27.0,6_CACTA002,TSS,Inflow,176
100.0,6_CACTA002,TSS,Inflow,176
55.0,6_CACTA002,TSS,Inflow,176
44.0,6_CACTA002,TSS,Inflow,176
94.0,6_CACTA002,TSS,Inflow,177
100.0,6_CACTA002,TSS,Inflow,177
57.0,6_CACTA002,TSS,Inflow,177
31.0,6_CACTA002,TSS,Inflow,177
155.0,6_CACTA002,TSS,Inflow,177
39.0,6_CACTA002,TSS,Inflow,178
100.0,6_CACTA002,TSS,Inflow,178
27.0,6_CACTA002,TSS,Inflow,178
155.0,6_CACTA002,TSS,Inflow,178
57.0,6_CACTA002,TSS,Inflow,178
57.0,6_CACTA002,TSS,Inflow,179
94.0,6_CACTA002,TSS,Inflow,179
55.0,6_CACTA002,TSS,Inflow,179
27.0,6_CACTA002,TSS,Inflow,179
39.0,6_CACTA002,TSS,Inflow,179
57.0,6_CACTA002,TSS,Inflow,180
70.0,6_CACTA002,TSS,Inflow,180
31.0,6_CACTA002,TSS,Inflow,180
163.0,6_CACTA002,TSS,Inflow,180
57.0,6_CACTA002,TSS,Inflow,180
50.0,6_CACTA002,TSS,Inflow,181
70.0,6_CACTA002,TSS,Inflow,181
27.0,6_CACTA002,TSS,Inflow,181
55.0,6_CACTA002,TSS,Inflow,181
155.0,6_CACTA002,TSS,Inflow,181
44.0,6_CACTA002,TSS,Inflow,182
39.0,6_CACTA002,TSS,Inflow,182
163.0,6_CACTA002,TSS,Inflow,182
50.0,6_CACTA002,TSS,Inflow,182
27.0,6_CACTA002,TSS,Inflow,182
50.0,6_CACTA002,TSS,Inflow,183
10.0,6_CACTA002,TSS,Inflow,183
155.0,6_CACTA002,TSS,Inflow,183
70.0,6_CACTA002,TSS,Inflow,183
27.0,6_CACTA002,TSS,Inflow,183
155.0,6_CACTA002,TSS,Inflow,184
39.0,6_CACTA002,TSS,Inflow,184
163.0,6_CACTA002,TSS,Inflow,184
31.0,6_CACTA002,TSS,Inflow,184
100.0,6_CACTA002,TSS,Inflow,184
39.0,6_CACTA002,TSS,Inflow,185
31.0,6_CACTA002,TSS,Inflow,185
155.0,6_CACTA002,TSS,Inflow,185
100.0,6_CACTA002,TSS,Inflow,185
85.0,6_CACTA002,TSS,Inflow,185
155.0,6_CACTA002,TSS,Inflow,186
39.0,6_CACTA002,TSS,Inflow,186
10.0,6_CACTA002,TSS,Inflow,186
100.0,6_CACTA002,TSS,Inflow,186
27.0,6_CACTA002,TSS,Inflow,186
57.0,6_CACTA002,TSS,Inflow,187
100.0,6_CACTA002,TSS,Inflow,187
94.0,6_CACTA002,TSS,Inflow,187
85.0,6_CACTA002,TSS,Inflow,187
27.0,6_CACTA002,TSS,Inflow,187
57.0,6_CACTA002,TSS,Inflow,188
155.0,6_CACTA002,TSS,Inflow,188
44.0,6_CACTA002,TSS,Inflow,188
100.0,6_CACTA002,TSS,Inflow,188
50.0,6_CACTA002,TSS,Inflow,188
10.0,6_CACTA002,TSS,Inflow,189
39.0,6_CACTA002,TSS,Inflow,189
70.0,6_CACTA002,TSS,Inflow,189
31.0,6_CACTA002,TSS,Inflow,189
50.0,6_CACTA002,TSS,Inflow,189
85.0,6_CACTA002,TSS,Inflow,190
70.0,6_CACTA002,TSS,Inflow,190
57.0,6_CACTA002,TSS,Inflow,190
10.0,6_CACTA002,TSS,Inflow,190
94.0,6_CACTA002,TSS,Inflow,190
31.0,6_CACTA002,TSS,Inflow,191
57.0,6_CACTA002,TSS,Inflow,191
44.0,6_CACTA002,TSS,Inflow,191
70.0,6_CACTA002,TSS,Inflow,191
155.0,6_CACTA002,TSS,Inflow,191
55.0,6_CACTA002,TSS,Inflow,192
10.0,6_CACTA002,TSS,Inflow,192
57.0,6_CACTA002,TSS,Inflow,192
70.0,6_CACTA002,TSS,Inflow,192
94.0,6_CACTA002,TSS,Inflow,192
39.0,6_CACTA002,TSS,Inflow,193
10.0,6_CACTA002,TSS,Inflow,193
85.0,6_CACTA002,TSS,Inflow,193
57.0,6_CACTA002,TSS,Inflow,193
50.0,6_CACTA002,TSS,Inflow,193
31.0,6_CACTA002,TSS,Inflow,194
55.0,6_CACTA002,TSS,Inflow,194
57.0,6_CACTA002,TSS,Inflow,194
44.0,6_CACTA002,TSS,Inflow,194
39.0,6_CACTA002,TSS,Inflow,194
44.0,6_CACTA002,TSS,Inflow,195
50.0,6_CACTA002,TSS,Inflow,195
57.0,6_CACTA002,TSS,Inflow,195
163.0,6_CACTA002,TSS,Inflow,195
70.0,6_CACTA002,TSS,Inflow,195
31.0,6_CACTA002,TSS,Inflow,196
44.0,6_CACTA002,TSS,Inflow,196
39.0,6_CACTA002,TSS,Inflow,196
163.0,6_CACTA002,TSS,Inflow,196
57.0,6_CACTA002,TSS,Inflow,196
163.0,6_CACTA002,TSS,Inflow,197
94.0,6_CACTA002,TSS,Inflow,197
55.0,6_CACTA002,TSS,Inflow,197
10.0,6_CACTA002,TSS,Inflow,197
100.0,6_CACTA002,TSS,Inflow,197
94.0,6_CACTA002,TSS,Inflow,198
100.0,6_CACTA002,TSS,Inflow,198
163.0,6_CACTA002,TSS,Inflow,198
31.0,6_CACTA002,TSS,Inflow,198
39.0,6_CACTA002,TSS,Inflow,198
163.0,6_CACTA002,TSS,Inflow,199
39.0,6_CACTA002,TSS,Inflow,199
94.0,6_CACTA002,TSS,Inflow,199
31.0,6_CACTA002,TSS,Inflow,199
155.0,6_CACTA002,TSS,Inflow,199
44.0,6_CACTA002,TSS,Inflow,200
27.0,6_CACTA002,TSS,Inflow,200
50.0,6_CACTA002,TSS,Inflow,200
31.0,6_CACTA002,TSS,Inflow,200
155.0,6_CACTA002,TSS,Inflow,200
10.0,6_CACTA002,TSS,Inflow,201
70.0,6_CACTA002,TSS,Inflow,201
163.0,6_CACTA002,TSS,Inflow,201
31.0,6_CACTA002,TSS,Inflow,201
27.0,6_CACTA002,TSS,Inflow,201
39.0,6_CACTA002,TSS,Inflow,202
10.0,6_CACTA002,TSS,Inflow,202
50.0,6_CACTA002,TSS,Inflow,202
155.0,6_CACTA002,TSS,Inflow,202
94.0,6_CACTA002,TSS,Inflow,202
39.0,6_CACTA002,TSS,Inflow,203
57.0,6_CACTA002,TSS,Inflow,203
55.0,6_CACTA002,TSS,Inflow,203
70.0,6_CACTA002,TSS,Inflow,203
163.0,6_CACTA002,TSS,Inflow,203
44.0,6_CACTA002,TSS,Inflow,204
70.0,6_CACTA002,TSS,Inflow,204
27.0,6_CACTA002,TSS,Inflow,204
155.0,6_CACTA002,TSS,Inflow,204
100.0,6_CACTA002,TSS,Inflow,204
39.0,6_CACTA002,TSS,Inflow,205
50.0,6_CACTA002,TSS,Inflow,205
31.0,6_CACTA002,TSS,Inflow,205
55.0,6_CACTA002,TSS,Inflow,205
70.0,6_CACTA002,TSS,Inflow,205
100.0,6_CACTA002,TSS,Inflow,206
70.0,6_CACTA002,TSS,Inflow,206
57.0,6_CACTA002,TSS,Inflow,206
155.0,6_CACTA002,TSS,Inflow,206
27.0,6_CACTA002,TSS,Inflow,206
85.0,6_CACTA002,TSS,Inflow,207
55.0,6_CACTA002,TSS,Inflow,207
57.0,6_CACTA002,TSS,Inflow,207
94.0,6_CACTA002,TSS,Inflow,207
39.0,6_CACTA002,TSS,Inflow,207
85.0,6_CACTA002,TSS,Inflow,208
94.0,6_CACTA002,TSS,Inflow,208
27.0,6_CACTA002,TSS,Inflow,208
31.0,6_CACTA002,TSS,Inflow,208
50.0,6_CACTA002,TSS,Inflow,208
27.0,6_CACTA002,TSS,Inflow,209
39.0,6_CACTA002,TSS,Inflow,209
10.0,6_CACTA002,TSS,Inflow,209
57.0,6_CACTA002,TSS,Inflow,209
50.0,6_CACTA002,TSS,Inflow,209
10.0,6_CACTA002,TSS,Inflow,210
44.0,6_CACTA002,TSS,Inflow,210
163.0,6_CACTA002,TSS,Inflow,210
55.0,6_CACTA002,TSS,Inflow,210
27.0,6_CACTA002,TSS,Inflow,210
39.0,6_CACTA002,TSS,Inflow,211
94.0,6_CACTA002,TSS,Inflow,211
55.0,6_CACTA002,TSS,Inflow,211
163.0,6_CACTA002,TSS,Inflow,211
100.0,6_CACTA002,TSS,Inflow,211
70.0,6_CACTA002,TSS,Inflow,212
155.0,6_CACTA002,TSS,Inflow,212
57.0,6_CACTA002,TSS,Inflow,212
39.0,6_CACTA002,TSS,Inflow,212
31.0,6_CACTA002,TSS,Inflow,212
57.0,6_CACTA002,TSS,Inflow,213
100.0,6_CACTA002,TSS,Inflow,213
163.0,6_CACTA002,TSS,Inflow,213
50.0,6_CACTA002,TSS,Inflow,213
94.0,6_CACTA002,TSS,Inflow,213
85.0,6_CACTA002,TSS,Inflow,214
70.0,6_CACTA002,TSS,Inflow,214
55.0,6_CACTA002,TSS,Inflow,214
27.0,6_CACTA002,TSS,Inflow,214
100.0,6_CACTA002,TSS,Inflow,214
70.0,6_CACTA002,TSS,Inflow,215
155.0,6_CACTA002,TSS,Inflow,215
94.0,6_CACTA002,TSS,Inflow,215
31.0,6_CACTA002,TSS,Inflow,215
39.0,6_CACTA002,TSS,Inflow,215
39.0,6_CACTA002,TSS,Inflow,216
70.0,6_CACTA002,TSS,Inflow,216
27.0,6_CACTA002,TSS,Inflow,216
94.0,6_CACTA002,TSS,Inflow,216
10.0,6_CACTA002,TSS,Inflow,216
50.0,6_CACTA002,TSS,Inflow,217
27.0,6_CACTA002,TSS,Inflow,217
70.0,6_CACTA002,TSS,Inflow,217
163.0,6_CACTA002,TSS,Inflow,217
39.0,6_CACTA002,TSS,Inflow,217
85.0,6_CACTA002,TSS,Inflow,218
155.0,6_CACTA002,TSS,Inflow,218
70.0,6_CACTA002,TSS,Inflow,218
163.0,6_CACTA002,TSS,Inflow,218
50.0,6_CACTA002,TSS,Inflow,218
39.0,6_CACTA002,TSS,Inflow,219
57.0,6_CACTA002,TSS,Inflow,219
44.0,6_CACTA002,TSS,Inflow,219
55.0,6_CACTA002,TSS,Inflow,219
50.0,6_CACTA002,TSS,Inflow,219
44.0,6_CACTA002,TSS,Inflow,220
39.0,6_CACTA002,TSS,Inflow,220
57.0,6_CACTA002,TSS,Inflow,220
10.0,6_CACTA002,TSS,Inflow,220
27.0,6_CACTA002,TSS,Inflow,220
94.0,6_CACTA002,TSS,Inflow,221
100.0,6_CACTA002,TSS,Inflow,221
57.0,6_CACTA002,TSS,Inflow,221
44.0,6_CACTA002,TSS,Inflow,221
163.0,6_CACTA002,TSS,Inflow,221
70.0,6_CACTA002,TSS,Inflow,222
155.0,6_CACTA002,TSS,Inflow,222
27.0,6_CACTA002,TSS,Inflow,222
44.0,6_CACTA002,TSS,Inflow,222
57.0,6_CACTA002,TSS,Inflow,222
57.0,6_CACTA002,TSS,Inflow,223
155.0,6_CACTA002,TSS,Inflow,223
163.0,6_CACTA002,TSS,Inflow,223
10.0,6_CACTA002,TSS,Inflow,223
44.0,6_CACTA002,TSS,Inflow,223
44.0,6_CACTA002,TSS,Inflow,224
10.0,6_CACTA002,TSS,Inflow,224
100.0,6_CACTA002,TSS,Inflow,224
85.0,6_CACTA002,TSS,Inflow,224
31.0,6_CACTA002,TSS,Inflow,224
70.0,6_CACTA002,TSS,Inflow,225
57.0,6_CACTA002,TSS,Inflow,225
94.0,6_CACTA002,TSS,Inflow,225
39.0,6_CACTA002,TSS,Inflow,225
85.0,6_CACTA002,TSS,Inflow,225
70.0,6_CACTA002,TSS,Inflow,226
163.0,6_CACTA002,TSS,Inflow,226
57.0,6_CACTA002,TSS,Inflow,226
10.0,6_CACTA002,TSS,Inflow,226
44.0,6_CACTA002,TSS,Inflow,226
10.0,6_CACTA002,TSS,Inflow,227
70.0,6_CACTA002,TSS,Inflow,227
55.0,6_CACTA002,TSS,Inflow,227
57.0,6_CACTA002,TSS,Inflow,227
85.0,6_CACTA002,TSS,Inflow,227
50.0,6_CACTA002,TSS,Inflow,228
85.0,6_CACTA002,TSS,Inflow,228
155.0,6_CACTA002,TSS,Inflow,228
57.0,6_CACTA002,TSS,Inflow,228
70.0,6_CACTA002,TSS,Inflow,228
100.0,6_CACTA002,TSS,Inflow,229
31.0,6_CACTA002,TSS,Inflow,229
27.0,6_CACTA002,TSS,Inflow,229
10.0,6_CACTA002,TSS,Inflow,229
44.0,6_CACTA002,TSS,Inflow,229
39.0,6_CACTA002,TSS,Inflow,230
31.0,6_CACTA002,TSS,Inflow,230
10.0,6_CACTA002,TSS,Inflow,230
57.0,6_CACTA002,TSS,Inflow,230
94.0,6_CACTA002,TSS,Inflow,230
10.0,6_CACTA002,TSS,Inflow,231
94.0,6_CACTA002,TSS,Inflow,231
163.0,6_CACTA002,TSS,Inflow,231
155.0,6_CACTA002,TSS,Inflow,231
70.0,6_CACTA002,TSS,Inflow,231
10.0,6_CACTA002,TSS,Inflow,232
39.0,6_CACTA002,TSS,Inflow,232
57.0,6_CACTA002,TSS,Inflow,232
70.0,6_CACTA002,TSS,Inflow,232
85.0,6_CACTA002,TSS,Inflow,232
39.0,6_CACTA002,TSS,Inflow,233
85.0,6_CACTA002,TSS,Inflow,233
10.0,6_CACTA002,TSS,Inflow,233
44.0,6_CACTA002,TSS,Inflow,233
57.0,6_CACTA002,TSS,Inflow,233
55.0,6_CACTA002,TSS,Inflow,234
10.0,6_CACTA002,TSS,Inflow,234
155.0,6_CACTA002,TSS,Inflow,234
70.0,6_CACTA002,TSS,Inflow,234
100.0,6_CACTA002,TSS,Inflow,234
70.0,6_CACTA002,TSS,Inflow,235
100.0,6_CACTA002,TSS,Inflow,235
155.0,6_CACTA002,TSS,Inflow,235
163.0,6_CACTA002,TSS,Inflow,235
85.0,6_CACTA002,TSS,Inflow,235
44.0,6_CACTA002,TSS,Inflow,236
85.0,6_CACTA002,TSS,Inflow,236
94.0,6_CACTA002,TSS,Inflow,236
39.0,6_CACTA002,TSS,Inflow,236
27.0,6_CACTA002,TSS,Inflow,236
100.0,6_CACTA002,TSS,Inflow,237
31.0,6_CACTA002,TSS,Inflow,237
57.0,6_CACTA002,TSS,Inflow,237
55.0,6_CACTA002,TSS,Inflow,237
85.0,6_CACTA002,TSS,Inflow,237
94.0,6_CACTA002,TSS,Inflow,238
44.0,6_CACTA002,TSS,Inflow,238
39.0,6_CACTA002,TSS,Inflow,238
100.0,6_CACTA002,TSS,Inflow,238
85.0,6_CACTA002,TSS,Inflow,238
163.0,6_CACTA002,TSS,Inflow,239
57.0,6_CACTA002,TSS,Inflow,239
44.0,6_CACTA002,TSS,Inflow,239
155.0,6_CACTA002,TSS,Inflow,239
57.0,6_CACTA002,TSS,Inflow,239
27.0,6_CACTA002,TSS,Inflow,240
44.0,6_CACTA002,TSS,Inflow,240
55.0,6_CACTA002,TSS,Inflow,240
57.0,6_CACTA002,TSS,Inflow,240
57.0,6_CACTA002,TSS,Inflow,240
100.0,6_CACTA002,TSS,Inflow,241
94.0,6_CACTA002,TSS,Inflow,241
155.0,6_CACTA002,TSS,Inflow,241
57.0,6_CACTA002,TSS,Inflow,241
27.0,6_CACTA002,TSS,Inflow,241
27.0,6_CACTA002,TSS,Inflow,242
163.0,6_CACTA002,TSS,Inflow,242
57.0,6_CACTA002,TSS,Inflow,242
50.0,6_CACTA002,TSS,Inflow,242
55.0,6_CACTA002,TSS,Inflow,242
50.0,6_CACTA002,TSS,Inflow,243
163.0,6_CACTA002,TSS,Inflow,243
57.0,6_CACTA002,TSS,Inflow,243
31.0,6_CACTA002,TSS,Inflow,243
44.0,6_CACTA002,TSS,Inflow,243
94.0,6_CACTA002,TSS,Inflow,244
27.0,6_CACTA002,TSS,Inflow,244
50.0,6_CACTA002,TSS,Inflow,244
163.0,6_CACTA002,TSS,Inflow,244
39.0,6_CACTA002,TSS,Inflow,244
57.0,6_CACTA002,TSS,Inflow,245
85.0,6_CACTA002,TSS,Inflow,245
50.0,6_CACTA002,TSS,Inflow,245
70.0,6_CACTA002,TSS,Inflow,245
31.0,6_CACTA002,TSS,Inflow,245
155.0,6_CACTA002,TSS,Inflow,246
100.0,6_CACTA002,TSS,Inflow,246
31.0,6_CACTA002,TSS,Inflow,246
163.0,6_CACTA002,TSS,Inflow,246
85.0,6_CACTA002,TSS,Inflow,246
155.0,6_CACTA002,TSS,Inflow,247
31.0,6_CACTA002,TSS,Inflow,247
85.0,6_CACTA002,TSS,Inflow,247
100.0,6_CACTA002,TSS,Inflow,247
50.0,6_CACTA002,TSS,Inflow,247
39.0,6_CACTA002,TSS,Inflow,248
163.0,6_CACTA002,TSS,Inflow,248
85.0,6_CACTA002,TSS,Inflow,248
44.0,6_CACTA002,TSS,Inflow,248
57.0,6_CACTA002,TSS,Inflow,248
10.0,6_CACTA002,TSS,Inflow,249
57.0,6_CACTA002,TSS,Inflow,249
55.0,6_CACTA002,TSS,Inflow,249
94.0,6_CACTA002,TSS,Inflow,249
31.0,6_CACTA002,TSS,Inflow,249
57.0,6_CACTA002,TSS,Inflow,250
10.0,6_CACTA002,TSS,Inflow,250
31.0,6_CACTA002,TSS,Inflow,250
39.0,6_CACTA002,TSS,Inflow,250
50.0,6_CACTA002,TSS,Inflow,250
44.0,6_CACTA002,TSS,Inflow,251
27.0,6_CACTA002,TSS,Inflow,251
163.0,6_CACTA002,TSS,Inflow,251
70.0,6_CACTA002,TSS,Inflow,251
155.0,6_CACTA002,TSS,Inflow,251
57.0,6_CACTA002,TSS,Inflow,252
155.0,6_CACTA002,TSS,Inflow,252
27.0,6_CACTA002,TSS,Inflow,252
94.0,6_CACTA002,TSS,Inflow,252
10.0,6_CACTA002,TSS,Inflow,252
57.0,6_CACTA002,TSS,Inflow,253
10.0,6_CACTA002,TSS,Inflow,253
57.0,6_CACTA002,TSS,Inflow,253
163.0,6_CACTA002,TSS,Inflow,253
94.0,6_CACTA002,TSS,Inflow,253
163.0,6_CACTA002,TSS,Inflow,254
57.0,6_CACTA002,TSS,Inflow,254
31.0,6_CACTA002,TSS,Inflow,254
10.0,6_CACTA002,TSS,Inflow,254
70.0,6_CACTA002,TSS,Inflow,254
163.0,6_CACTA002,TSS,Inflow,255
70.0,6_CACTA002,TSS,Inflow,255
10.0,6_CACTA002,TSS,Inflow,255
44.0,6_CACTA002,TSS,Inflow,255
55.0,6_CACTA002,TSS,Inflow,255
39.0,6_CACTA002,TSS,Inflow,256
57.0,6_CACTA002,TSS,Inflow,256
57.0,6_CACTA002,TSS,Inflow,256
50.0,6_CACTA002,TSS,Inflow,256
10.0,6_CACTA002,TSS,Inflow,256
57.0,6_CACTA002,TSS,Inflow,257
163.0,6_CACTA002,TSS,Inflow,257
39.0,6_CACTA002,TSS,Inflow,257
10.0,6_CACTA002,TSS,Inflow,257
57.0,6_CACTA002,TSS,Inflow,257
50.0,6_CACTA002,TSS,Inflow,258
31.0,6_CACTA002,TSS,Inflow,258
70.0,6_CACTA002,TSS,Inflow,258
57.0,6_CACTA002,TSS,Inflow,258
57.0,6_CACTA002,TSS,Inflow,258
39.0,6_CACTA002,TSS,Inflow,259
10.0,6_CACTA002,TSS,Inflow,259
55.0,6_CACTA002,TSS,Inflow,259
85.0,6_CACTA002,TSS,Inflow,259
27.0,6_CACTA002,TSS,Inflow,259
50.0,6_CACTA002,TSS,Inflow,260
57.0,6_CACTA002,TSS,Inflow,260
27.0,6_CACTA002,TSS,Inflow,260
55.0,6_CACTA002,TSS,Inflow,260
70.0,6_CACTA002,TSS,Inflow,260
39.0,6_CACTA002,TSS,Inflow,261
57.0,6_CACTA002,TSS,Inflow,261
50.0,6_CACTA002,TSS,Inflow,261
70.0,6_CACTA002,TSS,Inflow,261
31.0,6_CACTA002,TSS,Inflow,261
57.0,6_CACTA002,TSS,Inflow,262
163.0,6_CACTA002,TSS,Inflow,262
94.0,6_CACTA002,TSS,Inflow,262
44.0,6_CACTA002,TSS,Inflow,262
39.0,6_CACTA002,TSS,Inflow,262
31.0,6_CACTA002,TSS,Inflow,263
57.0,6_CACTA002,TSS,Inflow,263
85.0,6_CACTA002,TSS,Inflow,263
50.0,6_CACTA002,TSS,Inflow,263
10.0,6_CACTA002,TSS,Inflow,263
10.0,6_CACTA002,TSS,Inflow,264
39.0,6_CACTA002,TSS,Inflow,264
57.0,6_CACTA002,TSS,Inflow,264
85.0,6_CACTA002,TSS,Inflow,264
57.0,6_CACTA002,TSS,Inflow,264
27.0,6_CACTA002,TSS,Inflow,265
31.0,6_CACTA002,TSS,Inflow,265
155.0,6_CACTA002,TSS,Inflow,265
50.0,6_CACTA002,TSS,Inflow,265
94.0,6_CACTA002,TSS,Inflow,265
55.0,6_CACTA002,TSS,Inflow,266
27.0,6_CACTA002,TSS,Inflow,266
70.0,6_CACTA002,TSS,Inflow,266
31.0,6_CACTA002,TSS,Inflow,266
94.0,6_CACTA002,TSS,Inflow,266
50.0,6_CACTA002,TSS,Inflow,267
44.0,6_CACTA002,TSS,Inflow,267
70.0,6_CACTA002,TSS,Inflow,267
100.0,6_CACTA002,TSS,Inflow,267
57.0,6_CACTA002,TSS,Inflow,267
44.0,6_CACTA002,TSS,Inflow,268
57.0,6_CACTA002,TSS,Inflow,268
85.0,6_CACTA002,TSS,Inflow,268
27.0,6_CACTA002,TSS,Inflow,268
10.0,6_CACTA002,TSS,Inflow,268
70.0,6_CACTA002,TSS,Inflow,269
57.0,6_CACTA002,TSS,Inflow,269
94.0,6_CACTA002,TSS,Inflow,269
31.0,6_CACTA002,TSS,Inflow,269
163.0,6_CACTA002,TSS,Inflow,269
85.0,6_CACTA002,TSS,Inflow,270
70.0,6_CACTA002,TSS,Inflow,270
50.0,6_CACTA002,TSS,Inflow,270
31.0,6_CACTA002,TSS,Inflow,270
155.0,6_CACTA002,TSS,Inflow,270
31.0,6_CACTA002,TSS,Inflow,271
94.0,6_CACTA002,TSS,Inflow,271
163.0,6_CACTA002,TSS,Inflow,271
57.0,6_CACTA002,TSS,Inflow,271
10.0,6_CACTA002,TSS,Inflow,271
155.0,6_CACTA002,TSS,Inflow,272
44.0,6_CACTA002,TSS,Inflow,272
100.0,6_CACTA002,TSS,Inflow,272
57.0,6_CACTA002,TSS,Inflow,272
163.0,6_CACTA002,TSS,Inflow,272
57.0,6_CACTA002,TSS,Inflow,273
44.0,6_CACTA002,TSS,Inflow,273
27.0,6_CACTA002,TSS,Inflow,273
94.0,6_CACTA002,TSS,Inflow,273
10.0,6_CACTA002,TSS,Inflow,273
163.0,6_CACTA002,TSS,Inflow,274
155.0,6_CACTA002,TSS,Inflow,274
27.0,6_CACTA002,TSS,Inflow,274
85.0,6_CACTA002,TSS,Inflow,274
94.0,6_CACTA002,TSS,Inflow,274
27.0,6_CACTA002,TSS,Inflow,275
100.0,6_CACTA002,TSS,Inflow,275
10.0,6_CACTA002,TSS,Inflow,275
55.0,6_CACTA002,TSS,Inflow,275
44.0,6_CACTA002,TSS,Inflow,275
85.0,6_CACTA002,TSS,Inflow,276
44.0,6_CACTA002,TSS,Inflow,276
70.0,6_CACTA002,TSS,Inflow,276
31.0,6_CACTA002,TSS,Inflow,276
27.0,6_CACTA002,TSS,Inflow,276
85.0,6_CACTA002,TSS,Inflow,277
155.0,6_CACTA002,TSS,Inflow,277
39.0,6_CACTA002,TSS,Inflow,277
50.0,6_CACTA002,TSS,Inflow,277
10.0,6_CACTA002,TSS,Inflow,277
39.0,6_CACTA002,TSS,Inflow,278
94.0,6_CACTA002,TSS,Inflow,278
10.0,6_CACTA002,TSS,Inflow,278
50.0,6_CACTA002,TSS,Inflow,278
57.0,6_CACTA002,TSS,Inflow,278
70.0,6_CACTA002,TSS,Inflow,279
44.0,6_CACTA002,TSS,Inflow,279
31.0,6_CACTA002,TSS,Inflow,279
39.0,6_CACTA002,TSS,Inflow,279
94.0,6_CACTA002,TSS,Inflow,279
70.0,6_CACTA002,TSS,Inflow,280
31.0,6_CACTA002,TSS,Inflow,280
10.0,6_CACTA002,TSS,Inflow,280
100.0,6_CACTA002,TSS,Inflow,280
85.0,6_CACTA002,TSS,Inflow,280
39.0,6_CACTA002,TSS,Inflow,281
94.0,6_CACTA002,TSS,Inflow,281
55.0,6_CACTA002,TSS,Inflow,281
27.0,6_CACTA002,TSS,Inflow,281
57.0,6_CACTA002,TSS,Inflow,281
70.0,6_CACTA002,TSS,Inflow,282
10.0,6_CACTA002,TSS,Inflow,282
27.0,6_CACTA002,TSS,Inflow,282
155.0,6_CACTA002,TSS,Inflow,282
44.0,6_CACTA002,TSS,Inflow,282
31.0,6_CACTA002,TSS,Inflow,283
10.0,6_CACTA002,TSS,Inflow,283
163.0,6_CACTA002,TSS,Inflow,283
39.0,6_CACTA002,TSS,Inflow,283
50.0,6_CACTA002,TSS,Inflow,283
44.0,6_CACTA002,TSS,Inflow,284
55.0,6_CACTA002,TSS,Inflow,284
10.0,6_CACTA002,TSS,Inflow,284
50.0,6_CACTA002,TSS,Inflow,284
39.0,6_CACTA002,TSS,Inflow,284
94.0,6_CACTA002,TSS,Inflow,285
85.0,6_CACTA002,TSS,Inflow,285
31.0,6_CACTA002,TSS,Inflow,285
10.0,6_CACTA002,TSS,Inflow,285
70.0,6_CACTA002,TSS,Inflow,285
100.0,6_CACTA002,TSS,Inflow,286
39.0,6_CACTA002,TSS,Inflow,286
55.0,6_CACTA002,TSS,Inflow,286
31.0,6_CACTA002,TSS,Inflow,286
163.0,6_CACTA002,TSS,Inflow,286
94.0,6_CACTA002,TSS,Inflow,287
57.0,6_CACTA002,TSS,Inflow,287
85.0,6_CACTA002,TSS,Inflow,287
31.0,6_CACTA002,TSS,Inflow,287
57.0,6_CACTA002,TSS,Inflow,287
55.0,6_CACTA002,TSS,Inflow,288
27.0,6_CACTA002,TSS,Inflow,288
163.0,6_CACTA002,TSS,Inflow,288
70.0,6_CACTA002,TSS,Inflow,288
155.0,6_CACTA002,TSS,Inflow,288
70.0,6_CACTA002,TSS,Inflow,289
57.0,6_CACTA002,TSS,Inflow,289
100.0,6_CACTA002,TSS,Inflow,289
55.0,6_CACTA002,TSS,Inflow,289
39.0,6_CACTA002,TSS,Inflow,289
27.0,6_CACTA002,TSS,Inflow,290
100.0,6_CACTA002,TSS,Inflow,290
163.0,6_CACTA002,TSS,Inflow,290
94.0,6_CACTA002,TSS,Inflow,290
57.0,6_CACTA002,TSS,Inflow,290
57.0,6_CACTA002,TSS,Inflow,291
155.0,6_CACTA002,TSS,Inflow,291
39.0,6_CACTA002,TSS,Inflow,291
94.0,6_CACTA002,TSS,Inflow,291
31.0,6_CACTA002,TSS,Inflow,291
100.0,6_CACTA002,TSS,Inflow,292
55.0,6_CACTA002,TSS,Inflow,292
94.0,6_CACTA002,TSS,Inflow,292
70.0,6_CACTA002,TSS,Inflow,292
44.0,6_CACTA002,TSS,Inflow,292
39.0,6_CACTA002,TSS,Inflow,293
163.0,6_CACTA002,TSS,Inflow,293
31.0,6_CACTA002,TSS,Inflow,293
55.0,6_CACTA002,TSS,Inflow,293
155.0,6_CACTA002,TSS,Inflow,293
100.0,6_CACTA002,TSS,Inflow,294
55.0,6_CACTA002,TSS,Inflow,294
27.0,6_CACTA002,TSS,Inflow,294
39.0,6_CACTA002,TSS,Inflow,294
85.0,6_CACTA002,TSS,Inflow,294
57.0,6_CACTA002,TSS,Inflow,295
163.0,6_CACTA002,TSS,Inflow,295
100.0,6_CACTA002,TSS,Inflow,295
94.0,6_CACTA002,TSS,Inflow,295
57.0,6_CACTA002,TSS,Inflow,295
57.0,6_CACTA002,TSS,Inflow,296
94.0,6_CACTA002,TSS,Inflow,296
85.0,6_CACTA002,TSS,Inflow,296
70.0,6_CACTA002,TSS,Inflow,296
27.0,6_CACTA002,TSS,Inflow,296
39.0,6_CACTA002,TSS,Inflow,297
31.0,6_CACTA002,TSS,Inflow,297
50.0,6_CACTA002,TSS,Inflow,297
163.0,6_CACTA002,TSS,Inflow,297
70.0,6_CACTA002,TSS,Inflow,297
57.0,6_CACTA002,TSS,Inflow,298
94.0,6_CACTA002,TSS,Inflow,298
163.0,6_CACTA002,TSS,Inflow,298
31.0,6_CACTA002,TSS,Inflow,298
55.0,6_CACTA002,TSS,Inflow,298
163.0,6_CACTA002,TSS,Inflow,299
31.0,6_CACTA002,TSS,Inflow,299
44.0,6_CACTA002,TSS,Inflow,299
85.0,6_CACTA002,TSS,Inflow,299
155.0,6_CACTA002,TSS,Inflow,299
27.0,6_CACTA002,TSS,Inflow,300
39.0,6_CACTA002,TSS,Inflow,300
70.0,6_CACTA002,TSS,Inflow,300
94.0,6_CACTA002,TSS,Inflow,300
85.0,6_CACTA002,TSS,Inflow,300
50.0,6_CACTA002,TSS,Inflow,301
44.0,6_CACTA002,TSS,Inflow,301
39.0,6_CACTA002,TSS,Inflow,301
94.0,6_CACTA002,TSS,Inflow,301
57.0,6_CACTA002,TSS,Inflow,301
70.0,6_CACTA002,TSS,Inflow,302
155.0,6_CACTA002,TSS,Inflow,302
100.0,6_CACTA002,TSS,Inflow,302
39.0,6_CACTA002,TSS,Inflow,302
94.0,6_CACTA002,TSS,Inflow,302
10.0,6_CACTA002,TSS,Inflow,303
85.0,6_CACTA002,TSS,Inflow,303
155.0,6_CACTA002,TSS,Inflow,303
44.0,6_CACTA002,TSS,Inflow,303
57.0,6_CACTA002,TSS,Inflow,303
57.0,6_CACTA002,TSS,Inflow,304
85.0,6_CACTA002,TSS,Inflow,304
44.0,6_CACTA002,TSS,Inflow,304
94.0,6_CACTA002,TSS,Inflow,304
10.0,6_CACTA002,TSS,Inflow,304
10.0,6_CACTA002,TSS,Inflow,305
85.0,6_CACTA002,TSS,Inflow,305
57.0,6_CACTA002,TSS,Inflow,305
31.0,6_CACTA002,TSS,Inflow,305
27.0,6_CACTA002,TSS,Inflow,305
57.0,6_CACTA002,TSS,Inflow,306
163.0,6_CACTA002,TSS,Inflow,306
55.0,6_CACTA002,TSS,Inflow,306
57.0,6_CACTA002,TSS,Inflow,306
44.0,6_CACTA002,TSS,Inflow,306
57.0,6_CACTA002,TSS,Inflow,307
10.0,6_CACTA002,TSS,Inflow,307
39.0,6_CACTA002,TSS,Inflow,307
94.0,6_CACTA002,TSS,Inflow,307
44.0,6_CACTA002,TSS,Inflow,307
57.0,6_CACTA002,TSS,Inflow,308
94.0,6_CACTA002,TSS,Inflow,308
163.0,6_CACTA002,TSS,Inflow,308
39.0,6_CACTA002,TSS,Inflow,308
70.0,6_CACTA002,TSS,Inflow,308
57.0,6_CACTA002,TSS,Inflow,309
155.0,6_CACTA002,TSS,Inflow,309
55.0,6_CACTA002,TSS,Inflow,309
94.0,6_CACTA002,TSS,Inflow,309
31.0,6_CACTA002,TSS,Inflow,309
27.0,6_CACTA002,TSS,Inflow,310
55.0,6_CACTA002,TSS,Inflow,310
10.0,6_CACTA002,TSS,Inflow,310
50.0,6_CACTA002,TSS,Inflow,310
100.0,6_CACTA002,TSS,Inflow,310
27.0,6_CACTA002,TSS,Inflow,311
55.0,6_CACTA002,TSS,Inflow,311
100.0,6_CACTA002,TSS,Inflow,311
31.0,6_CACTA002,TSS,Inflow,311
10.0,6_CACTA002,TSS,Inflow,311
10.0,6_CACTA002,TSS,Inflow,312
31.0,6_CACTA002,TSS,Inflow,312
70.0,6_CACTA002,TSS,Inflow,312
57.0,6_CACTA002,TSS,Inflow,312
50.0,6_CACTA002,TSS,Inflow,312
70.0,6_CACTA002,TSS,Inflow,313
94.0,6_CACTA002,TSS,Inflow,313
27.0,6_CACTA002,TSS,Inflow,313
57.0,6_CACTA002,TSS,Inflow,313
55.0,6_CACTA002,TSS,Inflow,313
39.0,6_CACTA002,TSS,Inflow,314
94.0,6_CACTA002,TSS,Inflow,314
55.0,6_CACTA002,TSS,Inflow,314
70.0,6_CACTA002,TSS,Inflow,314
10.0,6_CACTA002,TSS,Inflow,314
31.0,6_CACTA002,TSS,Inflow,315
44.0,6_CACTA002,TSS,Inflow,315
70.0,6_CACTA002,TSS,Inflow,315
55.0,6_CACTA002,TSS,Inflow,315
27.0,6_CACTA002,TSS,Inflow,315
94.0,6_CACTA002,TSS,Inflow,316
163.0,6_CACTA002,TSS,Inflow,316
44.0,6_CACTA002,TSS,Inflow,316
39.0,6_CACTA002,TSS,Inflow,316
50.0,6_CACTA002,TSS,Inflow,316
39.0,6_CACTA002,TSS,Inflow,317
50.0,6_CACTA002,TSS,Inflow,317
10.0,6_CACTA002,TSS,Inflow,317
163.0,6_CACTA002,TSS,Inflow,317
55.0,6_CACTA002,TSS,Inflow,317
94.0,6_CACTA002,TSS,Inflow,318
57.0,6_CACTA002,TSS,Inflow,318
100.0,6_CACTA002,TSS,Inflow,318
57.0,6_CACTA002,TSS,Inflow,318
50.0,6_CACTA002,TSS,Inflow,318
70.0,6_CACTA002,TSS,Inflow,319
44.0,6_CACTA002,TSS,Inflow,319
27.0,6_CACTA002,TSS,Inflow,319
100.0,6_CACTA002,TSS,Inflow,319
50.0,6_CACTA002,TSS,Inflow,319
155.0,6_CACTA002,TSS,Inflow,320
55.0,6_CACTA002,TSS,Inflow,320
70.0,6_CACTA002,TSS,Inflow,320
57.0,6_CACTA002,TSS,Inflow,320
57.0,6_CACTA002,TSS,Inflow,320
10.0,6_CACTA002,TSS,Inflow,321
70.0,6_CACTA002,TSS,Inflow,321
57.0,6_CACTA002,TSS,Inflow,321
100.0,6_CACTA002,TSS,Inflow,321
155.0,6_CACTA002,TSS,Inflow,321
27.0,6_CACTA002,TSS,Inflow,322
155.0,6_CACTA002,TSS,Inflow,322
50.0,6_CACTA002,TSS,Inflow,322
70.0,6_CACTA002,TSS,Inflow,322
44.0,6_CACTA002,TSS,Inflow,322
100.0,6_CACTA002,TSS,Inflow,323
44.0,6_CACTA002,TSS,Inflow,323
155.0,6_CACTA002,TSS,Inflow,323
27.0,6_CACTA002,TSS,Inflow,323
10.0,6_CACTA002,TSS,Inflow,323
85.0,6_CACTA002,TSS,Inflow,324
27.0,6_CACTA002,TSS,Inflow,324
31.0,6_CACTA002,TSS,Inflow,324
57.0,6_CACTA002,TSS,Inflow,324
100.0,6_CACTA002,TSS,Inflow,324
27.0,6_CACTA002,TSS,Inflow,325
100.0,6_CACTA002,TSS,Inflow,325
10.0,6_CACTA002,TSS,Inflow,325
31.0,6_CACTA002,TSS,Inflow,325
44.0,6_CACTA002,TSS,Inflow,325
10.0,6_CACTA002,TSS,Inflow,326
31.0,6_CACTA002,TSS,Inflow,326
70.0,6_CACTA002,TSS,Inflow,326
94.0,6_CACTA002,TSS,Inflow,326
27.0,6_CACTA002,TSS,Inflow,326
100.0,6_CACTA002,TSS,Inflow,327
27.0,6_CACTA002,TSS,Inflow,327
10.0,6_CACTA002,TSS,Inflow,327
94.0,6_CACTA002,TSS,Inflow,327
57.0,6_CACTA002,TSS,Inflow,327
27.0,6_CACTA002,TSS,Inflow,328
10.0,6_CACTA002,TSS,Inflow,328
57.0,6_CACTA002,TSS,Inflow,328
163.0,6_CACTA002,TSS,Inflow,328
100.0,6_CACTA002,TSS,Inflow,328
44.0,6_CACTA002,TSS,Inflow,329
155.0,6_CACTA002,TSS,Inflow,329
57.0,6_CACTA002,TSS,Inflow,329
70.0,6_CACTA002,TSS,Inflow,329
39.0,6_CACTA002,TSS,Inflow,329
50.0,6_CACTA002,TSS,Inflow,330
163.0,6_CACTA002,TSS,Inflow,330
57.0,6_CACTA002,TSS,Inflow,330
39.0,6_CACTA002,TSS,Inflow,330
55.0,6_CACTA002,TSS,Inflow,330
10.0,6_CACTA002,TSS,Inflow,331
50.0,6_CACTA002,TSS,Inflow,331
70.0,6_CACTA002,TSS,Inflow,331
27.0,6_CACTA002,TSS,Inflow,331
31.0,6_CACTA002,TSS,Inflow,331
57.0,6_CACTA002,TSS,Inflow,332
155.0,6_CACTA002,TSS,Inflow,332
27.0,6_CACTA002,TSS,Inflow,332
31.0,6_CACTA002,TSS,Inflow,332
94.0,6_CACTA002,TSS,Inflow,332
70.0,6_CACTA002,TSS,Inflow,333
85.0,6_CACTA002,TSS,Inflow,333
100.0,6_CACTA002,TSS,Inflow,333
155.0,6_CACTA002,TSS,Inflow,333
44.0,6_CACTA002,TSS,Inflow,333
10.0,6_CACTA002,TSS,Inflow,334
155.0,6_CACTA002,TSS,Inflow,334
100.0,6_CACTA002,TSS,Inflow,334
94.0,6_CACTA002,TSS,Inflow,334
70.0,6_CACTA002,TSS,Inflow,334
39.0,6_CACTA002,TSS,Inflow,335
85.0,6_CACTA002,TSS,Inflow,335
57.0,6_CACTA002,TSS,Inflow,335
44.0,6_CACTA002,TSS,Inflow,335
70.0,6_CACTA002,TSS,Inflow,335
55.0,6_CACTA002,TSS,Inflow,336
163.0,6_CACTA002,TSS,Inflow,336
39.0,6_CACTA002,TSS,Inflow,336
85.0,6_CACTA002,TSS,Inflow,336
155.0,6_CACTA002,TSS,Inflow,336
85.0,6_CACTA002,TSS,Inflow,337
163.0,6_CACTA002,TSS,Inflow,337
50.0,6_CACTA002,TSS,Inflow,337
39.0,6_CACTA002,TSS,Inflow,337
57.0,6_CACTA002,TSS,Inflow,337
57.0,6_CACTA002,TSS,Inflow,338
100.0,6_CACTA002,TSS,Inflow,338
39.0,6_CACTA002,TSS,Inflow,338
155.0,6_CACTA002,TSS,Inflow,338
163.0,6_CACTA002,TSS,Inflow,338
55.0,6_CACTA002,TSS,Inflow,339
163.0,6_CACTA002,TSS,Inflow,339
57.0,6_CACTA002,TSS,Inflow,339
10.0,6_CACTA002,TSS,Inflow,339
70.0,6_CACTA002,TSS,Inflow,339
50.0,6_CACTA002,TSS,Inflow,340
57.0,6_CACTA002,TSS,Inflow,340
57.0,6_CACTA002,TSS,Inflow,340
27.0,6_CACTA002,TSS,Inflow,340
94.0,6_CACTA002,TSS,Inflow,340
163.0,6_CACTA002,TSS,Inflow,341
57.0,6_CACTA002,TSS,Inflow,341
85.0,6_CACTA002,TSS,Inflow,341
155.0,6_CACTA002,TSS,Inflow,341
39.0,6_CACTA002,TSS,Inflow,341
94.0,6_CACTA002,TSS,Inflow,342
57.0,6_CACTA002,TSS,Inflow,342
163.0,6_CACTA002,TSS,Inflow,342
10.0,6_CACTA002,TSS,Inflow,342
55.0,6_CACTA002,TSS,Inflow,342
10.0,6_CACTA002,TSS,Inflow,343
55.0,6_CACTA002,TSS,Inflow,343
27.0,6_CACTA002,TSS,Inflow,343
57.0,6_CACTA002,TSS,Inflow,343
57.0,6_CACTA002,TSS,Inflow,343
100.0,6_CACTA002,TSS,Inflow,344
39.0,6_CACTA002,TSS,Inflow,344
55.0,6_CACTA002,TSS,Inflow,344
57.0,6_CACTA002,TSS,Inflow,344
163.0,6_CACTA002,TSS,Inflow,344
10.0,6_CACTA002,TSS,Inflow,345
94.0,6_CACTA002,TSS,Inflow,345
50.0,6_CACTA002,TSS,Inflow,345
31.0,6_CACTA002,TSS,Inflow,345
85.0,6_CACTA002,TSS,Inflow,345
155.0,6_CACTA002,TSS,Inflow,346
44.0,6_CACTA002,TSS,Inflow,346
100.0,6_CACTA002,TSS,Inflow,346
10.0,6_CACTA002,TSS,Inflow,346
57.0,6_CACTA002,TSS,Inflow,346
44.0,6_CACTA002,TSS,Inflow,347
163.0,6_CACTA002,TSS,Inflow,347
155.0,6_CACTA002,TSS,Inflow,347
57.0,6_CACTA002,TSS,Inflow,347
100.0,6_CACTA002,TSS,Inflow,347
94.0,6_CACTA002,TSS,Inflow,348
163.0,6_CACTA002,TSS,Inflow,348
155.0,6_CACTA002,TSS,Inflow,348
57.0,6_CACTA002,TSS,Inflow,348
85.0,6_CACTA002,TSS,Inflow,348
27.0,6_CACTA002,TSS,Inflow,349
100.0,6_CACTA002,TSS,Inflow,349
31.0,6_CACTA002,TSS,Inflow,349
94.0,6_CACTA002,TSS,Inflow,349
57.0,6_CACTA002,TSS,Inflow,349
50.0,6_CACTA002,TSS,Inflow,350
31.0,6_CACTA002,TSS,Inflow,350
155.0,6_CACTA002,TSS,Inflow,350
44.0,6_CACTA002,TSS,Inflow,350
10.0,6_CACTA002,TSS,Inflow,350
94.0,6_CACTA002,TSS,Inflow,351
55.0,6_CACTA002,TSS,Inflow,351
39.0,6_CACTA002,TSS,Inflow,351
57.0,6_CACTA002,TSS,Inflow,351
10.0,6_CACTA002,TSS,Inflow,351
57.0,6_CACTA002,TSS,Inflow,352
100.0,6_CACTA002,TSS,Inflow,352
57.0,6_CACTA002,TSS,Inflow,352
94.0,6_CACTA002,TSS,Inflow,352
39.0,6_CACTA002,TSS,Inflow,352
70.0,6_CACTA002,TSS,Inflow,353
100.0,6_CACTA002,TSS,Inflow,353
163.0,6_CACTA002,TSS,Inflow,353
55.0,6_CACTA002,TSS,Inflow,353
57.0,6_CACTA002,TSS,Inflow,353
57.0,6_CACTA002,TSS,Inflow,354
155.0,6_CACTA002,TSS,Inflow,354
100.0,6_CACTA002,TSS,Inflow,354
10.0,6_CACTA002,TSS,Inflow,354
94.0,6_CACTA002,TSS,Inflow,354
57.0,6_CACTA002,TSS,Inflow,355
27.0,6_CACTA002,TSS,Inflow,355
57.0,6_CACTA002,TSS,Inflow,355
163.0,6_CACTA002,TSS,Inflow,355
39.0,6_CACTA002,TSS,Inflow,355
27.0,6_CACTA002,TSS,Inflow,356
163.0,6_CACTA002,TSS,Inflow,356
31.0,6_CACTA002,TSS,Inflow,356
85.0,6_CACTA002,TSS,Inflow,356
100.0,6_CACTA002,TSS,Inflow,356
70.0,6_CACTA002,TSS,Inflow,357
31.0,6_CACTA002,TSS,Inflow,357
50.0,6_CACTA002,TSS,Inflow,357
44.0,6_CACTA002,TSS,Inflow,357
100.0,6_CACTA002,TSS,Inflow,357
57.0,6_CACTA002,TSS,Inflow,358
94.0,6_CACTA002,TSS,Inflow,358
163.0,6_CACTA002,TSS,Inflow,358
50.0,6_CACTA002,TSS,Inflow,358
155.0,6_CACTA002,TSS,Inflow,358
31.0,6_CACTA002,TSS,Inflow,359
155.0,6_CACTA002,TSS,Inflow,359
44.0,6_CACTA002,TSS,Inflow,359
27.0,6_CACTA002,TSS,Inflow,359
50.0,6_CACTA002,TSS,Inflow,359
94.0,6_CACTA002,TSS,Inflow,360
155.0,6_CACTA002,TSS,Inflow,360
27.0,6_CACTA002,TSS,Inflow,360
10.0,6_CACTA002,TSS,Inflow,360
44.0,6_CACTA002,TSS,Inflow,360
31.0,6_CACTA002,TSS,Inflow,361
100.0,6_CACTA002,TSS,Inflow,361
55.0,6_CACTA002,TSS,Inflow,361
85.0,6_CACTA002,TSS,Inflow,361
50.0,6_CACTA002,TSS,Inflow,361
57.0,6_CACTA002,TSS,Inflow,362
55.0,6_CACTA002,TSS,Inflow,362
163.0,6_CACTA002,TSS,Inflow,362
100.0,6_CACTA002,TSS,Inflow,362
94.0,6_CACTA002,TSS,Inflow,362
155.0,6_CACTA002,TSS,Inflow,363
10.0,6_CACTA002,TSS,Inflow,363
44.0,6_CACTA002,TSS,Inflow,363
50.0,6_CACTA002,TSS,Inflow,363
55.0,6_CACTA002,TSS,Inflow,363
50.0,6_CACTA002,TSS,Inflow,364
44.0,6_CACTA002,TSS,Inflow,364
31.0,6_CACTA002,TSS,Inflow,364
70.0,6_CACTA002,TSS,Inflow,364
57.0,6_CACTA002,TSS,Inflow,364
94.0,6_CACTA002,TSS,Inflow,365
50.0,6_CACTA002,TSS,Inflow,365
163.0,6_CACTA002,TSS,Inflow,365
57.0,6_CACTA002,TSS,Inflow,365
39.0,6_CACTA002,TSS,Inflow,365
155.0,6_CACTA002,TSS,Inflow,366
44.0,6_CACTA002,TSS,Inflow,366
55.0,6_CACTA002,TSS,Inflow,366
27.0,6_CACTA002,TSS,Inflow,366
50.0,6_CACTA002,TSS,Inflow,366
70.0,6_CACTA002,TSS,Inflow,367
27.0,6_CACTA002,TSS,Inflow,367
10.0,6_CACTA002,TSS,Inflow,367
57.0,6_CACTA002,TSS,Inflow,367
100.0,6_CACTA002,TSS,Inflow,367
50.0,6_CACTA002,TSS,Inflow,368
10.0,6_CACTA002,TSS,Inflow,368
155.0,6_CACTA002,TSS,Inflow,368
100.0,6_CACTA002,TSS,Inflow,368
85.0,6_CACTA002,TSS,Inflow,368
55.0,6_CACTA002,TSS,Inflow,369
39.0,6_CACTA002,TSS,Inflow,369
27.0,6_CACTA002,TSS,Inflow,369
50.0,6_CACTA002,TSS,Inflow,369
100.0,6_CACTA002,TSS,Inflow,369
85.0,6_CACTA002,TSS,Inflow,370
50.0,6_CACTA002,TSS,Inflow,370
94.0,6_CACTA002,TSS,Inflow,370
57.0,6_CACTA002,TSS,Inflow,370
57.0,6_CACTA002,TSS,Inflow,370
44.0,6_CACTA002,TSS,Inflow,371
155.0,6_CACTA002,TSS,Inflow,371
27.0,6_CACTA002,TSS,Inflow,371
55.0,6_CACTA002,TSS,Inflow,371
94.0,6_CACTA002,TSS,Inflow,371
27.0,6_CACTA002,TSS,Inflow,372
70.0,6_CACTA002,TSS,Inflow,372
155.0,6_CACTA002,TSS,Inflow,372
94.0,6_CACTA002,TSS,Inflow,372
100.0,6_CACTA002,TSS,Inflow,372
44.0,6_CACTA002,TSS,Inflow,373
85.0,6_CACTA002,TSS,Inflow,373
94.0,6_CACTA002,TSS,Inflow,373
100.0,6_CACTA002,TSS,Inflow,373
55.0,6_CACTA002,TSS,Inflow,373
27.0,6_CACTA002,TSS,Inflow,374
44.0,6_CACTA002,TSS,Inflow,374
31.0,6_CACTA002,TSS,Inflow,374
85.0,6_CACTA002,TSS,Inflow,374
10.0,6_CACTA002,TSS,Inflow,374
57.0,6_CACTA002,TSS,Inflow,375
39.0,6_CACTA002,TSS,Inflow,375
85.0,6_CACTA002,TSS,Inflow,375
94.0,6_CACTA002,TSS,Inflow,375
31.0,6_CACTA002,TSS,Inflow,375
70.0,6_CACTA002,TSS,Inflow,376
55.0,6_CACTA002,TSS,Inflow,376
50.0,6_CACTA002,TSS,Inflow,376
31.0,6_CACTA002,TSS,Inflow,376
155.0,6_CACTA002,TSS,Inflow,376
57.0,6_CACTA002,TSS,Inflow,377
39.0,6_CACTA002,TSS,Inflow,377
155.0,6_CACTA002,TSS,Inflow,377
55.0,6_CACTA002,TSS,Inflow,377
70.0,6_CACTA002,TSS,Inflow,377
55.0,6_CACTA002,TSS,Inflow,378
50.0,6_CACTA002,TSS,Inflow,378
39.0,6_CACTA002,TSS,Inflow,378
57.0,6_CACTA002,TSS,Inflow,378
163.0,6_CACTA002,TSS,Inflow,378
100.0,6_CACTA002,TSS,Inflow,379
39.0,6_CACTA002,TSS,Inflow,379
85.0,6_CACTA002,TSS,Inflow,379
10.0,6_CACTA002,TSS,Inflow,379
55.0,6_CACTA002,TSS,Inflow,379
70.0,6_CACTA002,TSS,Inflow,380
94.0,6_CACTA002,TSS,Inflow,380
44.0,6_CACTA002,TSS,Inflow,380
85.0,6_CACTA002,TSS,Inflow,380
39.0,6_CACTA002,TSS,Inflow,380
57.0,6_CACTA002,TSS,Inflow,381
10.0,6_CACTA002,TSS,Inflow,381
50.0,6_CACTA002,TSS,Inflow,381
55.0,6_CACTA002,TSS,Inflow,381
57.0,6_CACTA002,TSS,Inflow,381
57.0,6_CACTA002,TSS,Inflow,382
55.0,6_CACTA002,TSS,Inflow,382
155.0,6_CACTA002,TSS,Inflow,382
10.0,6_CACTA002,TSS,Inflow,382
44.0,6_CACTA002,TSS,Inflow,382
39.0,6_CACTA002,TSS,Inflow,383
155.0,6_CACTA002,TSS,Inflow,383
44.0,6_CACTA002,TSS,Inflow,383
55.0,6_CACTA002,TSS,Inflow,383
100.0,6_CACTA002,TSS,Inflow,383
10.0,6_CACTA002,TSS,Inflow,384
94.0,6_CACTA002,TSS,Inflow,384
55.0,6_CACTA002,TSS,Inflow,384
44.0,6_CACTA002,TSS,Inflow,384
57.0,6_CACTA002,TSS,Inflow,384
155.0,6_CACTA002,TSS,Inflow,385
31.0,6_CACTA002,TSS,Inflow,385
70.0,6_CACTA002,TSS,Inflow,385
100.0,6_CACTA002,TSS,Inflow,385
57.0,6_CACTA002,TSS,Inflow,385
55.0,6_CACTA002,TSS,Inflow,386
50.0,6_CACTA002,TSS,Inflow,386
163.0,6_CACTA002,TSS,Inflow,386
39.0,6_CACTA002,TSS,Inflow,386
85.0,6_CACTA002,TSS,Inflow,386
27.0,6_CACTA002,TSS,Inflow,387
57.0,6_CACTA002,TSS,Inflow,387
39.0,6_CACTA002,TSS,Inflow,387
163.0,6_CACTA002,TSS,Inflow,387
10.0,6_CACTA002,TSS,Inflow,387
163.0,6_CACTA002,TSS,Inflow,388
94.0,6_CACTA002,TSS,Inflow,388
57.0,6_CACTA002,TSS,Inflow,388
100.0,6_CACTA002,TSS,Inflow,388
57.0,6_CACTA002,TSS,Inflow,388
57.0,6_CACTA002,TSS,Inflow,389
50.0,6_CACTA002,TSS,Inflow,389
100.0,6_CACTA002,TSS,Inflow,389
85.0,6_CACTA002,TSS,Inflow,389
155.0,6_CACTA002,TSS,Inflow,389
163.0,6_CACTA002,TSS,Inflow,390
27.0,6_CACTA002,TSS,Inflow,390
57.0,6_CACTA002,TSS,Inflow,390
10.0,6_CACTA002,TSS,Inflow,390
85.0,6_CACTA002,TSS,Inflow,390
94.0,6_CACTA002,TSS,Inflow,391
50.0,6_CACTA002,TSS,Inflow,391
163.0,6_CACTA002,TSS,Inflow,391
57.0,6_CACTA002,TSS,Inflow,391
39.0,6_CACTA002,TSS,Inflow,391
39.0,6_CACTA002,TSS,Inflow,392
57.0,6_CACTA002,TSS,Inflow,392
55.0,6_CACTA002,TSS,Inflow,392
10.0,6_CACTA002,TSS,Inflow,392
31.0,6_CACTA002,TSS,Inflow,392
100.0,6_CACTA002,TSS,Inflow,393
50.0,6_CACTA002,TSS,Inflow,393
31.0,6_CACTA002,TSS,Inflow,393
57.0,6_CACTA002,TSS,Inflow,393
155.0,6_CACTA002,TSS,Inflow,393
155.0,6_CACTA002,TSS,Inflow,394
57.0,6_CACTA002,TSS,Inflow,394
57.0,6_CACTA002,TSS,Inflow,394
10.0,6_CACTA002,TSS,Inflow,394
55.0,6_CACTA002,TSS,Inflow,394
10.0,6_CACTA002,TSS,Inflow,395
57.0,6_CACTA002,TSS,Inflow,395
44.0,6_CACTA002,TSS,Inflow,395
94.0,6_CACTA002,TSS,Inflow,395
85.0,6_CACTA002,TSS,Inflow,395
57.0,6_CACTA002,TSS,Inflow,396
27.0,6_CACTA002,TSS,Inflow,396
70.0,6_CACTA002,TSS,Inflow,396
55.0,6_CACTA002,TSS,Inflow,396
163.0,6_CACTA002,TSS,Inflow,396
55.0,6_CACTA002,TSS,Inflow,397
57.0,6_CACTA002,TSS,Inflow,397
94.0,6_CACTA002,TSS,Inflow,397
163.0,6_CACTA002,TSS,Inflow,397
39.0,6_CACTA002,TSS,Inflow,397
100.0,6_CACTA002,TSS,Inflow,398
155.0,6_CACTA002,TSS,Inflow,398
85.0,6_CACTA002,TSS,Inflow,398
10.0,6_CACTA002,TSS,Inflow,398
55.0,6_CACTA002,TSS,Inflow,398
10.0,6_CACTA002,TSS,Inflow,399
163.0,6_CACTA002,TSS,Inflow,399
100.0,6_CACTA002,TSS,Inflow,399
55.0,6_CACTA002,TSS,Inflow,399
57.0,6_CACTA002,TSS,Inflow,399
57.0,6_CACTA002,TSS,Inflow,400
50.0,6_CACTA002,TSS,Inflow,400
57.0,6_CACTA002,TSS,Inflow,400
10.0,6_CACTA002,TSS,Inflow,400
31.0,6_CACTA002,TSS,Inflow,400
85.0,6_CACTA002,TSS,Inflow,401
27.0,6_CACTA002,TSS,Inflow,401
44.0,6_CACTA002,TSS,Inflow,401
94.0,6_CACTA002,TSS,Inflow,401
39.0,6_CACTA002,TSS,Inflow,401
31.0,6_CACTA002,TSS,Inflow,402
100.0,6_CACTA002,TSS,Inflow,402
163.0,6_CACTA002,TSS,Inflow,402
94.0,6_CACTA002,TSS,Inflow,402
10.0,6_CACTA002,TSS,Inflow,402
44.0,6_CACTA002,TSS,Inflow,403
31.0,6_CACTA002,TSS,Inflow,403
57.0,6_CACTA002,TSS,Inflow,403
100.0,6_CACTA002,TSS,Inflow,403
39.0,6_CACTA002,TSS,Inflow,403
31.0,6_CACTA002,TSS,Inflow,404
57.0,6_CACTA002,TSS,Inflow,404
70.0,6_CACTA002,TSS,Inflow,404
94.0,6_CACTA002,TSS,Inflow,404
100.0,6_CACTA002,TSS,Inflow,404
85.0,6_CACTA002,TSS,Inflow,405
39.0,6_CACTA002,TSS,Inflow,405
31.0,6_CACTA002,TSS,Inflow,405
94.0,6_CACTA002,TSS,Inflow,405
10.0,6_CACTA002,TSS,Inflow,405
50.0,6_CACTA002,TSS,Inflow,406
57.0,6_CACTA002,TSS,Inflow,406
27.0,6_CACTA002,TSS,Inflow,406
100.0,6_CACTA002,TSS,Inflow,406
39.0,6_CACTA002,TSS,Inflow,406
100.0,6_CACTA002,TSS,Inflow,407
155.0,6_CACTA002,TSS,Inflow,407
31.0,6_CACTA002,TSS,Inflow,407
39.0,6_CACTA002,TSS,Inflow,407
163.0,6_CACTA002,TSS,Inflow,407
100.0,6_CACTA002,TSS,Inflow,408
163.0,6_CACTA002,TSS,Inflow,408
50.0,6_CACTA002,TSS,Inflow,408
39.0,6_CACTA002,TSS,Inflow,408
27.0,6_CACTA002,TSS,Inflow,408
163.0,6_CACTA002,TSS,Inflow,409
155.0,6_CACTA002,TSS,Inflow,409
10.0,6_CACTA002,TSS,Inflow,409
57.0,6_CACTA002,TSS,Inflow,409
70.0,6_CACTA002,TSS,Inflow,409
27.0,6_CACTA002,TSS,Inflow,410
94.0,6_CACTA002,TSS,Inflow,410
100.0,6_CACTA002,TSS,Inflow,410
57.0,6_CACTA002,TSS,Inflow,410
57.0,6_CACTA002,TSS,Inflow,410
31.0,6_CACTA002,TSS,Inflow,411
39.0,6_CACTA002,TSS,Inflow,411
85.0,6_CACTA002,TSS,Inflow,411
163.0,6_CACTA002,TSS,Inflow,411
50.0,6_CACTA002,TSS,Inflow,411
10.0,6_CACTA002,TSS,Inflow,412
44.0,6_CACTA002,TSS,Inflow,412
50.0,6_CACTA002,TSS,Inflow,412
27.0,6_CACTA002,TSS,Inflow,412
31.0,6_CACTA002,TSS,Inflow,412
85.0,6_CACTA002,TSS,Inflow,413
57.0,6_CACTA002,TSS,Inflow,413
31.0,6_CACTA002,TSS,Inflow,413
70.0,6_CACTA002,TSS,Inflow,413
155.0,6_CACTA002,TSS,Inflow,413
50.0,6_CACTA002,TSS,Inflow,414
27.0,6_CACTA002,TSS,Inflow,414
85.0,6_CACTA002,TSS,Inflow,414
70.0,6_CACTA002,TSS,Inflow,414
44.0,6_CACTA002,TSS,Inflow,414
55.0,6_CACTA002,TSS,Inflow,415
94.0,6_CACTA002,TSS,Inflow,415
57.0,6_CACTA002,TSS,Inflow,415
85.0,6_CACTA002,TSS,Inflow,415
57.0,6_CACTA002,TSS,Inflow,415
94.0,6_CACTA002,TSS,Inflow,416
27.0,6_CACTA002,TSS,Inflow,416
163.0,6_CACTA002,TSS,Inflow,416
57.0,6_CACTA002,TSS,Inflow,416
100.0,6_CACTA002,TSS,Inflow,416
100.0,6_CACTA002,TSS,Inflow,417
94.0,6_CACTA002,TSS,Inflow,417
27.0,6_CACTA002,TSS,Inflow,417
44.0,6_CACTA002,TSS,Inflow,417
10.0,6_CACTA002,TSS,Inflow,417
31.0,6_CACTA002,TSS,Inflow,418
57.0,6_CACTA002,TSS,Inflow,418
85.0,6_CACTA002,TSS,Inflow,418
10.0,6_CACTA002,TSS,Inflow,418
100.0,6_CACTA002,TSS,Inflow,418
85.0,6_CACTA002,TSS,Inflow,419
70.0,6_CACTA002,TSS,Inflow,419
55.0,6_CACTA002,TSS,Inflow,419
10.0,6_CACTA002,TSS,Inflow,419
27.0,6_CACTA002,TSS,Inflow,419
100.0,6_CACTA002,TSS,Inflow,420
57.0,6_CACTA002,TSS,Inflow,420
57.0,6_CACTA002,TSS,Inflow,420
50.0,6_CACTA002,TSS,Inflow,420
163.0,6_CACTA002,TSS,Inflow,420
85.0,6_CACTA002,TSS,Inflow,421
155.0,6_CACTA002,TSS,Inflow,421
50.0,6_CACTA002,TSS,Inflow,421
55.0,6_CACTA002,TSS,Inflow,421
10.0,6_CACTA002,TSS,Inflow,421
44.0,6_CACTA002,TSS,Inflow,422
163.0,6_CACTA002,TSS,Inflow,422
31.0,6_CACTA002,TSS,Inflow,422
94.0,6_CACTA002,TSS,Inflow,422
85.0,6_CACTA002,TSS,Inflow,422
10.0,6_CACTA002,TSS,Inflow,423
100.0,6_CACTA002,TSS,Inflow,423
50.0,6_CACTA002,TSS,Inflow,423
94.0,6_CACTA002,TSS,Inflow,423
27.0,6_CACTA002,TSS,Inflow,423
27.0,6_CACTA002,TSS,Inflow,424
44.0,6_CACTA002,TSS,Inflow,424
55.0,6_CACTA002,TSS,Inflow,424
100.0,6_CACTA002,TSS,Inflow,424
155.0,6_CACTA002,TSS,Inflow,424
85.0,6_CACTA002,TSS,Inflow,425
31.0,6_CACTA002,TSS,Inflow,425
39.0,6_CACTA002,TSS,Inflow,425
57.0,6_CACTA002,TSS,Inflow,425
94.0,6_CACTA002,TSS,Inflow,425
39.0,6_CACTA002,TSS,Inflow,426
163.0,6_CACTA002,TSS,Inflow,426
94.0,6_CACTA002,TSS,Inflow,426
27.0,6_CACTA002,TSS,Inflow,426
55.0,6_CACTA002,TSS,Inflow,426
27.0,6_CACTA002,TSS,Inflow,427
155.0,6_CACTA002,TSS,Inflow,427
70.0,6_CACTA002,TSS,Inflow,427
85.0,6_CACTA002,TSS,Inflow,427
44.0,6_CACTA002,TSS,Inflow,427
94.0,6_CACTA002,TSS,Inflow,428
27.0,6_CACTA002,TSS,Inflow,428
70.0,6_CACTA002,TSS,Inflow,428
10.0,6_CACTA002,TSS,Inflow,428
163.0,6_CACTA002,TSS,Inflow,428
27.0,6_CACTA002,TSS,Inflow,429
70.0,6_CACTA002,TSS,Inflow,429
44.0,6_CACTA002,TSS,Inflow,429
50.0,6_CACTA002,TSS,Inflow,429
155.0,6_CACTA002,TSS,Inflow,429
57.0,6_CACTA002,TSS,Inflow,430
44.0,6_CACTA002,TSS,Inflow,430
100.0,6_CACTA002,TSS,Inflow,430
50.0,6_CACTA002,TSS,Inflow,430
94.0,6_CACTA002,TSS,Inflow,430
94.0,6_CACTA002,TSS,Inflow,431
50.0,6_CACTA002,TSS,Inflow,431
55.0,6_CACTA002,TSS,Inflow,431
44.0,6_CACTA002,TSS,Inflow,431
10.0,6_CACTA002,TSS,Inflow,431
70.0,6_CACTA002,TSS,Inflow,432
163.0,6_CACTA002,TSS,Inflow,432
39.0,6_CACTA002,TSS,Inflow,432
57.0,6_CACTA002,TSS,Inflow,432
55.0,6_CACTA002,TSS,Inflow,432
100.0,6_CACTA002,TSS,Inflow,433
85.0,6_CACTA002,TSS,Inflow,433
55.0,6_CACTA002,TSS,Inflow,433
57.0,6_CACTA002,TSS,Inflow,433
10.0,6_CACTA002,TSS,Inflow,433
163.0,6_CACTA002,TSS,Inflow,434
55.0,6_CACTA002,TSS,Inflow,434
85.0,6_CACTA002,TSS,Inflow,434
155.0,6_CACTA002,TSS,Inflow,434
10.0,6_CACTA002,TSS,Inflow,434
31.0,6_CACTA002,TSS,Inflow,435
94.0,6_CACTA002,TSS,Inflow,435
44.0,6_CACTA002,TSS,Inflow,435
57.0,6_CACTA002,TSS,Inflow,435
155.0,6_CACTA002,TSS,Inflow,435
50.0,6_CACTA002,TSS,Inflow,436
94.0,6_CACTA002,TSS,Inflow,436
85.0,6_CACTA002,TSS,Inflow,436
70.0,6_CACTA002,TSS,Inflow,436
57.0,6_CACTA002,TSS,Inflow,436
94.0,6_CACTA002,TSS,Inflow,437
100.0,6_CACTA002,TSS,Inflow,437
31.0,6_CACTA002,TSS,Inflow,437
10.0,6_CACTA002,TSS,Inflow,437
155.0,6_CACTA002,TSS,Inflow,437
85.0,6_CACTA002,TSS,Inflow,438
10.0,6_CACTA002,TSS,Inflow,438
163.0,6_CACTA002,TSS,Inflow,438
94.0,6_CACTA002,TSS,Inflow,438
155.0,6_CACTA002,TSS,Inflow,438
44.0,6_CACTA002,TSS,Inflow,439
70.0,6_CACTA002,TSS,Inflow,439
39.0,6_CACTA002,TSS,Inflow,439
57.0,6_CACTA002,TSS,Inflow,439
31.0,6_CACTA002,TSS,Inflow,439
27.0,6_CACTA002,TSS,Inflow,440
55.0,6_CACTA002,TSS,Inflow,440
39.0,6_CACTA002,TSS,Inflow,440
100.0,6_CACTA002,TSS,Inflow,440
155.0,6_CACTA002,TSS,Inflow,440
10.0,6_CACTA002,TSS,Inflow,441
70.0,6_CACTA002,TSS,Inflow,441
155.0,6_CACTA002,TSS,Inflow,441
27.0,6_CACTA002,TSS,Inflow,441
31.0,6_CACTA002,TSS,Inflow,441
55.0,6_CACTA002,TSS,Inflow,442
70.0,6_CACTA002,TSS,Inflow,442
31.0,6_CACTA002,TSS,Inflow,442
57.0,6_CACTA002,TSS,Inflow,442
44.0,6_CACTA002,TSS,Inflow,442
57.0,6_CACTA002,TSS,Inflow,443
50.0,6_CACTA002,TSS,Inflow,443
27.0,6_CACTA002,TSS,Inflow,443
100.0,6_CACTA002,TSS,Inflow,443
163.0,6_CACTA002,TSS,Inflow,443
44.0,6_CACTA002,TSS,Inflow,444
57.0,6_CACTA002,TSS,Inflow,444
55.0,6_CACTA002,TSS,Inflow,444
10.0,6_CACTA002,TSS,Inflow,444
70.0,6_CACTA002,TSS,Inflow,444
85.0,6_CACTA002,TSS,Inflow,445
57.0,6_CACTA002,TSS,Inflow,445
163.0,6_CACTA002,TSS,Inflow,445
39.0,6_CACTA002,TSS,Inflow,445
50.0,6_CACTA002,TSS,Inflow,445
85.0,6_CACTA002,TSS,Inflow,446
44.0,6_CACTA002,TSS,Inflow,446
27.0,6_CACTA002,TSS,Inflow,446
10.0,6_CACTA002,TSS,Inflow,446
57.0,6_CACTA002,TSS,Inflow,446
57.0,6_CACTA002,TSS,Inflow,447
44.0,6_CACTA002,TSS,Inflow,447
10.0,6_CACTA002,TSS,Inflow,447
85.0,6_CACTA002,TSS,Inflow,447
39.0,6_CACTA002,TSS,Inflow,447
57.0,6_CACTA002,TSS,Inflow,448
27.0,6_CACTA002,TSS,Inflow,448
10.0,6_CACTA002,TSS,Inflow,448
163.0,6_CACTA002,TSS,Inflow,448
31.0,6_CACTA002,TSS,Inflow,448
57.0,6_CACTA002,TSS,Inflow,449
57.0,6_CACTA002,TSS,Inflow,449
10.0,6_CACTA002,TSS,Inflow,449
100.0,6_CACTA002,TSS,Inflow,449
31.0,6_CACTA002,TSS,Inflow,449
163.0,6_CACTA002,TSS,Inflow,450
155.0,6_CACTA002,TSS,Inflow,450
44.0,6_CACTA002,TSS,Inflow,450
57.0,6_CACTA002,TSS,Inflow,450
10.0,6_CACTA002,TSS,Inflow,450
31.0,6_CACTA002,TSS,Inflow,451
57.0,6_CACTA002,TSS,Inflow,451
50.0,6_CACTA002,TSS,Inflow,451
39.0,6_CACTA002,TSS,Inflow,451
70.0,6_CACTA002,TSS,Inflow,451
100.0,6_CACTA002,TSS,Inflow,452
50.0,6_CACTA002,TSS,Inflow,452
55.0,6_CACTA002,TSS,Inflow,452
57.0,6_CACTA002,TSS,Inflow,452
31.0,6_CACTA002,TSS,Inflow,452
27.0,6_CACTA002,TSS,Inflow,453
85.0,6_CACTA002,TSS,Inflow,453
10.0,6_CACTA002,TSS,Inflow,453
44.0,6_CACTA002,TSS,Inflow,453
55.0,6_CACTA002,TSS,Inflow,453
10.0,6_CACTA002,TSS,Inflow,454
85.0,6_CACTA002,TSS,Inflow,454
70.0,6_CACTA002,TSS,Inflow,454
100.0,6_CACTA002,TSS,Inflow,454
50.0,6_CACTA002,TSS,Inflow,454
44.0,6_CACTA002,TSS,Inflow,455
10.0,6_CACTA002,TSS,Inflow,455
27.0,6_CACTA002,TSS,Inflow,455
55.0,6_CACTA002,TSS,Inflow,455
155.0,6_CACTA002,TSS,Inflow,455
31.0,6_CACTA002,TSS,Inflow,456
100.0,6_CACTA002,TSS,Inflow,456
39.0,6_CACTA002,TSS,Inflow,456
57.0,6_CACTA002,TSS,Inflow,456
94.0,6_CACTA002,TSS,Inflow,456
155.0,6_CACTA002,TSS,Inflow,457
57.0,6_CACTA002,TSS,Inflow,457
70.0,6_CACTA002,TSS,Inflow,457
27.0,6_CACTA002,TSS,Inflow,457
94.0,6_CACTA002,TSS,Inflow,457
31.0,6_CACTA002,TSS,Inflow,458
27.0,6_CACTA002,TSS,Inflow,458
10.0,6_CACTA002,TSS,Inflow,458
94.0,6_CACTA002,TSS,Inflow,458
155.0,6_CACTA002,TSS,Inflow,458
70.0,6_CACTA002,TSS,Inflow,459
100.0,6_CACTA002,TSS,Inflow,459
163.0,6_CACTA002,TSS,Inflow,459
10.0,6_CACTA002,TSS,Inflow,459
44.0,6_CACTA002,TSS,Inflow,459
31.0,6_CACTA002,TSS,Inflow,460
27.0,6_CACTA002,TSS,Inflow,460
70.0,6_CACTA002,TSS,Inflow,460
57.0,6_CACTA002,TSS,Inflow,460
50.0,6_CACTA002,TSS,Inflow,460
57.0,6_CACTA002,TSS,Inflow,461
85.0,6_CACTA002,TSS,Inflow,461
100.0,6_CACTA002,TSS,Inflow,461
31.0,6_CACTA002,TSS,Inflow,461
57.0,6_CACTA002,TSS,Inflow,461
27.0,6_CACTA002,TSS,Inflow,462
85.0,6_CACTA002,TSS,Inflow,462
70.0,6_CACTA002,TSS,Inflow,462
100.0,6_CACTA002,TSS,Inflow,462
55.0,6_CACTA002,TSS,Inflow,462
100.0,6_CACTA002,TSS,Inflow,463
44.0,6_CACTA002,TSS,Inflow,463
50.0,6_CACTA002,TSS,Inflow,463
85.0,6_CACTA002,TSS,Inflow,463
57.0,6_CACTA002,TSS,Inflow,463
31.0,6_CACTA002,TSS,Inflow,464
50.0,6_CACTA002,TSS,Inflow,464
70.0,6_CACTA002,TSS,Inflow,464
57.0,6_CACTA002,TSS,Inflow,464
10.0,6_CACTA002,TSS,Inflow,464
155.0,6_CACTA002,TSS,Inflow,465
70.0,6_CACTA002,TSS,Inflow,465
50.0,6_CACTA002,TSS,Inflow,465
27.0,6_CACTA002,TSS,Inflow,465
94.0,6_CACTA002,TSS,Inflow,465
50.0,6_CACTA002,TSS,Inflow,466
27.0,6_CACTA002,TSS,Inflow,466
70.0,6_CACTA002,TSS,Inflow,466
163.0,6_CACTA002,TSS,Inflow,466
10.0,6_CACTA002,TSS,Inflow,466
70.0,6_CACTA002,TSS,Inflow,467
57.0,6_CACTA002,TSS,Inflow,467
31.0,6_CACTA002,TSS,Inflow,467
44.0,6_CACTA002,TSS,Inflow,467
50.0,6_CACTA002,TSS,Inflow,467
31.0,6_CACTA002,TSS,Inflow,468
100.0,6_CACTA002,TSS,Inflow,468
55.0,6_CACTA002,TSS,Inflow,468
50.0,6_CACTA002,TSS,Inflow,468
155.0,6_CACTA002,TSS,Inflow,468
10.0,6_CACTA002,TSS,Inflow,469
27.0,6_CACTA002,TSS,Inflow,469
39.0,6_CACTA002,TSS,Inflow,469
57.0,6_CACTA002,TSS,Inflow,469
31.0,6_CACTA002,TSS,Inflow,469
163.0,6_CACTA002,TSS,Inflow,470
27.0,6_CACTA002,TSS,Inflow,470
50.0,6_CACTA002,TSS,Inflow,470
55.0,6_CACTA002,TSS,Inflow,470
155.0,6_CACTA002,TSS,Inflow,470
57.0,6_CACTA002,TSS,Inflow,471
85.0,6_CACTA002,TSS,Inflow,471
94.0,6_CACTA002,TSS,Inflow,471
163.0,6_CACTA002,TSS,Inflow,471
55.0,6_CACTA002,TSS,Inflow,471
100.0,6_CACTA002,TSS,Inflow,472
27.0,6_CACTA002,TSS,Inflow,472
70.0,6_CACTA002,TSS,Inflow,472
44.0,6_CACTA002,TSS,Inflow,472
85.0,6_CACTA002,TSS,Inflow,472
85.0,6_CACTA002,TSS,Inflow,473
31.0,6_CACTA002,TSS,Inflow,473
100.0,6_CACTA002,TSS,Inflow,473
70.0,6_CACTA002,TSS,Inflow,473
10.0,6_CACTA002,TSS,Inflow,473
31.0,6_CACTA002,TSS,Inflow,474
27.0,6_CACTA002,TSS,Inflow,474
70.0,6_CACTA002,TSS,Inflow,474
163.0,6_CACTA002,TSS,Inflow,474
94.0,6_CACTA002,TSS,Inflow,474
163.0,6_CACTA002,TSS,Inflow,475
39.0,6_CACTA002,TSS,Inflow,475
100.0,6_CACTA002,TSS,Inflow,475
57.0,6_CACTA002,TSS,Inflow,475
57.0,6_CACTA002,TSS,Inflow,475
85.0,6_CACTA002,TSS,Inflow,476
163.0,6_CACTA002,TSS,Inflow,476
39.0,6_CACTA002,TSS,Inflow,476
70.0,6_CACTA002,TSS,Inflow,476
44.0,6_CACTA002,TSS,Inflow,476
31.0,6_CACTA002,TSS,Inflow,477
55.0,6_CACTA002,TSS,Inflow,477
155.0,6_CACTA002,TSS,Inflow,477
163.0,6_CACTA002,TSS,Inflow,477
50.0,6_CACTA002,TSS,Inflow,477
163.0,6_CACTA002,TSS,Inflow,478
10.0,6_CACTA002,TSS,Inflow,478
39.0,6_CACTA002,TSS,Inflow,478
27.0,6_CACTA002,TSS,Inflow,478
100.0,6_CACTA002,TSS,Inflow,478
50.0,6_CACTA002,TSS,Inflow,479
155.0,6_CACTA002,TSS,Inflow,479
39.0,6_CACTA002,TSS,Inflow,479
70.0,6_CACTA002,TSS,Inflow,479
94.0,6_CACTA002,TSS,Inflow,479
27.0,6_CACTA002,TSS,Inflow,480
163.0,6_CACTA002,TSS,Inflow,480
100.0,6_CACTA002,TSS,Inflow,480
55.0,6_CACTA002,TSS,Inflow,480
57.0,6_CACTA002,TSS,Inflow,480
39.0,6_CACTA002,TSS,Inflow,481
50.0,6_CACTA002,TSS,Inflow,481
100.0,6_CACTA002,TSS,Inflow,481
94.0,6_CACTA002,TSS,Inflow,481
57.0,6_CACTA002,TSS,Inflow,481
70.0,6_CACTA002,TSS,Inflow,482
100.0,6_CACTA002,TSS,Inflow,482
85.0,6_CACTA002,TSS,Inflow,482
155.0,6_CACTA002,TSS,Inflow,482
44.0,6_CACTA002,TSS,Inflow,482
57.0,6_CACTA002,TSS,Inflow,483
85.0,6_CACTA002,TSS,Inflow,483
100.0,6_CACTA002,TSS,Inflow,483
163.0,6_CACTA002,TSS,Inflow,483
57.0,6_CACTA002,TSS,Inflow,483
44.0,6_CACTA002,TSS,Inflow,484
85.0,6_CACTA002,TSS,Inflow,484
27.0,6_CACTA002,TSS,Inflow,484
100.0,6_CACTA002,TSS,Inflow,484
94.0,6_CACTA002,TSS,Inflow,484
44.0,6_CACTA002,TSS,Inflow,485
27.0,6_CACTA002,TSS,Inflow,485
10.0,6_CACTA002,TSS,Inflow,485
100.0,6_CACTA002,TSS,Inflow,485
57.0,6_CACTA002,TSS,Inflow,485
94.0,6_CACTA002,TSS,Inflow,486
57.0,6_CACTA002,TSS,Inflow,486
100.0,6_CACTA002,TSS,Inflow,486
55.0,6_CACTA002,TSS,Inflow,486
31.0,6_CACTA002,TSS,Inflow,486
155.0,6_CACTA002,TSS,Inflow,487
57.0,6_CACTA002,TSS,Inflow,487
85.0,6_CACTA002,TSS,Inflow,487
70.0,6_CACTA002,TSS,Inflow,487
27.0,6_CACTA002,TSS,Inflow,487
27.0,6_CACTA002,TSS,Inflow,488
10.0,6_CACTA002,TSS,Inflow,488
94.0,6_CACTA002,TSS,Inflow,488
31.0,6_CACTA002,TSS,Inflow,488
155.0,6_CACTA002,TSS,Inflow,488
70.0,6_CACTA002,TSS,Inflow,489
155.0,6_CACTA002,TSS,Inflow,489
39.0,6_CACTA002,TSS,Inflow,489
44.0,6_CACTA002,TSS,Inflow,489
57.0,6_CACTA002,TSS,Inflow,489
10.0,6_CACTA002,TSS,Inflow,490
50.0,6_CACTA002,TSS,Inflow,490
39.0,6_CACTA002,TSS,Inflow,490
44.0,6_CACTA002,TSS,Inflow,490
94.0,6_CACTA002,TSS,Inflow,490
57.0,6_CACTA002,TSS,Inflow,491
100.0,6_CACTA002,TSS,Inflow,491
55.0,6_CACTA002,TSS,Inflow,491
27.0,6_CACTA002,TSS,Inflow,491
70.0,6_CACTA002,TSS,Inflow,491
163.0,6_CACTA002,TSS,Inflow,492
55.0,6_CACTA002,TSS,Inflow,492
100.0,6_CACTA002,TSS,Inflow,492
50.0,6_CACTA002,TSS,Inflow,492
27.0,6_CACTA002,TSS,Inflow,492
57.0,6_CACTA002,TSS,Inflow,493
57.0,6_CACTA002,TSS,Inflow,493
85.0,6_CACTA002,TSS,Inflow,493
70.0,6_CACTA002,TSS,Inflow,493
27.0,6_CACTA002,TSS,Inflow,493
100.0,6_CACTA002,TSS,Inflow,494
57.0,6_CACTA002,TSS,Inflow,494
70.0,6_CACTA002,TSS,Inflow,494
50.0,6_CACTA002,TSS,Inflow,494
10.0,6_CACTA002,TSS,Inflow,494
55.0,6_CACTA002,TSS,Inflow,495
163.0,6_CACTA002,TSS,Inflow,495
100.0,6_CACTA002,TSS,Inflow,495
70.0,6_CACTA002,TSS,Inflow,495
50.0,6_CACTA002,TSS,Inflow,495
70.0,6_CACTA002,TSS,Inflow,496
44.0,6_CACTA002,TSS,Inflow,496
55.0,6_CACTA002,TSS,Inflow,496
94.0,6_CACTA002,TSS,Inflow,496
100.0,6_CACTA002,TSS,Inflow,496
57.0,6_CACTA002,TSS,Inflow,497
94.0,6_CACTA002,TSS,Inflow,497
27.0,6_CACTA002,TSS,Inflow,497
70.0,6_CACTA002,TSS,Inflow,497
55.0,6_CACTA002,TSS,Inflow,497
55.0,6_CACTA002,TSS,Inflow,498
57.0,6_CACTA002,TSS,Inflow,498
163.0,6_CACTA002,TSS,Inflow,498
27.0,6_CACTA002,TSS,Inflow,498
31.0,6_CACTA002,TSS,Inflow,498
155.0,6_CACTA002,TSS,Inflow,499
94.0,6_CACTA002,TSS,Inflow,499
39.0,6_CACTA002,TSS,Inflow,499
10.0,6_CACTA002,TSS,Inflow,499
70.0,6_CACTA002,TSS,Inflow,499
163.0,6_CACTA002,TSS,Inflow,500
27.0,6_CACTA002,TSS,Inflow,500
50.0,6_CACTA002,TSS,Inflow,500
100.0,6_CACTA002,TSS,Inflow,500
94.0,6_CACTA002,TSS,Inflow,500
