EMC,Location,Analyte,Flow,Run
70.0,6_CACTA002,TSS,Inflow,1
27.0,6_CACTA002,TSS,Inflow,1
10.0,6_CACTA002,TSS,Inflow,1
163.0,6_CACTA002,TSS,Inflow,1
85.0,6_CACTA002,TSS,Inflow,1
57.0,6_CACTA002,TSS,Inflow,2
70.0,6_CACTA002,TSS,Inflow,2
44.0,6_CACTA002,TSS,Inflow,2
94.0,6_CACTA002,TSS,Inflow,2
85.0,6_CACTA002,TSS,Inflow,2
57.0,6_CACTA002,TSS,Inflow,3
57.0,6_CACTA002,TSS,Inflow,3
70.0,6_CACTA002,TSS,Inflow,3
31.0,6_CACTA002,TSS,Inflow,3
85.0,6_CACTA002,TSS,Inflow,3
94.0,6_CACTA002,TSS,Inflow,4
44.0,6_CACTA002,TSS,Inflow,4
39.0,6_CACTA002,TSS,Inflow,4
57.0,6_CACTA002,TSS,Inflow,4
31.0,6_CACTA002,TSS,Inflow,4
100.0,6_CACTA002,TSS,Inflow,5
39.0,6_CACTA002,TSS,Inflow,5
85.0,6_CACTA002,TSS,Inflow,5
10.0,6_CACTA002,TSS,Inflow,5
55.0,6_CACTA002,TSS,Inflow,5
27.0,6_CACTA002,TSS,Inflow,6
50.0,6_CACTA002,TSS,Inflow,6
44.0,6_CACTA002,TSS,Inflow,6
10.0,6_CACTA002,TSS,Inflow,6
31.0,6_CACTA002,TSS,Inflow,6
85.0,6_CACTA002,TSS,Inflow,7
10.0,6_CACTA002,TSS,Inflow,7
31.0,6_CACTA002,TSS,Inflow,7
39.0,6_CACTA002,TSS,Inflow,7
100.0,6_CACTA002,TSS,Inflow,7
10.0,6_CACTA002,TSS,Inflow,8
50.0,6_CACTA002,TSS,Inflow,8
31.0,6_CACTA002,TSS,Inflow,8
44.0,6_CACTA002,TSS,Inflow,8
55.0,6_CACTA002,TSS,Inflow,8
27.0,6_CACTA002,TSS,Inflow,9
10.0,6_CACTA002,TSS,Inflow,9
85.0,6_CACTA002,TSS,Inflow,9
70.0,6_CACTA002,TSS,Inflow,9
163.0,6_CACTA002,TSS,Inflow,9
94.0,6_CACTA002,TSS,Inflow,10
57.0,6_CACTA002,TSS,Inflow,10
44.0,6_CACTA002,TSS,Inflow,10
57.0,6_CACTA002,TSS,Inflow,10
27.0,6_CACTA002,TSS,Inflow,10
163.0,6_CACTA002,TSS,Inflow,11
57.0,6_CACTA002,TSS,Inflow,11
10.0,6_CACTA002,TSS,Inflow,11
100.0,6_CACTA002,TSS,Inflow,11
57.0,6_CACTA002,TSS,Inflow,11
94.0,6_CACTA002,TSS,Inflow,12
155.0,6_CACTA002,TSS,Inflow,12
57.0,6_CACTA002,TSS,Inflow,12
55.0,6_CACTA002,TSS,Inflow,12
39.0,6_CACTA002,TSS,Inflow,12
163.0,6_CACTA002,TSS,Inflow,13
55.0,6_CACTA002,TSS,Inflow,13
57.0,6_CACTA002,TSS,Inflow,13
155.0,6_CACTA002,TSS,Inflow,13
70.0,6_CACTA002,TSS,Inflow,13
155.0,6_CACTA002,TSS,Inflow,14
163.0,6_CACTA002,TSS,Inflow,14
50.0,6_CACTA002,TSS,Inflow,14
94.0,6_CACTA002,TSS,Inflow,14
100.0,6_CACTA002,TSS,Inflow,14
70.0,6_CACTA002,TSS,Inflow,15
57.0,6_CACTA002,TSS,Inflow,15
50.0,6_CACTA002,TSS,Inflow,15
31.0,6_CACTA002,TSS,Inflow,15
44.0,6_CACTA002,TSS,Inflow,15
57.0,6_CACTA002,TSS,Inflow,16
50.0,6_CACTA002,TSS,Inflow,16
155.0,6_CACTA002,TSS,Inflow,16
163.0,6_CACTA002,TSS,Inflow,16
44.0,6_CACTA002,TSS,Inflow,16
10.0,6_CACTA002,TSS,Inflow,17
27.0,6_CACTA002,TSS,Inflow,17
44.0,6_CACTA002,TSS,Inflow,17
57.0,6_CACTA002,TSS,Inflow,17
163.0,6_CACTA002,TSS,Inflow,17
27.0,6_CACTA002,TSS,Inflow,18
55.0,6_CACTA002,TSS,Inflow,18
44.0,6_CACTA002,TSS,Inflow,18
100.0,6_CACTA002,TSS,Inflow,18
10.0,6_CACTA002,TSS,Inflow,18
31.0,6_CACTA002,TSS,Inflow,19
39.0,6_CACTA002,TSS,Inflow,19
50.0,6_CACTA002,TSS,Inflow,19
70.0,6_CACTA002,TSS,Inflow,19
44.0,6_CACTA002,TSS,Inflow,19
100.0,6_CACTA002,TSS,Inflow,20
10.0,6_CACTA002,TSS,Inflow,20
155.0,6_CACTA002,TSS,Inflow,20
44.0,6_CACTA002,TSS,Inflow,20
57.0,6_CACTA002,TSS,Inflow,20
70.0,6_CACTA002,TSS,Inflow,21
55.0,6_CACTA002,TSS,Inflow,21
44.0,6_CACTA002,TSS,Inflow,21
163.0,6_CACTA002,TSS,Inflow,21
94.0,6_CACTA002,TSS,Inflow,21
31.0,6_CACTA002,TSS,Inflow,22
100.0,6_CACTA002,TSS,Inflow,22
85.0,6_CACTA002,TSS,Inflow,22
94.0,6_CACTA002,TSS,Inflow,22
57.0,6_CACTA002,TSS,Inflow,22
27.0,6_CACTA002,TSS,Inflow,23
100.0,6_CACTA002,TSS,Inflow,23
57.0,6_CACTA002,TSS,Inflow,23
155.0,6_CACTA002,TSS,Inflow,23
10.0,6_CACTA002,TSS,Inflow,23
44.0,6_CACTA002,TSS,Inflow,24
70.0,6_CACTA002,TSS,Inflow,24
163.0,6_CACTA002,TSS,Inflow,24
39.0,6_CACTA002,TSS,Inflow,24
57.0,6_CACTA002,TSS,Inflow,24
55.0,6_CACTA002,TSS,Inflow,25
70.0,6_CACTA002,TSS,Inflow,25
85.0,6_CACTA002,TSS,Inflow,25
44.0,6_CACTA002,TSS,Inflow,25
94.0,6_CACTA002,TSS,Inflow,25
10.0,6_CACTA002,TSS,Inflow,26
27.0,6_CACTA002,TSS,Inflow,26
163.0,6_CACTA002,TSS,Inflow,26
50.0,6_CACTA002,TSS,Inflow,26
44.0,6_CACTA002,TSS,Inflow,26
57.0,6_CACTA002,TSS,Inflow,27
10.0,6_CACTA002,TSS,Inflow,27
55.0,6_CACTA002,TSS,Inflow,27
85.0,6_CACTA002,TSS,Inflow,27
31.0,6_CACTA002,TSS,Inflow,27
50.0,6_CACTA002,TSS,Inflow,28
155.0,6_CACTA002,TSS,Inflow,28
10.0,6_CACTA002,TSS,Inflow,28
163.0,6_CACTA002,TSS,Inflow,28
44.0,6_CACTA002,TSS,Inflow,28
44.0,6_CACTA002,TSS,Inflow,29
100.0,6_CACTA002,TSS,Inflow,29
57.0,6_CACTA002,TSS,Inflow,29
27.0,6_CACTA002,TSS,Inflow,29
50.0,6_CACTA002,TSS,Inflow,29
85.0,6_CACTA002,TSS,Inflow,30
57.0,6_CACTA002,TSS,Inflow,30
163.0,6_CACTA002,TSS,Inflow,30
70.0,6_CACTA002,TSS,Inflow,30
94.0,6_CACTA002,TSS,Inflow,30
55.0,6_CACTA002,TSS,Inflow,31
85.0,6_CACTA002,TSS,Inflow,31
100.0,6_CACTA002,TSS,Inflow,31
31.0,6_CACTA002,TSS,Inflow,31
57.0,6_CACTA002,TSS,Inflow,31
70.0,6_CACTA002,TSS,Inflow,32
31.0,6_CACTA002,TSS,Inflow,32
55.0,6_CACTA002,TSS,Inflow,32
57.0,6_CACTA002,TSS,Inflow,32
163.0,6_CACTA002,TSS,Inflow,32
163.0,6_CACTA002,TSS,Inflow,33
39.0,6_CACTA002,TSS,Inflow,33
27.0,6_CACTA002,TSS,Inflow,33
94.0,6_CACTA002,TSS,Inflow,33
50.0,6_CACTA002,TSS,Inflow,33
57.0,6_CACTA002,TSS,Inflow,34
50.0,6_CACTA002,TSS,Inflow,34
70.0,6_CACTA002,TSS,Inflow,34
163.0,6_CACTA002,TSS,Inflow,34
57.0,6_CACTA002,TSS,Inflow,34
155.0,6_CACTA002,TSS,Inflow,35
70.0,6_CACTA002,TSS,Inflow,35
163.0,6_CACTA002,TSS,Inflow,35
39.0,6_CACTA002,TSS,Inflow,35
85.0,6_CACTA002,TSS,Inflow,35
57.0,6_CACTA002,TSS,Inflow,36
94.0,6_CACTA002,TSS,Inflow,36
70.0,6_CACTA002,TSS,Inflow,36
39.0,6_CACTA002,TSS,Inflow,36
50.0,6_CACTA002,TSS,Inflow,36
55.0,6_CACTA002,TSS,Inflow,37
27.0,6_CACTA002,TSS,Inflow,37
155.0,6_CACTA002,TSS,Inflow,37
39.0,6_CACTA002,TSS,Inflow,37
50.0,6_CACTA002,TSS,Inflow,37
85.0,6_CACTA002,TSS,Inflow,38
155.0,6_CACTA002,TSS,Inflow,38
10.0,6_CACTA002,TSS,Inflow,38
100.0,6_CACTA002,TSS,Inflow,38
163.0,6_CACTA002,TSS,Inflow,38
100.0,6_CACTA002,TSS,Inflow,39
57.0,6_CACTA002,TSS,Inflow,39
31.0,6_CACTA002,TSS,Inflow,39
39.0,6_CACTA002,TSS,Inflow,39
163.0,6_CACTA002,TSS,Inflow,39
50.0,6_CACTA002,TSS,Inflow,40
57.0,6_CACTA002,TSS,Inflow,40
57.0,6_CACTA002,TSS,Inflow,40
27.0,6_CACTA002,TSS,Inflow,40
31.0,6_CACTA002,TSS,Inflow,40
57.0,6_CACTA002,TSS,Inflow,41
31.0,6_CACTA002,TSS,Inflow,41
100.0,6_CACTA002,TSS,Inflow,41
27.0,6_CACTA002,TSS,Inflow,41
94.0,6_CACTA002,TSS,Inflow,41
155.0,6_CACTA002,TSS,Inflow,42
50.0,6_CACTA002,TSS,Inflow,42
94.0,6_CACTA002,TSS,Inflow,42
55.0,6_CACTA002,TSS,Inflow,42
57.0,6_CACTA002,TSS,Inflow,42
70.0,6_CACTA002,TSS,Inflow,43
155.0,6_CACTA002,TSS,Inflow,43
57.0,6_CACTA002,TSS,Inflow,43
44.0,6_CACTA002,TSS,Inflow,43
94.0,6_CACTA002,TSS,Inflow,43
10.0,6_CACTA002,TSS,Inflow,44
44.0,6_CACTA002,TSS,Inflow,44
31.0,6_CACTA002,TSS,Inflow,44
50.0,6_CACTA002,TSS,Inflow,44
94.0,6_CACTA002,TSS,Inflow,44
57.0,6_CACTA002,TSS,Inflow,45
94.0,6_CACTA002,TSS,Inflow,45
155.0,6_CACTA002,TSS,Inflow,45
55.0,6_CACTA002,TSS,Inflow,45
163.0,6_CACTA002,TSS,Inflow,45
100.0,6_CACTA002,TSS,Inflow,46
39.0,6_CACTA002,TSS,Inflow,46
94.0,6_CACTA002,TSS,Inflow,46
31.0,6_CACTA002,TSS,Inflow,46
27.0,6_CACTA002,TSS,Inflow,46
85.0,6_CACTA002,TSS,Inflow,47
39.0,6_CACTA002,TSS,Inflow,47
57.0,6_CACTA002,TSS,Inflow,47
163.0,6_CACTA002,TSS,Inflow,47
55.0,6_CACTA002,TSS,Inflow,47
39.0,6_CACTA002,TSS,Inflow,48
31.0,6_CACTA002,TSS,Inflow,48
94.0,6_CACTA002,TSS,Inflow,48
57.0,6_CACTA002,TSS,Inflow,48
50.0,6_CACTA002,TSS,Inflow,48
85.0,6_CACTA002,TSS,Inflow,49
50.0,6_CACTA002,TSS,Inflow,49
155.0,6_CACTA002,TSS,Inflow,49
10.0,6_CACTA002,TSS,Inflow,49
31.0,6_CACTA002,TSS,Inflow,49
55.0,6_CACTA002,TSS,Inflow,50
70.0,6_CACTA002,TSS,Inflow,50
27.0,6_CACTA002,TSS,Inflow,50
50.0,6_CACTA002,TSS,Inflow,50
85.0,6_CACTA002,TSS,Inflow,50
27.0,6_CACTA002,TSS,Inflow,51
44.0,6_CACTA002,TSS,Inflow,51
100.0,6_CACTA002,TSS,Inflow,51
85.0,6_CACTA002,TSS,Inflow,51
55.0,6_CACTA002,TSS,Inflow,51
155.0,6_CACTA002,TSS,Inflow,52
85.0,6_CACTA002,TSS,Inflow,52
57.0,6_CACTA002,TSS,Inflow,52
163.0,6_CACTA002,TSS,Inflow,52
27.0,6_CACTA002,TSS,Inflow,52
27.0,6_CACTA002,TSS,Inflow,53
39.0,6_CACTA002,TSS,Inflow,53
57.0,6_CACTA002,TSS,Inflow,53
155.0,6_CACTA002,TSS,Inflow,53
57.0,6_CACTA002,TSS,Inflow,53
155.0,6_CACTA002,TSS,Inflow,54
100.0,6_CACTA002,TSS,Inflow,54
39.0,6_CACTA002,TSS,Inflow,54
85.0,6_CACTA002,TSS,Inflow,54
10.0,6_CACTA002,TSS,Inflow,54
27.0,6_CACTA002,TSS,Inflow,55
55.0,6_CACTA002,TSS,Inflow,55
50.0,6_CACTA002,TSS,Inflow,55
44.0,6_CACTA002,TSS,Inflow,55
94.0,6_CACTA002,TSS,Inflow,55
27.0,6_CACTA002,TSS,Inflow,56
163.0,6_CACTA002,TSS,Inflow,56
94.0,6_CACTA002,TSS,Inflow,56
155.0,6_CACTA002,TSS,Inflow,56
39.0,6_CACTA002,TSS,Inflow,56
163.0,6_CACTA002,TSS,Inflow,57
55.0,6_CACTA002,TSS,Inflow,57
155.0,6_CACTA002,TSS,Inflow,57
44.0,6_CACTA002,TSS,Inflow,57
57.0,6_CACTA002,TSS,Inflow,57
155.0,6_CACTA002,TSS,Inflow,58
50.0,6_CACTA002,TSS,Inflow,58
163.0,6_CACTA002,TSS,Inflow,58
57.0,6_CACTA002,TSS,Inflow,58
10.0,6_CACTA002,TSS,Inflow,58
94.0,6_CACTA002,TSS,Inflow,59
39.0,6_CACTA002,TSS,Inflow,59
10.0,6_CACTA002,TSS,Inflow,59
27.0,6_CACTA002,TSS,Inflow,59
50.0,6_CACTA002,TSS,Inflow,59
10.0,6_CACTA002,TSS,Inflow,60
70.0,6_CACTA002,TSS,Inflow,60
31.0,6_CACTA002,TSS,Inflow,60
57.0,6_CACTA002,TSS,Inflow,60
57.0,6_CACTA002,TSS,Inflow,60
44.0,6_CACTA002,TSS,Inflow,61
85.0,6_CACTA002,TSS,Inflow,61
55.0,6_CACTA002,TSS,Inflow,61
39.0,6_CACTA002,TSS,Inflow,61
163.0,6_CACTA002,TSS,Inflow,61
85.0,6_CACTA002,TSS,Inflow,62
100.0,6_CACTA002,TSS,Inflow,62
155.0,6_CACTA002,TSS,Inflow,62
10.0,6_CACTA002,TSS,Inflow,62
70.0,6_CACTA002,TSS,Inflow,62
155.0,6_CACTA002,TSS,Inflow,63
57.0,6_CACTA002,TSS,Inflow,63
163.0,6_CACTA002,TSS,Inflow,63
85.0,6_CACTA002,TSS,Inflow,63
10.0,6_CACTA002,TSS,Inflow,63
94.0,6_CACTA002,TSS,Inflow,64
44.0,6_CACTA002,TSS,Inflow,64
27.0,6_CACTA002,TSS,Inflow,64
39.0,6_CACTA002,TSS,Inflow,64
55.0,6_CACTA002,TSS,Inflow,64
94.0,6_CACTA002,TSS,Inflow,65
50.0,6_CACTA002,TSS,Inflow,65
39.0,6_CACTA002,TSS,Inflow,65
85.0,6_CACTA002,TSS,Inflow,65
31.0,6_CACTA002,TSS,Inflow,65
155.0,6_CACTA002,TSS,Inflow,66
100.0,6_CACTA002,TSS,Inflow,66
31.0,6_CACTA002,TSS,Inflow,66
94.0,6_CACTA002,TSS,Inflow,66
44.0,6_CACTA002,TSS,Inflow,66
85.0,6_CACTA002,TSS,Inflow,67
163.0,6_CACTA002,TSS,Inflow,67
57.0,6_CACTA002,TSS,Inflow,67
50.0,6_CACTA002,TSS,Inflow,67
55.0,6_CACTA002,TSS,Inflow,67
39.0,6_CACTA002,TSS,Inflow,68
163.0,6_CACTA002,TSS,Inflow,68
44.0,6_CACTA002,TSS,Inflow,68
50.0,6_CACTA002,TSS,Inflow,68
10.0,6_CACTA002,TSS,Inflow,68
163.0,6_CACTA002,TSS,Inflow,69
55.0,6_CACTA002,TSS,Inflow,69
57.0,6_CACTA002,TSS,Inflow,69
44.0,6_CACTA002,TSS,Inflow,69
39.0,6_CACTA002,TSS,Inflow,69
39.0,6_CACTA002,TSS,Inflow,70
50.0,6_CACTA002,TSS,Inflow,70
10.0,6_CACTA002,TSS,Inflow,70
155.0,6_CACTA002,TSS,Inflow,70
163.0,6_CACTA002,TSS,Inflow,70
85.0,6_CACTA002,TSS,Inflow,71
100.0,6_CACTA002,TSS,Inflow,71
44.0,6_CACTA002,TSS,Inflow,71
163.0,6_CACTA002,TSS,Inflow,71
94.0,6_CACTA002,TSS,Inflow,71
94.0,6_CACTA002,TSS,Inflow,72
57.0,6_CACTA002,TSS,Inflow,72
70.0,6_CACTA002,TSS,Inflow,72
57.0,6_CACTA002,TSS,Inflow,72
85.0,6_CACTA002,TSS,Inflow,72
50.0,6_CACTA002,TSS,Inflow,73
94.0,6_CACTA002,TSS,Inflow,73
57.0,6_CACTA002,TSS,Inflow,73
70.0,6_CACTA002,TSS,Inflow,73
39.0,6_CACTA002,TSS,Inflow,73
31.0,6_CACTA002,TSS,Inflow,74
10.0,6_CACTA002,TSS,Inflow,74
100.0,6_CACTA002,TSS,Inflow,74
85.0,6_CACTA002,TSS,Inflow,74
39.0,6_CACTA002,TSS,Inflow,74
100.0,6_CACTA002,TSS,Inflow,75
27.0,6_CACTA002,TSS,Inflow,75
44.0,6_CACTA002,TSS,Inflow,75
39.0,6_CACTA002,TSS,Inflow,75
31.0,6_CACTA002,TSS,Inflow,75
85.0,6_CACTA002,TSS,Inflow,76
155.0,6_CACTA002,TSS,Inflow,76
50.0,6_CACTA002,TSS,Inflow,76
100.0,6_CACTA002,TSS,Inflow,76
163.0,6_CACTA002,TSS,Inflow,76
10.0,6_CACTA002,TSS,Inflow,77
55.0,6_CACTA002,TSS,Inflow,77
85.0,6_CACTA002,TSS,Inflow,77
50.0,6_CACTA002,TSS,Inflow,77
39.0,6_CACTA002,TSS,Inflow,77
100.0,6_CACTA002,TSS,Inflow,78
57.0,6_CACTA002,TSS,Inflow,78
50.0,6_CACTA002,TSS,Inflow,78
44.0,6_CACTA002,TSS,Inflow,78
163.0,6_CACTA002,TSS,Inflow,78
94.0,6_CACTA002,TSS,Inflow,79
39.0,6_CACTA002,TSS,Inflow,79
55.0,6_CACTA002,TSS,Inflow,79
57.0,6_CACTA002,TSS,Inflow,79
31.0,6_CACTA002,TSS,Inflow,79
100.0,6_CACTA002,TSS,Inflow,80
57.0,6_CACTA002,TSS,Inflow,80
85.0,6_CACTA002,TSS,Inflow,80
31.0,6_CACTA002,TSS,Inflow,80
70.0,6_CACTA002,TSS,Inflow,80
57.0,6_CACTA002,TSS,Inflow,81
94.0,6_CACTA002,TSS,Inflow,81
10.0,6_CACTA002,TSS,Inflow,81
50.0,6_CACTA002,TSS,Inflow,81
85.0,6_CACTA002,TSS,Inflow,81
57.0,6_CACTA002,TSS,Inflow,82
55.0,6_CACTA002,TSS,Inflow,82
94.0,6_CACTA002,TSS,Inflow,82
39.0,6_CACTA002,TSS,Inflow,82
85.0,6_CACTA002,TSS,Inflow,82
57.0,6_CACTA002,TSS,Inflow,83
27.0,6_CACTA002,TSS,Inflow,83
85.0,6_CACTA002,TSS,Inflow,83
44.0,6_CACTA002,TSS,Inflow,83
163.0,6_CACTA002,TSS,Inflow,83
57.0,6_CACTA002,TSS,Inflow,84
27.0,6_CACTA002,TSS,Inflow,84
55.0,6_CACTA002,TSS,Inflow,84
94.0,6_CACTA002,TSS,Inflow,84
70.0,6_CACTA002,TSS,Inflow,84
155.0,6_CACTA002,TSS,Inflow,85
10.0,6_CACTA002,TSS,Inflow,85
163.0,6_CACTA002,TSS,Inflow,85
85.0,6_CACTA002,TSS,Inflow,85
70.0,6_CACTA002,TSS,Inflow,85
57.0,6_CACTA002,TSS,Inflow,86
100.0,6_CACTA002,TSS,Inflow,86
44.0,6_CACTA002,TSS,Inflow,86
70.0,6_CACTA002,TSS,Inflow,86
10.0,6_CACTA002,TSS,Inflow,86
57.0,6_CACTA002,TSS,Inflow,87
94.0,6_CACTA002,TSS,Inflow,87
55.0,6_CACTA002,TSS,Inflow,87
85.0,6_CACTA002,TSS,Inflow,87
155.0,6_CACTA002,TSS,Inflow,87
50.0,6_CACTA002,TSS,Inflow,88
100.0,6_CACTA002,TSS,Inflow,88
44.0,6_CACTA002,TSS,Inflow,88
55.0,6_CACTA002,TSS,Inflow,88
70.0,6_CACTA002,TSS,Inflow,88
57.0,6_CACTA002,TSS,Inflow,89
163.0,6_CACTA002,TSS,Inflow,89
44.0,6_CACTA002,TSS,Inflow,89
100.0,6_CACTA002,TSS,Inflow,89
10.0,6_CACTA002,TSS,Inflow,89
57.0,6_CACTA002,TSS,Inflow,90
31.0,6_CACTA002,TSS,Inflow,90
50.0,6_CACTA002,TSS,Inflow,90
10.0,6_CACTA002,TSS,Inflow,90
44.0,6_CACTA002,TSS,Inflow,90
50.0,6_CACTA002,TSS,Inflow,91
85.0,6_CACTA002,TSS,Inflow,91
57.0,6_CACTA002,TSS,Inflow,91
31.0,6_CACTA002,TSS,Inflow,91
94.0,6_CACTA002,TSS,Inflow,91
94.0,6_CACTA002,TSS,Inflow,92
70.0,6_CACTA002,TSS,Inflow,92
39.0,6_CACTA002,TSS,Inflow,92
163.0,6_CACTA002,TSS,Inflow,92
55.0,6_CACTA002,TSS,Inflow,92
155.0,6_CACTA002,TSS,Inflow,93
70.0,6_CACTA002,TSS,Inflow,93
94.0,6_CACTA002,TSS,Inflow,93
57.0,6_CACTA002,TSS,Inflow,93
85.0,6_CACTA002,TSS,Inflow,93
57.0,6_CACTA002,TSS,Inflow,94
55.0,6_CACTA002,TSS,Inflow,94
27.0,6_CACTA002,TSS,Inflow,94
50.0,6_CACTA002,TSS,Inflow,94
44.0,6_CACTA002,TSS,Inflow,94
94.0,6_CACTA002,TSS,Inflow,95
85.0,6_CACTA002,TSS,Inflow,95
31.0,6_CACTA002,TSS,Inflow,95
50.0,6_CACTA002,TSS,Inflow,95
10.0,6_CACTA002,TSS,Inflow,95
10.0,6_CACTA002,TSS,Inflow,96
39.0,6_CACTA002,TSS,Inflow,96
155.0,6_CACTA002,TSS,Inflow,96
100.0,6_CACTA002,TSS,Inflow,96
70.0,6_CACTA002,TSS,Inflow,96
70.0,6_CACTA002,TSS,Inflow,97
155.0,6_CACTA002,TSS,Inflow,97
39.0,6_CACTA002,TSS,Inflow,97
44.0,6_CACTA002,TSS,Inflow,97
163.0,6_CACTA002,TSS,Inflow,97
57.0,6_CACTA002,TSS,Inflow,98
94.0,6_CACTA002,TSS,Inflow,98
85.0,6_CACTA002,TSS,Inflow,98
50.0,6_CACTA002,TSS,Inflow,98
163.0,6_CACTA002,TSS,Inflow,98
57.0,6_CACTA002,TSS,Inflow,99
94.0,6_CACTA002,TSS,Inflow,99
70.0,6_CACTA002,TSS,Inflow,99
55.0,6_CACTA002,TSS,Inflow,99
50.0,6_CACTA002,TSS,Inflow,99
44.0,6_CACTA002,TSS,Inflow,100
57.0,6_CACTA002,TSS,Inflow,100
50.0,6_CACTA002,TSS,Inflow,100
70.0,6_CACTA002,TSS,Inflow,100
27.0,6_CACTA002,TSS,Inflow,100
50.0,6_CACTA002,TSS,Inflow,101
94.0,6_CACTA002,TSS,Inflow,101
31.0,6_CACTA002,TSS,Inflow,101
85.0,6_CACTA002,TSS,Inflow,101
44.0,6_CACTA002,TSS,Inflow,101
100.0,6_CACTA002,TSS,Inflow,102
39.0,6_CACTA002,TSS,Inflow,102
57.0,6_CACTA002,TSS,Inflow,102
50.0,6_CACTA002,TSS,Inflow,102
55.0,6_CACTA002,TSS,Inflow,102
57.0,6_CACTA002,TSS,Inflow,103
57.0,6_CACTA002,TSS,Inflow,103
100.0,6_CACTA002,TSS,Inflow,103
94.0,6_CACTA002,TSS,Inflow,103
163.0,6_CACTA002,TSS,Inflow,103
163.0,6_CACTA002,TSS,Inflow,104
94.0,6_CACTA002,TSS,Inflow,104
100.0,6_CACTA002,TSS,Inflow,104
70.0,6_CACTA002,TSS,Inflow,104
50.0,6_CACTA002,TSS,Inflow,104
50.0,6_CACTA002,TSS,Inflow,105
94.0,6_CACTA002,TSS,Inflow,105
39.0,6_CACTA002,TSS,Inflow,105
44.0,6_CACTA002,TSS,Inflow,105
85.0,6_CACTA002,TSS,Inflow,105
155.0,6_CACTA002,TSS,Inflow,106
27.0,6_CACTA002,TSS,Inflow,106
163.0,6_CACTA002,TSS,Inflow,106
44.0,6_CACTA002,TSS,Inflow,106
50.0,6_CACTA002,TSS,Inflow,106
44.0,6_CACTA002,TSS,Inflow,107
31.0,6_CACTA002,TSS,Inflow,107
10.0,6_CACTA002,TSS,Inflow,107
100.0,6_CACTA002,TSS,Inflow,107
163.0,6_CACTA002,TSS,Inflow,107
155.0,6_CACTA002,TSS,Inflow,108
39.0,6_CACTA002,TSS,Inflow,108
100.0,6_CACTA002,TSS,Inflow,108
94.0,6_CACTA002,TSS,Inflow,108
85.0,6_CACTA002,TSS,Inflow,108
50.0,6_CACTA002,TSS,Inflow,109
57.0,6_CACTA002,TSS,Inflow,109
44.0,6_CACTA002,TSS,Inflow,109
39.0,6_CACTA002,TSS,Inflow,109
27.0,6_CACTA002,TSS,Inflow,109
31.0,6_CACTA002,TSS,Inflow,110
155.0,6_CACTA002,TSS,Inflow,110
163.0,6_CACTA002,TSS,Inflow,110
94.0,6_CACTA002,TSS,Inflow,110
44.0,6_CACTA002,TSS,Inflow,110
57.0,6_CACTA002,TSS,Inflow,111
94.0,6_CACTA002,TSS,Inflow,111
163.0,6_CACTA002,TSS,Inflow,111
55.0,6_CACTA002,TSS,Inflow,111
155.0,6_CACTA002,TSS,Inflow,111
57.0,6_CACTA002,TSS,Inflow,112
31.0,6_CACTA002,TSS,Inflow,112
50.0,6_CACTA002,TSS,Inflow,112
39.0,6_CACTA002,TSS,Inflow,112
55.0,6_CACTA002,TSS,Inflow,112
85.0,6_CACTA002,TSS,Inflow,113
50.0,6_CACTA002,TSS,Inflow,113
155.0,6_CACTA002,TSS,Inflow,113
70.0,6_CACTA002,TSS,Inflow,113
31.0,6_CACTA002,TSS,Inflow,113
55.0,6_CACTA002,TSS,Inflow,114
31.0,6_CACTA002,TSS,Inflow,114
100.0,6_CACTA002,TSS,Inflow,114
50.0,6_CACTA002,TSS,Inflow,114
70.0,6_CACTA002,TSS,Inflow,114
10.0,6_CACTA002,TSS,Inflow,115
55.0,6_CACTA002,TSS,Inflow,115
57.0,6_CACTA002,TSS,Inflow,115
163.0,6_CACTA002,TSS,Inflow,115
155.0,6_CACTA002,TSS,Inflow,115
10.0,6_CACTA002,TSS,Inflow,116
155.0,6_CACTA002,TSS,Inflow,116
27.0,6_CACTA002,TSS,Inflow,116
57.0,6_CACTA002,TSS,Inflow,116
163.0,6_CACTA002,TSS,Inflow,116
163.0,6_CACTA002,TSS,Inflow,117
57.0,6_CACTA002,TSS,Inflow,117
50.0,6_CACTA002,TSS,Inflow,117
10.0,6_CACTA002,TSS,Inflow,117
27.0,6_CACTA002,TSS,Inflow,117
57.0,6_CACTA002,TSS,Inflow,118
155.0,6_CACTA002,TSS,Inflow,118
70.0,6_CACTA002,TSS,Inflow,118
57.0,6_CACTA002,TSS,Inflow,118
85.0,6_CACTA002,TSS,Inflow,118
31.0,6_CACTA002,TSS,Inflow,119
44.0,6_CACTA002,TSS,Inflow,119
94.0,6_CACTA002,TSS,Inflow,119
70.0,6_CACTA002,TSS,Inflow,119
39.0,6_CACTA002,TSS,Inflow,119
85.0,6_CACTA002,TSS,Inflow,120
57.0,6_CACTA002,TSS,Inflow,120
55.0,6_CACTA002,TSS,Inflow,120
10.0,6_CACTA002,TSS,Inflow,120
100.0,6_CACTA002,TSS,Inflow,120
10.0,6_CACTA002,TSS,Inflow,121
100.0,6_CACTA002,TSS,Inflow,121
50.0,6_CACTA002,TSS,Inflow,121
85.0,6_CACTA002,TSS,Inflow,121
44.0,6_CACTA002,TSS,Inflow,121
10.0,6_CACTA002,TSS,Inflow,122
39.0,6_CACTA002,TSS,Inflow,122
57.0,6_CACTA002,TSS,Inflow,122
50.0,6_CACTA002,TSS,Inflow,122
163.0,6_CACTA002,TSS,Inflow,122
94.0,6_CACTA002,TSS,Inflow,123
50.0,6_CACTA002,TSS,Inflow,123
10.0,6_CACTA002,TSS,Inflow,123
70.0,6_CACTA002,TSS,Inflow,123
57.0,6_CACTA002,TSS,Inflow,123
31.0,6_CACTA002,TSS,Inflow,124
55.0,6_CACTA002,TSS,Inflow,124
94.0,6_CACTA002,TSS,Inflow,124
10.0,6_CACTA002,TSS,Inflow,124
57.0,6_CACTA002,TSS,Inflow,124
55.0,6_CACTA002,TSS,Inflow,125
163.0,6_CACTA002,TSS,Inflow,125
50.0,6_CACTA002,TSS,Inflow,125
44.0,6_CACTA002,TSS,Inflow,125
155.0,6_CACTA002,TSS,Inflow,125
39.0,6_CACTA002,TSS,Inflow,126
50.0,6_CACTA002,TSS,Inflow,126
163.0,6_CACTA002,TSS,Inflow,126
44.0,6_CACTA002,TSS,Inflow,126
100.0,6_CACTA002,TSS,Inflow,126
57.0,6_CACTA002,TSS,Inflow,127
55.0,6_CACTA002,TSS,Inflow,127
27.0,6_CACTA002,TSS,Inflow,127
57.0,6_CACTA002,TSS,Inflow,127
44.0,6_CACTA002,TSS,Inflow,127
31.0,6_CACTA002,TSS,Inflow,128
155.0,6_CACTA002,TSS,Inflow,128
44.0,6_CACTA002,TSS,Inflow,128
50.0,6_CACTA002,TSS,Inflow,128
55.0,6_CACTA002,TSS,Inflow,128
155.0,6_CACTA002,TSS,Inflow,129
44.0,6_CACTA002,TSS,Inflow,129
39.0,6_CACTA002,TSS,Inflow,129
163.0,6_CACTA002,TSS,Inflow,129
27.0,6_CACTA002,TSS,Inflow,129
70.0,6_CACTA002,TSS,Inflow,130
31.0,6_CACTA002,TSS,Inflow,130
57.0,6_CACTA002,TSS,Inflow,130
100.0,6_CACTA002,TSS,Inflow,130
163.0,6_CACTA002,TSS,Inflow,130
27.0,6_CACTA002,TSS,Inflow,131
85.0,6_CACTA002,TSS,Inflow,131
94.0,6_CACTA002,TSS,Inflow,131
39.0,6_CACTA002,TSS,Inflow,131
10.0,6_CACTA002,TSS,Inflow,131
50.0,6_CACTA002,TSS,Inflow,132
100.0,6_CACTA002,TSS,Inflow,132
163.0,6_CACTA002,TSS,Inflow,132
55.0,6_CACTA002,TSS,Inflow,132
57.0,6_CACTA002,TSS,Inflow,132
44.0,6_CACTA002,TSS,Inflow,133
57.0,6_CACTA002,TSS,Inflow,133
55.0,6_CACTA002,TSS,Inflow,133
100.0,6_CACTA002,TSS,Inflow,133
70.0,6_CACTA002,TSS,Inflow,133
155.0,6_CACTA002,TSS,Inflow,134
44.0,6_CACTA002,TSS,Inflow,134
31.0,6_CACTA002,TSS,Inflow,134
50.0,6_CACTA002,TSS,Inflow,134
10.0,6_CACTA002,TSS,Inflow,134
94.0,6_CACTA002,TSS,Inflow,135
163.0,6_CACTA002,TSS,Inflow,135
27.0,6_CACTA002,TSS,Inflow,135
39.0,6_CACTA002,TSS,Inflow,135
57.0,6_CACTA002,TSS,Inflow,135
70.0,6_CACTA002,TSS,Inflow,136
163.0,6_CACTA002,TSS,Inflow,136
44.0,6_CACTA002,TSS,Inflow,136
10.0,6_CACTA002,TSS,Inflow,136
55.0,6_CACTA002,TSS,Inflow,136
163.0,6_CACTA002,TSS,Inflow,137
44.0,6_CACTA002,TSS,Inflow,137
70.0,6_CACTA002,TSS,Inflow,137
55.0,6_CACTA002,TSS,Inflow,137
100.0,6_CACTA002,TSS,Inflow,137
94.0,6_CACTA002,TSS,Inflow,138
70.0,6_CACTA002,TSS,Inflow,138
155.0,6_CACTA002,TSS,Inflow,138
57.0,6_CACTA002,TSS,Inflow,138
163.0,6_CACTA002,TSS,Inflow,138
31.0,6_CACTA002,TSS,Inflow,139
55.0,6_CACTA002,TSS,Inflow,139
50.0,6_CACTA002,TSS,Inflow,139
155.0,6_CACTA002,TSS,Inflow,139
94.0,6_CACTA002,TSS,Inflow,139
10.0,6_CACTA002,TSS,Inflow,140
70.0,6_CACTA002,TSS,Inflow,140
55.0,6_CACTA002,TSS,Inflow,140
39.0,6_CACTA002,TSS,Inflow,140
50.0,6_CACTA002,TSS,Inflow,140
44.0,6_CACTA002,TSS,Inflow,141
163.0,6_CACTA002,TSS,Inflow,141
27.0,6_CACTA002,TSS,Inflow,141
57.0,6_CACTA002,TSS,Inflow,141
100.0,6_CACTA002,TSS,Inflow,141
85.0,6_CACTA002,TSS,Inflow,142
57.0,6_CACTA002,TSS,Inflow,142
39.0,6_CACTA002,TSS,Inflow,142
44.0,6_CACTA002,TSS,Inflow,142
155.0,6_CACTA002,TSS,Inflow,142
55.0,6_CACTA002,TSS,Inflow,143
85.0,6_CACTA002,TSS,Inflow,143
70.0,6_CACTA002,TSS,Inflow,143
10.0,6_CACTA002,TSS,Inflow,143
57.0,6_CACTA002,TSS,Inflow,143
55.0,6_CACTA002,TSS,Inflow,144
50.0,6_CACTA002,TSS,Inflow,144
163.0,6_CACTA002,TSS,Inflow,144
31.0,6_CACTA002,TSS,Inflow,144
57.0,6_CACTA002,TSS,Inflow,144
85.0,6_CACTA002,TSS,Inflow,145
94.0,6_CACTA002,TSS,Inflow,145
31.0,6_CACTA002,TSS,Inflow,145
50.0,6_CACTA002,TSS,Inflow,145
10.0,6_CACTA002,TSS,Inflow,145
39.0,6_CACTA002,TSS,Inflow,146
85.0,6_CACTA002,TSS,Inflow,146
57.0,6_CACTA002,TSS,Inflow,146
155.0,6_CACTA002,TSS,Inflow,146
94.0,6_CACTA002,TSS,Inflow,146
70.0,6_CACTA002,TSS,Inflow,147
44.0,6_CACTA002,TSS,Inflow,147
39.0,6_CACTA002,TSS,Inflow,147
31.0,6_CACTA002,TSS,Inflow,147
55.0,6_CACTA002,TSS,Inflow,147
55.0,6_CACTA002,TSS,Inflow,148
57.0,6_CACTA002,TSS,Inflow,148
39.0,6_CACTA002,TSS,Inflow,148
44.0,6_CACTA002,TSS,Inflow,148
100.0,6_CACTA002,TSS,Inflow,148
27.0,6_CACTA002,TSS,Inflow,149
70.0,6_CACTA002,TSS,Inflow,149
31.0,6_CACTA002,TSS,Inflow,149
163.0,6_CACTA002,TSS,Inflow,149
100.0,6_CACTA002,TSS,Inflow,149
57.0,6_CACTA002,TSS,Inflow,150
94.0,6_CACTA002,TSS,Inflow,150
100.0,6_CACTA002,TSS,Inflow,150
163.0,6_CACTA002,TSS,Inflow,150
85.0,6_CACTA002,TSS,Inflow,150
94.0,6_CACTA002,TSS,Inflow,151
85.0,6_CACTA002,TSS,Inflow,151
55.0,6_CACTA002,TSS,Inflow,151
57.0,6_CACTA002,TSS,Inflow,151
155.0,6_CACTA002,TSS,Inflow,151
85.0,6_CACTA002,TSS,Inflow,152
155.0,6_CACTA002,TSS,Inflow,152
31.0,6_CACTA002,TSS,Inflow,152
44.0,6_CACTA002,TSS,Inflow,152
163.0,6_CACTA002,TSS,Inflow,152
100.0,6_CACTA002,TSS,Inflow,153
50.0,6_CACTA002,TSS,Inflow,153
44.0,6_CACTA002,TSS,Inflow,153
70.0,6_CACTA002,TSS,Inflow,153
10.0,6_CACTA002,TSS,Inflow,153
70.0,6_CACTA002,TSS,Inflow,154
55.0,6_CACTA002,TSS,Inflow,154
50.0,6_CACTA002,TSS,Inflow,154
155.0,6_CACTA002,TSS,Inflow,154
39.0,6_CACTA002,TSS,Inflow,154
100.0,6_CACTA002,TSS,Inflow,155
10.0,6_CACTA002,TSS,Inflow,155
55.0,6_CACTA002,TSS,Inflow,155
39.0,6_CACTA002,TSS,Inflow,155
44.0,6_CACTA002,TSS,Inflow,155
155.0,6_CACTA002,TSS,Inflow,156
70.0,6_CACTA002,TSS,Inflow,156
55.0,6_CACTA002,TSS,Inflow,156
57.0,6_CACTA002,TSS,Inflow,156
39.0,6_CACTA002,TSS,Inflow,156
55.0,6_CACTA002,TSS,Inflow,157
39.0,6_CACTA002,TSS,Inflow,157
163.0,6_CACTA002,TSS,Inflow,157
31.0,6_CACTA002,TSS,Inflow,157
85.0,6_CACTA002,TSS,Inflow,157
27.0,6_CACTA002,TSS,Inflow,158
94.0,6_CACTA002,TSS,Inflow,158
155.0,6_CACTA002,TSS,Inflow,158
31.0,6_CACTA002,TSS,Inflow,158
10.0,6_CACTA002,TSS,Inflow,158
94.0,6_CACTA002,TSS,Inflow,159
155.0,6_CACTA002,TSS,Inflow,159
50.0,6_CACTA002,TSS,Inflow,159
44.0,6_CACTA002,TSS,Inflow,159
27.0,6_CACTA002,TSS,Inflow,159
10.0,6_CACTA002,TSS,Inflow,160
57.0,6_CACTA002,TSS,Inflow,160
57.0,6_CACTA002,TSS,Inflow,160
39.0,6_CACTA002,TSS,Inflow,160
100.0,6_CACTA002,TSS,Inflow,160
10.0,6_CACTA002,TSS,Inflow,161
94.0,6_CACTA002,TSS,Inflow,161
50.0,6_CACTA002,TSS,Inflow,161
155.0,6_CACTA002,TSS,Inflow,161
31.0,6_CACTA002,TSS,Inflow,161
27.0,6_CACTA002,TSS,Inflow,162
39.0,6_CACTA002,TSS,Inflow,162
57.0,6_CACTA002,TSS,Inflow,162
100.0,6_CACTA002,TSS,Inflow,162
70.0,6_CACTA002,TSS,Inflow,162
57.0,6_CACTA002,TSS,Inflow,163
85.0,6_CACTA002,TSS,Inflow,163
10.0,6_CACTA002,TSS,Inflow,163
70.0,6_CACTA002,TSS,Inflow,163
155.0,6_CACTA002,TSS,Inflow,163
57.0,6_CACTA002,TSS,Inflow,164
27.0,6_CACTA002,TSS,Inflow,164
163.0,6_CACTA002,TSS,Inflow,164
39.0,6_CACTA002,TSS,Inflow,164
57.0,6_CACTA002,TSS,Inflow,164
27.0,6_CACTA002,TSS,Inflow,165
100.0,6_CACTA002,TSS,Inflow,165
70.0,6_CACTA002,TSS,Inflow,165
57.0,6_CACTA002,TSS,Inflow,165
50.0,6_CACTA002,TSS,Inflow,165
163.0,6_CACTA002,TSS,Inflow,166
31.0,6_CACTA002,TSS,Inflow,166
57.0,6_CACTA002,TSS,Inflow,166
55.0,6_CACTA002,TSS,Inflow,166
94.0,6_CACTA002,TSS,Inflow,166
27.0,6_CACTA002,TSS,Inflow,167
163.0,6_CACTA002,TSS,Inflow,167
100.0,6_CACTA002,TSS,Inflow,167
70.0,6_CACTA002,TSS,Inflow,167
31.0,6_CACTA002,TSS,Inflow,167
70.0,6_CACTA002,TSS,Inflow,168
27.0,6_CACTA002,TSS,Inflow,168
85.0,6_CACTA002,TSS,Inflow,168
155.0,6_CACTA002,TSS,Inflow,168
94.0,6_CACTA002,TSS,Inflow,168
155.0,6_CACTA002,TSS,Inflow,169
39.0,6_CACTA002,TSS,Inflow,169
94.0,6_CACTA002,TSS,Inflow,169
10.0,6_CACTA002,TSS,Inflow,169
31.0,6_CACTA002,TSS,Inflow,169
163.0,6_CACTA002,TSS,Inflow,170
55.0,6_CACTA002,TSS,Inflow,170
27.0,6_CACTA002,TSS,Inflow,170
155.0,6_CACTA002,TSS,Inflow,170
85.0,6_CACTA002,TSS,Inflow,170
44.0,6_CACTA002,TSS,Inflow,171
70.0,6_CACTA002,TSS,Inflow,171
57.0,6_CACTA002,TSS,Inflow,171
163.0,6_CACTA002,TSS,Inflow,171
94.0,6_CACTA002,TSS,Inflow,171
50.0,6_CACTA002,TSS,Inflow,172
55.0,6_CACTA002,TSS,Inflow,172
70.0,6_CACTA002,TSS,Inflow,172
163.0,6_CACTA002,TSS,Inflow,172
57.0,6_CACTA002,TSS,Inflow,172
57.0,6_CACTA002,TSS,Inflow,173
55.0,6_CACTA002,TSS,Inflow,173
100.0,6_CACTA002,TSS,Inflow,173
57.0,6_CACTA002,TSS,Inflow,173
85.0,6_CACTA002,TSS,Inflow,173
57.0,6_CACTA002,TSS,Inflow,174
50.0,6_CACTA002,TSS,Inflow,174
70.0,6_CACTA002,TSS,Inflow,174
44.0,6_CACTA002,TSS,Inflow,174
163.0,6_CACTA002,TSS,Inflow,174
155.0,6_CACTA002,TSS,Inflow,175
55.0,6_CACTA002,TSS,Inflow,175
163.0,6_CACTA002,TSS,Inflow,175
39.0,6_CACTA002,TSS,Inflow,175
44.0,6_CACTA002,TSS,Inflow,175
163.0,6_CACTA002,TSS,Inflow,176
50.0,6_CACTA002,TSS,Inflow,176
155.0,6_CACTA002,TSS,Inflow,176
44.0,6_CACTA002,TSS,Inflow,176
39.0,6_CACTA002,TSS,Inflow,176
50.0,6_CACTA002,TSS,Inflow,177
31.0,6_CACTA002,TSS,Inflow,177
27.0,6_CACTA002,TSS,Inflow,177
57.0,6_CACTA002,TSS,Inflow,177
55.0,6_CACTA002,TSS,Inflow,177
155.0,6_CACTA002,TSS,Inflow,178
70.0,6_CACTA002,TSS,Inflow,178
55.0,6_CACTA002,TSS,Inflow,178
94.0,6_CACTA002,TSS,Inflow,178
50.0,6_CACTA002,TSS,Inflow,178
155.0,6_CACTA002,TSS,Inflow,179
100.0,6_CACTA002,TSS,Inflow,179
50.0,6_CACTA002,TSS,Inflow,179
27.0,6_CACTA002,TSS,Inflow,179
44.0,6_CACTA002,TSS,Inflow,179
50.0,6_CACTA002,TSS,Inflow,180
94.0,6_CACTA002,TSS,Inflow,180
163.0,6_CACTA002,TSS,Inflow,180
44.0,6_CACTA002,TSS,Inflow,180
85.0,6_CACTA002,TSS,Inflow,180
85.0,6_CACTA002,TSS,Inflow,181
163.0,6_CACTA002,TSS,Inflow,181
57.0,6_CACTA002,TSS,Inflow,181
27.0,6_CACTA002,TSS,Inflow,181
39.0,6_CACTA002,TSS,Inflow,181
55.0,6_CACTA002,TSS,Inflow,182
31.0,6_CACTA002,TSS,Inflow,182
100.0,6_CACTA002,TSS,Inflow,182
70.0,6_CACTA002,TSS,Inflow,182
155.0,6_CACTA002,TSS,Inflow,182
44.0,6_CACTA002,TSS,Inflow,183
55.0,6_CACTA002,TSS,Inflow,183
100.0,6_CACTA002,TSS,Inflow,183
39.0,6_CACTA002,TSS,Inflow,183
155.0,6_CACTA002,TSS,Inflow,183
85.0,6_CACTA002,TSS,Inflow,184
57.0,6_CACTA002,TSS,Inflow,184
50.0,6_CACTA002,TSS,Inflow,184
163.0,6_CACTA002,TSS,Inflow,184
94.0,6_CACTA002,TSS,Inflow,184
55.0,6_CACTA002,TSS,Inflow,185
85.0,6_CACTA002,TSS,Inflow,185
27.0,6_CACTA002,TSS,Inflow,185
57.0,6_CACTA002,TSS,Inflow,185
100.0,6_CACTA002,TSS,Inflow,185
100.0,6_CACTA002,TSS,Inflow,186
55.0,6_CACTA002,TSS,Inflow,186
163.0,6_CACTA002,TSS,Inflow,186
70.0,6_CACTA002,TSS,Inflow,186
94.0,6_CACTA002,TSS,Inflow,186
85.0,6_CACTA002,TSS,Inflow,187
163.0,6_CACTA002,TSS,Inflow,187
55.0,6_CACTA002,TSS,Inflow,187
50.0,6_CACTA002,TSS,Inflow,187
100.0,6_CACTA002,TSS,Inflow,187
155.0,6_CACTA002,TSS,Inflow,188
50.0,6_CACTA002,TSS,Inflow,188
10.0,6_CACTA002,TSS,Inflow,188
57.0,6_CACTA002,TSS,Inflow,188
31.0,6_CACTA002,TSS,Inflow,188
55.0,6_CACTA002,TSS,Inflow,189
100.0,6_CACTA002,TSS,Inflow,189
70.0,6_CACTA002,TSS,Inflow,189
155.0,6_CACTA002,TSS,Inflow,189
57.0,6_CACTA002,TSS,Inflow,189
55.0,6_CACTA002,TSS,Inflow,190
50.0,6_CACTA002,TSS,Inflow,190
57.0,6_CACTA002,TSS,Inflow,190
31.0,6_CACTA002,TSS,Inflow,190
155.0,6_CACTA002,TSS,Inflow,190
31.0,6_CACTA002,TSS,Inflow,191
50.0,6_CACTA002,TSS,Inflow,191
100.0,6_CACTA002,TSS,Inflow,191
70.0,6_CACTA002,TSS,Inflow,191
85.0,6_CACTA002,TSS,Inflow,191
39.0,6_CACTA002,TSS,Inflow,192
57.0,6_CACTA002,TSS,Inflow,192
27.0,6_CACTA002,TSS,Inflow,192
55.0,6_CACTA002,TSS,Inflow,192
44.0,6_CACTA002,TSS,Inflow,192
94.0,6_CACTA002,TSS,Inflow,193
31.0,6_CACTA002,TSS,Inflow,193
85.0,6_CACTA002,TSS,Inflow,193
44.0,6_CACTA002,TSS,Inflow,193
39.0,6_CACTA002,TSS,Inflow,193
70.0,6_CACTA002,TSS,Inflow,194
50.0,6_CACTA002,TSS,Inflow,194
85.0,6_CACTA002,TSS,Inflow,194
10.0,6_CACTA002,TSS,Inflow,194
44.0,6_CACTA002,TSS,Inflow,194
10.0,6_CACTA002,TSS,Inflow,195
39.0,6_CACTA002,TSS,Inflow,195
100.0,6_CACTA002,TSS,Inflow,195
155.0,6_CACTA002,TSS,Inflow,195
50.0,6_CACTA002,TSS,Inflow,195
10.0,6_CACTA002,TSS,Inflow,196
57.0,6_CACTA002,TSS,Inflow,196
44.0,6_CACTA002,TSS,Inflow,196
57.0,6_CACTA002,TSS,Inflow,196
163.0,6_CACTA002,TSS,Inflow,196
155.0,6_CACTA002,TSS,Inflow,197
57.0,6_CACTA002,TSS,Inflow,197
27.0,6_CACTA002,TSS,Inflow,197
55.0,6_CACTA002,TSS,Inflow,197
85.0,6_CACTA002,TSS,Inflow,197
57.0,6_CACTA002,TSS,Inflow,198
31.0,6_CACTA002,TSS,Inflow,198
10.0,6_CACTA002,TSS,Inflow,198
50.0,6_CACTA002,TSS,Inflow,198
100.0,6_CACTA002,TSS,Inflow,198
163.0,6_CACTA002,TSS,Inflow,199
155.0,6_CACTA002,TSS,Inflow,199
55.0,6_CACTA002,TSS,Inflow,199
44.0,6_CACTA002,TSS,Inflow,199
57.0,6_CACTA002,TSS,Inflow,199
39.0,6_CACTA002,TSS,Inflow,200
70.0,6_CACTA002,TSS,Inflow,200
50.0,6_CACTA002,TSS,Inflow,200
44.0,6_CACTA002,TSS,Inflow,200
85.0,6_CACTA002,TSS,Inflow,200
31.0,6_CACTA002,TSS,Inflow,201
57.0,6_CACTA002,TSS,Inflow,201
10.0,6_CACTA002,TSS,Inflow,201
39.0,6_CACTA002,TSS,Inflow,201
155.0,6_CACTA002,TSS,Inflow,201
155.0,6_CACTA002,TSS,Inflow,202
55.0,6_CACTA002,TSS,Inflow,202
39.0,6_CACTA002,TSS,Inflow,202
57.0,6_CACTA002,TSS,Inflow,202
94.0,6_CACTA002,TSS,Inflow,202
57.0,6_CACTA002,TSS,Inflow,203
50.0,6_CACTA002,TSS,Inflow,203
31.0,6_CACTA002,TSS,Inflow,203
10.0,6_CACTA002,TSS,Inflow,203
70.0,6_CACTA002,TSS,Inflow,203
163.0,6_CACTA002,TSS,Inflow,204
44.0,6_CACTA002,TSS,Inflow,204
39.0,6_CACTA002,TSS,Inflow,204
94.0,6_CACTA002,TSS,Inflow,204
31.0,6_CACTA002,TSS,Inflow,204
57.0,6_CACTA002,TSS,Inflow,205
31.0,6_CACTA002,TSS,Inflow,205
85.0,6_CACTA002,TSS,Inflow,205
39.0,6_CACTA002,TSS,Inflow,205
10.0,6_CACTA002,TSS,Inflow,205
10.0,6_CACTA002,TSS,Inflow,206
70.0,6_CACTA002,TSS,Inflow,206
57.0,6_CACTA002,TSS,Inflow,206
94.0,6_CACTA002,TSS,Inflow,206
55.0,6_CACTA002,TSS,Inflow,206
100.0,6_CACTA002,TSS,Inflow,207
70.0,6_CACTA002,TSS,Inflow,207
50.0,6_CACTA002,TSS,Inflow,207
27.0,6_CACTA002,TSS,Inflow,207
85.0,6_CACTA002,TSS,Inflow,207
155.0,6_CACTA002,TSS,Inflow,208
57.0,6_CACTA002,TSS,Inflow,208
100.0,6_CACTA002,TSS,Inflow,208
55.0,6_CACTA002,TSS,Inflow,208
57.0,6_CACTA002,TSS,Inflow,208
50.0,6_CACTA002,TSS,Inflow,209
57.0,6_CACTA002,TSS,Inflow,209
44.0,6_CACTA002,TSS,Inflow,209
70.0,6_CACTA002,TSS,Inflow,209
39.0,6_CACTA002,TSS,Inflow,209
44.0,6_CACTA002,TSS,Inflow,210
163.0,6_CACTA002,TSS,Inflow,210
155.0,6_CACTA002,TSS,Inflow,210
50.0,6_CACTA002,TSS,Inflow,210
10.0,6_CACTA002,TSS,Inflow,210
27.0,6_CACTA002,TSS,Inflow,211
31.0,6_CACTA002,TSS,Inflow,211
70.0,6_CACTA002,TSS,Inflow,211
155.0,6_CACTA002,TSS,Inflow,211
10.0,6_CACTA002,TSS,Inflow,211
10.0,6_CACTA002,TSS,Inflow,212
100.0,6_CACTA002,TSS,Inflow,212
163.0,6_CACTA002,TSS,Inflow,212
44.0,6_CACTA002,TSS,Inflow,212
85.0,6_CACTA002,TSS,Inflow,212
70.0,6_CACTA002,TSS,Inflow,213
50.0,6_CACTA002,TSS,Inflow,213
100.0,6_CACTA002,TSS,Inflow,213
85.0,6_CACTA002,TSS,Inflow,213
44.0,6_CACTA002,TSS,Inflow,213
55.0,6_CACTA002,TSS,Inflow,214
57.0,6_CACTA002,TSS,Inflow,214
39.0,6_CACTA002,TSS,Inflow,214
94.0,6_CACTA002,TSS,Inflow,214
44.0,6_CACTA002,TSS,Inflow,214
39.0,6_CACTA002,TSS,Inflow,215
57.0,6_CACTA002,TSS,Inflow,215
44.0,6_CACTA002,TSS,Inflow,215
155.0,6_CACTA002,TSS,Inflow,215
10.0,6_CACTA002,TSS,Inflow,215
57.0,6_CACTA002,TSS,Inflow,216
70.0,6_CACTA002,TSS,Inflow,216
57.0,6_CACTA002,TSS,Inflow,216
100.0,6_CACTA002,TSS,Inflow,216
27.0,6_CACTA002,TSS,Inflow,216
100.0,6_CACTA002,TSS,Inflow,217
85.0,6_CACTA002,TSS,Inflow,217
10.0,6_CACTA002,TSS,Inflow,217
55.0,6_CACTA002,TSS,Inflow,217
27.0,6_CACTA002,TSS,Inflow,217
44.0,6_CACTA002,TSS,Inflow,218
57.0,6_CACTA002,TSS,Inflow,218
70.0,6_CACTA002,TSS,Inflow,218
31.0,6_CACTA002,TSS,Inflow,218
27.0,6_CACTA002,TSS,Inflow,218
100.0,6_CACTA002,TSS,Inflow,219
155.0,6_CACTA002,TSS,Inflow,219
55.0,6_CACTA002,TSS,Inflow,219
70.0,6_CACTA002,TSS,Inflow,219
10.0,6_CACTA002,TSS,Inflow,219
94.0,6_CACTA002,TSS,Inflow,220
39.0,6_CACTA002,TSS,Inflow,220
85.0,6_CACTA002,TSS,Inflow,220
10.0,6_CACTA002,TSS,Inflow,220
27.0,6_CACTA002,TSS,Inflow,220
155.0,6_CACTA002,TSS,Inflow,221
55.0,6_CACTA002,TSS,Inflow,221
31.0,6_CACTA002,TSS,Inflow,221
85.0,6_CACTA002,TSS,Inflow,221
57.0,6_CACTA002,TSS,Inflow,221
57.0,6_CACTA002,TSS,Inflow,222
10.0,6_CACTA002,TSS,Inflow,222
27.0,6_CACTA002,TSS,Inflow,222
155.0,6_CACTA002,TSS,Inflow,222
163.0,6_CACTA002,TSS,Inflow,222
27.0,6_CACTA002,TSS,Inflow,223
44.0,6_CACTA002,TSS,Inflow,223
57.0,6_CACTA002,TSS,Inflow,223
31.0,6_CACTA002,TSS,Inflow,223
70.0,6_CACTA002,TSS,Inflow,223
155.0,6_CACTA002,TSS,Inflow,224
55.0,6_CACTA002,TSS,Inflow,224
39.0,6_CACTA002,TSS,Inflow,224
57.0,6_CACTA002,TSS,Inflow,224
10.0,6_CACTA002,TSS,Inflow,224
155.0,6_CACTA002,TSS,Inflow,225
10.0,6_CACTA002,TSS,Inflow,225
57.0,6_CACTA002,TSS,Inflow,225
70.0,6_CACTA002,TSS,Inflow,225
44.0,6_CACTA002,TSS,Inflow,225
10.0,6_CACTA002,TSS,Inflow,226
70.0,6_CACTA002,TSS,Inflow,226
31.0,6_CACTA002,TSS,Inflow,226
55.0,6_CACTA002,TSS,Inflow,226
163.0,6_CACTA002,TSS,Inflow,226
57.0,6_CACTA002,TSS,Inflow,227
85.0,6_CACTA002,TSS,Inflow,227
94.0,6_CACTA002,TSS,Inflow,227
100.0,6_CACTA002,TSS,Inflow,227
31.0,6_CACTA002,TSS,Inflow,227
94.0,6_CACTA002,TSS,Inflow,228
70.0,6_CACTA002,TSS,Inflow,228
100.0,6_CACTA002,TSS,Inflow,228
57.0,6_CACTA002,TSS,Inflow,228
55.0,6_CACTA002,TSS,Inflow,228
94.0,6_CACTA002,TSS,Inflow,229
31.0,6_CACTA002,TSS,Inflow,229
50.0,6_CACTA002,TSS,Inflow,229
85.0,6_CACTA002,TSS,Inflow,229
57.0,6_CACTA002,TSS,Inflow,229
100.0,6_CACTA002,TSS,Inflow,230
50.0,6_CACTA002,TSS,Inflow,230
27.0,6_CACTA002,TSS,Inflow,230
57.0,6_CACTA002,TSS,Inflow,230
94.0,6_CACTA002,TSS,Inflow,230
100.0,6_CACTA002,TSS,Inflow,231
10.0,6_CACTA002,TSS,Inflow,231
50.0,6_CACTA002,TSS,Inflow,231
57.0,6_CACTA002,TSS,Inflow,231
31.0,6_CACTA002,TSS,Inflow,231
163.0,6_CACTA002,TSS,Inflow,232
100.0,6_CACTA002,TSS,Inflow,232
44.0,6_CACTA002,TSS,Inflow,232
57.0,6_CACTA002,TSS,Inflow,232
70.0,6_CACTA002,TSS,Inflow,232
44.0,6_CACTA002,TSS,Inflow,233
10.0,6_CACTA002,TSS,Inflow,233
50.0,6_CACTA002,TSS,Inflow,233
57.0,6_CACTA002,TSS,Inflow,233
27.0,6_CACTA002,TSS,Inflow,233
44.0,6_CACTA002,TSS,Inflow,234
57.0,6_CACTA002,TSS,Inflow,234
39.0,6_CACTA002,TSS,Inflow,234
70.0,6_CACTA002,TSS,Inflow,234
31.0,6_CACTA002,TSS,Inflow,234
50.0,6_CACTA002,TSS,Inflow,235
100.0,6_CACTA002,TSS,Inflow,235
44.0,6_CACTA002,TSS,Inflow,235
85.0,6_CACTA002,TSS,Inflow,235
31.0,6_CACTA002,TSS,Inflow,235
39.0,6_CACTA002,TSS,Inflow,236
57.0,6_CACTA002,TSS,Inflow,236
50.0,6_CACTA002,TSS,Inflow,236
155.0,6_CACTA002,TSS,Inflow,236
163.0,6_CACTA002,TSS,Inflow,236
85.0,6_CACTA002,TSS,Inflow,237
39.0,6_CACTA002,TSS,Inflow,237
50.0,6_CACTA002,TSS,Inflow,237
70.0,6_CACTA002,TSS,Inflow,237
94.0,6_CACTA002,TSS,Inflow,237
39.0,6_CACTA002,TSS,Inflow,238
155.0,6_CACTA002,TSS,Inflow,238
44.0,6_CACTA002,TSS,Inflow,238
57.0,6_CACTA002,TSS,Inflow,238
31.0,6_CACTA002,TSS,Inflow,238
57.0,6_CACTA002,TSS,Inflow,239
10.0,6_CACTA002,TSS,Inflow,239
155.0,6_CACTA002,TSS,Inflow,239
57.0,6_CACTA002,TSS,Inflow,239
31.0,6_CACTA002,TSS,Inflow,239
57.0,6_CACTA002,TSS,Inflow,240
94.0,6_CACTA002,TSS,Inflow,240
27.0,6_CACTA002,TSS,Inflow,240
31.0,6_CACTA002,TSS,Inflow,240
50.0,6_CACTA002,TSS,Inflow,240
155.0,6_CACTA002,TSS,Inflow,241
44.0,6_CACTA002,TSS,Inflow,241
100.0,6_CACTA002,TSS,Inflow,241
27.0,6_CACTA002,TSS,Inflow,241
50.0,6_CACTA002,TSS,Inflow,241
57.0,6_CACTA002,TSS,Inflow,242
163.0,6_CACTA002,TSS,Inflow,242
85.0,6_CACTA002,TSS,Inflow,242
55.0,6_CACTA002,TSS,Inflow,242
70.0,6_CACTA002,TSS,Inflow,242
85.0,6_CACTA002,TSS,Inflow,243
39.0,6_CACTA002,TSS,Inflow,243
55.0,6_CACTA002,TSS,Inflow,243
155.0,6_CACTA002,TSS,Inflow,243
27.0,6_CACTA002,TSS,Inflow,243
94.0,6_CACTA002,TSS,Inflow,244
55.0,6_CACTA002,TSS,Inflow,244
85.0,6_CACTA002,TSS,Inflow,244
155.0,6_CACTA002,TSS,Inflow,244
50.0,6_CACTA002,TSS,Inflow,244
163.0,6_CACTA002,TSS,Inflow,245
31.0,6_CACTA002,TSS,Inflow,245
55.0,6_CACTA002,TSS,Inflow,245
85.0,6_CACTA002,TSS,Inflow,245
27.0,6_CACTA002,TSS,Inflow,245
27.0,6_CACTA002,TSS,Inflow,246
163.0,6_CACTA002,TSS,Inflow,246
57.0,6_CACTA002,TSS,Inflow,246
85.0,6_CACTA002,TSS,Inflow,246
50.0,6_CACTA002,TSS,Inflow,246
44.0,6_CACTA002,TSS,Inflow,247
70.0,6_CACTA002,TSS,Inflow,247
27.0,6_CACTA002,TSS,Inflow,247
50.0,6_CACTA002,TSS,Inflow,247
39.0,6_CACTA002,TSS,Inflow,247
85.0,6_CACTA002,TSS,Inflow,248
100.0,6_CACTA002,TSS,Inflow,248
50.0,6_CACTA002,TSS,Inflow,248
57.0,6_CACTA002,TSS,Inflow,248
163.0,6_CACTA002,TSS,Inflow,248
163.0,6_CACTA002,TSS,Inflow,249
70.0,6_CACTA002,TSS,Inflow,249
85.0,6_CACTA002,TSS,Inflow,249
27.0,6_CACTA002,TSS,Inflow,249
57.0,6_CACTA002,TSS,Inflow,249
163.0,6_CACTA002,TSS,Inflow,250
85.0,6_CACTA002,TSS,Inflow,250
57.0,6_CACTA002,TSS,Inflow,250
10.0,6_CACTA002,TSS,Inflow,250
39.0,6_CACTA002,TSS,Inflow,250
94.0,6_CACTA002,TSS,Inflow,251
39.0,6_CACTA002,TSS,Inflow,251
163.0,6_CACTA002,TSS,Inflow,251
100.0,6_CACTA002,TSS,Inflow,251
85.0,6_CACTA002,TSS,Inflow,251
55.0,6_CACTA002,TSS,Inflow,252
100.0,6_CACTA002,TSS,Inflow,252
31.0,6_CACTA002,TSS,Inflow,252
44.0,6_CACTA002,TSS,Inflow,252
39.0,6_CACTA002,TSS,Inflow,252
155.0,6_CACTA002,TSS,Inflow,253
163.0,6_CACTA002,TSS,Inflow,253
94.0,6_CACTA002,TSS,Inflow,253
44.0,6_CACTA002,TSS,Inflow,253
85.0,6_CACTA002,TSS,Inflow,253
85.0,6_CACTA002,TSS,Inflow,254
10.0,6_CACTA002,TSS,Inflow,254
100.0,6_CACTA002,TSS,Inflow,254
27.0,6_CACTA002,TSS,Inflow,254
44.0,6_CACTA002,TSS,Inflow,254
100.0,6_CACTA002,TSS,Inflow,255
10.0,6_CACTA002,TSS,Inflow,255
57.0,6_CACTA002,TSS,Inflow,255
39.0,6_CACTA002,TSS,Inflow,255
50.0,6_CACTA002,TSS,Inflow,255
94.0,6_CACTA002,TSS,Inflow,256
10.0,6_CACTA002,TSS,Inflow,256
27.0,6_CACTA002,TSS,Inflow,256
57.0,6_CACTA002,TSS,Inflow,256
70.0,6_CACTA002,TSS,Inflow,256
163.0,6_CACTA002,TSS,Inflow,257
100.0,6_CACTA002,TSS,Inflow,257
85.0,6_CACTA002,TSS,Inflow,257
50.0,6_CACTA002,TSS,Inflow,257
10.0,6_CACTA002,TSS,Inflow,257
27.0,6_CACTA002,TSS,Inflow,258
39.0,6_CACTA002,TSS,Inflow,258
55.0,6_CACTA002,TSS,Inflow,258
57.0,6_CACTA002,TSS,Inflow,258
31.0,6_CACTA002,TSS,Inflow,258
57.0,6_CACTA002,TSS,Inflow,259
10.0,6_CACTA002,TSS,Inflow,259
57.0,6_CACTA002,TSS,Inflow,259
55.0,6_CACTA002,TSS,Inflow,259
155.0,6_CACTA002,TSS,Inflow,259
57.0,6_CACTA002,TSS,Inflow,260
39.0,6_CACTA002,TSS,Inflow,260
70.0,6_CACTA002,TSS,Inflow,260
44.0,6_CACTA002,TSS,Inflow,260
163.0,6_CACTA002,TSS,Inflow,260
57.0,6_CACTA002,TSS,Inflow,261
70.0,6_CACTA002,TSS,Inflow,261
10.0,6_CACTA002,TSS,Inflow,261
94.0,6_CACTA002,TSS,Inflow,261
155.0,6_CACTA002,TSS,Inflow,261
57.0,6_CACTA002,TSS,Inflow,262
70.0,6_CACTA002,TSS,Inflow,262
94.0,6_CACTA002,TSS,Inflow,262
155.0,6_CACTA002,TSS,Inflow,262
50.0,6_CACTA002,TSS,Inflow,262
31.0,6_CACTA002,TSS,Inflow,263
10.0,6_CACTA002,TSS,Inflow,263
85.0,6_CACTA002,TSS,Inflow,263
39.0,6_CACTA002,TSS,Inflow,263
57.0,6_CACTA002,TSS,Inflow,263
94.0,6_CACTA002,TSS,Inflow,264
155.0,6_CACTA002,TSS,Inflow,264
39.0,6_CACTA002,TSS,Inflow,264
55.0,6_CACTA002,TSS,Inflow,264
57.0,6_CACTA002,TSS,Inflow,264
100.0,6_CACTA002,TSS,Inflow,265
155.0,6_CACTA002,TSS,Inflow,265
85.0,6_CACTA002,TSS,Inflow,265
10.0,6_CACTA002,TSS,Inflow,265
94.0,6_CACTA002,TSS,Inflow,265
94.0,6_CACTA002,TSS,Inflow,266
27.0,6_CACTA002,TSS,Inflow,266
44.0,6_CACTA002,TSS,Inflow,266
39.0,6_CACTA002,TSS,Inflow,266
57.0,6_CACTA002,TSS,Inflow,266
27.0,6_CACTA002,TSS,Inflow,267
10.0,6_CACTA002,TSS,Inflow,267
57.0,6_CACTA002,TSS,Inflow,267
100.0,6_CACTA002,TSS,Inflow,267
57.0,6_CACTA002,TSS,Inflow,267
85.0,6_CACTA002,TSS,Inflow,268
70.0,6_CACTA002,TSS,Inflow,268
57.0,6_CACTA002,TSS,Inflow,268
100.0,6_CACTA002,TSS,Inflow,268
94.0,6_CACTA002,TSS,Inflow,268
57.0,6_CACTA002,TSS,Inflow,269
155.0,6_CACTA002,TSS,Inflow,269
70.0,6_CACTA002,TSS,Inflow,269
57.0,6_CACTA002,TSS,Inflow,269
31.0,6_CACTA002,TSS,Inflow,269
44.0,6_CACTA002,TSS,Inflow,270
57.0,6_CACTA002,TSS,Inflow,270
163.0,6_CACTA002,TSS,Inflow,270
57.0,6_CACTA002,TSS,Inflow,270
94.0,6_CACTA002,TSS,Inflow,270
55.0,6_CACTA002,TSS,Inflow,271
94.0,6_CACTA002,TSS,Inflow,271
163.0,6_CACTA002,TSS,Inflow,271
10.0,6_CACTA002,TSS,Inflow,271
155.0,6_CACTA002,TSS,Inflow,271
94.0,6_CACTA002,TSS,Inflow,272
85.0,6_CACTA002,TSS,Inflow,272
10.0,6_CACTA002,TSS,Inflow,272
39.0,6_CACTA002,TSS,Inflow,272
57.0,6_CACTA002,TSS,Inflow,272
155.0,6_CACTA002,TSS,Inflow,273
44.0,6_CACTA002,TSS,Inflow,273
55.0,6_CACTA002,TSS,Inflow,273
94.0,6_CACTA002,TSS,Inflow,273
50.0,6_CACTA002,TSS,Inflow,273
94.0,6_CACTA002,TSS,Inflow,274
55.0,6_CACTA002,TSS,Inflow,274
10.0,6_CACTA002,TSS,Inflow,274
39.0,6_CACTA002,TSS,Inflow,274
31.0,6_CACTA002,TSS,Inflow,274
44.0,6_CACTA002,TSS,Inflow,275
57.0,6_CACTA002,TSS,Inflow,275
39.0,6_CACTA002,TSS,Inflow,275
70.0,6_CACTA002,TSS,Inflow,275
85.0,6_CACTA002,TSS,Inflow,275
39.0,6_CACTA002,TSS,Inflow,276
57.0,6_CACTA002,TSS,Inflow,276
44.0,6_CACTA002,TSS,Inflow,276
70.0,6_CACTA002,TSS,Inflow,276
163.0,6_CACTA002,TSS,Inflow,276
10.0,6_CACTA002,TSS,Inflow,277
27.0,6_CACTA002,TSS,Inflow,277
55.0,6_CACTA002,TSS,Inflow,277
39.0,6_CACTA002,TSS,Inflow,277
44.0,6_CACTA002,TSS,Inflow,277
50.0,6_CACTA002,TSS,Inflow,278
70.0,6_CACTA002,TSS,Inflow,278
39.0,6_CACTA002,TSS,Inflow,278
57.0,6_CACTA002,TSS,Inflow,278
57.0,6_CACTA002,TSS,Inflow,278
27.0,6_CACTA002,TSS,Inflow,279
57.0,6_CACTA002,TSS,Inflow,279
70.0,6_CACTA002,TSS,Inflow,279
155.0,6_CACTA002,TSS,Inflow,279
55.0,6_CACTA002,TSS,Inflow,279
27.0,6_CACTA002,TSS,Inflow,280
163.0,6_CACTA002,TSS,Inflow,280
70.0,6_CACTA002,TSS,Inflow,280
50.0,6_CACTA002,TSS,Inflow,280
57.0,6_CACTA002,TSS,Inflow,280
163.0,6_CACTA002,TSS,Inflow,281
50.0,6_CACTA002,TSS,Inflow,281
39.0,6_CACTA002,TSS,Inflow,281
70.0,6_CACTA002,TSS,Inflow,281
155.0,6_CACTA002,TSS,Inflow,281
94.0,6_CACTA002,TSS,Inflow,282
57.0,6_CACTA002,TSS,Inflow,282
70.0,6_CACTA002,TSS,Inflow,282
10.0,6_CACTA002,TSS,Inflow,282
50.0,6_CACTA002,TSS,Inflow,282
163.0,6_CACTA002,TSS,Inflow,283
94.0,6_CACTA002,TSS,Inflow,283
39.0,6_CACTA002,TSS,Inflow,283
57.0,6_CACTA002,TSS,Inflow,283
55.0,6_CACTA002,TSS,Inflow,283
44.0,6_CACTA002,TSS,Inflow,284
27.0,6_CACTA002,TSS,Inflow,284
155.0,6_CACTA002,TSS,Inflow,284
55.0,6_CACTA002,TSS,Inflow,284
57.0,6_CACTA002,TSS,Inflow,284
55.0,6_CACTA002,TSS,Inflow,285
163.0,6_CACTA002,TSS,Inflow,285
44.0,6_CACTA002,TSS,Inflow,285
155.0,6_CACTA002,TSS,Inflow,285
57.0,6_CACTA002,TSS,Inflow,285
50.0,6_CACTA002,TSS,Inflow,286
10.0,6_CACTA002,TSS,Inflow,286
27.0,6_CACTA002,TSS,Inflow,286
94.0,6_CACTA002,TSS,Inflow,286
39.0,6_CACTA002,TSS,Inflow,286
27.0,6_CACTA002,TSS,Inflow,287
70.0,6_CACTA002,TSS,Inflow,287
155.0,6_CACTA002,TSS,Inflow,287
50.0,6_CACTA002,TSS,Inflow,287
44.0,6_CACTA002,TSS,Inflow,287
155.0,6_CACTA002,TSS,Inflow,288
57.0,6_CACTA002,TSS,Inflow,288
163.0,6_CACTA002,TSS,Inflow,288
85.0,6_CACTA002,TSS,Inflow,288
44.0,6_CACTA002,TSS,Inflow,288
10.0,6_CACTA002,TSS,Inflow,289
94.0,6_CACTA002,TSS,Inflow,289
27.0,6_CACTA002,TSS,Inflow,289
31.0,6_CACTA002,TSS,Inflow,289
85.0,6_CACTA002,TSS,Inflow,289
163.0,6_CACTA002,TSS,Inflow,290
50.0,6_CACTA002,TSS,Inflow,290
100.0,6_CACTA002,TSS,Inflow,290
57.0,6_CACTA002,TSS,Inflow,290
70.0,6_CACTA002,TSS,Inflow,290
39.0,6_CACTA002,TSS,Inflow,291
50.0,6_CACTA002,TSS,Inflow,291
10.0,6_CACTA002,TSS,Inflow,291
70.0,6_CACTA002,TSS,Inflow,291
94.0,6_CACTA002,TSS,Inflow,291
94.0,6_CACTA002,TSS,Inflow,292
50.0,6_CACTA002,TSS,Inflow,292
27.0,6_CACTA002,TSS,Inflow,292
70.0,6_CACTA002,TSS,Inflow,292
57.0,6_CACTA002,TSS,Inflow,292
70.0,6_CACTA002,TSS,Inflow,293
94.0,6_CACTA002,TSS,Inflow,293
27.0,6_CACTA002,TSS,Inflow,293
57.0,6_CACTA002,TSS,Inflow,293
39.0,6_CACTA002,TSS,Inflow,293
70.0,6_CACTA002,TSS,Inflow,294
155.0,6_CACTA002,TSS,Inflow,294
50.0,6_CACTA002,TSS,Inflow,294
57.0,6_CACTA002,TSS,Inflow,294
27.0,6_CACTA002,TSS,Inflow,294
55.0,6_CACTA002,TSS,Inflow,295
100.0,6_CACTA002,TSS,Inflow,295
155.0,6_CACTA002,TSS,Inflow,295
57.0,6_CACTA002,TSS,Inflow,295
39.0,6_CACTA002,TSS,Inflow,295
57.0,6_CACTA002,TSS,Inflow,296
55.0,6_CACTA002,TSS,Inflow,296
10.0,6_CACTA002,TSS,Inflow,296
155.0,6_CACTA002,TSS,Inflow,296
100.0,6_CACTA002,TSS,Inflow,296
39.0,6_CACTA002,TSS,Inflow,297
70.0,6_CACTA002,TSS,Inflow,297
94.0,6_CACTA002,TSS,Inflow,297
55.0,6_CACTA002,TSS,Inflow,297
27.0,6_CACTA002,TSS,Inflow,297
10.0,6_CACTA002,TSS,Inflow,298
57.0,6_CACTA002,TSS,Inflow,298
39.0,6_CACTA002,TSS,Inflow,298
31.0,6_CACTA002,TSS,Inflow,298
44.0,6_CACTA002,TSS,Inflow,298
10.0,6_CACTA002,TSS,Inflow,299
155.0,6_CACTA002,TSS,Inflow,299
163.0,6_CACTA002,TSS,Inflow,299
85.0,6_CACTA002,TSS,Inflow,299
55.0,6_CACTA002,TSS,Inflow,299
70.0,6_CACTA002,TSS,Inflow,300
55.0,6_CACTA002,TSS,Inflow,300
50.0,6_CACTA002,TSS,Inflow,300
155.0,6_CACTA002,TSS,Inflow,300
163.0,6_CACTA002,TSS,Inflow,300
94.0,6_CACTA002,TSS,Inflow,301
27.0,6_CACTA002,TSS,Inflow,301
31.0,6_CACTA002,TSS,Inflow,301
10.0,6_CACTA002,TSS,Inflow,301
55.0,6_CACTA002,TSS,Inflow,301
163.0,6_CACTA002,TSS,Inflow,302
100.0,6_CACTA002,TSS,Inflow,302
50.0,6_CACTA002,TSS,Inflow,302
57.0,6_CACTA002,TSS,Inflow,302
39.0,6_CACTA002,TSS,Inflow,302
44.0,6_CACTA002,TSS,Inflow,303
50.0,6_CACTA002,TSS,Inflow,303
27.0,6_CACTA002,TSS,Inflow,303
163.0,6_CACTA002,TSS,Inflow,303
10.0,6_CACTA002,TSS,Inflow,303
27.0,6_CACTA002,TSS,Inflow,304
155.0,6_CACTA002,TSS,Inflow,304
31.0,6_CACTA002,TSS,Inflow,304
57.0,6_CACTA002,TSS,Inflow,304
94.0,6_CACTA002,TSS,Inflow,304
10.0,6_CACTA002,TSS,Inflow,305
50.0,6_CACTA002,TSS,Inflow,305
94.0,6_CACTA002,TSS,Inflow,305
44.0,6_CACTA002,TSS,Inflow,305
85.0,6_CACTA002,TSS,Inflow,305
155.0,6_CACTA002,TSS,Inflow,306
44.0,6_CACTA002,TSS,Inflow,306
31.0,6_CACTA002,TSS,Inflow,306
55.0,6_CACTA002,TSS,Inflow,306
57.0,6_CACTA002,TSS,Inflow,306
94.0,6_CACTA002,TSS,Inflow,307
155.0,6_CACTA002,TSS,Inflow,307
57.0,6_CACTA002,TSS,Inflow,307
39.0,6_CACTA002,TSS,Inflow,307
85.0,6_CACTA002,TSS,Inflow,307
100.0,6_CACTA002,TSS,Inflow,308
94.0,6_CACTA002,TSS,Inflow,308
55.0,6_CACTA002,TSS,Inflow,308
10.0,6_CACTA002,TSS,Inflow,308
44.0,6_CACTA002,TSS,Inflow,308
10.0,6_CACTA002,TSS,Inflow,309
27.0,6_CACTA002,TSS,Inflow,309
31.0,6_CACTA002,TSS,Inflow,309
70.0,6_CACTA002,TSS,Inflow,309
44.0,6_CACTA002,TSS,Inflow,309
70.0,6_CACTA002,TSS,Inflow,310
39.0,6_CACTA002,TSS,Inflow,310
155.0,6_CACTA002,TSS,Inflow,310
85.0,6_CACTA002,TSS,Inflow,310
100.0,6_CACTA002,TSS,Inflow,310
70.0,6_CACTA002,TSS,Inflow,311
100.0,6_CACTA002,TSS,Inflow,311
163.0,6_CACTA002,TSS,Inflow,311
44.0,6_CACTA002,TSS,Inflow,311
31.0,6_CACTA002,TSS,Inflow,311
57.0,6_CACTA002,TSS,Inflow,312
163.0,6_CACTA002,TSS,Inflow,312
55.0,6_CACTA002,TSS,Inflow,312
27.0,6_CACTA002,TSS,Inflow,312
50.0,6_CACTA002,TSS,Inflow,312
31.0,6_CACTA002,TSS,Inflow,313
27.0,6_CACTA002,TSS,Inflow,313
155.0,6_CACTA002,TSS,Inflow,313
50.0,6_CACTA002,TSS,Inflow,313
163.0,6_CACTA002,TSS,Inflow,313
39.0,6_CACTA002,TSS,Inflow,314
100.0,6_CACTA002,TSS,Inflow,314
31.0,6_CACTA002,TSS,Inflow,314
44.0,6_CACTA002,TSS,Inflow,314
57.0,6_CACTA002,TSS,Inflow,314
44.0,6_CACTA002,TSS,Inflow,315
163.0,6_CACTA002,TSS,Inflow,315
100.0,6_CACTA002,TSS,Inflow,315
85.0,6_CACTA002,TSS,Inflow,315
55.0,6_CACTA002,TSS,Inflow,315
155.0,6_CACTA002,TSS,Inflow,316
44.0,6_CACTA002,TSS,Inflow,316
31.0,6_CACTA002,TSS,Inflow,316
57.0,6_CACTA002,TSS,Inflow,316
55.0,6_CACTA002,TSS,Inflow,316
27.0,6_CACTA002,TSS,Inflow,317
44.0,6_CACTA002,TSS,Inflow,317
70.0,6_CACTA002,TSS,Inflow,317
155.0,6_CACTA002,TSS,Inflow,317
163.0,6_CACTA002,TSS,Inflow,317
50.0,6_CACTA002,TSS,Inflow,318
163.0,6_CACTA002,TSS,Inflow,318
44.0,6_CACTA002,TSS,Inflow,318
85.0,6_CACTA002,TSS,Inflow,318
57.0,6_CACTA002,TSS,Inflow,318
70.0,6_CACTA002,TSS,Inflow,319
55.0,6_CACTA002,TSS,Inflow,319
85.0,6_CACTA002,TSS,Inflow,319
57.0,6_CACTA002,TSS,Inflow,319
31.0,6_CACTA002,TSS,Inflow,319
57.0,6_CACTA002,TSS,Inflow,320
94.0,6_CACTA002,TSS,Inflow,320
155.0,6_CACTA002,TSS,Inflow,320
100.0,6_CACTA002,TSS,Inflow,320
85.0,6_CACTA002,TSS,Inflow,320
50.0,6_CACTA002,TSS,Inflow,321
55.0,6_CACTA002,TSS,Inflow,321
70.0,6_CACTA002,TSS,Inflow,321
10.0,6_CACTA002,TSS,Inflow,321
57.0,6_CACTA002,TSS,Inflow,321
44.0,6_CACTA002,TSS,Inflow,322
27.0,6_CACTA002,TSS,Inflow,322
50.0,6_CACTA002,TSS,Inflow,322
10.0,6_CACTA002,TSS,Inflow,322
39.0,6_CACTA002,TSS,Inflow,322
100.0,6_CACTA002,TSS,Inflow,323
57.0,6_CACTA002,TSS,Inflow,323
27.0,6_CACTA002,TSS,Inflow,323
10.0,6_CACTA002,TSS,Inflow,323
70.0,6_CACTA002,TSS,Inflow,323
31.0,6_CACTA002,TSS,Inflow,324
50.0,6_CACTA002,TSS,Inflow,324
39.0,6_CACTA002,TSS,Inflow,324
155.0,6_CACTA002,TSS,Inflow,324
70.0,6_CACTA002,TSS,Inflow,324
55.0,6_CACTA002,TSS,Inflow,325
44.0,6_CACTA002,TSS,Inflow,325
31.0,6_CACTA002,TSS,Inflow,325
57.0,6_CACTA002,TSS,Inflow,325
155.0,6_CACTA002,TSS,Inflow,325
10.0,6_CACTA002,TSS,Inflow,326
44.0,6_CACTA002,TSS,Inflow,326
70.0,6_CACTA002,TSS,Inflow,326
55.0,6_CACTA002,TSS,Inflow,326
57.0,6_CACTA002,TSS,Inflow,326
57.0,6_CACTA002,TSS,Inflow,327
85.0,6_CACTA002,TSS,Inflow,327
94.0,6_CACTA002,TSS,Inflow,327
57.0,6_CACTA002,TSS,Inflow,327
27.0,6_CACTA002,TSS,Inflow,327
44.0,6_CACTA002,TSS,Inflow,328
57.0,6_CACTA002,TSS,Inflow,328
100.0,6_CACTA002,TSS,Inflow,328
57.0,6_CACTA002,TSS,Inflow,328
39.0,6_CACTA002,TSS,Inflow,328
27.0,6_CACTA002,TSS,Inflow,329
57.0,6_CACTA002,TSS,Inflow,329
31.0,6_CACTA002,TSS,Inflow,329
70.0,6_CACTA002,TSS,Inflow,329
44.0,6_CACTA002,TSS,Inflow,329
57.0,6_CACTA002,TSS,Inflow,330
70.0,6_CACTA002,TSS,Inflow,330
39.0,6_CACTA002,TSS,Inflow,330
94.0,6_CACTA002,TSS,Inflow,330
163.0,6_CACTA002,TSS,Inflow,330
155.0,6_CACTA002,TSS,Inflow,331
57.0,6_CACTA002,TSS,Inflow,331
39.0,6_CACTA002,TSS,Inflow,331
57.0,6_CACTA002,TSS,Inflow,331
94.0,6_CACTA002,TSS,Inflow,331
100.0,6_CACTA002,TSS,Inflow,332
70.0,6_CACTA002,TSS,Inflow,332
44.0,6_CACTA002,TSS,Inflow,332
10.0,6_CACTA002,TSS,Inflow,332
94.0,6_CACTA002,TSS,Inflow,332
70.0,6_CACTA002,TSS,Inflow,333
55.0,6_CACTA002,TSS,Inflow,333
50.0,6_CACTA002,TSS,Inflow,333
57.0,6_CACTA002,TSS,Inflow,333
85.0,6_CACTA002,TSS,Inflow,333
163.0,6_CACTA002,TSS,Inflow,334
31.0,6_CACTA002,TSS,Inflow,334
55.0,6_CACTA002,TSS,Inflow,334
155.0,6_CACTA002,TSS,Inflow,334
70.0,6_CACTA002,TSS,Inflow,334
57.0,6_CACTA002,TSS,Inflow,335
155.0,6_CACTA002,TSS,Inflow,335
31.0,6_CACTA002,TSS,Inflow,335
94.0,6_CACTA002,TSS,Inflow,335
57.0,6_CACTA002,TSS,Inflow,335
44.0,6_CACTA002,TSS,Inflow,336
57.0,6_CACTA002,TSS,Inflow,336
57.0,6_CACTA002,TSS,Inflow,336
155.0,6_CACTA002,TSS,Inflow,336
39.0,6_CACTA002,TSS,Inflow,336
44.0,6_CACTA002,TSS,Inflow,337
10.0,6_CACTA002,TSS,Inflow,337
100.0,6_CACTA002,TSS,Inflow,337
27.0,6_CACTA002,TSS,Inflow,337
57.0,6_CACTA002,TSS,Inflow,337
44.0,6_CACTA002,TSS,Inflow,338
39.0,6_CACTA002,TSS,Inflow,338
94.0,6_CACTA002,TSS,Inflow,338
85.0,6_CACTA002,TSS,Inflow,338
27.0,6_CACTA002,TSS,Inflow,338
85.0,6_CACTA002,TSS,Inflow,339
31.0,6_CACTA002,TSS,Inflow,339
155.0,6_CACTA002,TSS,Inflow,339
100.0,6_CACTA002,TSS,Inflow,339
39.0,6_CACTA002,TSS,Inflow,339
27.0,6_CACTA002,TSS,Inflow,340
70.0,6_CACTA002,TSS,Inflow,340
39.0,6_CACTA002,TSS,Inflow,340
85.0,6_CACTA002,TSS,Inflow,340
50.0,6_CACTA002,TSS,Inflow,340
57.0,6_CACTA002,TSS,Inflow,341
10.0,6_CACTA002,TSS,Inflow,341
39.0,6_CACTA002,TSS,Inflow,341
44.0,6_CACTA002,TSS,Inflow,341
50.0,6_CACTA002,TSS,Inflow,341
27.0,6_CACTA002,TSS,Inflow,342
57.0,6_CACTA002,TSS,Inflow,342
85.0,6_CACTA002,TSS,Inflow,342
155.0,6_CACTA002,TSS,Inflow,342
44.0,6_CACTA002,TSS,Inflow,342
57.0,6_CACTA002,TSS,Inflow,343
31.0,6_CACTA002,TSS,Inflow,343
39.0,6_CACTA002,TSS,Inflow,343
100.0,6_CACTA002,TSS,Inflow,343
50.0,6_CACTA002,TSS,Inflow,343
44.0,6_CACTA002,TSS,Inflow,344
27.0,6_CACTA002,TSS,Inflow,344
55.0,6_CACTA002,TSS,Inflow,344
163.0,6_CACTA002,TSS,Inflow,344
50.0,6_CACTA002,TSS,Inflow,344
85.0,6_CACTA002,TSS,Inflow,345
163.0,6_CACTA002,TSS,Inflow,345
57.0,6_CACTA002,TSS,Inflow,345
39.0,6_CACTA002,TSS,Inflow,345
94.0,6_CACTA002,TSS,Inflow,345
100.0,6_CACTA002,TSS,Inflow,346
94.0,6_CACTA002,TSS,Inflow,346
85.0,6_CACTA002,TSS,Inflow,346
27.0,6_CACTA002,TSS,Inflow,346
39.0,6_CACTA002,TSS,Inflow,346
44.0,6_CACTA002,TSS,Inflow,347
57.0,6_CACTA002,TSS,Inflow,347
27.0,6_CACTA002,TSS,Inflow,347
85.0,6_CACTA002,TSS,Inflow,347
100.0,6_CACTA002,TSS,Inflow,347
57.0,6_CACTA002,TSS,Inflow,348
155.0,6_CACTA002,TSS,Inflow,348
57.0,6_CACTA002,TSS,Inflow,348
31.0,6_CACTA002,TSS,Inflow,348
55.0,6_CACTA002,TSS,Inflow,348
94.0,6_CACTA002,TSS,Inflow,349
155.0,6_CACTA002,TSS,Inflow,349
100.0,6_CACTA002,TSS,Inflow,349
57.0,6_CACTA002,TSS,Inflow,349
10.0,6_CACTA002,TSS,Inflow,349
155.0,6_CACTA002,TSS,Inflow,350
57.0,6_CACTA002,TSS,Inflow,350
94.0,6_CACTA002,TSS,Inflow,350
55.0,6_CACTA002,TSS,Inflow,350
39.0,6_CACTA002,TSS,Inflow,350
57.0,6_CACTA002,TSS,Inflow,351
27.0,6_CACTA002,TSS,Inflow,351
44.0,6_CACTA002,TSS,Inflow,351
70.0,6_CACTA002,TSS,Inflow,351
31.0,6_CACTA002,TSS,Inflow,351
50.0,6_CACTA002,TSS,Inflow,352
57.0,6_CACTA002,TSS,Inflow,352
57.0,6_CACTA002,TSS,Inflow,352
27.0,6_CACTA002,TSS,Inflow,352
31.0,6_CACTA002,TSS,Inflow,352
31.0,6_CACTA002,TSS,Inflow,353
155.0,6_CACTA002,TSS,Inflow,353
94.0,6_CACTA002,TSS,Inflow,353
44.0,6_CACTA002,TSS,Inflow,353
100.0,6_CACTA002,TSS,Inflow,353
31.0,6_CACTA002,TSS,Inflow,354
85.0,6_CACTA002,TSS,Inflow,354
94.0,6_CACTA002,TSS,Inflow,354
70.0,6_CACTA002,TSS,Inflow,354
155.0,6_CACTA002,TSS,Inflow,354
57.0,6_CACTA002,TSS,Inflow,355
39.0,6_CACTA002,TSS,Inflow,355
100.0,6_CACTA002,TSS,Inflow,355
163.0,6_CACTA002,TSS,Inflow,355
94.0,6_CACTA002,TSS,Inflow,355
39.0,6_CACTA002,TSS,Inflow,356
70.0,6_CACTA002,TSS,Inflow,356
163.0,6_CACTA002,TSS,Inflow,356
155.0,6_CACTA002,TSS,Inflow,356
94.0,6_CACTA002,TSS,Inflow,356
27.0,6_CACTA002,TSS,Inflow,357
44.0,6_CACTA002,TSS,Inflow,357
163.0,6_CACTA002,TSS,Inflow,357
50.0,6_CACTA002,TSS,Inflow,357
94.0,6_CACTA002,TSS,Inflow,357
57.0,6_CACTA002,TSS,Inflow,358
163.0,6_CACTA002,TSS,Inflow,358
55.0,6_CACTA002,TSS,Inflow,358
39.0,6_CACTA002,TSS,Inflow,358
50.0,6_CACTA002,TSS,Inflow,358
39.0,6_CACTA002,TSS,Inflow,359
163.0,6_CACTA002,TSS,Inflow,359
55.0,6_CACTA002,TSS,Inflow,359
94.0,6_CACTA002,TSS,Inflow,359
44.0,6_CACTA002,TSS,Inflow,359
50.0,6_CACTA002,TSS,Inflow,360
85.0,6_CACTA002,TSS,Inflow,360
55.0,6_CACTA002,TSS,Inflow,360
27.0,6_CACTA002,TSS,Inflow,360
70.0,6_CACTA002,TSS,Inflow,360
85.0,6_CACTA002,TSS,Inflow,361
39.0,6_CACTA002,TSS,Inflow,361
57.0,6_CACTA002,TSS,Inflow,361
70.0,6_CACTA002,TSS,Inflow,361
100.0,6_CACTA002,TSS,Inflow,361
57.0,6_CACTA002,TSS,Inflow,362
27.0,6_CACTA002,TSS,Inflow,362
85.0,6_CACTA002,TSS,Inflow,362
100.0,6_CACTA002,TSS,Inflow,362
39.0,6_CACTA002,TSS,Inflow,362
85.0,6_CACTA002,TSS,Inflow,363
10.0,6_CACTA002,TSS,Inflow,363
39.0,6_CACTA002,TSS,Inflow,363
27.0,6_CACTA002,TSS,Inflow,363
44.0,6_CACTA002,TSS,Inflow,363
85.0,6_CACTA002,TSS,Inflow,364
27.0,6_CACTA002,TSS,Inflow,364
57.0,6_CACTA002,TSS,Inflow,364
163.0,6_CACTA002,TSS,Inflow,364
70.0,6_CACTA002,TSS,Inflow,364
10.0,6_CACTA002,TSS,Inflow,365
50.0,6_CACTA002,TSS,Inflow,365
55.0,6_CACTA002,TSS,Inflow,365
39.0,6_CACTA002,TSS,Inflow,365
70.0,6_CACTA002,TSS,Inflow,365
31.0,6_CACTA002,TSS,Inflow,366
57.0,6_CACTA002,TSS,Inflow,366
50.0,6_CACTA002,TSS,Inflow,366
57.0,6_CACTA002,TSS,Inflow,366
85.0,6_CACTA002,TSS,Inflow,366
85.0,6_CACTA002,TSS,Inflow,367
163.0,6_CACTA002,TSS,Inflow,367
57.0,6_CACTA002,TSS,Inflow,367
27.0,6_CACTA002,TSS,Inflow,367
94.0,6_CACTA002,TSS,Inflow,367
44.0,6_CACTA002,TSS,Inflow,368
50.0,6_CACTA002,TSS,Inflow,368
10.0,6_CACTA002,TSS,Inflow,368
70.0,6_CACTA002,TSS,Inflow,368
57.0,6_CACTA002,TSS,Inflow,368
27.0,6_CACTA002,TSS,Inflow,369
57.0,6_CACTA002,TSS,Inflow,369
39.0,6_CACTA002,TSS,Inflow,369
100.0,6_CACTA002,TSS,Inflow,369
10.0,6_CACTA002,TSS,Inflow,369
10.0,6_CACTA002,TSS,Inflow,370
39.0,6_CACTA002,TSS,Inflow,370
85.0,6_CACTA002,TSS,Inflow,370
44.0,6_CACTA002,TSS,Inflow,370
163.0,6_CACTA002,TSS,Inflow,370
57.0,6_CACTA002,TSS,Inflow,371
31.0,6_CACTA002,TSS,Inflow,371
27.0,6_CACTA002,TSS,Inflow,371
100.0,6_CACTA002,TSS,Inflow,371
10.0,6_CACTA002,TSS,Inflow,371
39.0,6_CACTA002,TSS,Inflow,372
70.0,6_CACTA002,TSS,Inflow,372
31.0,6_CACTA002,TSS,Inflow,372
44.0,6_CACTA002,TSS,Inflow,372
155.0,6_CACTA002,TSS,Inflow,372
10.0,6_CACTA002,TSS,Inflow,373
100.0,6_CACTA002,TSS,Inflow,373
57.0,6_CACTA002,TSS,Inflow,373
39.0,6_CACTA002,TSS,Inflow,373
44.0,6_CACTA002,TSS,Inflow,373
155.0,6_CACTA002,TSS,Inflow,374
57.0,6_CACTA002,TSS,Inflow,374
27.0,6_CACTA002,TSS,Inflow,374
31.0,6_CACTA002,TSS,Inflow,374
163.0,6_CACTA002,TSS,Inflow,374
57.0,6_CACTA002,TSS,Inflow,375
27.0,6_CACTA002,TSS,Inflow,375
55.0,6_CACTA002,TSS,Inflow,375
155.0,6_CACTA002,TSS,Inflow,375
100.0,6_CACTA002,TSS,Inflow,375
155.0,6_CACTA002,TSS,Inflow,376
10.0,6_CACTA002,TSS,Inflow,376
70.0,6_CACTA002,TSS,Inflow,376
27.0,6_CACTA002,TSS,Inflow,376
55.0,6_CACTA002,TSS,Inflow,376
44.0,6_CACTA002,TSS,Inflow,377
31.0,6_CACTA002,TSS,Inflow,377
57.0,6_CACTA002,TSS,Inflow,377
100.0,6_CACTA002,TSS,Inflow,377
85.0,6_CACTA002,TSS,Inflow,377
31.0,6_CACTA002,TSS,Inflow,378
94.0,6_CACTA002,TSS,Inflow,378
57.0,6_CACTA002,TSS,Inflow,378
39.0,6_CACTA002,TSS,Inflow,378
27.0,6_CACTA002,TSS,Inflow,378
44.0,6_CACTA002,TSS,Inflow,379
57.0,6_CACTA002,TSS,Inflow,379
94.0,6_CACTA002,TSS,Inflow,379
50.0,6_CACTA002,TSS,Inflow,379
100.0,6_CACTA002,TSS,Inflow,379
31.0,6_CACTA002,TSS,Inflow,380
100.0,6_CACTA002,TSS,Inflow,380
85.0,6_CACTA002,TSS,Inflow,380
50.0,6_CACTA002,TSS,Inflow,380
57.0,6_CACTA002,TSS,Inflow,380
27.0,6_CACTA002,TSS,Inflow,381
94.0,6_CACTA002,TSS,Inflow,381
39.0,6_CACTA002,TSS,Inflow,381
57.0,6_CACTA002,TSS,Inflow,381
55.0,6_CACTA002,TSS,Inflow,381
155.0,6_CACTA002,TSS,Inflow,382
50.0,6_CACTA002,TSS,Inflow,382
10.0,6_CACTA002,TSS,Inflow,382
39.0,6_CACTA002,TSS,Inflow,382
85.0,6_CACTA002,TSS,Inflow,382
163.0,6_CACTA002,TSS,Inflow,383
155.0,6_CACTA002,TSS,Inflow,383
57.0,6_CACTA002,TSS,Inflow,383
27.0,6_CACTA002,TSS,Inflow,383
44.0,6_CACTA002,TSS,Inflow,383
100.0,6_CACTA002,TSS,Inflow,384
55.0,6_CACTA002,TSS,Inflow,384
57.0,6_CACTA002,TSS,Inflow,384
94.0,6_CACTA002,TSS,Inflow,384
39.0,6_CACTA002,TSS,Inflow,384
57.0,6_CACTA002,TSS,Inflow,385
10.0,6_CACTA002,TSS,Inflow,385
50.0,6_CACTA002,TSS,Inflow,385
57.0,6_CACTA002,TSS,Inflow,385
85.0,6_CACTA002,TSS,Inflow,385
155.0,6_CACTA002,TSS,Inflow,386
85.0,6_CACTA002,TSS,Inflow,386
55.0,6_CACTA002,TSS,Inflow,386
39.0,6_CACTA002,TSS,Inflow,386
163.0,6_CACTA002,TSS,Inflow,386
31.0,6_CACTA002,TSS,Inflow,387
163.0,6_CACTA002,TSS,Inflow,387
100.0,6_CACTA002,TSS,Inflow,387
70.0,6_CACTA002,TSS,Inflow,387
57.0,6_CACTA002,TSS,Inflow,387
100.0,6_CACTA002,TSS,Inflow,388
39.0,6_CACTA002,TSS,Inflow,388
57.0,6_CACTA002,TSS,Inflow,388
155.0,6_CACTA002,TSS,Inflow,388
10.0,6_CACTA002,TSS,Inflow,388
10.0,6_CACTA002,TSS,Inflow,389
57.0,6_CACTA002,TSS,Inflow,389
50.0,6_CACTA002,TSS,Inflow,389
85.0,6_CACTA002,TSS,Inflow,389
39.0,6_CACTA002,TSS,Inflow,389
50.0,6_CACTA002,TSS,Inflow,390
31.0,6_CACTA002,TSS,Inflow,390
27.0,6_CACTA002,TSS,Inflow,390
94.0,6_CACTA002,TSS,Inflow,390
10.0,6_CACTA002,TSS,Inflow,390
55.0,6_CACTA002,TSS,Inflow,391
44.0,6_CACTA002,TSS,Inflow,391
100.0,6_CACTA002,TSS,Inflow,391
10.0,6_CACTA002,TSS,Inflow,391
94.0,6_CACTA002,TSS,Inflow,391
44.0,6_CACTA002,TSS,Inflow,392
39.0,6_CACTA002,TSS,Inflow,392
10.0,6_CACTA002,TSS,Inflow,392
57.0,6_CACTA002,TSS,Inflow,392
27.0,6_CACTA002,TSS,Inflow,392
155.0,6_CACTA002,TSS,Inflow,393
57.0,6_CACTA002,TSS,Inflow,393
10.0,6_CACTA002,TSS,Inflow,393
70.0,6_CACTA002,TSS,Inflow,393
55.0,6_CACTA002,TSS,Inflow,393
57.0,6_CACTA002,TSS,Inflow,394
57.0,6_CACTA002,TSS,Inflow,394
55.0,6_CACTA002,TSS,Inflow,394
85.0,6_CACTA002,TSS,Inflow,394
10.0,6_CACTA002,TSS,Inflow,394
85.0,6_CACTA002,TSS,Inflow,395
31.0,6_CACTA002,TSS,Inflow,395
57.0,6_CACTA002,TSS,Inflow,395
57.0,6_CACTA002,TSS,Inflow,395
94.0,6_CACTA002,TSS,Inflow,395
100.0,6_CACTA002,TSS,Inflow,396
10.0,6_CACTA002,TSS,Inflow,396
50.0,6_CACTA002,TSS,Inflow,396
55.0,6_CACTA002,TSS,Inflow,396
155.0,6_CACTA002,TSS,Inflow,396
155.0,6_CACTA002,TSS,Inflow,397
85.0,6_CACTA002,TSS,Inflow,397
70.0,6_CACTA002,TSS,Inflow,397
57.0,6_CACTA002,TSS,Inflow,397
39.0,6_CACTA002,TSS,Inflow,397
31.0,6_CACTA002,TSS,Inflow,398
44.0,6_CACTA002,TSS,Inflow,398
163.0,6_CACTA002,TSS,Inflow,398
94.0,6_CACTA002,TSS,Inflow,398
50.0,6_CACTA002,TSS,Inflow,398
27.0,6_CACTA002,TSS,Inflow,399
94.0,6_CACTA002,TSS,Inflow,399
39.0,6_CACTA002,TSS,Inflow,399
44.0,6_CACTA002,TSS,Inflow,399
70.0,6_CACTA002,TSS,Inflow,399
27.0,6_CACTA002,TSS,Inflow,400
31.0,6_CACTA002,TSS,Inflow,400
163.0,6_CACTA002,TSS,Inflow,400
44.0,6_CACTA002,TSS,Inflow,400
94.0,6_CACTA002,TSS,Inflow,400
27.0,6_CACTA002,TSS,Inflow,401
57.0,6_CACTA002,TSS,Inflow,401
31.0,6_CACTA002,TSS,Inflow,401
155.0,6_CACTA002,TSS,Inflow,401
163.0,6_CACTA002,TSS,Inflow,401
85.0,6_CACTA002,TSS,Inflow,402
55.0,6_CACTA002,TSS,Inflow,402
100.0,6_CACTA002,TSS,Inflow,402
31.0,6_CACTA002,TSS,Inflow,402
44.0,6_CACTA002,TSS,Inflow,402
44.0,6_CACTA002,TSS,Inflow,403
31.0,6_CACTA002,TSS,Inflow,403
85.0,6_CACTA002,TSS,Inflow,403
57.0,6_CACTA002,TSS,Inflow,403
55.0,6_CACTA002,TSS,Inflow,403
163.0,6_CACTA002,TSS,Inflow,404
57.0,6_CACTA002,TSS,Inflow,404
94.0,6_CACTA002,TSS,Inflow,404
44.0,6_CACTA002,TSS,Inflow,404
70.0,6_CACTA002,TSS,Inflow,404
10.0,6_CACTA002,TSS,Inflow,405
57.0,6_CACTA002,TSS,Inflow,405
57.0,6_CACTA002,TSS,Inflow,405
163.0,6_CACTA002,TSS,Inflow,405
27.0,6_CACTA002,TSS,Inflow,405
39.0,6_CACTA002,TSS,Inflow,406
85.0,6_CACTA002,TSS,Inflow,406
70.0,6_CACTA002,TSS,Inflow,406
27.0,6_CACTA002,TSS,Inflow,406
55.0,6_CACTA002,TSS,Inflow,406
44.0,6_CACTA002,TSS,Inflow,407
27.0,6_CACTA002,TSS,Inflow,407
94.0,6_CACTA002,TSS,Inflow,407
10.0,6_CACTA002,TSS,Inflow,407
70.0,6_CACTA002,TSS,Inflow,407
100.0,6_CACTA002,TSS,Inflow,408
27.0,6_CACTA002,TSS,Inflow,408
44.0,6_CACTA002,TSS,Inflow,408
57.0,6_CACTA002,TSS,Inflow,408
57.0,6_CACTA002,TSS,Inflow,408
10.0,6_CACTA002,TSS,Inflow,409
31.0,6_CACTA002,TSS,Inflow,409
70.0,6_CACTA002,TSS,Inflow,409
39.0,6_CACTA002,TSS,Inflow,409
85.0,6_CACTA002,TSS,Inflow,409
44.0,6_CACTA002,TSS,Inflow,410
50.0,6_CACTA002,TSS,Inflow,410
155.0,6_CACTA002,TSS,Inflow,410
85.0,6_CACTA002,TSS,Inflow,410
57.0,6_CACTA002,TSS,Inflow,410
57.0,6_CACTA002,TSS,Inflow,411
70.0,6_CACTA002,TSS,Inflow,411
100.0,6_CACTA002,TSS,Inflow,411
55.0,6_CACTA002,TSS,Inflow,411
50.0,6_CACTA002,TSS,Inflow,411
94.0,6_CACTA002,TSS,Inflow,412
55.0,6_CACTA002,TSS,Inflow,412
57.0,6_CACTA002,TSS,Inflow,412
27.0,6_CACTA002,TSS,Inflow,412
31.0,6_CACTA002,TSS,Inflow,412
39.0,6_CACTA002,TSS,Inflow,413
57.0,6_CACTA002,TSS,Inflow,413
31.0,6_CACTA002,TSS,Inflow,413
163.0,6_CACTA002,TSS,Inflow,413
27.0,6_CACTA002,TSS,Inflow,413
31.0,6_CACTA002,TSS,Inflow,414
163.0,6_CACTA002,TSS,Inflow,414
55.0,6_CACTA002,TSS,Inflow,414
100.0,6_CACTA002,TSS,Inflow,414
27.0,6_CACTA002,TSS,Inflow,414
44.0,6_CACTA002,TSS,Inflow,415
100.0,6_CACTA002,TSS,Inflow,415
57.0,6_CACTA002,TSS,Inflow,415
57.0,6_CACTA002,TSS,Inflow,415
55.0,6_CACTA002,TSS,Inflow,415
57.0,6_CACTA002,TSS,Inflow,416
39.0,6_CACTA002,TSS,Inflow,416
10.0,6_CACTA002,TSS,Inflow,416
55.0,6_CACTA002,TSS,Inflow,416
50.0,6_CACTA002,TSS,Inflow,416
155.0,6_CACTA002,TSS,Inflow,417
50.0,6_CACTA002,TSS,Inflow,417
70.0,6_CACTA002,TSS,Inflow,417
163.0,6_CACTA002,TSS,Inflow,417
27.0,6_CACTA002,TSS,Inflow,417
10.0,6_CACTA002,TSS,Inflow,418
94.0,6_CACTA002,TSS,Inflow,418
57.0,6_CACTA002,TSS,Inflow,418
70.0,6_CACTA002,TSS,Inflow,418
55.0,6_CACTA002,TSS,Inflow,418
57.0,6_CACTA002,TSS,Inflow,419
10.0,6_CACTA002,TSS,Inflow,419
85.0,6_CACTA002,TSS,Inflow,419
27.0,6_CACTA002,TSS,Inflow,419
55.0,6_CACTA002,TSS,Inflow,419
155.0,6_CACTA002,TSS,Inflow,420
44.0,6_CACTA002,TSS,Inflow,420
55.0,6_CACTA002,TSS,Inflow,420
85.0,6_CACTA002,TSS,Inflow,420
10.0,6_CACTA002,TSS,Inflow,420
39.0,6_CACTA002,TSS,Inflow,421
10.0,6_CACTA002,TSS,Inflow,421
57.0,6_CACTA002,TSS,Inflow,421
27.0,6_CACTA002,TSS,Inflow,421
70.0,6_CACTA002,TSS,Inflow,421
50.0,6_CACTA002,TSS,Inflow,422
94.0,6_CACTA002,TSS,Inflow,422
57.0,6_CACTA002,TSS,Inflow,422
31.0,6_CACTA002,TSS,Inflow,422
57.0,6_CACTA002,TSS,Inflow,422
70.0,6_CACTA002,TSS,Inflow,423
44.0,6_CACTA002,TSS,Inflow,423
85.0,6_CACTA002,TSS,Inflow,423
31.0,6_CACTA002,TSS,Inflow,423
57.0,6_CACTA002,TSS,Inflow,423
44.0,6_CACTA002,TSS,Inflow,424
57.0,6_CACTA002,TSS,Inflow,424
10.0,6_CACTA002,TSS,Inflow,424
50.0,6_CACTA002,TSS,Inflow,424
155.0,6_CACTA002,TSS,Inflow,424
70.0,6_CACTA002,TSS,Inflow,425
39.0,6_CACTA002,TSS,Inflow,425
31.0,6_CACTA002,TSS,Inflow,425
50.0,6_CACTA002,TSS,Inflow,425
163.0,6_CACTA002,TSS,Inflow,425
57.0,6_CACTA002,TSS,Inflow,426
55.0,6_CACTA002,TSS,Inflow,426
85.0,6_CACTA002,TSS,Inflow,426
10.0,6_CACTA002,TSS,Inflow,426
44.0,6_CACTA002,TSS,Inflow,426
27.0,6_CACTA002,TSS,Inflow,427
57.0,6_CACTA002,TSS,Inflow,427
155.0,6_CACTA002,TSS,Inflow,427
10.0,6_CACTA002,TSS,Inflow,427
85.0,6_CACTA002,TSS,Inflow,427
39.0,6_CACTA002,TSS,Inflow,428
55.0,6_CACTA002,TSS,Inflow,428
85.0,6_CACTA002,TSS,Inflow,428
10.0,6_CACTA002,TSS,Inflow,428
57.0,6_CACTA002,TSS,Inflow,428
155.0,6_CACTA002,TSS,Inflow,429
100.0,6_CACTA002,TSS,Inflow,429
57.0,6_CACTA002,TSS,Inflow,429
50.0,6_CACTA002,TSS,Inflow,429
55.0,6_CACTA002,TSS,Inflow,429
70.0,6_CACTA002,TSS,Inflow,430
31.0,6_CACTA002,TSS,Inflow,430
57.0,6_CACTA002,TSS,Inflow,430
163.0,6_CACTA002,TSS,Inflow,430
50.0,6_CACTA002,TSS,Inflow,430
44.0,6_CACTA002,TSS,Inflow,431
50.0,6_CACTA002,TSS,Inflow,431
10.0,6_CACTA002,TSS,Inflow,431
31.0,6_CACTA002,TSS,Inflow,431
57.0,6_CACTA002,TSS,Inflow,431
10.0,6_CACTA002,TSS,Inflow,432
155.0,6_CACTA002,TSS,Inflow,432
57.0,6_CACTA002,TSS,Inflow,432
50.0,6_CACTA002,TSS,Inflow,432
85.0,6_CACTA002,TSS,Inflow,432
27.0,6_CACTA002,TSS,Inflow,433
100.0,6_CACTA002,TSS,Inflow,433
57.0,6_CACTA002,TSS,Inflow,433
55.0,6_CACTA002,TSS,Inflow,433
10.0,6_CACTA002,TSS,Inflow,433
155.0,6_CACTA002,TSS,Inflow,434
94.0,6_CACTA002,TSS,Inflow,434
10.0,6_CACTA002,TSS,Inflow,434
70.0,6_CACTA002,TSS,Inflow,434
27.0,6_CACTA002,TSS,Inflow,434
57.0,6_CACTA002,TSS,Inflow,435
85.0,6_CACTA002,TSS,Inflow,435
57.0,6_CACTA002,TSS,Inflow,435
163.0,6_CACTA002,TSS,Inflow,435
50.0,6_CACTA002,TSS,Inflow,435
57.0,6_CACTA002,TSS,Inflow,436
94.0,6_CACTA002,TSS,Inflow,436
39.0,6_CACTA002,TSS,Inflow,436
100.0,6_CACTA002,TSS,Inflow,436
163.0,6_CACTA002,TSS,Inflow,436
39.0,6_CACTA002,TSS,Inflow,437
163.0,6_CACTA002,TSS,Inflow,437
27.0,6_CACTA002,TSS,Inflow,437
100.0,6_CACTA002,TSS,Inflow,437
57.0,6_CACTA002,TSS,Inflow,437
39.0,6_CACTA002,TSS,Inflow,438
155.0,6_CACTA002,TSS,Inflow,438
70.0,6_CACTA002,TSS,Inflow,438
85.0,6_CACTA002,TSS,Inflow,438
55.0,6_CACTA002,TSS,Inflow,438
70.0,6_CACTA002,TSS,Inflow,439
85.0,6_CACTA002,TSS,Inflow,439
163.0,6_CACTA002,TSS,Inflow,439
55.0,6_CACTA002,TSS,Inflow,439
44.0,6_CACTA002,TSS,Inflow,439
85.0,6_CACTA002,TSS,Inflow,440
39.0,6_CACTA002,TSS,Inflow,440
57.0,6_CACTA002,TSS,Inflow,440
163.0,6_CACTA002,TSS,Inflow,440
10.0,6_CACTA002,TSS,Inflow,440
100.0,6_CACTA002,TSS,Inflow,441
94.0,6_CACTA002,TSS,Inflow,441
85.0,6_CACTA002,TSS,Inflow,441
39.0,6_CACTA002,TSS,Inflow,441
10.0,6_CACTA002,TSS,Inflow,441
155.0,6_CACTA002,TSS,Inflow,442
100.0,6_CACTA002,TSS,Inflow,442
27.0,6_CACTA002,TSS,Inflow,442
85.0,6_CACTA002,TSS,Inflow,442
44.0,6_CACTA002,TSS,Inflow,442
27.0,6_CACTA002,TSS,Inflow,443
50.0,6_CACTA002,TSS,Inflow,443
57.0,6_CACTA002,TSS,Inflow,443
94.0,6_CACTA002,TSS,Inflow,443
155.0,6_CACTA002,TSS,Inflow,443
57.0,6_CACTA002,TSS,Inflow,444
94.0,6_CACTA002,TSS,Inflow,444
100.0,6_CACTA002,TSS,Inflow,444
10.0,6_CACTA002,TSS,Inflow,444
155.0,6_CACTA002,TSS,Inflow,444
55.0,6_CACTA002,TSS,Inflow,445
50.0,6_CACTA002,TSS,Inflow,445
85.0,6_CACTA002,TSS,Inflow,445
100.0,6_CACTA002,TSS,Inflow,445
44.0,6_CACTA002,TSS,Inflow,445
27.0,6_CACTA002,TSS,Inflow,446
100.0,6_CACTA002,TSS,Inflow,446
163.0,6_CACTA002,TSS,Inflow,446
94.0,6_CACTA002,TSS,Inflow,446
155.0,6_CACTA002,TSS,Inflow,446
27.0,6_CACTA002,TSS,Inflow,447
55.0,6_CACTA002,TSS,Inflow,447
163.0,6_CACTA002,TSS,Inflow,447
10.0,6_CACTA002,TSS,Inflow,447
50.0,6_CACTA002,TSS,Inflow,447
39.0,6_CACTA002,TSS,Inflow,448
94.0,6_CACTA002,TSS,Inflow,448
163.0,6_CACTA002,TSS,Inflow,448
100.0,6_CACTA002,TSS,Inflow,448
44.0,6_CACTA002,TSS,Inflow,448
100.0,6_CACTA002,TSS,Inflow,449
57.0,6_CACTA002,TSS,Inflow,449
27.0,6_CACTA002,TSS,Inflow,449
85.0,6_CACTA002,TSS,Inflow,449
39.0,6_CACTA002,TSS,Inflow,449
27.0,6_CACTA002,TSS,Inflow,450
70.0,6_CACTA002,TSS,Inflow,450
94.0,6_CACTA002,TSS,Inflow,450
155.0,6_CACTA002,TSS,Inflow,450
55.0,6_CACTA002,TSS,Inflow,450
70.0,6_CACTA002,TSS,Inflow,451
163.0,6_CACTA002,TSS,Inflow,451
31.0,6_CACTA002,TSS,Inflow,451
10.0,6_CACTA002,TSS,Inflow,451
44.0,6_CACTA002,TSS,Inflow,451
55.0,6_CACTA002,TSS,Inflow,452
85.0,6_CACTA002,TSS,Inflow,452
50.0,6_CACTA002,TSS,Inflow,452
10.0,6_CACTA002,TSS,Inflow,452
100.0,6_CACTA002,TSS,Inflow,452
55.0,6_CACTA002,TSS,Inflow,453
155.0,6_CACTA002,TSS,Inflow,453
100.0,6_CACTA002,TSS,Inflow,453
85.0,6_CACTA002,TSS,Inflow,453
44.0,6_CACTA002,TSS,Inflow,453
57.0,6_CACTA002,TSS,Inflow,454
57.0,6_CACTA002,TSS,Inflow,454
100.0,6_CACTA002,TSS,Inflow,454
50.0,6_CACTA002,TSS,Inflow,454
94.0,6_CACTA002,TSS,Inflow,454
31.0,6_CACTA002,TSS,Inflow,455
163.0,6_CACTA002,TSS,Inflow,455
70.0,6_CACTA002,TSS,Inflow,455
44.0,6_CACTA002,TSS,Inflow,455
39.0,6_CACTA002,TSS,Inflow,455
57.0,6_CACTA002,TSS,Inflow,456
94.0,6_CACTA002,TSS,Inflow,456
57.0,6_CACTA002,TSS,Inflow,456
44.0,6_CACTA002,TSS,Inflow,456
100.0,6_CACTA002,TSS,Inflow,456
10.0,6_CACTA002,TSS,Inflow,457
57.0,6_CACTA002,TSS,Inflow,457
70.0,6_CACTA002,TSS,Inflow,457
55.0,6_CACTA002,TSS,Inflow,457
31.0,6_CACTA002,TSS,Inflow,457
100.0,6_CACTA002,TSS,Inflow,458
70.0,6_CACTA002,TSS,Inflow,458
44.0,6_CACTA002,TSS,Inflow,458
57.0,6_CACTA002,TSS,Inflow,458
85.0,6_CACTA002,TSS,Inflow,458
57.0,6_CACTA002,TSS,Inflow,459
10.0,6_CACTA002,TSS,Inflow,459
44.0,6_CACTA002,TSS,Inflow,459
70.0,6_CACTA002,TSS,Inflow,459
39.0,6_CACTA002,TSS,Inflow,459
57.0,6_CACTA002,TSS,Inflow,460
31.0,6_CACTA002,TSS,Inflow,460
155.0,6_CACTA002,TSS,Inflow,460
100.0,6_CACTA002,TSS,Inflow,460
27.0,6_CACTA002,TSS,Inflow,460
10.0,6_CACTA002,TSS,Inflow,461
85.0,6_CACTA002,TSS,Inflow,461
100.0,6_CACTA002,TSS,Inflow,461
163.0,6_CACTA002,TSS,Inflow,461
57.0,6_CACTA002,TSS,Inflow,461
85.0,6_CACTA002,TSS,Inflow,462
163.0,6_CACTA002,TSS,Inflow,462
44.0,6_CACTA002,TSS,Inflow,462
94.0,6_CACTA002,TSS,Inflow,462
57.0,6_CACTA002,TSS,Inflow,462
100.0,6_CACTA002,TSS,Inflow,463
85.0,6_CACTA002,TSS,Inflow,463
10.0,6_CACTA002,TSS,Inflow,463
31.0,6_CACTA002,TSS,Inflow,463
155.0,6_CACTA002,TSS,Inflow,463
39.0,6_CACTA002,TSS,Inflow,464
94.0,6_CACTA002,TSS,Inflow,464
44.0,6_CACTA002,TSS,Inflow,464
55.0,6_CACTA002,TSS,Inflow,464
50.0,6_CACTA002,TSS,Inflow,464
163.0,6_CACTA002,TSS,Inflow,465
31.0,6_CACTA002,TSS,Inflow,465
155.0,6_CACTA002,TSS,Inflow,465
55.0,6_CACTA002,TSS,Inflow,465
100.0,6_CACTA002,TSS,Inflow,465
44.0,6_CACTA002,TSS,Inflow,466
94.0,6_CACTA002,TSS,Inflow,466
55.0,6_CACTA002,TSS,Inflow,466
155.0,6_CACTA002,TSS,Inflow,466
100.0,6_CACTA002,TSS,Inflow,466
85.0,6_CACTA002,TSS,Inflow,467
10.0,6_CACTA002,TSS,Inflow,467
27.0,6_CACTA002,TSS,Inflow,467
155.0,6_CACTA002,TSS,Inflow,467
44.0,6_CACTA002,TSS,Inflow,467
44.0,6_CACTA002,TSS,Inflow,468
39.0,6_CACTA002,TSS,Inflow,468
31.0,6_CACTA002,TSS,Inflow,468
70.0,6_CACTA002,TSS,Inflow,468
10.0,6_CACTA002,TSS,Inflow,468
31.0,6_CACTA002,TSS,Inflow,469
27.0,6_CACTA002,TSS,Inflow,469
55.0,6_CACTA002,TSS,Inflow,469
94.0,6_CACTA002,TSS,Inflow,469
10.0,6_CACTA002,TSS,Inflow,469
57.0,6_CACTA002,TSS,Inflow,470
55.0,6_CACTA002,TSS,Inflow,470
70.0,6_CACTA002,TSS,Inflow,470
39.0,6_CACTA002,TSS,Inflow,470
57.0,6_CACTA002,TSS,Inflow,470
50.0,6_CACTA002,TSS,Inflow,471
100.0,6_CACTA002,TSS,Inflow,471
10.0,6_CACTA002,TSS,Inflow,471
39.0,6_CACTA002,TSS,Inflow,471
94.0,6_CACTA002,TSS,Inflow,471
55.0,6_CACTA002,TSS,Inflow,472
57.0,6_CACTA002,TSS,Inflow,472
70.0,6_CACTA002,TSS,Inflow,472
27.0,6_CACTA002,TSS,Inflow,472
85.0,6_CACTA002,TSS,Inflow,472
44.0,6_CACTA002,TSS,Inflow,473
57.0,6_CACTA002,TSS,Inflow,473
31.0,6_CACTA002,TSS,Inflow,473
57.0,6_CACTA002,TSS,Inflow,473
55.0,6_CACTA002,TSS,Inflow,473
55.0,6_CACTA002,TSS,Inflow,474
70.0,6_CACTA002,TSS,Inflow,474
50.0,6_CACTA002,TSS,Inflow,474
57.0,6_CACTA002,TSS,Inflow,474
57.0,6_CACTA002,TSS,Inflow,474
100.0,6_CACTA002,TSS,Inflow,475
50.0,6_CACTA002,TSS,Inflow,475
10.0,6_CACTA002,TSS,Inflow,475
39.0,6_CACTA002,TSS,Inflow,475
44.0,6_CACTA002,TSS,Inflow,475
85.0,6_CACTA002,TSS,Inflow,476
57.0,6_CACTA002,TSS,Inflow,476
27.0,6_CACTA002,TSS,Inflow,476
31.0,6_CACTA002,TSS,Inflow,476
70.0,6_CACTA002,TSS,Inflow,476
155.0,6_CACTA002,TSS,Inflow,477
57.0,6_CACTA002,TSS,Inflow,477
44.0,6_CACTA002,TSS,Inflow,477
70.0,6_CACTA002,TSS,Inflow,477
55.0,6_CACTA002,TSS,Inflow,477
70.0,6_CACTA002,TSS,Inflow,478
94.0,6_CACTA002,TSS,Inflow,478
163.0,6_CACTA002,TSS,Inflow,478
31.0,6_CACTA002,TSS,Inflow,478
39.0,6_CACTA002,TSS,Inflow,478
44.0,6_CACTA002,TSS,Inflow,479
55.0,6_CACTA002,TSS,Inflow,479
94.0,6_CACTA002,TSS,Inflow,479
57.0,6_CACTA002,TSS,Inflow,479
70.0,6_CACTA002,TSS,Inflow,479
39.0,6_CACTA002,TSS,Inflow,480
70.0,6_CACTA002,TSS,Inflow,480
44.0,6_CACTA002,TSS,Inflow,480
94.0,6_CACTA002,TSS,Inflow,480
100.0,6_CACTA002,TSS,Inflow,480
57.0,6_CACTA002,TSS,Inflow,481
94.0,6_CACTA002,TSS,Inflow,481
57.0,6_CACTA002,TSS,Inflow,481
70.0,6_CACTA002,TSS,Inflow,481
31.0,6_CACTA002,TSS,Inflow,481
31.0,6_CACTA002,TSS,Inflow,482
50.0,6_CACTA002,TSS,Inflow,482
163.0,6_CACTA002,TSS,Inflow,482
57.0,6_CACTA002,TSS,Inflow,482
100.0,6_CACTA002,TSS,Inflow,482
44.0,6_CACTA002,TSS,Inflow,483
70.0,6_CACTA002,TSS,Inflow,483
57.0,6_CACTA002,TSS,Inflow,483
155.0,6_CACTA002,TSS,Inflow,483
55.0,6_CACTA002,TSS,Inflow,483
85.0,6_CACTA002,TSS,Inflow,484
39.0,6_CACTA002,TSS,Inflow,484
155.0,6_CACTA002,TSS,Inflow,484
163.0,6_CACTA002,TSS,Inflow,484
27.0,6_CACTA002,TSS,Inflow,484
39.0,6_CACTA002,TSS,Inflow,485
57.0,6_CACTA002,TSS,Inflow,485
155.0,6_CACTA002,TSS,Inflow,485
100.0,6_CACTA002,TSS,Inflow,485
10.0,6_CACTA002,TSS,Inflow,485
57.0,6_CACTA002,TSS,Inflow,486
85.0,6_CACTA002,TSS,Inflow,486
39.0,6_CACTA002,TSS,Inflow,486
70.0,6_CACTA002,TSS,Inflow,486
50.0,6_CACTA002,TSS,Inflow,486
100.0,6_CACTA002,TSS,Inflow,487
31.0,6_CACTA002,TSS,Inflow,487
85.0,6_CACTA002,TSS,Inflow,487
27.0,6_CACTA002,TSS,Inflow,487
57.0,6_CACTA002,TSS,Inflow,487
50.0,6_CACTA002,TSS,Inflow,488
70.0,6_CACTA002,TSS,Inflow,488
85.0,6_CACTA002,TSS,Inflow,488
31.0,6_CACTA002,TSS,Inflow,488
100.0,6_CACTA002,TSS,Inflow,488
10.0,6_CACTA002,TSS,Inflow,489
70.0,6_CACTA002,TSS,Inflow,489
44.0,6_CACTA002,TSS,Inflow,489
31.0,6_CACTA002,TSS,Inflow,489
27.0,6_CACTA002,TSS,Inflow,489
57.0,6_CACTA002,TSS,Inflow,490
57.0,6_CACTA002,TSS,Inflow,490
100.0,6_CACTA002,TSS,Inflow,490
155.0,6_CACTA002,TSS,Inflow,490
70.0,6_CACTA002,TSS,Inflow,490
155.0,6_CACTA002,TSS,Inflow,491
39.0,6_CACTA002,TSS,Inflow,491
27.0,6_CACTA002,TSS,Inflow,491
55.0,6_CACTA002,TSS,Inflow,491
163.0,6_CACTA002,TSS,Inflow,491
163.0,6_CACTA002,TSS,Inflow,492
55.0,6_CACTA002,TSS,Inflow,492
57.0,6_CACTA002,TSS,Inflow,492
44.0,6_CACTA002,TSS,Inflow,492
100.0,6_CACTA002,TSS,Inflow,492
27.0,6_CACTA002,TSS,Inflow,493
85.0,6_CACTA002,TSS,Inflow,493
94.0,6_CACTA002,TSS,Inflow,493
50.0,6_CACTA002,TSS,Inflow,493
31.0,6_CACTA002,TSS,Inflow,493
57.0,6_CACTA002,TSS,Inflow,494
31.0,6_CACTA002,TSS,Inflow,494
155.0,6_CACTA002,TSS,Inflow,494
27.0,6_CACTA002,TSS,Inflow,494
55.0,6_CACTA002,TSS,Inflow,494
27.0,6_CACTA002,TSS,Inflow,495
94.0,6_CACTA002,TSS,Inflow,495
50.0,6_CACTA002,TSS,Inflow,495
155.0,6_CACTA002,TSS,Inflow,495
55.0,6_CACTA002,TSS,Inflow,495
31.0,6_CACTA002,TSS,Inflow,496
100.0,6_CACTA002,TSS,Inflow,496
94.0,6_CACTA002,TSS,Inflow,496
44.0,6_CACTA002,TSS,Inflow,496
10.0,6_CACTA002,TSS,Inflow,496
57.0,6_CACTA002,TSS,Inflow,497
27.0,6_CACTA002,TSS,Inflow,497
85.0,6_CACTA002,TSS,Inflow,497
163.0,6_CACTA002,TSS,Inflow,497
155.0,6_CACTA002,TSS,Inflow,497
55.0,6_CACTA002,TSS,Inflow,498
39.0,6_CACTA002,TSS,Inflow,498
57.0,6_CACTA002,TSS,Inflow,498
27.0,6_CACTA002,TSS,Inflow,498
50.0,6_CACTA002,TSS,Inflow,498
44.0,6_CACTA002,TSS,Inflow,499
100.0,6_CACTA002,TSS,Inflow,499
39.0,6_CACTA002,TSS,Inflow,499
85.0,6_CACTA002,TSS,Inflow,499
55.0,6_CACTA002,TSS,Inflow,499
163.0,6_CACTA002,TSS,Inflow,500
70.0,6_CACTA002,TSS,Inflow,500
55.0,6_CACTA002,TSS,Inflow,500
155.0,6_CACTA002,TSS,Inflow,500
31.0,6_CACTA002,TSS,Inflow,500
