EMC,Location,Analyte,Flow,Run
55.0,6_CACTA002,TSS,Inflow,1
94.0,6_CACTA002,TSS,Inflow,1
10.0,6_CACTA002,TSS,Inflow,1
85.0,6_CACTA002,TSS,Inflow,1
163.0,6_CACTA002,TSS,Inflow,1
44.0,6_CACTA002,TSS,Inflow,2
31.0,6_CACTA002,TSS,Inflow,2
39.0,6_CACTA002,TSS,Inflow,2
163.0,6_CACTA002,TSS,Inflow,2
155.0,6_CACTA002,TSS,Inflow,2
94.0,6_CACTA002,TSS,Inflow,3
50.0,6_CACTA002,TSS,Inflow,3
31.0,6_CACTA002,TSS,Inflow,3
85.0,6_CACTA002,TSS,Inflow,3
44.0,6_CACTA002,TSS,Inflow,3
55.0,6_CACTA002,TSS,Inflow,4
155.0,6_CACTA002,TSS,Inflow,4
94.0,6_CACTA002,TSS,Inflow,4
27.0,6_CACTA002,TSS,Inflow,4
10.0,6_CACTA002,TSS,Inflow,4
155.0,6_CACTA002,TSS,Inflow,5
31.0,6_CACTA002,TSS,Inflow,5
70.0,6_CACTA002,TSS,Inflow,5
94.0,6_CACTA002,TSS,Inflow,5
100.0,6_CACTA002,TSS,Inflow,5
85.0,6_CACTA002,TSS,Inflow,6
50.0,6_CACTA002,TSS,Inflow,6
57.0,6_CACTA002,TSS,Inflow,6
39.0,6_CACTA002,TSS,Inflow,6
94.0,6_CACTA002,TSS,Inflow,6
50.0,6_CACTA002,TSS,Inflow,7
70.0,6_CACTA002,TSS,Inflow,7
163.0,6_CACTA002,TSS,Inflow,7
55.0,6_CACTA002,TSS,Inflow,7
155.0,6_CACTA002,TSS,Inflow,7
39.0,6_CACTA002,TSS,Inflow,8
10.0,6_CACTA002,TSS,Inflow,8
85.0,6_CACTA002,TSS,Inflow,8
44.0,6_CACTA002,TSS,Inflow,8
57.0,6_CACTA002,TSS,Inflow,8
70.0,6_CACTA002,TSS,Inflow,9
10.0,6_CACTA002,TSS,Inflow,9
100.0,6_CACTA002,TSS,Inflow,9
55.0,6_CACTA002,TSS,Inflow,9
163.0,6_CACTA002,TSS,Inflow,9
94.0,6_CACTA002,TSS,Inflow,10
27.0,6_CACTA002,TSS,Inflow,10
55.0,6_CACTA002,TSS,Inflow,10
31.0,6_CACTA002,TSS,Inflow,10
39.0,6_CACTA002,TSS,Inflow,10
44.0,6_CACTA002,TSS,Inflow,11
155.0,6_CACTA002,TSS,Inflow,11
85.0,6_CACTA002,TSS,Inflow,11
100.0,6_CACTA002,TSS,Inflow,11
57.0,6_CACTA002,TSS,Inflow,11
57.0,6_CACTA002,TSS,Inflow,12
10.0,6_CACTA002,TSS,Inflow,12
85.0,6_CACTA002,TSS,Inflow,12
94.0,6_CACTA002,TSS,Inflow,12
50.0,6_CACTA002,TSS,Inflow,12
44.0,6_CACTA002,TSS,Inflow,13
155.0,6_CACTA002,TSS,Inflow,13
57.0,6_CACTA002,TSS,Inflow,13
100.0,6_CACTA002,TSS,Inflow,13
163.0,6_CACTA002,TSS,Inflow,13
55.0,6_CACTA002,TSS,Inflow,14
70.0,6_CACTA002,TSS,Inflow,14
44.0,6_CACTA002,TSS,Inflow,14
10.0,6_CACTA002,TSS,Inflow,14
100.0,6_CACTA002,TSS,Inflow,14
10.0,6_CACTA002,TSS,Inflow,15
55.0,6_CACTA002,TSS,Inflow,15
57.0,6_CACTA002,TSS,Inflow,15
70.0,6_CACTA002,TSS,Inflow,15
31.0,6_CACTA002,TSS,Inflow,15
70.0,6_CACTA002,TSS,Inflow,16
31.0,6_CACTA002,TSS,Inflow,16
27.0,6_CACTA002,TSS,Inflow,16
57.0,6_CACTA002,TSS,Inflow,16
163.0,6_CACTA002,TSS,Inflow,16
100.0,6_CACTA002,TSS,Inflow,17
39.0,6_CACTA002,TSS,Inflow,17
57.0,6_CACTA002,TSS,Inflow,17
155.0,6_CACTA002,TSS,Inflow,17
10.0,6_CACTA002,TSS,Inflow,17
100.0,6_CACTA002,TSS,Inflow,18
31.0,6_CACTA002,TSS,Inflow,18
55.0,6_CACTA002,TSS,Inflow,18
39.0,6_CACTA002,TSS,Inflow,18
57.0,6_CACTA002,TSS,Inflow,18
100.0,6_CACTA002,TSS,Inflow,19
10.0,6_CACTA002,TSS,Inflow,19
70.0,6_CACTA002,TSS,Inflow,19
55.0,6_CACTA002,TSS,Inflow,19
163.0,6_CACTA002,TSS,Inflow,19
70.0,6_CACTA002,TSS,Inflow,20
163.0,6_CACTA002,TSS,Inflow,20
39.0,6_CACTA002,TSS,Inflow,20
155.0,6_CACTA002,TSS,Inflow,20
10.0,6_CACTA002,TSS,Inflow,20
85.0,6_CACTA002,TSS,Inflow,21
55.0,6_CACTA002,TSS,Inflow,21
70.0,6_CACTA002,TSS,Inflow,21
44.0,6_CACTA002,TSS,Inflow,21
163.0,6_CACTA002,TSS,Inflow,21
57.0,6_CACTA002,TSS,Inflow,22
31.0,6_CACTA002,TSS,Inflow,22
39.0,6_CACTA002,TSS,Inflow,22
85.0,6_CACTA002,TSS,Inflow,22
163.0,6_CACTA002,TSS,Inflow,22
50.0,6_CACTA002,TSS,Inflow,23
31.0,6_CACTA002,TSS,Inflow,23
100.0,6_CACTA002,TSS,Inflow,23
155.0,6_CACTA002,TSS,Inflow,23
44.0,6_CACTA002,TSS,Inflow,23
31.0,6_CACTA002,TSS,Inflow,24
70.0,6_CACTA002,TSS,Inflow,24
94.0,6_CACTA002,TSS,Inflow,24
85.0,6_CACTA002,TSS,Inflow,24
55.0,6_CACTA002,TSS,Inflow,24
50.0,6_CACTA002,TSS,Inflow,25
57.0,6_CACTA002,TSS,Inflow,25
94.0,6_CACTA002,TSS,Inflow,25
70.0,6_CACTA002,TSS,Inflow,25
44.0,6_CACTA002,TSS,Inflow,25
55.0,6_CACTA002,TSS,Inflow,26
94.0,6_CACTA002,TSS,Inflow,26
163.0,6_CACTA002,TSS,Inflow,26
155.0,6_CACTA002,TSS,Inflow,26
57.0,6_CACTA002,TSS,Inflow,26
155.0,6_CACTA002,TSS,Inflow,27
39.0,6_CACTA002,TSS,Inflow,27
85.0,6_CACTA002,TSS,Inflow,27
27.0,6_CACTA002,TSS,Inflow,27
55.0,6_CACTA002,TSS,Inflow,27
155.0,6_CACTA002,TSS,Inflow,28
31.0,6_CACTA002,TSS,Inflow,28
57.0,6_CACTA002,TSS,Inflow,28
57.0,6_CACTA002,TSS,Inflow,28
10.0,6_CACTA002,TSS,Inflow,28
163.0,6_CACTA002,TSS,Inflow,29
155.0,6_CACTA002,TSS,Inflow,29
94.0,6_CACTA002,TSS,Inflow,29
39.0,6_CACTA002,TSS,Inflow,29
50.0,6_CACTA002,TSS,Inflow,29
27.0,6_CACTA002,TSS,Inflow,30
70.0,6_CACTA002,TSS,Inflow,30
55.0,6_CACTA002,TSS,Inflow,30
10.0,6_CACTA002,TSS,Inflow,30
94.0,6_CACTA002,TSS,Inflow,30
31.0,6_CACTA002,TSS,Inflow,31
94.0,6_CACTA002,TSS,Inflow,31
70.0,6_CACTA002,TSS,Inflow,31
27.0,6_CACTA002,TSS,Inflow,31
57.0,6_CACTA002,TSS,Inflow,31
57.0,6_CACTA002,TSS,Inflow,32
50.0,6_CACTA002,TSS,Inflow,32
44.0,6_CACTA002,TSS,Inflow,32
85.0,6_CACTA002,TSS,Inflow,32
55.0,6_CACTA002,TSS,Inflow,32
100.0,6_CACTA002,TSS,Inflow,33
57.0,6_CACTA002,TSS,Inflow,33
55.0,6_CACTA002,TSS,Inflow,33
94.0,6_CACTA002,TSS,Inflow,33
163.0,6_CACTA002,TSS,Inflow,33
31.0,6_CACTA002,TSS,Inflow,34
94.0,6_CACTA002,TSS,Inflow,34
163.0,6_CACTA002,TSS,Inflow,34
50.0,6_CACTA002,TSS,Inflow,34
57.0,6_CACTA002,TSS,Inflow,34
70.0,6_CACTA002,TSS,Inflow,35
155.0,6_CACTA002,TSS,Inflow,35
27.0,6_CACTA002,TSS,Inflow,35
55.0,6_CACTA002,TSS,Inflow,35
163.0,6_CACTA002,TSS,Inflow,35
100.0,6_CACTA002,TSS,Inflow,36
57.0,6_CACTA002,TSS,Inflow,36
50.0,6_CACTA002,TSS,Inflow,36
94.0,6_CACTA002,TSS,Inflow,36
31.0,6_CACTA002,TSS,Inflow,36
163.0,6_CACTA002,TSS,Inflow,37
70.0,6_CACTA002,TSS,Inflow,37
27.0,6_CACTA002,TSS,Inflow,37
39.0,6_CACTA002,TSS,Inflow,37
50.0,6_CACTA002,TSS,Inflow,37
55.0,6_CACTA002,TSS,Inflow,38
94.0,6_CACTA002,TSS,Inflow,38
70.0,6_CACTA002,TSS,Inflow,38
100.0,6_CACTA002,TSS,Inflow,38
85.0,6_CACTA002,TSS,Inflow,38
85.0,6_CACTA002,TSS,Inflow,39
57.0,6_CACTA002,TSS,Inflow,39
100.0,6_CACTA002,TSS,Inflow,39
163.0,6_CACTA002,TSS,Inflow,39
57.0,6_CACTA002,TSS,Inflow,39
85.0,6_CACTA002,TSS,Inflow,40
55.0,6_CACTA002,TSS,Inflow,40
31.0,6_CACTA002,TSS,Inflow,40
39.0,6_CACTA002,TSS,Inflow,40
100.0,6_CACTA002,TSS,Inflow,40
57.0,6_CACTA002,TSS,Inflow,41
57.0,6_CACTA002,TSS,Inflow,41
44.0,6_CACTA002,TSS,Inflow,41
163.0,6_CACTA002,TSS,Inflow,41
94.0,6_CACTA002,TSS,Inflow,41
44.0,6_CACTA002,TSS,Inflow,42
85.0,6_CACTA002,TSS,Inflow,42
10.0,6_CACTA002,TSS,Inflow,42
31.0,6_CACTA002,TSS,Inflow,42
57.0,6_CACTA002,TSS,Inflow,42
27.0,6_CACTA002,TSS,Inflow,43
55.0,6_CACTA002,TSS,Inflow,43
50.0,6_CACTA002,TSS,Inflow,43
57.0,6_CACTA002,TSS,Inflow,43
31.0,6_CACTA002,TSS,Inflow,43
50.0,6_CACTA002,TSS,Inflow,44
44.0,6_CACTA002,TSS,Inflow,44
155.0,6_CACTA002,TSS,Inflow,44
85.0,6_CACTA002,TSS,Inflow,44
27.0,6_CACTA002,TSS,Inflow,44
94.0,6_CACTA002,TSS,Inflow,45
27.0,6_CACTA002,TSS,Inflow,45
50.0,6_CACTA002,TSS,Inflow,45
57.0,6_CACTA002,TSS,Inflow,45
163.0,6_CACTA002,TSS,Inflow,45
27.0,6_CACTA002,TSS,Inflow,46
155.0,6_CACTA002,TSS,Inflow,46
94.0,6_CACTA002,TSS,Inflow,46
70.0,6_CACTA002,TSS,Inflow,46
39.0,6_CACTA002,TSS,Inflow,46
155.0,6_CACTA002,TSS,Inflow,47
10.0,6_CACTA002,TSS,Inflow,47
27.0,6_CACTA002,TSS,Inflow,47
70.0,6_CACTA002,TSS,Inflow,47
85.0,6_CACTA002,TSS,Inflow,47
163.0,6_CACTA002,TSS,Inflow,48
10.0,6_CACTA002,TSS,Inflow,48
44.0,6_CACTA002,TSS,Inflow,48
50.0,6_CACTA002,TSS,Inflow,48
94.0,6_CACTA002,TSS,Inflow,48
39.0,6_CACTA002,TSS,Inflow,49
163.0,6_CACTA002,TSS,Inflow,49
10.0,6_CACTA002,TSS,Inflow,49
50.0,6_CACTA002,TSS,Inflow,49
27.0,6_CACTA002,TSS,Inflow,49
31.0,6_CACTA002,TSS,Inflow,50
85.0,6_CACTA002,TSS,Inflow,50
27.0,6_CACTA002,TSS,Inflow,50
57.0,6_CACTA002,TSS,Inflow,50
155.0,6_CACTA002,TSS,Inflow,50
10.0,6_CACTA002,TSS,Inflow,51
100.0,6_CACTA002,TSS,Inflow,51
27.0,6_CACTA002,TSS,Inflow,51
50.0,6_CACTA002,TSS,Inflow,51
39.0,6_CACTA002,TSS,Inflow,51
44.0,6_CACTA002,TSS,Inflow,52
31.0,6_CACTA002,TSS,Inflow,52
100.0,6_CACTA002,TSS,Inflow,52
163.0,6_CACTA002,TSS,Inflow,52
155.0,6_CACTA002,TSS,Inflow,52
50.0,6_CACTA002,TSS,Inflow,53
85.0,6_CACTA002,TSS,Inflow,53
31.0,6_CACTA002,TSS,Inflow,53
44.0,6_CACTA002,TSS,Inflow,53
70.0,6_CACTA002,TSS,Inflow,53
163.0,6_CACTA002,TSS,Inflow,54
50.0,6_CACTA002,TSS,Inflow,54
39.0,6_CACTA002,TSS,Inflow,54
57.0,6_CACTA002,TSS,Inflow,54
44.0,6_CACTA002,TSS,Inflow,54
44.0,6_CACTA002,TSS,Inflow,55
70.0,6_CACTA002,TSS,Inflow,55
55.0,6_CACTA002,TSS,Inflow,55
163.0,6_CACTA002,TSS,Inflow,55
10.0,6_CACTA002,TSS,Inflow,55
27.0,6_CACTA002,TSS,Inflow,56
70.0,6_CACTA002,TSS,Inflow,56
31.0,6_CACTA002,TSS,Inflow,56
39.0,6_CACTA002,TSS,Inflow,56
57.0,6_CACTA002,TSS,Inflow,56
57.0,6_CACTA002,TSS,Inflow,57
44.0,6_CACTA002,TSS,Inflow,57
39.0,6_CACTA002,TSS,Inflow,57
70.0,6_CACTA002,TSS,Inflow,57
27.0,6_CACTA002,TSS,Inflow,57
10.0,6_CACTA002,TSS,Inflow,58
70.0,6_CACTA002,TSS,Inflow,58
39.0,6_CACTA002,TSS,Inflow,58
31.0,6_CACTA002,TSS,Inflow,58
44.0,6_CACTA002,TSS,Inflow,58
44.0,6_CACTA002,TSS,Inflow,59
57.0,6_CACTA002,TSS,Inflow,59
27.0,6_CACTA002,TSS,Inflow,59
50.0,6_CACTA002,TSS,Inflow,59
155.0,6_CACTA002,TSS,Inflow,59
55.0,6_CACTA002,TSS,Inflow,60
163.0,6_CACTA002,TSS,Inflow,60
31.0,6_CACTA002,TSS,Inflow,60
57.0,6_CACTA002,TSS,Inflow,60
50.0,6_CACTA002,TSS,Inflow,60
70.0,6_CACTA002,TSS,Inflow,61
94.0,6_CACTA002,TSS,Inflow,61
27.0,6_CACTA002,TSS,Inflow,61
57.0,6_CACTA002,TSS,Inflow,61
31.0,6_CACTA002,TSS,Inflow,61
57.0,6_CACTA002,TSS,Inflow,62
31.0,6_CACTA002,TSS,Inflow,62
50.0,6_CACTA002,TSS,Inflow,62
155.0,6_CACTA002,TSS,Inflow,62
163.0,6_CACTA002,TSS,Inflow,62
57.0,6_CACTA002,TSS,Inflow,63
70.0,6_CACTA002,TSS,Inflow,63
44.0,6_CACTA002,TSS,Inflow,63
85.0,6_CACTA002,TSS,Inflow,63
55.0,6_CACTA002,TSS,Inflow,63
85.0,6_CACTA002,TSS,Inflow,64
50.0,6_CACTA002,TSS,Inflow,64
44.0,6_CACTA002,TSS,Inflow,64
10.0,6_CACTA002,TSS,Inflow,64
55.0,6_CACTA002,TSS,Inflow,64
94.0,6_CACTA002,TSS,Inflow,65
10.0,6_CACTA002,TSS,Inflow,65
163.0,6_CACTA002,TSS,Inflow,65
85.0,6_CACTA002,TSS,Inflow,65
55.0,6_CACTA002,TSS,Inflow,65
57.0,6_CACTA002,TSS,Inflow,66
39.0,6_CACTA002,TSS,Inflow,66
44.0,6_CACTA002,TSS,Inflow,66
57.0,6_CACTA002,TSS,Inflow,66
94.0,6_CACTA002,TSS,Inflow,66
31.0,6_CACTA002,TSS,Inflow,67
163.0,6_CACTA002,TSS,Inflow,67
85.0,6_CACTA002,TSS,Inflow,67
55.0,6_CACTA002,TSS,Inflow,67
100.0,6_CACTA002,TSS,Inflow,67
39.0,6_CACTA002,TSS,Inflow,68
50.0,6_CACTA002,TSS,Inflow,68
100.0,6_CACTA002,TSS,Inflow,68
70.0,6_CACTA002,TSS,Inflow,68
94.0,6_CACTA002,TSS,Inflow,68
27.0,6_CACTA002,TSS,Inflow,69
44.0,6_CACTA002,TSS,Inflow,69
57.0,6_CACTA002,TSS,Inflow,69
57.0,6_CACTA002,TSS,Inflow,69
70.0,6_CACTA002,TSS,Inflow,69
94.0,6_CACTA002,TSS,Inflow,70
70.0,6_CACTA002,TSS,Inflow,70
155.0,6_CACTA002,TSS,Inflow,70
85.0,6_CACTA002,TSS,Inflow,70
31.0,6_CACTA002,TSS,Inflow,70
57.0,6_CACTA002,TSS,Inflow,71
70.0,6_CACTA002,TSS,Inflow,71
94.0,6_CACTA002,TSS,Inflow,71
163.0,6_CACTA002,TSS,Inflow,71
50.0,6_CACTA002,TSS,Inflow,71
94.0,6_CACTA002,TSS,Inflow,72
57.0,6_CACTA002,TSS,Inflow,72
27.0,6_CACTA002,TSS,Inflow,72
100.0,6_CACTA002,TSS,Inflow,72
39.0,6_CACTA002,TSS,Inflow,72
39.0,6_CACTA002,TSS,Inflow,73
85.0,6_CACTA002,TSS,Inflow,73
57.0,6_CACTA002,TSS,Inflow,73
155.0,6_CACTA002,TSS,Inflow,73
27.0,6_CACTA002,TSS,Inflow,73
70.0,6_CACTA002,TSS,Inflow,74
50.0,6_CACTA002,TSS,Inflow,74
57.0,6_CACTA002,TSS,Inflow,74
155.0,6_CACTA002,TSS,Inflow,74
27.0,6_CACTA002,TSS,Inflow,74
57.0,6_CACTA002,TSS,Inflow,75
27.0,6_CACTA002,TSS,Inflow,75
39.0,6_CACTA002,TSS,Inflow,75
85.0,6_CACTA002,TSS,Inflow,75
31.0,6_CACTA002,TSS,Inflow,75
163.0,6_CACTA002,TSS,Inflow,76
57.0,6_CACTA002,TSS,Inflow,76
85.0,6_CACTA002,TSS,Inflow,76
57.0,6_CACTA002,TSS,Inflow,76
94.0,6_CACTA002,TSS,Inflow,76
31.0,6_CACTA002,TSS,Inflow,77
94.0,6_CACTA002,TSS,Inflow,77
155.0,6_CACTA002,TSS,Inflow,77
44.0,6_CACTA002,TSS,Inflow,77
57.0,6_CACTA002,TSS,Inflow,77
85.0,6_CACTA002,TSS,Inflow,78
163.0,6_CACTA002,TSS,Inflow,78
27.0,6_CACTA002,TSS,Inflow,78
39.0,6_CACTA002,TSS,Inflow,78
44.0,6_CACTA002,TSS,Inflow,78
85.0,6_CACTA002,TSS,Inflow,79
44.0,6_CACTA002,TSS,Inflow,79
31.0,6_CACTA002,TSS,Inflow,79
57.0,6_CACTA002,TSS,Inflow,79
70.0,6_CACTA002,TSS,Inflow,79
100.0,6_CACTA002,TSS,Inflow,80
94.0,6_CACTA002,TSS,Inflow,80
70.0,6_CACTA002,TSS,Inflow,80
39.0,6_CACTA002,TSS,Inflow,80
27.0,6_CACTA002,TSS,Inflow,80
94.0,6_CACTA002,TSS,Inflow,81
39.0,6_CACTA002,TSS,Inflow,81
70.0,6_CACTA002,TSS,Inflow,81
85.0,6_CACTA002,TSS,Inflow,81
31.0,6_CACTA002,TSS,Inflow,81
100.0,6_CACTA002,TSS,Inflow,82
10.0,6_CACTA002,TSS,Inflow,82
39.0,6_CACTA002,TSS,Inflow,82
155.0,6_CACTA002,TSS,Inflow,82
94.0,6_CACTA002,TSS,Inflow,82
10.0,6_CACTA002,TSS,Inflow,83
44.0,6_CACTA002,TSS,Inflow,83
70.0,6_CACTA002,TSS,Inflow,83
94.0,6_CACTA002,TSS,Inflow,83
57.0,6_CACTA002,TSS,Inflow,83
94.0,6_CACTA002,TSS,Inflow,84
100.0,6_CACTA002,TSS,Inflow,84
10.0,6_CACTA002,TSS,Inflow,84
27.0,6_CACTA002,TSS,Inflow,84
39.0,6_CACTA002,TSS,Inflow,84
100.0,6_CACTA002,TSS,Inflow,85
155.0,6_CACTA002,TSS,Inflow,85
55.0,6_CACTA002,TSS,Inflow,85
70.0,6_CACTA002,TSS,Inflow,85
31.0,6_CACTA002,TSS,Inflow,85
94.0,6_CACTA002,TSS,Inflow,86
163.0,6_CACTA002,TSS,Inflow,86
57.0,6_CACTA002,TSS,Inflow,86
57.0,6_CACTA002,TSS,Inflow,86
10.0,6_CACTA002,TSS,Inflow,86
100.0,6_CACTA002,TSS,Inflow,87
44.0,6_CACTA002,TSS,Inflow,87
94.0,6_CACTA002,TSS,Inflow,87
39.0,6_CACTA002,TSS,Inflow,87
27.0,6_CACTA002,TSS,Inflow,87
39.0,6_CACTA002,TSS,Inflow,88
100.0,6_CACTA002,TSS,Inflow,88
155.0,6_CACTA002,TSS,Inflow,88
85.0,6_CACTA002,TSS,Inflow,88
57.0,6_CACTA002,TSS,Inflow,88
27.0,6_CACTA002,TSS,Inflow,89
163.0,6_CACTA002,TSS,Inflow,89
50.0,6_CACTA002,TSS,Inflow,89
44.0,6_CACTA002,TSS,Inflow,89
70.0,6_CACTA002,TSS,Inflow,89
94.0,6_CACTA002,TSS,Inflow,90
50.0,6_CACTA002,TSS,Inflow,90
155.0,6_CACTA002,TSS,Inflow,90
55.0,6_CACTA002,TSS,Inflow,90
57.0,6_CACTA002,TSS,Inflow,90
163.0,6_CACTA002,TSS,Inflow,91
57.0,6_CACTA002,TSS,Inflow,91
44.0,6_CACTA002,TSS,Inflow,91
57.0,6_CACTA002,TSS,Inflow,91
31.0,6_CACTA002,TSS,Inflow,91
163.0,6_CACTA002,TSS,Inflow,92
31.0,6_CACTA002,TSS,Inflow,92
44.0,6_CACTA002,TSS,Inflow,92
70.0,6_CACTA002,TSS,Inflow,92
57.0,6_CACTA002,TSS,Inflow,92
94.0,6_CACTA002,TSS,Inflow,93
31.0,6_CACTA002,TSS,Inflow,93
57.0,6_CACTA002,TSS,Inflow,93
50.0,6_CACTA002,TSS,Inflow,93
100.0,6_CACTA002,TSS,Inflow,93
94.0,6_CACTA002,TSS,Inflow,94
50.0,6_CACTA002,TSS,Inflow,94
10.0,6_CACTA002,TSS,Inflow,94
155.0,6_CACTA002,TSS,Inflow,94
100.0,6_CACTA002,TSS,Inflow,94
70.0,6_CACTA002,TSS,Inflow,95
39.0,6_CACTA002,TSS,Inflow,95
27.0,6_CACTA002,TSS,Inflow,95
31.0,6_CACTA002,TSS,Inflow,95
44.0,6_CACTA002,TSS,Inflow,95
57.0,6_CACTA002,TSS,Inflow,96
155.0,6_CACTA002,TSS,Inflow,96
39.0,6_CACTA002,TSS,Inflow,96
50.0,6_CACTA002,TSS,Inflow,96
55.0,6_CACTA002,TSS,Inflow,96
155.0,6_CACTA002,TSS,Inflow,97
163.0,6_CACTA002,TSS,Inflow,97
70.0,6_CACTA002,TSS,Inflow,97
31.0,6_CACTA002,TSS,Inflow,97
10.0,6_CACTA002,TSS,Inflow,97
50.0,6_CACTA002,TSS,Inflow,98
39.0,6_CACTA002,TSS,Inflow,98
94.0,6_CACTA002,TSS,Inflow,98
44.0,6_CACTA002,TSS,Inflow,98
31.0,6_CACTA002,TSS,Inflow,98
94.0,6_CACTA002,TSS,Inflow,99
163.0,6_CACTA002,TSS,Inflow,99
85.0,6_CACTA002,TSS,Inflow,99
70.0,6_CACTA002,TSS,Inflow,99
27.0,6_CACTA002,TSS,Inflow,99
57.0,6_CACTA002,TSS,Inflow,100
55.0,6_CACTA002,TSS,Inflow,100
57.0,6_CACTA002,TSS,Inflow,100
85.0,6_CACTA002,TSS,Inflow,100
163.0,6_CACTA002,TSS,Inflow,100
55.0,6_CACTA002,TSS,Inflow,101
31.0,6_CACTA002,TSS,Inflow,101
100.0,6_CACTA002,TSS,Inflow,101
94.0,6_CACTA002,TSS,Inflow,101
163.0,6_CACTA002,TSS,Inflow,101
57.0,6_CACTA002,TSS,Inflow,102
57.0,6_CACTA002,TSS,Inflow,102
39.0,6_CACTA002,TSS,Inflow,102
44.0,6_CACTA002,TSS,Inflow,102
163.0,6_CACTA002,TSS,Inflow,102
44.0,6_CACTA002,TSS,Inflow,103
10.0,6_CACTA002,TSS,Inflow,103
163.0,6_CACTA002,TSS,Inflow,103
27.0,6_CACTA002,TSS,Inflow,103
70.0,6_CACTA002,TSS,Inflow,103
55.0,6_CACTA002,TSS,Inflow,104
85.0,6_CACTA002,TSS,Inflow,104
50.0,6_CACTA002,TSS,Inflow,104
94.0,6_CACTA002,TSS,Inflow,104
70.0,6_CACTA002,TSS,Inflow,104
70.0,6_CACTA002,TSS,Inflow,105
85.0,6_CACTA002,TSS,Inflow,105
39.0,6_CACTA002,TSS,Inflow,105
100.0,6_CACTA002,TSS,Inflow,105
44.0,6_CACTA002,TSS,Inflow,105
10.0,6_CACTA002,TSS,Inflow,106
55.0,6_CACTA002,TSS,Inflow,106
155.0,6_CACTA002,TSS,Inflow,106
50.0,6_CACTA002,TSS,Inflow,106
85.0,6_CACTA002,TSS,Inflow,106
57.0,6_CACTA002,TSS,Inflow,107
27.0,6_CACTA002,TSS,Inflow,107
100.0,6_CACTA002,TSS,Inflow,107
57.0,6_CACTA002,TSS,Inflow,107
155.0,6_CACTA002,TSS,Inflow,107
55.0,6_CACTA002,TSS,Inflow,108
85.0,6_CACTA002,TSS,Inflow,108
10.0,6_CACTA002,TSS,Inflow,108
27.0,6_CACTA002,TSS,Inflow,108
57.0,6_CACTA002,TSS,Inflow,108
155.0,6_CACTA002,TSS,Inflow,109
55.0,6_CACTA002,TSS,Inflow,109
70.0,6_CACTA002,TSS,Inflow,109
100.0,6_CACTA002,TSS,Inflow,109
50.0,6_CACTA002,TSS,Inflow,109
55.0,6_CACTA002,TSS,Inflow,110
44.0,6_CACTA002,TSS,Inflow,110
163.0,6_CACTA002,TSS,Inflow,110
57.0,6_CACTA002,TSS,Inflow,110
27.0,6_CACTA002,TSS,Inflow,110
44.0,6_CACTA002,TSS,Inflow,111
94.0,6_CACTA002,TSS,Inflow,111
57.0,6_CACTA002,TSS,Inflow,111
31.0,6_CACTA002,TSS,Inflow,111
50.0,6_CACTA002,TSS,Inflow,111
50.0,6_CACTA002,TSS,Inflow,112
55.0,6_CACTA002,TSS,Inflow,112
163.0,6_CACTA002,TSS,Inflow,112
39.0,6_CACTA002,TSS,Inflow,112
44.0,6_CACTA002,TSS,Inflow,112
57.0,6_CACTA002,TSS,Inflow,113
100.0,6_CACTA002,TSS,Inflow,113
70.0,6_CACTA002,TSS,Inflow,113
31.0,6_CACTA002,TSS,Inflow,113
94.0,6_CACTA002,TSS,Inflow,113
85.0,6_CACTA002,TSS,Inflow,114
31.0,6_CACTA002,TSS,Inflow,114
55.0,6_CACTA002,TSS,Inflow,114
57.0,6_CACTA002,TSS,Inflow,114
27.0,6_CACTA002,TSS,Inflow,114
44.0,6_CACTA002,TSS,Inflow,115
155.0,6_CACTA002,TSS,Inflow,115
50.0,6_CACTA002,TSS,Inflow,115
85.0,6_CACTA002,TSS,Inflow,115
100.0,6_CACTA002,TSS,Inflow,115
57.0,6_CACTA002,TSS,Inflow,116
44.0,6_CACTA002,TSS,Inflow,116
70.0,6_CACTA002,TSS,Inflow,116
50.0,6_CACTA002,TSS,Inflow,116
85.0,6_CACTA002,TSS,Inflow,116
27.0,6_CACTA002,TSS,Inflow,117
57.0,6_CACTA002,TSS,Inflow,117
70.0,6_CACTA002,TSS,Inflow,117
94.0,6_CACTA002,TSS,Inflow,117
155.0,6_CACTA002,TSS,Inflow,117
70.0,6_CACTA002,TSS,Inflow,118
10.0,6_CACTA002,TSS,Inflow,118
57.0,6_CACTA002,TSS,Inflow,118
50.0,6_CACTA002,TSS,Inflow,118
44.0,6_CACTA002,TSS,Inflow,118
50.0,6_CACTA002,TSS,Inflow,119
155.0,6_CACTA002,TSS,Inflow,119
44.0,6_CACTA002,TSS,Inflow,119
70.0,6_CACTA002,TSS,Inflow,119
163.0,6_CACTA002,TSS,Inflow,119
55.0,6_CACTA002,TSS,Inflow,120
70.0,6_CACTA002,TSS,Inflow,120
50.0,6_CACTA002,TSS,Inflow,120
100.0,6_CACTA002,TSS,Inflow,120
155.0,6_CACTA002,TSS,Inflow,120
57.0,6_CACTA002,TSS,Inflow,121
39.0,6_CACTA002,TSS,Inflow,121
57.0,6_CACTA002,TSS,Inflow,121
10.0,6_CACTA002,TSS,Inflow,121
155.0,6_CACTA002,TSS,Inflow,121
39.0,6_CACTA002,TSS,Inflow,122
27.0,6_CACTA002,TSS,Inflow,122
94.0,6_CACTA002,TSS,Inflow,122
31.0,6_CACTA002,TSS,Inflow,122
10.0,6_CACTA002,TSS,Inflow,122
31.0,6_CACTA002,TSS,Inflow,123
85.0,6_CACTA002,TSS,Inflow,123
55.0,6_CACTA002,TSS,Inflow,123
50.0,6_CACTA002,TSS,Inflow,123
10.0,6_CACTA002,TSS,Inflow,123
85.0,6_CACTA002,TSS,Inflow,124
10.0,6_CACTA002,TSS,Inflow,124
94.0,6_CACTA002,TSS,Inflow,124
39.0,6_CACTA002,TSS,Inflow,124
100.0,6_CACTA002,TSS,Inflow,124
31.0,6_CACTA002,TSS,Inflow,125
44.0,6_CACTA002,TSS,Inflow,125
10.0,6_CACTA002,TSS,Inflow,125
39.0,6_CACTA002,TSS,Inflow,125
27.0,6_CACTA002,TSS,Inflow,125
70.0,6_CACTA002,TSS,Inflow,126
85.0,6_CACTA002,TSS,Inflow,126
100.0,6_CACTA002,TSS,Inflow,126
57.0,6_CACTA002,TSS,Inflow,126
55.0,6_CACTA002,TSS,Inflow,126
27.0,6_CACTA002,TSS,Inflow,127
94.0,6_CACTA002,TSS,Inflow,127
39.0,6_CACTA002,TSS,Inflow,127
44.0,6_CACTA002,TSS,Inflow,127
57.0,6_CACTA002,TSS,Inflow,127
27.0,6_CACTA002,TSS,Inflow,128
31.0,6_CACTA002,TSS,Inflow,128
55.0,6_CACTA002,TSS,Inflow,128
85.0,6_CACTA002,TSS,Inflow,128
39.0,6_CACTA002,TSS,Inflow,128
94.0,6_CACTA002,TSS,Inflow,129
100.0,6_CACTA002,TSS,Inflow,129
70.0,6_CACTA002,TSS,Inflow,129
39.0,6_CACTA002,TSS,Inflow,129
155.0,6_CACTA002,TSS,Inflow,129
70.0,6_CACTA002,TSS,Inflow,130
31.0,6_CACTA002,TSS,Inflow,130
50.0,6_CACTA002,TSS,Inflow,130
55.0,6_CACTA002,TSS,Inflow,130
57.0,6_CACTA002,TSS,Inflow,130
10.0,6_CACTA002,TSS,Inflow,131
70.0,6_CACTA002,TSS,Inflow,131
163.0,6_CACTA002,TSS,Inflow,131
155.0,6_CACTA002,TSS,Inflow,131
94.0,6_CACTA002,TSS,Inflow,131
85.0,6_CACTA002,TSS,Inflow,132
50.0,6_CACTA002,TSS,Inflow,132
10.0,6_CACTA002,TSS,Inflow,132
57.0,6_CACTA002,TSS,Inflow,132
55.0,6_CACTA002,TSS,Inflow,132
10.0,6_CACTA002,TSS,Inflow,133
94.0,6_CACTA002,TSS,Inflow,133
57.0,6_CACTA002,TSS,Inflow,133
44.0,6_CACTA002,TSS,Inflow,133
100.0,6_CACTA002,TSS,Inflow,133
85.0,6_CACTA002,TSS,Inflow,134
94.0,6_CACTA002,TSS,Inflow,134
163.0,6_CACTA002,TSS,Inflow,134
50.0,6_CACTA002,TSS,Inflow,134
155.0,6_CACTA002,TSS,Inflow,134
31.0,6_CACTA002,TSS,Inflow,135
50.0,6_CACTA002,TSS,Inflow,135
94.0,6_CACTA002,TSS,Inflow,135
44.0,6_CACTA002,TSS,Inflow,135
70.0,6_CACTA002,TSS,Inflow,135
70.0,6_CACTA002,TSS,Inflow,136
27.0,6_CACTA002,TSS,Inflow,136
155.0,6_CACTA002,TSS,Inflow,136
44.0,6_CACTA002,TSS,Inflow,136
57.0,6_CACTA002,TSS,Inflow,136
100.0,6_CACTA002,TSS,Inflow,137
50.0,6_CACTA002,TSS,Inflow,137
10.0,6_CACTA002,TSS,Inflow,137
57.0,6_CACTA002,TSS,Inflow,137
27.0,6_CACTA002,TSS,Inflow,137
39.0,6_CACTA002,TSS,Inflow,138
27.0,6_CACTA002,TSS,Inflow,138
57.0,6_CACTA002,TSS,Inflow,138
70.0,6_CACTA002,TSS,Inflow,138
57.0,6_CACTA002,TSS,Inflow,138
94.0,6_CACTA002,TSS,Inflow,139
39.0,6_CACTA002,TSS,Inflow,139
100.0,6_CACTA002,TSS,Inflow,139
85.0,6_CACTA002,TSS,Inflow,139
70.0,6_CACTA002,TSS,Inflow,139
70.0,6_CACTA002,TSS,Inflow,140
94.0,6_CACTA002,TSS,Inflow,140
27.0,6_CACTA002,TSS,Inflow,140
57.0,6_CACTA002,TSS,Inflow,140
55.0,6_CACTA002,TSS,Inflow,140
27.0,6_CACTA002,TSS,Inflow,141
155.0,6_CACTA002,TSS,Inflow,141
50.0,6_CACTA002,TSS,Inflow,141
57.0,6_CACTA002,TSS,Inflow,141
163.0,6_CACTA002,TSS,Inflow,141
10.0,6_CACTA002,TSS,Inflow,142
163.0,6_CACTA002,TSS,Inflow,142
70.0,6_CACTA002,TSS,Inflow,142
50.0,6_CACTA002,TSS,Inflow,142
39.0,6_CACTA002,TSS,Inflow,142
70.0,6_CACTA002,TSS,Inflow,143
94.0,6_CACTA002,TSS,Inflow,143
100.0,6_CACTA002,TSS,Inflow,143
57.0,6_CACTA002,TSS,Inflow,143
55.0,6_CACTA002,TSS,Inflow,143
44.0,6_CACTA002,TSS,Inflow,144
100.0,6_CACTA002,TSS,Inflow,144
57.0,6_CACTA002,TSS,Inflow,144
10.0,6_CACTA002,TSS,Inflow,144
55.0,6_CACTA002,TSS,Inflow,144
31.0,6_CACTA002,TSS,Inflow,145
10.0,6_CACTA002,TSS,Inflow,145
39.0,6_CACTA002,TSS,Inflow,145
70.0,6_CACTA002,TSS,Inflow,145
44.0,6_CACTA002,TSS,Inflow,145
39.0,6_CACTA002,TSS,Inflow,146
44.0,6_CACTA002,TSS,Inflow,146
94.0,6_CACTA002,TSS,Inflow,146
100.0,6_CACTA002,TSS,Inflow,146
70.0,6_CACTA002,TSS,Inflow,146
39.0,6_CACTA002,TSS,Inflow,147
57.0,6_CACTA002,TSS,Inflow,147
55.0,6_CACTA002,TSS,Inflow,147
57.0,6_CACTA002,TSS,Inflow,147
70.0,6_CACTA002,TSS,Inflow,147
100.0,6_CACTA002,TSS,Inflow,148
31.0,6_CACTA002,TSS,Inflow,148
50.0,6_CACTA002,TSS,Inflow,148
94.0,6_CACTA002,TSS,Inflow,148
44.0,6_CACTA002,TSS,Inflow,148
57.0,6_CACTA002,TSS,Inflow,149
27.0,6_CACTA002,TSS,Inflow,149
94.0,6_CACTA002,TSS,Inflow,149
31.0,6_CACTA002,TSS,Inflow,149
44.0,6_CACTA002,TSS,Inflow,149
94.0,6_CACTA002,TSS,Inflow,150
27.0,6_CACTA002,TSS,Inflow,150
100.0,6_CACTA002,TSS,Inflow,150
31.0,6_CACTA002,TSS,Inflow,150
57.0,6_CACTA002,TSS,Inflow,150
70.0,6_CACTA002,TSS,Inflow,151
27.0,6_CACTA002,TSS,Inflow,151
39.0,6_CACTA002,TSS,Inflow,151
163.0,6_CACTA002,TSS,Inflow,151
57.0,6_CACTA002,TSS,Inflow,151
85.0,6_CACTA002,TSS,Inflow,152
27.0,6_CACTA002,TSS,Inflow,152
50.0,6_CACTA002,TSS,Inflow,152
155.0,6_CACTA002,TSS,Inflow,152
10.0,6_CACTA002,TSS,Inflow,152
57.0,6_CACTA002,TSS,Inflow,153
27.0,6_CACTA002,TSS,Inflow,153
57.0,6_CACTA002,TSS,Inflow,153
39.0,6_CACTA002,TSS,Inflow,153
100.0,6_CACTA002,TSS,Inflow,153
57.0,6_CACTA002,TSS,Inflow,154
10.0,6_CACTA002,TSS,Inflow,154
57.0,6_CACTA002,TSS,Inflow,154
44.0,6_CACTA002,TSS,Inflow,154
31.0,6_CACTA002,TSS,Inflow,154
94.0,6_CACTA002,TSS,Inflow,155
100.0,6_CACTA002,TSS,Inflow,155
163.0,6_CACTA002,TSS,Inflow,155
39.0,6_CACTA002,TSS,Inflow,155
50.0,6_CACTA002,TSS,Inflow,155
55.0,6_CACTA002,TSS,Inflow,156
155.0,6_CACTA002,TSS,Inflow,156
27.0,6_CACTA002,TSS,Inflow,156
94.0,6_CACTA002,TSS,Inflow,156
85.0,6_CACTA002,TSS,Inflow,156
100.0,6_CACTA002,TSS,Inflow,157
155.0,6_CACTA002,TSS,Inflow,157
55.0,6_CACTA002,TSS,Inflow,157
85.0,6_CACTA002,TSS,Inflow,157
57.0,6_CACTA002,TSS,Inflow,157
44.0,6_CACTA002,TSS,Inflow,158
94.0,6_CACTA002,TSS,Inflow,158
57.0,6_CACTA002,TSS,Inflow,158
100.0,6_CACTA002,TSS,Inflow,158
27.0,6_CACTA002,TSS,Inflow,158
31.0,6_CACTA002,TSS,Inflow,159
155.0,6_CACTA002,TSS,Inflow,159
163.0,6_CACTA002,TSS,Inflow,159
100.0,6_CACTA002,TSS,Inflow,159
94.0,6_CACTA002,TSS,Inflow,159
163.0,6_CACTA002,TSS,Inflow,160
94.0,6_CACTA002,TSS,Inflow,160
55.0,6_CACTA002,TSS,Inflow,160
155.0,6_CACTA002,TSS,Inflow,160
39.0,6_CACTA002,TSS,Inflow,160
100.0,6_CACTA002,TSS,Inflow,161
57.0,6_CACTA002,TSS,Inflow,161
155.0,6_CACTA002,TSS,Inflow,161
44.0,6_CACTA002,TSS,Inflow,161
94.0,6_CACTA002,TSS,Inflow,161
44.0,6_CACTA002,TSS,Inflow,162
10.0,6_CACTA002,TSS,Inflow,162
50.0,6_CACTA002,TSS,Inflow,162
31.0,6_CACTA002,TSS,Inflow,162
100.0,6_CACTA002,TSS,Inflow,162
85.0,6_CACTA002,TSS,Inflow,163
10.0,6_CACTA002,TSS,Inflow,163
100.0,6_CACTA002,TSS,Inflow,163
39.0,6_CACTA002,TSS,Inflow,163
163.0,6_CACTA002,TSS,Inflow,163
39.0,6_CACTA002,TSS,Inflow,164
50.0,6_CACTA002,TSS,Inflow,164
31.0,6_CACTA002,TSS,Inflow,164
85.0,6_CACTA002,TSS,Inflow,164
70.0,6_CACTA002,TSS,Inflow,164
94.0,6_CACTA002,TSS,Inflow,165
39.0,6_CACTA002,TSS,Inflow,165
163.0,6_CACTA002,TSS,Inflow,165
70.0,6_CACTA002,TSS,Inflow,165
44.0,6_CACTA002,TSS,Inflow,165
57.0,6_CACTA002,TSS,Inflow,166
163.0,6_CACTA002,TSS,Inflow,166
31.0,6_CACTA002,TSS,Inflow,166
155.0,6_CACTA002,TSS,Inflow,166
44.0,6_CACTA002,TSS,Inflow,166
163.0,6_CACTA002,TSS,Inflow,167
57.0,6_CACTA002,TSS,Inflow,167
94.0,6_CACTA002,TSS,Inflow,167
39.0,6_CACTA002,TSS,Inflow,167
31.0,6_CACTA002,TSS,Inflow,167
100.0,6_CACTA002,TSS,Inflow,168
57.0,6_CACTA002,TSS,Inflow,168
27.0,6_CACTA002,TSS,Inflow,168
50.0,6_CACTA002,TSS,Inflow,168
85.0,6_CACTA002,TSS,Inflow,168
31.0,6_CACTA002,TSS,Inflow,169
44.0,6_CACTA002,TSS,Inflow,169
94.0,6_CACTA002,TSS,Inflow,169
57.0,6_CACTA002,TSS,Inflow,169
163.0,6_CACTA002,TSS,Inflow,169
85.0,6_CACTA002,TSS,Inflow,170
70.0,6_CACTA002,TSS,Inflow,170
100.0,6_CACTA002,TSS,Inflow,170
155.0,6_CACTA002,TSS,Inflow,170
57.0,6_CACTA002,TSS,Inflow,170
100.0,6_CACTA002,TSS,Inflow,171
39.0,6_CACTA002,TSS,Inflow,171
31.0,6_CACTA002,TSS,Inflow,171
57.0,6_CACTA002,TSS,Inflow,171
50.0,6_CACTA002,TSS,Inflow,171
57.0,6_CACTA002,TSS,Inflow,172
10.0,6_CACTA002,TSS,Inflow,172
100.0,6_CACTA002,TSS,Inflow,172
94.0,6_CACTA002,TSS,Inflow,172
44.0,6_CACTA002,TSS,Inflow,172
44.0,6_CACTA002,TSS,Inflow,173
163.0,6_CACTA002,TSS,Inflow,173
85.0,6_CACTA002,TSS,Inflow,173
55.0,6_CACTA002,TSS,Inflow,173
50.0,6_CACTA002,TSS,Inflow,173
70.0,6_CACTA002,TSS,Inflow,174
31.0,6_CACTA002,TSS,Inflow,174
85.0,6_CACTA002,TSS,Inflow,174
39.0,6_CACTA002,TSS,Inflow,174
94.0,6_CACTA002,TSS,Inflow,174
55.0,6_CACTA002,TSS,Inflow,175
31.0,6_CACTA002,TSS,Inflow,175
44.0,6_CACTA002,TSS,Inflow,175
85.0,6_CACTA002,TSS,Inflow,175
155.0,6_CACTA002,TSS,Inflow,175
10.0,6_CACTA002,TSS,Inflow,176
50.0,6_CACTA002,TSS,Inflow,176
163.0,6_CACTA002,TSS,Inflow,176
70.0,6_CACTA002,TSS,Inflow,176
94.0,6_CACTA002,TSS,Inflow,176
10.0,6_CACTA002,TSS,Inflow,177
31.0,6_CACTA002,TSS,Inflow,177
155.0,6_CACTA002,TSS,Inflow,177
44.0,6_CACTA002,TSS,Inflow,177
55.0,6_CACTA002,TSS,Inflow,177
155.0,6_CACTA002,TSS,Inflow,178
55.0,6_CACTA002,TSS,Inflow,178
50.0,6_CACTA002,TSS,Inflow,178
85.0,6_CACTA002,TSS,Inflow,178
94.0,6_CACTA002,TSS,Inflow,178
163.0,6_CACTA002,TSS,Inflow,179
55.0,6_CACTA002,TSS,Inflow,179
44.0,6_CACTA002,TSS,Inflow,179
39.0,6_CACTA002,TSS,Inflow,179
100.0,6_CACTA002,TSS,Inflow,179
27.0,6_CACTA002,TSS,Inflow,180
10.0,6_CACTA002,TSS,Inflow,180
57.0,6_CACTA002,TSS,Inflow,180
70.0,6_CACTA002,TSS,Inflow,180
94.0,6_CACTA002,TSS,Inflow,180
100.0,6_CACTA002,TSS,Inflow,181
155.0,6_CACTA002,TSS,Inflow,181
57.0,6_CACTA002,TSS,Inflow,181
39.0,6_CACTA002,TSS,Inflow,181
31.0,6_CACTA002,TSS,Inflow,181
39.0,6_CACTA002,TSS,Inflow,182
55.0,6_CACTA002,TSS,Inflow,182
31.0,6_CACTA002,TSS,Inflow,182
100.0,6_CACTA002,TSS,Inflow,182
155.0,6_CACTA002,TSS,Inflow,182
39.0,6_CACTA002,TSS,Inflow,183
55.0,6_CACTA002,TSS,Inflow,183
94.0,6_CACTA002,TSS,Inflow,183
50.0,6_CACTA002,TSS,Inflow,183
100.0,6_CACTA002,TSS,Inflow,183
57.0,6_CACTA002,TSS,Inflow,184
27.0,6_CACTA002,TSS,Inflow,184
55.0,6_CACTA002,TSS,Inflow,184
85.0,6_CACTA002,TSS,Inflow,184
39.0,6_CACTA002,TSS,Inflow,184
100.0,6_CACTA002,TSS,Inflow,185
27.0,6_CACTA002,TSS,Inflow,185
31.0,6_CACTA002,TSS,Inflow,185
155.0,6_CACTA002,TSS,Inflow,185
39.0,6_CACTA002,TSS,Inflow,185
50.0,6_CACTA002,TSS,Inflow,186
55.0,6_CACTA002,TSS,Inflow,186
39.0,6_CACTA002,TSS,Inflow,186
155.0,6_CACTA002,TSS,Inflow,186
94.0,6_CACTA002,TSS,Inflow,186
27.0,6_CACTA002,TSS,Inflow,187
163.0,6_CACTA002,TSS,Inflow,187
39.0,6_CACTA002,TSS,Inflow,187
10.0,6_CACTA002,TSS,Inflow,187
44.0,6_CACTA002,TSS,Inflow,187
85.0,6_CACTA002,TSS,Inflow,188
70.0,6_CACTA002,TSS,Inflow,188
10.0,6_CACTA002,TSS,Inflow,188
31.0,6_CACTA002,TSS,Inflow,188
27.0,6_CACTA002,TSS,Inflow,188
57.0,6_CACTA002,TSS,Inflow,189
163.0,6_CACTA002,TSS,Inflow,189
100.0,6_CACTA002,TSS,Inflow,189
85.0,6_CACTA002,TSS,Inflow,189
44.0,6_CACTA002,TSS,Inflow,189
31.0,6_CACTA002,TSS,Inflow,190
155.0,6_CACTA002,TSS,Inflow,190
50.0,6_CACTA002,TSS,Inflow,190
10.0,6_CACTA002,TSS,Inflow,190
55.0,6_CACTA002,TSS,Inflow,190
70.0,6_CACTA002,TSS,Inflow,191
27.0,6_CACTA002,TSS,Inflow,191
94.0,6_CACTA002,TSS,Inflow,191
100.0,6_CACTA002,TSS,Inflow,191
50.0,6_CACTA002,TSS,Inflow,191
31.0,6_CACTA002,TSS,Inflow,192
27.0,6_CACTA002,TSS,Inflow,192
70.0,6_CACTA002,TSS,Inflow,192
163.0,6_CACTA002,TSS,Inflow,192
39.0,6_CACTA002,TSS,Inflow,192
57.0,6_CACTA002,TSS,Inflow,193
55.0,6_CACTA002,TSS,Inflow,193
10.0,6_CACTA002,TSS,Inflow,193
94.0,6_CACTA002,TSS,Inflow,193
163.0,6_CACTA002,TSS,Inflow,193
94.0,6_CACTA002,TSS,Inflow,194
163.0,6_CACTA002,TSS,Inflow,194
100.0,6_CACTA002,TSS,Inflow,194
155.0,6_CACTA002,TSS,Inflow,194
44.0,6_CACTA002,TSS,Inflow,194
100.0,6_CACTA002,TSS,Inflow,195
85.0,6_CACTA002,TSS,Inflow,195
57.0,6_CACTA002,TSS,Inflow,195
94.0,6_CACTA002,TSS,Inflow,195
155.0,6_CACTA002,TSS,Inflow,195
57.0,6_CACTA002,TSS,Inflow,196
31.0,6_CACTA002,TSS,Inflow,196
70.0,6_CACTA002,TSS,Inflow,196
44.0,6_CACTA002,TSS,Inflow,196
55.0,6_CACTA002,TSS,Inflow,196
27.0,6_CACTA002,TSS,Inflow,197
50.0,6_CACTA002,TSS,Inflow,197
31.0,6_CACTA002,TSS,Inflow,197
57.0,6_CACTA002,TSS,Inflow,197
100.0,6_CACTA002,TSS,Inflow,197
85.0,6_CACTA002,TSS,Inflow,198
57.0,6_CACTA002,TSS,Inflow,198
31.0,6_CACTA002,TSS,Inflow,198
55.0,6_CACTA002,TSS,Inflow,198
94.0,6_CACTA002,TSS,Inflow,198
27.0,6_CACTA002,TSS,Inflow,199
155.0,6_CACTA002,TSS,Inflow,199
10.0,6_CACTA002,TSS,Inflow,199
57.0,6_CACTA002,TSS,Inflow,199
50.0,6_CACTA002,TSS,Inflow,199
50.0,6_CACTA002,TSS,Inflow,200
57.0,6_CACTA002,TSS,Inflow,200
27.0,6_CACTA002,TSS,Inflow,200
10.0,6_CACTA002,TSS,Inflow,200
85.0,6_CACTA002,TSS,Inflow,200
39.0,6_CACTA002,TSS,Inflow,201
85.0,6_CACTA002,TSS,Inflow,201
163.0,6_CACTA002,TSS,Inflow,201
10.0,6_CACTA002,TSS,Inflow,201
70.0,6_CACTA002,TSS,Inflow,201
27.0,6_CACTA002,TSS,Inflow,202
100.0,6_CACTA002,TSS,Inflow,202
163.0,6_CACTA002,TSS,Inflow,202
50.0,6_CACTA002,TSS,Inflow,202
155.0,6_CACTA002,TSS,Inflow,202
10.0,6_CACTA002,TSS,Inflow,203
57.0,6_CACTA002,TSS,Inflow,203
163.0,6_CACTA002,TSS,Inflow,203
57.0,6_CACTA002,TSS,Inflow,203
70.0,6_CACTA002,TSS,Inflow,203
44.0,6_CACTA002,TSS,Inflow,204
10.0,6_CACTA002,TSS,Inflow,204
94.0,6_CACTA002,TSS,Inflow,204
39.0,6_CACTA002,TSS,Inflow,204
155.0,6_CACTA002,TSS,Inflow,204
44.0,6_CACTA002,TSS,Inflow,205
155.0,6_CACTA002,TSS,Inflow,205
85.0,6_CACTA002,TSS,Inflow,205
57.0,6_CACTA002,TSS,Inflow,205
57.0,6_CACTA002,TSS,Inflow,205
100.0,6_CACTA002,TSS,Inflow,206
57.0,6_CACTA002,TSS,Inflow,206
57.0,6_CACTA002,TSS,Inflow,206
10.0,6_CACTA002,TSS,Inflow,206
70.0,6_CACTA002,TSS,Inflow,206
10.0,6_CACTA002,TSS,Inflow,207
50.0,6_CACTA002,TSS,Inflow,207
85.0,6_CACTA002,TSS,Inflow,207
57.0,6_CACTA002,TSS,Inflow,207
57.0,6_CACTA002,TSS,Inflow,207
39.0,6_CACTA002,TSS,Inflow,208
70.0,6_CACTA002,TSS,Inflow,208
31.0,6_CACTA002,TSS,Inflow,208
57.0,6_CACTA002,TSS,Inflow,208
50.0,6_CACTA002,TSS,Inflow,208
100.0,6_CACTA002,TSS,Inflow,209
44.0,6_CACTA002,TSS,Inflow,209
57.0,6_CACTA002,TSS,Inflow,209
94.0,6_CACTA002,TSS,Inflow,209
70.0,6_CACTA002,TSS,Inflow,209
44.0,6_CACTA002,TSS,Inflow,210
27.0,6_CACTA002,TSS,Inflow,210
50.0,6_CACTA002,TSS,Inflow,210
55.0,6_CACTA002,TSS,Inflow,210
10.0,6_CACTA002,TSS,Inflow,210
39.0,6_CACTA002,TSS,Inflow,211
155.0,6_CACTA002,TSS,Inflow,211
163.0,6_CACTA002,TSS,Inflow,211
100.0,6_CACTA002,TSS,Inflow,211
55.0,6_CACTA002,TSS,Inflow,211
163.0,6_CACTA002,TSS,Inflow,212
85.0,6_CACTA002,TSS,Inflow,212
94.0,6_CACTA002,TSS,Inflow,212
57.0,6_CACTA002,TSS,Inflow,212
10.0,6_CACTA002,TSS,Inflow,212
44.0,6_CACTA002,TSS,Inflow,213
163.0,6_CACTA002,TSS,Inflow,213
155.0,6_CACTA002,TSS,Inflow,213
85.0,6_CACTA002,TSS,Inflow,213
50.0,6_CACTA002,TSS,Inflow,213
31.0,6_CACTA002,TSS,Inflow,214
57.0,6_CACTA002,TSS,Inflow,214
55.0,6_CACTA002,TSS,Inflow,214
70.0,6_CACTA002,TSS,Inflow,214
100.0,6_CACTA002,TSS,Inflow,214
163.0,6_CACTA002,TSS,Inflow,215
27.0,6_CACTA002,TSS,Inflow,215
85.0,6_CACTA002,TSS,Inflow,215
57.0,6_CACTA002,TSS,Inflow,215
50.0,6_CACTA002,TSS,Inflow,215
85.0,6_CACTA002,TSS,Inflow,216
10.0,6_CACTA002,TSS,Inflow,216
31.0,6_CACTA002,TSS,Inflow,216
57.0,6_CACTA002,TSS,Inflow,216
50.0,6_CACTA002,TSS,Inflow,216
94.0,6_CACTA002,TSS,Inflow,217
55.0,6_CACTA002,TSS,Inflow,217
44.0,6_CACTA002,TSS,Inflow,217
10.0,6_CACTA002,TSS,Inflow,217
57.0,6_CACTA002,TSS,Inflow,217
94.0,6_CACTA002,TSS,Inflow,218
85.0,6_CACTA002,TSS,Inflow,218
55.0,6_CACTA002,TSS,Inflow,218
57.0,6_CACTA002,TSS,Inflow,218
57.0,6_CACTA002,TSS,Inflow,218
70.0,6_CACTA002,TSS,Inflow,219
94.0,6_CACTA002,TSS,Inflow,219
31.0,6_CACTA002,TSS,Inflow,219
39.0,6_CACTA002,TSS,Inflow,219
10.0,6_CACTA002,TSS,Inflow,219
100.0,6_CACTA002,TSS,Inflow,220
27.0,6_CACTA002,TSS,Inflow,220
50.0,6_CACTA002,TSS,Inflow,220
39.0,6_CACTA002,TSS,Inflow,220
163.0,6_CACTA002,TSS,Inflow,220
85.0,6_CACTA002,TSS,Inflow,221
94.0,6_CACTA002,TSS,Inflow,221
57.0,6_CACTA002,TSS,Inflow,221
10.0,6_CACTA002,TSS,Inflow,221
163.0,6_CACTA002,TSS,Inflow,221
57.0,6_CACTA002,TSS,Inflow,222
44.0,6_CACTA002,TSS,Inflow,222
94.0,6_CACTA002,TSS,Inflow,222
57.0,6_CACTA002,TSS,Inflow,222
50.0,6_CACTA002,TSS,Inflow,222
70.0,6_CACTA002,TSS,Inflow,223
44.0,6_CACTA002,TSS,Inflow,223
163.0,6_CACTA002,TSS,Inflow,223
57.0,6_CACTA002,TSS,Inflow,223
57.0,6_CACTA002,TSS,Inflow,223
163.0,6_CACTA002,TSS,Inflow,224
155.0,6_CACTA002,TSS,Inflow,224
31.0,6_CACTA002,TSS,Inflow,224
39.0,6_CACTA002,TSS,Inflow,224
44.0,6_CACTA002,TSS,Inflow,224
31.0,6_CACTA002,TSS,Inflow,225
10.0,6_CACTA002,TSS,Inflow,225
94.0,6_CACTA002,TSS,Inflow,225
27.0,6_CACTA002,TSS,Inflow,225
57.0,6_CACTA002,TSS,Inflow,225
57.0,6_CACTA002,TSS,Inflow,226
57.0,6_CACTA002,TSS,Inflow,226
155.0,6_CACTA002,TSS,Inflow,226
163.0,6_CACTA002,TSS,Inflow,226
70.0,6_CACTA002,TSS,Inflow,226
10.0,6_CACTA002,TSS,Inflow,227
155.0,6_CACTA002,TSS,Inflow,227
85.0,6_CACTA002,TSS,Inflow,227
50.0,6_CACTA002,TSS,Inflow,227
70.0,6_CACTA002,TSS,Inflow,227
39.0,6_CACTA002,TSS,Inflow,228
10.0,6_CACTA002,TSS,Inflow,228
57.0,6_CACTA002,TSS,Inflow,228
31.0,6_CACTA002,TSS,Inflow,228
27.0,6_CACTA002,TSS,Inflow,228
94.0,6_CACTA002,TSS,Inflow,229
100.0,6_CACTA002,TSS,Inflow,229
85.0,6_CACTA002,TSS,Inflow,229
50.0,6_CACTA002,TSS,Inflow,229
27.0,6_CACTA002,TSS,Inflow,229
10.0,6_CACTA002,TSS,Inflow,230
44.0,6_CACTA002,TSS,Inflow,230
94.0,6_CACTA002,TSS,Inflow,230
85.0,6_CACTA002,TSS,Inflow,230
163.0,6_CACTA002,TSS,Inflow,230
50.0,6_CACTA002,TSS,Inflow,231
44.0,6_CACTA002,TSS,Inflow,231
100.0,6_CACTA002,TSS,Inflow,231
85.0,6_CACTA002,TSS,Inflow,231
57.0,6_CACTA002,TSS,Inflow,231
50.0,6_CACTA002,TSS,Inflow,232
57.0,6_CACTA002,TSS,Inflow,232
39.0,6_CACTA002,TSS,Inflow,232
100.0,6_CACTA002,TSS,Inflow,232
94.0,6_CACTA002,TSS,Inflow,232
31.0,6_CACTA002,TSS,Inflow,233
85.0,6_CACTA002,TSS,Inflow,233
100.0,6_CACTA002,TSS,Inflow,233
163.0,6_CACTA002,TSS,Inflow,233
70.0,6_CACTA002,TSS,Inflow,233
27.0,6_CACTA002,TSS,Inflow,234
39.0,6_CACTA002,TSS,Inflow,234
94.0,6_CACTA002,TSS,Inflow,234
50.0,6_CACTA002,TSS,Inflow,234
155.0,6_CACTA002,TSS,Inflow,234
27.0,6_CACTA002,TSS,Inflow,235
50.0,6_CACTA002,TSS,Inflow,235
70.0,6_CACTA002,TSS,Inflow,235
44.0,6_CACTA002,TSS,Inflow,235
163.0,6_CACTA002,TSS,Inflow,235
155.0,6_CACTA002,TSS,Inflow,236
57.0,6_CACTA002,TSS,Inflow,236
31.0,6_CACTA002,TSS,Inflow,236
57.0,6_CACTA002,TSS,Inflow,236
27.0,6_CACTA002,TSS,Inflow,236
94.0,6_CACTA002,TSS,Inflow,237
31.0,6_CACTA002,TSS,Inflow,237
10.0,6_CACTA002,TSS,Inflow,237
57.0,6_CACTA002,TSS,Inflow,237
44.0,6_CACTA002,TSS,Inflow,237
85.0,6_CACTA002,TSS,Inflow,238
70.0,6_CACTA002,TSS,Inflow,238
27.0,6_CACTA002,TSS,Inflow,238
94.0,6_CACTA002,TSS,Inflow,238
39.0,6_CACTA002,TSS,Inflow,238
31.0,6_CACTA002,TSS,Inflow,239
94.0,6_CACTA002,TSS,Inflow,239
100.0,6_CACTA002,TSS,Inflow,239
155.0,6_CACTA002,TSS,Inflow,239
57.0,6_CACTA002,TSS,Inflow,239
50.0,6_CACTA002,TSS,Inflow,240
70.0,6_CACTA002,TSS,Inflow,240
44.0,6_CACTA002,TSS,Inflow,240
57.0,6_CACTA002,TSS,Inflow,240
100.0,6_CACTA002,TSS,Inflow,240
57.0,6_CACTA002,TSS,Inflow,241
100.0,6_CACTA002,TSS,Inflow,241
39.0,6_CACTA002,TSS,Inflow,241
94.0,6_CACTA002,TSS,Inflow,241
31.0,6_CACTA002,TSS,Inflow,241
155.0,6_CACTA002,TSS,Inflow,242
85.0,6_CACTA002,TSS,Inflow,242
39.0,6_CACTA002,TSS,Inflow,242
70.0,6_CACTA002,TSS,Inflow,242
44.0,6_CACTA002,TSS,Inflow,242
100.0,6_CACTA002,TSS,Inflow,243
57.0,6_CACTA002,TSS,Inflow,243
85.0,6_CACTA002,TSS,Inflow,243
31.0,6_CACTA002,TSS,Inflow,243
57.0,6_CACTA002,TSS,Inflow,243
44.0,6_CACTA002,TSS,Inflow,244
70.0,6_CACTA002,TSS,Inflow,244
50.0,6_CACTA002,TSS,Inflow,244
10.0,6_CACTA002,TSS,Inflow,244
85.0,6_CACTA002,TSS,Inflow,244
85.0,6_CACTA002,TSS,Inflow,245
57.0,6_CACTA002,TSS,Inflow,245
50.0,6_CACTA002,TSS,Inflow,245
100.0,6_CACTA002,TSS,Inflow,245
10.0,6_CACTA002,TSS,Inflow,245
155.0,6_CACTA002,TSS,Inflow,246
39.0,6_CACTA002,TSS,Inflow,246
44.0,6_CACTA002,TSS,Inflow,246
27.0,6_CACTA002,TSS,Inflow,246
70.0,6_CACTA002,TSS,Inflow,246
50.0,6_CACTA002,TSS,Inflow,247
94.0,6_CACTA002,TSS,Inflow,247
163.0,6_CACTA002,TSS,Inflow,247
57.0,6_CACTA002,TSS,Inflow,247
27.0,6_CACTA002,TSS,Inflow,247
39.0,6_CACTA002,TSS,Inflow,248
85.0,6_CACTA002,TSS,Inflow,248
155.0,6_CACTA002,TSS,Inflow,248
70.0,6_CACTA002,TSS,Inflow,248
44.0,6_CACTA002,TSS,Inflow,248
50.0,6_CACTA002,TSS,Inflow,249
39.0,6_CACTA002,TSS,Inflow,249
55.0,6_CACTA002,TSS,Inflow,249
31.0,6_CACTA002,TSS,Inflow,249
85.0,6_CACTA002,TSS,Inflow,249
100.0,6_CACTA002,TSS,Inflow,250
57.0,6_CACTA002,TSS,Inflow,250
94.0,6_CACTA002,TSS,Inflow,250
70.0,6_CACTA002,TSS,Inflow,250
31.0,6_CACTA002,TSS,Inflow,250
57.0,6_CACTA002,TSS,Inflow,251
85.0,6_CACTA002,TSS,Inflow,251
163.0,6_CACTA002,TSS,Inflow,251
10.0,6_CACTA002,TSS,Inflow,251
55.0,6_CACTA002,TSS,Inflow,251
85.0,6_CACTA002,TSS,Inflow,252
100.0,6_CACTA002,TSS,Inflow,252
70.0,6_CACTA002,TSS,Inflow,252
50.0,6_CACTA002,TSS,Inflow,252
39.0,6_CACTA002,TSS,Inflow,252
94.0,6_CACTA002,TSS,Inflow,253
155.0,6_CACTA002,TSS,Inflow,253
27.0,6_CACTA002,TSS,Inflow,253
85.0,6_CACTA002,TSS,Inflow,253
10.0,6_CACTA002,TSS,Inflow,253
50.0,6_CACTA002,TSS,Inflow,254
57.0,6_CACTA002,TSS,Inflow,254
44.0,6_CACTA002,TSS,Inflow,254
31.0,6_CACTA002,TSS,Inflow,254
39.0,6_CACTA002,TSS,Inflow,254
44.0,6_CACTA002,TSS,Inflow,255
57.0,6_CACTA002,TSS,Inflow,255
39.0,6_CACTA002,TSS,Inflow,255
55.0,6_CACTA002,TSS,Inflow,255
70.0,6_CACTA002,TSS,Inflow,255
57.0,6_CACTA002,TSS,Inflow,256
163.0,6_CACTA002,TSS,Inflow,256
70.0,6_CACTA002,TSS,Inflow,256
155.0,6_CACTA002,TSS,Inflow,256
55.0,6_CACTA002,TSS,Inflow,256
163.0,6_CACTA002,TSS,Inflow,257
31.0,6_CACTA002,TSS,Inflow,257
50.0,6_CACTA002,TSS,Inflow,257
155.0,6_CACTA002,TSS,Inflow,257
85.0,6_CACTA002,TSS,Inflow,257
10.0,6_CACTA002,TSS,Inflow,258
44.0,6_CACTA002,TSS,Inflow,258
94.0,6_CACTA002,TSS,Inflow,258
100.0,6_CACTA002,TSS,Inflow,258
155.0,6_CACTA002,TSS,Inflow,258
94.0,6_CACTA002,TSS,Inflow,259
44.0,6_CACTA002,TSS,Inflow,259
50.0,6_CACTA002,TSS,Inflow,259
163.0,6_CACTA002,TSS,Inflow,259
31.0,6_CACTA002,TSS,Inflow,259
27.0,6_CACTA002,TSS,Inflow,260
163.0,6_CACTA002,TSS,Inflow,260
55.0,6_CACTA002,TSS,Inflow,260
44.0,6_CACTA002,TSS,Inflow,260
39.0,6_CACTA002,TSS,Inflow,260
44.0,6_CACTA002,TSS,Inflow,261
94.0,6_CACTA002,TSS,Inflow,261
50.0,6_CACTA002,TSS,Inflow,261
57.0,6_CACTA002,TSS,Inflow,261
85.0,6_CACTA002,TSS,Inflow,261
155.0,6_CACTA002,TSS,Inflow,262
44.0,6_CACTA002,TSS,Inflow,262
50.0,6_CACTA002,TSS,Inflow,262
100.0,6_CACTA002,TSS,Inflow,262
85.0,6_CACTA002,TSS,Inflow,262
55.0,6_CACTA002,TSS,Inflow,263
39.0,6_CACTA002,TSS,Inflow,263
163.0,6_CACTA002,TSS,Inflow,263
100.0,6_CACTA002,TSS,Inflow,263
85.0,6_CACTA002,TSS,Inflow,263
39.0,6_CACTA002,TSS,Inflow,264
70.0,6_CACTA002,TSS,Inflow,264
155.0,6_CACTA002,TSS,Inflow,264
100.0,6_CACTA002,TSS,Inflow,264
10.0,6_CACTA002,TSS,Inflow,264
55.0,6_CACTA002,TSS,Inflow,265
10.0,6_CACTA002,TSS,Inflow,265
163.0,6_CACTA002,TSS,Inflow,265
44.0,6_CACTA002,TSS,Inflow,265
100.0,6_CACTA002,TSS,Inflow,265
31.0,6_CACTA002,TSS,Inflow,266
57.0,6_CACTA002,TSS,Inflow,266
85.0,6_CACTA002,TSS,Inflow,266
57.0,6_CACTA002,TSS,Inflow,266
10.0,6_CACTA002,TSS,Inflow,266
44.0,6_CACTA002,TSS,Inflow,267
55.0,6_CACTA002,TSS,Inflow,267
31.0,6_CACTA002,TSS,Inflow,267
27.0,6_CACTA002,TSS,Inflow,267
163.0,6_CACTA002,TSS,Inflow,267
44.0,6_CACTA002,TSS,Inflow,268
57.0,6_CACTA002,TSS,Inflow,268
155.0,6_CACTA002,TSS,Inflow,268
163.0,6_CACTA002,TSS,Inflow,268
100.0,6_CACTA002,TSS,Inflow,268
57.0,6_CACTA002,TSS,Inflow,269
55.0,6_CACTA002,TSS,Inflow,269
94.0,6_CACTA002,TSS,Inflow,269
31.0,6_CACTA002,TSS,Inflow,269
50.0,6_CACTA002,TSS,Inflow,269
31.0,6_CACTA002,TSS,Inflow,270
85.0,6_CACTA002,TSS,Inflow,270
55.0,6_CACTA002,TSS,Inflow,270
70.0,6_CACTA002,TSS,Inflow,270
27.0,6_CACTA002,TSS,Inflow,270
39.0,6_CACTA002,TSS,Inflow,271
57.0,6_CACTA002,TSS,Inflow,271
155.0,6_CACTA002,TSS,Inflow,271
50.0,6_CACTA002,TSS,Inflow,271
163.0,6_CACTA002,TSS,Inflow,271
27.0,6_CACTA002,TSS,Inflow,272
39.0,6_CACTA002,TSS,Inflow,272
70.0,6_CACTA002,TSS,Inflow,272
155.0,6_CACTA002,TSS,Inflow,272
31.0,6_CACTA002,TSS,Inflow,272
57.0,6_CACTA002,TSS,Inflow,273
57.0,6_CACTA002,TSS,Inflow,273
85.0,6_CACTA002,TSS,Inflow,273
27.0,6_CACTA002,TSS,Inflow,273
155.0,6_CACTA002,TSS,Inflow,273
50.0,6_CACTA002,TSS,Inflow,274
85.0,6_CACTA002,TSS,Inflow,274
70.0,6_CACTA002,TSS,Inflow,274
57.0,6_CACTA002,TSS,Inflow,274
27.0,6_CACTA002,TSS,Inflow,274
55.0,6_CACTA002,TSS,Inflow,275
39.0,6_CACTA002,TSS,Inflow,275
50.0,6_CACTA002,TSS,Inflow,275
70.0,6_CACTA002,TSS,Inflow,275
44.0,6_CACTA002,TSS,Inflow,275
44.0,6_CACTA002,TSS,Inflow,276
50.0,6_CACTA002,TSS,Inflow,276
31.0,6_CACTA002,TSS,Inflow,276
55.0,6_CACTA002,TSS,Inflow,276
57.0,6_CACTA002,TSS,Inflow,276
55.0,6_CACTA002,TSS,Inflow,277
57.0,6_CACTA002,TSS,Inflow,277
100.0,6_CACTA002,TSS,Inflow,277
31.0,6_CACTA002,TSS,Inflow,277
85.0,6_CACTA002,TSS,Inflow,277
163.0,6_CACTA002,TSS,Inflow,278
31.0,6_CACTA002,TSS,Inflow,278
39.0,6_CACTA002,TSS,Inflow,278
94.0,6_CACTA002,TSS,Inflow,278
55.0,6_CACTA002,TSS,Inflow,278
27.0,6_CACTA002,TSS,Inflow,279
100.0,6_CACTA002,TSS,Inflow,279
44.0,6_CACTA002,TSS,Inflow,279
57.0,6_CACTA002,TSS,Inflow,279
163.0,6_CACTA002,TSS,Inflow,279
39.0,6_CACTA002,TSS,Inflow,280
70.0,6_CACTA002,TSS,Inflow,280
44.0,6_CACTA002,TSS,Inflow,280
10.0,6_CACTA002,TSS,Inflow,280
100.0,6_CACTA002,TSS,Inflow,280
155.0,6_CACTA002,TSS,Inflow,281
57.0,6_CACTA002,TSS,Inflow,281
44.0,6_CACTA002,TSS,Inflow,281
85.0,6_CACTA002,TSS,Inflow,281
100.0,6_CACTA002,TSS,Inflow,281
100.0,6_CACTA002,TSS,Inflow,282
94.0,6_CACTA002,TSS,Inflow,282
39.0,6_CACTA002,TSS,Inflow,282
155.0,6_CACTA002,TSS,Inflow,282
57.0,6_CACTA002,TSS,Inflow,282
94.0,6_CACTA002,TSS,Inflow,283
100.0,6_CACTA002,TSS,Inflow,283
163.0,6_CACTA002,TSS,Inflow,283
44.0,6_CACTA002,TSS,Inflow,283
27.0,6_CACTA002,TSS,Inflow,283
39.0,6_CACTA002,TSS,Inflow,284
70.0,6_CACTA002,TSS,Inflow,284
100.0,6_CACTA002,TSS,Inflow,284
163.0,6_CACTA002,TSS,Inflow,284
31.0,6_CACTA002,TSS,Inflow,284
57.0,6_CACTA002,TSS,Inflow,285
155.0,6_CACTA002,TSS,Inflow,285
44.0,6_CACTA002,TSS,Inflow,285
70.0,6_CACTA002,TSS,Inflow,285
39.0,6_CACTA002,TSS,Inflow,285
57.0,6_CACTA002,TSS,Inflow,286
44.0,6_CACTA002,TSS,Inflow,286
94.0,6_CACTA002,TSS,Inflow,286
10.0,6_CACTA002,TSS,Inflow,286
57.0,6_CACTA002,TSS,Inflow,286
85.0,6_CACTA002,TSS,Inflow,287
31.0,6_CACTA002,TSS,Inflow,287
10.0,6_CACTA002,TSS,Inflow,287
50.0,6_CACTA002,TSS,Inflow,287
57.0,6_CACTA002,TSS,Inflow,287
94.0,6_CACTA002,TSS,Inflow,288
10.0,6_CACTA002,TSS,Inflow,288
85.0,6_CACTA002,TSS,Inflow,288
44.0,6_CACTA002,TSS,Inflow,288
50.0,6_CACTA002,TSS,Inflow,288
31.0,6_CACTA002,TSS,Inflow,289
70.0,6_CACTA002,TSS,Inflow,289
155.0,6_CACTA002,TSS,Inflow,289
44.0,6_CACTA002,TSS,Inflow,289
100.0,6_CACTA002,TSS,Inflow,289
44.0,6_CACTA002,TSS,Inflow,290
27.0,6_CACTA002,TSS,Inflow,290
57.0,6_CACTA002,TSS,Inflow,290
94.0,6_CACTA002,TSS,Inflow,290
163.0,6_CACTA002,TSS,Inflow,290
31.0,6_CACTA002,TSS,Inflow,291
44.0,6_CACTA002,TSS,Inflow,291
39.0,6_CACTA002,TSS,Inflow,291
57.0,6_CACTA002,TSS,Inflow,291
50.0,6_CACTA002,TSS,Inflow,291
57.0,6_CACTA002,TSS,Inflow,292
27.0,6_CACTA002,TSS,Inflow,292
70.0,6_CACTA002,TSS,Inflow,292
100.0,6_CACTA002,TSS,Inflow,292
55.0,6_CACTA002,TSS,Inflow,292
57.0,6_CACTA002,TSS,Inflow,293
50.0,6_CACTA002,TSS,Inflow,293
57.0,6_CACTA002,TSS,Inflow,293
39.0,6_CACTA002,TSS,Inflow,293
55.0,6_CACTA002,TSS,Inflow,293
10.0,6_CACTA002,TSS,Inflow,294
155.0,6_CACTA002,TSS,Inflow,294
50.0,6_CACTA002,TSS,Inflow,294
55.0,6_CACTA002,TSS,Inflow,294
57.0,6_CACTA002,TSS,Inflow,294
55.0,6_CACTA002,TSS,Inflow,295
57.0,6_CACTA002,TSS,Inflow,295
50.0,6_CACTA002,TSS,Inflow,295
155.0,6_CACTA002,TSS,Inflow,295
57.0,6_CACTA002,TSS,Inflow,295
155.0,6_CACTA002,TSS,Inflow,296
44.0,6_CACTA002,TSS,Inflow,296
55.0,6_CACTA002,TSS,Inflow,296
94.0,6_CACTA002,TSS,Inflow,296
100.0,6_CACTA002,TSS,Inflow,296
155.0,6_CACTA002,TSS,Inflow,297
39.0,6_CACTA002,TSS,Inflow,297
31.0,6_CACTA002,TSS,Inflow,297
27.0,6_CACTA002,TSS,Inflow,297
163.0,6_CACTA002,TSS,Inflow,297
85.0,6_CACTA002,TSS,Inflow,298
155.0,6_CACTA002,TSS,Inflow,298
44.0,6_CACTA002,TSS,Inflow,298
70.0,6_CACTA002,TSS,Inflow,298
50.0,6_CACTA002,TSS,Inflow,298
94.0,6_CACTA002,TSS,Inflow,299
85.0,6_CACTA002,TSS,Inflow,299
100.0,6_CACTA002,TSS,Inflow,299
10.0,6_CACTA002,TSS,Inflow,299
31.0,6_CACTA002,TSS,Inflow,299
163.0,6_CACTA002,TSS,Inflow,300
10.0,6_CACTA002,TSS,Inflow,300
27.0,6_CACTA002,TSS,Inflow,300
155.0,6_CACTA002,TSS,Inflow,300
50.0,6_CACTA002,TSS,Inflow,300
44.0,6_CACTA002,TSS,Inflow,301
31.0,6_CACTA002,TSS,Inflow,301
10.0,6_CACTA002,TSS,Inflow,301
57.0,6_CACTA002,TSS,Inflow,301
100.0,6_CACTA002,TSS,Inflow,301
85.0,6_CACTA002,TSS,Inflow,302
100.0,6_CACTA002,TSS,Inflow,302
55.0,6_CACTA002,TSS,Inflow,302
163.0,6_CACTA002,TSS,Inflow,302
57.0,6_CACTA002,TSS,Inflow,302
10.0,6_CACTA002,TSS,Inflow,303
27.0,6_CACTA002,TSS,Inflow,303
57.0,6_CACTA002,TSS,Inflow,303
50.0,6_CACTA002,TSS,Inflow,303
31.0,6_CACTA002,TSS,Inflow,303
31.0,6_CACTA002,TSS,Inflow,304
39.0,6_CACTA002,TSS,Inflow,304
94.0,6_CACTA002,TSS,Inflow,304
163.0,6_CACTA002,TSS,Inflow,304
100.0,6_CACTA002,TSS,Inflow,304
70.0,6_CACTA002,TSS,Inflow,305
44.0,6_CACTA002,TSS,Inflow,305
31.0,6_CACTA002,TSS,Inflow,305
100.0,6_CACTA002,TSS,Inflow,305
50.0,6_CACTA002,TSS,Inflow,305
70.0,6_CACTA002,TSS,Inflow,306
57.0,6_CACTA002,TSS,Inflow,306
27.0,6_CACTA002,TSS,Inflow,306
39.0,6_CACTA002,TSS,Inflow,306
31.0,6_CACTA002,TSS,Inflow,306
94.0,6_CACTA002,TSS,Inflow,307
163.0,6_CACTA002,TSS,Inflow,307
57.0,6_CACTA002,TSS,Inflow,307
10.0,6_CACTA002,TSS,Inflow,307
100.0,6_CACTA002,TSS,Inflow,307
31.0,6_CACTA002,TSS,Inflow,308
10.0,6_CACTA002,TSS,Inflow,308
94.0,6_CACTA002,TSS,Inflow,308
50.0,6_CACTA002,TSS,Inflow,308
70.0,6_CACTA002,TSS,Inflow,308
10.0,6_CACTA002,TSS,Inflow,309
163.0,6_CACTA002,TSS,Inflow,309
70.0,6_CACTA002,TSS,Inflow,309
50.0,6_CACTA002,TSS,Inflow,309
100.0,6_CACTA002,TSS,Inflow,309
57.0,6_CACTA002,TSS,Inflow,310
39.0,6_CACTA002,TSS,Inflow,310
94.0,6_CACTA002,TSS,Inflow,310
55.0,6_CACTA002,TSS,Inflow,310
44.0,6_CACTA002,TSS,Inflow,310
85.0,6_CACTA002,TSS,Inflow,311
44.0,6_CACTA002,TSS,Inflow,311
27.0,6_CACTA002,TSS,Inflow,311
163.0,6_CACTA002,TSS,Inflow,311
70.0,6_CACTA002,TSS,Inflow,311
100.0,6_CACTA002,TSS,Inflow,312
85.0,6_CACTA002,TSS,Inflow,312
39.0,6_CACTA002,TSS,Inflow,312
50.0,6_CACTA002,TSS,Inflow,312
163.0,6_CACTA002,TSS,Inflow,312
163.0,6_CACTA002,TSS,Inflow,313
85.0,6_CACTA002,TSS,Inflow,313
50.0,6_CACTA002,TSS,Inflow,313
27.0,6_CACTA002,TSS,Inflow,313
57.0,6_CACTA002,TSS,Inflow,313
163.0,6_CACTA002,TSS,Inflow,314
85.0,6_CACTA002,TSS,Inflow,314
55.0,6_CACTA002,TSS,Inflow,314
57.0,6_CACTA002,TSS,Inflow,314
70.0,6_CACTA002,TSS,Inflow,314
57.0,6_CACTA002,TSS,Inflow,315
44.0,6_CACTA002,TSS,Inflow,315
55.0,6_CACTA002,TSS,Inflow,315
50.0,6_CACTA002,TSS,Inflow,315
27.0,6_CACTA002,TSS,Inflow,315
50.0,6_CACTA002,TSS,Inflow,316
57.0,6_CACTA002,TSS,Inflow,316
85.0,6_CACTA002,TSS,Inflow,316
155.0,6_CACTA002,TSS,Inflow,316
94.0,6_CACTA002,TSS,Inflow,316
55.0,6_CACTA002,TSS,Inflow,317
163.0,6_CACTA002,TSS,Inflow,317
57.0,6_CACTA002,TSS,Inflow,317
100.0,6_CACTA002,TSS,Inflow,317
50.0,6_CACTA002,TSS,Inflow,317
44.0,6_CACTA002,TSS,Inflow,318
31.0,6_CACTA002,TSS,Inflow,318
70.0,6_CACTA002,TSS,Inflow,318
57.0,6_CACTA002,TSS,Inflow,318
57.0,6_CACTA002,TSS,Inflow,318
44.0,6_CACTA002,TSS,Inflow,319
163.0,6_CACTA002,TSS,Inflow,319
100.0,6_CACTA002,TSS,Inflow,319
39.0,6_CACTA002,TSS,Inflow,319
57.0,6_CACTA002,TSS,Inflow,319
70.0,6_CACTA002,TSS,Inflow,320
94.0,6_CACTA002,TSS,Inflow,320
39.0,6_CACTA002,TSS,Inflow,320
50.0,6_CACTA002,TSS,Inflow,320
31.0,6_CACTA002,TSS,Inflow,320
31.0,6_CACTA002,TSS,Inflow,321
44.0,6_CACTA002,TSS,Inflow,321
70.0,6_CACTA002,TSS,Inflow,321
27.0,6_CACTA002,TSS,Inflow,321
85.0,6_CACTA002,TSS,Inflow,321
94.0,6_CACTA002,TSS,Inflow,322
50.0,6_CACTA002,TSS,Inflow,322
44.0,6_CACTA002,TSS,Inflow,322
27.0,6_CACTA002,TSS,Inflow,322
85.0,6_CACTA002,TSS,Inflow,322
50.0,6_CACTA002,TSS,Inflow,323
27.0,6_CACTA002,TSS,Inflow,323
155.0,6_CACTA002,TSS,Inflow,323
57.0,6_CACTA002,TSS,Inflow,323
55.0,6_CACTA002,TSS,Inflow,323
94.0,6_CACTA002,TSS,Inflow,324
39.0,6_CACTA002,TSS,Inflow,324
57.0,6_CACTA002,TSS,Inflow,324
70.0,6_CACTA002,TSS,Inflow,324
100.0,6_CACTA002,TSS,Inflow,324
155.0,6_CACTA002,TSS,Inflow,325
163.0,6_CACTA002,TSS,Inflow,325
27.0,6_CACTA002,TSS,Inflow,325
50.0,6_CACTA002,TSS,Inflow,325
44.0,6_CACTA002,TSS,Inflow,325
27.0,6_CACTA002,TSS,Inflow,326
31.0,6_CACTA002,TSS,Inflow,326
50.0,6_CACTA002,TSS,Inflow,326
39.0,6_CACTA002,TSS,Inflow,326
163.0,6_CACTA002,TSS,Inflow,326
85.0,6_CACTA002,TSS,Inflow,327
94.0,6_CACTA002,TSS,Inflow,327
50.0,6_CACTA002,TSS,Inflow,327
100.0,6_CACTA002,TSS,Inflow,327
44.0,6_CACTA002,TSS,Inflow,327
57.0,6_CACTA002,TSS,Inflow,328
100.0,6_CACTA002,TSS,Inflow,328
31.0,6_CACTA002,TSS,Inflow,328
55.0,6_CACTA002,TSS,Inflow,328
57.0,6_CACTA002,TSS,Inflow,328
70.0,6_CACTA002,TSS,Inflow,329
94.0,6_CACTA002,TSS,Inflow,329
31.0,6_CACTA002,TSS,Inflow,329
163.0,6_CACTA002,TSS,Inflow,329
85.0,6_CACTA002,TSS,Inflow,329
163.0,6_CACTA002,TSS,Inflow,330
100.0,6_CACTA002,TSS,Inflow,330
44.0,6_CACTA002,TSS,Inflow,330
94.0,6_CACTA002,TSS,Inflow,330
27.0,6_CACTA002,TSS,Inflow,330
39.0,6_CACTA002,TSS,Inflow,331
50.0,6_CACTA002,TSS,Inflow,331
100.0,6_CACTA002,TSS,Inflow,331
70.0,6_CACTA002,TSS,Inflow,331
94.0,6_CACTA002,TSS,Inflow,331
70.0,6_CACTA002,TSS,Inflow,332
94.0,6_CACTA002,TSS,Inflow,332
100.0,6_CACTA002,TSS,Inflow,332
55.0,6_CACTA002,TSS,Inflow,332
31.0,6_CACTA002,TSS,Inflow,332
100.0,6_CACTA002,TSS,Inflow,333
39.0,6_CACTA002,TSS,Inflow,333
70.0,6_CACTA002,TSS,Inflow,333
44.0,6_CACTA002,TSS,Inflow,333
94.0,6_CACTA002,TSS,Inflow,333
94.0,6_CACTA002,TSS,Inflow,334
70.0,6_CACTA002,TSS,Inflow,334
155.0,6_CACTA002,TSS,Inflow,334
85.0,6_CACTA002,TSS,Inflow,334
27.0,6_CACTA002,TSS,Inflow,334
44.0,6_CACTA002,TSS,Inflow,335
100.0,6_CACTA002,TSS,Inflow,335
55.0,6_CACTA002,TSS,Inflow,335
50.0,6_CACTA002,TSS,Inflow,335
163.0,6_CACTA002,TSS,Inflow,335
10.0,6_CACTA002,TSS,Inflow,336
57.0,6_CACTA002,TSS,Inflow,336
50.0,6_CACTA002,TSS,Inflow,336
163.0,6_CACTA002,TSS,Inflow,336
70.0,6_CACTA002,TSS,Inflow,336
55.0,6_CACTA002,TSS,Inflow,337
39.0,6_CACTA002,TSS,Inflow,337
27.0,6_CACTA002,TSS,Inflow,337
10.0,6_CACTA002,TSS,Inflow,337
57.0,6_CACTA002,TSS,Inflow,337
55.0,6_CACTA002,TSS,Inflow,338
85.0,6_CACTA002,TSS,Inflow,338
50.0,6_CACTA002,TSS,Inflow,338
100.0,6_CACTA002,TSS,Inflow,338
57.0,6_CACTA002,TSS,Inflow,338
94.0,6_CACTA002,TSS,Inflow,339
50.0,6_CACTA002,TSS,Inflow,339
57.0,6_CACTA002,TSS,Inflow,339
27.0,6_CACTA002,TSS,Inflow,339
70.0,6_CACTA002,TSS,Inflow,339
163.0,6_CACTA002,TSS,Inflow,340
94.0,6_CACTA002,TSS,Inflow,340
85.0,6_CACTA002,TSS,Inflow,340
27.0,6_CACTA002,TSS,Inflow,340
57.0,6_CACTA002,TSS,Inflow,340
70.0,6_CACTA002,TSS,Inflow,341
163.0,6_CACTA002,TSS,Inflow,341
155.0,6_CACTA002,TSS,Inflow,341
44.0,6_CACTA002,TSS,Inflow,341
100.0,6_CACTA002,TSS,Inflow,341
155.0,6_CACTA002,TSS,Inflow,342
31.0,6_CACTA002,TSS,Inflow,342
94.0,6_CACTA002,TSS,Inflow,342
85.0,6_CACTA002,TSS,Inflow,342
44.0,6_CACTA002,TSS,Inflow,342
57.0,6_CACTA002,TSS,Inflow,343
94.0,6_CACTA002,TSS,Inflow,343
100.0,6_CACTA002,TSS,Inflow,343
31.0,6_CACTA002,TSS,Inflow,343
70.0,6_CACTA002,TSS,Inflow,343
57.0,6_CACTA002,TSS,Inflow,344
57.0,6_CACTA002,TSS,Inflow,344
44.0,6_CACTA002,TSS,Inflow,344
55.0,6_CACTA002,TSS,Inflow,344
27.0,6_CACTA002,TSS,Inflow,344
163.0,6_CACTA002,TSS,Inflow,345
39.0,6_CACTA002,TSS,Inflow,345
27.0,6_CACTA002,TSS,Inflow,345
85.0,6_CACTA002,TSS,Inflow,345
55.0,6_CACTA002,TSS,Inflow,345
39.0,6_CACTA002,TSS,Inflow,346
94.0,6_CACTA002,TSS,Inflow,346
57.0,6_CACTA002,TSS,Inflow,346
55.0,6_CACTA002,TSS,Inflow,346
57.0,6_CACTA002,TSS,Inflow,346
39.0,6_CACTA002,TSS,Inflow,347
94.0,6_CACTA002,TSS,Inflow,347
100.0,6_CACTA002,TSS,Inflow,347
55.0,6_CACTA002,TSS,Inflow,347
44.0,6_CACTA002,TSS,Inflow,347
70.0,6_CACTA002,TSS,Inflow,348
31.0,6_CACTA002,TSS,Inflow,348
39.0,6_CACTA002,TSS,Inflow,348
27.0,6_CACTA002,TSS,Inflow,348
55.0,6_CACTA002,TSS,Inflow,348
70.0,6_CACTA002,TSS,Inflow,349
163.0,6_CACTA002,TSS,Inflow,349
27.0,6_CACTA002,TSS,Inflow,349
50.0,6_CACTA002,TSS,Inflow,349
57.0,6_CACTA002,TSS,Inflow,349
10.0,6_CACTA002,TSS,Inflow,350
39.0,6_CACTA002,TSS,Inflow,350
70.0,6_CACTA002,TSS,Inflow,350
100.0,6_CACTA002,TSS,Inflow,350
57.0,6_CACTA002,TSS,Inflow,350
57.0,6_CACTA002,TSS,Inflow,351
70.0,6_CACTA002,TSS,Inflow,351
27.0,6_CACTA002,TSS,Inflow,351
155.0,6_CACTA002,TSS,Inflow,351
55.0,6_CACTA002,TSS,Inflow,351
85.0,6_CACTA002,TSS,Inflow,352
50.0,6_CACTA002,TSS,Inflow,352
39.0,6_CACTA002,TSS,Inflow,352
55.0,6_CACTA002,TSS,Inflow,352
31.0,6_CACTA002,TSS,Inflow,352
44.0,6_CACTA002,TSS,Inflow,353
85.0,6_CACTA002,TSS,Inflow,353
50.0,6_CACTA002,TSS,Inflow,353
39.0,6_CACTA002,TSS,Inflow,353
27.0,6_CACTA002,TSS,Inflow,353
155.0,6_CACTA002,TSS,Inflow,354
100.0,6_CACTA002,TSS,Inflow,354
31.0,6_CACTA002,TSS,Inflow,354
85.0,6_CACTA002,TSS,Inflow,354
10.0,6_CACTA002,TSS,Inflow,354
94.0,6_CACTA002,TSS,Inflow,355
27.0,6_CACTA002,TSS,Inflow,355
39.0,6_CACTA002,TSS,Inflow,355
50.0,6_CACTA002,TSS,Inflow,355
155.0,6_CACTA002,TSS,Inflow,355
31.0,6_CACTA002,TSS,Inflow,356
10.0,6_CACTA002,TSS,Inflow,356
55.0,6_CACTA002,TSS,Inflow,356
57.0,6_CACTA002,TSS,Inflow,356
39.0,6_CACTA002,TSS,Inflow,356
10.0,6_CACTA002,TSS,Inflow,357
85.0,6_CACTA002,TSS,Inflow,357
31.0,6_CACTA002,TSS,Inflow,357
94.0,6_CACTA002,TSS,Inflow,357
39.0,6_CACTA002,TSS,Inflow,357
70.0,6_CACTA002,TSS,Inflow,358
44.0,6_CACTA002,TSS,Inflow,358
57.0,6_CACTA002,TSS,Inflow,358
39.0,6_CACTA002,TSS,Inflow,358
31.0,6_CACTA002,TSS,Inflow,358
163.0,6_CACTA002,TSS,Inflow,359
70.0,6_CACTA002,TSS,Inflow,359
39.0,6_CACTA002,TSS,Inflow,359
100.0,6_CACTA002,TSS,Inflow,359
57.0,6_CACTA002,TSS,Inflow,359
50.0,6_CACTA002,TSS,Inflow,360
57.0,6_CACTA002,TSS,Inflow,360
10.0,6_CACTA002,TSS,Inflow,360
27.0,6_CACTA002,TSS,Inflow,360
155.0,6_CACTA002,TSS,Inflow,360
27.0,6_CACTA002,TSS,Inflow,361
39.0,6_CACTA002,TSS,Inflow,361
155.0,6_CACTA002,TSS,Inflow,361
85.0,6_CACTA002,TSS,Inflow,361
163.0,6_CACTA002,TSS,Inflow,361
10.0,6_CACTA002,TSS,Inflow,362
85.0,6_CACTA002,TSS,Inflow,362
55.0,6_CACTA002,TSS,Inflow,362
57.0,6_CACTA002,TSS,Inflow,362
27.0,6_CACTA002,TSS,Inflow,362
100.0,6_CACTA002,TSS,Inflow,363
10.0,6_CACTA002,TSS,Inflow,363
39.0,6_CACTA002,TSS,Inflow,363
57.0,6_CACTA002,TSS,Inflow,363
55.0,6_CACTA002,TSS,Inflow,363
100.0,6_CACTA002,TSS,Inflow,364
39.0,6_CACTA002,TSS,Inflow,364
57.0,6_CACTA002,TSS,Inflow,364
44.0,6_CACTA002,TSS,Inflow,364
55.0,6_CACTA002,TSS,Inflow,364
10.0,6_CACTA002,TSS,Inflow,365
70.0,6_CACTA002,TSS,Inflow,365
57.0,6_CACTA002,TSS,Inflow,365
39.0,6_CACTA002,TSS,Inflow,365
163.0,6_CACTA002,TSS,Inflow,365
57.0,6_CACTA002,TSS,Inflow,366
85.0,6_CACTA002,TSS,Inflow,366
39.0,6_CACTA002,TSS,Inflow,366
27.0,6_CACTA002,TSS,Inflow,366
100.0,6_CACTA002,TSS,Inflow,366
55.0,6_CACTA002,TSS,Inflow,367
50.0,6_CACTA002,TSS,Inflow,367
57.0,6_CACTA002,TSS,Inflow,367
57.0,6_CACTA002,TSS,Inflow,367
44.0,6_CACTA002,TSS,Inflow,367
85.0,6_CACTA002,TSS,Inflow,368
155.0,6_CACTA002,TSS,Inflow,368
70.0,6_CACTA002,TSS,Inflow,368
57.0,6_CACTA002,TSS,Inflow,368
10.0,6_CACTA002,TSS,Inflow,368
44.0,6_CACTA002,TSS,Inflow,369
57.0,6_CACTA002,TSS,Inflow,369
100.0,6_CACTA002,TSS,Inflow,369
10.0,6_CACTA002,TSS,Inflow,369
85.0,6_CACTA002,TSS,Inflow,369
100.0,6_CACTA002,TSS,Inflow,370
163.0,6_CACTA002,TSS,Inflow,370
85.0,6_CACTA002,TSS,Inflow,370
57.0,6_CACTA002,TSS,Inflow,370
27.0,6_CACTA002,TSS,Inflow,370
50.0,6_CACTA002,TSS,Inflow,371
155.0,6_CACTA002,TSS,Inflow,371
57.0,6_CACTA002,TSS,Inflow,371
44.0,6_CACTA002,TSS,Inflow,371
39.0,6_CACTA002,TSS,Inflow,371
50.0,6_CACTA002,TSS,Inflow,372
31.0,6_CACTA002,TSS,Inflow,372
57.0,6_CACTA002,TSS,Inflow,372
55.0,6_CACTA002,TSS,Inflow,372
70.0,6_CACTA002,TSS,Inflow,372
50.0,6_CACTA002,TSS,Inflow,373
94.0,6_CACTA002,TSS,Inflow,373
85.0,6_CACTA002,TSS,Inflow,373
163.0,6_CACTA002,TSS,Inflow,373
57.0,6_CACTA002,TSS,Inflow,373
155.0,6_CACTA002,TSS,Inflow,374
44.0,6_CACTA002,TSS,Inflow,374
10.0,6_CACTA002,TSS,Inflow,374
39.0,6_CACTA002,TSS,Inflow,374
57.0,6_CACTA002,TSS,Inflow,374
155.0,6_CACTA002,TSS,Inflow,375
85.0,6_CACTA002,TSS,Inflow,375
27.0,6_CACTA002,TSS,Inflow,375
100.0,6_CACTA002,TSS,Inflow,375
31.0,6_CACTA002,TSS,Inflow,375
55.0,6_CACTA002,TSS,Inflow,376
39.0,6_CACTA002,TSS,Inflow,376
27.0,6_CACTA002,TSS,Inflow,376
57.0,6_CACTA002,TSS,Inflow,376
85.0,6_CACTA002,TSS,Inflow,376
163.0,6_CACTA002,TSS,Inflow,377
55.0,6_CACTA002,TSS,Inflow,377
10.0,6_CACTA002,TSS,Inflow,377
44.0,6_CACTA002,TSS,Inflow,377
85.0,6_CACTA002,TSS,Inflow,377
39.0,6_CACTA002,TSS,Inflow,378
57.0,6_CACTA002,TSS,Inflow,378
50.0,6_CACTA002,TSS,Inflow,378
155.0,6_CACTA002,TSS,Inflow,378
94.0,6_CACTA002,TSS,Inflow,378
27.0,6_CACTA002,TSS,Inflow,379
44.0,6_CACTA002,TSS,Inflow,379
163.0,6_CACTA002,TSS,Inflow,379
31.0,6_CACTA002,TSS,Inflow,379
10.0,6_CACTA002,TSS,Inflow,379
57.0,6_CACTA002,TSS,Inflow,380
70.0,6_CACTA002,TSS,Inflow,380
39.0,6_CACTA002,TSS,Inflow,380
163.0,6_CACTA002,TSS,Inflow,380
27.0,6_CACTA002,TSS,Inflow,380
94.0,6_CACTA002,TSS,Inflow,381
100.0,6_CACTA002,TSS,Inflow,381
70.0,6_CACTA002,TSS,Inflow,381
39.0,6_CACTA002,TSS,Inflow,381
57.0,6_CACTA002,TSS,Inflow,381
57.0,6_CACTA002,TSS,Inflow,382
10.0,6_CACTA002,TSS,Inflow,382
27.0,6_CACTA002,TSS,Inflow,382
163.0,6_CACTA002,TSS,Inflow,382
100.0,6_CACTA002,TSS,Inflow,382
100.0,6_CACTA002,TSS,Inflow,383
31.0,6_CACTA002,TSS,Inflow,383
55.0,6_CACTA002,TSS,Inflow,383
155.0,6_CACTA002,TSS,Inflow,383
50.0,6_CACTA002,TSS,Inflow,383
39.0,6_CACTA002,TSS,Inflow,384
27.0,6_CACTA002,TSS,Inflow,384
163.0,6_CACTA002,TSS,Inflow,384
85.0,6_CACTA002,TSS,Inflow,384
94.0,6_CACTA002,TSS,Inflow,384
70.0,6_CACTA002,TSS,Inflow,385
85.0,6_CACTA002,TSS,Inflow,385
57.0,6_CACTA002,TSS,Inflow,385
94.0,6_CACTA002,TSS,Inflow,385
27.0,6_CACTA002,TSS,Inflow,385
10.0,6_CACTA002,TSS,Inflow,386
27.0,6_CACTA002,TSS,Inflow,386
163.0,6_CACTA002,TSS,Inflow,386
31.0,6_CACTA002,TSS,Inflow,386
57.0,6_CACTA002,TSS,Inflow,386
55.0,6_CACTA002,TSS,Inflow,387
44.0,6_CACTA002,TSS,Inflow,387
100.0,6_CACTA002,TSS,Inflow,387
10.0,6_CACTA002,TSS,Inflow,387
50.0,6_CACTA002,TSS,Inflow,387
163.0,6_CACTA002,TSS,Inflow,388
39.0,6_CACTA002,TSS,Inflow,388
57.0,6_CACTA002,TSS,Inflow,388
50.0,6_CACTA002,TSS,Inflow,388
70.0,6_CACTA002,TSS,Inflow,388
70.0,6_CACTA002,TSS,Inflow,389
27.0,6_CACTA002,TSS,Inflow,389
155.0,6_CACTA002,TSS,Inflow,389
39.0,6_CACTA002,TSS,Inflow,389
55.0,6_CACTA002,TSS,Inflow,389
10.0,6_CACTA002,TSS,Inflow,390
163.0,6_CACTA002,TSS,Inflow,390
155.0,6_CACTA002,TSS,Inflow,390
70.0,6_CACTA002,TSS,Inflow,390
50.0,6_CACTA002,TSS,Inflow,390
155.0,6_CACTA002,TSS,Inflow,391
94.0,6_CACTA002,TSS,Inflow,391
50.0,6_CACTA002,TSS,Inflow,391
31.0,6_CACTA002,TSS,Inflow,391
27.0,6_CACTA002,TSS,Inflow,391
31.0,6_CACTA002,TSS,Inflow,392
100.0,6_CACTA002,TSS,Inflow,392
50.0,6_CACTA002,TSS,Inflow,392
94.0,6_CACTA002,TSS,Inflow,392
85.0,6_CACTA002,TSS,Inflow,392
163.0,6_CACTA002,TSS,Inflow,393
27.0,6_CACTA002,TSS,Inflow,393
50.0,6_CACTA002,TSS,Inflow,393
57.0,6_CACTA002,TSS,Inflow,393
55.0,6_CACTA002,TSS,Inflow,393
31.0,6_CACTA002,TSS,Inflow,394
163.0,6_CACTA002,TSS,Inflow,394
27.0,6_CACTA002,TSS,Inflow,394
57.0,6_CACTA002,TSS,Inflow,394
55.0,6_CACTA002,TSS,Inflow,394
155.0,6_CACTA002,TSS,Inflow,395
163.0,6_CACTA002,TSS,Inflow,395
10.0,6_CACTA002,TSS,Inflow,395
50.0,6_CACTA002,TSS,Inflow,395
100.0,6_CACTA002,TSS,Inflow,395
100.0,6_CACTA002,TSS,Inflow,396
44.0,6_CACTA002,TSS,Inflow,396
155.0,6_CACTA002,TSS,Inflow,396
94.0,6_CACTA002,TSS,Inflow,396
50.0,6_CACTA002,TSS,Inflow,396
31.0,6_CACTA002,TSS,Inflow,397
55.0,6_CACTA002,TSS,Inflow,397
27.0,6_CACTA002,TSS,Inflow,397
155.0,6_CACTA002,TSS,Inflow,397
163.0,6_CACTA002,TSS,Inflow,397
155.0,6_CACTA002,TSS,Inflow,398
50.0,6_CACTA002,TSS,Inflow,398
57.0,6_CACTA002,TSS,Inflow,398
100.0,6_CACTA002,TSS,Inflow,398
163.0,6_CACTA002,TSS,Inflow,398
44.0,6_CACTA002,TSS,Inflow,399
50.0,6_CACTA002,TSS,Inflow,399
100.0,6_CACTA002,TSS,Inflow,399
55.0,6_CACTA002,TSS,Inflow,399
10.0,6_CACTA002,TSS,Inflow,399
57.0,6_CACTA002,TSS,Inflow,400
44.0,6_CACTA002,TSS,Inflow,400
50.0,6_CACTA002,TSS,Inflow,400
57.0,6_CACTA002,TSS,Inflow,400
39.0,6_CACTA002,TSS,Inflow,400
55.0,6_CACTA002,TSS,Inflow,401
163.0,6_CACTA002,TSS,Inflow,401
100.0,6_CACTA002,TSS,Inflow,401
85.0,6_CACTA002,TSS,Inflow,401
57.0,6_CACTA002,TSS,Inflow,401
50.0,6_CACTA002,TSS,Inflow,402
31.0,6_CACTA002,TSS,Inflow,402
70.0,6_CACTA002,TSS,Inflow,402
57.0,6_CACTA002,TSS,Inflow,402
57.0,6_CACTA002,TSS,Inflow,402
10.0,6_CACTA002,TSS,Inflow,403
100.0,6_CACTA002,TSS,Inflow,403
163.0,6_CACTA002,TSS,Inflow,403
55.0,6_CACTA002,TSS,Inflow,403
70.0,6_CACTA002,TSS,Inflow,403
163.0,6_CACTA002,TSS,Inflow,404
100.0,6_CACTA002,TSS,Inflow,404
27.0,6_CACTA002,TSS,Inflow,404
10.0,6_CACTA002,TSS,Inflow,404
94.0,6_CACTA002,TSS,Inflow,404
27.0,6_CACTA002,TSS,Inflow,405
57.0,6_CACTA002,TSS,Inflow,405
31.0,6_CACTA002,TSS,Inflow,405
57.0,6_CACTA002,TSS,Inflow,405
155.0,6_CACTA002,TSS,Inflow,405
27.0,6_CACTA002,TSS,Inflow,406
55.0,6_CACTA002,TSS,Inflow,406
100.0,6_CACTA002,TSS,Inflow,406
31.0,6_CACTA002,TSS,Inflow,406
94.0,6_CACTA002,TSS,Inflow,406
100.0,6_CACTA002,TSS,Inflow,407
27.0,6_CACTA002,TSS,Inflow,407
163.0,6_CACTA002,TSS,Inflow,407
85.0,6_CACTA002,TSS,Inflow,407
39.0,6_CACTA002,TSS,Inflow,407
39.0,6_CACTA002,TSS,Inflow,408
55.0,6_CACTA002,TSS,Inflow,408
10.0,6_CACTA002,TSS,Inflow,408
57.0,6_CACTA002,TSS,Inflow,408
57.0,6_CACTA002,TSS,Inflow,408
27.0,6_CACTA002,TSS,Inflow,409
100.0,6_CACTA002,TSS,Inflow,409
31.0,6_CACTA002,TSS,Inflow,409
155.0,6_CACTA002,TSS,Inflow,409
57.0,6_CACTA002,TSS,Inflow,409
100.0,6_CACTA002,TSS,Inflow,410
50.0,6_CACTA002,TSS,Inflow,410
39.0,6_CACTA002,TSS,Inflow,410
70.0,6_CACTA002,TSS,Inflow,410
27.0,6_CACTA002,TSS,Inflow,410
57.0,6_CACTA002,TSS,Inflow,411
57.0,6_CACTA002,TSS,Inflow,411
163.0,6_CACTA002,TSS,Inflow,411
27.0,6_CACTA002,TSS,Inflow,411
44.0,6_CACTA002,TSS,Inflow,411
155.0,6_CACTA002,TSS,Inflow,412
44.0,6_CACTA002,TSS,Inflow,412
57.0,6_CACTA002,TSS,Inflow,412
100.0,6_CACTA002,TSS,Inflow,412
39.0,6_CACTA002,TSS,Inflow,412
94.0,6_CACTA002,TSS,Inflow,413
163.0,6_CACTA002,TSS,Inflow,413
39.0,6_CACTA002,TSS,Inflow,413
10.0,6_CACTA002,TSS,Inflow,413
31.0,6_CACTA002,TSS,Inflow,413
94.0,6_CACTA002,TSS,Inflow,414
163.0,6_CACTA002,TSS,Inflow,414
155.0,6_CACTA002,TSS,Inflow,414
55.0,6_CACTA002,TSS,Inflow,414
44.0,6_CACTA002,TSS,Inflow,414
57.0,6_CACTA002,TSS,Inflow,415
155.0,6_CACTA002,TSS,Inflow,415
39.0,6_CACTA002,TSS,Inflow,415
94.0,6_CACTA002,TSS,Inflow,415
85.0,6_CACTA002,TSS,Inflow,415
155.0,6_CACTA002,TSS,Inflow,416
31.0,6_CACTA002,TSS,Inflow,416
27.0,6_CACTA002,TSS,Inflow,416
50.0,6_CACTA002,TSS,Inflow,416
85.0,6_CACTA002,TSS,Inflow,416
10.0,6_CACTA002,TSS,Inflow,417
85.0,6_CACTA002,TSS,Inflow,417
94.0,6_CACTA002,TSS,Inflow,417
155.0,6_CACTA002,TSS,Inflow,417
163.0,6_CACTA002,TSS,Inflow,417
55.0,6_CACTA002,TSS,Inflow,418
85.0,6_CACTA002,TSS,Inflow,418
70.0,6_CACTA002,TSS,Inflow,418
27.0,6_CACTA002,TSS,Inflow,418
57.0,6_CACTA002,TSS,Inflow,418
50.0,6_CACTA002,TSS,Inflow,419
57.0,6_CACTA002,TSS,Inflow,419
100.0,6_CACTA002,TSS,Inflow,419
44.0,6_CACTA002,TSS,Inflow,419
57.0,6_CACTA002,TSS,Inflow,419
44.0,6_CACTA002,TSS,Inflow,420
57.0,6_CACTA002,TSS,Inflow,420
31.0,6_CACTA002,TSS,Inflow,420
57.0,6_CACTA002,TSS,Inflow,420
163.0,6_CACTA002,TSS,Inflow,420
50.0,6_CACTA002,TSS,Inflow,421
57.0,6_CACTA002,TSS,Inflow,421
57.0,6_CACTA002,TSS,Inflow,421
44.0,6_CACTA002,TSS,Inflow,421
94.0,6_CACTA002,TSS,Inflow,421
57.0,6_CACTA002,TSS,Inflow,422
155.0,6_CACTA002,TSS,Inflow,422
31.0,6_CACTA002,TSS,Inflow,422
39.0,6_CACTA002,TSS,Inflow,422
10.0,6_CACTA002,TSS,Inflow,422
163.0,6_CACTA002,TSS,Inflow,423
57.0,6_CACTA002,TSS,Inflow,423
44.0,6_CACTA002,TSS,Inflow,423
50.0,6_CACTA002,TSS,Inflow,423
155.0,6_CACTA002,TSS,Inflow,423
10.0,6_CACTA002,TSS,Inflow,424
44.0,6_CACTA002,TSS,Inflow,424
31.0,6_CACTA002,TSS,Inflow,424
94.0,6_CACTA002,TSS,Inflow,424
85.0,6_CACTA002,TSS,Inflow,424
155.0,6_CACTA002,TSS,Inflow,425
94.0,6_CACTA002,TSS,Inflow,425
27.0,6_CACTA002,TSS,Inflow,425
163.0,6_CACTA002,TSS,Inflow,425
10.0,6_CACTA002,TSS,Inflow,425
10.0,6_CACTA002,TSS,Inflow,426
100.0,6_CACTA002,TSS,Inflow,426
57.0,6_CACTA002,TSS,Inflow,426
44.0,6_CACTA002,TSS,Inflow,426
94.0,6_CACTA002,TSS,Inflow,426
10.0,6_CACTA002,TSS,Inflow,427
39.0,6_CACTA002,TSS,Inflow,427
100.0,6_CACTA002,TSS,Inflow,427
85.0,6_CACTA002,TSS,Inflow,427
50.0,6_CACTA002,TSS,Inflow,427
27.0,6_CACTA002,TSS,Inflow,428
155.0,6_CACTA002,TSS,Inflow,428
55.0,6_CACTA002,TSS,Inflow,428
50.0,6_CACTA002,TSS,Inflow,428
39.0,6_CACTA002,TSS,Inflow,428
100.0,6_CACTA002,TSS,Inflow,429
31.0,6_CACTA002,TSS,Inflow,429
85.0,6_CACTA002,TSS,Inflow,429
55.0,6_CACTA002,TSS,Inflow,429
57.0,6_CACTA002,TSS,Inflow,429
55.0,6_CACTA002,TSS,Inflow,430
57.0,6_CACTA002,TSS,Inflow,430
94.0,6_CACTA002,TSS,Inflow,430
70.0,6_CACTA002,TSS,Inflow,430
44.0,6_CACTA002,TSS,Inflow,430
27.0,6_CACTA002,TSS,Inflow,431
85.0,6_CACTA002,TSS,Inflow,431
57.0,6_CACTA002,TSS,Inflow,431
55.0,6_CACTA002,TSS,Inflow,431
39.0,6_CACTA002,TSS,Inflow,431
94.0,6_CACTA002,TSS,Inflow,432
100.0,6_CACTA002,TSS,Inflow,432
55.0,6_CACTA002,TSS,Inflow,432
155.0,6_CACTA002,TSS,Inflow,432
57.0,6_CACTA002,TSS,Inflow,432
163.0,6_CACTA002,TSS,Inflow,433
57.0,6_CACTA002,TSS,Inflow,433
39.0,6_CACTA002,TSS,Inflow,433
27.0,6_CACTA002,TSS,Inflow,433
44.0,6_CACTA002,TSS,Inflow,433
10.0,6_CACTA002,TSS,Inflow,434
85.0,6_CACTA002,TSS,Inflow,434
57.0,6_CACTA002,TSS,Inflow,434
57.0,6_CACTA002,TSS,Inflow,434
163.0,6_CACTA002,TSS,Inflow,434
85.0,6_CACTA002,TSS,Inflow,435
27.0,6_CACTA002,TSS,Inflow,435
57.0,6_CACTA002,TSS,Inflow,435
39.0,6_CACTA002,TSS,Inflow,435
44.0,6_CACTA002,TSS,Inflow,435
94.0,6_CACTA002,TSS,Inflow,436
155.0,6_CACTA002,TSS,Inflow,436
27.0,6_CACTA002,TSS,Inflow,436
44.0,6_CACTA002,TSS,Inflow,436
57.0,6_CACTA002,TSS,Inflow,436
10.0,6_CACTA002,TSS,Inflow,437
57.0,6_CACTA002,TSS,Inflow,437
155.0,6_CACTA002,TSS,Inflow,437
163.0,6_CACTA002,TSS,Inflow,437
100.0,6_CACTA002,TSS,Inflow,437
85.0,6_CACTA002,TSS,Inflow,438
70.0,6_CACTA002,TSS,Inflow,438
27.0,6_CACTA002,TSS,Inflow,438
10.0,6_CACTA002,TSS,Inflow,438
155.0,6_CACTA002,TSS,Inflow,438
31.0,6_CACTA002,TSS,Inflow,439
57.0,6_CACTA002,TSS,Inflow,439
50.0,6_CACTA002,TSS,Inflow,439
70.0,6_CACTA002,TSS,Inflow,439
44.0,6_CACTA002,TSS,Inflow,439
70.0,6_CACTA002,TSS,Inflow,440
57.0,6_CACTA002,TSS,Inflow,440
27.0,6_CACTA002,TSS,Inflow,440
85.0,6_CACTA002,TSS,Inflow,440
10.0,6_CACTA002,TSS,Inflow,440
163.0,6_CACTA002,TSS,Inflow,441
57.0,6_CACTA002,TSS,Inflow,441
55.0,6_CACTA002,TSS,Inflow,441
39.0,6_CACTA002,TSS,Inflow,441
94.0,6_CACTA002,TSS,Inflow,441
163.0,6_CACTA002,TSS,Inflow,442
55.0,6_CACTA002,TSS,Inflow,442
50.0,6_CACTA002,TSS,Inflow,442
31.0,6_CACTA002,TSS,Inflow,442
39.0,6_CACTA002,TSS,Inflow,442
85.0,6_CACTA002,TSS,Inflow,443
70.0,6_CACTA002,TSS,Inflow,443
31.0,6_CACTA002,TSS,Inflow,443
10.0,6_CACTA002,TSS,Inflow,443
163.0,6_CACTA002,TSS,Inflow,443
57.0,6_CACTA002,TSS,Inflow,444
10.0,6_CACTA002,TSS,Inflow,444
44.0,6_CACTA002,TSS,Inflow,444
100.0,6_CACTA002,TSS,Inflow,444
70.0,6_CACTA002,TSS,Inflow,444
27.0,6_CACTA002,TSS,Inflow,445
31.0,6_CACTA002,TSS,Inflow,445
70.0,6_CACTA002,TSS,Inflow,445
55.0,6_CACTA002,TSS,Inflow,445
39.0,6_CACTA002,TSS,Inflow,445
10.0,6_CACTA002,TSS,Inflow,446
155.0,6_CACTA002,TSS,Inflow,446
55.0,6_CACTA002,TSS,Inflow,446
94.0,6_CACTA002,TSS,Inflow,446
100.0,6_CACTA002,TSS,Inflow,446
10.0,6_CACTA002,TSS,Inflow,447
39.0,6_CACTA002,TSS,Inflow,447
70.0,6_CACTA002,TSS,Inflow,447
100.0,6_CACTA002,TSS,Inflow,447
155.0,6_CACTA002,TSS,Inflow,447
27.0,6_CACTA002,TSS,Inflow,448
31.0,6_CACTA002,TSS,Inflow,448
155.0,6_CACTA002,TSS,Inflow,448
44.0,6_CACTA002,TSS,Inflow,448
10.0,6_CACTA002,TSS,Inflow,448
70.0,6_CACTA002,TSS,Inflow,449
10.0,6_CACTA002,TSS,Inflow,449
100.0,6_CACTA002,TSS,Inflow,449
85.0,6_CACTA002,TSS,Inflow,449
57.0,6_CACTA002,TSS,Inflow,449
27.0,6_CACTA002,TSS,Inflow,450
155.0,6_CACTA002,TSS,Inflow,450
10.0,6_CACTA002,TSS,Inflow,450
31.0,6_CACTA002,TSS,Inflow,450
94.0,6_CACTA002,TSS,Inflow,450
57.0,6_CACTA002,TSS,Inflow,451
94.0,6_CACTA002,TSS,Inflow,451
57.0,6_CACTA002,TSS,Inflow,451
27.0,6_CACTA002,TSS,Inflow,451
50.0,6_CACTA002,TSS,Inflow,451
85.0,6_CACTA002,TSS,Inflow,452
55.0,6_CACTA002,TSS,Inflow,452
155.0,6_CACTA002,TSS,Inflow,452
50.0,6_CACTA002,TSS,Inflow,452
100.0,6_CACTA002,TSS,Inflow,452
39.0,6_CACTA002,TSS,Inflow,453
163.0,6_CACTA002,TSS,Inflow,453
100.0,6_CACTA002,TSS,Inflow,453
155.0,6_CACTA002,TSS,Inflow,453
94.0,6_CACTA002,TSS,Inflow,453
70.0,6_CACTA002,TSS,Inflow,454
155.0,6_CACTA002,TSS,Inflow,454
100.0,6_CACTA002,TSS,Inflow,454
31.0,6_CACTA002,TSS,Inflow,454
27.0,6_CACTA002,TSS,Inflow,454
44.0,6_CACTA002,TSS,Inflow,455
57.0,6_CACTA002,TSS,Inflow,455
163.0,6_CACTA002,TSS,Inflow,455
31.0,6_CACTA002,TSS,Inflow,455
50.0,6_CACTA002,TSS,Inflow,455
57.0,6_CACTA002,TSS,Inflow,456
50.0,6_CACTA002,TSS,Inflow,456
55.0,6_CACTA002,TSS,Inflow,456
85.0,6_CACTA002,TSS,Inflow,456
44.0,6_CACTA002,TSS,Inflow,456
57.0,6_CACTA002,TSS,Inflow,457
39.0,6_CACTA002,TSS,Inflow,457
55.0,6_CACTA002,TSS,Inflow,457
10.0,6_CACTA002,TSS,Inflow,457
94.0,6_CACTA002,TSS,Inflow,457
10.0,6_CACTA002,TSS,Inflow,458
57.0,6_CACTA002,TSS,Inflow,458
50.0,6_CACTA002,TSS,Inflow,458
39.0,6_CACTA002,TSS,Inflow,458
57.0,6_CACTA002,TSS,Inflow,458
27.0,6_CACTA002,TSS,Inflow,459
57.0,6_CACTA002,TSS,Inflow,459
100.0,6_CACTA002,TSS,Inflow,459
10.0,6_CACTA002,TSS,Inflow,459
57.0,6_CACTA002,TSS,Inflow,459
44.0,6_CACTA002,TSS,Inflow,460
50.0,6_CACTA002,TSS,Inflow,460
27.0,6_CACTA002,TSS,Inflow,460
10.0,6_CACTA002,TSS,Inflow,460
155.0,6_CACTA002,TSS,Inflow,460
85.0,6_CACTA002,TSS,Inflow,461
50.0,6_CACTA002,TSS,Inflow,461
57.0,6_CACTA002,TSS,Inflow,461
94.0,6_CACTA002,TSS,Inflow,461
31.0,6_CACTA002,TSS,Inflow,461
57.0,6_CACTA002,TSS,Inflow,462
55.0,6_CACTA002,TSS,Inflow,462
85.0,6_CACTA002,TSS,Inflow,462
94.0,6_CACTA002,TSS,Inflow,462
50.0,6_CACTA002,TSS,Inflow,462
100.0,6_CACTA002,TSS,Inflow,463
31.0,6_CACTA002,TSS,Inflow,463
39.0,6_CACTA002,TSS,Inflow,463
163.0,6_CACTA002,TSS,Inflow,463
50.0,6_CACTA002,TSS,Inflow,463
10.0,6_CACTA002,TSS,Inflow,464
39.0,6_CACTA002,TSS,Inflow,464
31.0,6_CACTA002,TSS,Inflow,464
163.0,6_CACTA002,TSS,Inflow,464
50.0,6_CACTA002,TSS,Inflow,464
70.0,6_CACTA002,TSS,Inflow,465
39.0,6_CACTA002,TSS,Inflow,465
50.0,6_CACTA002,TSS,Inflow,465
44.0,6_CACTA002,TSS,Inflow,465
100.0,6_CACTA002,TSS,Inflow,465
57.0,6_CACTA002,TSS,Inflow,466
50.0,6_CACTA002,TSS,Inflow,466
163.0,6_CACTA002,TSS,Inflow,466
57.0,6_CACTA002,TSS,Inflow,466
55.0,6_CACTA002,TSS,Inflow,466
55.0,6_CACTA002,TSS,Inflow,467
85.0,6_CACTA002,TSS,Inflow,467
57.0,6_CACTA002,TSS,Inflow,467
94.0,6_CACTA002,TSS,Inflow,467
57.0,6_CACTA002,TSS,Inflow,467
155.0,6_CACTA002,TSS,Inflow,468
55.0,6_CACTA002,TSS,Inflow,468
70.0,6_CACTA002,TSS,Inflow,468
57.0,6_CACTA002,TSS,Inflow,468
85.0,6_CACTA002,TSS,Inflow,468
94.0,6_CACTA002,TSS,Inflow,469
85.0,6_CACTA002,TSS,Inflow,469
10.0,6_CACTA002,TSS,Inflow,469
50.0,6_CACTA002,TSS,Inflow,469
55.0,6_CACTA002,TSS,Inflow,469
50.0,6_CACTA002,TSS,Inflow,470
100.0,6_CACTA002,TSS,Inflow,470
57.0,6_CACTA002,TSS,Inflow,470
39.0,6_CACTA002,TSS,Inflow,470
10.0,6_CACTA002,TSS,Inflow,470
100.0,6_CACTA002,TSS,Inflow,471
27.0,6_CACTA002,TSS,Inflow,471
44.0,6_CACTA002,TSS,Inflow,471
85.0,6_CACTA002,TSS,Inflow,471
55.0,6_CACTA002,TSS,Inflow,471
44.0,6_CACTA002,TSS,Inflow,472
85.0,6_CACTA002,TSS,Inflow,472
57.0,6_CACTA002,TSS,Inflow,472
94.0,6_CACTA002,TSS,Inflow,472
163.0,6_CACTA002,TSS,Inflow,472
155.0,6_CACTA002,TSS,Inflow,473
163.0,6_CACTA002,TSS,Inflow,473
27.0,6_CACTA002,TSS,Inflow,473
39.0,6_CACTA002,TSS,Inflow,473
100.0,6_CACTA002,TSS,Inflow,473
39.0,6_CACTA002,TSS,Inflow,474
57.0,6_CACTA002,TSS,Inflow,474
100.0,6_CACTA002,TSS,Inflow,474
44.0,6_CACTA002,TSS,Inflow,474
70.0,6_CACTA002,TSS,Inflow,474
85.0,6_CACTA002,TSS,Inflow,475
155.0,6_CACTA002,TSS,Inflow,475
50.0,6_CACTA002,TSS,Inflow,475
27.0,6_CACTA002,TSS,Inflow,475
57.0,6_CACTA002,TSS,Inflow,475
27.0,6_CACTA002,TSS,Inflow,476
57.0,6_CACTA002,TSS,Inflow,476
57.0,6_CACTA002,TSS,Inflow,476
55.0,6_CACTA002,TSS,Inflow,476
155.0,6_CACTA002,TSS,Inflow,476
55.0,6_CACTA002,TSS,Inflow,477
85.0,6_CACTA002,TSS,Inflow,477
70.0,6_CACTA002,TSS,Inflow,477
27.0,6_CACTA002,TSS,Inflow,477
94.0,6_CACTA002,TSS,Inflow,477
85.0,6_CACTA002,TSS,Inflow,478
10.0,6_CACTA002,TSS,Inflow,478
31.0,6_CACTA002,TSS,Inflow,478
57.0,6_CACTA002,TSS,Inflow,478
57.0,6_CACTA002,TSS,Inflow,478
39.0,6_CACTA002,TSS,Inflow,479
10.0,6_CACTA002,TSS,Inflow,479
31.0,6_CACTA002,TSS,Inflow,479
57.0,6_CACTA002,TSS,Inflow,479
155.0,6_CACTA002,TSS,Inflow,479
163.0,6_CACTA002,TSS,Inflow,480
100.0,6_CACTA002,TSS,Inflow,480
44.0,6_CACTA002,TSS,Inflow,480
57.0,6_CACTA002,TSS,Inflow,480
57.0,6_CACTA002,TSS,Inflow,480
50.0,6_CACTA002,TSS,Inflow,481
100.0,6_CACTA002,TSS,Inflow,481
163.0,6_CACTA002,TSS,Inflow,481
44.0,6_CACTA002,TSS,Inflow,481
70.0,6_CACTA002,TSS,Inflow,481
27.0,6_CACTA002,TSS,Inflow,482
57.0,6_CACTA002,TSS,Inflow,482
39.0,6_CACTA002,TSS,Inflow,482
94.0,6_CACTA002,TSS,Inflow,482
85.0,6_CACTA002,TSS,Inflow,482
57.0,6_CACTA002,TSS,Inflow,483
55.0,6_CACTA002,TSS,Inflow,483
39.0,6_CACTA002,TSS,Inflow,483
50.0,6_CACTA002,TSS,Inflow,483
163.0,6_CACTA002,TSS,Inflow,483
39.0,6_CACTA002,TSS,Inflow,484
155.0,6_CACTA002,TSS,Inflow,484
10.0,6_CACTA002,TSS,Inflow,484
85.0,6_CACTA002,TSS,Inflow,484
57.0,6_CACTA002,TSS,Inflow,484
57.0,6_CACTA002,TSS,Inflow,485
27.0,6_CACTA002,TSS,Inflow,485
39.0,6_CACTA002,TSS,Inflow,485
94.0,6_CACTA002,TSS,Inflow,485
100.0,6_CACTA002,TSS,Inflow,485
57.0,6_CACTA002,TSS,Inflow,486
57.0,6_CACTA002,TSS,Inflow,486
31.0,6_CACTA002,TSS,Inflow,486
50.0,6_CACTA002,TSS,Inflow,486
10.0,6_CACTA002,TSS,Inflow,486
163.0,6_CACTA002,TSS,Inflow,487
57.0,6_CACTA002,TSS,Inflow,487
55.0,6_CACTA002,TSS,Inflow,487
94.0,6_CACTA002,TSS,Inflow,487
10.0,6_CACTA002,TSS,Inflow,487
31.0,6_CACTA002,TSS,Inflow,488
55.0,6_CACTA002,TSS,Inflow,488
57.0,6_CACTA002,TSS,Inflow,488
50.0,6_CACTA002,TSS,Inflow,488
70.0,6_CACTA002,TSS,Inflow,488
31.0,6_CACTA002,TSS,Inflow,489
155.0,6_CACTA002,TSS,Inflow,489
39.0,6_CACTA002,TSS,Inflow,489
94.0,6_CACTA002,TSS,Inflow,489
50.0,6_CACTA002,TSS,Inflow,489
10.0,6_CACTA002,TSS,Inflow,490
55.0,6_CACTA002,TSS,Inflow,490
44.0,6_CACTA002,TSS,Inflow,490
100.0,6_CACTA002,TSS,Inflow,490
57.0,6_CACTA002,TSS,Inflow,490
163.0,6_CACTA002,TSS,Inflow,491
85.0,6_CACTA002,TSS,Inflow,491
57.0,6_CACTA002,TSS,Inflow,491
155.0,6_CACTA002,TSS,Inflow,491
57.0,6_CACTA002,TSS,Inflow,491
27.0,6_CACTA002,TSS,Inflow,492
85.0,6_CACTA002,TSS,Inflow,492
163.0,6_CACTA002,TSS,Inflow,492
50.0,6_CACTA002,TSS,Inflow,492
100.0,6_CACTA002,TSS,Inflow,492
31.0,6_CACTA002,TSS,Inflow,493
155.0,6_CACTA002,TSS,Inflow,493
85.0,6_CACTA002,TSS,Inflow,493
27.0,6_CACTA002,TSS,Inflow,493
50.0,6_CACTA002,TSS,Inflow,493
100.0,6_CACTA002,TSS,Inflow,494
70.0,6_CACTA002,TSS,Inflow,494
57.0,6_CACTA002,TSS,Inflow,494
39.0,6_CACTA002,TSS,Inflow,494
55.0,6_CACTA002,TSS,Inflow,494
10.0,6_CACTA002,TSS,Inflow,495
39.0,6_CACTA002,TSS,Inflow,495
70.0,6_CACTA002,TSS,Inflow,495
57.0,6_CACTA002,TSS,Inflow,495
57.0,6_CACTA002,TSS,Inflow,495
155.0,6_CACTA002,TSS,Inflow,496
163.0,6_CACTA002,TSS,Inflow,496
39.0,6_CACTA002,TSS,Inflow,496
50.0,6_CACTA002,TSS,Inflow,496
55.0,6_CACTA002,TSS,Inflow,496
57.0,6_CACTA002,TSS,Inflow,497
10.0,6_CACTA002,TSS,Inflow,497
31.0,6_CACTA002,TSS,Inflow,497
100.0,6_CACTA002,TSS,Inflow,497
27.0,6_CACTA002,TSS,Inflow,497
55.0,6_CACTA002,TSS,Inflow,498
100.0,6_CACTA002,TSS,Inflow,498
10.0,6_CACTA002,TSS,Inflow,498
70.0,6_CACTA002,TSS,Inflow,498
57.0,6_CACTA002,TSS,Inflow,498
27.0,6_CACTA002,TSS,Inflow,499
94.0,6_CACTA002,TSS,Inflow,499
44.0,6_CACTA002,TSS,Inflow,499
100.0,6_CACTA002,TSS,Inflow,499
31.0,6_CACTA002,TSS,Inflow,499
44.0,6_CACTA002,TSS,Inflow,500
55.0,6_CACTA002,TSS,Inflow,500
57.0,6_CACTA002,TSS,Inflow,500
57.0,6_CACTA002,TSS,Inflow,500
70.0,6_CACTA002,TSS,Inflow,500
