EMC,Location,Analyte,Flow,Run
30.79999923706055,-1290174122_FL,TSS,Outflow,1
3.0,-1290174122_FL,TSS,Outflow,1
19.0,-1290174122_FL,TSS,Outflow,1
5.0,-1290174122_FL,TSS,Outflow,1
7.0,-1290174122_FL,TSS,Outflow,1
12.5,-1290174122_FL,TSS,Outflow,2
3.0,-1290174122_FL,TSS,Outflow,2
19.0,-1290174122_FL,TSS,Outflow,2
2.0,-1290174122_FL,TSS,Outflow,2
1.0,-1290174122_FL,TSS,Outflow,2
7.599999904632568,-1290174122_FL,TSS,Outflow,3
5.0,-1290174122_FL,TSS,Outflow,3
3.0,-1290174122_FL,TSS,Outflow,3
4.0,-1290174122_FL,TSS,Outflow,3
16.60000038146973,-1290174122_FL,TSS,Outflow,3
5.0,-1290174122_FL,TSS,Outflow,4
19.0,-1290174122_FL,TSS,Outflow,4
16.70000076293945,-1290174122_FL,TSS,Outflow,4
3.0,-1290174122_FL,TSS,Outflow,4
23.0,-1290174122_FL,TSS,Outflow,4
7.0,-1290174122_FL,TSS,Outflow,5
7.599999904632568,-1290174122_FL,TSS,Outflow,5
13.69999980926514,-1290174122_FL,TSS,Outflow,5
3.0,-1290174122_FL,TSS,Outflow,5
3.0,-1290174122_FL,TSS,Outflow,5
8.0,-1290174122_FL,TSS,Outflow,6
28.0,-1290174122_FL,TSS,Outflow,6
5.0,-1290174122_FL,TSS,Outflow,6
6.0,-1290174122_FL,TSS,Outflow,6
15.89999961853027,-1290174122_FL,TSS,Outflow,6
29.39999961853027,-1290174122_FL,TSS,Outflow,7
3.0,-1290174122_FL,TSS,Outflow,7
3.0,-1290174122_FL,TSS,Outflow,7
16.60000038146973,-1290174122_FL,TSS,Outflow,7
9.100000381469727,-1290174122_FL,TSS,Outflow,7
16.60000038146973,-1290174122_FL,TSS,Outflow,8
16.0,-1290174122_FL,TSS,Outflow,8
9.600000381469727,-1290174122_FL,TSS,Outflow,8
10.69999980926514,-1290174122_FL,TSS,Outflow,8
3.0,-1290174122_FL,TSS,Outflow,8
10.0,-1290174122_FL,TSS,Outflow,9
2.0,-1290174122_FL,TSS,Outflow,9
5.0,-1290174122_FL,TSS,Outflow,9
3.0,-1290174122_FL,TSS,Outflow,9
3.0,-1290174122_FL,TSS,Outflow,9
2.0,-1290174122_FL,TSS,Outflow,10
47.0,-1290174122_FL,TSS,Outflow,10
4.0,-1290174122_FL,TSS,Outflow,10
3.0,-1290174122_FL,TSS,Outflow,10
5.0,-1290174122_FL,TSS,Outflow,10
5.0,-1290174122_FL,TSS,Outflow,11
6.0,-1290174122_FL,TSS,Outflow,11
9.0,-1290174122_FL,TSS,Outflow,11
8.0,-1290174122_FL,TSS,Outflow,11
7.5,-1290174122_FL,TSS,Outflow,11
10.5,-1290174122_FL,TSS,Outflow,12
4.0,-1290174122_FL,TSS,Outflow,12
0.02999999932944775,-1290174122_FL,TSS,Outflow,12
2.0,-1290174122_FL,TSS,Outflow,12
12.10000038146973,-1290174122_FL,TSS,Outflow,12
10.0,-1290174122_FL,TSS,Outflow,13
5.0,-1290174122_FL,TSS,Outflow,13
5.099999904632568,-1290174122_FL,TSS,Outflow,13
3.0,-1290174122_FL,TSS,Outflow,13
7.099999904632568,-1290174122_FL,TSS,Outflow,13
10.5,-1290174122_FL,TSS,Outflow,14
2.0,-1290174122_FL,TSS,Outflow,14
7.5,-1290174122_FL,TSS,Outflow,14
12.10000038146973,-1290174122_FL,TSS,Outflow,14
5.0,-1290174122_FL,TSS,Outflow,14
16.60000038146973,-1290174122_FL,TSS,Outflow,15
28.0,-1290174122_FL,TSS,Outflow,15
7.099999904632568,-1290174122_FL,TSS,Outflow,15
8.0,-1290174122_FL,TSS,Outflow,15
7.5,-1290174122_FL,TSS,Outflow,15
23.0,-1290174122_FL,TSS,Outflow,16
12.5,-1290174122_FL,TSS,Outflow,16
0.02999999932944775,-1290174122_FL,TSS,Outflow,16
19.0,-1290174122_FL,TSS,Outflow,16
13.69999980926514,-1290174122_FL,TSS,Outflow,16
29.39999961853027,-1290174122_FL,TSS,Outflow,17
7.0,-1290174122_FL,TSS,Outflow,17
9.699999809265137,-1290174122_FL,TSS,Outflow,17
9.5,-1290174122_FL,TSS,Outflow,17
2.0,-1290174122_FL,TSS,Outflow,17
8.0,-1290174122_FL,TSS,Outflow,18
30.79999923706055,-1290174122_FL,TSS,Outflow,18
5.0,-1290174122_FL,TSS,Outflow,18
4.0,-1290174122_FL,TSS,Outflow,18
15.89999961853027,-1290174122_FL,TSS,Outflow,18
3.0,-1290174122_FL,TSS,Outflow,19
3.0,-1290174122_FL,TSS,Outflow,19
0.02999999932944775,-1290174122_FL,TSS,Outflow,19
9.100000381469727,-1290174122_FL,TSS,Outflow,19
5.0,-1290174122_FL,TSS,Outflow,19
23.0,-1290174122_FL,TSS,Outflow,20
11.0,-1290174122_FL,TSS,Outflow,20
16.5,-1290174122_FL,TSS,Outflow,20
4.0,-1290174122_FL,TSS,Outflow,20
15.0,-1290174122_FL,TSS,Outflow,20
9.899999618530273,-1290174122_FL,TSS,Outflow,21
2.0,-1290174122_FL,TSS,Outflow,21
7.099999904632568,-1290174122_FL,TSS,Outflow,21
5.0,-1290174122_FL,TSS,Outflow,21
0.02999999932944775,-1290174122_FL,TSS,Outflow,21
5.099999904632568,-1290174122_FL,TSS,Outflow,22
29.39999961853027,-1290174122_FL,TSS,Outflow,22
2.0,-1290174122_FL,TSS,Outflow,22
6.0,-1290174122_FL,TSS,Outflow,22
10.69999980926514,-1290174122_FL,TSS,Outflow,22
9.5,-1290174122_FL,TSS,Outflow,23
19.0,-1290174122_FL,TSS,Outflow,23
9.600000381469727,-1290174122_FL,TSS,Outflow,23
5.0,-1290174122_FL,TSS,Outflow,23
3.0,-1290174122_FL,TSS,Outflow,23
12.10000038146973,-1290174122_FL,TSS,Outflow,24
15.0,-1290174122_FL,TSS,Outflow,24
12.5,-1290174122_FL,TSS,Outflow,24
5.300000190734863,-1290174122_FL,TSS,Outflow,24
7.099999904632568,-1290174122_FL,TSS,Outflow,24
15.0,-1290174122_FL,TSS,Outflow,25
10.0,-1290174122_FL,TSS,Outflow,25
11.0,-1290174122_FL,TSS,Outflow,25
5.300000190734863,-1290174122_FL,TSS,Outflow,25
7.900000095367432,-1290174122_FL,TSS,Outflow,25
5.0,-1290174122_FL,TSS,Outflow,26
6.0,-1290174122_FL,TSS,Outflow,26
12.5,-1290174122_FL,TSS,Outflow,26
7.099999904632568,-1290174122_FL,TSS,Outflow,26
9.899999618530273,-1290174122_FL,TSS,Outflow,26
16.70000076293945,-1290174122_FL,TSS,Outflow,27
2.0,-1290174122_FL,TSS,Outflow,27
15.0,-1290174122_FL,TSS,Outflow,27
3.0,-1290174122_FL,TSS,Outflow,27
11.0,-1290174122_FL,TSS,Outflow,27
9.0,-1290174122_FL,TSS,Outflow,28
12.5,-1290174122_FL,TSS,Outflow,28
2.0,-1290174122_FL,TSS,Outflow,28
16.5,-1290174122_FL,TSS,Outflow,28
16.0,-1290174122_FL,TSS,Outflow,28
16.60000038146973,-1290174122_FL,TSS,Outflow,29
7.900000095367432,-1290174122_FL,TSS,Outflow,29
1.0,-1290174122_FL,TSS,Outflow,29
9.899999618530273,-1290174122_FL,TSS,Outflow,29
11.0,-1290174122_FL,TSS,Outflow,29
3.0,-1290174122_FL,TSS,Outflow,30
6.0,-1290174122_FL,TSS,Outflow,30
9.100000381469727,-1290174122_FL,TSS,Outflow,30
6.0,-1290174122_FL,TSS,Outflow,30
47.0,-1290174122_FL,TSS,Outflow,30
2.0,-1290174122_FL,TSS,Outflow,31
5.0,-1290174122_FL,TSS,Outflow,31
3.0,-1290174122_FL,TSS,Outflow,31
20.70000076293945,-1290174122_FL,TSS,Outflow,31
7.599999904632568,-1290174122_FL,TSS,Outflow,31
16.0,-1290174122_FL,TSS,Outflow,32
16.60000038146973,-1290174122_FL,TSS,Outflow,32
7.099999904632568,-1290174122_FL,TSS,Outflow,32
10.69999980926514,-1290174122_FL,TSS,Outflow,32
49.29999923706055,-1290174122_FL,TSS,Outflow,32
29.39999961853027,-1290174122_FL,TSS,Outflow,33
20.70000076293945,-1290174122_FL,TSS,Outflow,33
9.5,-1290174122_FL,TSS,Outflow,33
10.5,-1290174122_FL,TSS,Outflow,33
3.0,-1290174122_FL,TSS,Outflow,33
30.79999923706055,-1290174122_FL,TSS,Outflow,34
15.0,-1290174122_FL,TSS,Outflow,34
7.0,-1290174122_FL,TSS,Outflow,34
5.0,-1290174122_FL,TSS,Outflow,34
2.0,-1290174122_FL,TSS,Outflow,34
16.0,-1290174122_FL,TSS,Outflow,35
47.0,-1290174122_FL,TSS,Outflow,35
19.0,-1290174122_FL,TSS,Outflow,35
9.5,-1290174122_FL,TSS,Outflow,35
6.0,-1290174122_FL,TSS,Outflow,35
13.69999980926514,-1290174122_FL,TSS,Outflow,36
3.0,-1290174122_FL,TSS,Outflow,36
5.0,-1290174122_FL,TSS,Outflow,36
9.5,-1290174122_FL,TSS,Outflow,36
5.0,-1290174122_FL,TSS,Outflow,36
10.0,-1290174122_FL,TSS,Outflow,37
19.0,-1290174122_FL,TSS,Outflow,37
15.0,-1290174122_FL,TSS,Outflow,37
20.29999923706055,-1290174122_FL,TSS,Outflow,37
2.0,-1290174122_FL,TSS,Outflow,37
3.0,-1290174122_FL,TSS,Outflow,38
8.0,-1290174122_FL,TSS,Outflow,38
4.0,-1290174122_FL,TSS,Outflow,38
0.02999999932944775,-1290174122_FL,TSS,Outflow,38
16.60000038146973,-1290174122_FL,TSS,Outflow,38
3.0,-1290174122_FL,TSS,Outflow,39
9.600000381469727,-1290174122_FL,TSS,Outflow,39
19.0,-1290174122_FL,TSS,Outflow,39
11.0,-1290174122_FL,TSS,Outflow,39
3.0,-1290174122_FL,TSS,Outflow,39
8.0,-1290174122_FL,TSS,Outflow,40
23.0,-1290174122_FL,TSS,Outflow,40
19.0,-1290174122_FL,TSS,Outflow,40
15.0,-1290174122_FL,TSS,Outflow,40
9.699999809265137,-1290174122_FL,TSS,Outflow,40
16.0,-1290174122_FL,TSS,Outflow,41
3.0,-1290174122_FL,TSS,Outflow,41
8.0,-1290174122_FL,TSS,Outflow,41
13.69999980926514,-1290174122_FL,TSS,Outflow,41
2.0,-1290174122_FL,TSS,Outflow,41
3.0,-1290174122_FL,TSS,Outflow,42
16.0,-1290174122_FL,TSS,Outflow,42
16.5,-1290174122_FL,TSS,Outflow,42
30.79999923706055,-1290174122_FL,TSS,Outflow,42
5.099999904632568,-1290174122_FL,TSS,Outflow,42
9.699999809265137,-1290174122_FL,TSS,Outflow,43
49.29999923706055,-1290174122_FL,TSS,Outflow,43
2.0,-1290174122_FL,TSS,Outflow,43
10.0,-1290174122_FL,TSS,Outflow,43
5.0,-1290174122_FL,TSS,Outflow,43
7.5,-1290174122_FL,TSS,Outflow,44
16.60000038146973,-1290174122_FL,TSS,Outflow,44
47.0,-1290174122_FL,TSS,Outflow,44
5.0,-1290174122_FL,TSS,Outflow,44
13.69999980926514,-1290174122_FL,TSS,Outflow,44
9.100000381469727,-1290174122_FL,TSS,Outflow,45
8.0,-1290174122_FL,TSS,Outflow,45
5.699999809265137,-1290174122_FL,TSS,Outflow,45
4.0,-1290174122_FL,TSS,Outflow,45
6.0,-1290174122_FL,TSS,Outflow,45
3.0,-1290174122_FL,TSS,Outflow,46
10.69999980926514,-1290174122_FL,TSS,Outflow,46
7.5,-1290174122_FL,TSS,Outflow,46
8.0,-1290174122_FL,TSS,Outflow,46
13.69999980926514,-1290174122_FL,TSS,Outflow,46
5.300000190734863,-1290174122_FL,TSS,Outflow,47
3.0,-1290174122_FL,TSS,Outflow,47
3.0,-1290174122_FL,TSS,Outflow,47
12.5,-1290174122_FL,TSS,Outflow,47
5.0,-1290174122_FL,TSS,Outflow,47
2.0,-1290174122_FL,TSS,Outflow,48
4.0,-1290174122_FL,TSS,Outflow,48
16.0,-1290174122_FL,TSS,Outflow,48
9.100000381469727,-1290174122_FL,TSS,Outflow,48
3.0,-1290174122_FL,TSS,Outflow,48
15.0,-1290174122_FL,TSS,Outflow,49
3.0,-1290174122_FL,TSS,Outflow,49
4.0,-1290174122_FL,TSS,Outflow,49
12.5,-1290174122_FL,TSS,Outflow,49
2.0,-1290174122_FL,TSS,Outflow,49
3.0,-1290174122_FL,TSS,Outflow,50
20.70000076293945,-1290174122_FL,TSS,Outflow,50
7.300000190734863,-1290174122_FL,TSS,Outflow,50
4.0,-1290174122_FL,TSS,Outflow,50
3.0,-1290174122_FL,TSS,Outflow,50
6.0,-1290174122_FL,TSS,Outflow,51
3.0,-1290174122_FL,TSS,Outflow,51
7.0,-1290174122_FL,TSS,Outflow,51
5.0,-1290174122_FL,TSS,Outflow,51
5.0,-1290174122_FL,TSS,Outflow,51
7.0,-1290174122_FL,TSS,Outflow,52
2.0,-1290174122_FL,TSS,Outflow,52
30.79999923706055,-1290174122_FL,TSS,Outflow,52
10.0,-1290174122_FL,TSS,Outflow,52
13.69999980926514,-1290174122_FL,TSS,Outflow,52
3.0,-1290174122_FL,TSS,Outflow,53
2.0,-1290174122_FL,TSS,Outflow,53
4.0,-1290174122_FL,TSS,Outflow,53
8.0,-1290174122_FL,TSS,Outflow,53
16.5,-1290174122_FL,TSS,Outflow,53
5.300000190734863,-1290174122_FL,TSS,Outflow,54
10.69999980926514,-1290174122_FL,TSS,Outflow,54
12.5,-1290174122_FL,TSS,Outflow,54
4.0,-1290174122_FL,TSS,Outflow,54
1.0,-1290174122_FL,TSS,Outflow,54
7.599999904632568,-1290174122_FL,TSS,Outflow,55
12.39999961853027,-1290174122_FL,TSS,Outflow,55
3.0,-1290174122_FL,TSS,Outflow,55
9.100000381469727,-1290174122_FL,TSS,Outflow,55
28.0,-1290174122_FL,TSS,Outflow,55
23.0,-1290174122_FL,TSS,Outflow,56
6.0,-1290174122_FL,TSS,Outflow,56
3.0,-1290174122_FL,TSS,Outflow,56
7.5,-1290174122_FL,TSS,Outflow,56
9.899999618530273,-1290174122_FL,TSS,Outflow,56
9.5,-1290174122_FL,TSS,Outflow,57
7.599999904632568,-1290174122_FL,TSS,Outflow,57
9.699999809265137,-1290174122_FL,TSS,Outflow,57
3.0,-1290174122_FL,TSS,Outflow,57
5.300000190734863,-1290174122_FL,TSS,Outflow,57
10.0,-1290174122_FL,TSS,Outflow,58
3.0,-1290174122_FL,TSS,Outflow,58
6.0,-1290174122_FL,TSS,Outflow,58
6.0,-1290174122_FL,TSS,Outflow,58
5.0,-1290174122_FL,TSS,Outflow,58
3.0,-1290174122_FL,TSS,Outflow,59
9.100000381469727,-1290174122_FL,TSS,Outflow,59
1.0,-1290174122_FL,TSS,Outflow,59
7.300000190734863,-1290174122_FL,TSS,Outflow,59
5.0,-1290174122_FL,TSS,Outflow,59
9.899999618530273,-1290174122_FL,TSS,Outflow,60
3.0,-1290174122_FL,TSS,Outflow,60
5.0,-1290174122_FL,TSS,Outflow,60
20.29999923706055,-1290174122_FL,TSS,Outflow,60
5.099999904632568,-1290174122_FL,TSS,Outflow,60
16.5,-1290174122_FL,TSS,Outflow,61
4.0,-1290174122_FL,TSS,Outflow,61
7.599999904632568,-1290174122_FL,TSS,Outflow,61
47.0,-1290174122_FL,TSS,Outflow,61
3.0,-1290174122_FL,TSS,Outflow,61
3.0,-1290174122_FL,TSS,Outflow,62
7.099999904632568,-1290174122_FL,TSS,Outflow,62
10.5,-1290174122_FL,TSS,Outflow,62
3.0,-1290174122_FL,TSS,Outflow,62
3.0,-1290174122_FL,TSS,Outflow,62
2.0,-1290174122_FL,TSS,Outflow,63
9.100000381469727,-1290174122_FL,TSS,Outflow,63
10.0,-1290174122_FL,TSS,Outflow,63
8.0,-1290174122_FL,TSS,Outflow,63
9.699999809265137,-1290174122_FL,TSS,Outflow,63
12.39999961853027,-1290174122_FL,TSS,Outflow,64
10.5,-1290174122_FL,TSS,Outflow,64
3.0,-1290174122_FL,TSS,Outflow,64
19.0,-1290174122_FL,TSS,Outflow,64
11.0,-1290174122_FL,TSS,Outflow,64
28.0,-1290174122_FL,TSS,Outflow,65
2.0,-1290174122_FL,TSS,Outflow,65
5.0,-1290174122_FL,TSS,Outflow,65
3.0,-1290174122_FL,TSS,Outflow,65
3.0,-1290174122_FL,TSS,Outflow,65
3.0,-1290174122_FL,TSS,Outflow,66
8.0,-1290174122_FL,TSS,Outflow,66
12.5,-1290174122_FL,TSS,Outflow,66
5.0,-1290174122_FL,TSS,Outflow,66
2.0,-1290174122_FL,TSS,Outflow,66
3.0,-1290174122_FL,TSS,Outflow,67
15.89999961853027,-1290174122_FL,TSS,Outflow,67
5.0,-1290174122_FL,TSS,Outflow,67
5.0,-1290174122_FL,TSS,Outflow,67
3.0,-1290174122_FL,TSS,Outflow,67
3.0,-1290174122_FL,TSS,Outflow,68
23.0,-1290174122_FL,TSS,Outflow,68
2.0,-1290174122_FL,TSS,Outflow,68
11.0,-1290174122_FL,TSS,Outflow,68
9.600000381469727,-1290174122_FL,TSS,Outflow,68
7.0,-1290174122_FL,TSS,Outflow,69
3.0,-1290174122_FL,TSS,Outflow,69
4.0,-1290174122_FL,TSS,Outflow,69
8.0,-1290174122_FL,TSS,Outflow,69
5.0,-1290174122_FL,TSS,Outflow,69
3.0,-1290174122_FL,TSS,Outflow,70
29.39999961853027,-1290174122_FL,TSS,Outflow,70
23.0,-1290174122_FL,TSS,Outflow,70
3.0,-1290174122_FL,TSS,Outflow,70
16.5,-1290174122_FL,TSS,Outflow,70
12.5,-1290174122_FL,TSS,Outflow,71
10.0,-1290174122_FL,TSS,Outflow,71
8.0,-1290174122_FL,TSS,Outflow,71
2.0,-1290174122_FL,TSS,Outflow,71
2.0,-1290174122_FL,TSS,Outflow,71
16.60000038146973,-1290174122_FL,TSS,Outflow,72
4.0,-1290174122_FL,TSS,Outflow,72
3.0,-1290174122_FL,TSS,Outflow,72
16.0,-1290174122_FL,TSS,Outflow,72
9.0,-1290174122_FL,TSS,Outflow,72
4.0,-1290174122_FL,TSS,Outflow,73
12.10000038146973,-1290174122_FL,TSS,Outflow,73
5.0,-1290174122_FL,TSS,Outflow,73
3.0,-1290174122_FL,TSS,Outflow,73
3.0,-1290174122_FL,TSS,Outflow,73
13.69999980926514,-1290174122_FL,TSS,Outflow,74
6.0,-1290174122_FL,TSS,Outflow,74
3.0,-1290174122_FL,TSS,Outflow,74
3.0,-1290174122_FL,TSS,Outflow,74
3.0,-1290174122_FL,TSS,Outflow,74
9.600000381469727,-1290174122_FL,TSS,Outflow,75
15.0,-1290174122_FL,TSS,Outflow,75
16.60000038146973,-1290174122_FL,TSS,Outflow,75
6.0,-1290174122_FL,TSS,Outflow,75
3.0,-1290174122_FL,TSS,Outflow,75
19.0,-1290174122_FL,TSS,Outflow,76
11.0,-1290174122_FL,TSS,Outflow,76
4.0,-1290174122_FL,TSS,Outflow,76
3.0,-1290174122_FL,TSS,Outflow,76
47.0,-1290174122_FL,TSS,Outflow,76
7.099999904632568,-1290174122_FL,TSS,Outflow,77
0.02999999932944775,-1290174122_FL,TSS,Outflow,77
5.099999904632568,-1290174122_FL,TSS,Outflow,77
3.0,-1290174122_FL,TSS,Outflow,77
11.0,-1290174122_FL,TSS,Outflow,77
13.69999980926514,-1290174122_FL,TSS,Outflow,78
5.0,-1290174122_FL,TSS,Outflow,78
1.0,-1290174122_FL,TSS,Outflow,78
9.699999809265137,-1290174122_FL,TSS,Outflow,78
29.39999961853027,-1290174122_FL,TSS,Outflow,78
29.39999961853027,-1290174122_FL,TSS,Outflow,79
2.0,-1290174122_FL,TSS,Outflow,79
9.5,-1290174122_FL,TSS,Outflow,79
12.10000038146973,-1290174122_FL,TSS,Outflow,79
49.29999923706055,-1290174122_FL,TSS,Outflow,79
5.0,-1290174122_FL,TSS,Outflow,80
3.0,-1290174122_FL,TSS,Outflow,80
9.899999618530273,-1290174122_FL,TSS,Outflow,80
3.0,-1290174122_FL,TSS,Outflow,80
3.0,-1290174122_FL,TSS,Outflow,80
5.0,-1290174122_FL,TSS,Outflow,81
23.0,-1290174122_FL,TSS,Outflow,81
3.0,-1290174122_FL,TSS,Outflow,81
10.0,-1290174122_FL,TSS,Outflow,81
16.0,-1290174122_FL,TSS,Outflow,81
28.0,-1290174122_FL,TSS,Outflow,82
2.0,-1290174122_FL,TSS,Outflow,82
6.0,-1290174122_FL,TSS,Outflow,82
0.02999999932944775,-1290174122_FL,TSS,Outflow,82
49.29999923706055,-1290174122_FL,TSS,Outflow,82
2.0,-1290174122_FL,TSS,Outflow,83
7.099999904632568,-1290174122_FL,TSS,Outflow,83
3.0,-1290174122_FL,TSS,Outflow,83
10.5,-1290174122_FL,TSS,Outflow,83
5.099999904632568,-1290174122_FL,TSS,Outflow,83
3.0,-1290174122_FL,TSS,Outflow,84
9.5,-1290174122_FL,TSS,Outflow,84
16.5,-1290174122_FL,TSS,Outflow,84
5.0,-1290174122_FL,TSS,Outflow,84
3.0,-1290174122_FL,TSS,Outflow,84
3.0,-1290174122_FL,TSS,Outflow,85
8.0,-1290174122_FL,TSS,Outflow,85
2.0,-1290174122_FL,TSS,Outflow,85
10.69999980926514,-1290174122_FL,TSS,Outflow,85
3.0,-1290174122_FL,TSS,Outflow,85
7.300000190734863,-1290174122_FL,TSS,Outflow,86
4.0,-1290174122_FL,TSS,Outflow,86
19.0,-1290174122_FL,TSS,Outflow,86
4.0,-1290174122_FL,TSS,Outflow,86
9.100000381469727,-1290174122_FL,TSS,Outflow,86
11.0,-1290174122_FL,TSS,Outflow,87
19.0,-1290174122_FL,TSS,Outflow,87
16.0,-1290174122_FL,TSS,Outflow,87
2.0,-1290174122_FL,TSS,Outflow,87
0.02999999932944775,-1290174122_FL,TSS,Outflow,87
10.0,-1290174122_FL,TSS,Outflow,88
9.100000381469727,-1290174122_FL,TSS,Outflow,88
12.39999961853027,-1290174122_FL,TSS,Outflow,88
30.79999923706055,-1290174122_FL,TSS,Outflow,88
19.0,-1290174122_FL,TSS,Outflow,88
10.0,-1290174122_FL,TSS,Outflow,89
3.0,-1290174122_FL,TSS,Outflow,89
3.0,-1290174122_FL,TSS,Outflow,89
5.0,-1290174122_FL,TSS,Outflow,89
15.89999961853027,-1290174122_FL,TSS,Outflow,89
3.0,-1290174122_FL,TSS,Outflow,90
16.0,-1290174122_FL,TSS,Outflow,90
2.0,-1290174122_FL,TSS,Outflow,90
3.0,-1290174122_FL,TSS,Outflow,90
9.899999618530273,-1290174122_FL,TSS,Outflow,90
9.899999618530273,-1290174122_FL,TSS,Outflow,91
12.5,-1290174122_FL,TSS,Outflow,91
2.0,-1290174122_FL,TSS,Outflow,91
11.5,-1290174122_FL,TSS,Outflow,91
6.0,-1290174122_FL,TSS,Outflow,91
11.0,-1290174122_FL,TSS,Outflow,92
10.69999980926514,-1290174122_FL,TSS,Outflow,92
12.39999961853027,-1290174122_FL,TSS,Outflow,92
8.0,-1290174122_FL,TSS,Outflow,92
5.300000190734863,-1290174122_FL,TSS,Outflow,92
8.0,-1290174122_FL,TSS,Outflow,93
9.100000381469727,-1290174122_FL,TSS,Outflow,93
7.099999904632568,-1290174122_FL,TSS,Outflow,93
12.39999961853027,-1290174122_FL,TSS,Outflow,93
5.099999904632568,-1290174122_FL,TSS,Outflow,93
5.0,-1290174122_FL,TSS,Outflow,94
23.0,-1290174122_FL,TSS,Outflow,94
0.02999999932944775,-1290174122_FL,TSS,Outflow,94
3.0,-1290174122_FL,TSS,Outflow,94
16.5,-1290174122_FL,TSS,Outflow,94
12.39999961853027,-1290174122_FL,TSS,Outflow,95
10.69999980926514,-1290174122_FL,TSS,Outflow,95
3.0,-1290174122_FL,TSS,Outflow,95
1.0,-1290174122_FL,TSS,Outflow,95
7.5,-1290174122_FL,TSS,Outflow,95
3.0,-1290174122_FL,TSS,Outflow,96
10.69999980926514,-1290174122_FL,TSS,Outflow,96
2.0,-1290174122_FL,TSS,Outflow,96
9.0,-1290174122_FL,TSS,Outflow,96
4.0,-1290174122_FL,TSS,Outflow,96
1.0,-1290174122_FL,TSS,Outflow,97
2.0,-1290174122_FL,TSS,Outflow,97
4.0,-1290174122_FL,TSS,Outflow,97
2.0,-1290174122_FL,TSS,Outflow,97
9.100000381469727,-1290174122_FL,TSS,Outflow,97
1.0,-1290174122_FL,TSS,Outflow,98
30.79999923706055,-1290174122_FL,TSS,Outflow,98
2.0,-1290174122_FL,TSS,Outflow,98
15.0,-1290174122_FL,TSS,Outflow,98
1.0,-1290174122_FL,TSS,Outflow,98
12.5,-1290174122_FL,TSS,Outflow,99
10.0,-1290174122_FL,TSS,Outflow,99
5.300000190734863,-1290174122_FL,TSS,Outflow,99
28.0,-1290174122_FL,TSS,Outflow,99
5.0,-1290174122_FL,TSS,Outflow,99
23.0,-1290174122_FL,TSS,Outflow,100
7.900000095367432,-1290174122_FL,TSS,Outflow,100
28.0,-1290174122_FL,TSS,Outflow,100
5.699999809265137,-1290174122_FL,TSS,Outflow,100
9.899999618530273,-1290174122_FL,TSS,Outflow,100
2.0,-1290174122_FL,TSS,Outflow,101
10.69999980926514,-1290174122_FL,TSS,Outflow,101
15.0,-1290174122_FL,TSS,Outflow,101
3.0,-1290174122_FL,TSS,Outflow,101
4.0,-1290174122_FL,TSS,Outflow,101
2.0,-1290174122_FL,TSS,Outflow,102
12.39999961853027,-1290174122_FL,TSS,Outflow,102
2.0,-1290174122_FL,TSS,Outflow,102
3.0,-1290174122_FL,TSS,Outflow,102
11.0,-1290174122_FL,TSS,Outflow,102
10.69999980926514,-1290174122_FL,TSS,Outflow,103
7.0,-1290174122_FL,TSS,Outflow,103
10.0,-1290174122_FL,TSS,Outflow,103
19.0,-1290174122_FL,TSS,Outflow,103
9.899999618530273,-1290174122_FL,TSS,Outflow,103
15.0,-1290174122_FL,TSS,Outflow,104
10.0,-1290174122_FL,TSS,Outflow,104
9.0,-1290174122_FL,TSS,Outflow,104
7.5,-1290174122_FL,TSS,Outflow,104
11.0,-1290174122_FL,TSS,Outflow,104
5.300000190734863,-1290174122_FL,TSS,Outflow,105
9.600000381469727,-1290174122_FL,TSS,Outflow,105
23.0,-1290174122_FL,TSS,Outflow,105
6.0,-1290174122_FL,TSS,Outflow,105
49.29999923706055,-1290174122_FL,TSS,Outflow,105
7.599999904632568,-1290174122_FL,TSS,Outflow,106
3.0,-1290174122_FL,TSS,Outflow,106
49.29999923706055,-1290174122_FL,TSS,Outflow,106
3.0,-1290174122_FL,TSS,Outflow,106
15.0,-1290174122_FL,TSS,Outflow,106
9.600000381469727,-1290174122_FL,TSS,Outflow,107
8.0,-1290174122_FL,TSS,Outflow,107
12.39999961853027,-1290174122_FL,TSS,Outflow,107
4.0,-1290174122_FL,TSS,Outflow,107
30.79999923706055,-1290174122_FL,TSS,Outflow,107
15.0,-1290174122_FL,TSS,Outflow,108
5.0,-1290174122_FL,TSS,Outflow,108
7.099999904632568,-1290174122_FL,TSS,Outflow,108
11.5,-1290174122_FL,TSS,Outflow,108
5.099999904632568,-1290174122_FL,TSS,Outflow,108
13.69999980926514,-1290174122_FL,TSS,Outflow,109
2.0,-1290174122_FL,TSS,Outflow,109
10.5,-1290174122_FL,TSS,Outflow,109
3.0,-1290174122_FL,TSS,Outflow,109
3.0,-1290174122_FL,TSS,Outflow,109
7.5,-1290174122_FL,TSS,Outflow,110
2.0,-1290174122_FL,TSS,Outflow,110
7.300000190734863,-1290174122_FL,TSS,Outflow,110
11.0,-1290174122_FL,TSS,Outflow,110
9.100000381469727,-1290174122_FL,TSS,Outflow,110
30.79999923706055,-1290174122_FL,TSS,Outflow,111
4.0,-1290174122_FL,TSS,Outflow,111
2.0,-1290174122_FL,TSS,Outflow,111
4.0,-1290174122_FL,TSS,Outflow,111
6.0,-1290174122_FL,TSS,Outflow,111
3.0,-1290174122_FL,TSS,Outflow,112
12.5,-1290174122_FL,TSS,Outflow,112
4.0,-1290174122_FL,TSS,Outflow,112
5.0,-1290174122_FL,TSS,Outflow,112
11.0,-1290174122_FL,TSS,Outflow,112
15.89999961853027,-1290174122_FL,TSS,Outflow,113
16.5,-1290174122_FL,TSS,Outflow,113
3.0,-1290174122_FL,TSS,Outflow,113
15.0,-1290174122_FL,TSS,Outflow,113
6.0,-1290174122_FL,TSS,Outflow,113
1.0,-1290174122_FL,TSS,Outflow,114
4.0,-1290174122_FL,TSS,Outflow,114
7.099999904632568,-1290174122_FL,TSS,Outflow,114
12.5,-1290174122_FL,TSS,Outflow,114
7.300000190734863,-1290174122_FL,TSS,Outflow,114
7.0,-1290174122_FL,TSS,Outflow,115
3.0,-1290174122_FL,TSS,Outflow,115
10.0,-1290174122_FL,TSS,Outflow,115
7.5,-1290174122_FL,TSS,Outflow,115
9.100000381469727,-1290174122_FL,TSS,Outflow,115
6.0,-1290174122_FL,TSS,Outflow,116
5.0,-1290174122_FL,TSS,Outflow,116
8.0,-1290174122_FL,TSS,Outflow,116
9.600000381469727,-1290174122_FL,TSS,Outflow,116
1.0,-1290174122_FL,TSS,Outflow,116
6.0,-1290174122_FL,TSS,Outflow,117
3.0,-1290174122_FL,TSS,Outflow,117
5.0,-1290174122_FL,TSS,Outflow,117
4.0,-1290174122_FL,TSS,Outflow,117
5.0,-1290174122_FL,TSS,Outflow,117
7.0,-1290174122_FL,TSS,Outflow,118
5.699999809265137,-1290174122_FL,TSS,Outflow,118
7.099999904632568,-1290174122_FL,TSS,Outflow,118
10.0,-1290174122_FL,TSS,Outflow,118
3.0,-1290174122_FL,TSS,Outflow,118
16.60000038146973,-1290174122_FL,TSS,Outflow,119
7.5,-1290174122_FL,TSS,Outflow,119
3.0,-1290174122_FL,TSS,Outflow,119
4.0,-1290174122_FL,TSS,Outflow,119
0.02999999932944775,-1290174122_FL,TSS,Outflow,119
8.0,-1290174122_FL,TSS,Outflow,120
2.0,-1290174122_FL,TSS,Outflow,120
4.0,-1290174122_FL,TSS,Outflow,120
3.0,-1290174122_FL,TSS,Outflow,120
9.699999809265137,-1290174122_FL,TSS,Outflow,120
19.0,-1290174122_FL,TSS,Outflow,121
4.0,-1290174122_FL,TSS,Outflow,121
5.699999809265137,-1290174122_FL,TSS,Outflow,121
12.39999961853027,-1290174122_FL,TSS,Outflow,121
3.0,-1290174122_FL,TSS,Outflow,121
6.0,-1290174122_FL,TSS,Outflow,122
7.0,-1290174122_FL,TSS,Outflow,122
5.300000190734863,-1290174122_FL,TSS,Outflow,122
5.099999904632568,-1290174122_FL,TSS,Outflow,122
15.89999961853027,-1290174122_FL,TSS,Outflow,122
9.0,-1290174122_FL,TSS,Outflow,123
29.39999961853027,-1290174122_FL,TSS,Outflow,123
5.0,-1290174122_FL,TSS,Outflow,123
7.599999904632568,-1290174122_FL,TSS,Outflow,123
6.0,-1290174122_FL,TSS,Outflow,123
15.89999961853027,-1290174122_FL,TSS,Outflow,124
10.69999980926514,-1290174122_FL,TSS,Outflow,124
7.900000095367432,-1290174122_FL,TSS,Outflow,124
30.79999923706055,-1290174122_FL,TSS,Outflow,124
7.0,-1290174122_FL,TSS,Outflow,124
9.100000381469727,-1290174122_FL,TSS,Outflow,125
7.0,-1290174122_FL,TSS,Outflow,125
3.0,-1290174122_FL,TSS,Outflow,125
5.0,-1290174122_FL,TSS,Outflow,125
9.899999618530273,-1290174122_FL,TSS,Outflow,125
0.02999999932944775,-1290174122_FL,TSS,Outflow,126
19.0,-1290174122_FL,TSS,Outflow,126
12.39999961853027,-1290174122_FL,TSS,Outflow,126
9.0,-1290174122_FL,TSS,Outflow,126
8.0,-1290174122_FL,TSS,Outflow,126
7.5,-1290174122_FL,TSS,Outflow,127
13.69999980926514,-1290174122_FL,TSS,Outflow,127
7.0,-1290174122_FL,TSS,Outflow,127
3.0,-1290174122_FL,TSS,Outflow,127
20.70000076293945,-1290174122_FL,TSS,Outflow,127
11.0,-1290174122_FL,TSS,Outflow,128
7.099999904632568,-1290174122_FL,TSS,Outflow,128
5.0,-1290174122_FL,TSS,Outflow,128
3.0,-1290174122_FL,TSS,Outflow,128
8.0,-1290174122_FL,TSS,Outflow,128
5.0,-1290174122_FL,TSS,Outflow,129
5.699999809265137,-1290174122_FL,TSS,Outflow,129
16.60000038146973,-1290174122_FL,TSS,Outflow,129
10.5,-1290174122_FL,TSS,Outflow,129
3.0,-1290174122_FL,TSS,Outflow,129
3.0,-1290174122_FL,TSS,Outflow,130
3.0,-1290174122_FL,TSS,Outflow,130
7.0,-1290174122_FL,TSS,Outflow,130
20.29999923706055,-1290174122_FL,TSS,Outflow,130
16.0,-1290174122_FL,TSS,Outflow,130
5.099999904632568,-1290174122_FL,TSS,Outflow,131
1.0,-1290174122_FL,TSS,Outflow,131
13.69999980926514,-1290174122_FL,TSS,Outflow,131
4.0,-1290174122_FL,TSS,Outflow,131
7.0,-1290174122_FL,TSS,Outflow,131
9.899999618530273,-1290174122_FL,TSS,Outflow,132
3.0,-1290174122_FL,TSS,Outflow,132
9.0,-1290174122_FL,TSS,Outflow,132
5.0,-1290174122_FL,TSS,Outflow,132
15.0,-1290174122_FL,TSS,Outflow,132
19.0,-1290174122_FL,TSS,Outflow,133
20.29999923706055,-1290174122_FL,TSS,Outflow,133
3.0,-1290174122_FL,TSS,Outflow,133
7.0,-1290174122_FL,TSS,Outflow,133
23.0,-1290174122_FL,TSS,Outflow,133
10.0,-1290174122_FL,TSS,Outflow,134
3.0,-1290174122_FL,TSS,Outflow,134
7.099999904632568,-1290174122_FL,TSS,Outflow,134
2.0,-1290174122_FL,TSS,Outflow,134
0.02999999932944775,-1290174122_FL,TSS,Outflow,134
16.0,-1290174122_FL,TSS,Outflow,135
4.0,-1290174122_FL,TSS,Outflow,135
7.5,-1290174122_FL,TSS,Outflow,135
2.0,-1290174122_FL,TSS,Outflow,135
1.0,-1290174122_FL,TSS,Outflow,135
8.0,-1290174122_FL,TSS,Outflow,136
10.69999980926514,-1290174122_FL,TSS,Outflow,136
28.0,-1290174122_FL,TSS,Outflow,136
10.5,-1290174122_FL,TSS,Outflow,136
7.099999904632568,-1290174122_FL,TSS,Outflow,136
20.29999923706055,-1290174122_FL,TSS,Outflow,137
4.0,-1290174122_FL,TSS,Outflow,137
47.0,-1290174122_FL,TSS,Outflow,137
3.0,-1290174122_FL,TSS,Outflow,137
7.300000190734863,-1290174122_FL,TSS,Outflow,137
9.899999618530273,-1290174122_FL,TSS,Outflow,138
8.0,-1290174122_FL,TSS,Outflow,138
1.0,-1290174122_FL,TSS,Outflow,138
9.600000381469727,-1290174122_FL,TSS,Outflow,138
19.0,-1290174122_FL,TSS,Outflow,138
3.0,-1290174122_FL,TSS,Outflow,139
9.5,-1290174122_FL,TSS,Outflow,139
7.0,-1290174122_FL,TSS,Outflow,139
9.899999618530273,-1290174122_FL,TSS,Outflow,139
2.0,-1290174122_FL,TSS,Outflow,139
28.0,-1290174122_FL,TSS,Outflow,140
3.0,-1290174122_FL,TSS,Outflow,140
4.0,-1290174122_FL,TSS,Outflow,140
6.0,-1290174122_FL,TSS,Outflow,140
11.0,-1290174122_FL,TSS,Outflow,140
3.0,-1290174122_FL,TSS,Outflow,141
13.69999980926514,-1290174122_FL,TSS,Outflow,141
5.0,-1290174122_FL,TSS,Outflow,141
12.10000038146973,-1290174122_FL,TSS,Outflow,141
19.0,-1290174122_FL,TSS,Outflow,141
4.0,-1290174122_FL,TSS,Outflow,142
1.0,-1290174122_FL,TSS,Outflow,142
7.300000190734863,-1290174122_FL,TSS,Outflow,142
3.0,-1290174122_FL,TSS,Outflow,142
2.0,-1290174122_FL,TSS,Outflow,142
7.0,-1290174122_FL,TSS,Outflow,143
19.0,-1290174122_FL,TSS,Outflow,143
9.100000381469727,-1290174122_FL,TSS,Outflow,143
7.599999904632568,-1290174122_FL,TSS,Outflow,143
15.0,-1290174122_FL,TSS,Outflow,143
16.60000038146973,-1290174122_FL,TSS,Outflow,144
7.0,-1290174122_FL,TSS,Outflow,144
3.0,-1290174122_FL,TSS,Outflow,144
10.5,-1290174122_FL,TSS,Outflow,144
7.099999904632568,-1290174122_FL,TSS,Outflow,144
3.0,-1290174122_FL,TSS,Outflow,145
3.0,-1290174122_FL,TSS,Outflow,145
12.39999961853027,-1290174122_FL,TSS,Outflow,145
3.0,-1290174122_FL,TSS,Outflow,145
4.0,-1290174122_FL,TSS,Outflow,145
4.0,-1290174122_FL,TSS,Outflow,146
4.0,-1290174122_FL,TSS,Outflow,146
9.600000381469727,-1290174122_FL,TSS,Outflow,146
5.0,-1290174122_FL,TSS,Outflow,146
8.0,-1290174122_FL,TSS,Outflow,146
9.600000381469727,-1290174122_FL,TSS,Outflow,147
5.0,-1290174122_FL,TSS,Outflow,147
9.0,-1290174122_FL,TSS,Outflow,147
49.29999923706055,-1290174122_FL,TSS,Outflow,147
10.69999980926514,-1290174122_FL,TSS,Outflow,147
3.0,-1290174122_FL,TSS,Outflow,148
49.29999923706055,-1290174122_FL,TSS,Outflow,148
5.0,-1290174122_FL,TSS,Outflow,148
9.899999618530273,-1290174122_FL,TSS,Outflow,148
9.600000381469727,-1290174122_FL,TSS,Outflow,148
30.79999923706055,-1290174122_FL,TSS,Outflow,149
11.0,-1290174122_FL,TSS,Outflow,149
16.0,-1290174122_FL,TSS,Outflow,149
10.0,-1290174122_FL,TSS,Outflow,149
5.0,-1290174122_FL,TSS,Outflow,149
9.5,-1290174122_FL,TSS,Outflow,150
3.0,-1290174122_FL,TSS,Outflow,150
11.5,-1290174122_FL,TSS,Outflow,150
10.5,-1290174122_FL,TSS,Outflow,150
9.100000381469727,-1290174122_FL,TSS,Outflow,150
3.0,-1290174122_FL,TSS,Outflow,151
3.0,-1290174122_FL,TSS,Outflow,151
3.0,-1290174122_FL,TSS,Outflow,151
5.099999904632568,-1290174122_FL,TSS,Outflow,151
3.0,-1290174122_FL,TSS,Outflow,151
0.02999999932944775,-1290174122_FL,TSS,Outflow,152
19.0,-1290174122_FL,TSS,Outflow,152
3.0,-1290174122_FL,TSS,Outflow,152
9.600000381469727,-1290174122_FL,TSS,Outflow,152
3.0,-1290174122_FL,TSS,Outflow,152
7.0,-1290174122_FL,TSS,Outflow,153
3.0,-1290174122_FL,TSS,Outflow,153
7.599999904632568,-1290174122_FL,TSS,Outflow,153
3.0,-1290174122_FL,TSS,Outflow,153
7.900000095367432,-1290174122_FL,TSS,Outflow,153
10.5,-1290174122_FL,TSS,Outflow,154
30.79999923706055,-1290174122_FL,TSS,Outflow,154
8.0,-1290174122_FL,TSS,Outflow,154
7.300000190734863,-1290174122_FL,TSS,Outflow,154
19.0,-1290174122_FL,TSS,Outflow,154
2.0,-1290174122_FL,TSS,Outflow,155
9.5,-1290174122_FL,TSS,Outflow,155
3.0,-1290174122_FL,TSS,Outflow,155
16.60000038146973,-1290174122_FL,TSS,Outflow,155
7.0,-1290174122_FL,TSS,Outflow,155
3.0,-1290174122_FL,TSS,Outflow,156
5.300000190734863,-1290174122_FL,TSS,Outflow,156
10.69999980926514,-1290174122_FL,TSS,Outflow,156
15.0,-1290174122_FL,TSS,Outflow,156
10.0,-1290174122_FL,TSS,Outflow,156
3.0,-1290174122_FL,TSS,Outflow,157
0.02999999932944775,-1290174122_FL,TSS,Outflow,157
20.29999923706055,-1290174122_FL,TSS,Outflow,157
13.69999980926514,-1290174122_FL,TSS,Outflow,157
7.599999904632568,-1290174122_FL,TSS,Outflow,157
9.600000381469727,-1290174122_FL,TSS,Outflow,158
7.099999904632568,-1290174122_FL,TSS,Outflow,158
19.0,-1290174122_FL,TSS,Outflow,158
3.0,-1290174122_FL,TSS,Outflow,158
2.0,-1290174122_FL,TSS,Outflow,158
15.0,-1290174122_FL,TSS,Outflow,159
15.89999961853027,-1290174122_FL,TSS,Outflow,159
19.0,-1290174122_FL,TSS,Outflow,159
20.70000076293945,-1290174122_FL,TSS,Outflow,159
7.0,-1290174122_FL,TSS,Outflow,159
19.0,-1290174122_FL,TSS,Outflow,160
3.0,-1290174122_FL,TSS,Outflow,160
7.300000190734863,-1290174122_FL,TSS,Outflow,160
9.600000381469727,-1290174122_FL,TSS,Outflow,160
8.0,-1290174122_FL,TSS,Outflow,160
3.0,-1290174122_FL,TSS,Outflow,161
11.0,-1290174122_FL,TSS,Outflow,161
11.0,-1290174122_FL,TSS,Outflow,161
3.0,-1290174122_FL,TSS,Outflow,161
4.0,-1290174122_FL,TSS,Outflow,161
5.099999904632568,-1290174122_FL,TSS,Outflow,162
6.0,-1290174122_FL,TSS,Outflow,162
16.5,-1290174122_FL,TSS,Outflow,162
8.0,-1290174122_FL,TSS,Outflow,162
13.69999980926514,-1290174122_FL,TSS,Outflow,162
7.599999904632568,-1290174122_FL,TSS,Outflow,163
7.5,-1290174122_FL,TSS,Outflow,163
13.69999980926514,-1290174122_FL,TSS,Outflow,163
2.0,-1290174122_FL,TSS,Outflow,163
9.0,-1290174122_FL,TSS,Outflow,163
2.0,-1290174122_FL,TSS,Outflow,164
3.0,-1290174122_FL,TSS,Outflow,164
47.0,-1290174122_FL,TSS,Outflow,164
7.099999904632568,-1290174122_FL,TSS,Outflow,164
16.0,-1290174122_FL,TSS,Outflow,164
2.0,-1290174122_FL,TSS,Outflow,165
7.5,-1290174122_FL,TSS,Outflow,165
7.099999904632568,-1290174122_FL,TSS,Outflow,165
0.02999999932944775,-1290174122_FL,TSS,Outflow,165
15.0,-1290174122_FL,TSS,Outflow,165
5.300000190734863,-1290174122_FL,TSS,Outflow,166
3.0,-1290174122_FL,TSS,Outflow,166
7.900000095367432,-1290174122_FL,TSS,Outflow,166
7.099999904632568,-1290174122_FL,TSS,Outflow,166
3.0,-1290174122_FL,TSS,Outflow,166
7.0,-1290174122_FL,TSS,Outflow,167
7.099999904632568,-1290174122_FL,TSS,Outflow,167
7.599999904632568,-1290174122_FL,TSS,Outflow,167
12.39999961853027,-1290174122_FL,TSS,Outflow,167
19.0,-1290174122_FL,TSS,Outflow,167
3.0,-1290174122_FL,TSS,Outflow,168
7.0,-1290174122_FL,TSS,Outflow,168
9.699999809265137,-1290174122_FL,TSS,Outflow,168
6.0,-1290174122_FL,TSS,Outflow,168
2.0,-1290174122_FL,TSS,Outflow,168
3.0,-1290174122_FL,TSS,Outflow,169
9.5,-1290174122_FL,TSS,Outflow,169
15.89999961853027,-1290174122_FL,TSS,Outflow,169
2.0,-1290174122_FL,TSS,Outflow,169
8.0,-1290174122_FL,TSS,Outflow,169
20.70000076293945,-1290174122_FL,TSS,Outflow,170
5.099999904632568,-1290174122_FL,TSS,Outflow,170
5.300000190734863,-1290174122_FL,TSS,Outflow,170
11.5,-1290174122_FL,TSS,Outflow,170
4.0,-1290174122_FL,TSS,Outflow,170
5.0,-1290174122_FL,TSS,Outflow,171
2.0,-1290174122_FL,TSS,Outflow,171
13.69999980926514,-1290174122_FL,TSS,Outflow,171
5.0,-1290174122_FL,TSS,Outflow,171
2.0,-1290174122_FL,TSS,Outflow,171
3.0,-1290174122_FL,TSS,Outflow,172
4.0,-1290174122_FL,TSS,Outflow,172
9.600000381469727,-1290174122_FL,TSS,Outflow,172
16.70000076293945,-1290174122_FL,TSS,Outflow,172
23.0,-1290174122_FL,TSS,Outflow,172
23.0,-1290174122_FL,TSS,Outflow,173
3.0,-1290174122_FL,TSS,Outflow,173
9.5,-1290174122_FL,TSS,Outflow,173
15.0,-1290174122_FL,TSS,Outflow,173
12.5,-1290174122_FL,TSS,Outflow,173
19.0,-1290174122_FL,TSS,Outflow,174
2.0,-1290174122_FL,TSS,Outflow,174
6.0,-1290174122_FL,TSS,Outflow,174
28.0,-1290174122_FL,TSS,Outflow,174
15.0,-1290174122_FL,TSS,Outflow,174
5.0,-1290174122_FL,TSS,Outflow,175
11.0,-1290174122_FL,TSS,Outflow,175
7.5,-1290174122_FL,TSS,Outflow,175
10.5,-1290174122_FL,TSS,Outflow,175
3.0,-1290174122_FL,TSS,Outflow,175
8.0,-1290174122_FL,TSS,Outflow,176
8.0,-1290174122_FL,TSS,Outflow,176
47.0,-1290174122_FL,TSS,Outflow,176
5.0,-1290174122_FL,TSS,Outflow,176
12.10000038146973,-1290174122_FL,TSS,Outflow,176
3.0,-1290174122_FL,TSS,Outflow,177
7.900000095367432,-1290174122_FL,TSS,Outflow,177
1.0,-1290174122_FL,TSS,Outflow,177
5.699999809265137,-1290174122_FL,TSS,Outflow,177
15.0,-1290174122_FL,TSS,Outflow,177
30.79999923706055,-1290174122_FL,TSS,Outflow,178
7.0,-1290174122_FL,TSS,Outflow,178
3.0,-1290174122_FL,TSS,Outflow,178
9.699999809265137,-1290174122_FL,TSS,Outflow,178
15.0,-1290174122_FL,TSS,Outflow,178
5.0,-1290174122_FL,TSS,Outflow,179
19.0,-1290174122_FL,TSS,Outflow,179
15.89999961853027,-1290174122_FL,TSS,Outflow,179
2.0,-1290174122_FL,TSS,Outflow,179
5.0,-1290174122_FL,TSS,Outflow,179
10.5,-1290174122_FL,TSS,Outflow,180
9.100000381469727,-1290174122_FL,TSS,Outflow,180
5.0,-1290174122_FL,TSS,Outflow,180
2.0,-1290174122_FL,TSS,Outflow,180
19.0,-1290174122_FL,TSS,Outflow,180
3.0,-1290174122_FL,TSS,Outflow,181
9.5,-1290174122_FL,TSS,Outflow,181
5.300000190734863,-1290174122_FL,TSS,Outflow,181
5.0,-1290174122_FL,TSS,Outflow,181
10.69999980926514,-1290174122_FL,TSS,Outflow,181
9.100000381469727,-1290174122_FL,TSS,Outflow,182
5.0,-1290174122_FL,TSS,Outflow,182
2.0,-1290174122_FL,TSS,Outflow,182
9.899999618530273,-1290174122_FL,TSS,Outflow,182
3.0,-1290174122_FL,TSS,Outflow,182
12.39999961853027,-1290174122_FL,TSS,Outflow,183
11.0,-1290174122_FL,TSS,Outflow,183
10.5,-1290174122_FL,TSS,Outflow,183
5.699999809265137,-1290174122_FL,TSS,Outflow,183
5.099999904632568,-1290174122_FL,TSS,Outflow,183
5.0,-1290174122_FL,TSS,Outflow,184
5.099999904632568,-1290174122_FL,TSS,Outflow,184
6.0,-1290174122_FL,TSS,Outflow,184
3.0,-1290174122_FL,TSS,Outflow,184
3.0,-1290174122_FL,TSS,Outflow,184
3.0,-1290174122_FL,TSS,Outflow,185
10.69999980926514,-1290174122_FL,TSS,Outflow,185
9.600000381469727,-1290174122_FL,TSS,Outflow,185
9.100000381469727,-1290174122_FL,TSS,Outflow,185
9.5,-1290174122_FL,TSS,Outflow,185
30.79999923706055,-1290174122_FL,TSS,Outflow,186
4.0,-1290174122_FL,TSS,Outflow,186
15.89999961853027,-1290174122_FL,TSS,Outflow,186
2.0,-1290174122_FL,TSS,Outflow,186
3.0,-1290174122_FL,TSS,Outflow,186
47.0,-1290174122_FL,TSS,Outflow,187
7.0,-1290174122_FL,TSS,Outflow,187
16.60000038146973,-1290174122_FL,TSS,Outflow,187
3.0,-1290174122_FL,TSS,Outflow,187
7.599999904632568,-1290174122_FL,TSS,Outflow,187
9.0,-1290174122_FL,TSS,Outflow,188
7.0,-1290174122_FL,TSS,Outflow,188
5.0,-1290174122_FL,TSS,Outflow,188
9.699999809265137,-1290174122_FL,TSS,Outflow,188
7.099999904632568,-1290174122_FL,TSS,Outflow,188
3.0,-1290174122_FL,TSS,Outflow,189
16.70000076293945,-1290174122_FL,TSS,Outflow,189
9.0,-1290174122_FL,TSS,Outflow,189
30.79999923706055,-1290174122_FL,TSS,Outflow,189
5.699999809265137,-1290174122_FL,TSS,Outflow,189
47.0,-1290174122_FL,TSS,Outflow,190
3.0,-1290174122_FL,TSS,Outflow,190
3.0,-1290174122_FL,TSS,Outflow,190
12.10000038146973,-1290174122_FL,TSS,Outflow,190
15.0,-1290174122_FL,TSS,Outflow,190
7.300000190734863,-1290174122_FL,TSS,Outflow,191
3.0,-1290174122_FL,TSS,Outflow,191
3.0,-1290174122_FL,TSS,Outflow,191
7.099999904632568,-1290174122_FL,TSS,Outflow,191
7.0,-1290174122_FL,TSS,Outflow,191
2.0,-1290174122_FL,TSS,Outflow,192
4.0,-1290174122_FL,TSS,Outflow,192
3.0,-1290174122_FL,TSS,Outflow,192
9.100000381469727,-1290174122_FL,TSS,Outflow,192
7.0,-1290174122_FL,TSS,Outflow,192
3.0,-1290174122_FL,TSS,Outflow,193
12.39999961853027,-1290174122_FL,TSS,Outflow,193
10.5,-1290174122_FL,TSS,Outflow,193
10.69999980926514,-1290174122_FL,TSS,Outflow,193
15.89999961853027,-1290174122_FL,TSS,Outflow,193
2.0,-1290174122_FL,TSS,Outflow,194
16.0,-1290174122_FL,TSS,Outflow,194
11.0,-1290174122_FL,TSS,Outflow,194
4.0,-1290174122_FL,TSS,Outflow,194
7.599999904632568,-1290174122_FL,TSS,Outflow,194
5.0,-1290174122_FL,TSS,Outflow,195
6.0,-1290174122_FL,TSS,Outflow,195
5.699999809265137,-1290174122_FL,TSS,Outflow,195
16.0,-1290174122_FL,TSS,Outflow,195
5.0,-1290174122_FL,TSS,Outflow,195
6.0,-1290174122_FL,TSS,Outflow,196
12.5,-1290174122_FL,TSS,Outflow,196
3.0,-1290174122_FL,TSS,Outflow,196
4.0,-1290174122_FL,TSS,Outflow,196
3.0,-1290174122_FL,TSS,Outflow,196
3.0,-1290174122_FL,TSS,Outflow,197
7.0,-1290174122_FL,TSS,Outflow,197
9.600000381469727,-1290174122_FL,TSS,Outflow,197
20.29999923706055,-1290174122_FL,TSS,Outflow,197
5.0,-1290174122_FL,TSS,Outflow,197
3.0,-1290174122_FL,TSS,Outflow,198
16.5,-1290174122_FL,TSS,Outflow,198
5.699999809265137,-1290174122_FL,TSS,Outflow,198
9.0,-1290174122_FL,TSS,Outflow,198
2.0,-1290174122_FL,TSS,Outflow,198
15.0,-1290174122_FL,TSS,Outflow,199
2.0,-1290174122_FL,TSS,Outflow,199
3.0,-1290174122_FL,TSS,Outflow,199
8.0,-1290174122_FL,TSS,Outflow,199
3.0,-1290174122_FL,TSS,Outflow,199
7.599999904632568,-1290174122_FL,TSS,Outflow,200
3.0,-1290174122_FL,TSS,Outflow,200
2.0,-1290174122_FL,TSS,Outflow,200
4.0,-1290174122_FL,TSS,Outflow,200
10.5,-1290174122_FL,TSS,Outflow,200
7.0,-1290174122_FL,TSS,Outflow,201
30.79999923706055,-1290174122_FL,TSS,Outflow,201
9.899999618530273,-1290174122_FL,TSS,Outflow,201
16.5,-1290174122_FL,TSS,Outflow,201
2.0,-1290174122_FL,TSS,Outflow,201
12.5,-1290174122_FL,TSS,Outflow,202
2.0,-1290174122_FL,TSS,Outflow,202
16.0,-1290174122_FL,TSS,Outflow,202
7.0,-1290174122_FL,TSS,Outflow,202
13.69999980926514,-1290174122_FL,TSS,Outflow,202
11.5,-1290174122_FL,TSS,Outflow,203
12.10000038146973,-1290174122_FL,TSS,Outflow,203
6.0,-1290174122_FL,TSS,Outflow,203
0.02999999932944775,-1290174122_FL,TSS,Outflow,203
3.0,-1290174122_FL,TSS,Outflow,203
2.0,-1290174122_FL,TSS,Outflow,204
3.0,-1290174122_FL,TSS,Outflow,204
5.300000190734863,-1290174122_FL,TSS,Outflow,204
7.0,-1290174122_FL,TSS,Outflow,204
10.69999980926514,-1290174122_FL,TSS,Outflow,204
8.0,-1290174122_FL,TSS,Outflow,205
6.0,-1290174122_FL,TSS,Outflow,205
5.0,-1290174122_FL,TSS,Outflow,205
10.5,-1290174122_FL,TSS,Outflow,205
3.0,-1290174122_FL,TSS,Outflow,205
5.0,-1290174122_FL,TSS,Outflow,206
7.099999904632568,-1290174122_FL,TSS,Outflow,206
11.0,-1290174122_FL,TSS,Outflow,206
16.70000076293945,-1290174122_FL,TSS,Outflow,206
3.0,-1290174122_FL,TSS,Outflow,206
7.0,-1290174122_FL,TSS,Outflow,207
12.10000038146973,-1290174122_FL,TSS,Outflow,207
7.0,-1290174122_FL,TSS,Outflow,207
7.900000095367432,-1290174122_FL,TSS,Outflow,207
3.0,-1290174122_FL,TSS,Outflow,207
6.0,-1290174122_FL,TSS,Outflow,208
9.899999618530273,-1290174122_FL,TSS,Outflow,208
5.0,-1290174122_FL,TSS,Outflow,208
5.0,-1290174122_FL,TSS,Outflow,208
3.0,-1290174122_FL,TSS,Outflow,208
8.0,-1290174122_FL,TSS,Outflow,209
5.0,-1290174122_FL,TSS,Outflow,209
12.5,-1290174122_FL,TSS,Outflow,209
5.0,-1290174122_FL,TSS,Outflow,209
3.0,-1290174122_FL,TSS,Outflow,209
19.0,-1290174122_FL,TSS,Outflow,210
13.69999980926514,-1290174122_FL,TSS,Outflow,210
16.70000076293945,-1290174122_FL,TSS,Outflow,210
9.600000381469727,-1290174122_FL,TSS,Outflow,210
6.0,-1290174122_FL,TSS,Outflow,210
5.0,-1290174122_FL,TSS,Outflow,211
3.0,-1290174122_FL,TSS,Outflow,211
16.60000038146973,-1290174122_FL,TSS,Outflow,211
3.0,-1290174122_FL,TSS,Outflow,211
16.0,-1290174122_FL,TSS,Outflow,211
23.0,-1290174122_FL,TSS,Outflow,212
10.0,-1290174122_FL,TSS,Outflow,212
12.10000038146973,-1290174122_FL,TSS,Outflow,212
5.300000190734863,-1290174122_FL,TSS,Outflow,212
3.0,-1290174122_FL,TSS,Outflow,212
12.39999961853027,-1290174122_FL,TSS,Outflow,213
5.300000190734863,-1290174122_FL,TSS,Outflow,213
20.70000076293945,-1290174122_FL,TSS,Outflow,213
2.0,-1290174122_FL,TSS,Outflow,213
11.0,-1290174122_FL,TSS,Outflow,213
10.0,-1290174122_FL,TSS,Outflow,214
29.39999961853027,-1290174122_FL,TSS,Outflow,214
2.0,-1290174122_FL,TSS,Outflow,214
5.699999809265137,-1290174122_FL,TSS,Outflow,214
3.0,-1290174122_FL,TSS,Outflow,214
3.0,-1290174122_FL,TSS,Outflow,215
11.0,-1290174122_FL,TSS,Outflow,215
11.0,-1290174122_FL,TSS,Outflow,215
10.0,-1290174122_FL,TSS,Outflow,215
3.0,-1290174122_FL,TSS,Outflow,215
15.0,-1290174122_FL,TSS,Outflow,216
6.0,-1290174122_FL,TSS,Outflow,216
5.0,-1290174122_FL,TSS,Outflow,216
19.0,-1290174122_FL,TSS,Outflow,216
3.0,-1290174122_FL,TSS,Outflow,216
16.0,-1290174122_FL,TSS,Outflow,217
29.39999961853027,-1290174122_FL,TSS,Outflow,217
2.0,-1290174122_FL,TSS,Outflow,217
2.0,-1290174122_FL,TSS,Outflow,217
3.0,-1290174122_FL,TSS,Outflow,217
5.099999904632568,-1290174122_FL,TSS,Outflow,218
5.0,-1290174122_FL,TSS,Outflow,218
2.0,-1290174122_FL,TSS,Outflow,218
2.0,-1290174122_FL,TSS,Outflow,218
7.5,-1290174122_FL,TSS,Outflow,218
7.0,-1290174122_FL,TSS,Outflow,219
7.900000095367432,-1290174122_FL,TSS,Outflow,219
10.69999980926514,-1290174122_FL,TSS,Outflow,219
12.10000038146973,-1290174122_FL,TSS,Outflow,219
8.0,-1290174122_FL,TSS,Outflow,219
2.0,-1290174122_FL,TSS,Outflow,220
16.5,-1290174122_FL,TSS,Outflow,220
10.5,-1290174122_FL,TSS,Outflow,220
7.300000190734863,-1290174122_FL,TSS,Outflow,220
3.0,-1290174122_FL,TSS,Outflow,220
30.79999923706055,-1290174122_FL,TSS,Outflow,221
4.0,-1290174122_FL,TSS,Outflow,221
3.0,-1290174122_FL,TSS,Outflow,221
7.099999904632568,-1290174122_FL,TSS,Outflow,221
19.0,-1290174122_FL,TSS,Outflow,221
19.0,-1290174122_FL,TSS,Outflow,222
5.0,-1290174122_FL,TSS,Outflow,222
8.0,-1290174122_FL,TSS,Outflow,222
6.0,-1290174122_FL,TSS,Outflow,222
7.099999904632568,-1290174122_FL,TSS,Outflow,222
29.39999961853027,-1290174122_FL,TSS,Outflow,223
5.0,-1290174122_FL,TSS,Outflow,223
7.0,-1290174122_FL,TSS,Outflow,223
6.0,-1290174122_FL,TSS,Outflow,223
13.69999980926514,-1290174122_FL,TSS,Outflow,223
7.5,-1290174122_FL,TSS,Outflow,224
3.0,-1290174122_FL,TSS,Outflow,224
11.0,-1290174122_FL,TSS,Outflow,224
12.10000038146973,-1290174122_FL,TSS,Outflow,224
6.0,-1290174122_FL,TSS,Outflow,224
9.5,-1290174122_FL,TSS,Outflow,225
6.0,-1290174122_FL,TSS,Outflow,225
19.0,-1290174122_FL,TSS,Outflow,225
7.0,-1290174122_FL,TSS,Outflow,225
5.699999809265137,-1290174122_FL,TSS,Outflow,225
10.69999980926514,-1290174122_FL,TSS,Outflow,226
16.70000076293945,-1290174122_FL,TSS,Outflow,226
15.0,-1290174122_FL,TSS,Outflow,226
15.89999961853027,-1290174122_FL,TSS,Outflow,226
4.0,-1290174122_FL,TSS,Outflow,226
13.69999980926514,-1290174122_FL,TSS,Outflow,227
9.600000381469727,-1290174122_FL,TSS,Outflow,227
4.0,-1290174122_FL,TSS,Outflow,227
3.0,-1290174122_FL,TSS,Outflow,227
7.099999904632568,-1290174122_FL,TSS,Outflow,227
0.02999999932944775,-1290174122_FL,TSS,Outflow,228
11.0,-1290174122_FL,TSS,Outflow,228
29.39999961853027,-1290174122_FL,TSS,Outflow,228
12.10000038146973,-1290174122_FL,TSS,Outflow,228
20.29999923706055,-1290174122_FL,TSS,Outflow,228
16.0,-1290174122_FL,TSS,Outflow,229
29.39999961853027,-1290174122_FL,TSS,Outflow,229
10.0,-1290174122_FL,TSS,Outflow,229
10.0,-1290174122_FL,TSS,Outflow,229
15.0,-1290174122_FL,TSS,Outflow,229
9.100000381469727,-1290174122_FL,TSS,Outflow,230
5.0,-1290174122_FL,TSS,Outflow,230
9.0,-1290174122_FL,TSS,Outflow,230
5.0,-1290174122_FL,TSS,Outflow,230
5.300000190734863,-1290174122_FL,TSS,Outflow,230
16.0,-1290174122_FL,TSS,Outflow,231
7.5,-1290174122_FL,TSS,Outflow,231
10.0,-1290174122_FL,TSS,Outflow,231
6.0,-1290174122_FL,TSS,Outflow,231
8.0,-1290174122_FL,TSS,Outflow,231
3.0,-1290174122_FL,TSS,Outflow,232
5.0,-1290174122_FL,TSS,Outflow,232
20.29999923706055,-1290174122_FL,TSS,Outflow,232
8.0,-1290174122_FL,TSS,Outflow,232
10.0,-1290174122_FL,TSS,Outflow,232
2.0,-1290174122_FL,TSS,Outflow,233
1.0,-1290174122_FL,TSS,Outflow,233
7.099999904632568,-1290174122_FL,TSS,Outflow,233
7.900000095367432,-1290174122_FL,TSS,Outflow,233
5.099999904632568,-1290174122_FL,TSS,Outflow,233
5.0,-1290174122_FL,TSS,Outflow,234
16.5,-1290174122_FL,TSS,Outflow,234
4.0,-1290174122_FL,TSS,Outflow,234
9.600000381469727,-1290174122_FL,TSS,Outflow,234
12.39999961853027,-1290174122_FL,TSS,Outflow,234
49.29999923706055,-1290174122_FL,TSS,Outflow,235
3.0,-1290174122_FL,TSS,Outflow,235
9.699999809265137,-1290174122_FL,TSS,Outflow,235
7.0,-1290174122_FL,TSS,Outflow,235
12.39999961853027,-1290174122_FL,TSS,Outflow,235
3.0,-1290174122_FL,TSS,Outflow,236
3.0,-1290174122_FL,TSS,Outflow,236
2.0,-1290174122_FL,TSS,Outflow,236
3.0,-1290174122_FL,TSS,Outflow,236
16.0,-1290174122_FL,TSS,Outflow,236
19.0,-1290174122_FL,TSS,Outflow,237
5.300000190734863,-1290174122_FL,TSS,Outflow,237
20.29999923706055,-1290174122_FL,TSS,Outflow,237
15.0,-1290174122_FL,TSS,Outflow,237
12.5,-1290174122_FL,TSS,Outflow,237
16.70000076293945,-1290174122_FL,TSS,Outflow,238
7.0,-1290174122_FL,TSS,Outflow,238
47.0,-1290174122_FL,TSS,Outflow,238
7.0,-1290174122_FL,TSS,Outflow,238
5.300000190734863,-1290174122_FL,TSS,Outflow,238
8.0,-1290174122_FL,TSS,Outflow,239
2.0,-1290174122_FL,TSS,Outflow,239
10.69999980926514,-1290174122_FL,TSS,Outflow,239
9.100000381469727,-1290174122_FL,TSS,Outflow,239
0.02999999932944775,-1290174122_FL,TSS,Outflow,239
23.0,-1290174122_FL,TSS,Outflow,240
3.0,-1290174122_FL,TSS,Outflow,240
3.0,-1290174122_FL,TSS,Outflow,240
10.5,-1290174122_FL,TSS,Outflow,240
7.0,-1290174122_FL,TSS,Outflow,240
8.0,-1290174122_FL,TSS,Outflow,241
16.5,-1290174122_FL,TSS,Outflow,241
5.0,-1290174122_FL,TSS,Outflow,241
16.0,-1290174122_FL,TSS,Outflow,241
9.100000381469727,-1290174122_FL,TSS,Outflow,241
47.0,-1290174122_FL,TSS,Outflow,242
19.0,-1290174122_FL,TSS,Outflow,242
16.70000076293945,-1290174122_FL,TSS,Outflow,242
12.39999961853027,-1290174122_FL,TSS,Outflow,242
5.099999904632568,-1290174122_FL,TSS,Outflow,242
16.70000076293945,-1290174122_FL,TSS,Outflow,243
5.0,-1290174122_FL,TSS,Outflow,243
3.0,-1290174122_FL,TSS,Outflow,243
9.699999809265137,-1290174122_FL,TSS,Outflow,243
2.0,-1290174122_FL,TSS,Outflow,243
12.5,-1290174122_FL,TSS,Outflow,244
20.29999923706055,-1290174122_FL,TSS,Outflow,244
1.0,-1290174122_FL,TSS,Outflow,244
16.0,-1290174122_FL,TSS,Outflow,244
3.0,-1290174122_FL,TSS,Outflow,244
9.699999809265137,-1290174122_FL,TSS,Outflow,245
12.5,-1290174122_FL,TSS,Outflow,245
8.0,-1290174122_FL,TSS,Outflow,245
20.70000076293945,-1290174122_FL,TSS,Outflow,245
3.0,-1290174122_FL,TSS,Outflow,245
3.0,-1290174122_FL,TSS,Outflow,246
3.0,-1290174122_FL,TSS,Outflow,246
4.0,-1290174122_FL,TSS,Outflow,246
4.0,-1290174122_FL,TSS,Outflow,246
7.5,-1290174122_FL,TSS,Outflow,246
5.0,-1290174122_FL,TSS,Outflow,247
1.0,-1290174122_FL,TSS,Outflow,247
2.0,-1290174122_FL,TSS,Outflow,247
3.0,-1290174122_FL,TSS,Outflow,247
3.0,-1290174122_FL,TSS,Outflow,247
16.0,-1290174122_FL,TSS,Outflow,248
28.0,-1290174122_FL,TSS,Outflow,248
3.0,-1290174122_FL,TSS,Outflow,248
3.0,-1290174122_FL,TSS,Outflow,248
7.5,-1290174122_FL,TSS,Outflow,248
3.0,-1290174122_FL,TSS,Outflow,249
7.300000190734863,-1290174122_FL,TSS,Outflow,249
16.60000038146973,-1290174122_FL,TSS,Outflow,249
7.900000095367432,-1290174122_FL,TSS,Outflow,249
5.0,-1290174122_FL,TSS,Outflow,249
15.0,-1290174122_FL,TSS,Outflow,250
3.0,-1290174122_FL,TSS,Outflow,250
6.0,-1290174122_FL,TSS,Outflow,250
5.0,-1290174122_FL,TSS,Outflow,250
9.100000381469727,-1290174122_FL,TSS,Outflow,250
7.0,-1290174122_FL,TSS,Outflow,251
1.0,-1290174122_FL,TSS,Outflow,251
16.70000076293945,-1290174122_FL,TSS,Outflow,251
8.0,-1290174122_FL,TSS,Outflow,251
6.0,-1290174122_FL,TSS,Outflow,251
20.70000076293945,-1290174122_FL,TSS,Outflow,252
3.0,-1290174122_FL,TSS,Outflow,252
7.900000095367432,-1290174122_FL,TSS,Outflow,252
0.02999999932944775,-1290174122_FL,TSS,Outflow,252
23.0,-1290174122_FL,TSS,Outflow,252
8.0,-1290174122_FL,TSS,Outflow,253
3.0,-1290174122_FL,TSS,Outflow,253
9.600000381469727,-1290174122_FL,TSS,Outflow,253
3.0,-1290174122_FL,TSS,Outflow,253
3.0,-1290174122_FL,TSS,Outflow,253
16.5,-1290174122_FL,TSS,Outflow,254
3.0,-1290174122_FL,TSS,Outflow,254
19.0,-1290174122_FL,TSS,Outflow,254
7.099999904632568,-1290174122_FL,TSS,Outflow,254
7.5,-1290174122_FL,TSS,Outflow,254
9.0,-1290174122_FL,TSS,Outflow,255
3.0,-1290174122_FL,TSS,Outflow,255
19.0,-1290174122_FL,TSS,Outflow,255
13.69999980926514,-1290174122_FL,TSS,Outflow,255
3.0,-1290174122_FL,TSS,Outflow,255
15.0,-1290174122_FL,TSS,Outflow,256
11.5,-1290174122_FL,TSS,Outflow,256
5.0,-1290174122_FL,TSS,Outflow,256
5.0,-1290174122_FL,TSS,Outflow,256
3.0,-1290174122_FL,TSS,Outflow,256
11.0,-1290174122_FL,TSS,Outflow,257
7.300000190734863,-1290174122_FL,TSS,Outflow,257
5.0,-1290174122_FL,TSS,Outflow,257
2.0,-1290174122_FL,TSS,Outflow,257
3.0,-1290174122_FL,TSS,Outflow,257
5.0,-1290174122_FL,TSS,Outflow,258
2.0,-1290174122_FL,TSS,Outflow,258
3.0,-1290174122_FL,TSS,Outflow,258
2.0,-1290174122_FL,TSS,Outflow,258
19.0,-1290174122_FL,TSS,Outflow,258
2.0,-1290174122_FL,TSS,Outflow,259
28.0,-1290174122_FL,TSS,Outflow,259
3.0,-1290174122_FL,TSS,Outflow,259
7.0,-1290174122_FL,TSS,Outflow,259
8.0,-1290174122_FL,TSS,Outflow,259
3.0,-1290174122_FL,TSS,Outflow,260
16.0,-1290174122_FL,TSS,Outflow,260
3.0,-1290174122_FL,TSS,Outflow,260
5.0,-1290174122_FL,TSS,Outflow,260
6.0,-1290174122_FL,TSS,Outflow,260
16.0,-1290174122_FL,TSS,Outflow,261
20.70000076293945,-1290174122_FL,TSS,Outflow,261
5.099999904632568,-1290174122_FL,TSS,Outflow,261
29.39999961853027,-1290174122_FL,TSS,Outflow,261
47.0,-1290174122_FL,TSS,Outflow,261
4.0,-1290174122_FL,TSS,Outflow,262
3.0,-1290174122_FL,TSS,Outflow,262
1.0,-1290174122_FL,TSS,Outflow,262
5.0,-1290174122_FL,TSS,Outflow,262
19.0,-1290174122_FL,TSS,Outflow,262
20.70000076293945,-1290174122_FL,TSS,Outflow,263
15.0,-1290174122_FL,TSS,Outflow,263
3.0,-1290174122_FL,TSS,Outflow,263
15.0,-1290174122_FL,TSS,Outflow,263
8.0,-1290174122_FL,TSS,Outflow,263
9.699999809265137,-1290174122_FL,TSS,Outflow,264
5.0,-1290174122_FL,TSS,Outflow,264
11.5,-1290174122_FL,TSS,Outflow,264
5.0,-1290174122_FL,TSS,Outflow,264
11.0,-1290174122_FL,TSS,Outflow,264
10.5,-1290174122_FL,TSS,Outflow,265
11.5,-1290174122_FL,TSS,Outflow,265
3.0,-1290174122_FL,TSS,Outflow,265
2.0,-1290174122_FL,TSS,Outflow,265
7.0,-1290174122_FL,TSS,Outflow,265
11.0,-1290174122_FL,TSS,Outflow,266
16.5,-1290174122_FL,TSS,Outflow,266
5.0,-1290174122_FL,TSS,Outflow,266
5.699999809265137,-1290174122_FL,TSS,Outflow,266
10.69999980926514,-1290174122_FL,TSS,Outflow,266
5.0,-1290174122_FL,TSS,Outflow,267
6.0,-1290174122_FL,TSS,Outflow,267
3.0,-1290174122_FL,TSS,Outflow,267
3.0,-1290174122_FL,TSS,Outflow,267
12.39999961853027,-1290174122_FL,TSS,Outflow,267
9.5,-1290174122_FL,TSS,Outflow,268
19.0,-1290174122_FL,TSS,Outflow,268
3.0,-1290174122_FL,TSS,Outflow,268
16.0,-1290174122_FL,TSS,Outflow,268
2.0,-1290174122_FL,TSS,Outflow,268
8.0,-1290174122_FL,TSS,Outflow,269
13.69999980926514,-1290174122_FL,TSS,Outflow,269
11.0,-1290174122_FL,TSS,Outflow,269
3.0,-1290174122_FL,TSS,Outflow,269
7.300000190734863,-1290174122_FL,TSS,Outflow,269
7.099999904632568,-1290174122_FL,TSS,Outflow,270
2.0,-1290174122_FL,TSS,Outflow,270
8.0,-1290174122_FL,TSS,Outflow,270
3.0,-1290174122_FL,TSS,Outflow,270
7.599999904632568,-1290174122_FL,TSS,Outflow,270
3.0,-1290174122_FL,TSS,Outflow,271
7.099999904632568,-1290174122_FL,TSS,Outflow,271
7.0,-1290174122_FL,TSS,Outflow,271
16.70000076293945,-1290174122_FL,TSS,Outflow,271
19.0,-1290174122_FL,TSS,Outflow,271
3.0,-1290174122_FL,TSS,Outflow,272
12.10000038146973,-1290174122_FL,TSS,Outflow,272
7.099999904632568,-1290174122_FL,TSS,Outflow,272
16.70000076293945,-1290174122_FL,TSS,Outflow,272
49.29999923706055,-1290174122_FL,TSS,Outflow,272
6.0,-1290174122_FL,TSS,Outflow,273
13.69999980926514,-1290174122_FL,TSS,Outflow,273
7.599999904632568,-1290174122_FL,TSS,Outflow,273
7.0,-1290174122_FL,TSS,Outflow,273
11.5,-1290174122_FL,TSS,Outflow,273
10.5,-1290174122_FL,TSS,Outflow,274
2.0,-1290174122_FL,TSS,Outflow,274
8.0,-1290174122_FL,TSS,Outflow,274
16.5,-1290174122_FL,TSS,Outflow,274
9.600000381469727,-1290174122_FL,TSS,Outflow,274
9.5,-1290174122_FL,TSS,Outflow,275
47.0,-1290174122_FL,TSS,Outflow,275
8.0,-1290174122_FL,TSS,Outflow,275
12.5,-1290174122_FL,TSS,Outflow,275
5.300000190734863,-1290174122_FL,TSS,Outflow,275
3.0,-1290174122_FL,TSS,Outflow,276
2.0,-1290174122_FL,TSS,Outflow,276
5.0,-1290174122_FL,TSS,Outflow,276
7.099999904632568,-1290174122_FL,TSS,Outflow,276
7.599999904632568,-1290174122_FL,TSS,Outflow,276
7.5,-1290174122_FL,TSS,Outflow,277
15.89999961853027,-1290174122_FL,TSS,Outflow,277
2.0,-1290174122_FL,TSS,Outflow,277
5.0,-1290174122_FL,TSS,Outflow,277
3.0,-1290174122_FL,TSS,Outflow,277
10.0,-1290174122_FL,TSS,Outflow,278
8.0,-1290174122_FL,TSS,Outflow,278
10.69999980926514,-1290174122_FL,TSS,Outflow,278
49.29999923706055,-1290174122_FL,TSS,Outflow,278
5.0,-1290174122_FL,TSS,Outflow,278
8.0,-1290174122_FL,TSS,Outflow,279
8.0,-1290174122_FL,TSS,Outflow,279
7.0,-1290174122_FL,TSS,Outflow,279
3.0,-1290174122_FL,TSS,Outflow,279
16.0,-1290174122_FL,TSS,Outflow,279
7.0,-1290174122_FL,TSS,Outflow,280
4.0,-1290174122_FL,TSS,Outflow,280
16.60000038146973,-1290174122_FL,TSS,Outflow,280
10.0,-1290174122_FL,TSS,Outflow,280
47.0,-1290174122_FL,TSS,Outflow,280
9.899999618530273,-1290174122_FL,TSS,Outflow,281
20.70000076293945,-1290174122_FL,TSS,Outflow,281
11.0,-1290174122_FL,TSS,Outflow,281
5.300000190734863,-1290174122_FL,TSS,Outflow,281
20.29999923706055,-1290174122_FL,TSS,Outflow,281
3.0,-1290174122_FL,TSS,Outflow,282
7.0,-1290174122_FL,TSS,Outflow,282
16.0,-1290174122_FL,TSS,Outflow,282
9.600000381469727,-1290174122_FL,TSS,Outflow,282
7.0,-1290174122_FL,TSS,Outflow,282
7.099999904632568,-1290174122_FL,TSS,Outflow,283
7.099999904632568,-1290174122_FL,TSS,Outflow,283
9.699999809265137,-1290174122_FL,TSS,Outflow,283
5.0,-1290174122_FL,TSS,Outflow,283
16.70000076293945,-1290174122_FL,TSS,Outflow,283
9.699999809265137,-1290174122_FL,TSS,Outflow,284
12.10000038146973,-1290174122_FL,TSS,Outflow,284
5.699999809265137,-1290174122_FL,TSS,Outflow,284
11.5,-1290174122_FL,TSS,Outflow,284
3.0,-1290174122_FL,TSS,Outflow,284
11.0,-1290174122_FL,TSS,Outflow,285
3.0,-1290174122_FL,TSS,Outflow,285
2.0,-1290174122_FL,TSS,Outflow,285
7.5,-1290174122_FL,TSS,Outflow,285
8.0,-1290174122_FL,TSS,Outflow,285
3.0,-1290174122_FL,TSS,Outflow,286
7.599999904632568,-1290174122_FL,TSS,Outflow,286
5.699999809265137,-1290174122_FL,TSS,Outflow,286
20.70000076293945,-1290174122_FL,TSS,Outflow,286
5.0,-1290174122_FL,TSS,Outflow,286
3.0,-1290174122_FL,TSS,Outflow,287
3.0,-1290174122_FL,TSS,Outflow,287
9.600000381469727,-1290174122_FL,TSS,Outflow,287
3.0,-1290174122_FL,TSS,Outflow,287
2.0,-1290174122_FL,TSS,Outflow,287
30.79999923706055,-1290174122_FL,TSS,Outflow,288
47.0,-1290174122_FL,TSS,Outflow,288
2.0,-1290174122_FL,TSS,Outflow,288
3.0,-1290174122_FL,TSS,Outflow,288
9.600000381469727,-1290174122_FL,TSS,Outflow,288
8.0,-1290174122_FL,TSS,Outflow,289
5.0,-1290174122_FL,TSS,Outflow,289
5.0,-1290174122_FL,TSS,Outflow,289
7.599999904632568,-1290174122_FL,TSS,Outflow,289
7.099999904632568,-1290174122_FL,TSS,Outflow,289
3.0,-1290174122_FL,TSS,Outflow,290
3.0,-1290174122_FL,TSS,Outflow,290
5.0,-1290174122_FL,TSS,Outflow,290
10.0,-1290174122_FL,TSS,Outflow,290
3.0,-1290174122_FL,TSS,Outflow,290
8.0,-1290174122_FL,TSS,Outflow,291
3.0,-1290174122_FL,TSS,Outflow,291
3.0,-1290174122_FL,TSS,Outflow,291
5.0,-1290174122_FL,TSS,Outflow,291
9.600000381469727,-1290174122_FL,TSS,Outflow,291
3.0,-1290174122_FL,TSS,Outflow,292
5.0,-1290174122_FL,TSS,Outflow,292
19.0,-1290174122_FL,TSS,Outflow,292
9.5,-1290174122_FL,TSS,Outflow,292
12.10000038146973,-1290174122_FL,TSS,Outflow,292
16.5,-1290174122_FL,TSS,Outflow,293
29.39999961853027,-1290174122_FL,TSS,Outflow,293
2.0,-1290174122_FL,TSS,Outflow,293
3.0,-1290174122_FL,TSS,Outflow,293
3.0,-1290174122_FL,TSS,Outflow,293
5.0,-1290174122_FL,TSS,Outflow,294
2.0,-1290174122_FL,TSS,Outflow,294
49.29999923706055,-1290174122_FL,TSS,Outflow,294
9.699999809265137,-1290174122_FL,TSS,Outflow,294
4.0,-1290174122_FL,TSS,Outflow,294
5.0,-1290174122_FL,TSS,Outflow,295
16.60000038146973,-1290174122_FL,TSS,Outflow,295
10.0,-1290174122_FL,TSS,Outflow,295
6.0,-1290174122_FL,TSS,Outflow,295
4.0,-1290174122_FL,TSS,Outflow,295
5.699999809265137,-1290174122_FL,TSS,Outflow,296
3.0,-1290174122_FL,TSS,Outflow,296
7.099999904632568,-1290174122_FL,TSS,Outflow,296
5.0,-1290174122_FL,TSS,Outflow,296
3.0,-1290174122_FL,TSS,Outflow,296
11.5,-1290174122_FL,TSS,Outflow,297
3.0,-1290174122_FL,TSS,Outflow,297
5.099999904632568,-1290174122_FL,TSS,Outflow,297
9.0,-1290174122_FL,TSS,Outflow,297
16.60000038146973,-1290174122_FL,TSS,Outflow,297
9.600000381469727,-1290174122_FL,TSS,Outflow,298
8.0,-1290174122_FL,TSS,Outflow,298
15.89999961853027,-1290174122_FL,TSS,Outflow,298
4.0,-1290174122_FL,TSS,Outflow,298
5.0,-1290174122_FL,TSS,Outflow,298
6.0,-1290174122_FL,TSS,Outflow,299
15.0,-1290174122_FL,TSS,Outflow,299
3.0,-1290174122_FL,TSS,Outflow,299
13.69999980926514,-1290174122_FL,TSS,Outflow,299
12.5,-1290174122_FL,TSS,Outflow,299
3.0,-1290174122_FL,TSS,Outflow,300
7.0,-1290174122_FL,TSS,Outflow,300
7.5,-1290174122_FL,TSS,Outflow,300
0.02999999932944775,-1290174122_FL,TSS,Outflow,300
15.89999961853027,-1290174122_FL,TSS,Outflow,300
16.60000038146973,-1290174122_FL,TSS,Outflow,301
4.0,-1290174122_FL,TSS,Outflow,301
5.0,-1290174122_FL,TSS,Outflow,301
10.69999980926514,-1290174122_FL,TSS,Outflow,301
2.0,-1290174122_FL,TSS,Outflow,301
49.29999923706055,-1290174122_FL,TSS,Outflow,302
7.0,-1290174122_FL,TSS,Outflow,302
7.099999904632568,-1290174122_FL,TSS,Outflow,302
3.0,-1290174122_FL,TSS,Outflow,302
7.5,-1290174122_FL,TSS,Outflow,302
7.0,-1290174122_FL,TSS,Outflow,303
1.0,-1290174122_FL,TSS,Outflow,303
3.0,-1290174122_FL,TSS,Outflow,303
3.0,-1290174122_FL,TSS,Outflow,303
7.5,-1290174122_FL,TSS,Outflow,303
9.100000381469727,-1290174122_FL,TSS,Outflow,304
2.0,-1290174122_FL,TSS,Outflow,304
12.5,-1290174122_FL,TSS,Outflow,304
4.0,-1290174122_FL,TSS,Outflow,304
3.0,-1290174122_FL,TSS,Outflow,304
8.0,-1290174122_FL,TSS,Outflow,305
3.0,-1290174122_FL,TSS,Outflow,305
10.0,-1290174122_FL,TSS,Outflow,305
47.0,-1290174122_FL,TSS,Outflow,305
9.5,-1290174122_FL,TSS,Outflow,305
4.0,-1290174122_FL,TSS,Outflow,306
5.0,-1290174122_FL,TSS,Outflow,306
8.0,-1290174122_FL,TSS,Outflow,306
47.0,-1290174122_FL,TSS,Outflow,306
12.5,-1290174122_FL,TSS,Outflow,306
5.699999809265137,-1290174122_FL,TSS,Outflow,307
5.0,-1290174122_FL,TSS,Outflow,307
4.0,-1290174122_FL,TSS,Outflow,307
11.5,-1290174122_FL,TSS,Outflow,307
2.0,-1290174122_FL,TSS,Outflow,307
3.0,-1290174122_FL,TSS,Outflow,308
4.0,-1290174122_FL,TSS,Outflow,308
2.0,-1290174122_FL,TSS,Outflow,308
12.39999961853027,-1290174122_FL,TSS,Outflow,308
7.599999904632568,-1290174122_FL,TSS,Outflow,308
19.0,-1290174122_FL,TSS,Outflow,309
15.89999961853027,-1290174122_FL,TSS,Outflow,309
12.39999961853027,-1290174122_FL,TSS,Outflow,309
30.79999923706055,-1290174122_FL,TSS,Outflow,309
5.699999809265137,-1290174122_FL,TSS,Outflow,309
3.0,-1290174122_FL,TSS,Outflow,310
2.0,-1290174122_FL,TSS,Outflow,310
16.70000076293945,-1290174122_FL,TSS,Outflow,310
11.0,-1290174122_FL,TSS,Outflow,310
4.0,-1290174122_FL,TSS,Outflow,310
16.5,-1290174122_FL,TSS,Outflow,311
3.0,-1290174122_FL,TSS,Outflow,311
9.699999809265137,-1290174122_FL,TSS,Outflow,311
16.60000038146973,-1290174122_FL,TSS,Outflow,311
10.5,-1290174122_FL,TSS,Outflow,311
7.5,-1290174122_FL,TSS,Outflow,312
5.0,-1290174122_FL,TSS,Outflow,312
3.0,-1290174122_FL,TSS,Outflow,312
4.0,-1290174122_FL,TSS,Outflow,312
7.900000095367432,-1290174122_FL,TSS,Outflow,312
4.0,-1290174122_FL,TSS,Outflow,313
10.0,-1290174122_FL,TSS,Outflow,313
3.0,-1290174122_FL,TSS,Outflow,313
7.0,-1290174122_FL,TSS,Outflow,313
4.0,-1290174122_FL,TSS,Outflow,313
28.0,-1290174122_FL,TSS,Outflow,314
3.0,-1290174122_FL,TSS,Outflow,314
0.02999999932944775,-1290174122_FL,TSS,Outflow,314
2.0,-1290174122_FL,TSS,Outflow,314
30.79999923706055,-1290174122_FL,TSS,Outflow,314
1.0,-1290174122_FL,TSS,Outflow,315
19.0,-1290174122_FL,TSS,Outflow,315
2.0,-1290174122_FL,TSS,Outflow,315
10.0,-1290174122_FL,TSS,Outflow,315
4.0,-1290174122_FL,TSS,Outflow,315
15.0,-1290174122_FL,TSS,Outflow,316
4.0,-1290174122_FL,TSS,Outflow,316
4.0,-1290174122_FL,TSS,Outflow,316
3.0,-1290174122_FL,TSS,Outflow,316
16.0,-1290174122_FL,TSS,Outflow,316
10.69999980926514,-1290174122_FL,TSS,Outflow,317
3.0,-1290174122_FL,TSS,Outflow,317
9.100000381469727,-1290174122_FL,TSS,Outflow,317
5.0,-1290174122_FL,TSS,Outflow,317
3.0,-1290174122_FL,TSS,Outflow,317
9.600000381469727,-1290174122_FL,TSS,Outflow,318
9.100000381469727,-1290174122_FL,TSS,Outflow,318
16.70000076293945,-1290174122_FL,TSS,Outflow,318
16.60000038146973,-1290174122_FL,TSS,Outflow,318
3.0,-1290174122_FL,TSS,Outflow,318
10.0,-1290174122_FL,TSS,Outflow,319
6.0,-1290174122_FL,TSS,Outflow,319
13.69999980926514,-1290174122_FL,TSS,Outflow,319
7.099999904632568,-1290174122_FL,TSS,Outflow,319
9.5,-1290174122_FL,TSS,Outflow,319
16.0,-1290174122_FL,TSS,Outflow,320
7.0,-1290174122_FL,TSS,Outflow,320
7.300000190734863,-1290174122_FL,TSS,Outflow,320
6.0,-1290174122_FL,TSS,Outflow,320
10.69999980926514,-1290174122_FL,TSS,Outflow,320
2.0,-1290174122_FL,TSS,Outflow,321
7.5,-1290174122_FL,TSS,Outflow,321
16.5,-1290174122_FL,TSS,Outflow,321
1.0,-1290174122_FL,TSS,Outflow,321
2.0,-1290174122_FL,TSS,Outflow,321
47.0,-1290174122_FL,TSS,Outflow,322
13.69999980926514,-1290174122_FL,TSS,Outflow,322
16.60000038146973,-1290174122_FL,TSS,Outflow,322
7.599999904632568,-1290174122_FL,TSS,Outflow,322
5.300000190734863,-1290174122_FL,TSS,Outflow,322
3.0,-1290174122_FL,TSS,Outflow,323
10.5,-1290174122_FL,TSS,Outflow,323
2.0,-1290174122_FL,TSS,Outflow,323
8.0,-1290174122_FL,TSS,Outflow,323
10.69999980926514,-1290174122_FL,TSS,Outflow,323
3.0,-1290174122_FL,TSS,Outflow,324
10.0,-1290174122_FL,TSS,Outflow,324
15.0,-1290174122_FL,TSS,Outflow,324
3.0,-1290174122_FL,TSS,Outflow,324
3.0,-1290174122_FL,TSS,Outflow,324
11.0,-1290174122_FL,TSS,Outflow,325
8.0,-1290174122_FL,TSS,Outflow,325
3.0,-1290174122_FL,TSS,Outflow,325
3.0,-1290174122_FL,TSS,Outflow,325
5.300000190734863,-1290174122_FL,TSS,Outflow,325
12.10000038146973,-1290174122_FL,TSS,Outflow,326
20.70000076293945,-1290174122_FL,TSS,Outflow,326
15.89999961853027,-1290174122_FL,TSS,Outflow,326
16.0,-1290174122_FL,TSS,Outflow,326
7.599999904632568,-1290174122_FL,TSS,Outflow,326
9.899999618530273,-1290174122_FL,TSS,Outflow,327
20.29999923706055,-1290174122_FL,TSS,Outflow,327
7.300000190734863,-1290174122_FL,TSS,Outflow,327
12.10000038146973,-1290174122_FL,TSS,Outflow,327
8.0,-1290174122_FL,TSS,Outflow,327
5.0,-1290174122_FL,TSS,Outflow,328
2.0,-1290174122_FL,TSS,Outflow,328
3.0,-1290174122_FL,TSS,Outflow,328
16.0,-1290174122_FL,TSS,Outflow,328
6.0,-1290174122_FL,TSS,Outflow,328
7.099999904632568,-1290174122_FL,TSS,Outflow,329
9.100000381469727,-1290174122_FL,TSS,Outflow,329
12.39999961853027,-1290174122_FL,TSS,Outflow,329
15.0,-1290174122_FL,TSS,Outflow,329
3.0,-1290174122_FL,TSS,Outflow,329
2.0,-1290174122_FL,TSS,Outflow,330
11.0,-1290174122_FL,TSS,Outflow,330
8.0,-1290174122_FL,TSS,Outflow,330
4.0,-1290174122_FL,TSS,Outflow,330
8.0,-1290174122_FL,TSS,Outflow,330
4.0,-1290174122_FL,TSS,Outflow,331
5.0,-1290174122_FL,TSS,Outflow,331
4.0,-1290174122_FL,TSS,Outflow,331
7.300000190734863,-1290174122_FL,TSS,Outflow,331
3.0,-1290174122_FL,TSS,Outflow,331
12.5,-1290174122_FL,TSS,Outflow,332
5.0,-1290174122_FL,TSS,Outflow,332
5.0,-1290174122_FL,TSS,Outflow,332
3.0,-1290174122_FL,TSS,Outflow,332
19.0,-1290174122_FL,TSS,Outflow,332
11.5,-1290174122_FL,TSS,Outflow,333
6.0,-1290174122_FL,TSS,Outflow,333
5.0,-1290174122_FL,TSS,Outflow,333
19.0,-1290174122_FL,TSS,Outflow,333
2.0,-1290174122_FL,TSS,Outflow,333
7.300000190734863,-1290174122_FL,TSS,Outflow,334
7.0,-1290174122_FL,TSS,Outflow,334
49.29999923706055,-1290174122_FL,TSS,Outflow,334
11.5,-1290174122_FL,TSS,Outflow,334
3.0,-1290174122_FL,TSS,Outflow,334
10.69999980926514,-1290174122_FL,TSS,Outflow,335
6.0,-1290174122_FL,TSS,Outflow,335
7.099999904632568,-1290174122_FL,TSS,Outflow,335
16.0,-1290174122_FL,TSS,Outflow,335
3.0,-1290174122_FL,TSS,Outflow,335
3.0,-1290174122_FL,TSS,Outflow,336
3.0,-1290174122_FL,TSS,Outflow,336
10.5,-1290174122_FL,TSS,Outflow,336
29.39999961853027,-1290174122_FL,TSS,Outflow,336
4.0,-1290174122_FL,TSS,Outflow,336
19.0,-1290174122_FL,TSS,Outflow,337
10.69999980926514,-1290174122_FL,TSS,Outflow,337
20.29999923706055,-1290174122_FL,TSS,Outflow,337
7.0,-1290174122_FL,TSS,Outflow,337
6.0,-1290174122_FL,TSS,Outflow,337
11.0,-1290174122_FL,TSS,Outflow,338
8.0,-1290174122_FL,TSS,Outflow,338
3.0,-1290174122_FL,TSS,Outflow,338
16.0,-1290174122_FL,TSS,Outflow,338
7.099999904632568,-1290174122_FL,TSS,Outflow,338
5.0,-1290174122_FL,TSS,Outflow,339
20.29999923706055,-1290174122_FL,TSS,Outflow,339
3.0,-1290174122_FL,TSS,Outflow,339
5.0,-1290174122_FL,TSS,Outflow,339
2.0,-1290174122_FL,TSS,Outflow,339
7.099999904632568,-1290174122_FL,TSS,Outflow,340
16.60000038146973,-1290174122_FL,TSS,Outflow,340
7.900000095367432,-1290174122_FL,TSS,Outflow,340
16.0,-1290174122_FL,TSS,Outflow,340
10.5,-1290174122_FL,TSS,Outflow,340
3.0,-1290174122_FL,TSS,Outflow,341
8.0,-1290174122_FL,TSS,Outflow,341
5.0,-1290174122_FL,TSS,Outflow,341
5.0,-1290174122_FL,TSS,Outflow,341
3.0,-1290174122_FL,TSS,Outflow,341
2.0,-1290174122_FL,TSS,Outflow,342
3.0,-1290174122_FL,TSS,Outflow,342
7.300000190734863,-1290174122_FL,TSS,Outflow,342
19.0,-1290174122_FL,TSS,Outflow,342
3.0,-1290174122_FL,TSS,Outflow,342
2.0,-1290174122_FL,TSS,Outflow,343
5.0,-1290174122_FL,TSS,Outflow,343
3.0,-1290174122_FL,TSS,Outflow,343
49.29999923706055,-1290174122_FL,TSS,Outflow,343
12.5,-1290174122_FL,TSS,Outflow,343
2.0,-1290174122_FL,TSS,Outflow,344
20.29999923706055,-1290174122_FL,TSS,Outflow,344
2.0,-1290174122_FL,TSS,Outflow,344
16.5,-1290174122_FL,TSS,Outflow,344
3.0,-1290174122_FL,TSS,Outflow,344
2.0,-1290174122_FL,TSS,Outflow,345
7.0,-1290174122_FL,TSS,Outflow,345
5.0,-1290174122_FL,TSS,Outflow,345
9.100000381469727,-1290174122_FL,TSS,Outflow,345
3.0,-1290174122_FL,TSS,Outflow,345
3.0,-1290174122_FL,TSS,Outflow,346
7.099999904632568,-1290174122_FL,TSS,Outflow,346
16.70000076293945,-1290174122_FL,TSS,Outflow,346
7.099999904632568,-1290174122_FL,TSS,Outflow,346
3.0,-1290174122_FL,TSS,Outflow,346
29.39999961853027,-1290174122_FL,TSS,Outflow,347
1.0,-1290174122_FL,TSS,Outflow,347
49.29999923706055,-1290174122_FL,TSS,Outflow,347
4.0,-1290174122_FL,TSS,Outflow,347
3.0,-1290174122_FL,TSS,Outflow,347
8.0,-1290174122_FL,TSS,Outflow,348
16.0,-1290174122_FL,TSS,Outflow,348
15.0,-1290174122_FL,TSS,Outflow,348
12.10000038146973,-1290174122_FL,TSS,Outflow,348
7.300000190734863,-1290174122_FL,TSS,Outflow,348
9.100000381469727,-1290174122_FL,TSS,Outflow,349
3.0,-1290174122_FL,TSS,Outflow,349
23.0,-1290174122_FL,TSS,Outflow,349
12.39999961853027,-1290174122_FL,TSS,Outflow,349
9.899999618530273,-1290174122_FL,TSS,Outflow,349
3.0,-1290174122_FL,TSS,Outflow,350
2.0,-1290174122_FL,TSS,Outflow,350
9.0,-1290174122_FL,TSS,Outflow,350
3.0,-1290174122_FL,TSS,Outflow,350
3.0,-1290174122_FL,TSS,Outflow,350
11.5,-1290174122_FL,TSS,Outflow,351
9.899999618530273,-1290174122_FL,TSS,Outflow,351
2.0,-1290174122_FL,TSS,Outflow,351
4.0,-1290174122_FL,TSS,Outflow,351
3.0,-1290174122_FL,TSS,Outflow,351
47.0,-1290174122_FL,TSS,Outflow,352
8.0,-1290174122_FL,TSS,Outflow,352
3.0,-1290174122_FL,TSS,Outflow,352
11.0,-1290174122_FL,TSS,Outflow,352
16.70000076293945,-1290174122_FL,TSS,Outflow,352
13.69999980926514,-1290174122_FL,TSS,Outflow,353
7.599999904632568,-1290174122_FL,TSS,Outflow,353
30.79999923706055,-1290174122_FL,TSS,Outflow,353
12.10000038146973,-1290174122_FL,TSS,Outflow,353
2.0,-1290174122_FL,TSS,Outflow,353
6.0,-1290174122_FL,TSS,Outflow,354
3.0,-1290174122_FL,TSS,Outflow,354
4.0,-1290174122_FL,TSS,Outflow,354
16.0,-1290174122_FL,TSS,Outflow,354
16.5,-1290174122_FL,TSS,Outflow,354
5.300000190734863,-1290174122_FL,TSS,Outflow,355
7.0,-1290174122_FL,TSS,Outflow,355
3.0,-1290174122_FL,TSS,Outflow,355
7.900000095367432,-1290174122_FL,TSS,Outflow,355
8.0,-1290174122_FL,TSS,Outflow,355
3.0,-1290174122_FL,TSS,Outflow,356
3.0,-1290174122_FL,TSS,Outflow,356
16.70000076293945,-1290174122_FL,TSS,Outflow,356
29.39999961853027,-1290174122_FL,TSS,Outflow,356
5.699999809265137,-1290174122_FL,TSS,Outflow,356
3.0,-1290174122_FL,TSS,Outflow,357
4.0,-1290174122_FL,TSS,Outflow,357
9.100000381469727,-1290174122_FL,TSS,Outflow,357
3.0,-1290174122_FL,TSS,Outflow,357
7.0,-1290174122_FL,TSS,Outflow,357
11.0,-1290174122_FL,TSS,Outflow,358
6.0,-1290174122_FL,TSS,Outflow,358
19.0,-1290174122_FL,TSS,Outflow,358
7.0,-1290174122_FL,TSS,Outflow,358
3.0,-1290174122_FL,TSS,Outflow,358
3.0,-1290174122_FL,TSS,Outflow,359
4.0,-1290174122_FL,TSS,Outflow,359
7.0,-1290174122_FL,TSS,Outflow,359
15.0,-1290174122_FL,TSS,Outflow,359
13.69999980926514,-1290174122_FL,TSS,Outflow,359
16.5,-1290174122_FL,TSS,Outflow,360
5.300000190734863,-1290174122_FL,TSS,Outflow,360
5.0,-1290174122_FL,TSS,Outflow,360
12.5,-1290174122_FL,TSS,Outflow,360
6.0,-1290174122_FL,TSS,Outflow,360
19.0,-1290174122_FL,TSS,Outflow,361
16.70000076293945,-1290174122_FL,TSS,Outflow,361
1.0,-1290174122_FL,TSS,Outflow,361
16.5,-1290174122_FL,TSS,Outflow,361
8.0,-1290174122_FL,TSS,Outflow,361
16.70000076293945,-1290174122_FL,TSS,Outflow,362
8.0,-1290174122_FL,TSS,Outflow,362
5.0,-1290174122_FL,TSS,Outflow,362
3.0,-1290174122_FL,TSS,Outflow,362
3.0,-1290174122_FL,TSS,Outflow,362
7.099999904632568,-1290174122_FL,TSS,Outflow,363
5.0,-1290174122_FL,TSS,Outflow,363
30.79999923706055,-1290174122_FL,TSS,Outflow,363
2.0,-1290174122_FL,TSS,Outflow,363
5.300000190734863,-1290174122_FL,TSS,Outflow,363
28.0,-1290174122_FL,TSS,Outflow,364
6.0,-1290174122_FL,TSS,Outflow,364
8.0,-1290174122_FL,TSS,Outflow,364
15.0,-1290174122_FL,TSS,Outflow,364
12.10000038146973,-1290174122_FL,TSS,Outflow,364
1.0,-1290174122_FL,TSS,Outflow,365
9.699999809265137,-1290174122_FL,TSS,Outflow,365
0.02999999932944775,-1290174122_FL,TSS,Outflow,365
16.5,-1290174122_FL,TSS,Outflow,365
5.0,-1290174122_FL,TSS,Outflow,365
9.600000381469727,-1290174122_FL,TSS,Outflow,366
3.0,-1290174122_FL,TSS,Outflow,366
10.0,-1290174122_FL,TSS,Outflow,366
2.0,-1290174122_FL,TSS,Outflow,366
16.70000076293945,-1290174122_FL,TSS,Outflow,366
16.60000038146973,-1290174122_FL,TSS,Outflow,367
1.0,-1290174122_FL,TSS,Outflow,367
3.0,-1290174122_FL,TSS,Outflow,367
10.0,-1290174122_FL,TSS,Outflow,367
4.0,-1290174122_FL,TSS,Outflow,367
30.79999923706055,-1290174122_FL,TSS,Outflow,368
23.0,-1290174122_FL,TSS,Outflow,368
5.0,-1290174122_FL,TSS,Outflow,368
9.5,-1290174122_FL,TSS,Outflow,368
10.5,-1290174122_FL,TSS,Outflow,368
10.69999980926514,-1290174122_FL,TSS,Outflow,369
1.0,-1290174122_FL,TSS,Outflow,369
7.0,-1290174122_FL,TSS,Outflow,369
3.0,-1290174122_FL,TSS,Outflow,369
12.39999961853027,-1290174122_FL,TSS,Outflow,369
2.0,-1290174122_FL,TSS,Outflow,370
15.0,-1290174122_FL,TSS,Outflow,370
3.0,-1290174122_FL,TSS,Outflow,370
5.0,-1290174122_FL,TSS,Outflow,370
3.0,-1290174122_FL,TSS,Outflow,370
15.0,-1290174122_FL,TSS,Outflow,371
6.0,-1290174122_FL,TSS,Outflow,371
7.0,-1290174122_FL,TSS,Outflow,371
49.29999923706055,-1290174122_FL,TSS,Outflow,371
16.0,-1290174122_FL,TSS,Outflow,371
3.0,-1290174122_FL,TSS,Outflow,372
3.0,-1290174122_FL,TSS,Outflow,372
28.0,-1290174122_FL,TSS,Outflow,372
10.0,-1290174122_FL,TSS,Outflow,372
20.29999923706055,-1290174122_FL,TSS,Outflow,372
5.0,-1290174122_FL,TSS,Outflow,373
10.0,-1290174122_FL,TSS,Outflow,373
11.0,-1290174122_FL,TSS,Outflow,373
11.5,-1290174122_FL,TSS,Outflow,373
47.0,-1290174122_FL,TSS,Outflow,373
16.60000038146973,-1290174122_FL,TSS,Outflow,374
3.0,-1290174122_FL,TSS,Outflow,374
8.0,-1290174122_FL,TSS,Outflow,374
5.0,-1290174122_FL,TSS,Outflow,374
3.0,-1290174122_FL,TSS,Outflow,374
20.70000076293945,-1290174122_FL,TSS,Outflow,375
6.0,-1290174122_FL,TSS,Outflow,375
9.699999809265137,-1290174122_FL,TSS,Outflow,375
7.0,-1290174122_FL,TSS,Outflow,375
10.5,-1290174122_FL,TSS,Outflow,375
4.0,-1290174122_FL,TSS,Outflow,376
5.099999904632568,-1290174122_FL,TSS,Outflow,376
8.0,-1290174122_FL,TSS,Outflow,376
10.69999980926514,-1290174122_FL,TSS,Outflow,376
3.0,-1290174122_FL,TSS,Outflow,376
2.0,-1290174122_FL,TSS,Outflow,377
9.699999809265137,-1290174122_FL,TSS,Outflow,377
6.0,-1290174122_FL,TSS,Outflow,377
3.0,-1290174122_FL,TSS,Outflow,377
3.0,-1290174122_FL,TSS,Outflow,377
7.099999904632568,-1290174122_FL,TSS,Outflow,378
12.39999961853027,-1290174122_FL,TSS,Outflow,378
3.0,-1290174122_FL,TSS,Outflow,378
2.0,-1290174122_FL,TSS,Outflow,378
4.0,-1290174122_FL,TSS,Outflow,378
2.0,-1290174122_FL,TSS,Outflow,379
7.0,-1290174122_FL,TSS,Outflow,379
9.899999618530273,-1290174122_FL,TSS,Outflow,379
9.0,-1290174122_FL,TSS,Outflow,379
29.39999961853027,-1290174122_FL,TSS,Outflow,379
3.0,-1290174122_FL,TSS,Outflow,380
11.5,-1290174122_FL,TSS,Outflow,380
3.0,-1290174122_FL,TSS,Outflow,380
3.0,-1290174122_FL,TSS,Outflow,380
12.10000038146973,-1290174122_FL,TSS,Outflow,380
3.0,-1290174122_FL,TSS,Outflow,381
47.0,-1290174122_FL,TSS,Outflow,381
4.0,-1290174122_FL,TSS,Outflow,381
2.0,-1290174122_FL,TSS,Outflow,381
3.0,-1290174122_FL,TSS,Outflow,381
9.699999809265137,-1290174122_FL,TSS,Outflow,382
13.69999980926514,-1290174122_FL,TSS,Outflow,382
49.29999923706055,-1290174122_FL,TSS,Outflow,382
12.5,-1290174122_FL,TSS,Outflow,382
10.0,-1290174122_FL,TSS,Outflow,382
8.0,-1290174122_FL,TSS,Outflow,383
5.0,-1290174122_FL,TSS,Outflow,383
47.0,-1290174122_FL,TSS,Outflow,383
3.0,-1290174122_FL,TSS,Outflow,383
5.0,-1290174122_FL,TSS,Outflow,383
2.0,-1290174122_FL,TSS,Outflow,384
0.02999999932944775,-1290174122_FL,TSS,Outflow,384
9.699999809265137,-1290174122_FL,TSS,Outflow,384
15.89999961853027,-1290174122_FL,TSS,Outflow,384
8.0,-1290174122_FL,TSS,Outflow,384
2.0,-1290174122_FL,TSS,Outflow,385
3.0,-1290174122_FL,TSS,Outflow,385
19.0,-1290174122_FL,TSS,Outflow,385
7.0,-1290174122_FL,TSS,Outflow,385
23.0,-1290174122_FL,TSS,Outflow,385
3.0,-1290174122_FL,TSS,Outflow,386
2.0,-1290174122_FL,TSS,Outflow,386
3.0,-1290174122_FL,TSS,Outflow,386
16.0,-1290174122_FL,TSS,Outflow,386
9.100000381469727,-1290174122_FL,TSS,Outflow,386
9.600000381469727,-1290174122_FL,TSS,Outflow,387
2.0,-1290174122_FL,TSS,Outflow,387
3.0,-1290174122_FL,TSS,Outflow,387
6.0,-1290174122_FL,TSS,Outflow,387
7.599999904632568,-1290174122_FL,TSS,Outflow,387
12.10000038146973,-1290174122_FL,TSS,Outflow,388
6.0,-1290174122_FL,TSS,Outflow,388
49.29999923706055,-1290174122_FL,TSS,Outflow,388
9.5,-1290174122_FL,TSS,Outflow,388
2.0,-1290174122_FL,TSS,Outflow,388
2.0,-1290174122_FL,TSS,Outflow,389
5.0,-1290174122_FL,TSS,Outflow,389
3.0,-1290174122_FL,TSS,Outflow,389
7.300000190734863,-1290174122_FL,TSS,Outflow,389
8.0,-1290174122_FL,TSS,Outflow,389
10.0,-1290174122_FL,TSS,Outflow,390
3.0,-1290174122_FL,TSS,Outflow,390
3.0,-1290174122_FL,TSS,Outflow,390
19.0,-1290174122_FL,TSS,Outflow,390
12.10000038146973,-1290174122_FL,TSS,Outflow,390
11.0,-1290174122_FL,TSS,Outflow,391
29.39999961853027,-1290174122_FL,TSS,Outflow,391
9.0,-1290174122_FL,TSS,Outflow,391
23.0,-1290174122_FL,TSS,Outflow,391
9.899999618530273,-1290174122_FL,TSS,Outflow,391
16.70000076293945,-1290174122_FL,TSS,Outflow,392
8.0,-1290174122_FL,TSS,Outflow,392
15.0,-1290174122_FL,TSS,Outflow,392
11.0,-1290174122_FL,TSS,Outflow,392
23.0,-1290174122_FL,TSS,Outflow,392
4.0,-1290174122_FL,TSS,Outflow,393
10.0,-1290174122_FL,TSS,Outflow,393
15.0,-1290174122_FL,TSS,Outflow,393
9.600000381469727,-1290174122_FL,TSS,Outflow,393
10.69999980926514,-1290174122_FL,TSS,Outflow,393
5.0,-1290174122_FL,TSS,Outflow,394
3.0,-1290174122_FL,TSS,Outflow,394
10.5,-1290174122_FL,TSS,Outflow,394
16.0,-1290174122_FL,TSS,Outflow,394
10.69999980926514,-1290174122_FL,TSS,Outflow,394
1.0,-1290174122_FL,TSS,Outflow,395
5.0,-1290174122_FL,TSS,Outflow,395
2.0,-1290174122_FL,TSS,Outflow,395
16.60000038146973,-1290174122_FL,TSS,Outflow,395
5.0,-1290174122_FL,TSS,Outflow,395
15.0,-1290174122_FL,TSS,Outflow,396
7.900000095367432,-1290174122_FL,TSS,Outflow,396
6.0,-1290174122_FL,TSS,Outflow,396
4.0,-1290174122_FL,TSS,Outflow,396
7.0,-1290174122_FL,TSS,Outflow,396
6.0,-1290174122_FL,TSS,Outflow,397
12.39999961853027,-1290174122_FL,TSS,Outflow,397
8.0,-1290174122_FL,TSS,Outflow,397
11.0,-1290174122_FL,TSS,Outflow,397
3.0,-1290174122_FL,TSS,Outflow,397
7.0,-1290174122_FL,TSS,Outflow,398
10.69999980926514,-1290174122_FL,TSS,Outflow,398
6.0,-1290174122_FL,TSS,Outflow,398
15.89999961853027,-1290174122_FL,TSS,Outflow,398
47.0,-1290174122_FL,TSS,Outflow,398
7.0,-1290174122_FL,TSS,Outflow,399
3.0,-1290174122_FL,TSS,Outflow,399
28.0,-1290174122_FL,TSS,Outflow,399
5.099999904632568,-1290174122_FL,TSS,Outflow,399
5.0,-1290174122_FL,TSS,Outflow,399
3.0,-1290174122_FL,TSS,Outflow,400
49.29999923706055,-1290174122_FL,TSS,Outflow,400
11.0,-1290174122_FL,TSS,Outflow,400
5.699999809265137,-1290174122_FL,TSS,Outflow,400
29.39999961853027,-1290174122_FL,TSS,Outflow,400
15.0,-1290174122_FL,TSS,Outflow,401
4.0,-1290174122_FL,TSS,Outflow,401
16.0,-1290174122_FL,TSS,Outflow,401
9.0,-1290174122_FL,TSS,Outflow,401
3.0,-1290174122_FL,TSS,Outflow,401
6.0,-1290174122_FL,TSS,Outflow,402
12.5,-1290174122_FL,TSS,Outflow,402
1.0,-1290174122_FL,TSS,Outflow,402
2.0,-1290174122_FL,TSS,Outflow,402
10.5,-1290174122_FL,TSS,Outflow,402
20.29999923706055,-1290174122_FL,TSS,Outflow,403
11.0,-1290174122_FL,TSS,Outflow,403
5.0,-1290174122_FL,TSS,Outflow,403
47.0,-1290174122_FL,TSS,Outflow,403
8.0,-1290174122_FL,TSS,Outflow,403
12.10000038146973,-1290174122_FL,TSS,Outflow,404
7.0,-1290174122_FL,TSS,Outflow,404
30.79999923706055,-1290174122_FL,TSS,Outflow,404
3.0,-1290174122_FL,TSS,Outflow,404
0.02999999932944775,-1290174122_FL,TSS,Outflow,404
2.0,-1290174122_FL,TSS,Outflow,405
12.39999961853027,-1290174122_FL,TSS,Outflow,405
7.599999904632568,-1290174122_FL,TSS,Outflow,405
3.0,-1290174122_FL,TSS,Outflow,405
6.0,-1290174122_FL,TSS,Outflow,405
7.099999904632568,-1290174122_FL,TSS,Outflow,406
4.0,-1290174122_FL,TSS,Outflow,406
3.0,-1290174122_FL,TSS,Outflow,406
5.099999904632568,-1290174122_FL,TSS,Outflow,406
3.0,-1290174122_FL,TSS,Outflow,406
6.0,-1290174122_FL,TSS,Outflow,407
9.5,-1290174122_FL,TSS,Outflow,407
7.099999904632568,-1290174122_FL,TSS,Outflow,407
12.39999961853027,-1290174122_FL,TSS,Outflow,407
15.0,-1290174122_FL,TSS,Outflow,407
15.0,-1290174122_FL,TSS,Outflow,408
2.0,-1290174122_FL,TSS,Outflow,408
20.70000076293945,-1290174122_FL,TSS,Outflow,408
5.699999809265137,-1290174122_FL,TSS,Outflow,408
2.0,-1290174122_FL,TSS,Outflow,408
3.0,-1290174122_FL,TSS,Outflow,409
16.5,-1290174122_FL,TSS,Outflow,409
5.0,-1290174122_FL,TSS,Outflow,409
20.70000076293945,-1290174122_FL,TSS,Outflow,409
6.0,-1290174122_FL,TSS,Outflow,409
9.5,-1290174122_FL,TSS,Outflow,410
3.0,-1290174122_FL,TSS,Outflow,410
5.099999904632568,-1290174122_FL,TSS,Outflow,410
20.70000076293945,-1290174122_FL,TSS,Outflow,410
4.0,-1290174122_FL,TSS,Outflow,410
7.0,-1290174122_FL,TSS,Outflow,411
1.0,-1290174122_FL,TSS,Outflow,411
2.0,-1290174122_FL,TSS,Outflow,411
3.0,-1290174122_FL,TSS,Outflow,411
6.0,-1290174122_FL,TSS,Outflow,411
15.0,-1290174122_FL,TSS,Outflow,412
30.79999923706055,-1290174122_FL,TSS,Outflow,412
3.0,-1290174122_FL,TSS,Outflow,412
12.5,-1290174122_FL,TSS,Outflow,412
4.0,-1290174122_FL,TSS,Outflow,412
5.0,-1290174122_FL,TSS,Outflow,413
7.300000190734863,-1290174122_FL,TSS,Outflow,413
9.699999809265137,-1290174122_FL,TSS,Outflow,413
7.0,-1290174122_FL,TSS,Outflow,413
10.5,-1290174122_FL,TSS,Outflow,413
10.5,-1290174122_FL,TSS,Outflow,414
3.0,-1290174122_FL,TSS,Outflow,414
9.899999618530273,-1290174122_FL,TSS,Outflow,414
5.0,-1290174122_FL,TSS,Outflow,414
7.099999904632568,-1290174122_FL,TSS,Outflow,414
15.0,-1290174122_FL,TSS,Outflow,415
3.0,-1290174122_FL,TSS,Outflow,415
5.0,-1290174122_FL,TSS,Outflow,415
3.0,-1290174122_FL,TSS,Outflow,415
7.0,-1290174122_FL,TSS,Outflow,415
23.0,-1290174122_FL,TSS,Outflow,416
2.0,-1290174122_FL,TSS,Outflow,416
3.0,-1290174122_FL,TSS,Outflow,416
3.0,-1290174122_FL,TSS,Outflow,416
9.600000381469727,-1290174122_FL,TSS,Outflow,416
9.600000381469727,-1290174122_FL,TSS,Outflow,417
6.0,-1290174122_FL,TSS,Outflow,417
9.899999618530273,-1290174122_FL,TSS,Outflow,417
5.0,-1290174122_FL,TSS,Outflow,417
15.89999961853027,-1290174122_FL,TSS,Outflow,417
1.0,-1290174122_FL,TSS,Outflow,418
6.0,-1290174122_FL,TSS,Outflow,418
19.0,-1290174122_FL,TSS,Outflow,418
10.69999980926514,-1290174122_FL,TSS,Outflow,418
6.0,-1290174122_FL,TSS,Outflow,418
9.100000381469727,-1290174122_FL,TSS,Outflow,419
10.69999980926514,-1290174122_FL,TSS,Outflow,419
15.89999961853027,-1290174122_FL,TSS,Outflow,419
13.69999980926514,-1290174122_FL,TSS,Outflow,419
8.0,-1290174122_FL,TSS,Outflow,419
5.099999904632568,-1290174122_FL,TSS,Outflow,420
15.0,-1290174122_FL,TSS,Outflow,420
8.0,-1290174122_FL,TSS,Outflow,420
1.0,-1290174122_FL,TSS,Outflow,420
8.0,-1290174122_FL,TSS,Outflow,420
5.0,-1290174122_FL,TSS,Outflow,421
3.0,-1290174122_FL,TSS,Outflow,421
3.0,-1290174122_FL,TSS,Outflow,421
10.69999980926514,-1290174122_FL,TSS,Outflow,421
2.0,-1290174122_FL,TSS,Outflow,421
9.899999618530273,-1290174122_FL,TSS,Outflow,422
9.100000381469727,-1290174122_FL,TSS,Outflow,422
3.0,-1290174122_FL,TSS,Outflow,422
7.300000190734863,-1290174122_FL,TSS,Outflow,422
4.0,-1290174122_FL,TSS,Outflow,422
5.699999809265137,-1290174122_FL,TSS,Outflow,423
0.02999999932944775,-1290174122_FL,TSS,Outflow,423
5.099999904632568,-1290174122_FL,TSS,Outflow,423
10.5,-1290174122_FL,TSS,Outflow,423
29.39999961853027,-1290174122_FL,TSS,Outflow,423
4.0,-1290174122_FL,TSS,Outflow,424
7.099999904632568,-1290174122_FL,TSS,Outflow,424
3.0,-1290174122_FL,TSS,Outflow,424
15.89999961853027,-1290174122_FL,TSS,Outflow,424
5.0,-1290174122_FL,TSS,Outflow,424
6.0,-1290174122_FL,TSS,Outflow,425
5.699999809265137,-1290174122_FL,TSS,Outflow,425
1.0,-1290174122_FL,TSS,Outflow,425
3.0,-1290174122_FL,TSS,Outflow,425
16.60000038146973,-1290174122_FL,TSS,Outflow,425
11.0,-1290174122_FL,TSS,Outflow,426
15.0,-1290174122_FL,TSS,Outflow,426
7.300000190734863,-1290174122_FL,TSS,Outflow,426
16.70000076293945,-1290174122_FL,TSS,Outflow,426
9.100000381469727,-1290174122_FL,TSS,Outflow,426
47.0,-1290174122_FL,TSS,Outflow,427
23.0,-1290174122_FL,TSS,Outflow,427
2.0,-1290174122_FL,TSS,Outflow,427
3.0,-1290174122_FL,TSS,Outflow,427
12.10000038146973,-1290174122_FL,TSS,Outflow,427
16.0,-1290174122_FL,TSS,Outflow,428
8.0,-1290174122_FL,TSS,Outflow,428
7.0,-1290174122_FL,TSS,Outflow,428
11.0,-1290174122_FL,TSS,Outflow,428
7.099999904632568,-1290174122_FL,TSS,Outflow,428
3.0,-1290174122_FL,TSS,Outflow,429
9.100000381469727,-1290174122_FL,TSS,Outflow,429
47.0,-1290174122_FL,TSS,Outflow,429
9.600000381469727,-1290174122_FL,TSS,Outflow,429
3.0,-1290174122_FL,TSS,Outflow,429
8.0,-1290174122_FL,TSS,Outflow,430
3.0,-1290174122_FL,TSS,Outflow,430
3.0,-1290174122_FL,TSS,Outflow,430
2.0,-1290174122_FL,TSS,Outflow,430
1.0,-1290174122_FL,TSS,Outflow,430
12.10000038146973,-1290174122_FL,TSS,Outflow,431
2.0,-1290174122_FL,TSS,Outflow,431
5.0,-1290174122_FL,TSS,Outflow,431
5.300000190734863,-1290174122_FL,TSS,Outflow,431
16.0,-1290174122_FL,TSS,Outflow,431
5.0,-1290174122_FL,TSS,Outflow,432
4.0,-1290174122_FL,TSS,Outflow,432
7.900000095367432,-1290174122_FL,TSS,Outflow,432
7.5,-1290174122_FL,TSS,Outflow,432
3.0,-1290174122_FL,TSS,Outflow,432
11.0,-1290174122_FL,TSS,Outflow,433
16.70000076293945,-1290174122_FL,TSS,Outflow,433
12.10000038146973,-1290174122_FL,TSS,Outflow,433
11.5,-1290174122_FL,TSS,Outflow,433
9.100000381469727,-1290174122_FL,TSS,Outflow,433
5.0,-1290174122_FL,TSS,Outflow,434
9.5,-1290174122_FL,TSS,Outflow,434
10.69999980926514,-1290174122_FL,TSS,Outflow,434
10.0,-1290174122_FL,TSS,Outflow,434
3.0,-1290174122_FL,TSS,Outflow,434
2.0,-1290174122_FL,TSS,Outflow,435
9.600000381469727,-1290174122_FL,TSS,Outflow,435
16.0,-1290174122_FL,TSS,Outflow,435
0.02999999932944775,-1290174122_FL,TSS,Outflow,435
12.10000038146973,-1290174122_FL,TSS,Outflow,435
6.0,-1290174122_FL,TSS,Outflow,436
3.0,-1290174122_FL,TSS,Outflow,436
2.0,-1290174122_FL,TSS,Outflow,436
5.0,-1290174122_FL,TSS,Outflow,436
3.0,-1290174122_FL,TSS,Outflow,436
5.699999809265137,-1290174122_FL,TSS,Outflow,437
4.0,-1290174122_FL,TSS,Outflow,437
7.099999904632568,-1290174122_FL,TSS,Outflow,437
30.79999923706055,-1290174122_FL,TSS,Outflow,437
3.0,-1290174122_FL,TSS,Outflow,437
5.0,-1290174122_FL,TSS,Outflow,438
15.0,-1290174122_FL,TSS,Outflow,438
23.0,-1290174122_FL,TSS,Outflow,438
6.0,-1290174122_FL,TSS,Outflow,438
4.0,-1290174122_FL,TSS,Outflow,438
8.0,-1290174122_FL,TSS,Outflow,439
7.099999904632568,-1290174122_FL,TSS,Outflow,439
2.0,-1290174122_FL,TSS,Outflow,439
12.10000038146973,-1290174122_FL,TSS,Outflow,439
5.699999809265137,-1290174122_FL,TSS,Outflow,439
6.0,-1290174122_FL,TSS,Outflow,440
7.599999904632568,-1290174122_FL,TSS,Outflow,440
7.0,-1290174122_FL,TSS,Outflow,440
5.0,-1290174122_FL,TSS,Outflow,440
10.69999980926514,-1290174122_FL,TSS,Outflow,440
2.0,-1290174122_FL,TSS,Outflow,441
5.699999809265137,-1290174122_FL,TSS,Outflow,441
1.0,-1290174122_FL,TSS,Outflow,441
10.0,-1290174122_FL,TSS,Outflow,441
12.39999961853027,-1290174122_FL,TSS,Outflow,441
3.0,-1290174122_FL,TSS,Outflow,442
49.29999923706055,-1290174122_FL,TSS,Outflow,442
5.0,-1290174122_FL,TSS,Outflow,442
4.0,-1290174122_FL,TSS,Outflow,442
3.0,-1290174122_FL,TSS,Outflow,442
4.0,-1290174122_FL,TSS,Outflow,443
9.899999618530273,-1290174122_FL,TSS,Outflow,443
8.0,-1290174122_FL,TSS,Outflow,443
5.699999809265137,-1290174122_FL,TSS,Outflow,443
16.0,-1290174122_FL,TSS,Outflow,443
2.0,-1290174122_FL,TSS,Outflow,444
7.0,-1290174122_FL,TSS,Outflow,444
3.0,-1290174122_FL,TSS,Outflow,444
12.10000038146973,-1290174122_FL,TSS,Outflow,444
20.70000076293945,-1290174122_FL,TSS,Outflow,444
3.0,-1290174122_FL,TSS,Outflow,445
10.69999980926514,-1290174122_FL,TSS,Outflow,445
2.0,-1290174122_FL,TSS,Outflow,445
7.099999904632568,-1290174122_FL,TSS,Outflow,445
49.29999923706055,-1290174122_FL,TSS,Outflow,445
19.0,-1290174122_FL,TSS,Outflow,446
9.699999809265137,-1290174122_FL,TSS,Outflow,446
7.900000095367432,-1290174122_FL,TSS,Outflow,446
10.69999980926514,-1290174122_FL,TSS,Outflow,446
3.0,-1290174122_FL,TSS,Outflow,446
7.099999904632568,-1290174122_FL,TSS,Outflow,447
3.0,-1290174122_FL,TSS,Outflow,447
7.0,-1290174122_FL,TSS,Outflow,447
2.0,-1290174122_FL,TSS,Outflow,447
7.099999904632568,-1290174122_FL,TSS,Outflow,447
2.0,-1290174122_FL,TSS,Outflow,448
4.0,-1290174122_FL,TSS,Outflow,448
6.0,-1290174122_FL,TSS,Outflow,448
20.70000076293945,-1290174122_FL,TSS,Outflow,448
10.0,-1290174122_FL,TSS,Outflow,448
12.10000038146973,-1290174122_FL,TSS,Outflow,449
28.0,-1290174122_FL,TSS,Outflow,449
9.0,-1290174122_FL,TSS,Outflow,449
9.600000381469727,-1290174122_FL,TSS,Outflow,449
3.0,-1290174122_FL,TSS,Outflow,449
1.0,-1290174122_FL,TSS,Outflow,450
3.0,-1290174122_FL,TSS,Outflow,450
28.0,-1290174122_FL,TSS,Outflow,450
3.0,-1290174122_FL,TSS,Outflow,450
3.0,-1290174122_FL,TSS,Outflow,450
20.70000076293945,-1290174122_FL,TSS,Outflow,451
8.0,-1290174122_FL,TSS,Outflow,451
12.39999961853027,-1290174122_FL,TSS,Outflow,451
2.0,-1290174122_FL,TSS,Outflow,451
1.0,-1290174122_FL,TSS,Outflow,451
29.39999961853027,-1290174122_FL,TSS,Outflow,452
19.0,-1290174122_FL,TSS,Outflow,452
3.0,-1290174122_FL,TSS,Outflow,452
15.0,-1290174122_FL,TSS,Outflow,452
1.0,-1290174122_FL,TSS,Outflow,452
9.699999809265137,-1290174122_FL,TSS,Outflow,453
47.0,-1290174122_FL,TSS,Outflow,453
1.0,-1290174122_FL,TSS,Outflow,453
5.0,-1290174122_FL,TSS,Outflow,453
19.0,-1290174122_FL,TSS,Outflow,453
16.0,-1290174122_FL,TSS,Outflow,454
10.0,-1290174122_FL,TSS,Outflow,454
20.70000076293945,-1290174122_FL,TSS,Outflow,454
16.5,-1290174122_FL,TSS,Outflow,454
15.89999961853027,-1290174122_FL,TSS,Outflow,454
12.10000038146973,-1290174122_FL,TSS,Outflow,455
4.0,-1290174122_FL,TSS,Outflow,455
3.0,-1290174122_FL,TSS,Outflow,455
13.69999980926514,-1290174122_FL,TSS,Outflow,455
7.0,-1290174122_FL,TSS,Outflow,455
9.0,-1290174122_FL,TSS,Outflow,456
16.0,-1290174122_FL,TSS,Outflow,456
20.29999923706055,-1290174122_FL,TSS,Outflow,456
12.5,-1290174122_FL,TSS,Outflow,456
3.0,-1290174122_FL,TSS,Outflow,456
29.39999961853027,-1290174122_FL,TSS,Outflow,457
5.0,-1290174122_FL,TSS,Outflow,457
16.60000038146973,-1290174122_FL,TSS,Outflow,457
8.0,-1290174122_FL,TSS,Outflow,457
8.0,-1290174122_FL,TSS,Outflow,457
1.0,-1290174122_FL,TSS,Outflow,458
5.0,-1290174122_FL,TSS,Outflow,458
5.0,-1290174122_FL,TSS,Outflow,458
3.0,-1290174122_FL,TSS,Outflow,458
30.79999923706055,-1290174122_FL,TSS,Outflow,458
0.02999999932944775,-1290174122_FL,TSS,Outflow,459
16.0,-1290174122_FL,TSS,Outflow,459
5.099999904632568,-1290174122_FL,TSS,Outflow,459
16.70000076293945,-1290174122_FL,TSS,Outflow,459
3.0,-1290174122_FL,TSS,Outflow,459
3.0,-1290174122_FL,TSS,Outflow,460
3.0,-1290174122_FL,TSS,Outflow,460
13.69999980926514,-1290174122_FL,TSS,Outflow,460
1.0,-1290174122_FL,TSS,Outflow,460
49.29999923706055,-1290174122_FL,TSS,Outflow,460
16.0,-1290174122_FL,TSS,Outflow,461
3.0,-1290174122_FL,TSS,Outflow,461
13.69999980926514,-1290174122_FL,TSS,Outflow,461
8.0,-1290174122_FL,TSS,Outflow,461
10.69999980926514,-1290174122_FL,TSS,Outflow,461
5.0,-1290174122_FL,TSS,Outflow,462
20.70000076293945,-1290174122_FL,TSS,Outflow,462
16.70000076293945,-1290174122_FL,TSS,Outflow,462
3.0,-1290174122_FL,TSS,Outflow,462
3.0,-1290174122_FL,TSS,Outflow,462
9.899999618530273,-1290174122_FL,TSS,Outflow,463
4.0,-1290174122_FL,TSS,Outflow,463
9.0,-1290174122_FL,TSS,Outflow,463
23.0,-1290174122_FL,TSS,Outflow,463
8.0,-1290174122_FL,TSS,Outflow,463
11.0,-1290174122_FL,TSS,Outflow,464
3.0,-1290174122_FL,TSS,Outflow,464
15.0,-1290174122_FL,TSS,Outflow,464
16.70000076293945,-1290174122_FL,TSS,Outflow,464
4.0,-1290174122_FL,TSS,Outflow,464
5.0,-1290174122_FL,TSS,Outflow,465
3.0,-1290174122_FL,TSS,Outflow,465
3.0,-1290174122_FL,TSS,Outflow,465
2.0,-1290174122_FL,TSS,Outflow,465
20.29999923706055,-1290174122_FL,TSS,Outflow,465
3.0,-1290174122_FL,TSS,Outflow,466
2.0,-1290174122_FL,TSS,Outflow,466
16.60000038146973,-1290174122_FL,TSS,Outflow,466
3.0,-1290174122_FL,TSS,Outflow,466
9.899999618530273,-1290174122_FL,TSS,Outflow,466
9.100000381469727,-1290174122_FL,TSS,Outflow,467
9.5,-1290174122_FL,TSS,Outflow,467
4.0,-1290174122_FL,TSS,Outflow,467
12.5,-1290174122_FL,TSS,Outflow,467
2.0,-1290174122_FL,TSS,Outflow,467
20.29999923706055,-1290174122_FL,TSS,Outflow,468
10.0,-1290174122_FL,TSS,Outflow,468
2.0,-1290174122_FL,TSS,Outflow,468
4.0,-1290174122_FL,TSS,Outflow,468
49.29999923706055,-1290174122_FL,TSS,Outflow,468
15.0,-1290174122_FL,TSS,Outflow,469
4.0,-1290174122_FL,TSS,Outflow,469
3.0,-1290174122_FL,TSS,Outflow,469
8.0,-1290174122_FL,TSS,Outflow,469
16.0,-1290174122_FL,TSS,Outflow,469
3.0,-1290174122_FL,TSS,Outflow,470
4.0,-1290174122_FL,TSS,Outflow,470
5.0,-1290174122_FL,TSS,Outflow,470
10.69999980926514,-1290174122_FL,TSS,Outflow,470
19.0,-1290174122_FL,TSS,Outflow,470
3.0,-1290174122_FL,TSS,Outflow,471
4.0,-1290174122_FL,TSS,Outflow,471
3.0,-1290174122_FL,TSS,Outflow,471
7.099999904632568,-1290174122_FL,TSS,Outflow,471
3.0,-1290174122_FL,TSS,Outflow,471
16.60000038146973,-1290174122_FL,TSS,Outflow,472
15.0,-1290174122_FL,TSS,Outflow,472
10.0,-1290174122_FL,TSS,Outflow,472
8.0,-1290174122_FL,TSS,Outflow,472
3.0,-1290174122_FL,TSS,Outflow,472
9.100000381469727,-1290174122_FL,TSS,Outflow,473
1.0,-1290174122_FL,TSS,Outflow,473
3.0,-1290174122_FL,TSS,Outflow,473
7.099999904632568,-1290174122_FL,TSS,Outflow,473
23.0,-1290174122_FL,TSS,Outflow,473
2.0,-1290174122_FL,TSS,Outflow,474
10.0,-1290174122_FL,TSS,Outflow,474
3.0,-1290174122_FL,TSS,Outflow,474
1.0,-1290174122_FL,TSS,Outflow,474
2.0,-1290174122_FL,TSS,Outflow,474
12.39999961853027,-1290174122_FL,TSS,Outflow,475
13.69999980926514,-1290174122_FL,TSS,Outflow,475
3.0,-1290174122_FL,TSS,Outflow,475
5.0,-1290174122_FL,TSS,Outflow,475
10.0,-1290174122_FL,TSS,Outflow,475
5.0,-1290174122_FL,TSS,Outflow,476
7.099999904632568,-1290174122_FL,TSS,Outflow,476
10.5,-1290174122_FL,TSS,Outflow,476
19.0,-1290174122_FL,TSS,Outflow,476
0.02999999932944775,-1290174122_FL,TSS,Outflow,476
3.0,-1290174122_FL,TSS,Outflow,477
47.0,-1290174122_FL,TSS,Outflow,477
7.099999904632568,-1290174122_FL,TSS,Outflow,477
5.099999904632568,-1290174122_FL,TSS,Outflow,477
5.300000190734863,-1290174122_FL,TSS,Outflow,477
3.0,-1290174122_FL,TSS,Outflow,478
19.0,-1290174122_FL,TSS,Outflow,478
3.0,-1290174122_FL,TSS,Outflow,478
7.599999904632568,-1290174122_FL,TSS,Outflow,478
30.79999923706055,-1290174122_FL,TSS,Outflow,478
4.0,-1290174122_FL,TSS,Outflow,479
9.0,-1290174122_FL,TSS,Outflow,479
3.0,-1290174122_FL,TSS,Outflow,479
16.60000038146973,-1290174122_FL,TSS,Outflow,479
7.0,-1290174122_FL,TSS,Outflow,479
6.0,-1290174122_FL,TSS,Outflow,480
7.0,-1290174122_FL,TSS,Outflow,480
1.0,-1290174122_FL,TSS,Outflow,480
5.0,-1290174122_FL,TSS,Outflow,480
16.0,-1290174122_FL,TSS,Outflow,480
20.70000076293945,-1290174122_FL,TSS,Outflow,481
30.79999923706055,-1290174122_FL,TSS,Outflow,481
10.69999980926514,-1290174122_FL,TSS,Outflow,481
3.0,-1290174122_FL,TSS,Outflow,481
6.0,-1290174122_FL,TSS,Outflow,481
3.0,-1290174122_FL,TSS,Outflow,482
7.099999904632568,-1290174122_FL,TSS,Outflow,482
5.300000190734863,-1290174122_FL,TSS,Outflow,482
16.0,-1290174122_FL,TSS,Outflow,482
8.0,-1290174122_FL,TSS,Outflow,482
3.0,-1290174122_FL,TSS,Outflow,483
16.60000038146973,-1290174122_FL,TSS,Outflow,483
2.0,-1290174122_FL,TSS,Outflow,483
28.0,-1290174122_FL,TSS,Outflow,483
3.0,-1290174122_FL,TSS,Outflow,483
5.300000190734863,-1290174122_FL,TSS,Outflow,484
2.0,-1290174122_FL,TSS,Outflow,484
7.599999904632568,-1290174122_FL,TSS,Outflow,484
28.0,-1290174122_FL,TSS,Outflow,484
3.0,-1290174122_FL,TSS,Outflow,484
15.0,-1290174122_FL,TSS,Outflow,485
12.10000038146973,-1290174122_FL,TSS,Outflow,485
5.0,-1290174122_FL,TSS,Outflow,485
5.099999904632568,-1290174122_FL,TSS,Outflow,485
7.099999904632568,-1290174122_FL,TSS,Outflow,485
16.70000076293945,-1290174122_FL,TSS,Outflow,486
20.70000076293945,-1290174122_FL,TSS,Outflow,486
0.02999999932944775,-1290174122_FL,TSS,Outflow,486
11.0,-1290174122_FL,TSS,Outflow,486
4.0,-1290174122_FL,TSS,Outflow,486
20.29999923706055,-1290174122_FL,TSS,Outflow,487
8.0,-1290174122_FL,TSS,Outflow,487
13.69999980926514,-1290174122_FL,TSS,Outflow,487
15.0,-1290174122_FL,TSS,Outflow,487
7.099999904632568,-1290174122_FL,TSS,Outflow,487
7.099999904632568,-1290174122_FL,TSS,Outflow,488
3.0,-1290174122_FL,TSS,Outflow,488
16.70000076293945,-1290174122_FL,TSS,Outflow,488
7.5,-1290174122_FL,TSS,Outflow,488
2.0,-1290174122_FL,TSS,Outflow,488
5.0,-1290174122_FL,TSS,Outflow,489
28.0,-1290174122_FL,TSS,Outflow,489
8.0,-1290174122_FL,TSS,Outflow,489
13.69999980926514,-1290174122_FL,TSS,Outflow,489
16.0,-1290174122_FL,TSS,Outflow,489
3.0,-1290174122_FL,TSS,Outflow,490
4.0,-1290174122_FL,TSS,Outflow,490
5.0,-1290174122_FL,TSS,Outflow,490
16.0,-1290174122_FL,TSS,Outflow,490
0.02999999932944775,-1290174122_FL,TSS,Outflow,490
5.0,-1290174122_FL,TSS,Outflow,491
5.0,-1290174122_FL,TSS,Outflow,491
23.0,-1290174122_FL,TSS,Outflow,491
1.0,-1290174122_FL,TSS,Outflow,491
3.0,-1290174122_FL,TSS,Outflow,491
2.0,-1290174122_FL,TSS,Outflow,492
5.099999904632568,-1290174122_FL,TSS,Outflow,492
7.0,-1290174122_FL,TSS,Outflow,492
3.0,-1290174122_FL,TSS,Outflow,492
4.0,-1290174122_FL,TSS,Outflow,492
4.0,-1290174122_FL,TSS,Outflow,493
3.0,-1290174122_FL,TSS,Outflow,493
0.02999999932944775,-1290174122_FL,TSS,Outflow,493
7.900000095367432,-1290174122_FL,TSS,Outflow,493
10.5,-1290174122_FL,TSS,Outflow,493
3.0,-1290174122_FL,TSS,Outflow,494
29.39999961853027,-1290174122_FL,TSS,Outflow,494
10.0,-1290174122_FL,TSS,Outflow,494
12.10000038146973,-1290174122_FL,TSS,Outflow,494
5.300000190734863,-1290174122_FL,TSS,Outflow,494
9.100000381469727,-1290174122_FL,TSS,Outflow,495
2.0,-1290174122_FL,TSS,Outflow,495
8.0,-1290174122_FL,TSS,Outflow,495
5.0,-1290174122_FL,TSS,Outflow,495
5.699999809265137,-1290174122_FL,TSS,Outflow,495
5.0,-1290174122_FL,TSS,Outflow,496
7.300000190734863,-1290174122_FL,TSS,Outflow,496
16.0,-1290174122_FL,TSS,Outflow,496
16.0,-1290174122_FL,TSS,Outflow,496
3.0,-1290174122_FL,TSS,Outflow,496
8.0,-1290174122_FL,TSS,Outflow,497
13.69999980926514,-1290174122_FL,TSS,Outflow,497
5.0,-1290174122_FL,TSS,Outflow,497
6.0,-1290174122_FL,TSS,Outflow,497
3.0,-1290174122_FL,TSS,Outflow,497
7.0,-1290174122_FL,TSS,Outflow,498
16.0,-1290174122_FL,TSS,Outflow,498
16.70000076293945,-1290174122_FL,TSS,Outflow,498
9.600000381469727,-1290174122_FL,TSS,Outflow,498
19.0,-1290174122_FL,TSS,Outflow,498
30.79999923706055,-1290174122_FL,TSS,Outflow,499
23.0,-1290174122_FL,TSS,Outflow,499
3.0,-1290174122_FL,TSS,Outflow,499
3.0,-1290174122_FL,TSS,Outflow,499
12.10000038146973,-1290174122_FL,TSS,Outflow,499
7.599999904632568,-1290174122_FL,TSS,Outflow,500
4.0,-1290174122_FL,TSS,Outflow,500
47.0,-1290174122_FL,TSS,Outflow,500
5.0,-1290174122_FL,TSS,Outflow,500
16.60000038146973,-1290174122_FL,TSS,Outflow,500
