EMC,Location,Analyte,Flow,Run
10.5,-1290174122_FL,TSS,Outflow,1
12.10000038146973,-1290174122_FL,TSS,Outflow,1
3.0,-1290174122_FL,TSS,Outflow,1
30.79999923706055,-1290174122_FL,TSS,Outflow,1
3.0,-1290174122_FL,TSS,Outflow,1
9.100000381469727,-1290174122_FL,TSS,Outflow,2
4.0,-1290174122_FL,TSS,Outflow,2
4.0,-1290174122_FL,TSS,Outflow,2
3.0,-1290174122_FL,TSS,Outflow,2
10.0,-1290174122_FL,TSS,Outflow,2
9.5,-1290174122_FL,TSS,Outflow,3
13.69999980926514,-1290174122_FL,TSS,Outflow,3
5.0,-1290174122_FL,TSS,Outflow,3
6.0,-1290174122_FL,TSS,Outflow,3
9.600000381469727,-1290174122_FL,TSS,Outflow,3
7.900000095367432,-1290174122_FL,TSS,Outflow,4
5.0,-1290174122_FL,TSS,Outflow,4
8.0,-1290174122_FL,TSS,Outflow,4
4.0,-1290174122_FL,TSS,Outflow,4
7.300000190734863,-1290174122_FL,TSS,Outflow,4
1.0,-1290174122_FL,TSS,Outflow,5
3.0,-1290174122_FL,TSS,Outflow,5
6.0,-1290174122_FL,TSS,Outflow,5
8.0,-1290174122_FL,TSS,Outflow,5
3.0,-1290174122_FL,TSS,Outflow,5
5.699999809265137,-1290174122_FL,TSS,Outflow,6
28.0,-1290174122_FL,TSS,Outflow,6
4.0,-1290174122_FL,TSS,Outflow,6
4.0,-1290174122_FL,TSS,Outflow,6
5.0,-1290174122_FL,TSS,Outflow,6
3.0,-1290174122_FL,TSS,Outflow,7
7.5,-1290174122_FL,TSS,Outflow,7
5.0,-1290174122_FL,TSS,Outflow,7
2.0,-1290174122_FL,TSS,Outflow,7
19.0,-1290174122_FL,TSS,Outflow,7
6.0,-1290174122_FL,TSS,Outflow,8
3.0,-1290174122_FL,TSS,Outflow,8
10.5,-1290174122_FL,TSS,Outflow,8
12.5,-1290174122_FL,TSS,Outflow,8
4.0,-1290174122_FL,TSS,Outflow,8
4.0,-1290174122_FL,TSS,Outflow,9
20.29999923706055,-1290174122_FL,TSS,Outflow,9
7.0,-1290174122_FL,TSS,Outflow,9
23.0,-1290174122_FL,TSS,Outflow,9
5.0,-1290174122_FL,TSS,Outflow,9
12.39999961853027,-1290174122_FL,TSS,Outflow,10
1.0,-1290174122_FL,TSS,Outflow,10
5.0,-1290174122_FL,TSS,Outflow,10
1.0,-1290174122_FL,TSS,Outflow,10
7.599999904632568,-1290174122_FL,TSS,Outflow,10
3.0,-1290174122_FL,TSS,Outflow,11
29.39999961853027,-1290174122_FL,TSS,Outflow,11
8.0,-1290174122_FL,TSS,Outflow,11
7.0,-1290174122_FL,TSS,Outflow,11
20.29999923706055,-1290174122_FL,TSS,Outflow,11
16.70000076293945,-1290174122_FL,TSS,Outflow,12
49.29999923706055,-1290174122_FL,TSS,Outflow,12
1.0,-1290174122_FL,TSS,Outflow,12
3.0,-1290174122_FL,TSS,Outflow,12
15.89999961853027,-1290174122_FL,TSS,Outflow,12
5.0,-1290174122_FL,TSS,Outflow,13
16.0,-1290174122_FL,TSS,Outflow,13
3.0,-1290174122_FL,TSS,Outflow,13
7.0,-1290174122_FL,TSS,Outflow,13
10.5,-1290174122_FL,TSS,Outflow,13
9.899999618530273,-1290174122_FL,TSS,Outflow,14
30.79999923706055,-1290174122_FL,TSS,Outflow,14
2.0,-1290174122_FL,TSS,Outflow,14
6.0,-1290174122_FL,TSS,Outflow,14
4.0,-1290174122_FL,TSS,Outflow,14
9.899999618530273,-1290174122_FL,TSS,Outflow,15
3.0,-1290174122_FL,TSS,Outflow,15
7.099999904632568,-1290174122_FL,TSS,Outflow,15
9.0,-1290174122_FL,TSS,Outflow,15
6.0,-1290174122_FL,TSS,Outflow,15
3.0,-1290174122_FL,TSS,Outflow,16
15.0,-1290174122_FL,TSS,Outflow,16
2.0,-1290174122_FL,TSS,Outflow,16
3.0,-1290174122_FL,TSS,Outflow,16
5.0,-1290174122_FL,TSS,Outflow,16
3.0,-1290174122_FL,TSS,Outflow,17
2.0,-1290174122_FL,TSS,Outflow,17
15.0,-1290174122_FL,TSS,Outflow,17
5.0,-1290174122_FL,TSS,Outflow,17
2.0,-1290174122_FL,TSS,Outflow,17
29.39999961853027,-1290174122_FL,TSS,Outflow,18
5.699999809265137,-1290174122_FL,TSS,Outflow,18
8.0,-1290174122_FL,TSS,Outflow,18
4.0,-1290174122_FL,TSS,Outflow,18
2.0,-1290174122_FL,TSS,Outflow,18
30.79999923706055,-1290174122_FL,TSS,Outflow,19
4.0,-1290174122_FL,TSS,Outflow,19
13.69999980926514,-1290174122_FL,TSS,Outflow,19
8.0,-1290174122_FL,TSS,Outflow,19
19.0,-1290174122_FL,TSS,Outflow,19
9.100000381469727,-1290174122_FL,TSS,Outflow,20
3.0,-1290174122_FL,TSS,Outflow,20
2.0,-1290174122_FL,TSS,Outflow,20
8.0,-1290174122_FL,TSS,Outflow,20
16.60000038146973,-1290174122_FL,TSS,Outflow,20
15.89999961853027,-1290174122_FL,TSS,Outflow,21
16.5,-1290174122_FL,TSS,Outflow,21
13.69999980926514,-1290174122_FL,TSS,Outflow,21
2.0,-1290174122_FL,TSS,Outflow,21
7.5,-1290174122_FL,TSS,Outflow,21
5.0,-1290174122_FL,TSS,Outflow,22
7.099999904632568,-1290174122_FL,TSS,Outflow,22
16.0,-1290174122_FL,TSS,Outflow,22
30.79999923706055,-1290174122_FL,TSS,Outflow,22
4.0,-1290174122_FL,TSS,Outflow,22
3.0,-1290174122_FL,TSS,Outflow,23
10.69999980926514,-1290174122_FL,TSS,Outflow,23
47.0,-1290174122_FL,TSS,Outflow,23
5.0,-1290174122_FL,TSS,Outflow,23
29.39999961853027,-1290174122_FL,TSS,Outflow,23
12.5,-1290174122_FL,TSS,Outflow,24
1.0,-1290174122_FL,TSS,Outflow,24
2.0,-1290174122_FL,TSS,Outflow,24
7.900000095367432,-1290174122_FL,TSS,Outflow,24
7.300000190734863,-1290174122_FL,TSS,Outflow,24
2.0,-1290174122_FL,TSS,Outflow,25
29.39999961853027,-1290174122_FL,TSS,Outflow,25
30.79999923706055,-1290174122_FL,TSS,Outflow,25
23.0,-1290174122_FL,TSS,Outflow,25
15.0,-1290174122_FL,TSS,Outflow,25
19.0,-1290174122_FL,TSS,Outflow,26
2.0,-1290174122_FL,TSS,Outflow,26
20.70000076293945,-1290174122_FL,TSS,Outflow,26
16.0,-1290174122_FL,TSS,Outflow,26
7.0,-1290174122_FL,TSS,Outflow,26
5.300000190734863,-1290174122_FL,TSS,Outflow,27
12.39999961853027,-1290174122_FL,TSS,Outflow,27
3.0,-1290174122_FL,TSS,Outflow,27
9.100000381469727,-1290174122_FL,TSS,Outflow,27
3.0,-1290174122_FL,TSS,Outflow,27
3.0,-1290174122_FL,TSS,Outflow,28
5.0,-1290174122_FL,TSS,Outflow,28
11.5,-1290174122_FL,TSS,Outflow,28
20.70000076293945,-1290174122_FL,TSS,Outflow,28
7.099999904632568,-1290174122_FL,TSS,Outflow,28
3.0,-1290174122_FL,TSS,Outflow,29
8.0,-1290174122_FL,TSS,Outflow,29
9.600000381469727,-1290174122_FL,TSS,Outflow,29
8.0,-1290174122_FL,TSS,Outflow,29
29.39999961853027,-1290174122_FL,TSS,Outflow,29
16.0,-1290174122_FL,TSS,Outflow,30
9.699999809265137,-1290174122_FL,TSS,Outflow,30
9.600000381469727,-1290174122_FL,TSS,Outflow,30
7.0,-1290174122_FL,TSS,Outflow,30
5.099999904632568,-1290174122_FL,TSS,Outflow,30
3.0,-1290174122_FL,TSS,Outflow,31
47.0,-1290174122_FL,TSS,Outflow,31
7.300000190734863,-1290174122_FL,TSS,Outflow,31
16.0,-1290174122_FL,TSS,Outflow,31
2.0,-1290174122_FL,TSS,Outflow,31
7.099999904632568,-1290174122_FL,TSS,Outflow,32
5.0,-1290174122_FL,TSS,Outflow,32
5.300000190734863,-1290174122_FL,TSS,Outflow,32
0.02999999932944775,-1290174122_FL,TSS,Outflow,32
30.79999923706055,-1290174122_FL,TSS,Outflow,32
47.0,-1290174122_FL,TSS,Outflow,33
5.0,-1290174122_FL,TSS,Outflow,33
3.0,-1290174122_FL,TSS,Outflow,33
5.300000190734863,-1290174122_FL,TSS,Outflow,33
5.0,-1290174122_FL,TSS,Outflow,33
3.0,-1290174122_FL,TSS,Outflow,34
7.099999904632568,-1290174122_FL,TSS,Outflow,34
3.0,-1290174122_FL,TSS,Outflow,34
7.0,-1290174122_FL,TSS,Outflow,34
10.0,-1290174122_FL,TSS,Outflow,34
3.0,-1290174122_FL,TSS,Outflow,35
11.0,-1290174122_FL,TSS,Outflow,35
9.699999809265137,-1290174122_FL,TSS,Outflow,35
8.0,-1290174122_FL,TSS,Outflow,35
3.0,-1290174122_FL,TSS,Outflow,35
3.0,-1290174122_FL,TSS,Outflow,36
3.0,-1290174122_FL,TSS,Outflow,36
16.0,-1290174122_FL,TSS,Outflow,36
16.5,-1290174122_FL,TSS,Outflow,36
2.0,-1290174122_FL,TSS,Outflow,36
47.0,-1290174122_FL,TSS,Outflow,37
4.0,-1290174122_FL,TSS,Outflow,37
0.02999999932944775,-1290174122_FL,TSS,Outflow,37
11.0,-1290174122_FL,TSS,Outflow,37
4.0,-1290174122_FL,TSS,Outflow,37
7.300000190734863,-1290174122_FL,TSS,Outflow,38
5.0,-1290174122_FL,TSS,Outflow,38
6.0,-1290174122_FL,TSS,Outflow,38
7.0,-1290174122_FL,TSS,Outflow,38
28.0,-1290174122_FL,TSS,Outflow,38
15.0,-1290174122_FL,TSS,Outflow,39
16.5,-1290174122_FL,TSS,Outflow,39
1.0,-1290174122_FL,TSS,Outflow,39
7.099999904632568,-1290174122_FL,TSS,Outflow,39
3.0,-1290174122_FL,TSS,Outflow,39
3.0,-1290174122_FL,TSS,Outflow,40
8.0,-1290174122_FL,TSS,Outflow,40
16.60000038146973,-1290174122_FL,TSS,Outflow,40
16.0,-1290174122_FL,TSS,Outflow,40
7.599999904632568,-1290174122_FL,TSS,Outflow,40
6.0,-1290174122_FL,TSS,Outflow,41
10.0,-1290174122_FL,TSS,Outflow,41
5.0,-1290174122_FL,TSS,Outflow,41
3.0,-1290174122_FL,TSS,Outflow,41
2.0,-1290174122_FL,TSS,Outflow,41
47.0,-1290174122_FL,TSS,Outflow,42
5.0,-1290174122_FL,TSS,Outflow,42
5.300000190734863,-1290174122_FL,TSS,Outflow,42
49.29999923706055,-1290174122_FL,TSS,Outflow,42
6.0,-1290174122_FL,TSS,Outflow,42
1.0,-1290174122_FL,TSS,Outflow,43
7.099999904632568,-1290174122_FL,TSS,Outflow,43
0.02999999932944775,-1290174122_FL,TSS,Outflow,43
3.0,-1290174122_FL,TSS,Outflow,43
5.0,-1290174122_FL,TSS,Outflow,43
5.099999904632568,-1290174122_FL,TSS,Outflow,44
15.0,-1290174122_FL,TSS,Outflow,44
20.70000076293945,-1290174122_FL,TSS,Outflow,44
3.0,-1290174122_FL,TSS,Outflow,44
19.0,-1290174122_FL,TSS,Outflow,44
2.0,-1290174122_FL,TSS,Outflow,45
23.0,-1290174122_FL,TSS,Outflow,45
3.0,-1290174122_FL,TSS,Outflow,45
4.0,-1290174122_FL,TSS,Outflow,45
6.0,-1290174122_FL,TSS,Outflow,45
7.300000190734863,-1290174122_FL,TSS,Outflow,46
3.0,-1290174122_FL,TSS,Outflow,46
47.0,-1290174122_FL,TSS,Outflow,46
5.0,-1290174122_FL,TSS,Outflow,46
2.0,-1290174122_FL,TSS,Outflow,46
9.0,-1290174122_FL,TSS,Outflow,47
20.29999923706055,-1290174122_FL,TSS,Outflow,47
9.699999809265137,-1290174122_FL,TSS,Outflow,47
3.0,-1290174122_FL,TSS,Outflow,47
29.39999961853027,-1290174122_FL,TSS,Outflow,47
5.699999809265137,-1290174122_FL,TSS,Outflow,48
9.100000381469727,-1290174122_FL,TSS,Outflow,48
2.0,-1290174122_FL,TSS,Outflow,48
23.0,-1290174122_FL,TSS,Outflow,48
19.0,-1290174122_FL,TSS,Outflow,48
3.0,-1290174122_FL,TSS,Outflow,49
3.0,-1290174122_FL,TSS,Outflow,49
10.69999980926514,-1290174122_FL,TSS,Outflow,49
2.0,-1290174122_FL,TSS,Outflow,49
11.0,-1290174122_FL,TSS,Outflow,49
47.0,-1290174122_FL,TSS,Outflow,50
19.0,-1290174122_FL,TSS,Outflow,50
11.5,-1290174122_FL,TSS,Outflow,50
23.0,-1290174122_FL,TSS,Outflow,50
3.0,-1290174122_FL,TSS,Outflow,50
4.0,-1290174122_FL,TSS,Outflow,51
3.0,-1290174122_FL,TSS,Outflow,51
9.699999809265137,-1290174122_FL,TSS,Outflow,51
11.0,-1290174122_FL,TSS,Outflow,51
16.70000076293945,-1290174122_FL,TSS,Outflow,51
8.0,-1290174122_FL,TSS,Outflow,52
5.0,-1290174122_FL,TSS,Outflow,52
3.0,-1290174122_FL,TSS,Outflow,52
16.60000038146973,-1290174122_FL,TSS,Outflow,52
5.099999904632568,-1290174122_FL,TSS,Outflow,52
5.0,-1290174122_FL,TSS,Outflow,53
8.0,-1290174122_FL,TSS,Outflow,53
9.5,-1290174122_FL,TSS,Outflow,53
8.0,-1290174122_FL,TSS,Outflow,53
12.39999961853027,-1290174122_FL,TSS,Outflow,53
5.0,-1290174122_FL,TSS,Outflow,54
6.0,-1290174122_FL,TSS,Outflow,54
4.0,-1290174122_FL,TSS,Outflow,54
7.099999904632568,-1290174122_FL,TSS,Outflow,54
12.39999961853027,-1290174122_FL,TSS,Outflow,54
3.0,-1290174122_FL,TSS,Outflow,55
12.10000038146973,-1290174122_FL,TSS,Outflow,55
9.100000381469727,-1290174122_FL,TSS,Outflow,55
5.0,-1290174122_FL,TSS,Outflow,55
11.5,-1290174122_FL,TSS,Outflow,55
12.10000038146973,-1290174122_FL,TSS,Outflow,56
28.0,-1290174122_FL,TSS,Outflow,56
11.5,-1290174122_FL,TSS,Outflow,56
2.0,-1290174122_FL,TSS,Outflow,56
5.0,-1290174122_FL,TSS,Outflow,56
9.100000381469727,-1290174122_FL,TSS,Outflow,57
3.0,-1290174122_FL,TSS,Outflow,57
23.0,-1290174122_FL,TSS,Outflow,57
10.0,-1290174122_FL,TSS,Outflow,57
9.600000381469727,-1290174122_FL,TSS,Outflow,57
2.0,-1290174122_FL,TSS,Outflow,58
11.0,-1290174122_FL,TSS,Outflow,58
3.0,-1290174122_FL,TSS,Outflow,58
10.0,-1290174122_FL,TSS,Outflow,58
10.69999980926514,-1290174122_FL,TSS,Outflow,58
5.0,-1290174122_FL,TSS,Outflow,59
3.0,-1290174122_FL,TSS,Outflow,59
7.900000095367432,-1290174122_FL,TSS,Outflow,59
49.29999923706055,-1290174122_FL,TSS,Outflow,59
12.5,-1290174122_FL,TSS,Outflow,59
6.0,-1290174122_FL,TSS,Outflow,60
3.0,-1290174122_FL,TSS,Outflow,60
8.0,-1290174122_FL,TSS,Outflow,60
2.0,-1290174122_FL,TSS,Outflow,60
30.79999923706055,-1290174122_FL,TSS,Outflow,60
0.02999999932944775,-1290174122_FL,TSS,Outflow,61
5.0,-1290174122_FL,TSS,Outflow,61
8.0,-1290174122_FL,TSS,Outflow,61
9.899999618530273,-1290174122_FL,TSS,Outflow,61
4.0,-1290174122_FL,TSS,Outflow,61
5.0,-1290174122_FL,TSS,Outflow,62
3.0,-1290174122_FL,TSS,Outflow,62
2.0,-1290174122_FL,TSS,Outflow,62
3.0,-1290174122_FL,TSS,Outflow,62
2.0,-1290174122_FL,TSS,Outflow,62
8.0,-1290174122_FL,TSS,Outflow,63
16.0,-1290174122_FL,TSS,Outflow,63
7.099999904632568,-1290174122_FL,TSS,Outflow,63
3.0,-1290174122_FL,TSS,Outflow,63
8.0,-1290174122_FL,TSS,Outflow,63
15.89999961853027,-1290174122_FL,TSS,Outflow,64
7.0,-1290174122_FL,TSS,Outflow,64
2.0,-1290174122_FL,TSS,Outflow,64
7.300000190734863,-1290174122_FL,TSS,Outflow,64
5.699999809265137,-1290174122_FL,TSS,Outflow,64
3.0,-1290174122_FL,TSS,Outflow,65
4.0,-1290174122_FL,TSS,Outflow,65
3.0,-1290174122_FL,TSS,Outflow,65
3.0,-1290174122_FL,TSS,Outflow,65
8.0,-1290174122_FL,TSS,Outflow,65
7.5,-1290174122_FL,TSS,Outflow,66
2.0,-1290174122_FL,TSS,Outflow,66
15.89999961853027,-1290174122_FL,TSS,Outflow,66
3.0,-1290174122_FL,TSS,Outflow,66
7.099999904632568,-1290174122_FL,TSS,Outflow,66
30.79999923706055,-1290174122_FL,TSS,Outflow,67
28.0,-1290174122_FL,TSS,Outflow,67
3.0,-1290174122_FL,TSS,Outflow,67
2.0,-1290174122_FL,TSS,Outflow,67
7.0,-1290174122_FL,TSS,Outflow,67
8.0,-1290174122_FL,TSS,Outflow,68
11.0,-1290174122_FL,TSS,Outflow,68
7.900000095367432,-1290174122_FL,TSS,Outflow,68
10.69999980926514,-1290174122_FL,TSS,Outflow,68
5.300000190734863,-1290174122_FL,TSS,Outflow,68
11.0,-1290174122_FL,TSS,Outflow,69
2.0,-1290174122_FL,TSS,Outflow,69
7.099999904632568,-1290174122_FL,TSS,Outflow,69
7.5,-1290174122_FL,TSS,Outflow,69
20.70000076293945,-1290174122_FL,TSS,Outflow,69
8.0,-1290174122_FL,TSS,Outflow,70
3.0,-1290174122_FL,TSS,Outflow,70
7.300000190734863,-1290174122_FL,TSS,Outflow,70
4.0,-1290174122_FL,TSS,Outflow,70
16.60000038146973,-1290174122_FL,TSS,Outflow,70
2.0,-1290174122_FL,TSS,Outflow,71
3.0,-1290174122_FL,TSS,Outflow,71
7.599999904632568,-1290174122_FL,TSS,Outflow,71
3.0,-1290174122_FL,TSS,Outflow,71
7.0,-1290174122_FL,TSS,Outflow,71
9.5,-1290174122_FL,TSS,Outflow,72
5.0,-1290174122_FL,TSS,Outflow,72
4.0,-1290174122_FL,TSS,Outflow,72
10.5,-1290174122_FL,TSS,Outflow,72
3.0,-1290174122_FL,TSS,Outflow,72
9.699999809265137,-1290174122_FL,TSS,Outflow,73
5.0,-1290174122_FL,TSS,Outflow,73
10.5,-1290174122_FL,TSS,Outflow,73
2.0,-1290174122_FL,TSS,Outflow,73
3.0,-1290174122_FL,TSS,Outflow,73
9.699999809265137,-1290174122_FL,TSS,Outflow,74
1.0,-1290174122_FL,TSS,Outflow,74
7.300000190734863,-1290174122_FL,TSS,Outflow,74
12.5,-1290174122_FL,TSS,Outflow,74
8.0,-1290174122_FL,TSS,Outflow,74
7.099999904632568,-1290174122_FL,TSS,Outflow,75
3.0,-1290174122_FL,TSS,Outflow,75
5.699999809265137,-1290174122_FL,TSS,Outflow,75
11.0,-1290174122_FL,TSS,Outflow,75
15.89999961853027,-1290174122_FL,TSS,Outflow,75
3.0,-1290174122_FL,TSS,Outflow,76
19.0,-1290174122_FL,TSS,Outflow,76
9.600000381469727,-1290174122_FL,TSS,Outflow,76
3.0,-1290174122_FL,TSS,Outflow,76
19.0,-1290174122_FL,TSS,Outflow,76
49.29999923706055,-1290174122_FL,TSS,Outflow,77
8.0,-1290174122_FL,TSS,Outflow,77
5.0,-1290174122_FL,TSS,Outflow,77
16.5,-1290174122_FL,TSS,Outflow,77
3.0,-1290174122_FL,TSS,Outflow,77
1.0,-1290174122_FL,TSS,Outflow,78
3.0,-1290174122_FL,TSS,Outflow,78
9.100000381469727,-1290174122_FL,TSS,Outflow,78
15.0,-1290174122_FL,TSS,Outflow,78
5.099999904632568,-1290174122_FL,TSS,Outflow,78
6.0,-1290174122_FL,TSS,Outflow,79
49.29999923706055,-1290174122_FL,TSS,Outflow,79
3.0,-1290174122_FL,TSS,Outflow,79
3.0,-1290174122_FL,TSS,Outflow,79
20.29999923706055,-1290174122_FL,TSS,Outflow,79
9.600000381469727,-1290174122_FL,TSS,Outflow,80
7.0,-1290174122_FL,TSS,Outflow,80
1.0,-1290174122_FL,TSS,Outflow,80
7.099999904632568,-1290174122_FL,TSS,Outflow,80
0.02999999932944775,-1290174122_FL,TSS,Outflow,80
1.0,-1290174122_FL,TSS,Outflow,81
16.60000038146973,-1290174122_FL,TSS,Outflow,81
3.0,-1290174122_FL,TSS,Outflow,81
7.0,-1290174122_FL,TSS,Outflow,81
9.899999618530273,-1290174122_FL,TSS,Outflow,81
19.0,-1290174122_FL,TSS,Outflow,82
8.0,-1290174122_FL,TSS,Outflow,82
6.0,-1290174122_FL,TSS,Outflow,82
23.0,-1290174122_FL,TSS,Outflow,82
9.899999618530273,-1290174122_FL,TSS,Outflow,82
2.0,-1290174122_FL,TSS,Outflow,83
5.0,-1290174122_FL,TSS,Outflow,83
0.02999999932944775,-1290174122_FL,TSS,Outflow,83
2.0,-1290174122_FL,TSS,Outflow,83
4.0,-1290174122_FL,TSS,Outflow,83
3.0,-1290174122_FL,TSS,Outflow,84
3.0,-1290174122_FL,TSS,Outflow,84
3.0,-1290174122_FL,TSS,Outflow,84
13.69999980926514,-1290174122_FL,TSS,Outflow,84
16.0,-1290174122_FL,TSS,Outflow,84
20.29999923706055,-1290174122_FL,TSS,Outflow,85
2.0,-1290174122_FL,TSS,Outflow,85
3.0,-1290174122_FL,TSS,Outflow,85
7.0,-1290174122_FL,TSS,Outflow,85
15.0,-1290174122_FL,TSS,Outflow,85
13.69999980926514,-1290174122_FL,TSS,Outflow,86
16.0,-1290174122_FL,TSS,Outflow,86
2.0,-1290174122_FL,TSS,Outflow,86
9.100000381469727,-1290174122_FL,TSS,Outflow,86
2.0,-1290174122_FL,TSS,Outflow,86
7.300000190734863,-1290174122_FL,TSS,Outflow,87
7.0,-1290174122_FL,TSS,Outflow,87
19.0,-1290174122_FL,TSS,Outflow,87
12.5,-1290174122_FL,TSS,Outflow,87
15.89999961853027,-1290174122_FL,TSS,Outflow,87
5.099999904632568,-1290174122_FL,TSS,Outflow,88
5.0,-1290174122_FL,TSS,Outflow,88
16.70000076293945,-1290174122_FL,TSS,Outflow,88
3.0,-1290174122_FL,TSS,Outflow,88
9.5,-1290174122_FL,TSS,Outflow,88
3.0,-1290174122_FL,TSS,Outflow,89
19.0,-1290174122_FL,TSS,Outflow,89
4.0,-1290174122_FL,TSS,Outflow,89
5.0,-1290174122_FL,TSS,Outflow,89
3.0,-1290174122_FL,TSS,Outflow,89
3.0,-1290174122_FL,TSS,Outflow,90
5.0,-1290174122_FL,TSS,Outflow,90
3.0,-1290174122_FL,TSS,Outflow,90
7.099999904632568,-1290174122_FL,TSS,Outflow,90
29.39999961853027,-1290174122_FL,TSS,Outflow,90
3.0,-1290174122_FL,TSS,Outflow,91
5.300000190734863,-1290174122_FL,TSS,Outflow,91
16.0,-1290174122_FL,TSS,Outflow,91
15.0,-1290174122_FL,TSS,Outflow,91
5.0,-1290174122_FL,TSS,Outflow,91
9.600000381469727,-1290174122_FL,TSS,Outflow,92
9.0,-1290174122_FL,TSS,Outflow,92
47.0,-1290174122_FL,TSS,Outflow,92
4.0,-1290174122_FL,TSS,Outflow,92
2.0,-1290174122_FL,TSS,Outflow,92
2.0,-1290174122_FL,TSS,Outflow,93
10.0,-1290174122_FL,TSS,Outflow,93
8.0,-1290174122_FL,TSS,Outflow,93
8.0,-1290174122_FL,TSS,Outflow,93
11.0,-1290174122_FL,TSS,Outflow,93
30.79999923706055,-1290174122_FL,TSS,Outflow,94
2.0,-1290174122_FL,TSS,Outflow,94
2.0,-1290174122_FL,TSS,Outflow,94
5.0,-1290174122_FL,TSS,Outflow,94
9.699999809265137,-1290174122_FL,TSS,Outflow,94
3.0,-1290174122_FL,TSS,Outflow,95
3.0,-1290174122_FL,TSS,Outflow,95
3.0,-1290174122_FL,TSS,Outflow,95
3.0,-1290174122_FL,TSS,Outflow,95
5.0,-1290174122_FL,TSS,Outflow,95
7.599999904632568,-1290174122_FL,TSS,Outflow,96
11.0,-1290174122_FL,TSS,Outflow,96
9.0,-1290174122_FL,TSS,Outflow,96
16.0,-1290174122_FL,TSS,Outflow,96
1.0,-1290174122_FL,TSS,Outflow,96
3.0,-1290174122_FL,TSS,Outflow,97
2.0,-1290174122_FL,TSS,Outflow,97
5.0,-1290174122_FL,TSS,Outflow,97
10.69999980926514,-1290174122_FL,TSS,Outflow,97
7.599999904632568,-1290174122_FL,TSS,Outflow,97
49.29999923706055,-1290174122_FL,TSS,Outflow,98
5.699999809265137,-1290174122_FL,TSS,Outflow,98
12.5,-1290174122_FL,TSS,Outflow,98
9.899999618530273,-1290174122_FL,TSS,Outflow,98
16.60000038146973,-1290174122_FL,TSS,Outflow,98
9.699999809265137,-1290174122_FL,TSS,Outflow,99
16.70000076293945,-1290174122_FL,TSS,Outflow,99
9.100000381469727,-1290174122_FL,TSS,Outflow,99
3.0,-1290174122_FL,TSS,Outflow,99
15.0,-1290174122_FL,TSS,Outflow,99
8.0,-1290174122_FL,TSS,Outflow,100
16.0,-1290174122_FL,TSS,Outflow,100
4.0,-1290174122_FL,TSS,Outflow,100
3.0,-1290174122_FL,TSS,Outflow,100
28.0,-1290174122_FL,TSS,Outflow,100
7.599999904632568,-1290174122_FL,TSS,Outflow,101
7.0,-1290174122_FL,TSS,Outflow,101
8.0,-1290174122_FL,TSS,Outflow,101
3.0,-1290174122_FL,TSS,Outflow,101
3.0,-1290174122_FL,TSS,Outflow,101
19.0,-1290174122_FL,TSS,Outflow,102
2.0,-1290174122_FL,TSS,Outflow,102
16.5,-1290174122_FL,TSS,Outflow,102
2.0,-1290174122_FL,TSS,Outflow,102
4.0,-1290174122_FL,TSS,Outflow,102
6.0,-1290174122_FL,TSS,Outflow,103
19.0,-1290174122_FL,TSS,Outflow,103
8.0,-1290174122_FL,TSS,Outflow,103
5.0,-1290174122_FL,TSS,Outflow,103
3.0,-1290174122_FL,TSS,Outflow,103
6.0,-1290174122_FL,TSS,Outflow,104
11.5,-1290174122_FL,TSS,Outflow,104
9.0,-1290174122_FL,TSS,Outflow,104
3.0,-1290174122_FL,TSS,Outflow,104
20.70000076293945,-1290174122_FL,TSS,Outflow,104
11.5,-1290174122_FL,TSS,Outflow,105
8.0,-1290174122_FL,TSS,Outflow,105
20.70000076293945,-1290174122_FL,TSS,Outflow,105
10.5,-1290174122_FL,TSS,Outflow,105
20.29999923706055,-1290174122_FL,TSS,Outflow,105
11.0,-1290174122_FL,TSS,Outflow,106
2.0,-1290174122_FL,TSS,Outflow,106
2.0,-1290174122_FL,TSS,Outflow,106
19.0,-1290174122_FL,TSS,Outflow,106
7.0,-1290174122_FL,TSS,Outflow,106
3.0,-1290174122_FL,TSS,Outflow,107
3.0,-1290174122_FL,TSS,Outflow,107
2.0,-1290174122_FL,TSS,Outflow,107
2.0,-1290174122_FL,TSS,Outflow,107
2.0,-1290174122_FL,TSS,Outflow,107
3.0,-1290174122_FL,TSS,Outflow,108
5.099999904632568,-1290174122_FL,TSS,Outflow,108
7.900000095367432,-1290174122_FL,TSS,Outflow,108
5.699999809265137,-1290174122_FL,TSS,Outflow,108
3.0,-1290174122_FL,TSS,Outflow,108
3.0,-1290174122_FL,TSS,Outflow,109
3.0,-1290174122_FL,TSS,Outflow,109
5.099999904632568,-1290174122_FL,TSS,Outflow,109
5.0,-1290174122_FL,TSS,Outflow,109
19.0,-1290174122_FL,TSS,Outflow,109
3.0,-1290174122_FL,TSS,Outflow,110
7.0,-1290174122_FL,TSS,Outflow,110
2.0,-1290174122_FL,TSS,Outflow,110
7.099999904632568,-1290174122_FL,TSS,Outflow,110
3.0,-1290174122_FL,TSS,Outflow,110
7.099999904632568,-1290174122_FL,TSS,Outflow,111
7.0,-1290174122_FL,TSS,Outflow,111
5.0,-1290174122_FL,TSS,Outflow,111
15.0,-1290174122_FL,TSS,Outflow,111
8.0,-1290174122_FL,TSS,Outflow,111
3.0,-1290174122_FL,TSS,Outflow,112
9.699999809265137,-1290174122_FL,TSS,Outflow,112
3.0,-1290174122_FL,TSS,Outflow,112
7.0,-1290174122_FL,TSS,Outflow,112
2.0,-1290174122_FL,TSS,Outflow,112
5.0,-1290174122_FL,TSS,Outflow,113
9.0,-1290174122_FL,TSS,Outflow,113
28.0,-1290174122_FL,TSS,Outflow,113
19.0,-1290174122_FL,TSS,Outflow,113
4.0,-1290174122_FL,TSS,Outflow,113
3.0,-1290174122_FL,TSS,Outflow,114
7.0,-1290174122_FL,TSS,Outflow,114
15.0,-1290174122_FL,TSS,Outflow,114
5.300000190734863,-1290174122_FL,TSS,Outflow,114
7.099999904632568,-1290174122_FL,TSS,Outflow,114
3.0,-1290174122_FL,TSS,Outflow,115
4.0,-1290174122_FL,TSS,Outflow,115
5.0,-1290174122_FL,TSS,Outflow,115
2.0,-1290174122_FL,TSS,Outflow,115
1.0,-1290174122_FL,TSS,Outflow,115
5.0,-1290174122_FL,TSS,Outflow,116
9.100000381469727,-1290174122_FL,TSS,Outflow,116
47.0,-1290174122_FL,TSS,Outflow,116
20.29999923706055,-1290174122_FL,TSS,Outflow,116
2.0,-1290174122_FL,TSS,Outflow,116
10.69999980926514,-1290174122_FL,TSS,Outflow,117
2.0,-1290174122_FL,TSS,Outflow,117
6.0,-1290174122_FL,TSS,Outflow,117
3.0,-1290174122_FL,TSS,Outflow,117
9.100000381469727,-1290174122_FL,TSS,Outflow,117
5.0,-1290174122_FL,TSS,Outflow,118
3.0,-1290174122_FL,TSS,Outflow,118
3.0,-1290174122_FL,TSS,Outflow,118
11.0,-1290174122_FL,TSS,Outflow,118
4.0,-1290174122_FL,TSS,Outflow,118
6.0,-1290174122_FL,TSS,Outflow,119
7.0,-1290174122_FL,TSS,Outflow,119
3.0,-1290174122_FL,TSS,Outflow,119
11.0,-1290174122_FL,TSS,Outflow,119
3.0,-1290174122_FL,TSS,Outflow,119
3.0,-1290174122_FL,TSS,Outflow,120
9.100000381469727,-1290174122_FL,TSS,Outflow,120
2.0,-1290174122_FL,TSS,Outflow,120
3.0,-1290174122_FL,TSS,Outflow,120
10.5,-1290174122_FL,TSS,Outflow,120
6.0,-1290174122_FL,TSS,Outflow,121
30.79999923706055,-1290174122_FL,TSS,Outflow,121
10.5,-1290174122_FL,TSS,Outflow,121
9.100000381469727,-1290174122_FL,TSS,Outflow,121
7.099999904632568,-1290174122_FL,TSS,Outflow,121
5.0,-1290174122_FL,TSS,Outflow,122
8.0,-1290174122_FL,TSS,Outflow,122
8.0,-1290174122_FL,TSS,Outflow,122
20.70000076293945,-1290174122_FL,TSS,Outflow,122
19.0,-1290174122_FL,TSS,Outflow,122
7.300000190734863,-1290174122_FL,TSS,Outflow,123
3.0,-1290174122_FL,TSS,Outflow,123
8.0,-1290174122_FL,TSS,Outflow,123
12.10000038146973,-1290174122_FL,TSS,Outflow,123
2.0,-1290174122_FL,TSS,Outflow,123
6.0,-1290174122_FL,TSS,Outflow,124
20.29999923706055,-1290174122_FL,TSS,Outflow,124
8.0,-1290174122_FL,TSS,Outflow,124
8.0,-1290174122_FL,TSS,Outflow,124
7.0,-1290174122_FL,TSS,Outflow,124
1.0,-1290174122_FL,TSS,Outflow,125
7.0,-1290174122_FL,TSS,Outflow,125
6.0,-1290174122_FL,TSS,Outflow,125
7.300000190734863,-1290174122_FL,TSS,Outflow,125
3.0,-1290174122_FL,TSS,Outflow,125
3.0,-1290174122_FL,TSS,Outflow,126
6.0,-1290174122_FL,TSS,Outflow,126
5.0,-1290174122_FL,TSS,Outflow,126
11.0,-1290174122_FL,TSS,Outflow,126
19.0,-1290174122_FL,TSS,Outflow,126
2.0,-1290174122_FL,TSS,Outflow,127
5.0,-1290174122_FL,TSS,Outflow,127
2.0,-1290174122_FL,TSS,Outflow,127
9.899999618530273,-1290174122_FL,TSS,Outflow,127
12.5,-1290174122_FL,TSS,Outflow,127
9.5,-1290174122_FL,TSS,Outflow,128
3.0,-1290174122_FL,TSS,Outflow,128
7.900000095367432,-1290174122_FL,TSS,Outflow,128
9.0,-1290174122_FL,TSS,Outflow,128
3.0,-1290174122_FL,TSS,Outflow,128
16.70000076293945,-1290174122_FL,TSS,Outflow,129
3.0,-1290174122_FL,TSS,Outflow,129
4.0,-1290174122_FL,TSS,Outflow,129
2.0,-1290174122_FL,TSS,Outflow,129
49.29999923706055,-1290174122_FL,TSS,Outflow,129
10.0,-1290174122_FL,TSS,Outflow,130
20.29999923706055,-1290174122_FL,TSS,Outflow,130
7.300000190734863,-1290174122_FL,TSS,Outflow,130
7.900000095367432,-1290174122_FL,TSS,Outflow,130
15.89999961853027,-1290174122_FL,TSS,Outflow,130
20.29999923706055,-1290174122_FL,TSS,Outflow,131
7.0,-1290174122_FL,TSS,Outflow,131
4.0,-1290174122_FL,TSS,Outflow,131
12.10000038146973,-1290174122_FL,TSS,Outflow,131
4.0,-1290174122_FL,TSS,Outflow,131
6.0,-1290174122_FL,TSS,Outflow,132
12.5,-1290174122_FL,TSS,Outflow,132
5.300000190734863,-1290174122_FL,TSS,Outflow,132
3.0,-1290174122_FL,TSS,Outflow,132
5.0,-1290174122_FL,TSS,Outflow,132
16.0,-1290174122_FL,TSS,Outflow,133
3.0,-1290174122_FL,TSS,Outflow,133
28.0,-1290174122_FL,TSS,Outflow,133
4.0,-1290174122_FL,TSS,Outflow,133
11.0,-1290174122_FL,TSS,Outflow,133
7.0,-1290174122_FL,TSS,Outflow,134
16.60000038146973,-1290174122_FL,TSS,Outflow,134
2.0,-1290174122_FL,TSS,Outflow,134
8.0,-1290174122_FL,TSS,Outflow,134
7.300000190734863,-1290174122_FL,TSS,Outflow,134
11.0,-1290174122_FL,TSS,Outflow,135
12.5,-1290174122_FL,TSS,Outflow,135
2.0,-1290174122_FL,TSS,Outflow,135
4.0,-1290174122_FL,TSS,Outflow,135
3.0,-1290174122_FL,TSS,Outflow,135
8.0,-1290174122_FL,TSS,Outflow,136
12.39999961853027,-1290174122_FL,TSS,Outflow,136
3.0,-1290174122_FL,TSS,Outflow,136
49.29999923706055,-1290174122_FL,TSS,Outflow,136
7.0,-1290174122_FL,TSS,Outflow,136
5.300000190734863,-1290174122_FL,TSS,Outflow,137
7.599999904632568,-1290174122_FL,TSS,Outflow,137
19.0,-1290174122_FL,TSS,Outflow,137
49.29999923706055,-1290174122_FL,TSS,Outflow,137
20.70000076293945,-1290174122_FL,TSS,Outflow,137
11.5,-1290174122_FL,TSS,Outflow,138
5.099999904632568,-1290174122_FL,TSS,Outflow,138
9.699999809265137,-1290174122_FL,TSS,Outflow,138
7.099999904632568,-1290174122_FL,TSS,Outflow,138
0.02999999932944775,-1290174122_FL,TSS,Outflow,138
5.0,-1290174122_FL,TSS,Outflow,139
11.0,-1290174122_FL,TSS,Outflow,139
7.0,-1290174122_FL,TSS,Outflow,139
1.0,-1290174122_FL,TSS,Outflow,139
9.899999618530273,-1290174122_FL,TSS,Outflow,139
10.69999980926514,-1290174122_FL,TSS,Outflow,140
47.0,-1290174122_FL,TSS,Outflow,140
3.0,-1290174122_FL,TSS,Outflow,140
19.0,-1290174122_FL,TSS,Outflow,140
19.0,-1290174122_FL,TSS,Outflow,140
12.39999961853027,-1290174122_FL,TSS,Outflow,141
4.0,-1290174122_FL,TSS,Outflow,141
7.5,-1290174122_FL,TSS,Outflow,141
16.60000038146973,-1290174122_FL,TSS,Outflow,141
8.0,-1290174122_FL,TSS,Outflow,141
15.0,-1290174122_FL,TSS,Outflow,142
4.0,-1290174122_FL,TSS,Outflow,142
1.0,-1290174122_FL,TSS,Outflow,142
9.699999809265137,-1290174122_FL,TSS,Outflow,142
3.0,-1290174122_FL,TSS,Outflow,142
49.29999923706055,-1290174122_FL,TSS,Outflow,143
5.0,-1290174122_FL,TSS,Outflow,143
3.0,-1290174122_FL,TSS,Outflow,143
10.0,-1290174122_FL,TSS,Outflow,143
5.699999809265137,-1290174122_FL,TSS,Outflow,143
8.0,-1290174122_FL,TSS,Outflow,144
7.300000190734863,-1290174122_FL,TSS,Outflow,144
7.599999904632568,-1290174122_FL,TSS,Outflow,144
7.0,-1290174122_FL,TSS,Outflow,144
9.0,-1290174122_FL,TSS,Outflow,144
29.39999961853027,-1290174122_FL,TSS,Outflow,145
10.0,-1290174122_FL,TSS,Outflow,145
3.0,-1290174122_FL,TSS,Outflow,145
5.0,-1290174122_FL,TSS,Outflow,145
3.0,-1290174122_FL,TSS,Outflow,145
9.100000381469727,-1290174122_FL,TSS,Outflow,146
12.39999961853027,-1290174122_FL,TSS,Outflow,146
9.0,-1290174122_FL,TSS,Outflow,146
16.0,-1290174122_FL,TSS,Outflow,146
8.0,-1290174122_FL,TSS,Outflow,146
11.0,-1290174122_FL,TSS,Outflow,147
5.0,-1290174122_FL,TSS,Outflow,147
15.0,-1290174122_FL,TSS,Outflow,147
1.0,-1290174122_FL,TSS,Outflow,147
2.0,-1290174122_FL,TSS,Outflow,147
2.0,-1290174122_FL,TSS,Outflow,148
6.0,-1290174122_FL,TSS,Outflow,148
3.0,-1290174122_FL,TSS,Outflow,148
4.0,-1290174122_FL,TSS,Outflow,148
6.0,-1290174122_FL,TSS,Outflow,148
8.0,-1290174122_FL,TSS,Outflow,149
13.69999980926514,-1290174122_FL,TSS,Outflow,149
16.70000076293945,-1290174122_FL,TSS,Outflow,149
4.0,-1290174122_FL,TSS,Outflow,149
2.0,-1290174122_FL,TSS,Outflow,149
16.0,-1290174122_FL,TSS,Outflow,150
8.0,-1290174122_FL,TSS,Outflow,150
3.0,-1290174122_FL,TSS,Outflow,150
9.0,-1290174122_FL,TSS,Outflow,150
12.10000038146973,-1290174122_FL,TSS,Outflow,150
4.0,-1290174122_FL,TSS,Outflow,151
11.5,-1290174122_FL,TSS,Outflow,151
19.0,-1290174122_FL,TSS,Outflow,151
8.0,-1290174122_FL,TSS,Outflow,151
12.39999961853027,-1290174122_FL,TSS,Outflow,151
19.0,-1290174122_FL,TSS,Outflow,152
1.0,-1290174122_FL,TSS,Outflow,152
3.0,-1290174122_FL,TSS,Outflow,152
1.0,-1290174122_FL,TSS,Outflow,152
5.0,-1290174122_FL,TSS,Outflow,152
5.0,-1290174122_FL,TSS,Outflow,153
6.0,-1290174122_FL,TSS,Outflow,153
19.0,-1290174122_FL,TSS,Outflow,153
2.0,-1290174122_FL,TSS,Outflow,153
2.0,-1290174122_FL,TSS,Outflow,153
5.0,-1290174122_FL,TSS,Outflow,154
4.0,-1290174122_FL,TSS,Outflow,154
7.099999904632568,-1290174122_FL,TSS,Outflow,154
9.5,-1290174122_FL,TSS,Outflow,154
19.0,-1290174122_FL,TSS,Outflow,154
2.0,-1290174122_FL,TSS,Outflow,155
5.0,-1290174122_FL,TSS,Outflow,155
6.0,-1290174122_FL,TSS,Outflow,155
12.5,-1290174122_FL,TSS,Outflow,155
16.0,-1290174122_FL,TSS,Outflow,155
8.0,-1290174122_FL,TSS,Outflow,156
4.0,-1290174122_FL,TSS,Outflow,156
8.0,-1290174122_FL,TSS,Outflow,156
10.0,-1290174122_FL,TSS,Outflow,156
16.60000038146973,-1290174122_FL,TSS,Outflow,156
11.0,-1290174122_FL,TSS,Outflow,157
16.60000038146973,-1290174122_FL,TSS,Outflow,157
2.0,-1290174122_FL,TSS,Outflow,157
6.0,-1290174122_FL,TSS,Outflow,157
5.699999809265137,-1290174122_FL,TSS,Outflow,157
49.29999923706055,-1290174122_FL,TSS,Outflow,158
15.0,-1290174122_FL,TSS,Outflow,158
12.5,-1290174122_FL,TSS,Outflow,158
10.0,-1290174122_FL,TSS,Outflow,158
10.0,-1290174122_FL,TSS,Outflow,158
7.099999904632568,-1290174122_FL,TSS,Outflow,159
20.70000076293945,-1290174122_FL,TSS,Outflow,159
3.0,-1290174122_FL,TSS,Outflow,159
12.39999961853027,-1290174122_FL,TSS,Outflow,159
10.69999980926514,-1290174122_FL,TSS,Outflow,159
3.0,-1290174122_FL,TSS,Outflow,160
4.0,-1290174122_FL,TSS,Outflow,160
7.900000095367432,-1290174122_FL,TSS,Outflow,160
9.899999618530273,-1290174122_FL,TSS,Outflow,160
6.0,-1290174122_FL,TSS,Outflow,160
5.0,-1290174122_FL,TSS,Outflow,161
16.0,-1290174122_FL,TSS,Outflow,161
2.0,-1290174122_FL,TSS,Outflow,161
15.0,-1290174122_FL,TSS,Outflow,161
3.0,-1290174122_FL,TSS,Outflow,161
3.0,-1290174122_FL,TSS,Outflow,162
5.300000190734863,-1290174122_FL,TSS,Outflow,162
8.0,-1290174122_FL,TSS,Outflow,162
16.0,-1290174122_FL,TSS,Outflow,162
16.5,-1290174122_FL,TSS,Outflow,162
10.69999980926514,-1290174122_FL,TSS,Outflow,163
16.0,-1290174122_FL,TSS,Outflow,163
7.5,-1290174122_FL,TSS,Outflow,163
1.0,-1290174122_FL,TSS,Outflow,163
1.0,-1290174122_FL,TSS,Outflow,163
15.89999961853027,-1290174122_FL,TSS,Outflow,164
16.0,-1290174122_FL,TSS,Outflow,164
12.39999961853027,-1290174122_FL,TSS,Outflow,164
8.0,-1290174122_FL,TSS,Outflow,164
9.5,-1290174122_FL,TSS,Outflow,164
20.29999923706055,-1290174122_FL,TSS,Outflow,165
5.0,-1290174122_FL,TSS,Outflow,165
5.0,-1290174122_FL,TSS,Outflow,165
3.0,-1290174122_FL,TSS,Outflow,165
11.0,-1290174122_FL,TSS,Outflow,165
0.02999999932944775,-1290174122_FL,TSS,Outflow,166
10.5,-1290174122_FL,TSS,Outflow,166
4.0,-1290174122_FL,TSS,Outflow,166
7.0,-1290174122_FL,TSS,Outflow,166
3.0,-1290174122_FL,TSS,Outflow,166
2.0,-1290174122_FL,TSS,Outflow,167
19.0,-1290174122_FL,TSS,Outflow,167
9.699999809265137,-1290174122_FL,TSS,Outflow,167
7.300000190734863,-1290174122_FL,TSS,Outflow,167
16.5,-1290174122_FL,TSS,Outflow,167
3.0,-1290174122_FL,TSS,Outflow,168
7.599999904632568,-1290174122_FL,TSS,Outflow,168
7.900000095367432,-1290174122_FL,TSS,Outflow,168
8.0,-1290174122_FL,TSS,Outflow,168
3.0,-1290174122_FL,TSS,Outflow,168
5.0,-1290174122_FL,TSS,Outflow,169
6.0,-1290174122_FL,TSS,Outflow,169
8.0,-1290174122_FL,TSS,Outflow,169
28.0,-1290174122_FL,TSS,Outflow,169
19.0,-1290174122_FL,TSS,Outflow,169
3.0,-1290174122_FL,TSS,Outflow,170
10.0,-1290174122_FL,TSS,Outflow,170
5.699999809265137,-1290174122_FL,TSS,Outflow,170
7.0,-1290174122_FL,TSS,Outflow,170
8.0,-1290174122_FL,TSS,Outflow,170
9.899999618530273,-1290174122_FL,TSS,Outflow,171
3.0,-1290174122_FL,TSS,Outflow,171
3.0,-1290174122_FL,TSS,Outflow,171
9.600000381469727,-1290174122_FL,TSS,Outflow,171
8.0,-1290174122_FL,TSS,Outflow,171
3.0,-1290174122_FL,TSS,Outflow,172
9.100000381469727,-1290174122_FL,TSS,Outflow,172
3.0,-1290174122_FL,TSS,Outflow,172
3.0,-1290174122_FL,TSS,Outflow,172
9.600000381469727,-1290174122_FL,TSS,Outflow,172
7.0,-1290174122_FL,TSS,Outflow,173
1.0,-1290174122_FL,TSS,Outflow,173
8.0,-1290174122_FL,TSS,Outflow,173
9.699999809265137,-1290174122_FL,TSS,Outflow,173
15.0,-1290174122_FL,TSS,Outflow,173
8.0,-1290174122_FL,TSS,Outflow,174
16.60000038146973,-1290174122_FL,TSS,Outflow,174
29.39999961853027,-1290174122_FL,TSS,Outflow,174
7.0,-1290174122_FL,TSS,Outflow,174
3.0,-1290174122_FL,TSS,Outflow,174
9.100000381469727,-1290174122_FL,TSS,Outflow,175
12.5,-1290174122_FL,TSS,Outflow,175
2.0,-1290174122_FL,TSS,Outflow,175
11.5,-1290174122_FL,TSS,Outflow,175
28.0,-1290174122_FL,TSS,Outflow,175
6.0,-1290174122_FL,TSS,Outflow,176
9.0,-1290174122_FL,TSS,Outflow,176
3.0,-1290174122_FL,TSS,Outflow,176
3.0,-1290174122_FL,TSS,Outflow,176
6.0,-1290174122_FL,TSS,Outflow,176
3.0,-1290174122_FL,TSS,Outflow,177
5.0,-1290174122_FL,TSS,Outflow,177
20.29999923706055,-1290174122_FL,TSS,Outflow,177
13.69999980926514,-1290174122_FL,TSS,Outflow,177
5.0,-1290174122_FL,TSS,Outflow,177
3.0,-1290174122_FL,TSS,Outflow,178
10.0,-1290174122_FL,TSS,Outflow,178
3.0,-1290174122_FL,TSS,Outflow,178
12.5,-1290174122_FL,TSS,Outflow,178
4.0,-1290174122_FL,TSS,Outflow,178
2.0,-1290174122_FL,TSS,Outflow,179
16.70000076293945,-1290174122_FL,TSS,Outflow,179
1.0,-1290174122_FL,TSS,Outflow,179
5.0,-1290174122_FL,TSS,Outflow,179
9.899999618530273,-1290174122_FL,TSS,Outflow,179
15.0,-1290174122_FL,TSS,Outflow,180
3.0,-1290174122_FL,TSS,Outflow,180
20.29999923706055,-1290174122_FL,TSS,Outflow,180
6.0,-1290174122_FL,TSS,Outflow,180
6.0,-1290174122_FL,TSS,Outflow,180
7.0,-1290174122_FL,TSS,Outflow,181
7.0,-1290174122_FL,TSS,Outflow,181
15.0,-1290174122_FL,TSS,Outflow,181
3.0,-1290174122_FL,TSS,Outflow,181
16.60000038146973,-1290174122_FL,TSS,Outflow,181
7.099999904632568,-1290174122_FL,TSS,Outflow,182
10.0,-1290174122_FL,TSS,Outflow,182
6.0,-1290174122_FL,TSS,Outflow,182
2.0,-1290174122_FL,TSS,Outflow,182
11.0,-1290174122_FL,TSS,Outflow,182
5.0,-1290174122_FL,TSS,Outflow,183
8.0,-1290174122_FL,TSS,Outflow,183
20.29999923706055,-1290174122_FL,TSS,Outflow,183
16.60000038146973,-1290174122_FL,TSS,Outflow,183
6.0,-1290174122_FL,TSS,Outflow,183
3.0,-1290174122_FL,TSS,Outflow,184
3.0,-1290174122_FL,TSS,Outflow,184
16.70000076293945,-1290174122_FL,TSS,Outflow,184
15.89999961853027,-1290174122_FL,TSS,Outflow,184
6.0,-1290174122_FL,TSS,Outflow,184
23.0,-1290174122_FL,TSS,Outflow,185
8.0,-1290174122_FL,TSS,Outflow,185
9.600000381469727,-1290174122_FL,TSS,Outflow,185
3.0,-1290174122_FL,TSS,Outflow,185
15.0,-1290174122_FL,TSS,Outflow,185
9.5,-1290174122_FL,TSS,Outflow,186
6.0,-1290174122_FL,TSS,Outflow,186
1.0,-1290174122_FL,TSS,Outflow,186
2.0,-1290174122_FL,TSS,Outflow,186
3.0,-1290174122_FL,TSS,Outflow,186
11.0,-1290174122_FL,TSS,Outflow,187
3.0,-1290174122_FL,TSS,Outflow,187
3.0,-1290174122_FL,TSS,Outflow,187
3.0,-1290174122_FL,TSS,Outflow,187
49.29999923706055,-1290174122_FL,TSS,Outflow,187
9.600000381469727,-1290174122_FL,TSS,Outflow,188
7.900000095367432,-1290174122_FL,TSS,Outflow,188
12.10000038146973,-1290174122_FL,TSS,Outflow,188
10.5,-1290174122_FL,TSS,Outflow,188
5.300000190734863,-1290174122_FL,TSS,Outflow,188
7.099999904632568,-1290174122_FL,TSS,Outflow,189
4.0,-1290174122_FL,TSS,Outflow,189
2.0,-1290174122_FL,TSS,Outflow,189
6.0,-1290174122_FL,TSS,Outflow,189
5.0,-1290174122_FL,TSS,Outflow,189
3.0,-1290174122_FL,TSS,Outflow,190
4.0,-1290174122_FL,TSS,Outflow,190
8.0,-1290174122_FL,TSS,Outflow,190
11.5,-1290174122_FL,TSS,Outflow,190
6.0,-1290174122_FL,TSS,Outflow,190
8.0,-1290174122_FL,TSS,Outflow,191
6.0,-1290174122_FL,TSS,Outflow,191
16.70000076293945,-1290174122_FL,TSS,Outflow,191
2.0,-1290174122_FL,TSS,Outflow,191
7.0,-1290174122_FL,TSS,Outflow,191
2.0,-1290174122_FL,TSS,Outflow,192
3.0,-1290174122_FL,TSS,Outflow,192
20.70000076293945,-1290174122_FL,TSS,Outflow,192
8.0,-1290174122_FL,TSS,Outflow,192
9.899999618530273,-1290174122_FL,TSS,Outflow,192
1.0,-1290174122_FL,TSS,Outflow,193
5.699999809265137,-1290174122_FL,TSS,Outflow,193
10.0,-1290174122_FL,TSS,Outflow,193
3.0,-1290174122_FL,TSS,Outflow,193
7.0,-1290174122_FL,TSS,Outflow,193
3.0,-1290174122_FL,TSS,Outflow,194
2.0,-1290174122_FL,TSS,Outflow,194
5.0,-1290174122_FL,TSS,Outflow,194
9.600000381469727,-1290174122_FL,TSS,Outflow,194
7.0,-1290174122_FL,TSS,Outflow,194
4.0,-1290174122_FL,TSS,Outflow,195
3.0,-1290174122_FL,TSS,Outflow,195
5.0,-1290174122_FL,TSS,Outflow,195
7.599999904632568,-1290174122_FL,TSS,Outflow,195
3.0,-1290174122_FL,TSS,Outflow,195
4.0,-1290174122_FL,TSS,Outflow,196
11.5,-1290174122_FL,TSS,Outflow,196
28.0,-1290174122_FL,TSS,Outflow,196
19.0,-1290174122_FL,TSS,Outflow,196
7.599999904632568,-1290174122_FL,TSS,Outflow,196
10.0,-1290174122_FL,TSS,Outflow,197
16.70000076293945,-1290174122_FL,TSS,Outflow,197
19.0,-1290174122_FL,TSS,Outflow,197
7.0,-1290174122_FL,TSS,Outflow,197
15.0,-1290174122_FL,TSS,Outflow,197
3.0,-1290174122_FL,TSS,Outflow,198
8.0,-1290174122_FL,TSS,Outflow,198
3.0,-1290174122_FL,TSS,Outflow,198
20.70000076293945,-1290174122_FL,TSS,Outflow,198
5.0,-1290174122_FL,TSS,Outflow,198
23.0,-1290174122_FL,TSS,Outflow,199
9.699999809265137,-1290174122_FL,TSS,Outflow,199
8.0,-1290174122_FL,TSS,Outflow,199
7.599999904632568,-1290174122_FL,TSS,Outflow,199
6.0,-1290174122_FL,TSS,Outflow,199
4.0,-1290174122_FL,TSS,Outflow,200
3.0,-1290174122_FL,TSS,Outflow,200
2.0,-1290174122_FL,TSS,Outflow,200
7.599999904632568,-1290174122_FL,TSS,Outflow,200
3.0,-1290174122_FL,TSS,Outflow,200
10.69999980926514,-1290174122_FL,TSS,Outflow,201
12.10000038146973,-1290174122_FL,TSS,Outflow,201
0.02999999932944775,-1290174122_FL,TSS,Outflow,201
2.0,-1290174122_FL,TSS,Outflow,201
9.899999618530273,-1290174122_FL,TSS,Outflow,201
3.0,-1290174122_FL,TSS,Outflow,202
16.0,-1290174122_FL,TSS,Outflow,202
1.0,-1290174122_FL,TSS,Outflow,202
7.900000095367432,-1290174122_FL,TSS,Outflow,202
16.0,-1290174122_FL,TSS,Outflow,202
49.29999923706055,-1290174122_FL,TSS,Outflow,203
23.0,-1290174122_FL,TSS,Outflow,203
3.0,-1290174122_FL,TSS,Outflow,203
5.0,-1290174122_FL,TSS,Outflow,203
7.900000095367432,-1290174122_FL,TSS,Outflow,203
8.0,-1290174122_FL,TSS,Outflow,204
8.0,-1290174122_FL,TSS,Outflow,204
3.0,-1290174122_FL,TSS,Outflow,204
1.0,-1290174122_FL,TSS,Outflow,204
30.79999923706055,-1290174122_FL,TSS,Outflow,204
30.79999923706055,-1290174122_FL,TSS,Outflow,205
5.099999904632568,-1290174122_FL,TSS,Outflow,205
10.69999980926514,-1290174122_FL,TSS,Outflow,205
4.0,-1290174122_FL,TSS,Outflow,205
4.0,-1290174122_FL,TSS,Outflow,205
1.0,-1290174122_FL,TSS,Outflow,206
3.0,-1290174122_FL,TSS,Outflow,206
5.0,-1290174122_FL,TSS,Outflow,206
19.0,-1290174122_FL,TSS,Outflow,206
8.0,-1290174122_FL,TSS,Outflow,206
6.0,-1290174122_FL,TSS,Outflow,207
5.0,-1290174122_FL,TSS,Outflow,207
5.0,-1290174122_FL,TSS,Outflow,207
11.5,-1290174122_FL,TSS,Outflow,207
3.0,-1290174122_FL,TSS,Outflow,207
2.0,-1290174122_FL,TSS,Outflow,208
9.600000381469727,-1290174122_FL,TSS,Outflow,208
1.0,-1290174122_FL,TSS,Outflow,208
16.0,-1290174122_FL,TSS,Outflow,208
29.39999961853027,-1290174122_FL,TSS,Outflow,208
3.0,-1290174122_FL,TSS,Outflow,209
2.0,-1290174122_FL,TSS,Outflow,209
10.0,-1290174122_FL,TSS,Outflow,209
9.600000381469727,-1290174122_FL,TSS,Outflow,209
16.70000076293945,-1290174122_FL,TSS,Outflow,209
9.0,-1290174122_FL,TSS,Outflow,210
2.0,-1290174122_FL,TSS,Outflow,210
3.0,-1290174122_FL,TSS,Outflow,210
6.0,-1290174122_FL,TSS,Outflow,210
5.300000190734863,-1290174122_FL,TSS,Outflow,210
6.0,-1290174122_FL,TSS,Outflow,211
7.099999904632568,-1290174122_FL,TSS,Outflow,211
15.0,-1290174122_FL,TSS,Outflow,211
5.300000190734863,-1290174122_FL,TSS,Outflow,211
3.0,-1290174122_FL,TSS,Outflow,211
2.0,-1290174122_FL,TSS,Outflow,212
6.0,-1290174122_FL,TSS,Outflow,212
2.0,-1290174122_FL,TSS,Outflow,212
3.0,-1290174122_FL,TSS,Outflow,212
3.0,-1290174122_FL,TSS,Outflow,212
5.0,-1290174122_FL,TSS,Outflow,213
10.69999980926514,-1290174122_FL,TSS,Outflow,213
5.0,-1290174122_FL,TSS,Outflow,213
3.0,-1290174122_FL,TSS,Outflow,213
11.5,-1290174122_FL,TSS,Outflow,213
5.0,-1290174122_FL,TSS,Outflow,214
3.0,-1290174122_FL,TSS,Outflow,214
9.899999618530273,-1290174122_FL,TSS,Outflow,214
9.600000381469727,-1290174122_FL,TSS,Outflow,214
4.0,-1290174122_FL,TSS,Outflow,214
11.5,-1290174122_FL,TSS,Outflow,215
6.0,-1290174122_FL,TSS,Outflow,215
9.0,-1290174122_FL,TSS,Outflow,215
3.0,-1290174122_FL,TSS,Outflow,215
19.0,-1290174122_FL,TSS,Outflow,215
9.5,-1290174122_FL,TSS,Outflow,216
19.0,-1290174122_FL,TSS,Outflow,216
23.0,-1290174122_FL,TSS,Outflow,216
16.0,-1290174122_FL,TSS,Outflow,216
10.5,-1290174122_FL,TSS,Outflow,216
7.599999904632568,-1290174122_FL,TSS,Outflow,217
9.5,-1290174122_FL,TSS,Outflow,217
2.0,-1290174122_FL,TSS,Outflow,217
3.0,-1290174122_FL,TSS,Outflow,217
5.0,-1290174122_FL,TSS,Outflow,217
16.0,-1290174122_FL,TSS,Outflow,218
13.69999980926514,-1290174122_FL,TSS,Outflow,218
3.0,-1290174122_FL,TSS,Outflow,218
3.0,-1290174122_FL,TSS,Outflow,218
6.0,-1290174122_FL,TSS,Outflow,218
2.0,-1290174122_FL,TSS,Outflow,219
9.5,-1290174122_FL,TSS,Outflow,219
3.0,-1290174122_FL,TSS,Outflow,219
49.29999923706055,-1290174122_FL,TSS,Outflow,219
3.0,-1290174122_FL,TSS,Outflow,219
5.0,-1290174122_FL,TSS,Outflow,220
10.5,-1290174122_FL,TSS,Outflow,220
3.0,-1290174122_FL,TSS,Outflow,220
3.0,-1290174122_FL,TSS,Outflow,220
7.0,-1290174122_FL,TSS,Outflow,220
15.89999961853027,-1290174122_FL,TSS,Outflow,221
20.29999923706055,-1290174122_FL,TSS,Outflow,221
11.0,-1290174122_FL,TSS,Outflow,221
5.0,-1290174122_FL,TSS,Outflow,221
5.0,-1290174122_FL,TSS,Outflow,221
10.5,-1290174122_FL,TSS,Outflow,222
9.699999809265137,-1290174122_FL,TSS,Outflow,222
3.0,-1290174122_FL,TSS,Outflow,222
3.0,-1290174122_FL,TSS,Outflow,222
1.0,-1290174122_FL,TSS,Outflow,222
3.0,-1290174122_FL,TSS,Outflow,223
7.0,-1290174122_FL,TSS,Outflow,223
2.0,-1290174122_FL,TSS,Outflow,223
7.0,-1290174122_FL,TSS,Outflow,223
8.0,-1290174122_FL,TSS,Outflow,223
9.100000381469727,-1290174122_FL,TSS,Outflow,224
3.0,-1290174122_FL,TSS,Outflow,224
9.0,-1290174122_FL,TSS,Outflow,224
16.70000076293945,-1290174122_FL,TSS,Outflow,224
5.300000190734863,-1290174122_FL,TSS,Outflow,224
9.699999809265137,-1290174122_FL,TSS,Outflow,225
9.100000381469727,-1290174122_FL,TSS,Outflow,225
2.0,-1290174122_FL,TSS,Outflow,225
5.699999809265137,-1290174122_FL,TSS,Outflow,225
7.5,-1290174122_FL,TSS,Outflow,225
3.0,-1290174122_FL,TSS,Outflow,226
7.099999904632568,-1290174122_FL,TSS,Outflow,226
7.0,-1290174122_FL,TSS,Outflow,226
6.0,-1290174122_FL,TSS,Outflow,226
1.0,-1290174122_FL,TSS,Outflow,226
3.0,-1290174122_FL,TSS,Outflow,227
15.0,-1290174122_FL,TSS,Outflow,227
16.60000038146973,-1290174122_FL,TSS,Outflow,227
3.0,-1290174122_FL,TSS,Outflow,227
16.0,-1290174122_FL,TSS,Outflow,227
6.0,-1290174122_FL,TSS,Outflow,228
10.0,-1290174122_FL,TSS,Outflow,228
16.0,-1290174122_FL,TSS,Outflow,228
10.0,-1290174122_FL,TSS,Outflow,228
28.0,-1290174122_FL,TSS,Outflow,228
5.0,-1290174122_FL,TSS,Outflow,229
49.29999923706055,-1290174122_FL,TSS,Outflow,229
9.100000381469727,-1290174122_FL,TSS,Outflow,229
1.0,-1290174122_FL,TSS,Outflow,229
7.099999904632568,-1290174122_FL,TSS,Outflow,229
1.0,-1290174122_FL,TSS,Outflow,230
5.0,-1290174122_FL,TSS,Outflow,230
12.10000038146973,-1290174122_FL,TSS,Outflow,230
19.0,-1290174122_FL,TSS,Outflow,230
7.0,-1290174122_FL,TSS,Outflow,230
49.29999923706055,-1290174122_FL,TSS,Outflow,231
8.0,-1290174122_FL,TSS,Outflow,231
3.0,-1290174122_FL,TSS,Outflow,231
2.0,-1290174122_FL,TSS,Outflow,231
13.69999980926514,-1290174122_FL,TSS,Outflow,231
8.0,-1290174122_FL,TSS,Outflow,232
4.0,-1290174122_FL,TSS,Outflow,232
29.39999961853027,-1290174122_FL,TSS,Outflow,232
3.0,-1290174122_FL,TSS,Outflow,232
8.0,-1290174122_FL,TSS,Outflow,232
3.0,-1290174122_FL,TSS,Outflow,233
15.0,-1290174122_FL,TSS,Outflow,233
11.5,-1290174122_FL,TSS,Outflow,233
6.0,-1290174122_FL,TSS,Outflow,233
8.0,-1290174122_FL,TSS,Outflow,233
15.89999961853027,-1290174122_FL,TSS,Outflow,234
12.39999961853027,-1290174122_FL,TSS,Outflow,234
3.0,-1290174122_FL,TSS,Outflow,234
9.0,-1290174122_FL,TSS,Outflow,234
1.0,-1290174122_FL,TSS,Outflow,234
7.099999904632568,-1290174122_FL,TSS,Outflow,235
29.39999961853027,-1290174122_FL,TSS,Outflow,235
3.0,-1290174122_FL,TSS,Outflow,235
9.899999618530273,-1290174122_FL,TSS,Outflow,235
15.89999961853027,-1290174122_FL,TSS,Outflow,235
7.900000095367432,-1290174122_FL,TSS,Outflow,236
4.0,-1290174122_FL,TSS,Outflow,236
29.39999961853027,-1290174122_FL,TSS,Outflow,236
7.0,-1290174122_FL,TSS,Outflow,236
6.0,-1290174122_FL,TSS,Outflow,236
3.0,-1290174122_FL,TSS,Outflow,237
11.5,-1290174122_FL,TSS,Outflow,237
3.0,-1290174122_FL,TSS,Outflow,237
5.699999809265137,-1290174122_FL,TSS,Outflow,237
5.0,-1290174122_FL,TSS,Outflow,237
5.0,-1290174122_FL,TSS,Outflow,238
12.10000038146973,-1290174122_FL,TSS,Outflow,238
4.0,-1290174122_FL,TSS,Outflow,238
3.0,-1290174122_FL,TSS,Outflow,238
4.0,-1290174122_FL,TSS,Outflow,238
49.29999923706055,-1290174122_FL,TSS,Outflow,239
29.39999961853027,-1290174122_FL,TSS,Outflow,239
10.0,-1290174122_FL,TSS,Outflow,239
6.0,-1290174122_FL,TSS,Outflow,239
6.0,-1290174122_FL,TSS,Outflow,239
12.10000038146973,-1290174122_FL,TSS,Outflow,240
9.0,-1290174122_FL,TSS,Outflow,240
8.0,-1290174122_FL,TSS,Outflow,240
7.099999904632568,-1290174122_FL,TSS,Outflow,240
2.0,-1290174122_FL,TSS,Outflow,240
7.0,-1290174122_FL,TSS,Outflow,241
3.0,-1290174122_FL,TSS,Outflow,241
4.0,-1290174122_FL,TSS,Outflow,241
16.70000076293945,-1290174122_FL,TSS,Outflow,241
11.0,-1290174122_FL,TSS,Outflow,241
7.0,-1290174122_FL,TSS,Outflow,242
5.300000190734863,-1290174122_FL,TSS,Outflow,242
28.0,-1290174122_FL,TSS,Outflow,242
3.0,-1290174122_FL,TSS,Outflow,242
16.0,-1290174122_FL,TSS,Outflow,242
3.0,-1290174122_FL,TSS,Outflow,243
0.02999999932944775,-1290174122_FL,TSS,Outflow,243
3.0,-1290174122_FL,TSS,Outflow,243
13.69999980926514,-1290174122_FL,TSS,Outflow,243
7.0,-1290174122_FL,TSS,Outflow,243
5.300000190734863,-1290174122_FL,TSS,Outflow,244
2.0,-1290174122_FL,TSS,Outflow,244
4.0,-1290174122_FL,TSS,Outflow,244
7.5,-1290174122_FL,TSS,Outflow,244
4.0,-1290174122_FL,TSS,Outflow,244
2.0,-1290174122_FL,TSS,Outflow,245
9.100000381469727,-1290174122_FL,TSS,Outflow,245
4.0,-1290174122_FL,TSS,Outflow,245
3.0,-1290174122_FL,TSS,Outflow,245
16.60000038146973,-1290174122_FL,TSS,Outflow,245
5.0,-1290174122_FL,TSS,Outflow,246
12.39999961853027,-1290174122_FL,TSS,Outflow,246
3.0,-1290174122_FL,TSS,Outflow,246
5.0,-1290174122_FL,TSS,Outflow,246
3.0,-1290174122_FL,TSS,Outflow,246
5.0,-1290174122_FL,TSS,Outflow,247
9.699999809265137,-1290174122_FL,TSS,Outflow,247
3.0,-1290174122_FL,TSS,Outflow,247
3.0,-1290174122_FL,TSS,Outflow,247
7.5,-1290174122_FL,TSS,Outflow,247
11.0,-1290174122_FL,TSS,Outflow,248
5.300000190734863,-1290174122_FL,TSS,Outflow,248
9.100000381469727,-1290174122_FL,TSS,Outflow,248
9.600000381469727,-1290174122_FL,TSS,Outflow,248
7.300000190734863,-1290174122_FL,TSS,Outflow,248
4.0,-1290174122_FL,TSS,Outflow,249
20.70000076293945,-1290174122_FL,TSS,Outflow,249
16.70000076293945,-1290174122_FL,TSS,Outflow,249
7.0,-1290174122_FL,TSS,Outflow,249
1.0,-1290174122_FL,TSS,Outflow,249
20.29999923706055,-1290174122_FL,TSS,Outflow,250
15.0,-1290174122_FL,TSS,Outflow,250
7.0,-1290174122_FL,TSS,Outflow,250
4.0,-1290174122_FL,TSS,Outflow,250
3.0,-1290174122_FL,TSS,Outflow,250
5.300000190734863,-1290174122_FL,TSS,Outflow,251
5.0,-1290174122_FL,TSS,Outflow,251
2.0,-1290174122_FL,TSS,Outflow,251
5.0,-1290174122_FL,TSS,Outflow,251
3.0,-1290174122_FL,TSS,Outflow,251
47.0,-1290174122_FL,TSS,Outflow,252
5.0,-1290174122_FL,TSS,Outflow,252
3.0,-1290174122_FL,TSS,Outflow,252
16.0,-1290174122_FL,TSS,Outflow,252
15.0,-1290174122_FL,TSS,Outflow,252
11.0,-1290174122_FL,TSS,Outflow,253
29.39999961853027,-1290174122_FL,TSS,Outflow,253
7.599999904632568,-1290174122_FL,TSS,Outflow,253
3.0,-1290174122_FL,TSS,Outflow,253
2.0,-1290174122_FL,TSS,Outflow,253
10.0,-1290174122_FL,TSS,Outflow,254
28.0,-1290174122_FL,TSS,Outflow,254
1.0,-1290174122_FL,TSS,Outflow,254
15.0,-1290174122_FL,TSS,Outflow,254
7.099999904632568,-1290174122_FL,TSS,Outflow,254
9.899999618530273,-1290174122_FL,TSS,Outflow,255
4.0,-1290174122_FL,TSS,Outflow,255
3.0,-1290174122_FL,TSS,Outflow,255
7.099999904632568,-1290174122_FL,TSS,Outflow,255
3.0,-1290174122_FL,TSS,Outflow,255
15.0,-1290174122_FL,TSS,Outflow,256
9.699999809265137,-1290174122_FL,TSS,Outflow,256
11.0,-1290174122_FL,TSS,Outflow,256
9.100000381469727,-1290174122_FL,TSS,Outflow,256
3.0,-1290174122_FL,TSS,Outflow,256
3.0,-1290174122_FL,TSS,Outflow,257
7.5,-1290174122_FL,TSS,Outflow,257
4.0,-1290174122_FL,TSS,Outflow,257
12.10000038146973,-1290174122_FL,TSS,Outflow,257
5.300000190734863,-1290174122_FL,TSS,Outflow,257
1.0,-1290174122_FL,TSS,Outflow,258
29.39999961853027,-1290174122_FL,TSS,Outflow,258
9.0,-1290174122_FL,TSS,Outflow,258
3.0,-1290174122_FL,TSS,Outflow,258
19.0,-1290174122_FL,TSS,Outflow,258
49.29999923706055,-1290174122_FL,TSS,Outflow,259
9.100000381469727,-1290174122_FL,TSS,Outflow,259
5.0,-1290174122_FL,TSS,Outflow,259
4.0,-1290174122_FL,TSS,Outflow,259
11.0,-1290174122_FL,TSS,Outflow,259
11.5,-1290174122_FL,TSS,Outflow,260
15.0,-1290174122_FL,TSS,Outflow,260
7.900000095367432,-1290174122_FL,TSS,Outflow,260
7.0,-1290174122_FL,TSS,Outflow,260
3.0,-1290174122_FL,TSS,Outflow,260
7.5,-1290174122_FL,TSS,Outflow,261
9.100000381469727,-1290174122_FL,TSS,Outflow,261
16.70000076293945,-1290174122_FL,TSS,Outflow,261
3.0,-1290174122_FL,TSS,Outflow,261
9.699999809265137,-1290174122_FL,TSS,Outflow,261
7.300000190734863,-1290174122_FL,TSS,Outflow,262
7.099999904632568,-1290174122_FL,TSS,Outflow,262
12.5,-1290174122_FL,TSS,Outflow,262
4.0,-1290174122_FL,TSS,Outflow,262
16.0,-1290174122_FL,TSS,Outflow,262
6.0,-1290174122_FL,TSS,Outflow,263
5.300000190734863,-1290174122_FL,TSS,Outflow,263
7.599999904632568,-1290174122_FL,TSS,Outflow,263
7.5,-1290174122_FL,TSS,Outflow,263
15.89999961853027,-1290174122_FL,TSS,Outflow,263
2.0,-1290174122_FL,TSS,Outflow,264
16.0,-1290174122_FL,TSS,Outflow,264
20.29999923706055,-1290174122_FL,TSS,Outflow,264
9.100000381469727,-1290174122_FL,TSS,Outflow,264
20.70000076293945,-1290174122_FL,TSS,Outflow,264
16.60000038146973,-1290174122_FL,TSS,Outflow,265
1.0,-1290174122_FL,TSS,Outflow,265
11.0,-1290174122_FL,TSS,Outflow,265
10.0,-1290174122_FL,TSS,Outflow,265
3.0,-1290174122_FL,TSS,Outflow,265
0.02999999932944775,-1290174122_FL,TSS,Outflow,266
9.600000381469727,-1290174122_FL,TSS,Outflow,266
12.39999961853027,-1290174122_FL,TSS,Outflow,266
13.69999980926514,-1290174122_FL,TSS,Outflow,266
11.5,-1290174122_FL,TSS,Outflow,266
16.0,-1290174122_FL,TSS,Outflow,267
5.0,-1290174122_FL,TSS,Outflow,267
3.0,-1290174122_FL,TSS,Outflow,267
16.0,-1290174122_FL,TSS,Outflow,267
5.699999809265137,-1290174122_FL,TSS,Outflow,267
5.699999809265137,-1290174122_FL,TSS,Outflow,268
19.0,-1290174122_FL,TSS,Outflow,268
5.300000190734863,-1290174122_FL,TSS,Outflow,268
5.099999904632568,-1290174122_FL,TSS,Outflow,268
2.0,-1290174122_FL,TSS,Outflow,268
10.5,-1290174122_FL,TSS,Outflow,269
1.0,-1290174122_FL,TSS,Outflow,269
2.0,-1290174122_FL,TSS,Outflow,269
3.0,-1290174122_FL,TSS,Outflow,269
2.0,-1290174122_FL,TSS,Outflow,269
7.099999904632568,-1290174122_FL,TSS,Outflow,270
10.0,-1290174122_FL,TSS,Outflow,270
5.300000190734863,-1290174122_FL,TSS,Outflow,270
47.0,-1290174122_FL,TSS,Outflow,270
7.599999904632568,-1290174122_FL,TSS,Outflow,270
7.0,-1290174122_FL,TSS,Outflow,271
3.0,-1290174122_FL,TSS,Outflow,271
9.0,-1290174122_FL,TSS,Outflow,271
3.0,-1290174122_FL,TSS,Outflow,271
5.300000190734863,-1290174122_FL,TSS,Outflow,271
8.0,-1290174122_FL,TSS,Outflow,272
2.0,-1290174122_FL,TSS,Outflow,272
6.0,-1290174122_FL,TSS,Outflow,272
2.0,-1290174122_FL,TSS,Outflow,272
5.0,-1290174122_FL,TSS,Outflow,272
16.70000076293945,-1290174122_FL,TSS,Outflow,273
16.0,-1290174122_FL,TSS,Outflow,273
7.900000095367432,-1290174122_FL,TSS,Outflow,273
7.0,-1290174122_FL,TSS,Outflow,273
12.5,-1290174122_FL,TSS,Outflow,273
9.699999809265137,-1290174122_FL,TSS,Outflow,274
3.0,-1290174122_FL,TSS,Outflow,274
16.0,-1290174122_FL,TSS,Outflow,274
10.69999980926514,-1290174122_FL,TSS,Outflow,274
3.0,-1290174122_FL,TSS,Outflow,274
29.39999961853027,-1290174122_FL,TSS,Outflow,275
16.60000038146973,-1290174122_FL,TSS,Outflow,275
4.0,-1290174122_FL,TSS,Outflow,275
7.300000190734863,-1290174122_FL,TSS,Outflow,275
7.5,-1290174122_FL,TSS,Outflow,275
3.0,-1290174122_FL,TSS,Outflow,276
49.29999923706055,-1290174122_FL,TSS,Outflow,276
8.0,-1290174122_FL,TSS,Outflow,276
10.0,-1290174122_FL,TSS,Outflow,276
6.0,-1290174122_FL,TSS,Outflow,276
2.0,-1290174122_FL,TSS,Outflow,277
19.0,-1290174122_FL,TSS,Outflow,277
7.0,-1290174122_FL,TSS,Outflow,277
16.60000038146973,-1290174122_FL,TSS,Outflow,277
15.0,-1290174122_FL,TSS,Outflow,277
28.0,-1290174122_FL,TSS,Outflow,278
12.5,-1290174122_FL,TSS,Outflow,278
3.0,-1290174122_FL,TSS,Outflow,278
19.0,-1290174122_FL,TSS,Outflow,278
3.0,-1290174122_FL,TSS,Outflow,278
5.0,-1290174122_FL,TSS,Outflow,279
7.5,-1290174122_FL,TSS,Outflow,279
4.0,-1290174122_FL,TSS,Outflow,279
1.0,-1290174122_FL,TSS,Outflow,279
5.099999904632568,-1290174122_FL,TSS,Outflow,279
3.0,-1290174122_FL,TSS,Outflow,280
10.5,-1290174122_FL,TSS,Outflow,280
29.39999961853027,-1290174122_FL,TSS,Outflow,280
2.0,-1290174122_FL,TSS,Outflow,280
4.0,-1290174122_FL,TSS,Outflow,280
3.0,-1290174122_FL,TSS,Outflow,281
12.5,-1290174122_FL,TSS,Outflow,281
7.099999904632568,-1290174122_FL,TSS,Outflow,281
3.0,-1290174122_FL,TSS,Outflow,281
12.39999961853027,-1290174122_FL,TSS,Outflow,281
4.0,-1290174122_FL,TSS,Outflow,282
9.100000381469727,-1290174122_FL,TSS,Outflow,282
7.099999904632568,-1290174122_FL,TSS,Outflow,282
4.0,-1290174122_FL,TSS,Outflow,282
7.099999904632568,-1290174122_FL,TSS,Outflow,282
16.5,-1290174122_FL,TSS,Outflow,283
3.0,-1290174122_FL,TSS,Outflow,283
3.0,-1290174122_FL,TSS,Outflow,283
4.0,-1290174122_FL,TSS,Outflow,283
16.0,-1290174122_FL,TSS,Outflow,283
11.0,-1290174122_FL,TSS,Outflow,284
3.0,-1290174122_FL,TSS,Outflow,284
19.0,-1290174122_FL,TSS,Outflow,284
5.0,-1290174122_FL,TSS,Outflow,284
9.5,-1290174122_FL,TSS,Outflow,284
4.0,-1290174122_FL,TSS,Outflow,285
12.5,-1290174122_FL,TSS,Outflow,285
5.0,-1290174122_FL,TSS,Outflow,285
8.0,-1290174122_FL,TSS,Outflow,285
9.899999618530273,-1290174122_FL,TSS,Outflow,285
19.0,-1290174122_FL,TSS,Outflow,286
15.0,-1290174122_FL,TSS,Outflow,286
3.0,-1290174122_FL,TSS,Outflow,286
9.899999618530273,-1290174122_FL,TSS,Outflow,286
3.0,-1290174122_FL,TSS,Outflow,286
3.0,-1290174122_FL,TSS,Outflow,287
23.0,-1290174122_FL,TSS,Outflow,287
5.0,-1290174122_FL,TSS,Outflow,287
11.0,-1290174122_FL,TSS,Outflow,287
5.0,-1290174122_FL,TSS,Outflow,287
16.70000076293945,-1290174122_FL,TSS,Outflow,288
5.0,-1290174122_FL,TSS,Outflow,288
5.0,-1290174122_FL,TSS,Outflow,288
1.0,-1290174122_FL,TSS,Outflow,288
10.5,-1290174122_FL,TSS,Outflow,288
16.60000038146973,-1290174122_FL,TSS,Outflow,289
20.29999923706055,-1290174122_FL,TSS,Outflow,289
9.899999618530273,-1290174122_FL,TSS,Outflow,289
5.0,-1290174122_FL,TSS,Outflow,289
10.0,-1290174122_FL,TSS,Outflow,289
7.099999904632568,-1290174122_FL,TSS,Outflow,290
7.099999904632568,-1290174122_FL,TSS,Outflow,290
12.10000038146973,-1290174122_FL,TSS,Outflow,290
2.0,-1290174122_FL,TSS,Outflow,290
0.02999999932944775,-1290174122_FL,TSS,Outflow,290
19.0,-1290174122_FL,TSS,Outflow,291
0.02999999932944775,-1290174122_FL,TSS,Outflow,291
8.0,-1290174122_FL,TSS,Outflow,291
11.0,-1290174122_FL,TSS,Outflow,291
3.0,-1290174122_FL,TSS,Outflow,291
20.29999923706055,-1290174122_FL,TSS,Outflow,292
2.0,-1290174122_FL,TSS,Outflow,292
49.29999923706055,-1290174122_FL,TSS,Outflow,292
3.0,-1290174122_FL,TSS,Outflow,292
7.099999904632568,-1290174122_FL,TSS,Outflow,292
7.099999904632568,-1290174122_FL,TSS,Outflow,293
8.0,-1290174122_FL,TSS,Outflow,293
30.79999923706055,-1290174122_FL,TSS,Outflow,293
5.0,-1290174122_FL,TSS,Outflow,293
5.099999904632568,-1290174122_FL,TSS,Outflow,293
16.60000038146973,-1290174122_FL,TSS,Outflow,294
10.69999980926514,-1290174122_FL,TSS,Outflow,294
3.0,-1290174122_FL,TSS,Outflow,294
9.5,-1290174122_FL,TSS,Outflow,294
5.0,-1290174122_FL,TSS,Outflow,294
20.29999923706055,-1290174122_FL,TSS,Outflow,295
3.0,-1290174122_FL,TSS,Outflow,295
7.0,-1290174122_FL,TSS,Outflow,295
8.0,-1290174122_FL,TSS,Outflow,295
7.099999904632568,-1290174122_FL,TSS,Outflow,295
5.0,-1290174122_FL,TSS,Outflow,296
3.0,-1290174122_FL,TSS,Outflow,296
49.29999923706055,-1290174122_FL,TSS,Outflow,296
16.0,-1290174122_FL,TSS,Outflow,296
3.0,-1290174122_FL,TSS,Outflow,296
2.0,-1290174122_FL,TSS,Outflow,297
10.5,-1290174122_FL,TSS,Outflow,297
6.0,-1290174122_FL,TSS,Outflow,297
47.0,-1290174122_FL,TSS,Outflow,297
3.0,-1290174122_FL,TSS,Outflow,297
11.0,-1290174122_FL,TSS,Outflow,298
2.0,-1290174122_FL,TSS,Outflow,298
9.600000381469727,-1290174122_FL,TSS,Outflow,298
7.0,-1290174122_FL,TSS,Outflow,298
30.79999923706055,-1290174122_FL,TSS,Outflow,298
3.0,-1290174122_FL,TSS,Outflow,299
8.0,-1290174122_FL,TSS,Outflow,299
19.0,-1290174122_FL,TSS,Outflow,299
9.100000381469727,-1290174122_FL,TSS,Outflow,299
6.0,-1290174122_FL,TSS,Outflow,299
4.0,-1290174122_FL,TSS,Outflow,300
7.099999904632568,-1290174122_FL,TSS,Outflow,300
7.0,-1290174122_FL,TSS,Outflow,300
3.0,-1290174122_FL,TSS,Outflow,300
8.0,-1290174122_FL,TSS,Outflow,300
3.0,-1290174122_FL,TSS,Outflow,301
3.0,-1290174122_FL,TSS,Outflow,301
7.5,-1290174122_FL,TSS,Outflow,301
7.099999904632568,-1290174122_FL,TSS,Outflow,301
12.39999961853027,-1290174122_FL,TSS,Outflow,301
7.099999904632568,-1290174122_FL,TSS,Outflow,302
2.0,-1290174122_FL,TSS,Outflow,302
15.89999961853027,-1290174122_FL,TSS,Outflow,302
7.0,-1290174122_FL,TSS,Outflow,302
3.0,-1290174122_FL,TSS,Outflow,302
6.0,-1290174122_FL,TSS,Outflow,303
1.0,-1290174122_FL,TSS,Outflow,303
6.0,-1290174122_FL,TSS,Outflow,303
3.0,-1290174122_FL,TSS,Outflow,303
8.0,-1290174122_FL,TSS,Outflow,303
5.300000190734863,-1290174122_FL,TSS,Outflow,304
1.0,-1290174122_FL,TSS,Outflow,304
5.0,-1290174122_FL,TSS,Outflow,304
8.0,-1290174122_FL,TSS,Outflow,304
7.599999904632568,-1290174122_FL,TSS,Outflow,304
23.0,-1290174122_FL,TSS,Outflow,305
19.0,-1290174122_FL,TSS,Outflow,305
6.0,-1290174122_FL,TSS,Outflow,305
3.0,-1290174122_FL,TSS,Outflow,305
5.0,-1290174122_FL,TSS,Outflow,305
13.69999980926514,-1290174122_FL,TSS,Outflow,306
10.5,-1290174122_FL,TSS,Outflow,306
47.0,-1290174122_FL,TSS,Outflow,306
3.0,-1290174122_FL,TSS,Outflow,306
12.39999961853027,-1290174122_FL,TSS,Outflow,306
49.29999923706055,-1290174122_FL,TSS,Outflow,307
4.0,-1290174122_FL,TSS,Outflow,307
10.0,-1290174122_FL,TSS,Outflow,307
7.099999904632568,-1290174122_FL,TSS,Outflow,307
4.0,-1290174122_FL,TSS,Outflow,307
16.5,-1290174122_FL,TSS,Outflow,308
5.099999904632568,-1290174122_FL,TSS,Outflow,308
4.0,-1290174122_FL,TSS,Outflow,308
3.0,-1290174122_FL,TSS,Outflow,308
29.39999961853027,-1290174122_FL,TSS,Outflow,308
3.0,-1290174122_FL,TSS,Outflow,309
7.0,-1290174122_FL,TSS,Outflow,309
2.0,-1290174122_FL,TSS,Outflow,309
20.29999923706055,-1290174122_FL,TSS,Outflow,309
19.0,-1290174122_FL,TSS,Outflow,309
10.0,-1290174122_FL,TSS,Outflow,310
3.0,-1290174122_FL,TSS,Outflow,310
9.699999809265137,-1290174122_FL,TSS,Outflow,310
7.300000190734863,-1290174122_FL,TSS,Outflow,310
11.0,-1290174122_FL,TSS,Outflow,310
20.70000076293945,-1290174122_FL,TSS,Outflow,311
4.0,-1290174122_FL,TSS,Outflow,311
2.0,-1290174122_FL,TSS,Outflow,311
7.099999904632568,-1290174122_FL,TSS,Outflow,311
4.0,-1290174122_FL,TSS,Outflow,311
16.70000076293945,-1290174122_FL,TSS,Outflow,312
10.5,-1290174122_FL,TSS,Outflow,312
3.0,-1290174122_FL,TSS,Outflow,312
1.0,-1290174122_FL,TSS,Outflow,312
23.0,-1290174122_FL,TSS,Outflow,312
3.0,-1290174122_FL,TSS,Outflow,313
23.0,-1290174122_FL,TSS,Outflow,313
7.099999904632568,-1290174122_FL,TSS,Outflow,313
8.0,-1290174122_FL,TSS,Outflow,313
6.0,-1290174122_FL,TSS,Outflow,313
7.5,-1290174122_FL,TSS,Outflow,314
12.10000038146973,-1290174122_FL,TSS,Outflow,314
3.0,-1290174122_FL,TSS,Outflow,314
5.099999904632568,-1290174122_FL,TSS,Outflow,314
7.099999904632568,-1290174122_FL,TSS,Outflow,314
2.0,-1290174122_FL,TSS,Outflow,315
12.10000038146973,-1290174122_FL,TSS,Outflow,315
3.0,-1290174122_FL,TSS,Outflow,315
15.0,-1290174122_FL,TSS,Outflow,315
7.599999904632568,-1290174122_FL,TSS,Outflow,315
3.0,-1290174122_FL,TSS,Outflow,316
28.0,-1290174122_FL,TSS,Outflow,316
7.0,-1290174122_FL,TSS,Outflow,316
2.0,-1290174122_FL,TSS,Outflow,316
23.0,-1290174122_FL,TSS,Outflow,316
20.70000076293945,-1290174122_FL,TSS,Outflow,317
19.0,-1290174122_FL,TSS,Outflow,317
3.0,-1290174122_FL,TSS,Outflow,317
9.600000381469727,-1290174122_FL,TSS,Outflow,317
30.79999923706055,-1290174122_FL,TSS,Outflow,317
12.10000038146973,-1290174122_FL,TSS,Outflow,318
10.0,-1290174122_FL,TSS,Outflow,318
8.0,-1290174122_FL,TSS,Outflow,318
5.300000190734863,-1290174122_FL,TSS,Outflow,318
16.70000076293945,-1290174122_FL,TSS,Outflow,318
12.39999961853027,-1290174122_FL,TSS,Outflow,319
9.600000381469727,-1290174122_FL,TSS,Outflow,319
6.0,-1290174122_FL,TSS,Outflow,319
3.0,-1290174122_FL,TSS,Outflow,319
9.5,-1290174122_FL,TSS,Outflow,319
3.0,-1290174122_FL,TSS,Outflow,320
5.0,-1290174122_FL,TSS,Outflow,320
3.0,-1290174122_FL,TSS,Outflow,320
6.0,-1290174122_FL,TSS,Outflow,320
9.100000381469727,-1290174122_FL,TSS,Outflow,320
9.5,-1290174122_FL,TSS,Outflow,321
23.0,-1290174122_FL,TSS,Outflow,321
11.0,-1290174122_FL,TSS,Outflow,321
3.0,-1290174122_FL,TSS,Outflow,321
7.599999904632568,-1290174122_FL,TSS,Outflow,321
5.0,-1290174122_FL,TSS,Outflow,322
1.0,-1290174122_FL,TSS,Outflow,322
1.0,-1290174122_FL,TSS,Outflow,322
3.0,-1290174122_FL,TSS,Outflow,322
11.0,-1290174122_FL,TSS,Outflow,322
16.60000038146973,-1290174122_FL,TSS,Outflow,323
5.099999904632568,-1290174122_FL,TSS,Outflow,323
3.0,-1290174122_FL,TSS,Outflow,323
9.100000381469727,-1290174122_FL,TSS,Outflow,323
11.0,-1290174122_FL,TSS,Outflow,323
20.70000076293945,-1290174122_FL,TSS,Outflow,324
13.69999980926514,-1290174122_FL,TSS,Outflow,324
4.0,-1290174122_FL,TSS,Outflow,324
12.39999961853027,-1290174122_FL,TSS,Outflow,324
7.0,-1290174122_FL,TSS,Outflow,324
8.0,-1290174122_FL,TSS,Outflow,325
15.0,-1290174122_FL,TSS,Outflow,325
47.0,-1290174122_FL,TSS,Outflow,325
3.0,-1290174122_FL,TSS,Outflow,325
15.89999961853027,-1290174122_FL,TSS,Outflow,325
10.69999980926514,-1290174122_FL,TSS,Outflow,326
5.099999904632568,-1290174122_FL,TSS,Outflow,326
2.0,-1290174122_FL,TSS,Outflow,326
3.0,-1290174122_FL,TSS,Outflow,326
3.0,-1290174122_FL,TSS,Outflow,326
10.69999980926514,-1290174122_FL,TSS,Outflow,327
13.69999980926514,-1290174122_FL,TSS,Outflow,327
7.099999904632568,-1290174122_FL,TSS,Outflow,327
16.60000038146973,-1290174122_FL,TSS,Outflow,327
7.0,-1290174122_FL,TSS,Outflow,327
3.0,-1290174122_FL,TSS,Outflow,328
2.0,-1290174122_FL,TSS,Outflow,328
5.0,-1290174122_FL,TSS,Outflow,328
10.5,-1290174122_FL,TSS,Outflow,328
9.0,-1290174122_FL,TSS,Outflow,328
12.10000038146973,-1290174122_FL,TSS,Outflow,329
7.0,-1290174122_FL,TSS,Outflow,329
16.0,-1290174122_FL,TSS,Outflow,329
5.699999809265137,-1290174122_FL,TSS,Outflow,329
28.0,-1290174122_FL,TSS,Outflow,329
9.600000381469727,-1290174122_FL,TSS,Outflow,330
5.0,-1290174122_FL,TSS,Outflow,330
5.0,-1290174122_FL,TSS,Outflow,330
6.0,-1290174122_FL,TSS,Outflow,330
3.0,-1290174122_FL,TSS,Outflow,330
15.0,-1290174122_FL,TSS,Outflow,331
7.0,-1290174122_FL,TSS,Outflow,331
10.69999980926514,-1290174122_FL,TSS,Outflow,331
3.0,-1290174122_FL,TSS,Outflow,331
5.0,-1290174122_FL,TSS,Outflow,331
8.0,-1290174122_FL,TSS,Outflow,332
9.699999809265137,-1290174122_FL,TSS,Outflow,332
3.0,-1290174122_FL,TSS,Outflow,332
7.5,-1290174122_FL,TSS,Outflow,332
15.0,-1290174122_FL,TSS,Outflow,332
5.0,-1290174122_FL,TSS,Outflow,333
3.0,-1290174122_FL,TSS,Outflow,333
7.0,-1290174122_FL,TSS,Outflow,333
11.5,-1290174122_FL,TSS,Outflow,333
8.0,-1290174122_FL,TSS,Outflow,333
3.0,-1290174122_FL,TSS,Outflow,334
5.0,-1290174122_FL,TSS,Outflow,334
3.0,-1290174122_FL,TSS,Outflow,334
5.0,-1290174122_FL,TSS,Outflow,334
3.0,-1290174122_FL,TSS,Outflow,334
2.0,-1290174122_FL,TSS,Outflow,335
4.0,-1290174122_FL,TSS,Outflow,335
9.899999618530273,-1290174122_FL,TSS,Outflow,335
4.0,-1290174122_FL,TSS,Outflow,335
8.0,-1290174122_FL,TSS,Outflow,335
6.0,-1290174122_FL,TSS,Outflow,336
2.0,-1290174122_FL,TSS,Outflow,336
7.0,-1290174122_FL,TSS,Outflow,336
7.300000190734863,-1290174122_FL,TSS,Outflow,336
5.0,-1290174122_FL,TSS,Outflow,336
19.0,-1290174122_FL,TSS,Outflow,337
49.29999923706055,-1290174122_FL,TSS,Outflow,337
9.0,-1290174122_FL,TSS,Outflow,337
7.0,-1290174122_FL,TSS,Outflow,337
9.100000381469727,-1290174122_FL,TSS,Outflow,337
11.0,-1290174122_FL,TSS,Outflow,338
49.29999923706055,-1290174122_FL,TSS,Outflow,338
3.0,-1290174122_FL,TSS,Outflow,338
7.0,-1290174122_FL,TSS,Outflow,338
8.0,-1290174122_FL,TSS,Outflow,338
12.10000038146973,-1290174122_FL,TSS,Outflow,339
1.0,-1290174122_FL,TSS,Outflow,339
3.0,-1290174122_FL,TSS,Outflow,339
5.699999809265137,-1290174122_FL,TSS,Outflow,339
5.099999904632568,-1290174122_FL,TSS,Outflow,339
9.100000381469727,-1290174122_FL,TSS,Outflow,340
28.0,-1290174122_FL,TSS,Outflow,340
7.099999904632568,-1290174122_FL,TSS,Outflow,340
30.79999923706055,-1290174122_FL,TSS,Outflow,340
7.900000095367432,-1290174122_FL,TSS,Outflow,340
3.0,-1290174122_FL,TSS,Outflow,341
3.0,-1290174122_FL,TSS,Outflow,341
3.0,-1290174122_FL,TSS,Outflow,341
2.0,-1290174122_FL,TSS,Outflow,341
23.0,-1290174122_FL,TSS,Outflow,341
3.0,-1290174122_FL,TSS,Outflow,342
3.0,-1290174122_FL,TSS,Outflow,342
47.0,-1290174122_FL,TSS,Outflow,342
5.0,-1290174122_FL,TSS,Outflow,342
3.0,-1290174122_FL,TSS,Outflow,342
11.0,-1290174122_FL,TSS,Outflow,343
4.0,-1290174122_FL,TSS,Outflow,343
3.0,-1290174122_FL,TSS,Outflow,343
5.699999809265137,-1290174122_FL,TSS,Outflow,343
23.0,-1290174122_FL,TSS,Outflow,343
5.300000190734863,-1290174122_FL,TSS,Outflow,344
6.0,-1290174122_FL,TSS,Outflow,344
0.02999999932944775,-1290174122_FL,TSS,Outflow,344
3.0,-1290174122_FL,TSS,Outflow,344
9.600000381469727,-1290174122_FL,TSS,Outflow,344
11.5,-1290174122_FL,TSS,Outflow,345
3.0,-1290174122_FL,TSS,Outflow,345
1.0,-1290174122_FL,TSS,Outflow,345
7.0,-1290174122_FL,TSS,Outflow,345
7.5,-1290174122_FL,TSS,Outflow,345
9.899999618530273,-1290174122_FL,TSS,Outflow,346
2.0,-1290174122_FL,TSS,Outflow,346
12.39999961853027,-1290174122_FL,TSS,Outflow,346
4.0,-1290174122_FL,TSS,Outflow,346
5.0,-1290174122_FL,TSS,Outflow,346
12.5,-1290174122_FL,TSS,Outflow,347
9.100000381469727,-1290174122_FL,TSS,Outflow,347
8.0,-1290174122_FL,TSS,Outflow,347
9.899999618530273,-1290174122_FL,TSS,Outflow,347
7.599999904632568,-1290174122_FL,TSS,Outflow,347
2.0,-1290174122_FL,TSS,Outflow,348
6.0,-1290174122_FL,TSS,Outflow,348
3.0,-1290174122_FL,TSS,Outflow,348
3.0,-1290174122_FL,TSS,Outflow,348
3.0,-1290174122_FL,TSS,Outflow,348
9.5,-1290174122_FL,TSS,Outflow,349
6.0,-1290174122_FL,TSS,Outflow,349
5.0,-1290174122_FL,TSS,Outflow,349
9.0,-1290174122_FL,TSS,Outflow,349
5.099999904632568,-1290174122_FL,TSS,Outflow,349
10.0,-1290174122_FL,TSS,Outflow,350
3.0,-1290174122_FL,TSS,Outflow,350
5.0,-1290174122_FL,TSS,Outflow,350
3.0,-1290174122_FL,TSS,Outflow,350
15.0,-1290174122_FL,TSS,Outflow,350
3.0,-1290174122_FL,TSS,Outflow,351
16.5,-1290174122_FL,TSS,Outflow,351
20.70000076293945,-1290174122_FL,TSS,Outflow,351
3.0,-1290174122_FL,TSS,Outflow,351
3.0,-1290174122_FL,TSS,Outflow,351
10.0,-1290174122_FL,TSS,Outflow,352
16.0,-1290174122_FL,TSS,Outflow,352
6.0,-1290174122_FL,TSS,Outflow,352
3.0,-1290174122_FL,TSS,Outflow,352
2.0,-1290174122_FL,TSS,Outflow,352
5.300000190734863,-1290174122_FL,TSS,Outflow,353
7.300000190734863,-1290174122_FL,TSS,Outflow,353
9.0,-1290174122_FL,TSS,Outflow,353
5.699999809265137,-1290174122_FL,TSS,Outflow,353
15.89999961853027,-1290174122_FL,TSS,Outflow,353
7.0,-1290174122_FL,TSS,Outflow,354
4.0,-1290174122_FL,TSS,Outflow,354
6.0,-1290174122_FL,TSS,Outflow,354
3.0,-1290174122_FL,TSS,Outflow,354
16.0,-1290174122_FL,TSS,Outflow,354
7.300000190734863,-1290174122_FL,TSS,Outflow,355
9.5,-1290174122_FL,TSS,Outflow,355
3.0,-1290174122_FL,TSS,Outflow,355
16.0,-1290174122_FL,TSS,Outflow,355
5.099999904632568,-1290174122_FL,TSS,Outflow,355
7.599999904632568,-1290174122_FL,TSS,Outflow,356
2.0,-1290174122_FL,TSS,Outflow,356
1.0,-1290174122_FL,TSS,Outflow,356
5.099999904632568,-1290174122_FL,TSS,Outflow,356
2.0,-1290174122_FL,TSS,Outflow,356
3.0,-1290174122_FL,TSS,Outflow,357
7.0,-1290174122_FL,TSS,Outflow,357
16.5,-1290174122_FL,TSS,Outflow,357
9.899999618530273,-1290174122_FL,TSS,Outflow,357
29.39999961853027,-1290174122_FL,TSS,Outflow,357
3.0,-1290174122_FL,TSS,Outflow,358
5.699999809265137,-1290174122_FL,TSS,Outflow,358
16.0,-1290174122_FL,TSS,Outflow,358
4.0,-1290174122_FL,TSS,Outflow,358
3.0,-1290174122_FL,TSS,Outflow,358
9.899999618530273,-1290174122_FL,TSS,Outflow,359
16.70000076293945,-1290174122_FL,TSS,Outflow,359
3.0,-1290174122_FL,TSS,Outflow,359
4.0,-1290174122_FL,TSS,Outflow,359
2.0,-1290174122_FL,TSS,Outflow,359
9.600000381469727,-1290174122_FL,TSS,Outflow,360
6.0,-1290174122_FL,TSS,Outflow,360
5.0,-1290174122_FL,TSS,Outflow,360
11.5,-1290174122_FL,TSS,Outflow,360
9.5,-1290174122_FL,TSS,Outflow,360
7.0,-1290174122_FL,TSS,Outflow,361
28.0,-1290174122_FL,TSS,Outflow,361
49.29999923706055,-1290174122_FL,TSS,Outflow,361
5.0,-1290174122_FL,TSS,Outflow,361
4.0,-1290174122_FL,TSS,Outflow,361
7.0,-1290174122_FL,TSS,Outflow,362
16.60000038146973,-1290174122_FL,TSS,Outflow,362
47.0,-1290174122_FL,TSS,Outflow,362
15.89999961853027,-1290174122_FL,TSS,Outflow,362
5.0,-1290174122_FL,TSS,Outflow,362
3.0,-1290174122_FL,TSS,Outflow,363
9.699999809265137,-1290174122_FL,TSS,Outflow,363
3.0,-1290174122_FL,TSS,Outflow,363
8.0,-1290174122_FL,TSS,Outflow,363
13.69999980926514,-1290174122_FL,TSS,Outflow,363
10.0,-1290174122_FL,TSS,Outflow,364
16.5,-1290174122_FL,TSS,Outflow,364
19.0,-1290174122_FL,TSS,Outflow,364
2.0,-1290174122_FL,TSS,Outflow,364
3.0,-1290174122_FL,TSS,Outflow,364
1.0,-1290174122_FL,TSS,Outflow,365
10.5,-1290174122_FL,TSS,Outflow,365
3.0,-1290174122_FL,TSS,Outflow,365
0.02999999932944775,-1290174122_FL,TSS,Outflow,365
16.0,-1290174122_FL,TSS,Outflow,365
47.0,-1290174122_FL,TSS,Outflow,366
9.600000381469727,-1290174122_FL,TSS,Outflow,366
10.0,-1290174122_FL,TSS,Outflow,366
10.0,-1290174122_FL,TSS,Outflow,366
5.099999904632568,-1290174122_FL,TSS,Outflow,366
11.0,-1290174122_FL,TSS,Outflow,367
28.0,-1290174122_FL,TSS,Outflow,367
3.0,-1290174122_FL,TSS,Outflow,367
19.0,-1290174122_FL,TSS,Outflow,367
1.0,-1290174122_FL,TSS,Outflow,367
11.0,-1290174122_FL,TSS,Outflow,368
30.79999923706055,-1290174122_FL,TSS,Outflow,368
15.0,-1290174122_FL,TSS,Outflow,368
7.0,-1290174122_FL,TSS,Outflow,368
16.70000076293945,-1290174122_FL,TSS,Outflow,368
7.0,-1290174122_FL,TSS,Outflow,369
2.0,-1290174122_FL,TSS,Outflow,369
3.0,-1290174122_FL,TSS,Outflow,369
4.0,-1290174122_FL,TSS,Outflow,369
5.0,-1290174122_FL,TSS,Outflow,369
8.0,-1290174122_FL,TSS,Outflow,370
8.0,-1290174122_FL,TSS,Outflow,370
3.0,-1290174122_FL,TSS,Outflow,370
1.0,-1290174122_FL,TSS,Outflow,370
2.0,-1290174122_FL,TSS,Outflow,370
3.0,-1290174122_FL,TSS,Outflow,371
9.699999809265137,-1290174122_FL,TSS,Outflow,371
2.0,-1290174122_FL,TSS,Outflow,371
9.600000381469727,-1290174122_FL,TSS,Outflow,371
5.0,-1290174122_FL,TSS,Outflow,371
20.70000076293945,-1290174122_FL,TSS,Outflow,372
10.69999980926514,-1290174122_FL,TSS,Outflow,372
5.300000190734863,-1290174122_FL,TSS,Outflow,372
47.0,-1290174122_FL,TSS,Outflow,372
12.10000038146973,-1290174122_FL,TSS,Outflow,372
3.0,-1290174122_FL,TSS,Outflow,373
5.0,-1290174122_FL,TSS,Outflow,373
9.100000381469727,-1290174122_FL,TSS,Outflow,373
7.900000095367432,-1290174122_FL,TSS,Outflow,373
20.29999923706055,-1290174122_FL,TSS,Outflow,373
7.5,-1290174122_FL,TSS,Outflow,374
3.0,-1290174122_FL,TSS,Outflow,374
7.0,-1290174122_FL,TSS,Outflow,374
5.0,-1290174122_FL,TSS,Outflow,374
4.0,-1290174122_FL,TSS,Outflow,374
15.89999961853027,-1290174122_FL,TSS,Outflow,375
9.899999618530273,-1290174122_FL,TSS,Outflow,375
5.0,-1290174122_FL,TSS,Outflow,375
3.0,-1290174122_FL,TSS,Outflow,375
3.0,-1290174122_FL,TSS,Outflow,375
7.900000095367432,-1290174122_FL,TSS,Outflow,376
2.0,-1290174122_FL,TSS,Outflow,376
3.0,-1290174122_FL,TSS,Outflow,376
7.099999904632568,-1290174122_FL,TSS,Outflow,376
20.70000076293945,-1290174122_FL,TSS,Outflow,376
5.0,-1290174122_FL,TSS,Outflow,377
16.0,-1290174122_FL,TSS,Outflow,377
5.300000190734863,-1290174122_FL,TSS,Outflow,377
16.0,-1290174122_FL,TSS,Outflow,377
12.5,-1290174122_FL,TSS,Outflow,377
4.0,-1290174122_FL,TSS,Outflow,378
3.0,-1290174122_FL,TSS,Outflow,378
1.0,-1290174122_FL,TSS,Outflow,378
1.0,-1290174122_FL,TSS,Outflow,378
7.5,-1290174122_FL,TSS,Outflow,378
4.0,-1290174122_FL,TSS,Outflow,379
10.0,-1290174122_FL,TSS,Outflow,379
5.0,-1290174122_FL,TSS,Outflow,379
8.0,-1290174122_FL,TSS,Outflow,379
1.0,-1290174122_FL,TSS,Outflow,379
5.0,-1290174122_FL,TSS,Outflow,380
16.70000076293945,-1290174122_FL,TSS,Outflow,380
12.5,-1290174122_FL,TSS,Outflow,380
3.0,-1290174122_FL,TSS,Outflow,380
3.0,-1290174122_FL,TSS,Outflow,380
4.0,-1290174122_FL,TSS,Outflow,381
9.5,-1290174122_FL,TSS,Outflow,381
7.5,-1290174122_FL,TSS,Outflow,381
3.0,-1290174122_FL,TSS,Outflow,381
3.0,-1290174122_FL,TSS,Outflow,381
9.899999618530273,-1290174122_FL,TSS,Outflow,382
7.900000095367432,-1290174122_FL,TSS,Outflow,382
47.0,-1290174122_FL,TSS,Outflow,382
9.5,-1290174122_FL,TSS,Outflow,382
7.0,-1290174122_FL,TSS,Outflow,382
3.0,-1290174122_FL,TSS,Outflow,383
16.70000076293945,-1290174122_FL,TSS,Outflow,383
3.0,-1290174122_FL,TSS,Outflow,383
30.79999923706055,-1290174122_FL,TSS,Outflow,383
5.0,-1290174122_FL,TSS,Outflow,383
3.0,-1290174122_FL,TSS,Outflow,384
7.099999904632568,-1290174122_FL,TSS,Outflow,384
15.0,-1290174122_FL,TSS,Outflow,384
3.0,-1290174122_FL,TSS,Outflow,384
6.0,-1290174122_FL,TSS,Outflow,384
9.5,-1290174122_FL,TSS,Outflow,385
3.0,-1290174122_FL,TSS,Outflow,385
6.0,-1290174122_FL,TSS,Outflow,385
19.0,-1290174122_FL,TSS,Outflow,385
12.5,-1290174122_FL,TSS,Outflow,385
3.0,-1290174122_FL,TSS,Outflow,386
28.0,-1290174122_FL,TSS,Outflow,386
5.0,-1290174122_FL,TSS,Outflow,386
5.0,-1290174122_FL,TSS,Outflow,386
4.0,-1290174122_FL,TSS,Outflow,386
8.0,-1290174122_FL,TSS,Outflow,387
8.0,-1290174122_FL,TSS,Outflow,387
5.0,-1290174122_FL,TSS,Outflow,387
3.0,-1290174122_FL,TSS,Outflow,387
3.0,-1290174122_FL,TSS,Outflow,387
7.900000095367432,-1290174122_FL,TSS,Outflow,388
15.0,-1290174122_FL,TSS,Outflow,388
4.0,-1290174122_FL,TSS,Outflow,388
5.0,-1290174122_FL,TSS,Outflow,388
19.0,-1290174122_FL,TSS,Outflow,388
23.0,-1290174122_FL,TSS,Outflow,389
19.0,-1290174122_FL,TSS,Outflow,389
6.0,-1290174122_FL,TSS,Outflow,389
20.70000076293945,-1290174122_FL,TSS,Outflow,389
3.0,-1290174122_FL,TSS,Outflow,389
28.0,-1290174122_FL,TSS,Outflow,390
8.0,-1290174122_FL,TSS,Outflow,390
2.0,-1290174122_FL,TSS,Outflow,390
16.60000038146973,-1290174122_FL,TSS,Outflow,390
3.0,-1290174122_FL,TSS,Outflow,390
7.5,-1290174122_FL,TSS,Outflow,391
5.0,-1290174122_FL,TSS,Outflow,391
6.0,-1290174122_FL,TSS,Outflow,391
30.79999923706055,-1290174122_FL,TSS,Outflow,391
1.0,-1290174122_FL,TSS,Outflow,391
7.5,-1290174122_FL,TSS,Outflow,392
3.0,-1290174122_FL,TSS,Outflow,392
3.0,-1290174122_FL,TSS,Outflow,392
16.70000076293945,-1290174122_FL,TSS,Outflow,392
2.0,-1290174122_FL,TSS,Outflow,392
15.0,-1290174122_FL,TSS,Outflow,393
9.5,-1290174122_FL,TSS,Outflow,393
12.39999961853027,-1290174122_FL,TSS,Outflow,393
9.0,-1290174122_FL,TSS,Outflow,393
3.0,-1290174122_FL,TSS,Outflow,393
3.0,-1290174122_FL,TSS,Outflow,394
20.29999923706055,-1290174122_FL,TSS,Outflow,394
49.29999923706055,-1290174122_FL,TSS,Outflow,394
7.5,-1290174122_FL,TSS,Outflow,394
5.0,-1290174122_FL,TSS,Outflow,394
5.099999904632568,-1290174122_FL,TSS,Outflow,395
3.0,-1290174122_FL,TSS,Outflow,395
5.0,-1290174122_FL,TSS,Outflow,395
3.0,-1290174122_FL,TSS,Outflow,395
5.300000190734863,-1290174122_FL,TSS,Outflow,395
5.0,-1290174122_FL,TSS,Outflow,396
20.70000076293945,-1290174122_FL,TSS,Outflow,396
3.0,-1290174122_FL,TSS,Outflow,396
2.0,-1290174122_FL,TSS,Outflow,396
12.5,-1290174122_FL,TSS,Outflow,396
15.0,-1290174122_FL,TSS,Outflow,397
16.5,-1290174122_FL,TSS,Outflow,397
12.10000038146973,-1290174122_FL,TSS,Outflow,397
19.0,-1290174122_FL,TSS,Outflow,397
2.0,-1290174122_FL,TSS,Outflow,397
29.39999961853027,-1290174122_FL,TSS,Outflow,398
3.0,-1290174122_FL,TSS,Outflow,398
15.0,-1290174122_FL,TSS,Outflow,398
4.0,-1290174122_FL,TSS,Outflow,398
16.0,-1290174122_FL,TSS,Outflow,398
2.0,-1290174122_FL,TSS,Outflow,399
9.600000381469727,-1290174122_FL,TSS,Outflow,399
4.0,-1290174122_FL,TSS,Outflow,399
4.0,-1290174122_FL,TSS,Outflow,399
20.70000076293945,-1290174122_FL,TSS,Outflow,399
23.0,-1290174122_FL,TSS,Outflow,400
9.899999618530273,-1290174122_FL,TSS,Outflow,400
6.0,-1290174122_FL,TSS,Outflow,400
5.0,-1290174122_FL,TSS,Outflow,400
20.29999923706055,-1290174122_FL,TSS,Outflow,400
4.0,-1290174122_FL,TSS,Outflow,401
7.0,-1290174122_FL,TSS,Outflow,401
16.70000076293945,-1290174122_FL,TSS,Outflow,401
7.0,-1290174122_FL,TSS,Outflow,401
16.0,-1290174122_FL,TSS,Outflow,401
1.0,-1290174122_FL,TSS,Outflow,402
12.5,-1290174122_FL,TSS,Outflow,402
15.0,-1290174122_FL,TSS,Outflow,402
3.0,-1290174122_FL,TSS,Outflow,402
19.0,-1290174122_FL,TSS,Outflow,402
3.0,-1290174122_FL,TSS,Outflow,403
7.0,-1290174122_FL,TSS,Outflow,403
9.899999618530273,-1290174122_FL,TSS,Outflow,403
16.0,-1290174122_FL,TSS,Outflow,403
3.0,-1290174122_FL,TSS,Outflow,403
5.0,-1290174122_FL,TSS,Outflow,404
5.0,-1290174122_FL,TSS,Outflow,404
5.099999904632568,-1290174122_FL,TSS,Outflow,404
15.89999961853027,-1290174122_FL,TSS,Outflow,404
9.600000381469727,-1290174122_FL,TSS,Outflow,404
11.0,-1290174122_FL,TSS,Outflow,405
8.0,-1290174122_FL,TSS,Outflow,405
3.0,-1290174122_FL,TSS,Outflow,405
3.0,-1290174122_FL,TSS,Outflow,405
7.099999904632568,-1290174122_FL,TSS,Outflow,405
3.0,-1290174122_FL,TSS,Outflow,406
9.0,-1290174122_FL,TSS,Outflow,406
9.699999809265137,-1290174122_FL,TSS,Outflow,406
5.0,-1290174122_FL,TSS,Outflow,406
16.0,-1290174122_FL,TSS,Outflow,406
4.0,-1290174122_FL,TSS,Outflow,407
19.0,-1290174122_FL,TSS,Outflow,407
47.0,-1290174122_FL,TSS,Outflow,407
5.0,-1290174122_FL,TSS,Outflow,407
3.0,-1290174122_FL,TSS,Outflow,407
7.0,-1290174122_FL,TSS,Outflow,408
8.0,-1290174122_FL,TSS,Outflow,408
2.0,-1290174122_FL,TSS,Outflow,408
5.0,-1290174122_FL,TSS,Outflow,408
3.0,-1290174122_FL,TSS,Outflow,408
19.0,-1290174122_FL,TSS,Outflow,409
3.0,-1290174122_FL,TSS,Outflow,409
2.0,-1290174122_FL,TSS,Outflow,409
3.0,-1290174122_FL,TSS,Outflow,409
4.0,-1290174122_FL,TSS,Outflow,409
20.29999923706055,-1290174122_FL,TSS,Outflow,410
3.0,-1290174122_FL,TSS,Outflow,410
8.0,-1290174122_FL,TSS,Outflow,410
29.39999961853027,-1290174122_FL,TSS,Outflow,410
6.0,-1290174122_FL,TSS,Outflow,410
16.70000076293945,-1290174122_FL,TSS,Outflow,411
23.0,-1290174122_FL,TSS,Outflow,411
3.0,-1290174122_FL,TSS,Outflow,411
49.29999923706055,-1290174122_FL,TSS,Outflow,411
5.0,-1290174122_FL,TSS,Outflow,411
5.300000190734863,-1290174122_FL,TSS,Outflow,412
12.39999961853027,-1290174122_FL,TSS,Outflow,412
5.0,-1290174122_FL,TSS,Outflow,412
3.0,-1290174122_FL,TSS,Outflow,412
49.29999923706055,-1290174122_FL,TSS,Outflow,412
5.0,-1290174122_FL,TSS,Outflow,413
2.0,-1290174122_FL,TSS,Outflow,413
20.70000076293945,-1290174122_FL,TSS,Outflow,413
4.0,-1290174122_FL,TSS,Outflow,413
1.0,-1290174122_FL,TSS,Outflow,413
0.02999999932944775,-1290174122_FL,TSS,Outflow,414
6.0,-1290174122_FL,TSS,Outflow,414
10.5,-1290174122_FL,TSS,Outflow,414
5.0,-1290174122_FL,TSS,Outflow,414
15.0,-1290174122_FL,TSS,Outflow,414
29.39999961853027,-1290174122_FL,TSS,Outflow,415
7.5,-1290174122_FL,TSS,Outflow,415
7.900000095367432,-1290174122_FL,TSS,Outflow,415
5.0,-1290174122_FL,TSS,Outflow,415
5.0,-1290174122_FL,TSS,Outflow,415
12.39999961853027,-1290174122_FL,TSS,Outflow,416
9.100000381469727,-1290174122_FL,TSS,Outflow,416
9.5,-1290174122_FL,TSS,Outflow,416
8.0,-1290174122_FL,TSS,Outflow,416
47.0,-1290174122_FL,TSS,Outflow,416
8.0,-1290174122_FL,TSS,Outflow,417
47.0,-1290174122_FL,TSS,Outflow,417
15.0,-1290174122_FL,TSS,Outflow,417
3.0,-1290174122_FL,TSS,Outflow,417
3.0,-1290174122_FL,TSS,Outflow,417
16.0,-1290174122_FL,TSS,Outflow,418
10.5,-1290174122_FL,TSS,Outflow,418
0.02999999932944775,-1290174122_FL,TSS,Outflow,418
7.0,-1290174122_FL,TSS,Outflow,418
16.70000076293945,-1290174122_FL,TSS,Outflow,418
1.0,-1290174122_FL,TSS,Outflow,419
23.0,-1290174122_FL,TSS,Outflow,419
28.0,-1290174122_FL,TSS,Outflow,419
2.0,-1290174122_FL,TSS,Outflow,419
7.099999904632568,-1290174122_FL,TSS,Outflow,419
15.0,-1290174122_FL,TSS,Outflow,420
12.5,-1290174122_FL,TSS,Outflow,420
20.29999923706055,-1290174122_FL,TSS,Outflow,420
3.0,-1290174122_FL,TSS,Outflow,420
6.0,-1290174122_FL,TSS,Outflow,420
13.69999980926514,-1290174122_FL,TSS,Outflow,421
3.0,-1290174122_FL,TSS,Outflow,421
5.0,-1290174122_FL,TSS,Outflow,421
1.0,-1290174122_FL,TSS,Outflow,421
8.0,-1290174122_FL,TSS,Outflow,421
3.0,-1290174122_FL,TSS,Outflow,422
49.29999923706055,-1290174122_FL,TSS,Outflow,422
30.79999923706055,-1290174122_FL,TSS,Outflow,422
7.099999904632568,-1290174122_FL,TSS,Outflow,422
1.0,-1290174122_FL,TSS,Outflow,422
16.60000038146973,-1290174122_FL,TSS,Outflow,423
7.300000190734863,-1290174122_FL,TSS,Outflow,423
5.0,-1290174122_FL,TSS,Outflow,423
7.900000095367432,-1290174122_FL,TSS,Outflow,423
8.0,-1290174122_FL,TSS,Outflow,423
4.0,-1290174122_FL,TSS,Outflow,424
1.0,-1290174122_FL,TSS,Outflow,424
3.0,-1290174122_FL,TSS,Outflow,424
7.5,-1290174122_FL,TSS,Outflow,424
7.099999904632568,-1290174122_FL,TSS,Outflow,424
16.70000076293945,-1290174122_FL,TSS,Outflow,425
3.0,-1290174122_FL,TSS,Outflow,425
20.29999923706055,-1290174122_FL,TSS,Outflow,425
7.0,-1290174122_FL,TSS,Outflow,425
3.0,-1290174122_FL,TSS,Outflow,425
12.10000038146973,-1290174122_FL,TSS,Outflow,426
5.0,-1290174122_FL,TSS,Outflow,426
3.0,-1290174122_FL,TSS,Outflow,426
10.5,-1290174122_FL,TSS,Outflow,426
10.69999980926514,-1290174122_FL,TSS,Outflow,426
19.0,-1290174122_FL,TSS,Outflow,427
3.0,-1290174122_FL,TSS,Outflow,427
16.0,-1290174122_FL,TSS,Outflow,427
6.0,-1290174122_FL,TSS,Outflow,427
7.099999904632568,-1290174122_FL,TSS,Outflow,427
3.0,-1290174122_FL,TSS,Outflow,428
5.0,-1290174122_FL,TSS,Outflow,428
3.0,-1290174122_FL,TSS,Outflow,428
13.69999980926514,-1290174122_FL,TSS,Outflow,428
5.699999809265137,-1290174122_FL,TSS,Outflow,428
5.0,-1290174122_FL,TSS,Outflow,429
9.0,-1290174122_FL,TSS,Outflow,429
8.0,-1290174122_FL,TSS,Outflow,429
3.0,-1290174122_FL,TSS,Outflow,429
6.0,-1290174122_FL,TSS,Outflow,429
16.0,-1290174122_FL,TSS,Outflow,430
6.0,-1290174122_FL,TSS,Outflow,430
20.70000076293945,-1290174122_FL,TSS,Outflow,430
2.0,-1290174122_FL,TSS,Outflow,430
16.0,-1290174122_FL,TSS,Outflow,430
8.0,-1290174122_FL,TSS,Outflow,431
4.0,-1290174122_FL,TSS,Outflow,431
3.0,-1290174122_FL,TSS,Outflow,431
5.699999809265137,-1290174122_FL,TSS,Outflow,431
3.0,-1290174122_FL,TSS,Outflow,431
11.0,-1290174122_FL,TSS,Outflow,432
3.0,-1290174122_FL,TSS,Outflow,432
15.0,-1290174122_FL,TSS,Outflow,432
1.0,-1290174122_FL,TSS,Outflow,432
30.79999923706055,-1290174122_FL,TSS,Outflow,432
7.0,-1290174122_FL,TSS,Outflow,433
47.0,-1290174122_FL,TSS,Outflow,433
16.70000076293945,-1290174122_FL,TSS,Outflow,433
13.69999980926514,-1290174122_FL,TSS,Outflow,433
19.0,-1290174122_FL,TSS,Outflow,433
47.0,-1290174122_FL,TSS,Outflow,434
20.29999923706055,-1290174122_FL,TSS,Outflow,434
29.39999961853027,-1290174122_FL,TSS,Outflow,434
3.0,-1290174122_FL,TSS,Outflow,434
9.899999618530273,-1290174122_FL,TSS,Outflow,434
30.79999923706055,-1290174122_FL,TSS,Outflow,435
9.699999809265137,-1290174122_FL,TSS,Outflow,435
6.0,-1290174122_FL,TSS,Outflow,435
10.5,-1290174122_FL,TSS,Outflow,435
9.899999618530273,-1290174122_FL,TSS,Outflow,435
6.0,-1290174122_FL,TSS,Outflow,436
8.0,-1290174122_FL,TSS,Outflow,436
9.0,-1290174122_FL,TSS,Outflow,436
9.600000381469727,-1290174122_FL,TSS,Outflow,436
6.0,-1290174122_FL,TSS,Outflow,436
2.0,-1290174122_FL,TSS,Outflow,437
4.0,-1290174122_FL,TSS,Outflow,437
7.599999904632568,-1290174122_FL,TSS,Outflow,437
8.0,-1290174122_FL,TSS,Outflow,437
5.0,-1290174122_FL,TSS,Outflow,437
4.0,-1290174122_FL,TSS,Outflow,438
16.0,-1290174122_FL,TSS,Outflow,438
20.29999923706055,-1290174122_FL,TSS,Outflow,438
7.099999904632568,-1290174122_FL,TSS,Outflow,438
49.29999923706055,-1290174122_FL,TSS,Outflow,438
7.0,-1290174122_FL,TSS,Outflow,439
6.0,-1290174122_FL,TSS,Outflow,439
28.0,-1290174122_FL,TSS,Outflow,439
4.0,-1290174122_FL,TSS,Outflow,439
7.300000190734863,-1290174122_FL,TSS,Outflow,439
10.69999980926514,-1290174122_FL,TSS,Outflow,440
7.0,-1290174122_FL,TSS,Outflow,440
28.0,-1290174122_FL,TSS,Outflow,440
12.39999961853027,-1290174122_FL,TSS,Outflow,440
7.300000190734863,-1290174122_FL,TSS,Outflow,440
29.39999961853027,-1290174122_FL,TSS,Outflow,441
2.0,-1290174122_FL,TSS,Outflow,441
3.0,-1290174122_FL,TSS,Outflow,441
7.900000095367432,-1290174122_FL,TSS,Outflow,441
9.5,-1290174122_FL,TSS,Outflow,441
2.0,-1290174122_FL,TSS,Outflow,442
6.0,-1290174122_FL,TSS,Outflow,442
9.0,-1290174122_FL,TSS,Outflow,442
7.5,-1290174122_FL,TSS,Outflow,442
2.0,-1290174122_FL,TSS,Outflow,442
8.0,-1290174122_FL,TSS,Outflow,443
3.0,-1290174122_FL,TSS,Outflow,443
5.699999809265137,-1290174122_FL,TSS,Outflow,443
2.0,-1290174122_FL,TSS,Outflow,443
2.0,-1290174122_FL,TSS,Outflow,443
1.0,-1290174122_FL,TSS,Outflow,444
7.599999904632568,-1290174122_FL,TSS,Outflow,444
8.0,-1290174122_FL,TSS,Outflow,444
8.0,-1290174122_FL,TSS,Outflow,444
5.699999809265137,-1290174122_FL,TSS,Outflow,444
9.100000381469727,-1290174122_FL,TSS,Outflow,445
5.0,-1290174122_FL,TSS,Outflow,445
16.0,-1290174122_FL,TSS,Outflow,445
1.0,-1290174122_FL,TSS,Outflow,445
11.0,-1290174122_FL,TSS,Outflow,445
3.0,-1290174122_FL,TSS,Outflow,446
16.0,-1290174122_FL,TSS,Outflow,446
5.0,-1290174122_FL,TSS,Outflow,446
10.0,-1290174122_FL,TSS,Outflow,446
0.02999999932944775,-1290174122_FL,TSS,Outflow,446
2.0,-1290174122_FL,TSS,Outflow,447
4.0,-1290174122_FL,TSS,Outflow,447
12.39999961853027,-1290174122_FL,TSS,Outflow,447
12.10000038146973,-1290174122_FL,TSS,Outflow,447
8.0,-1290174122_FL,TSS,Outflow,447
1.0,-1290174122_FL,TSS,Outflow,448
15.0,-1290174122_FL,TSS,Outflow,448
2.0,-1290174122_FL,TSS,Outflow,448
16.5,-1290174122_FL,TSS,Outflow,448
5.699999809265137,-1290174122_FL,TSS,Outflow,448
7.0,-1290174122_FL,TSS,Outflow,449
7.300000190734863,-1290174122_FL,TSS,Outflow,449
7.0,-1290174122_FL,TSS,Outflow,449
3.0,-1290174122_FL,TSS,Outflow,449
3.0,-1290174122_FL,TSS,Outflow,449
8.0,-1290174122_FL,TSS,Outflow,450
5.0,-1290174122_FL,TSS,Outflow,450
0.02999999932944775,-1290174122_FL,TSS,Outflow,450
16.60000038146973,-1290174122_FL,TSS,Outflow,450
3.0,-1290174122_FL,TSS,Outflow,450
7.300000190734863,-1290174122_FL,TSS,Outflow,451
4.0,-1290174122_FL,TSS,Outflow,451
3.0,-1290174122_FL,TSS,Outflow,451
16.0,-1290174122_FL,TSS,Outflow,451
5.0,-1290174122_FL,TSS,Outflow,451
7.0,-1290174122_FL,TSS,Outflow,452
8.0,-1290174122_FL,TSS,Outflow,452
10.69999980926514,-1290174122_FL,TSS,Outflow,452
9.600000381469727,-1290174122_FL,TSS,Outflow,452
3.0,-1290174122_FL,TSS,Outflow,452
20.70000076293945,-1290174122_FL,TSS,Outflow,453
5.0,-1290174122_FL,TSS,Outflow,453
4.0,-1290174122_FL,TSS,Outflow,453
3.0,-1290174122_FL,TSS,Outflow,453
5.0,-1290174122_FL,TSS,Outflow,453
6.0,-1290174122_FL,TSS,Outflow,454
10.0,-1290174122_FL,TSS,Outflow,454
7.900000095367432,-1290174122_FL,TSS,Outflow,454
5.300000190734863,-1290174122_FL,TSS,Outflow,454
3.0,-1290174122_FL,TSS,Outflow,454
3.0,-1290174122_FL,TSS,Outflow,455
5.0,-1290174122_FL,TSS,Outflow,455
3.0,-1290174122_FL,TSS,Outflow,455
7.099999904632568,-1290174122_FL,TSS,Outflow,455
4.0,-1290174122_FL,TSS,Outflow,455
29.39999961853027,-1290174122_FL,TSS,Outflow,456
1.0,-1290174122_FL,TSS,Outflow,456
5.0,-1290174122_FL,TSS,Outflow,456
20.70000076293945,-1290174122_FL,TSS,Outflow,456
9.5,-1290174122_FL,TSS,Outflow,456
5.300000190734863,-1290174122_FL,TSS,Outflow,457
3.0,-1290174122_FL,TSS,Outflow,457
3.0,-1290174122_FL,TSS,Outflow,457
12.39999961853027,-1290174122_FL,TSS,Outflow,457
4.0,-1290174122_FL,TSS,Outflow,457
2.0,-1290174122_FL,TSS,Outflow,458
3.0,-1290174122_FL,TSS,Outflow,458
5.0,-1290174122_FL,TSS,Outflow,458
15.0,-1290174122_FL,TSS,Outflow,458
7.5,-1290174122_FL,TSS,Outflow,458
5.0,-1290174122_FL,TSS,Outflow,459
7.099999904632568,-1290174122_FL,TSS,Outflow,459
6.0,-1290174122_FL,TSS,Outflow,459
3.0,-1290174122_FL,TSS,Outflow,459
7.5,-1290174122_FL,TSS,Outflow,459
23.0,-1290174122_FL,TSS,Outflow,460
7.099999904632568,-1290174122_FL,TSS,Outflow,460
16.60000038146973,-1290174122_FL,TSS,Outflow,460
5.0,-1290174122_FL,TSS,Outflow,460
3.0,-1290174122_FL,TSS,Outflow,460
7.099999904632568,-1290174122_FL,TSS,Outflow,461
3.0,-1290174122_FL,TSS,Outflow,461
3.0,-1290174122_FL,TSS,Outflow,461
5.0,-1290174122_FL,TSS,Outflow,461
20.70000076293945,-1290174122_FL,TSS,Outflow,461
16.60000038146973,-1290174122_FL,TSS,Outflow,462
2.0,-1290174122_FL,TSS,Outflow,462
3.0,-1290174122_FL,TSS,Outflow,462
10.5,-1290174122_FL,TSS,Outflow,462
16.70000076293945,-1290174122_FL,TSS,Outflow,462
4.0,-1290174122_FL,TSS,Outflow,463
3.0,-1290174122_FL,TSS,Outflow,463
3.0,-1290174122_FL,TSS,Outflow,463
11.0,-1290174122_FL,TSS,Outflow,463
3.0,-1290174122_FL,TSS,Outflow,463
7.099999904632568,-1290174122_FL,TSS,Outflow,464
1.0,-1290174122_FL,TSS,Outflow,464
5.0,-1290174122_FL,TSS,Outflow,464
47.0,-1290174122_FL,TSS,Outflow,464
23.0,-1290174122_FL,TSS,Outflow,464
3.0,-1290174122_FL,TSS,Outflow,465
10.69999980926514,-1290174122_FL,TSS,Outflow,465
5.699999809265137,-1290174122_FL,TSS,Outflow,465
11.5,-1290174122_FL,TSS,Outflow,465
2.0,-1290174122_FL,TSS,Outflow,465
3.0,-1290174122_FL,TSS,Outflow,466
15.0,-1290174122_FL,TSS,Outflow,466
1.0,-1290174122_FL,TSS,Outflow,466
5.0,-1290174122_FL,TSS,Outflow,466
9.5,-1290174122_FL,TSS,Outflow,466
11.5,-1290174122_FL,TSS,Outflow,467
19.0,-1290174122_FL,TSS,Outflow,467
3.0,-1290174122_FL,TSS,Outflow,467
3.0,-1290174122_FL,TSS,Outflow,467
49.29999923706055,-1290174122_FL,TSS,Outflow,467
4.0,-1290174122_FL,TSS,Outflow,468
3.0,-1290174122_FL,TSS,Outflow,468
5.0,-1290174122_FL,TSS,Outflow,468
8.0,-1290174122_FL,TSS,Outflow,468
10.0,-1290174122_FL,TSS,Outflow,468
16.5,-1290174122_FL,TSS,Outflow,469
7.5,-1290174122_FL,TSS,Outflow,469
5.300000190734863,-1290174122_FL,TSS,Outflow,469
9.5,-1290174122_FL,TSS,Outflow,469
16.0,-1290174122_FL,TSS,Outflow,469
2.0,-1290174122_FL,TSS,Outflow,470
16.0,-1290174122_FL,TSS,Outflow,470
3.0,-1290174122_FL,TSS,Outflow,470
7.900000095367432,-1290174122_FL,TSS,Outflow,470
4.0,-1290174122_FL,TSS,Outflow,470
3.0,-1290174122_FL,TSS,Outflow,471
19.0,-1290174122_FL,TSS,Outflow,471
5.0,-1290174122_FL,TSS,Outflow,471
3.0,-1290174122_FL,TSS,Outflow,471
8.0,-1290174122_FL,TSS,Outflow,471
16.70000076293945,-1290174122_FL,TSS,Outflow,472
3.0,-1290174122_FL,TSS,Outflow,472
0.02999999932944775,-1290174122_FL,TSS,Outflow,472
3.0,-1290174122_FL,TSS,Outflow,472
3.0,-1290174122_FL,TSS,Outflow,472
2.0,-1290174122_FL,TSS,Outflow,473
3.0,-1290174122_FL,TSS,Outflow,473
7.900000095367432,-1290174122_FL,TSS,Outflow,473
16.0,-1290174122_FL,TSS,Outflow,473
15.0,-1290174122_FL,TSS,Outflow,473
23.0,-1290174122_FL,TSS,Outflow,474
8.0,-1290174122_FL,TSS,Outflow,474
1.0,-1290174122_FL,TSS,Outflow,474
7.0,-1290174122_FL,TSS,Outflow,474
5.0,-1290174122_FL,TSS,Outflow,474
7.599999904632568,-1290174122_FL,TSS,Outflow,475
9.699999809265137,-1290174122_FL,TSS,Outflow,475
6.0,-1290174122_FL,TSS,Outflow,475
7.099999904632568,-1290174122_FL,TSS,Outflow,475
4.0,-1290174122_FL,TSS,Outflow,475
8.0,-1290174122_FL,TSS,Outflow,476
10.5,-1290174122_FL,TSS,Outflow,476
5.699999809265137,-1290174122_FL,TSS,Outflow,476
5.0,-1290174122_FL,TSS,Outflow,476
9.100000381469727,-1290174122_FL,TSS,Outflow,476
7.300000190734863,-1290174122_FL,TSS,Outflow,477
5.0,-1290174122_FL,TSS,Outflow,477
3.0,-1290174122_FL,TSS,Outflow,477
3.0,-1290174122_FL,TSS,Outflow,477
13.69999980926514,-1290174122_FL,TSS,Outflow,477
30.79999923706055,-1290174122_FL,TSS,Outflow,478
29.39999961853027,-1290174122_FL,TSS,Outflow,478
3.0,-1290174122_FL,TSS,Outflow,478
23.0,-1290174122_FL,TSS,Outflow,478
3.0,-1290174122_FL,TSS,Outflow,478
3.0,-1290174122_FL,TSS,Outflow,479
3.0,-1290174122_FL,TSS,Outflow,479
11.5,-1290174122_FL,TSS,Outflow,479
3.0,-1290174122_FL,TSS,Outflow,479
10.69999980926514,-1290174122_FL,TSS,Outflow,479
12.5,-1290174122_FL,TSS,Outflow,480
3.0,-1290174122_FL,TSS,Outflow,480
10.5,-1290174122_FL,TSS,Outflow,480
9.600000381469727,-1290174122_FL,TSS,Outflow,480
5.0,-1290174122_FL,TSS,Outflow,480
47.0,-1290174122_FL,TSS,Outflow,481
10.0,-1290174122_FL,TSS,Outflow,481
9.0,-1290174122_FL,TSS,Outflow,481
3.0,-1290174122_FL,TSS,Outflow,481
2.0,-1290174122_FL,TSS,Outflow,481
7.300000190734863,-1290174122_FL,TSS,Outflow,482
23.0,-1290174122_FL,TSS,Outflow,482
3.0,-1290174122_FL,TSS,Outflow,482
9.0,-1290174122_FL,TSS,Outflow,482
9.699999809265137,-1290174122_FL,TSS,Outflow,482
10.0,-1290174122_FL,TSS,Outflow,483
47.0,-1290174122_FL,TSS,Outflow,483
15.0,-1290174122_FL,TSS,Outflow,483
4.0,-1290174122_FL,TSS,Outflow,483
3.0,-1290174122_FL,TSS,Outflow,483
7.599999904632568,-1290174122_FL,TSS,Outflow,484
20.29999923706055,-1290174122_FL,TSS,Outflow,484
5.0,-1290174122_FL,TSS,Outflow,484
7.0,-1290174122_FL,TSS,Outflow,484
3.0,-1290174122_FL,TSS,Outflow,484
5.099999904632568,-1290174122_FL,TSS,Outflow,485
10.0,-1290174122_FL,TSS,Outflow,485
12.39999961853027,-1290174122_FL,TSS,Outflow,485
3.0,-1290174122_FL,TSS,Outflow,485
16.0,-1290174122_FL,TSS,Outflow,485
10.5,-1290174122_FL,TSS,Outflow,486
3.0,-1290174122_FL,TSS,Outflow,486
7.900000095367432,-1290174122_FL,TSS,Outflow,486
8.0,-1290174122_FL,TSS,Outflow,486
12.5,-1290174122_FL,TSS,Outflow,486
3.0,-1290174122_FL,TSS,Outflow,487
3.0,-1290174122_FL,TSS,Outflow,487
12.39999961853027,-1290174122_FL,TSS,Outflow,487
20.70000076293945,-1290174122_FL,TSS,Outflow,487
5.0,-1290174122_FL,TSS,Outflow,487
19.0,-1290174122_FL,TSS,Outflow,488
13.69999980926514,-1290174122_FL,TSS,Outflow,488
2.0,-1290174122_FL,TSS,Outflow,488
11.0,-1290174122_FL,TSS,Outflow,488
9.899999618530273,-1290174122_FL,TSS,Outflow,488
5.0,-1290174122_FL,TSS,Outflow,489
13.69999980926514,-1290174122_FL,TSS,Outflow,489
5.699999809265137,-1290174122_FL,TSS,Outflow,489
3.0,-1290174122_FL,TSS,Outflow,489
11.0,-1290174122_FL,TSS,Outflow,489
4.0,-1290174122_FL,TSS,Outflow,490
19.0,-1290174122_FL,TSS,Outflow,490
1.0,-1290174122_FL,TSS,Outflow,490
9.600000381469727,-1290174122_FL,TSS,Outflow,490
9.100000381469727,-1290174122_FL,TSS,Outflow,490
9.699999809265137,-1290174122_FL,TSS,Outflow,491
7.099999904632568,-1290174122_FL,TSS,Outflow,491
7.300000190734863,-1290174122_FL,TSS,Outflow,491
2.0,-1290174122_FL,TSS,Outflow,491
3.0,-1290174122_FL,TSS,Outflow,491
5.699999809265137,-1290174122_FL,TSS,Outflow,492
5.300000190734863,-1290174122_FL,TSS,Outflow,492
5.0,-1290174122_FL,TSS,Outflow,492
7.900000095367432,-1290174122_FL,TSS,Outflow,492
47.0,-1290174122_FL,TSS,Outflow,492
15.0,-1290174122_FL,TSS,Outflow,493
8.0,-1290174122_FL,TSS,Outflow,493
15.89999961853027,-1290174122_FL,TSS,Outflow,493
2.0,-1290174122_FL,TSS,Outflow,493
3.0,-1290174122_FL,TSS,Outflow,493
3.0,-1290174122_FL,TSS,Outflow,494
12.10000038146973,-1290174122_FL,TSS,Outflow,494
5.0,-1290174122_FL,TSS,Outflow,494
3.0,-1290174122_FL,TSS,Outflow,494
8.0,-1290174122_FL,TSS,Outflow,494
1.0,-1290174122_FL,TSS,Outflow,495
5.300000190734863,-1290174122_FL,TSS,Outflow,495
3.0,-1290174122_FL,TSS,Outflow,495
29.39999961853027,-1290174122_FL,TSS,Outflow,495
4.0,-1290174122_FL,TSS,Outflow,495
3.0,-1290174122_FL,TSS,Outflow,496
4.0,-1290174122_FL,TSS,Outflow,496
5.0,-1290174122_FL,TSS,Outflow,496
20.29999923706055,-1290174122_FL,TSS,Outflow,496
7.099999904632568,-1290174122_FL,TSS,Outflow,496
9.100000381469727,-1290174122_FL,TSS,Outflow,497
7.099999904632568,-1290174122_FL,TSS,Outflow,497
3.0,-1290174122_FL,TSS,Outflow,497
7.900000095367432,-1290174122_FL,TSS,Outflow,497
3.0,-1290174122_FL,TSS,Outflow,497
5.0,-1290174122_FL,TSS,Outflow,498
10.0,-1290174122_FL,TSS,Outflow,498
29.39999961853027,-1290174122_FL,TSS,Outflow,498
7.0,-1290174122_FL,TSS,Outflow,498
9.600000381469727,-1290174122_FL,TSS,Outflow,498
5.300000190734863,-1290174122_FL,TSS,Outflow,499
10.5,-1290174122_FL,TSS,Outflow,499
2.0,-1290174122_FL,TSS,Outflow,499
4.0,-1290174122_FL,TSS,Outflow,499
9.100000381469727,-1290174122_FL,TSS,Outflow,499
7.0,-1290174122_FL,TSS,Outflow,500
9.5,-1290174122_FL,TSS,Outflow,500
4.0,-1290174122_FL,TSS,Outflow,500
4.0,-1290174122_FL,TSS,Outflow,500
11.0,-1290174122_FL,TSS,Outflow,500
