EMC,Location,Analyte,Flow,Run
5.099999904632568,-1290174122_FL,TSS,Outflow,1
8.0,-1290174122_FL,TSS,Outflow,1
9.0,-1290174122_FL,TSS,Outflow,1
3.0,-1290174122_FL,TSS,Outflow,1
7.0,-1290174122_FL,TSS,Outflow,1
9.100000381469727,-1290174122_FL,TSS,Outflow,2
19.0,-1290174122_FL,TSS,Outflow,2
15.89999961853027,-1290174122_FL,TSS,Outflow,2
6.0,-1290174122_FL,TSS,Outflow,2
5.0,-1290174122_FL,TSS,Outflow,2
15.0,-1290174122_FL,TSS,Outflow,3
5.0,-1290174122_FL,TSS,Outflow,3
13.69999980926514,-1290174122_FL,TSS,Outflow,3
3.0,-1290174122_FL,TSS,Outflow,3
6.0,-1290174122_FL,TSS,Outflow,3
20.29999923706055,-1290174122_FL,TSS,Outflow,4
6.0,-1290174122_FL,TSS,Outflow,4
12.5,-1290174122_FL,TSS,Outflow,4
10.0,-1290174122_FL,TSS,Outflow,4
7.0,-1290174122_FL,TSS,Outflow,4
8.0,-1290174122_FL,TSS,Outflow,5
7.099999904632568,-1290174122_FL,TSS,Outflow,5
8.0,-1290174122_FL,TSS,Outflow,5
16.70000076293945,-1290174122_FL,TSS,Outflow,5
7.0,-1290174122_FL,TSS,Outflow,5
3.0,-1290174122_FL,TSS,Outflow,6
3.0,-1290174122_FL,TSS,Outflow,6
8.0,-1290174122_FL,TSS,Outflow,6
15.0,-1290174122_FL,TSS,Outflow,6
2.0,-1290174122_FL,TSS,Outflow,6
10.0,-1290174122_FL,TSS,Outflow,7
4.0,-1290174122_FL,TSS,Outflow,7
7.0,-1290174122_FL,TSS,Outflow,7
16.5,-1290174122_FL,TSS,Outflow,7
3.0,-1290174122_FL,TSS,Outflow,7
7.300000190734863,-1290174122_FL,TSS,Outflow,8
9.5,-1290174122_FL,TSS,Outflow,8
3.0,-1290174122_FL,TSS,Outflow,8
7.900000095367432,-1290174122_FL,TSS,Outflow,8
3.0,-1290174122_FL,TSS,Outflow,8
3.0,-1290174122_FL,TSS,Outflow,9
5.0,-1290174122_FL,TSS,Outflow,9
19.0,-1290174122_FL,TSS,Outflow,9
6.0,-1290174122_FL,TSS,Outflow,9
47.0,-1290174122_FL,TSS,Outflow,9
7.5,-1290174122_FL,TSS,Outflow,10
7.099999904632568,-1290174122_FL,TSS,Outflow,10
3.0,-1290174122_FL,TSS,Outflow,10
8.0,-1290174122_FL,TSS,Outflow,10
10.5,-1290174122_FL,TSS,Outflow,10
4.0,-1290174122_FL,TSS,Outflow,11
3.0,-1290174122_FL,TSS,Outflow,11
7.300000190734863,-1290174122_FL,TSS,Outflow,11
20.29999923706055,-1290174122_FL,TSS,Outflow,11
6.0,-1290174122_FL,TSS,Outflow,11
5.0,-1290174122_FL,TSS,Outflow,12
8.0,-1290174122_FL,TSS,Outflow,12
3.0,-1290174122_FL,TSS,Outflow,12
3.0,-1290174122_FL,TSS,Outflow,12
9.0,-1290174122_FL,TSS,Outflow,12
7.099999904632568,-1290174122_FL,TSS,Outflow,13
3.0,-1290174122_FL,TSS,Outflow,13
19.0,-1290174122_FL,TSS,Outflow,13
2.0,-1290174122_FL,TSS,Outflow,13
3.0,-1290174122_FL,TSS,Outflow,13
16.70000076293945,-1290174122_FL,TSS,Outflow,14
11.0,-1290174122_FL,TSS,Outflow,14
3.0,-1290174122_FL,TSS,Outflow,14
29.39999961853027,-1290174122_FL,TSS,Outflow,14
8.0,-1290174122_FL,TSS,Outflow,14
10.5,-1290174122_FL,TSS,Outflow,15
5.300000190734863,-1290174122_FL,TSS,Outflow,15
11.0,-1290174122_FL,TSS,Outflow,15
2.0,-1290174122_FL,TSS,Outflow,15
7.900000095367432,-1290174122_FL,TSS,Outflow,15
3.0,-1290174122_FL,TSS,Outflow,16
2.0,-1290174122_FL,TSS,Outflow,16
5.0,-1290174122_FL,TSS,Outflow,16
2.0,-1290174122_FL,TSS,Outflow,16
5.699999809265137,-1290174122_FL,TSS,Outflow,16
5.0,-1290174122_FL,TSS,Outflow,17
9.899999618530273,-1290174122_FL,TSS,Outflow,17
5.699999809265137,-1290174122_FL,TSS,Outflow,17
3.0,-1290174122_FL,TSS,Outflow,17
5.099999904632568,-1290174122_FL,TSS,Outflow,17
5.699999809265137,-1290174122_FL,TSS,Outflow,18
9.600000381469727,-1290174122_FL,TSS,Outflow,18
47.0,-1290174122_FL,TSS,Outflow,18
8.0,-1290174122_FL,TSS,Outflow,18
5.300000190734863,-1290174122_FL,TSS,Outflow,18
15.0,-1290174122_FL,TSS,Outflow,19
5.0,-1290174122_FL,TSS,Outflow,19
4.0,-1290174122_FL,TSS,Outflow,19
2.0,-1290174122_FL,TSS,Outflow,19
7.900000095367432,-1290174122_FL,TSS,Outflow,19
15.89999961853027,-1290174122_FL,TSS,Outflow,20
4.0,-1290174122_FL,TSS,Outflow,20
5.300000190734863,-1290174122_FL,TSS,Outflow,20
28.0,-1290174122_FL,TSS,Outflow,20
11.0,-1290174122_FL,TSS,Outflow,20
12.10000038146973,-1290174122_FL,TSS,Outflow,21
11.5,-1290174122_FL,TSS,Outflow,21
5.0,-1290174122_FL,TSS,Outflow,21
3.0,-1290174122_FL,TSS,Outflow,21
3.0,-1290174122_FL,TSS,Outflow,21
15.0,-1290174122_FL,TSS,Outflow,22
16.60000038146973,-1290174122_FL,TSS,Outflow,22
3.0,-1290174122_FL,TSS,Outflow,22
3.0,-1290174122_FL,TSS,Outflow,22
3.0,-1290174122_FL,TSS,Outflow,22
10.69999980926514,-1290174122_FL,TSS,Outflow,23
9.5,-1290174122_FL,TSS,Outflow,23
9.100000381469727,-1290174122_FL,TSS,Outflow,23
12.5,-1290174122_FL,TSS,Outflow,23
20.29999923706055,-1290174122_FL,TSS,Outflow,23
7.599999904632568,-1290174122_FL,TSS,Outflow,24
5.0,-1290174122_FL,TSS,Outflow,24
7.5,-1290174122_FL,TSS,Outflow,24
12.5,-1290174122_FL,TSS,Outflow,24
3.0,-1290174122_FL,TSS,Outflow,24
4.0,-1290174122_FL,TSS,Outflow,25
8.0,-1290174122_FL,TSS,Outflow,25
2.0,-1290174122_FL,TSS,Outflow,25
3.0,-1290174122_FL,TSS,Outflow,25
7.0,-1290174122_FL,TSS,Outflow,25
4.0,-1290174122_FL,TSS,Outflow,26
2.0,-1290174122_FL,TSS,Outflow,26
16.0,-1290174122_FL,TSS,Outflow,26
1.0,-1290174122_FL,TSS,Outflow,26
7.900000095367432,-1290174122_FL,TSS,Outflow,26
20.70000076293945,-1290174122_FL,TSS,Outflow,27
5.099999904632568,-1290174122_FL,TSS,Outflow,27
6.0,-1290174122_FL,TSS,Outflow,27
12.39999961853027,-1290174122_FL,TSS,Outflow,27
3.0,-1290174122_FL,TSS,Outflow,27
30.79999923706055,-1290174122_FL,TSS,Outflow,28
16.0,-1290174122_FL,TSS,Outflow,28
9.899999618530273,-1290174122_FL,TSS,Outflow,28
5.099999904632568,-1290174122_FL,TSS,Outflow,28
2.0,-1290174122_FL,TSS,Outflow,28
16.60000038146973,-1290174122_FL,TSS,Outflow,29
3.0,-1290174122_FL,TSS,Outflow,29
9.699999809265137,-1290174122_FL,TSS,Outflow,29
47.0,-1290174122_FL,TSS,Outflow,29
1.0,-1290174122_FL,TSS,Outflow,29
29.39999961853027,-1290174122_FL,TSS,Outflow,30
16.60000038146973,-1290174122_FL,TSS,Outflow,30
5.0,-1290174122_FL,TSS,Outflow,30
4.0,-1290174122_FL,TSS,Outflow,30
7.300000190734863,-1290174122_FL,TSS,Outflow,30
8.0,-1290174122_FL,TSS,Outflow,31
7.5,-1290174122_FL,TSS,Outflow,31
16.5,-1290174122_FL,TSS,Outflow,31
7.0,-1290174122_FL,TSS,Outflow,31
2.0,-1290174122_FL,TSS,Outflow,31
6.0,-1290174122_FL,TSS,Outflow,32
29.39999961853027,-1290174122_FL,TSS,Outflow,32
12.39999961853027,-1290174122_FL,TSS,Outflow,32
10.69999980926514,-1290174122_FL,TSS,Outflow,32
6.0,-1290174122_FL,TSS,Outflow,32
4.0,-1290174122_FL,TSS,Outflow,33
8.0,-1290174122_FL,TSS,Outflow,33
10.0,-1290174122_FL,TSS,Outflow,33
2.0,-1290174122_FL,TSS,Outflow,33
5.0,-1290174122_FL,TSS,Outflow,33
3.0,-1290174122_FL,TSS,Outflow,34
16.0,-1290174122_FL,TSS,Outflow,34
8.0,-1290174122_FL,TSS,Outflow,34
9.699999809265137,-1290174122_FL,TSS,Outflow,34
3.0,-1290174122_FL,TSS,Outflow,34
4.0,-1290174122_FL,TSS,Outflow,35
16.60000038146973,-1290174122_FL,TSS,Outflow,35
6.0,-1290174122_FL,TSS,Outflow,35
23.0,-1290174122_FL,TSS,Outflow,35
2.0,-1290174122_FL,TSS,Outflow,35
5.0,-1290174122_FL,TSS,Outflow,36
7.0,-1290174122_FL,TSS,Outflow,36
16.60000038146973,-1290174122_FL,TSS,Outflow,36
16.0,-1290174122_FL,TSS,Outflow,36
7.0,-1290174122_FL,TSS,Outflow,36
6.0,-1290174122_FL,TSS,Outflow,37
8.0,-1290174122_FL,TSS,Outflow,37
5.0,-1290174122_FL,TSS,Outflow,37
5.099999904632568,-1290174122_FL,TSS,Outflow,37
13.69999980926514,-1290174122_FL,TSS,Outflow,37
16.70000076293945,-1290174122_FL,TSS,Outflow,38
16.5,-1290174122_FL,TSS,Outflow,38
6.0,-1290174122_FL,TSS,Outflow,38
19.0,-1290174122_FL,TSS,Outflow,38
15.0,-1290174122_FL,TSS,Outflow,38
4.0,-1290174122_FL,TSS,Outflow,39
9.0,-1290174122_FL,TSS,Outflow,39
11.0,-1290174122_FL,TSS,Outflow,39
15.0,-1290174122_FL,TSS,Outflow,39
7.300000190734863,-1290174122_FL,TSS,Outflow,39
3.0,-1290174122_FL,TSS,Outflow,40
5.0,-1290174122_FL,TSS,Outflow,40
16.0,-1290174122_FL,TSS,Outflow,40
2.0,-1290174122_FL,TSS,Outflow,40
4.0,-1290174122_FL,TSS,Outflow,40
7.0,-1290174122_FL,TSS,Outflow,41
9.899999618530273,-1290174122_FL,TSS,Outflow,41
7.099999904632568,-1290174122_FL,TSS,Outflow,41
5.0,-1290174122_FL,TSS,Outflow,41
2.0,-1290174122_FL,TSS,Outflow,41
5.0,-1290174122_FL,TSS,Outflow,42
5.699999809265137,-1290174122_FL,TSS,Outflow,42
3.0,-1290174122_FL,TSS,Outflow,42
2.0,-1290174122_FL,TSS,Outflow,42
5.099999904632568,-1290174122_FL,TSS,Outflow,42
10.5,-1290174122_FL,TSS,Outflow,43
3.0,-1290174122_FL,TSS,Outflow,43
7.300000190734863,-1290174122_FL,TSS,Outflow,43
10.69999980926514,-1290174122_FL,TSS,Outflow,43
9.699999809265137,-1290174122_FL,TSS,Outflow,43
0.02999999932944775,-1290174122_FL,TSS,Outflow,44
6.0,-1290174122_FL,TSS,Outflow,44
9.0,-1290174122_FL,TSS,Outflow,44
2.0,-1290174122_FL,TSS,Outflow,44
5.0,-1290174122_FL,TSS,Outflow,44
3.0,-1290174122_FL,TSS,Outflow,45
9.0,-1290174122_FL,TSS,Outflow,45
6.0,-1290174122_FL,TSS,Outflow,45
7.900000095367432,-1290174122_FL,TSS,Outflow,45
23.0,-1290174122_FL,TSS,Outflow,45
49.29999923706055,-1290174122_FL,TSS,Outflow,46
3.0,-1290174122_FL,TSS,Outflow,46
16.5,-1290174122_FL,TSS,Outflow,46
3.0,-1290174122_FL,TSS,Outflow,46
16.0,-1290174122_FL,TSS,Outflow,46
19.0,-1290174122_FL,TSS,Outflow,47
11.5,-1290174122_FL,TSS,Outflow,47
5.0,-1290174122_FL,TSS,Outflow,47
4.0,-1290174122_FL,TSS,Outflow,47
5.0,-1290174122_FL,TSS,Outflow,47
5.0,-1290174122_FL,TSS,Outflow,48
8.0,-1290174122_FL,TSS,Outflow,48
7.0,-1290174122_FL,TSS,Outflow,48
1.0,-1290174122_FL,TSS,Outflow,48
0.02999999932944775,-1290174122_FL,TSS,Outflow,48
20.29999923706055,-1290174122_FL,TSS,Outflow,49
16.70000076293945,-1290174122_FL,TSS,Outflow,49
2.0,-1290174122_FL,TSS,Outflow,49
5.0,-1290174122_FL,TSS,Outflow,49
10.0,-1290174122_FL,TSS,Outflow,49
11.0,-1290174122_FL,TSS,Outflow,50
12.39999961853027,-1290174122_FL,TSS,Outflow,50
3.0,-1290174122_FL,TSS,Outflow,50
7.099999904632568,-1290174122_FL,TSS,Outflow,50
11.5,-1290174122_FL,TSS,Outflow,50
9.899999618530273,-1290174122_FL,TSS,Outflow,51
3.0,-1290174122_FL,TSS,Outflow,51
15.0,-1290174122_FL,TSS,Outflow,51
5.0,-1290174122_FL,TSS,Outflow,51
7.599999904632568,-1290174122_FL,TSS,Outflow,51
12.10000038146973,-1290174122_FL,TSS,Outflow,52
30.79999923706055,-1290174122_FL,TSS,Outflow,52
3.0,-1290174122_FL,TSS,Outflow,52
3.0,-1290174122_FL,TSS,Outflow,52
10.5,-1290174122_FL,TSS,Outflow,52
16.0,-1290174122_FL,TSS,Outflow,53
7.5,-1290174122_FL,TSS,Outflow,53
15.89999961853027,-1290174122_FL,TSS,Outflow,53
7.0,-1290174122_FL,TSS,Outflow,53
1.0,-1290174122_FL,TSS,Outflow,53
5.300000190734863,-1290174122_FL,TSS,Outflow,54
6.0,-1290174122_FL,TSS,Outflow,54
30.79999923706055,-1290174122_FL,TSS,Outflow,54
10.0,-1290174122_FL,TSS,Outflow,54
5.0,-1290174122_FL,TSS,Outflow,54
5.699999809265137,-1290174122_FL,TSS,Outflow,55
3.0,-1290174122_FL,TSS,Outflow,55
29.39999961853027,-1290174122_FL,TSS,Outflow,55
6.0,-1290174122_FL,TSS,Outflow,55
3.0,-1290174122_FL,TSS,Outflow,55
10.69999980926514,-1290174122_FL,TSS,Outflow,56
3.0,-1290174122_FL,TSS,Outflow,56
7.599999904632568,-1290174122_FL,TSS,Outflow,56
15.0,-1290174122_FL,TSS,Outflow,56
13.69999980926514,-1290174122_FL,TSS,Outflow,56
9.699999809265137,-1290174122_FL,TSS,Outflow,57
7.0,-1290174122_FL,TSS,Outflow,57
20.29999923706055,-1290174122_FL,TSS,Outflow,57
7.900000095367432,-1290174122_FL,TSS,Outflow,57
1.0,-1290174122_FL,TSS,Outflow,57
16.0,-1290174122_FL,TSS,Outflow,58
8.0,-1290174122_FL,TSS,Outflow,58
9.899999618530273,-1290174122_FL,TSS,Outflow,58
3.0,-1290174122_FL,TSS,Outflow,58
16.0,-1290174122_FL,TSS,Outflow,58
5.0,-1290174122_FL,TSS,Outflow,59
10.0,-1290174122_FL,TSS,Outflow,59
2.0,-1290174122_FL,TSS,Outflow,59
1.0,-1290174122_FL,TSS,Outflow,59
15.0,-1290174122_FL,TSS,Outflow,59
16.5,-1290174122_FL,TSS,Outflow,60
3.0,-1290174122_FL,TSS,Outflow,60
19.0,-1290174122_FL,TSS,Outflow,60
5.0,-1290174122_FL,TSS,Outflow,60
8.0,-1290174122_FL,TSS,Outflow,60
4.0,-1290174122_FL,TSS,Outflow,61
9.5,-1290174122_FL,TSS,Outflow,61
0.02999999932944775,-1290174122_FL,TSS,Outflow,61
3.0,-1290174122_FL,TSS,Outflow,61
8.0,-1290174122_FL,TSS,Outflow,61
6.0,-1290174122_FL,TSS,Outflow,62
7.5,-1290174122_FL,TSS,Outflow,62
12.5,-1290174122_FL,TSS,Outflow,62
4.0,-1290174122_FL,TSS,Outflow,62
7.0,-1290174122_FL,TSS,Outflow,62
28.0,-1290174122_FL,TSS,Outflow,63
8.0,-1290174122_FL,TSS,Outflow,63
7.900000095367432,-1290174122_FL,TSS,Outflow,63
7.5,-1290174122_FL,TSS,Outflow,63
7.099999904632568,-1290174122_FL,TSS,Outflow,63
7.0,-1290174122_FL,TSS,Outflow,64
3.0,-1290174122_FL,TSS,Outflow,64
4.0,-1290174122_FL,TSS,Outflow,64
47.0,-1290174122_FL,TSS,Outflow,64
3.0,-1290174122_FL,TSS,Outflow,64
16.0,-1290174122_FL,TSS,Outflow,65
11.0,-1290174122_FL,TSS,Outflow,65
9.100000381469727,-1290174122_FL,TSS,Outflow,65
7.0,-1290174122_FL,TSS,Outflow,65
8.0,-1290174122_FL,TSS,Outflow,65
7.099999904632568,-1290174122_FL,TSS,Outflow,66
20.70000076293945,-1290174122_FL,TSS,Outflow,66
7.0,-1290174122_FL,TSS,Outflow,66
3.0,-1290174122_FL,TSS,Outflow,66
8.0,-1290174122_FL,TSS,Outflow,66
5.699999809265137,-1290174122_FL,TSS,Outflow,67
5.300000190734863,-1290174122_FL,TSS,Outflow,67
5.0,-1290174122_FL,TSS,Outflow,67
2.0,-1290174122_FL,TSS,Outflow,67
8.0,-1290174122_FL,TSS,Outflow,67
2.0,-1290174122_FL,TSS,Outflow,68
3.0,-1290174122_FL,TSS,Outflow,68
15.0,-1290174122_FL,TSS,Outflow,68
3.0,-1290174122_FL,TSS,Outflow,68
7.099999904632568,-1290174122_FL,TSS,Outflow,68
15.89999961853027,-1290174122_FL,TSS,Outflow,69
6.0,-1290174122_FL,TSS,Outflow,69
6.0,-1290174122_FL,TSS,Outflow,69
29.39999961853027,-1290174122_FL,TSS,Outflow,69
7.0,-1290174122_FL,TSS,Outflow,69
47.0,-1290174122_FL,TSS,Outflow,70
13.69999980926514,-1290174122_FL,TSS,Outflow,70
4.0,-1290174122_FL,TSS,Outflow,70
6.0,-1290174122_FL,TSS,Outflow,70
8.0,-1290174122_FL,TSS,Outflow,70
3.0,-1290174122_FL,TSS,Outflow,71
12.10000038146973,-1290174122_FL,TSS,Outflow,71
16.70000076293945,-1290174122_FL,TSS,Outflow,71
1.0,-1290174122_FL,TSS,Outflow,71
49.29999923706055,-1290174122_FL,TSS,Outflow,71
4.0,-1290174122_FL,TSS,Outflow,72
2.0,-1290174122_FL,TSS,Outflow,72
11.5,-1290174122_FL,TSS,Outflow,72
10.5,-1290174122_FL,TSS,Outflow,72
47.0,-1290174122_FL,TSS,Outflow,72
13.69999980926514,-1290174122_FL,TSS,Outflow,73
7.5,-1290174122_FL,TSS,Outflow,73
23.0,-1290174122_FL,TSS,Outflow,73
49.29999923706055,-1290174122_FL,TSS,Outflow,73
16.0,-1290174122_FL,TSS,Outflow,73
3.0,-1290174122_FL,TSS,Outflow,74
28.0,-1290174122_FL,TSS,Outflow,74
7.5,-1290174122_FL,TSS,Outflow,74
3.0,-1290174122_FL,TSS,Outflow,74
9.699999809265137,-1290174122_FL,TSS,Outflow,74
16.60000038146973,-1290174122_FL,TSS,Outflow,75
16.5,-1290174122_FL,TSS,Outflow,75
3.0,-1290174122_FL,TSS,Outflow,75
28.0,-1290174122_FL,TSS,Outflow,75
4.0,-1290174122_FL,TSS,Outflow,75
1.0,-1290174122_FL,TSS,Outflow,76
3.0,-1290174122_FL,TSS,Outflow,76
5.0,-1290174122_FL,TSS,Outflow,76
15.0,-1290174122_FL,TSS,Outflow,76
3.0,-1290174122_FL,TSS,Outflow,76
1.0,-1290174122_FL,TSS,Outflow,77
3.0,-1290174122_FL,TSS,Outflow,77
30.79999923706055,-1290174122_FL,TSS,Outflow,77
7.5,-1290174122_FL,TSS,Outflow,77
1.0,-1290174122_FL,TSS,Outflow,77
2.0,-1290174122_FL,TSS,Outflow,78
0.02999999932944775,-1290174122_FL,TSS,Outflow,78
9.0,-1290174122_FL,TSS,Outflow,78
12.39999961853027,-1290174122_FL,TSS,Outflow,78
8.0,-1290174122_FL,TSS,Outflow,78
8.0,-1290174122_FL,TSS,Outflow,79
5.0,-1290174122_FL,TSS,Outflow,79
9.899999618530273,-1290174122_FL,TSS,Outflow,79
8.0,-1290174122_FL,TSS,Outflow,79
7.0,-1290174122_FL,TSS,Outflow,79
15.0,-1290174122_FL,TSS,Outflow,80
5.0,-1290174122_FL,TSS,Outflow,80
20.29999923706055,-1290174122_FL,TSS,Outflow,80
10.0,-1290174122_FL,TSS,Outflow,80
3.0,-1290174122_FL,TSS,Outflow,80
19.0,-1290174122_FL,TSS,Outflow,81
10.5,-1290174122_FL,TSS,Outflow,81
28.0,-1290174122_FL,TSS,Outflow,81
7.0,-1290174122_FL,TSS,Outflow,81
9.899999618530273,-1290174122_FL,TSS,Outflow,81
20.29999923706055,-1290174122_FL,TSS,Outflow,82
0.02999999932944775,-1290174122_FL,TSS,Outflow,82
10.0,-1290174122_FL,TSS,Outflow,82
2.0,-1290174122_FL,TSS,Outflow,82
47.0,-1290174122_FL,TSS,Outflow,82
11.5,-1290174122_FL,TSS,Outflow,83
16.5,-1290174122_FL,TSS,Outflow,83
4.0,-1290174122_FL,TSS,Outflow,83
11.0,-1290174122_FL,TSS,Outflow,83
7.599999904632568,-1290174122_FL,TSS,Outflow,83
2.0,-1290174122_FL,TSS,Outflow,84
28.0,-1290174122_FL,TSS,Outflow,84
20.70000076293945,-1290174122_FL,TSS,Outflow,84
2.0,-1290174122_FL,TSS,Outflow,84
10.0,-1290174122_FL,TSS,Outflow,84
1.0,-1290174122_FL,TSS,Outflow,85
4.0,-1290174122_FL,TSS,Outflow,85
5.0,-1290174122_FL,TSS,Outflow,85
7.900000095367432,-1290174122_FL,TSS,Outflow,85
1.0,-1290174122_FL,TSS,Outflow,85
10.0,-1290174122_FL,TSS,Outflow,86
5.0,-1290174122_FL,TSS,Outflow,86
6.0,-1290174122_FL,TSS,Outflow,86
5.699999809265137,-1290174122_FL,TSS,Outflow,86
2.0,-1290174122_FL,TSS,Outflow,86
23.0,-1290174122_FL,TSS,Outflow,87
3.0,-1290174122_FL,TSS,Outflow,87
5.0,-1290174122_FL,TSS,Outflow,87
5.099999904632568,-1290174122_FL,TSS,Outflow,87
20.70000076293945,-1290174122_FL,TSS,Outflow,87
3.0,-1290174122_FL,TSS,Outflow,88
7.599999904632568,-1290174122_FL,TSS,Outflow,88
3.0,-1290174122_FL,TSS,Outflow,88
15.0,-1290174122_FL,TSS,Outflow,88
7.0,-1290174122_FL,TSS,Outflow,88
3.0,-1290174122_FL,TSS,Outflow,89
10.0,-1290174122_FL,TSS,Outflow,89
5.0,-1290174122_FL,TSS,Outflow,89
7.599999904632568,-1290174122_FL,TSS,Outflow,89
2.0,-1290174122_FL,TSS,Outflow,89
3.0,-1290174122_FL,TSS,Outflow,90
47.0,-1290174122_FL,TSS,Outflow,90
5.0,-1290174122_FL,TSS,Outflow,90
2.0,-1290174122_FL,TSS,Outflow,90
16.60000038146973,-1290174122_FL,TSS,Outflow,90
5.0,-1290174122_FL,TSS,Outflow,91
2.0,-1290174122_FL,TSS,Outflow,91
10.0,-1290174122_FL,TSS,Outflow,91
3.0,-1290174122_FL,TSS,Outflow,91
49.29999923706055,-1290174122_FL,TSS,Outflow,91
49.29999923706055,-1290174122_FL,TSS,Outflow,92
15.0,-1290174122_FL,TSS,Outflow,92
8.0,-1290174122_FL,TSS,Outflow,92
10.0,-1290174122_FL,TSS,Outflow,92
7.300000190734863,-1290174122_FL,TSS,Outflow,92
19.0,-1290174122_FL,TSS,Outflow,93
2.0,-1290174122_FL,TSS,Outflow,93
5.0,-1290174122_FL,TSS,Outflow,93
8.0,-1290174122_FL,TSS,Outflow,93
4.0,-1290174122_FL,TSS,Outflow,93
5.0,-1290174122_FL,TSS,Outflow,94
3.0,-1290174122_FL,TSS,Outflow,94
2.0,-1290174122_FL,TSS,Outflow,94
3.0,-1290174122_FL,TSS,Outflow,94
0.02999999932944775,-1290174122_FL,TSS,Outflow,94
5.0,-1290174122_FL,TSS,Outflow,95
5.099999904632568,-1290174122_FL,TSS,Outflow,95
3.0,-1290174122_FL,TSS,Outflow,95
3.0,-1290174122_FL,TSS,Outflow,95
8.0,-1290174122_FL,TSS,Outflow,95
20.70000076293945,-1290174122_FL,TSS,Outflow,96
3.0,-1290174122_FL,TSS,Outflow,96
3.0,-1290174122_FL,TSS,Outflow,96
5.699999809265137,-1290174122_FL,TSS,Outflow,96
10.0,-1290174122_FL,TSS,Outflow,96
3.0,-1290174122_FL,TSS,Outflow,97
2.0,-1290174122_FL,TSS,Outflow,97
29.39999961853027,-1290174122_FL,TSS,Outflow,97
8.0,-1290174122_FL,TSS,Outflow,97
15.0,-1290174122_FL,TSS,Outflow,97
8.0,-1290174122_FL,TSS,Outflow,98
2.0,-1290174122_FL,TSS,Outflow,98
5.699999809265137,-1290174122_FL,TSS,Outflow,98
6.0,-1290174122_FL,TSS,Outflow,98
1.0,-1290174122_FL,TSS,Outflow,98
3.0,-1290174122_FL,TSS,Outflow,99
5.0,-1290174122_FL,TSS,Outflow,99
2.0,-1290174122_FL,TSS,Outflow,99
2.0,-1290174122_FL,TSS,Outflow,99
2.0,-1290174122_FL,TSS,Outflow,99
3.0,-1290174122_FL,TSS,Outflow,100
29.39999961853027,-1290174122_FL,TSS,Outflow,100
7.0,-1290174122_FL,TSS,Outflow,100
7.599999904632568,-1290174122_FL,TSS,Outflow,100
47.0,-1290174122_FL,TSS,Outflow,100
3.0,-1290174122_FL,TSS,Outflow,101
10.5,-1290174122_FL,TSS,Outflow,101
2.0,-1290174122_FL,TSS,Outflow,101
15.0,-1290174122_FL,TSS,Outflow,101
10.69999980926514,-1290174122_FL,TSS,Outflow,101
3.0,-1290174122_FL,TSS,Outflow,102
12.5,-1290174122_FL,TSS,Outflow,102
5.0,-1290174122_FL,TSS,Outflow,102
7.0,-1290174122_FL,TSS,Outflow,102
28.0,-1290174122_FL,TSS,Outflow,102
2.0,-1290174122_FL,TSS,Outflow,103
8.0,-1290174122_FL,TSS,Outflow,103
28.0,-1290174122_FL,TSS,Outflow,103
15.89999961853027,-1290174122_FL,TSS,Outflow,103
2.0,-1290174122_FL,TSS,Outflow,103
0.02999999932944775,-1290174122_FL,TSS,Outflow,104
4.0,-1290174122_FL,TSS,Outflow,104
7.900000095367432,-1290174122_FL,TSS,Outflow,104
4.0,-1290174122_FL,TSS,Outflow,104
11.0,-1290174122_FL,TSS,Outflow,104
5.0,-1290174122_FL,TSS,Outflow,105
2.0,-1290174122_FL,TSS,Outflow,105
19.0,-1290174122_FL,TSS,Outflow,105
4.0,-1290174122_FL,TSS,Outflow,105
0.02999999932944775,-1290174122_FL,TSS,Outflow,105
10.69999980926514,-1290174122_FL,TSS,Outflow,106
19.0,-1290174122_FL,TSS,Outflow,106
5.0,-1290174122_FL,TSS,Outflow,106
4.0,-1290174122_FL,TSS,Outflow,106
2.0,-1290174122_FL,TSS,Outflow,106
3.0,-1290174122_FL,TSS,Outflow,107
3.0,-1290174122_FL,TSS,Outflow,107
12.10000038146973,-1290174122_FL,TSS,Outflow,107
2.0,-1290174122_FL,TSS,Outflow,107
11.0,-1290174122_FL,TSS,Outflow,107
5.0,-1290174122_FL,TSS,Outflow,108
0.02999999932944775,-1290174122_FL,TSS,Outflow,108
5.0,-1290174122_FL,TSS,Outflow,108
8.0,-1290174122_FL,TSS,Outflow,108
29.39999961853027,-1290174122_FL,TSS,Outflow,108
4.0,-1290174122_FL,TSS,Outflow,109
5.0,-1290174122_FL,TSS,Outflow,109
15.89999961853027,-1290174122_FL,TSS,Outflow,109
11.5,-1290174122_FL,TSS,Outflow,109
9.600000381469727,-1290174122_FL,TSS,Outflow,109
3.0,-1290174122_FL,TSS,Outflow,110
12.10000038146973,-1290174122_FL,TSS,Outflow,110
2.0,-1290174122_FL,TSS,Outflow,110
9.5,-1290174122_FL,TSS,Outflow,110
1.0,-1290174122_FL,TSS,Outflow,110
8.0,-1290174122_FL,TSS,Outflow,111
7.0,-1290174122_FL,TSS,Outflow,111
7.300000190734863,-1290174122_FL,TSS,Outflow,111
20.29999923706055,-1290174122_FL,TSS,Outflow,111
3.0,-1290174122_FL,TSS,Outflow,111
3.0,-1290174122_FL,TSS,Outflow,112
10.0,-1290174122_FL,TSS,Outflow,112
7.0,-1290174122_FL,TSS,Outflow,112
3.0,-1290174122_FL,TSS,Outflow,112
10.5,-1290174122_FL,TSS,Outflow,112
19.0,-1290174122_FL,TSS,Outflow,113
5.0,-1290174122_FL,TSS,Outflow,113
4.0,-1290174122_FL,TSS,Outflow,113
5.0,-1290174122_FL,TSS,Outflow,113
2.0,-1290174122_FL,TSS,Outflow,113
11.0,-1290174122_FL,TSS,Outflow,114
15.0,-1290174122_FL,TSS,Outflow,114
20.70000076293945,-1290174122_FL,TSS,Outflow,114
8.0,-1290174122_FL,TSS,Outflow,114
16.0,-1290174122_FL,TSS,Outflow,114
11.0,-1290174122_FL,TSS,Outflow,115
2.0,-1290174122_FL,TSS,Outflow,115
19.0,-1290174122_FL,TSS,Outflow,115
15.0,-1290174122_FL,TSS,Outflow,115
11.0,-1290174122_FL,TSS,Outflow,115
3.0,-1290174122_FL,TSS,Outflow,116
3.0,-1290174122_FL,TSS,Outflow,116
4.0,-1290174122_FL,TSS,Outflow,116
49.29999923706055,-1290174122_FL,TSS,Outflow,116
5.0,-1290174122_FL,TSS,Outflow,116
4.0,-1290174122_FL,TSS,Outflow,117
2.0,-1290174122_FL,TSS,Outflow,117
5.0,-1290174122_FL,TSS,Outflow,117
6.0,-1290174122_FL,TSS,Outflow,117
9.5,-1290174122_FL,TSS,Outflow,117
2.0,-1290174122_FL,TSS,Outflow,118
49.29999923706055,-1290174122_FL,TSS,Outflow,118
47.0,-1290174122_FL,TSS,Outflow,118
19.0,-1290174122_FL,TSS,Outflow,118
16.0,-1290174122_FL,TSS,Outflow,118
5.0,-1290174122_FL,TSS,Outflow,119
29.39999961853027,-1290174122_FL,TSS,Outflow,119
9.0,-1290174122_FL,TSS,Outflow,119
7.0,-1290174122_FL,TSS,Outflow,119
13.69999980926514,-1290174122_FL,TSS,Outflow,119
11.0,-1290174122_FL,TSS,Outflow,120
9.899999618530273,-1290174122_FL,TSS,Outflow,120
16.5,-1290174122_FL,TSS,Outflow,120
7.5,-1290174122_FL,TSS,Outflow,120
6.0,-1290174122_FL,TSS,Outflow,120
8.0,-1290174122_FL,TSS,Outflow,121
10.0,-1290174122_FL,TSS,Outflow,121
16.0,-1290174122_FL,TSS,Outflow,121
7.599999904632568,-1290174122_FL,TSS,Outflow,121
11.0,-1290174122_FL,TSS,Outflow,121
20.29999923706055,-1290174122_FL,TSS,Outflow,122
11.0,-1290174122_FL,TSS,Outflow,122
15.89999961853027,-1290174122_FL,TSS,Outflow,122
16.0,-1290174122_FL,TSS,Outflow,122
7.599999904632568,-1290174122_FL,TSS,Outflow,122
10.0,-1290174122_FL,TSS,Outflow,123
10.0,-1290174122_FL,TSS,Outflow,123
2.0,-1290174122_FL,TSS,Outflow,123
10.69999980926514,-1290174122_FL,TSS,Outflow,123
9.600000381469727,-1290174122_FL,TSS,Outflow,123
7.5,-1290174122_FL,TSS,Outflow,124
3.0,-1290174122_FL,TSS,Outflow,124
3.0,-1290174122_FL,TSS,Outflow,124
49.29999923706055,-1290174122_FL,TSS,Outflow,124
2.0,-1290174122_FL,TSS,Outflow,124
8.0,-1290174122_FL,TSS,Outflow,125
7.599999904632568,-1290174122_FL,TSS,Outflow,125
4.0,-1290174122_FL,TSS,Outflow,125
0.02999999932944775,-1290174122_FL,TSS,Outflow,125
10.69999980926514,-1290174122_FL,TSS,Outflow,125
7.0,-1290174122_FL,TSS,Outflow,126
3.0,-1290174122_FL,TSS,Outflow,126
3.0,-1290174122_FL,TSS,Outflow,126
16.60000038146973,-1290174122_FL,TSS,Outflow,126
30.79999923706055,-1290174122_FL,TSS,Outflow,126
9.0,-1290174122_FL,TSS,Outflow,127
2.0,-1290174122_FL,TSS,Outflow,127
7.099999904632568,-1290174122_FL,TSS,Outflow,127
3.0,-1290174122_FL,TSS,Outflow,127
15.89999961853027,-1290174122_FL,TSS,Outflow,127
11.5,-1290174122_FL,TSS,Outflow,128
7.099999904632568,-1290174122_FL,TSS,Outflow,128
6.0,-1290174122_FL,TSS,Outflow,128
7.0,-1290174122_FL,TSS,Outflow,128
16.0,-1290174122_FL,TSS,Outflow,128
5.0,-1290174122_FL,TSS,Outflow,129
10.5,-1290174122_FL,TSS,Outflow,129
5.0,-1290174122_FL,TSS,Outflow,129
3.0,-1290174122_FL,TSS,Outflow,129
12.10000038146973,-1290174122_FL,TSS,Outflow,129
3.0,-1290174122_FL,TSS,Outflow,130
2.0,-1290174122_FL,TSS,Outflow,130
2.0,-1290174122_FL,TSS,Outflow,130
4.0,-1290174122_FL,TSS,Outflow,130
9.100000381469727,-1290174122_FL,TSS,Outflow,130
9.699999809265137,-1290174122_FL,TSS,Outflow,131
3.0,-1290174122_FL,TSS,Outflow,131
29.39999961853027,-1290174122_FL,TSS,Outflow,131
2.0,-1290174122_FL,TSS,Outflow,131
2.0,-1290174122_FL,TSS,Outflow,131
16.5,-1290174122_FL,TSS,Outflow,132
5.0,-1290174122_FL,TSS,Outflow,132
8.0,-1290174122_FL,TSS,Outflow,132
2.0,-1290174122_FL,TSS,Outflow,132
12.39999961853027,-1290174122_FL,TSS,Outflow,132
4.0,-1290174122_FL,TSS,Outflow,133
0.02999999932944775,-1290174122_FL,TSS,Outflow,133
2.0,-1290174122_FL,TSS,Outflow,133
12.39999961853027,-1290174122_FL,TSS,Outflow,133
2.0,-1290174122_FL,TSS,Outflow,133
6.0,-1290174122_FL,TSS,Outflow,134
9.899999618530273,-1290174122_FL,TSS,Outflow,134
3.0,-1290174122_FL,TSS,Outflow,134
8.0,-1290174122_FL,TSS,Outflow,134
2.0,-1290174122_FL,TSS,Outflow,134
19.0,-1290174122_FL,TSS,Outflow,135
4.0,-1290174122_FL,TSS,Outflow,135
11.0,-1290174122_FL,TSS,Outflow,135
7.0,-1290174122_FL,TSS,Outflow,135
3.0,-1290174122_FL,TSS,Outflow,135
2.0,-1290174122_FL,TSS,Outflow,136
8.0,-1290174122_FL,TSS,Outflow,136
20.29999923706055,-1290174122_FL,TSS,Outflow,136
10.69999980926514,-1290174122_FL,TSS,Outflow,136
19.0,-1290174122_FL,TSS,Outflow,136
7.300000190734863,-1290174122_FL,TSS,Outflow,137
3.0,-1290174122_FL,TSS,Outflow,137
49.29999923706055,-1290174122_FL,TSS,Outflow,137
2.0,-1290174122_FL,TSS,Outflow,137
3.0,-1290174122_FL,TSS,Outflow,137
3.0,-1290174122_FL,TSS,Outflow,138
3.0,-1290174122_FL,TSS,Outflow,138
5.0,-1290174122_FL,TSS,Outflow,138
10.0,-1290174122_FL,TSS,Outflow,138
3.0,-1290174122_FL,TSS,Outflow,138
9.899999618530273,-1290174122_FL,TSS,Outflow,139
19.0,-1290174122_FL,TSS,Outflow,139
8.0,-1290174122_FL,TSS,Outflow,139
5.099999904632568,-1290174122_FL,TSS,Outflow,139
10.5,-1290174122_FL,TSS,Outflow,139
6.0,-1290174122_FL,TSS,Outflow,140
2.0,-1290174122_FL,TSS,Outflow,140
5.0,-1290174122_FL,TSS,Outflow,140
12.10000038146973,-1290174122_FL,TSS,Outflow,140
12.39999961853027,-1290174122_FL,TSS,Outflow,140
2.0,-1290174122_FL,TSS,Outflow,141
4.0,-1290174122_FL,TSS,Outflow,141
5.699999809265137,-1290174122_FL,TSS,Outflow,141
1.0,-1290174122_FL,TSS,Outflow,141
11.0,-1290174122_FL,TSS,Outflow,141
7.0,-1290174122_FL,TSS,Outflow,142
15.89999961853027,-1290174122_FL,TSS,Outflow,142
15.0,-1290174122_FL,TSS,Outflow,142
6.0,-1290174122_FL,TSS,Outflow,142
19.0,-1290174122_FL,TSS,Outflow,142
3.0,-1290174122_FL,TSS,Outflow,143
20.29999923706055,-1290174122_FL,TSS,Outflow,143
28.0,-1290174122_FL,TSS,Outflow,143
9.699999809265137,-1290174122_FL,TSS,Outflow,143
9.0,-1290174122_FL,TSS,Outflow,143
7.0,-1290174122_FL,TSS,Outflow,144
49.29999923706055,-1290174122_FL,TSS,Outflow,144
2.0,-1290174122_FL,TSS,Outflow,144
11.0,-1290174122_FL,TSS,Outflow,144
7.0,-1290174122_FL,TSS,Outflow,144
5.300000190734863,-1290174122_FL,TSS,Outflow,145
8.0,-1290174122_FL,TSS,Outflow,145
6.0,-1290174122_FL,TSS,Outflow,145
2.0,-1290174122_FL,TSS,Outflow,145
3.0,-1290174122_FL,TSS,Outflow,145
30.79999923706055,-1290174122_FL,TSS,Outflow,146
3.0,-1290174122_FL,TSS,Outflow,146
20.29999923706055,-1290174122_FL,TSS,Outflow,146
0.02999999932944775,-1290174122_FL,TSS,Outflow,146
23.0,-1290174122_FL,TSS,Outflow,146
11.0,-1290174122_FL,TSS,Outflow,147
30.79999923706055,-1290174122_FL,TSS,Outflow,147
8.0,-1290174122_FL,TSS,Outflow,147
11.0,-1290174122_FL,TSS,Outflow,147
2.0,-1290174122_FL,TSS,Outflow,147
10.5,-1290174122_FL,TSS,Outflow,148
9.0,-1290174122_FL,TSS,Outflow,148
16.70000076293945,-1290174122_FL,TSS,Outflow,148
5.300000190734863,-1290174122_FL,TSS,Outflow,148
12.5,-1290174122_FL,TSS,Outflow,148
6.0,-1290174122_FL,TSS,Outflow,149
5.099999904632568,-1290174122_FL,TSS,Outflow,149
7.0,-1290174122_FL,TSS,Outflow,149
5.0,-1290174122_FL,TSS,Outflow,149
5.0,-1290174122_FL,TSS,Outflow,149
4.0,-1290174122_FL,TSS,Outflow,150
7.099999904632568,-1290174122_FL,TSS,Outflow,150
4.0,-1290174122_FL,TSS,Outflow,150
13.69999980926514,-1290174122_FL,TSS,Outflow,150
3.0,-1290174122_FL,TSS,Outflow,150
6.0,-1290174122_FL,TSS,Outflow,151
28.0,-1290174122_FL,TSS,Outflow,151
12.10000038146973,-1290174122_FL,TSS,Outflow,151
7.900000095367432,-1290174122_FL,TSS,Outflow,151
6.0,-1290174122_FL,TSS,Outflow,151
0.02999999932944775,-1290174122_FL,TSS,Outflow,152
3.0,-1290174122_FL,TSS,Outflow,152
4.0,-1290174122_FL,TSS,Outflow,152
9.0,-1290174122_FL,TSS,Outflow,152
16.0,-1290174122_FL,TSS,Outflow,152
2.0,-1290174122_FL,TSS,Outflow,153
11.0,-1290174122_FL,TSS,Outflow,153
9.0,-1290174122_FL,TSS,Outflow,153
7.900000095367432,-1290174122_FL,TSS,Outflow,153
5.099999904632568,-1290174122_FL,TSS,Outflow,153
9.699999809265137,-1290174122_FL,TSS,Outflow,154
7.0,-1290174122_FL,TSS,Outflow,154
9.899999618530273,-1290174122_FL,TSS,Outflow,154
9.600000381469727,-1290174122_FL,TSS,Outflow,154
12.39999961853027,-1290174122_FL,TSS,Outflow,154
23.0,-1290174122_FL,TSS,Outflow,155
16.70000076293945,-1290174122_FL,TSS,Outflow,155
10.69999980926514,-1290174122_FL,TSS,Outflow,155
5.0,-1290174122_FL,TSS,Outflow,155
16.0,-1290174122_FL,TSS,Outflow,155
5.0,-1290174122_FL,TSS,Outflow,156
8.0,-1290174122_FL,TSS,Outflow,156
15.89999961853027,-1290174122_FL,TSS,Outflow,156
7.099999904632568,-1290174122_FL,TSS,Outflow,156
11.0,-1290174122_FL,TSS,Outflow,156
6.0,-1290174122_FL,TSS,Outflow,157
5.699999809265137,-1290174122_FL,TSS,Outflow,157
3.0,-1290174122_FL,TSS,Outflow,157
20.29999923706055,-1290174122_FL,TSS,Outflow,157
5.0,-1290174122_FL,TSS,Outflow,157
7.599999904632568,-1290174122_FL,TSS,Outflow,158
3.0,-1290174122_FL,TSS,Outflow,158
3.0,-1290174122_FL,TSS,Outflow,158
19.0,-1290174122_FL,TSS,Outflow,158
5.0,-1290174122_FL,TSS,Outflow,158
6.0,-1290174122_FL,TSS,Outflow,159
3.0,-1290174122_FL,TSS,Outflow,159
7.099999904632568,-1290174122_FL,TSS,Outflow,159
1.0,-1290174122_FL,TSS,Outflow,159
7.0,-1290174122_FL,TSS,Outflow,159
2.0,-1290174122_FL,TSS,Outflow,160
2.0,-1290174122_FL,TSS,Outflow,160
2.0,-1290174122_FL,TSS,Outflow,160
5.0,-1290174122_FL,TSS,Outflow,160
19.0,-1290174122_FL,TSS,Outflow,160
9.699999809265137,-1290174122_FL,TSS,Outflow,161
7.900000095367432,-1290174122_FL,TSS,Outflow,161
6.0,-1290174122_FL,TSS,Outflow,161
8.0,-1290174122_FL,TSS,Outflow,161
4.0,-1290174122_FL,TSS,Outflow,161
10.69999980926514,-1290174122_FL,TSS,Outflow,162
3.0,-1290174122_FL,TSS,Outflow,162
28.0,-1290174122_FL,TSS,Outflow,162
3.0,-1290174122_FL,TSS,Outflow,162
1.0,-1290174122_FL,TSS,Outflow,162
5.0,-1290174122_FL,TSS,Outflow,163
11.0,-1290174122_FL,TSS,Outflow,163
3.0,-1290174122_FL,TSS,Outflow,163
3.0,-1290174122_FL,TSS,Outflow,163
4.0,-1290174122_FL,TSS,Outflow,163
3.0,-1290174122_FL,TSS,Outflow,164
11.0,-1290174122_FL,TSS,Outflow,164
16.60000038146973,-1290174122_FL,TSS,Outflow,164
6.0,-1290174122_FL,TSS,Outflow,164
9.5,-1290174122_FL,TSS,Outflow,164
3.0,-1290174122_FL,TSS,Outflow,165
5.0,-1290174122_FL,TSS,Outflow,165
9.0,-1290174122_FL,TSS,Outflow,165
16.70000076293945,-1290174122_FL,TSS,Outflow,165
28.0,-1290174122_FL,TSS,Outflow,165
4.0,-1290174122_FL,TSS,Outflow,166
15.0,-1290174122_FL,TSS,Outflow,166
3.0,-1290174122_FL,TSS,Outflow,166
12.39999961853027,-1290174122_FL,TSS,Outflow,166
10.0,-1290174122_FL,TSS,Outflow,166
7.0,-1290174122_FL,TSS,Outflow,167
7.900000095367432,-1290174122_FL,TSS,Outflow,167
5.0,-1290174122_FL,TSS,Outflow,167
7.0,-1290174122_FL,TSS,Outflow,167
2.0,-1290174122_FL,TSS,Outflow,167
29.39999961853027,-1290174122_FL,TSS,Outflow,168
10.0,-1290174122_FL,TSS,Outflow,168
7.900000095367432,-1290174122_FL,TSS,Outflow,168
16.5,-1290174122_FL,TSS,Outflow,168
16.0,-1290174122_FL,TSS,Outflow,168
5.699999809265137,-1290174122_FL,TSS,Outflow,169
4.0,-1290174122_FL,TSS,Outflow,169
3.0,-1290174122_FL,TSS,Outflow,169
7.300000190734863,-1290174122_FL,TSS,Outflow,169
12.39999961853027,-1290174122_FL,TSS,Outflow,169
28.0,-1290174122_FL,TSS,Outflow,170
15.89999961853027,-1290174122_FL,TSS,Outflow,170
4.0,-1290174122_FL,TSS,Outflow,170
49.29999923706055,-1290174122_FL,TSS,Outflow,170
2.0,-1290174122_FL,TSS,Outflow,170
7.5,-1290174122_FL,TSS,Outflow,171
15.0,-1290174122_FL,TSS,Outflow,171
15.0,-1290174122_FL,TSS,Outflow,171
2.0,-1290174122_FL,TSS,Outflow,171
12.5,-1290174122_FL,TSS,Outflow,171
0.02999999932944775,-1290174122_FL,TSS,Outflow,172
20.70000076293945,-1290174122_FL,TSS,Outflow,172
3.0,-1290174122_FL,TSS,Outflow,172
5.099999904632568,-1290174122_FL,TSS,Outflow,172
11.0,-1290174122_FL,TSS,Outflow,172
3.0,-1290174122_FL,TSS,Outflow,173
29.39999961853027,-1290174122_FL,TSS,Outflow,173
4.0,-1290174122_FL,TSS,Outflow,173
2.0,-1290174122_FL,TSS,Outflow,173
16.0,-1290174122_FL,TSS,Outflow,173
23.0,-1290174122_FL,TSS,Outflow,174
11.0,-1290174122_FL,TSS,Outflow,174
8.0,-1290174122_FL,TSS,Outflow,174
15.0,-1290174122_FL,TSS,Outflow,174
5.0,-1290174122_FL,TSS,Outflow,174
10.0,-1290174122_FL,TSS,Outflow,175
30.79999923706055,-1290174122_FL,TSS,Outflow,175
2.0,-1290174122_FL,TSS,Outflow,175
2.0,-1290174122_FL,TSS,Outflow,175
7.099999904632568,-1290174122_FL,TSS,Outflow,175
15.0,-1290174122_FL,TSS,Outflow,176
9.100000381469727,-1290174122_FL,TSS,Outflow,176
5.099999904632568,-1290174122_FL,TSS,Outflow,176
3.0,-1290174122_FL,TSS,Outflow,176
11.0,-1290174122_FL,TSS,Outflow,176
47.0,-1290174122_FL,TSS,Outflow,177
2.0,-1290174122_FL,TSS,Outflow,177
7.099999904632568,-1290174122_FL,TSS,Outflow,177
3.0,-1290174122_FL,TSS,Outflow,177
3.0,-1290174122_FL,TSS,Outflow,177
8.0,-1290174122_FL,TSS,Outflow,178
11.0,-1290174122_FL,TSS,Outflow,178
3.0,-1290174122_FL,TSS,Outflow,178
8.0,-1290174122_FL,TSS,Outflow,178
19.0,-1290174122_FL,TSS,Outflow,178
23.0,-1290174122_FL,TSS,Outflow,179
5.0,-1290174122_FL,TSS,Outflow,179
9.5,-1290174122_FL,TSS,Outflow,179
12.10000038146973,-1290174122_FL,TSS,Outflow,179
2.0,-1290174122_FL,TSS,Outflow,179
2.0,-1290174122_FL,TSS,Outflow,180
3.0,-1290174122_FL,TSS,Outflow,180
4.0,-1290174122_FL,TSS,Outflow,180
16.70000076293945,-1290174122_FL,TSS,Outflow,180
4.0,-1290174122_FL,TSS,Outflow,180
7.099999904632568,-1290174122_FL,TSS,Outflow,181
10.5,-1290174122_FL,TSS,Outflow,181
3.0,-1290174122_FL,TSS,Outflow,181
3.0,-1290174122_FL,TSS,Outflow,181
9.100000381469727,-1290174122_FL,TSS,Outflow,181
4.0,-1290174122_FL,TSS,Outflow,182
4.0,-1290174122_FL,TSS,Outflow,182
12.5,-1290174122_FL,TSS,Outflow,182
47.0,-1290174122_FL,TSS,Outflow,182
9.5,-1290174122_FL,TSS,Outflow,182
0.02999999932944775,-1290174122_FL,TSS,Outflow,183
8.0,-1290174122_FL,TSS,Outflow,183
20.70000076293945,-1290174122_FL,TSS,Outflow,183
9.600000381469727,-1290174122_FL,TSS,Outflow,183
6.0,-1290174122_FL,TSS,Outflow,183
23.0,-1290174122_FL,TSS,Outflow,184
3.0,-1290174122_FL,TSS,Outflow,184
3.0,-1290174122_FL,TSS,Outflow,184
30.79999923706055,-1290174122_FL,TSS,Outflow,184
3.0,-1290174122_FL,TSS,Outflow,184
2.0,-1290174122_FL,TSS,Outflow,185
11.5,-1290174122_FL,TSS,Outflow,185
5.0,-1290174122_FL,TSS,Outflow,185
3.0,-1290174122_FL,TSS,Outflow,185
4.0,-1290174122_FL,TSS,Outflow,185
5.699999809265137,-1290174122_FL,TSS,Outflow,186
10.69999980926514,-1290174122_FL,TSS,Outflow,186
30.79999923706055,-1290174122_FL,TSS,Outflow,186
3.0,-1290174122_FL,TSS,Outflow,186
2.0,-1290174122_FL,TSS,Outflow,186
9.699999809265137,-1290174122_FL,TSS,Outflow,187
4.0,-1290174122_FL,TSS,Outflow,187
9.0,-1290174122_FL,TSS,Outflow,187
16.60000038146973,-1290174122_FL,TSS,Outflow,187
11.5,-1290174122_FL,TSS,Outflow,187
11.0,-1290174122_FL,TSS,Outflow,188
7.0,-1290174122_FL,TSS,Outflow,188
0.02999999932944775,-1290174122_FL,TSS,Outflow,188
15.89999961853027,-1290174122_FL,TSS,Outflow,188
7.099999904632568,-1290174122_FL,TSS,Outflow,188
2.0,-1290174122_FL,TSS,Outflow,189
29.39999961853027,-1290174122_FL,TSS,Outflow,189
5.699999809265137,-1290174122_FL,TSS,Outflow,189
9.699999809265137,-1290174122_FL,TSS,Outflow,189
6.0,-1290174122_FL,TSS,Outflow,189
7.099999904632568,-1290174122_FL,TSS,Outflow,190
10.0,-1290174122_FL,TSS,Outflow,190
2.0,-1290174122_FL,TSS,Outflow,190
2.0,-1290174122_FL,TSS,Outflow,190
3.0,-1290174122_FL,TSS,Outflow,190
2.0,-1290174122_FL,TSS,Outflow,191
3.0,-1290174122_FL,TSS,Outflow,191
20.29999923706055,-1290174122_FL,TSS,Outflow,191
3.0,-1290174122_FL,TSS,Outflow,191
49.29999923706055,-1290174122_FL,TSS,Outflow,191
15.0,-1290174122_FL,TSS,Outflow,192
3.0,-1290174122_FL,TSS,Outflow,192
6.0,-1290174122_FL,TSS,Outflow,192
6.0,-1290174122_FL,TSS,Outflow,192
29.39999961853027,-1290174122_FL,TSS,Outflow,192
19.0,-1290174122_FL,TSS,Outflow,193
2.0,-1290174122_FL,TSS,Outflow,193
16.5,-1290174122_FL,TSS,Outflow,193
2.0,-1290174122_FL,TSS,Outflow,193
3.0,-1290174122_FL,TSS,Outflow,193
47.0,-1290174122_FL,TSS,Outflow,194
8.0,-1290174122_FL,TSS,Outflow,194
2.0,-1290174122_FL,TSS,Outflow,194
3.0,-1290174122_FL,TSS,Outflow,194
3.0,-1290174122_FL,TSS,Outflow,194
47.0,-1290174122_FL,TSS,Outflow,195
3.0,-1290174122_FL,TSS,Outflow,195
12.5,-1290174122_FL,TSS,Outflow,195
16.70000076293945,-1290174122_FL,TSS,Outflow,195
3.0,-1290174122_FL,TSS,Outflow,195
7.0,-1290174122_FL,TSS,Outflow,196
15.0,-1290174122_FL,TSS,Outflow,196
9.600000381469727,-1290174122_FL,TSS,Outflow,196
3.0,-1290174122_FL,TSS,Outflow,196
2.0,-1290174122_FL,TSS,Outflow,196
3.0,-1290174122_FL,TSS,Outflow,197
7.5,-1290174122_FL,TSS,Outflow,197
4.0,-1290174122_FL,TSS,Outflow,197
5.300000190734863,-1290174122_FL,TSS,Outflow,197
49.29999923706055,-1290174122_FL,TSS,Outflow,197
5.099999904632568,-1290174122_FL,TSS,Outflow,198
6.0,-1290174122_FL,TSS,Outflow,198
19.0,-1290174122_FL,TSS,Outflow,198
4.0,-1290174122_FL,TSS,Outflow,198
10.0,-1290174122_FL,TSS,Outflow,198
13.69999980926514,-1290174122_FL,TSS,Outflow,199
3.0,-1290174122_FL,TSS,Outflow,199
5.099999904632568,-1290174122_FL,TSS,Outflow,199
2.0,-1290174122_FL,TSS,Outflow,199
15.89999961853027,-1290174122_FL,TSS,Outflow,199
5.300000190734863,-1290174122_FL,TSS,Outflow,200
10.5,-1290174122_FL,TSS,Outflow,200
11.0,-1290174122_FL,TSS,Outflow,200
5.0,-1290174122_FL,TSS,Outflow,200
5.699999809265137,-1290174122_FL,TSS,Outflow,200
1.0,-1290174122_FL,TSS,Outflow,201
8.0,-1290174122_FL,TSS,Outflow,201
3.0,-1290174122_FL,TSS,Outflow,201
10.0,-1290174122_FL,TSS,Outflow,201
5.099999904632568,-1290174122_FL,TSS,Outflow,201
10.5,-1290174122_FL,TSS,Outflow,202
6.0,-1290174122_FL,TSS,Outflow,202
8.0,-1290174122_FL,TSS,Outflow,202
2.0,-1290174122_FL,TSS,Outflow,202
12.10000038146973,-1290174122_FL,TSS,Outflow,202
15.0,-1290174122_FL,TSS,Outflow,203
9.699999809265137,-1290174122_FL,TSS,Outflow,203
4.0,-1290174122_FL,TSS,Outflow,203
2.0,-1290174122_FL,TSS,Outflow,203
3.0,-1290174122_FL,TSS,Outflow,203
4.0,-1290174122_FL,TSS,Outflow,204
9.100000381469727,-1290174122_FL,TSS,Outflow,204
19.0,-1290174122_FL,TSS,Outflow,204
7.900000095367432,-1290174122_FL,TSS,Outflow,204
12.39999961853027,-1290174122_FL,TSS,Outflow,204
9.5,-1290174122_FL,TSS,Outflow,205
1.0,-1290174122_FL,TSS,Outflow,205
2.0,-1290174122_FL,TSS,Outflow,205
5.099999904632568,-1290174122_FL,TSS,Outflow,205
15.89999961853027,-1290174122_FL,TSS,Outflow,205
7.300000190734863,-1290174122_FL,TSS,Outflow,206
4.0,-1290174122_FL,TSS,Outflow,206
29.39999961853027,-1290174122_FL,TSS,Outflow,206
0.02999999932944775,-1290174122_FL,TSS,Outflow,206
3.0,-1290174122_FL,TSS,Outflow,206
7.099999904632568,-1290174122_FL,TSS,Outflow,207
9.0,-1290174122_FL,TSS,Outflow,207
7.300000190734863,-1290174122_FL,TSS,Outflow,207
8.0,-1290174122_FL,TSS,Outflow,207
8.0,-1290174122_FL,TSS,Outflow,207
3.0,-1290174122_FL,TSS,Outflow,208
3.0,-1290174122_FL,TSS,Outflow,208
5.699999809265137,-1290174122_FL,TSS,Outflow,208
20.70000076293945,-1290174122_FL,TSS,Outflow,208
6.0,-1290174122_FL,TSS,Outflow,208
3.0,-1290174122_FL,TSS,Outflow,209
3.0,-1290174122_FL,TSS,Outflow,209
8.0,-1290174122_FL,TSS,Outflow,209
3.0,-1290174122_FL,TSS,Outflow,209
6.0,-1290174122_FL,TSS,Outflow,209
16.0,-1290174122_FL,TSS,Outflow,210
6.0,-1290174122_FL,TSS,Outflow,210
3.0,-1290174122_FL,TSS,Outflow,210
5.0,-1290174122_FL,TSS,Outflow,210
10.0,-1290174122_FL,TSS,Outflow,210
8.0,-1290174122_FL,TSS,Outflow,211
12.39999961853027,-1290174122_FL,TSS,Outflow,211
9.5,-1290174122_FL,TSS,Outflow,211
19.0,-1290174122_FL,TSS,Outflow,211
7.0,-1290174122_FL,TSS,Outflow,211
30.79999923706055,-1290174122_FL,TSS,Outflow,212
2.0,-1290174122_FL,TSS,Outflow,212
16.0,-1290174122_FL,TSS,Outflow,212
2.0,-1290174122_FL,TSS,Outflow,212
6.0,-1290174122_FL,TSS,Outflow,212
11.5,-1290174122_FL,TSS,Outflow,213
3.0,-1290174122_FL,TSS,Outflow,213
6.0,-1290174122_FL,TSS,Outflow,213
28.0,-1290174122_FL,TSS,Outflow,213
30.79999923706055,-1290174122_FL,TSS,Outflow,213
10.0,-1290174122_FL,TSS,Outflow,214
15.0,-1290174122_FL,TSS,Outflow,214
4.0,-1290174122_FL,TSS,Outflow,214
23.0,-1290174122_FL,TSS,Outflow,214
11.0,-1290174122_FL,TSS,Outflow,214
10.69999980926514,-1290174122_FL,TSS,Outflow,215
8.0,-1290174122_FL,TSS,Outflow,215
7.900000095367432,-1290174122_FL,TSS,Outflow,215
3.0,-1290174122_FL,TSS,Outflow,215
16.0,-1290174122_FL,TSS,Outflow,215
9.600000381469727,-1290174122_FL,TSS,Outflow,216
16.60000038146973,-1290174122_FL,TSS,Outflow,216
8.0,-1290174122_FL,TSS,Outflow,216
3.0,-1290174122_FL,TSS,Outflow,216
7.599999904632568,-1290174122_FL,TSS,Outflow,216
8.0,-1290174122_FL,TSS,Outflow,217
5.0,-1290174122_FL,TSS,Outflow,217
20.70000076293945,-1290174122_FL,TSS,Outflow,217
13.69999980926514,-1290174122_FL,TSS,Outflow,217
6.0,-1290174122_FL,TSS,Outflow,217
11.0,-1290174122_FL,TSS,Outflow,218
11.5,-1290174122_FL,TSS,Outflow,218
15.0,-1290174122_FL,TSS,Outflow,218
5.0,-1290174122_FL,TSS,Outflow,218
5.0,-1290174122_FL,TSS,Outflow,218
12.5,-1290174122_FL,TSS,Outflow,219
3.0,-1290174122_FL,TSS,Outflow,219
49.29999923706055,-1290174122_FL,TSS,Outflow,219
3.0,-1290174122_FL,TSS,Outflow,219
3.0,-1290174122_FL,TSS,Outflow,219
10.0,-1290174122_FL,TSS,Outflow,220
5.0,-1290174122_FL,TSS,Outflow,220
9.5,-1290174122_FL,TSS,Outflow,220
3.0,-1290174122_FL,TSS,Outflow,220
15.0,-1290174122_FL,TSS,Outflow,220
5.0,-1290174122_FL,TSS,Outflow,221
28.0,-1290174122_FL,TSS,Outflow,221
15.0,-1290174122_FL,TSS,Outflow,221
16.60000038146973,-1290174122_FL,TSS,Outflow,221
30.79999923706055,-1290174122_FL,TSS,Outflow,221
3.0,-1290174122_FL,TSS,Outflow,222
3.0,-1290174122_FL,TSS,Outflow,222
7.0,-1290174122_FL,TSS,Outflow,222
8.0,-1290174122_FL,TSS,Outflow,222
3.0,-1290174122_FL,TSS,Outflow,222
20.29999923706055,-1290174122_FL,TSS,Outflow,223
3.0,-1290174122_FL,TSS,Outflow,223
4.0,-1290174122_FL,TSS,Outflow,223
15.0,-1290174122_FL,TSS,Outflow,223
49.29999923706055,-1290174122_FL,TSS,Outflow,223
2.0,-1290174122_FL,TSS,Outflow,224
20.70000076293945,-1290174122_FL,TSS,Outflow,224
6.0,-1290174122_FL,TSS,Outflow,224
30.79999923706055,-1290174122_FL,TSS,Outflow,224
11.0,-1290174122_FL,TSS,Outflow,224
2.0,-1290174122_FL,TSS,Outflow,225
3.0,-1290174122_FL,TSS,Outflow,225
19.0,-1290174122_FL,TSS,Outflow,225
7.099999904632568,-1290174122_FL,TSS,Outflow,225
1.0,-1290174122_FL,TSS,Outflow,225
7.099999904632568,-1290174122_FL,TSS,Outflow,226
10.5,-1290174122_FL,TSS,Outflow,226
4.0,-1290174122_FL,TSS,Outflow,226
15.0,-1290174122_FL,TSS,Outflow,226
16.70000076293945,-1290174122_FL,TSS,Outflow,226
5.699999809265137,-1290174122_FL,TSS,Outflow,227
3.0,-1290174122_FL,TSS,Outflow,227
16.70000076293945,-1290174122_FL,TSS,Outflow,227
20.70000076293945,-1290174122_FL,TSS,Outflow,227
15.89999961853027,-1290174122_FL,TSS,Outflow,227
3.0,-1290174122_FL,TSS,Outflow,228
3.0,-1290174122_FL,TSS,Outflow,228
5.0,-1290174122_FL,TSS,Outflow,228
4.0,-1290174122_FL,TSS,Outflow,228
2.0,-1290174122_FL,TSS,Outflow,228
6.0,-1290174122_FL,TSS,Outflow,229
12.5,-1290174122_FL,TSS,Outflow,229
10.0,-1290174122_FL,TSS,Outflow,229
1.0,-1290174122_FL,TSS,Outflow,229
3.0,-1290174122_FL,TSS,Outflow,229
49.29999923706055,-1290174122_FL,TSS,Outflow,230
4.0,-1290174122_FL,TSS,Outflow,230
2.0,-1290174122_FL,TSS,Outflow,230
3.0,-1290174122_FL,TSS,Outflow,230
5.0,-1290174122_FL,TSS,Outflow,230
16.0,-1290174122_FL,TSS,Outflow,231
7.099999904632568,-1290174122_FL,TSS,Outflow,231
29.39999961853027,-1290174122_FL,TSS,Outflow,231
8.0,-1290174122_FL,TSS,Outflow,231
3.0,-1290174122_FL,TSS,Outflow,231
5.699999809265137,-1290174122_FL,TSS,Outflow,232
4.0,-1290174122_FL,TSS,Outflow,232
2.0,-1290174122_FL,TSS,Outflow,232
10.0,-1290174122_FL,TSS,Outflow,232
16.70000076293945,-1290174122_FL,TSS,Outflow,232
5.0,-1290174122_FL,TSS,Outflow,233
3.0,-1290174122_FL,TSS,Outflow,233
5.0,-1290174122_FL,TSS,Outflow,233
7.099999904632568,-1290174122_FL,TSS,Outflow,233
6.0,-1290174122_FL,TSS,Outflow,233
5.099999904632568,-1290174122_FL,TSS,Outflow,234
2.0,-1290174122_FL,TSS,Outflow,234
12.39999961853027,-1290174122_FL,TSS,Outflow,234
3.0,-1290174122_FL,TSS,Outflow,234
3.0,-1290174122_FL,TSS,Outflow,234
7.0,-1290174122_FL,TSS,Outflow,235
9.600000381469727,-1290174122_FL,TSS,Outflow,235
20.29999923706055,-1290174122_FL,TSS,Outflow,235
5.0,-1290174122_FL,TSS,Outflow,235
3.0,-1290174122_FL,TSS,Outflow,235
4.0,-1290174122_FL,TSS,Outflow,236
2.0,-1290174122_FL,TSS,Outflow,236
15.0,-1290174122_FL,TSS,Outflow,236
9.699999809265137,-1290174122_FL,TSS,Outflow,236
8.0,-1290174122_FL,TSS,Outflow,236
20.70000076293945,-1290174122_FL,TSS,Outflow,237
9.600000381469727,-1290174122_FL,TSS,Outflow,237
5.300000190734863,-1290174122_FL,TSS,Outflow,237
3.0,-1290174122_FL,TSS,Outflow,237
5.699999809265137,-1290174122_FL,TSS,Outflow,237
0.02999999932944775,-1290174122_FL,TSS,Outflow,238
23.0,-1290174122_FL,TSS,Outflow,238
2.0,-1290174122_FL,TSS,Outflow,238
3.0,-1290174122_FL,TSS,Outflow,238
20.29999923706055,-1290174122_FL,TSS,Outflow,238
4.0,-1290174122_FL,TSS,Outflow,239
16.0,-1290174122_FL,TSS,Outflow,239
2.0,-1290174122_FL,TSS,Outflow,239
3.0,-1290174122_FL,TSS,Outflow,239
7.599999904632568,-1290174122_FL,TSS,Outflow,239
30.79999923706055,-1290174122_FL,TSS,Outflow,240
29.39999961853027,-1290174122_FL,TSS,Outflow,240
16.70000076293945,-1290174122_FL,TSS,Outflow,240
10.5,-1290174122_FL,TSS,Outflow,240
16.0,-1290174122_FL,TSS,Outflow,240
10.0,-1290174122_FL,TSS,Outflow,241
4.0,-1290174122_FL,TSS,Outflow,241
5.0,-1290174122_FL,TSS,Outflow,241
7.300000190734863,-1290174122_FL,TSS,Outflow,241
15.89999961853027,-1290174122_FL,TSS,Outflow,241
5.0,-1290174122_FL,TSS,Outflow,242
8.0,-1290174122_FL,TSS,Outflow,242
10.5,-1290174122_FL,TSS,Outflow,242
3.0,-1290174122_FL,TSS,Outflow,242
10.0,-1290174122_FL,TSS,Outflow,242
5.699999809265137,-1290174122_FL,TSS,Outflow,243
49.29999923706055,-1290174122_FL,TSS,Outflow,243
9.699999809265137,-1290174122_FL,TSS,Outflow,243
5.300000190734863,-1290174122_FL,TSS,Outflow,243
8.0,-1290174122_FL,TSS,Outflow,243
4.0,-1290174122_FL,TSS,Outflow,244
15.0,-1290174122_FL,TSS,Outflow,244
2.0,-1290174122_FL,TSS,Outflow,244
16.70000076293945,-1290174122_FL,TSS,Outflow,244
6.0,-1290174122_FL,TSS,Outflow,244
3.0,-1290174122_FL,TSS,Outflow,245
20.70000076293945,-1290174122_FL,TSS,Outflow,245
3.0,-1290174122_FL,TSS,Outflow,245
19.0,-1290174122_FL,TSS,Outflow,245
4.0,-1290174122_FL,TSS,Outflow,245
4.0,-1290174122_FL,TSS,Outflow,246
6.0,-1290174122_FL,TSS,Outflow,246
11.0,-1290174122_FL,TSS,Outflow,246
9.5,-1290174122_FL,TSS,Outflow,246
2.0,-1290174122_FL,TSS,Outflow,246
2.0,-1290174122_FL,TSS,Outflow,247
12.10000038146973,-1290174122_FL,TSS,Outflow,247
13.69999980926514,-1290174122_FL,TSS,Outflow,247
4.0,-1290174122_FL,TSS,Outflow,247
3.0,-1290174122_FL,TSS,Outflow,247
12.5,-1290174122_FL,TSS,Outflow,248
19.0,-1290174122_FL,TSS,Outflow,248
8.0,-1290174122_FL,TSS,Outflow,248
4.0,-1290174122_FL,TSS,Outflow,248
3.0,-1290174122_FL,TSS,Outflow,248
20.29999923706055,-1290174122_FL,TSS,Outflow,249
8.0,-1290174122_FL,TSS,Outflow,249
3.0,-1290174122_FL,TSS,Outflow,249
3.0,-1290174122_FL,TSS,Outflow,249
7.599999904632568,-1290174122_FL,TSS,Outflow,249
2.0,-1290174122_FL,TSS,Outflow,250
4.0,-1290174122_FL,TSS,Outflow,250
29.39999961853027,-1290174122_FL,TSS,Outflow,250
5.0,-1290174122_FL,TSS,Outflow,250
3.0,-1290174122_FL,TSS,Outflow,250
0.02999999932944775,-1290174122_FL,TSS,Outflow,251
3.0,-1290174122_FL,TSS,Outflow,251
7.5,-1290174122_FL,TSS,Outflow,251
15.0,-1290174122_FL,TSS,Outflow,251
5.0,-1290174122_FL,TSS,Outflow,251
3.0,-1290174122_FL,TSS,Outflow,252
3.0,-1290174122_FL,TSS,Outflow,252
9.100000381469727,-1290174122_FL,TSS,Outflow,252
4.0,-1290174122_FL,TSS,Outflow,252
20.29999923706055,-1290174122_FL,TSS,Outflow,252
7.300000190734863,-1290174122_FL,TSS,Outflow,253
5.0,-1290174122_FL,TSS,Outflow,253
10.0,-1290174122_FL,TSS,Outflow,253
3.0,-1290174122_FL,TSS,Outflow,253
15.0,-1290174122_FL,TSS,Outflow,253
5.0,-1290174122_FL,TSS,Outflow,254
29.39999961853027,-1290174122_FL,TSS,Outflow,254
2.0,-1290174122_FL,TSS,Outflow,254
3.0,-1290174122_FL,TSS,Outflow,254
10.0,-1290174122_FL,TSS,Outflow,254
6.0,-1290174122_FL,TSS,Outflow,255
11.5,-1290174122_FL,TSS,Outflow,255
3.0,-1290174122_FL,TSS,Outflow,255
3.0,-1290174122_FL,TSS,Outflow,255
10.0,-1290174122_FL,TSS,Outflow,255
28.0,-1290174122_FL,TSS,Outflow,256
4.0,-1290174122_FL,TSS,Outflow,256
7.5,-1290174122_FL,TSS,Outflow,256
3.0,-1290174122_FL,TSS,Outflow,256
5.699999809265137,-1290174122_FL,TSS,Outflow,256
3.0,-1290174122_FL,TSS,Outflow,257
3.0,-1290174122_FL,TSS,Outflow,257
3.0,-1290174122_FL,TSS,Outflow,257
20.70000076293945,-1290174122_FL,TSS,Outflow,257
28.0,-1290174122_FL,TSS,Outflow,257
9.0,-1290174122_FL,TSS,Outflow,258
2.0,-1290174122_FL,TSS,Outflow,258
3.0,-1290174122_FL,TSS,Outflow,258
16.5,-1290174122_FL,TSS,Outflow,258
15.89999961853027,-1290174122_FL,TSS,Outflow,258
3.0,-1290174122_FL,TSS,Outflow,259
0.02999999932944775,-1290174122_FL,TSS,Outflow,259
16.0,-1290174122_FL,TSS,Outflow,259
16.5,-1290174122_FL,TSS,Outflow,259
9.100000381469727,-1290174122_FL,TSS,Outflow,259
6.0,-1290174122_FL,TSS,Outflow,260
2.0,-1290174122_FL,TSS,Outflow,260
9.5,-1290174122_FL,TSS,Outflow,260
8.0,-1290174122_FL,TSS,Outflow,260
5.699999809265137,-1290174122_FL,TSS,Outflow,260
10.0,-1290174122_FL,TSS,Outflow,261
11.5,-1290174122_FL,TSS,Outflow,261
49.29999923706055,-1290174122_FL,TSS,Outflow,261
5.699999809265137,-1290174122_FL,TSS,Outflow,261
15.0,-1290174122_FL,TSS,Outflow,261
3.0,-1290174122_FL,TSS,Outflow,262
20.70000076293945,-1290174122_FL,TSS,Outflow,262
9.699999809265137,-1290174122_FL,TSS,Outflow,262
4.0,-1290174122_FL,TSS,Outflow,262
10.0,-1290174122_FL,TSS,Outflow,262
4.0,-1290174122_FL,TSS,Outflow,263
12.10000038146973,-1290174122_FL,TSS,Outflow,263
1.0,-1290174122_FL,TSS,Outflow,263
49.29999923706055,-1290174122_FL,TSS,Outflow,263
3.0,-1290174122_FL,TSS,Outflow,263
23.0,-1290174122_FL,TSS,Outflow,264
9.699999809265137,-1290174122_FL,TSS,Outflow,264
2.0,-1290174122_FL,TSS,Outflow,264
9.899999618530273,-1290174122_FL,TSS,Outflow,264
5.0,-1290174122_FL,TSS,Outflow,264
7.0,-1290174122_FL,TSS,Outflow,265
15.89999961853027,-1290174122_FL,TSS,Outflow,265
3.0,-1290174122_FL,TSS,Outflow,265
5.0,-1290174122_FL,TSS,Outflow,265
11.5,-1290174122_FL,TSS,Outflow,265
9.899999618530273,-1290174122_FL,TSS,Outflow,266
6.0,-1290174122_FL,TSS,Outflow,266
6.0,-1290174122_FL,TSS,Outflow,266
20.29999923706055,-1290174122_FL,TSS,Outflow,266
15.0,-1290174122_FL,TSS,Outflow,266
13.69999980926514,-1290174122_FL,TSS,Outflow,267
16.0,-1290174122_FL,TSS,Outflow,267
3.0,-1290174122_FL,TSS,Outflow,267
7.5,-1290174122_FL,TSS,Outflow,267
5.0,-1290174122_FL,TSS,Outflow,267
7.300000190734863,-1290174122_FL,TSS,Outflow,268
10.5,-1290174122_FL,TSS,Outflow,268
28.0,-1290174122_FL,TSS,Outflow,268
3.0,-1290174122_FL,TSS,Outflow,268
4.0,-1290174122_FL,TSS,Outflow,268
20.70000076293945,-1290174122_FL,TSS,Outflow,269
7.599999904632568,-1290174122_FL,TSS,Outflow,269
2.0,-1290174122_FL,TSS,Outflow,269
16.0,-1290174122_FL,TSS,Outflow,269
2.0,-1290174122_FL,TSS,Outflow,269
10.0,-1290174122_FL,TSS,Outflow,270
15.89999961853027,-1290174122_FL,TSS,Outflow,270
5.699999809265137,-1290174122_FL,TSS,Outflow,270
28.0,-1290174122_FL,TSS,Outflow,270
13.69999980926514,-1290174122_FL,TSS,Outflow,270
3.0,-1290174122_FL,TSS,Outflow,271
9.0,-1290174122_FL,TSS,Outflow,271
4.0,-1290174122_FL,TSS,Outflow,271
2.0,-1290174122_FL,TSS,Outflow,271
12.10000038146973,-1290174122_FL,TSS,Outflow,271
2.0,-1290174122_FL,TSS,Outflow,272
8.0,-1290174122_FL,TSS,Outflow,272
3.0,-1290174122_FL,TSS,Outflow,272
3.0,-1290174122_FL,TSS,Outflow,272
16.70000076293945,-1290174122_FL,TSS,Outflow,272
7.900000095367432,-1290174122_FL,TSS,Outflow,273
16.60000038146973,-1290174122_FL,TSS,Outflow,273
7.5,-1290174122_FL,TSS,Outflow,273
47.0,-1290174122_FL,TSS,Outflow,273
5.099999904632568,-1290174122_FL,TSS,Outflow,273
29.39999961853027,-1290174122_FL,TSS,Outflow,274
20.29999923706055,-1290174122_FL,TSS,Outflow,274
16.70000076293945,-1290174122_FL,TSS,Outflow,274
28.0,-1290174122_FL,TSS,Outflow,274
3.0,-1290174122_FL,TSS,Outflow,274
5.699999809265137,-1290174122_FL,TSS,Outflow,275
19.0,-1290174122_FL,TSS,Outflow,275
3.0,-1290174122_FL,TSS,Outflow,275
5.0,-1290174122_FL,TSS,Outflow,275
15.0,-1290174122_FL,TSS,Outflow,275
3.0,-1290174122_FL,TSS,Outflow,276
23.0,-1290174122_FL,TSS,Outflow,276
5.699999809265137,-1290174122_FL,TSS,Outflow,276
8.0,-1290174122_FL,TSS,Outflow,276
2.0,-1290174122_FL,TSS,Outflow,276
15.0,-1290174122_FL,TSS,Outflow,277
49.29999923706055,-1290174122_FL,TSS,Outflow,277
16.60000038146973,-1290174122_FL,TSS,Outflow,277
9.100000381469727,-1290174122_FL,TSS,Outflow,277
7.599999904632568,-1290174122_FL,TSS,Outflow,277
3.0,-1290174122_FL,TSS,Outflow,278
15.0,-1290174122_FL,TSS,Outflow,278
6.0,-1290174122_FL,TSS,Outflow,278
3.0,-1290174122_FL,TSS,Outflow,278
7.300000190734863,-1290174122_FL,TSS,Outflow,278
23.0,-1290174122_FL,TSS,Outflow,279
9.899999618530273,-1290174122_FL,TSS,Outflow,279
7.599999904632568,-1290174122_FL,TSS,Outflow,279
3.0,-1290174122_FL,TSS,Outflow,279
7.0,-1290174122_FL,TSS,Outflow,279
11.0,-1290174122_FL,TSS,Outflow,280
19.0,-1290174122_FL,TSS,Outflow,280
2.0,-1290174122_FL,TSS,Outflow,280
3.0,-1290174122_FL,TSS,Outflow,280
5.0,-1290174122_FL,TSS,Outflow,280
3.0,-1290174122_FL,TSS,Outflow,281
2.0,-1290174122_FL,TSS,Outflow,281
20.29999923706055,-1290174122_FL,TSS,Outflow,281
5.0,-1290174122_FL,TSS,Outflow,281
10.0,-1290174122_FL,TSS,Outflow,281
10.0,-1290174122_FL,TSS,Outflow,282
3.0,-1290174122_FL,TSS,Outflow,282
4.0,-1290174122_FL,TSS,Outflow,282
2.0,-1290174122_FL,TSS,Outflow,282
3.0,-1290174122_FL,TSS,Outflow,282
3.0,-1290174122_FL,TSS,Outflow,283
11.0,-1290174122_FL,TSS,Outflow,283
3.0,-1290174122_FL,TSS,Outflow,283
16.0,-1290174122_FL,TSS,Outflow,283
20.70000076293945,-1290174122_FL,TSS,Outflow,283
23.0,-1290174122_FL,TSS,Outflow,284
9.899999618530273,-1290174122_FL,TSS,Outflow,284
4.0,-1290174122_FL,TSS,Outflow,284
7.099999904632568,-1290174122_FL,TSS,Outflow,284
10.0,-1290174122_FL,TSS,Outflow,284
2.0,-1290174122_FL,TSS,Outflow,285
5.099999904632568,-1290174122_FL,TSS,Outflow,285
9.600000381469727,-1290174122_FL,TSS,Outflow,285
7.0,-1290174122_FL,TSS,Outflow,285
49.29999923706055,-1290174122_FL,TSS,Outflow,285
15.89999961853027,-1290174122_FL,TSS,Outflow,286
16.0,-1290174122_FL,TSS,Outflow,286
9.600000381469727,-1290174122_FL,TSS,Outflow,286
13.69999980926514,-1290174122_FL,TSS,Outflow,286
16.5,-1290174122_FL,TSS,Outflow,286
6.0,-1290174122_FL,TSS,Outflow,287
15.89999961853027,-1290174122_FL,TSS,Outflow,287
4.0,-1290174122_FL,TSS,Outflow,287
28.0,-1290174122_FL,TSS,Outflow,287
3.0,-1290174122_FL,TSS,Outflow,287
9.600000381469727,-1290174122_FL,TSS,Outflow,288
16.70000076293945,-1290174122_FL,TSS,Outflow,288
3.0,-1290174122_FL,TSS,Outflow,288
4.0,-1290174122_FL,TSS,Outflow,288
6.0,-1290174122_FL,TSS,Outflow,288
6.0,-1290174122_FL,TSS,Outflow,289
11.0,-1290174122_FL,TSS,Outflow,289
5.300000190734863,-1290174122_FL,TSS,Outflow,289
28.0,-1290174122_FL,TSS,Outflow,289
5.0,-1290174122_FL,TSS,Outflow,289
3.0,-1290174122_FL,TSS,Outflow,290
2.0,-1290174122_FL,TSS,Outflow,290
12.10000038146973,-1290174122_FL,TSS,Outflow,290
2.0,-1290174122_FL,TSS,Outflow,290
15.89999961853027,-1290174122_FL,TSS,Outflow,290
5.0,-1290174122_FL,TSS,Outflow,291
7.0,-1290174122_FL,TSS,Outflow,291
20.29999923706055,-1290174122_FL,TSS,Outflow,291
30.79999923706055,-1290174122_FL,TSS,Outflow,291
1.0,-1290174122_FL,TSS,Outflow,291
10.69999980926514,-1290174122_FL,TSS,Outflow,292
3.0,-1290174122_FL,TSS,Outflow,292
7.0,-1290174122_FL,TSS,Outflow,292
30.79999923706055,-1290174122_FL,TSS,Outflow,292
3.0,-1290174122_FL,TSS,Outflow,292
6.0,-1290174122_FL,TSS,Outflow,293
1.0,-1290174122_FL,TSS,Outflow,293
3.0,-1290174122_FL,TSS,Outflow,293
3.0,-1290174122_FL,TSS,Outflow,293
3.0,-1290174122_FL,TSS,Outflow,293
7.900000095367432,-1290174122_FL,TSS,Outflow,294
30.79999923706055,-1290174122_FL,TSS,Outflow,294
10.0,-1290174122_FL,TSS,Outflow,294
3.0,-1290174122_FL,TSS,Outflow,294
15.89999961853027,-1290174122_FL,TSS,Outflow,294
6.0,-1290174122_FL,TSS,Outflow,295
3.0,-1290174122_FL,TSS,Outflow,295
10.0,-1290174122_FL,TSS,Outflow,295
1.0,-1290174122_FL,TSS,Outflow,295
5.099999904632568,-1290174122_FL,TSS,Outflow,295
23.0,-1290174122_FL,TSS,Outflow,296
7.300000190734863,-1290174122_FL,TSS,Outflow,296
12.5,-1290174122_FL,TSS,Outflow,296
16.5,-1290174122_FL,TSS,Outflow,296
5.0,-1290174122_FL,TSS,Outflow,296
16.0,-1290174122_FL,TSS,Outflow,297
9.899999618530273,-1290174122_FL,TSS,Outflow,297
5.0,-1290174122_FL,TSS,Outflow,297
28.0,-1290174122_FL,TSS,Outflow,297
5.0,-1290174122_FL,TSS,Outflow,297
1.0,-1290174122_FL,TSS,Outflow,298
8.0,-1290174122_FL,TSS,Outflow,298
7.0,-1290174122_FL,TSS,Outflow,298
5.0,-1290174122_FL,TSS,Outflow,298
10.69999980926514,-1290174122_FL,TSS,Outflow,298
12.10000038146973,-1290174122_FL,TSS,Outflow,299
16.5,-1290174122_FL,TSS,Outflow,299
4.0,-1290174122_FL,TSS,Outflow,299
16.0,-1290174122_FL,TSS,Outflow,299
6.0,-1290174122_FL,TSS,Outflow,299
23.0,-1290174122_FL,TSS,Outflow,300
16.0,-1290174122_FL,TSS,Outflow,300
5.0,-1290174122_FL,TSS,Outflow,300
3.0,-1290174122_FL,TSS,Outflow,300
3.0,-1290174122_FL,TSS,Outflow,300
9.100000381469727,-1290174122_FL,TSS,Outflow,301
20.70000076293945,-1290174122_FL,TSS,Outflow,301
20.29999923706055,-1290174122_FL,TSS,Outflow,301
12.5,-1290174122_FL,TSS,Outflow,301
10.0,-1290174122_FL,TSS,Outflow,301
5.0,-1290174122_FL,TSS,Outflow,302
7.0,-1290174122_FL,TSS,Outflow,302
10.5,-1290174122_FL,TSS,Outflow,302
16.70000076293945,-1290174122_FL,TSS,Outflow,302
19.0,-1290174122_FL,TSS,Outflow,302
5.099999904632568,-1290174122_FL,TSS,Outflow,303
2.0,-1290174122_FL,TSS,Outflow,303
9.0,-1290174122_FL,TSS,Outflow,303
3.0,-1290174122_FL,TSS,Outflow,303
3.0,-1290174122_FL,TSS,Outflow,303
23.0,-1290174122_FL,TSS,Outflow,304
15.89999961853027,-1290174122_FL,TSS,Outflow,304
3.0,-1290174122_FL,TSS,Outflow,304
7.0,-1290174122_FL,TSS,Outflow,304
3.0,-1290174122_FL,TSS,Outflow,304
9.5,-1290174122_FL,TSS,Outflow,305
16.0,-1290174122_FL,TSS,Outflow,305
7.0,-1290174122_FL,TSS,Outflow,305
19.0,-1290174122_FL,TSS,Outflow,305
0.02999999932944775,-1290174122_FL,TSS,Outflow,305
0.02999999932944775,-1290174122_FL,TSS,Outflow,306
3.0,-1290174122_FL,TSS,Outflow,306
6.0,-1290174122_FL,TSS,Outflow,306
13.69999980926514,-1290174122_FL,TSS,Outflow,306
7.099999904632568,-1290174122_FL,TSS,Outflow,306
3.0,-1290174122_FL,TSS,Outflow,307
7.900000095367432,-1290174122_FL,TSS,Outflow,307
3.0,-1290174122_FL,TSS,Outflow,307
9.899999618530273,-1290174122_FL,TSS,Outflow,307
7.0,-1290174122_FL,TSS,Outflow,307
9.5,-1290174122_FL,TSS,Outflow,308
2.0,-1290174122_FL,TSS,Outflow,308
5.0,-1290174122_FL,TSS,Outflow,308
7.0,-1290174122_FL,TSS,Outflow,308
11.0,-1290174122_FL,TSS,Outflow,308
2.0,-1290174122_FL,TSS,Outflow,309
0.02999999932944775,-1290174122_FL,TSS,Outflow,309
9.600000381469727,-1290174122_FL,TSS,Outflow,309
15.0,-1290174122_FL,TSS,Outflow,309
2.0,-1290174122_FL,TSS,Outflow,309
4.0,-1290174122_FL,TSS,Outflow,310
15.89999961853027,-1290174122_FL,TSS,Outflow,310
9.699999809265137,-1290174122_FL,TSS,Outflow,310
3.0,-1290174122_FL,TSS,Outflow,310
11.5,-1290174122_FL,TSS,Outflow,310
13.69999980926514,-1290174122_FL,TSS,Outflow,311
20.29999923706055,-1290174122_FL,TSS,Outflow,311
4.0,-1290174122_FL,TSS,Outflow,311
3.0,-1290174122_FL,TSS,Outflow,311
47.0,-1290174122_FL,TSS,Outflow,311
3.0,-1290174122_FL,TSS,Outflow,312
3.0,-1290174122_FL,TSS,Outflow,312
15.0,-1290174122_FL,TSS,Outflow,312
5.300000190734863,-1290174122_FL,TSS,Outflow,312
7.0,-1290174122_FL,TSS,Outflow,312
20.70000076293945,-1290174122_FL,TSS,Outflow,313
4.0,-1290174122_FL,TSS,Outflow,313
11.5,-1290174122_FL,TSS,Outflow,313
9.100000381469727,-1290174122_FL,TSS,Outflow,313
3.0,-1290174122_FL,TSS,Outflow,313
15.0,-1290174122_FL,TSS,Outflow,314
3.0,-1290174122_FL,TSS,Outflow,314
16.0,-1290174122_FL,TSS,Outflow,314
16.5,-1290174122_FL,TSS,Outflow,314
7.599999904632568,-1290174122_FL,TSS,Outflow,314
49.29999923706055,-1290174122_FL,TSS,Outflow,315
12.5,-1290174122_FL,TSS,Outflow,315
3.0,-1290174122_FL,TSS,Outflow,315
5.0,-1290174122_FL,TSS,Outflow,315
15.0,-1290174122_FL,TSS,Outflow,315
3.0,-1290174122_FL,TSS,Outflow,316
1.0,-1290174122_FL,TSS,Outflow,316
47.0,-1290174122_FL,TSS,Outflow,316
3.0,-1290174122_FL,TSS,Outflow,316
5.099999904632568,-1290174122_FL,TSS,Outflow,316
16.70000076293945,-1290174122_FL,TSS,Outflow,317
3.0,-1290174122_FL,TSS,Outflow,317
2.0,-1290174122_FL,TSS,Outflow,317
3.0,-1290174122_FL,TSS,Outflow,317
7.599999904632568,-1290174122_FL,TSS,Outflow,317
1.0,-1290174122_FL,TSS,Outflow,318
0.02999999932944775,-1290174122_FL,TSS,Outflow,318
5.0,-1290174122_FL,TSS,Outflow,318
4.0,-1290174122_FL,TSS,Outflow,318
30.79999923706055,-1290174122_FL,TSS,Outflow,318
2.0,-1290174122_FL,TSS,Outflow,319
47.0,-1290174122_FL,TSS,Outflow,319
2.0,-1290174122_FL,TSS,Outflow,319
3.0,-1290174122_FL,TSS,Outflow,319
3.0,-1290174122_FL,TSS,Outflow,319
5.0,-1290174122_FL,TSS,Outflow,320
9.5,-1290174122_FL,TSS,Outflow,320
7.900000095367432,-1290174122_FL,TSS,Outflow,320
13.69999980926514,-1290174122_FL,TSS,Outflow,320
8.0,-1290174122_FL,TSS,Outflow,320
4.0,-1290174122_FL,TSS,Outflow,321
3.0,-1290174122_FL,TSS,Outflow,321
19.0,-1290174122_FL,TSS,Outflow,321
12.39999961853027,-1290174122_FL,TSS,Outflow,321
16.70000076293945,-1290174122_FL,TSS,Outflow,321
3.0,-1290174122_FL,TSS,Outflow,322
2.0,-1290174122_FL,TSS,Outflow,322
7.0,-1290174122_FL,TSS,Outflow,322
7.300000190734863,-1290174122_FL,TSS,Outflow,322
4.0,-1290174122_FL,TSS,Outflow,322
7.5,-1290174122_FL,TSS,Outflow,323
19.0,-1290174122_FL,TSS,Outflow,323
2.0,-1290174122_FL,TSS,Outflow,323
2.0,-1290174122_FL,TSS,Outflow,323
5.0,-1290174122_FL,TSS,Outflow,323
7.0,-1290174122_FL,TSS,Outflow,324
12.10000038146973,-1290174122_FL,TSS,Outflow,324
9.699999809265137,-1290174122_FL,TSS,Outflow,324
10.69999980926514,-1290174122_FL,TSS,Outflow,324
5.0,-1290174122_FL,TSS,Outflow,324
8.0,-1290174122_FL,TSS,Outflow,325
12.10000038146973,-1290174122_FL,TSS,Outflow,325
19.0,-1290174122_FL,TSS,Outflow,325
15.0,-1290174122_FL,TSS,Outflow,325
1.0,-1290174122_FL,TSS,Outflow,325
5.0,-1290174122_FL,TSS,Outflow,326
8.0,-1290174122_FL,TSS,Outflow,326
5.699999809265137,-1290174122_FL,TSS,Outflow,326
9.5,-1290174122_FL,TSS,Outflow,326
3.0,-1290174122_FL,TSS,Outflow,326
5.0,-1290174122_FL,TSS,Outflow,327
5.099999904632568,-1290174122_FL,TSS,Outflow,327
9.600000381469727,-1290174122_FL,TSS,Outflow,327
2.0,-1290174122_FL,TSS,Outflow,327
11.0,-1290174122_FL,TSS,Outflow,327
2.0,-1290174122_FL,TSS,Outflow,328
29.39999961853027,-1290174122_FL,TSS,Outflow,328
9.100000381469727,-1290174122_FL,TSS,Outflow,328
7.900000095367432,-1290174122_FL,TSS,Outflow,328
5.0,-1290174122_FL,TSS,Outflow,328
49.29999923706055,-1290174122_FL,TSS,Outflow,329
10.69999980926514,-1290174122_FL,TSS,Outflow,329
3.0,-1290174122_FL,TSS,Outflow,329
3.0,-1290174122_FL,TSS,Outflow,329
13.69999980926514,-1290174122_FL,TSS,Outflow,329
9.5,-1290174122_FL,TSS,Outflow,330
5.0,-1290174122_FL,TSS,Outflow,330
7.900000095367432,-1290174122_FL,TSS,Outflow,330
3.0,-1290174122_FL,TSS,Outflow,330
5.0,-1290174122_FL,TSS,Outflow,330
5.0,-1290174122_FL,TSS,Outflow,331
7.099999904632568,-1290174122_FL,TSS,Outflow,331
20.70000076293945,-1290174122_FL,TSS,Outflow,331
10.69999980926514,-1290174122_FL,TSS,Outflow,331
8.0,-1290174122_FL,TSS,Outflow,331
5.0,-1290174122_FL,TSS,Outflow,332
7.0,-1290174122_FL,TSS,Outflow,332
16.70000076293945,-1290174122_FL,TSS,Outflow,332
6.0,-1290174122_FL,TSS,Outflow,332
7.599999904632568,-1290174122_FL,TSS,Outflow,332
3.0,-1290174122_FL,TSS,Outflow,333
3.0,-1290174122_FL,TSS,Outflow,333
3.0,-1290174122_FL,TSS,Outflow,333
5.699999809265137,-1290174122_FL,TSS,Outflow,333
16.0,-1290174122_FL,TSS,Outflow,333
8.0,-1290174122_FL,TSS,Outflow,334
3.0,-1290174122_FL,TSS,Outflow,334
16.60000038146973,-1290174122_FL,TSS,Outflow,334
7.0,-1290174122_FL,TSS,Outflow,334
16.0,-1290174122_FL,TSS,Outflow,334
9.600000381469727,-1290174122_FL,TSS,Outflow,335
7.300000190734863,-1290174122_FL,TSS,Outflow,335
0.02999999932944775,-1290174122_FL,TSS,Outflow,335
28.0,-1290174122_FL,TSS,Outflow,335
4.0,-1290174122_FL,TSS,Outflow,335
12.39999961853027,-1290174122_FL,TSS,Outflow,336
49.29999923706055,-1290174122_FL,TSS,Outflow,336
16.5,-1290174122_FL,TSS,Outflow,336
5.0,-1290174122_FL,TSS,Outflow,336
3.0,-1290174122_FL,TSS,Outflow,336
7.0,-1290174122_FL,TSS,Outflow,337
4.0,-1290174122_FL,TSS,Outflow,337
8.0,-1290174122_FL,TSS,Outflow,337
9.0,-1290174122_FL,TSS,Outflow,337
3.0,-1290174122_FL,TSS,Outflow,337
6.0,-1290174122_FL,TSS,Outflow,338
3.0,-1290174122_FL,TSS,Outflow,338
3.0,-1290174122_FL,TSS,Outflow,338
11.0,-1290174122_FL,TSS,Outflow,338
8.0,-1290174122_FL,TSS,Outflow,338
3.0,-1290174122_FL,TSS,Outflow,339
30.79999923706055,-1290174122_FL,TSS,Outflow,339
9.699999809265137,-1290174122_FL,TSS,Outflow,339
2.0,-1290174122_FL,TSS,Outflow,339
7.599999904632568,-1290174122_FL,TSS,Outflow,339
5.0,-1290174122_FL,TSS,Outflow,340
9.5,-1290174122_FL,TSS,Outflow,340
9.899999618530273,-1290174122_FL,TSS,Outflow,340
0.02999999932944775,-1290174122_FL,TSS,Outflow,340
3.0,-1290174122_FL,TSS,Outflow,340
15.0,-1290174122_FL,TSS,Outflow,341
49.29999923706055,-1290174122_FL,TSS,Outflow,341
20.29999923706055,-1290174122_FL,TSS,Outflow,341
15.0,-1290174122_FL,TSS,Outflow,341
8.0,-1290174122_FL,TSS,Outflow,341
12.5,-1290174122_FL,TSS,Outflow,342
16.0,-1290174122_FL,TSS,Outflow,342
20.70000076293945,-1290174122_FL,TSS,Outflow,342
8.0,-1290174122_FL,TSS,Outflow,342
3.0,-1290174122_FL,TSS,Outflow,342
49.29999923706055,-1290174122_FL,TSS,Outflow,343
0.02999999932944775,-1290174122_FL,TSS,Outflow,343
3.0,-1290174122_FL,TSS,Outflow,343
6.0,-1290174122_FL,TSS,Outflow,343
7.099999904632568,-1290174122_FL,TSS,Outflow,343
12.10000038146973,-1290174122_FL,TSS,Outflow,344
3.0,-1290174122_FL,TSS,Outflow,344
11.5,-1290174122_FL,TSS,Outflow,344
3.0,-1290174122_FL,TSS,Outflow,344
15.0,-1290174122_FL,TSS,Outflow,344
16.0,-1290174122_FL,TSS,Outflow,345
11.5,-1290174122_FL,TSS,Outflow,345
16.70000076293945,-1290174122_FL,TSS,Outflow,345
2.0,-1290174122_FL,TSS,Outflow,345
3.0,-1290174122_FL,TSS,Outflow,345
5.0,-1290174122_FL,TSS,Outflow,346
28.0,-1290174122_FL,TSS,Outflow,346
9.0,-1290174122_FL,TSS,Outflow,346
7.599999904632568,-1290174122_FL,TSS,Outflow,346
15.0,-1290174122_FL,TSS,Outflow,346
1.0,-1290174122_FL,TSS,Outflow,347
3.0,-1290174122_FL,TSS,Outflow,347
8.0,-1290174122_FL,TSS,Outflow,347
7.300000190734863,-1290174122_FL,TSS,Outflow,347
9.5,-1290174122_FL,TSS,Outflow,347
8.0,-1290174122_FL,TSS,Outflow,348
7.0,-1290174122_FL,TSS,Outflow,348
15.0,-1290174122_FL,TSS,Outflow,348
9.899999618530273,-1290174122_FL,TSS,Outflow,348
2.0,-1290174122_FL,TSS,Outflow,348
3.0,-1290174122_FL,TSS,Outflow,349
20.70000076293945,-1290174122_FL,TSS,Outflow,349
8.0,-1290174122_FL,TSS,Outflow,349
3.0,-1290174122_FL,TSS,Outflow,349
3.0,-1290174122_FL,TSS,Outflow,349
5.099999904632568,-1290174122_FL,TSS,Outflow,350
5.300000190734863,-1290174122_FL,TSS,Outflow,350
9.600000381469727,-1290174122_FL,TSS,Outflow,350
6.0,-1290174122_FL,TSS,Outflow,350
12.10000038146973,-1290174122_FL,TSS,Outflow,350
7.099999904632568,-1290174122_FL,TSS,Outflow,351
2.0,-1290174122_FL,TSS,Outflow,351
1.0,-1290174122_FL,TSS,Outflow,351
3.0,-1290174122_FL,TSS,Outflow,351
9.0,-1290174122_FL,TSS,Outflow,351
3.0,-1290174122_FL,TSS,Outflow,352
49.29999923706055,-1290174122_FL,TSS,Outflow,352
13.69999980926514,-1290174122_FL,TSS,Outflow,352
3.0,-1290174122_FL,TSS,Outflow,352
12.39999961853027,-1290174122_FL,TSS,Outflow,352
20.29999923706055,-1290174122_FL,TSS,Outflow,353
9.5,-1290174122_FL,TSS,Outflow,353
3.0,-1290174122_FL,TSS,Outflow,353
5.0,-1290174122_FL,TSS,Outflow,353
4.0,-1290174122_FL,TSS,Outflow,353
5.0,-1290174122_FL,TSS,Outflow,354
8.0,-1290174122_FL,TSS,Outflow,354
49.29999923706055,-1290174122_FL,TSS,Outflow,354
3.0,-1290174122_FL,TSS,Outflow,354
15.89999961853027,-1290174122_FL,TSS,Outflow,354
16.5,-1290174122_FL,TSS,Outflow,355
4.0,-1290174122_FL,TSS,Outflow,355
5.300000190734863,-1290174122_FL,TSS,Outflow,355
30.79999923706055,-1290174122_FL,TSS,Outflow,355
12.10000038146973,-1290174122_FL,TSS,Outflow,355
12.5,-1290174122_FL,TSS,Outflow,356
15.0,-1290174122_FL,TSS,Outflow,356
2.0,-1290174122_FL,TSS,Outflow,356
5.699999809265137,-1290174122_FL,TSS,Outflow,356
16.0,-1290174122_FL,TSS,Outflow,356
6.0,-1290174122_FL,TSS,Outflow,357
3.0,-1290174122_FL,TSS,Outflow,357
3.0,-1290174122_FL,TSS,Outflow,357
5.0,-1290174122_FL,TSS,Outflow,357
3.0,-1290174122_FL,TSS,Outflow,357
4.0,-1290174122_FL,TSS,Outflow,358
7.0,-1290174122_FL,TSS,Outflow,358
3.0,-1290174122_FL,TSS,Outflow,358
3.0,-1290174122_FL,TSS,Outflow,358
13.69999980926514,-1290174122_FL,TSS,Outflow,358
5.0,-1290174122_FL,TSS,Outflow,359
16.0,-1290174122_FL,TSS,Outflow,359
49.29999923706055,-1290174122_FL,TSS,Outflow,359
11.0,-1290174122_FL,TSS,Outflow,359
6.0,-1290174122_FL,TSS,Outflow,359
8.0,-1290174122_FL,TSS,Outflow,360
23.0,-1290174122_FL,TSS,Outflow,360
4.0,-1290174122_FL,TSS,Outflow,360
4.0,-1290174122_FL,TSS,Outflow,360
2.0,-1290174122_FL,TSS,Outflow,360
5.0,-1290174122_FL,TSS,Outflow,361
16.60000038146973,-1290174122_FL,TSS,Outflow,361
3.0,-1290174122_FL,TSS,Outflow,361
7.0,-1290174122_FL,TSS,Outflow,361
3.0,-1290174122_FL,TSS,Outflow,361
16.5,-1290174122_FL,TSS,Outflow,362
3.0,-1290174122_FL,TSS,Outflow,362
2.0,-1290174122_FL,TSS,Outflow,362
9.100000381469727,-1290174122_FL,TSS,Outflow,362
47.0,-1290174122_FL,TSS,Outflow,362
19.0,-1290174122_FL,TSS,Outflow,363
15.0,-1290174122_FL,TSS,Outflow,363
5.0,-1290174122_FL,TSS,Outflow,363
9.100000381469727,-1290174122_FL,TSS,Outflow,363
16.0,-1290174122_FL,TSS,Outflow,363
8.0,-1290174122_FL,TSS,Outflow,364
16.0,-1290174122_FL,TSS,Outflow,364
2.0,-1290174122_FL,TSS,Outflow,364
1.0,-1290174122_FL,TSS,Outflow,364
16.0,-1290174122_FL,TSS,Outflow,364
7.5,-1290174122_FL,TSS,Outflow,365
3.0,-1290174122_FL,TSS,Outflow,365
9.600000381469727,-1290174122_FL,TSS,Outflow,365
3.0,-1290174122_FL,TSS,Outflow,365
3.0,-1290174122_FL,TSS,Outflow,365
7.300000190734863,-1290174122_FL,TSS,Outflow,366
16.60000038146973,-1290174122_FL,TSS,Outflow,366
15.89999961853027,-1290174122_FL,TSS,Outflow,366
28.0,-1290174122_FL,TSS,Outflow,366
11.0,-1290174122_FL,TSS,Outflow,366
5.0,-1290174122_FL,TSS,Outflow,367
9.5,-1290174122_FL,TSS,Outflow,367
4.0,-1290174122_FL,TSS,Outflow,367
6.0,-1290174122_FL,TSS,Outflow,367
3.0,-1290174122_FL,TSS,Outflow,367
5.0,-1290174122_FL,TSS,Outflow,368
7.300000190734863,-1290174122_FL,TSS,Outflow,368
15.0,-1290174122_FL,TSS,Outflow,368
7.099999904632568,-1290174122_FL,TSS,Outflow,368
2.0,-1290174122_FL,TSS,Outflow,368
16.0,-1290174122_FL,TSS,Outflow,369
29.39999961853027,-1290174122_FL,TSS,Outflow,369
2.0,-1290174122_FL,TSS,Outflow,369
3.0,-1290174122_FL,TSS,Outflow,369
9.600000381469727,-1290174122_FL,TSS,Outflow,369
2.0,-1290174122_FL,TSS,Outflow,370
3.0,-1290174122_FL,TSS,Outflow,370
11.0,-1290174122_FL,TSS,Outflow,370
4.0,-1290174122_FL,TSS,Outflow,370
15.89999961853027,-1290174122_FL,TSS,Outflow,370
8.0,-1290174122_FL,TSS,Outflow,371
2.0,-1290174122_FL,TSS,Outflow,371
4.0,-1290174122_FL,TSS,Outflow,371
11.5,-1290174122_FL,TSS,Outflow,371
23.0,-1290174122_FL,TSS,Outflow,371
9.899999618530273,-1290174122_FL,TSS,Outflow,372
10.69999980926514,-1290174122_FL,TSS,Outflow,372
2.0,-1290174122_FL,TSS,Outflow,372
4.0,-1290174122_FL,TSS,Outflow,372
10.0,-1290174122_FL,TSS,Outflow,372
6.0,-1290174122_FL,TSS,Outflow,373
5.0,-1290174122_FL,TSS,Outflow,373
19.0,-1290174122_FL,TSS,Outflow,373
4.0,-1290174122_FL,TSS,Outflow,373
5.300000190734863,-1290174122_FL,TSS,Outflow,373
2.0,-1290174122_FL,TSS,Outflow,374
9.5,-1290174122_FL,TSS,Outflow,374
7.099999904632568,-1290174122_FL,TSS,Outflow,374
3.0,-1290174122_FL,TSS,Outflow,374
12.39999961853027,-1290174122_FL,TSS,Outflow,374
5.0,-1290174122_FL,TSS,Outflow,375
3.0,-1290174122_FL,TSS,Outflow,375
8.0,-1290174122_FL,TSS,Outflow,375
8.0,-1290174122_FL,TSS,Outflow,375
19.0,-1290174122_FL,TSS,Outflow,375
23.0,-1290174122_FL,TSS,Outflow,376
15.89999961853027,-1290174122_FL,TSS,Outflow,376
15.0,-1290174122_FL,TSS,Outflow,376
19.0,-1290174122_FL,TSS,Outflow,376
6.0,-1290174122_FL,TSS,Outflow,376
15.0,-1290174122_FL,TSS,Outflow,377
9.0,-1290174122_FL,TSS,Outflow,377
2.0,-1290174122_FL,TSS,Outflow,377
49.29999923706055,-1290174122_FL,TSS,Outflow,377
3.0,-1290174122_FL,TSS,Outflow,377
3.0,-1290174122_FL,TSS,Outflow,378
3.0,-1290174122_FL,TSS,Outflow,378
3.0,-1290174122_FL,TSS,Outflow,378
11.5,-1290174122_FL,TSS,Outflow,378
7.599999904632568,-1290174122_FL,TSS,Outflow,378
8.0,-1290174122_FL,TSS,Outflow,379
10.69999980926514,-1290174122_FL,TSS,Outflow,379
7.0,-1290174122_FL,TSS,Outflow,379
29.39999961853027,-1290174122_FL,TSS,Outflow,379
1.0,-1290174122_FL,TSS,Outflow,379
5.699999809265137,-1290174122_FL,TSS,Outflow,380
2.0,-1290174122_FL,TSS,Outflow,380
8.0,-1290174122_FL,TSS,Outflow,380
5.300000190734863,-1290174122_FL,TSS,Outflow,380
7.599999904632568,-1290174122_FL,TSS,Outflow,380
13.69999980926514,-1290174122_FL,TSS,Outflow,381
1.0,-1290174122_FL,TSS,Outflow,381
3.0,-1290174122_FL,TSS,Outflow,381
10.0,-1290174122_FL,TSS,Outflow,381
7.099999904632568,-1290174122_FL,TSS,Outflow,381
30.79999923706055,-1290174122_FL,TSS,Outflow,382
7.0,-1290174122_FL,TSS,Outflow,382
3.0,-1290174122_FL,TSS,Outflow,382
12.5,-1290174122_FL,TSS,Outflow,382
5.300000190734863,-1290174122_FL,TSS,Outflow,382
20.70000076293945,-1290174122_FL,TSS,Outflow,383
11.0,-1290174122_FL,TSS,Outflow,383
11.5,-1290174122_FL,TSS,Outflow,383
23.0,-1290174122_FL,TSS,Outflow,383
5.0,-1290174122_FL,TSS,Outflow,383
6.0,-1290174122_FL,TSS,Outflow,384
29.39999961853027,-1290174122_FL,TSS,Outflow,384
3.0,-1290174122_FL,TSS,Outflow,384
7.099999904632568,-1290174122_FL,TSS,Outflow,384
10.5,-1290174122_FL,TSS,Outflow,384
13.69999980926514,-1290174122_FL,TSS,Outflow,385
2.0,-1290174122_FL,TSS,Outflow,385
3.0,-1290174122_FL,TSS,Outflow,385
4.0,-1290174122_FL,TSS,Outflow,385
11.5,-1290174122_FL,TSS,Outflow,385
7.0,-1290174122_FL,TSS,Outflow,386
3.0,-1290174122_FL,TSS,Outflow,386
3.0,-1290174122_FL,TSS,Outflow,386
4.0,-1290174122_FL,TSS,Outflow,386
5.0,-1290174122_FL,TSS,Outflow,386
10.69999980926514,-1290174122_FL,TSS,Outflow,387
6.0,-1290174122_FL,TSS,Outflow,387
10.0,-1290174122_FL,TSS,Outflow,387
2.0,-1290174122_FL,TSS,Outflow,387
5.0,-1290174122_FL,TSS,Outflow,387
20.70000076293945,-1290174122_FL,TSS,Outflow,388
7.099999904632568,-1290174122_FL,TSS,Outflow,388
19.0,-1290174122_FL,TSS,Outflow,388
3.0,-1290174122_FL,TSS,Outflow,388
2.0,-1290174122_FL,TSS,Outflow,388
3.0,-1290174122_FL,TSS,Outflow,389
13.69999980926514,-1290174122_FL,TSS,Outflow,389
20.70000076293945,-1290174122_FL,TSS,Outflow,389
9.5,-1290174122_FL,TSS,Outflow,389
16.0,-1290174122_FL,TSS,Outflow,389
15.89999961853027,-1290174122_FL,TSS,Outflow,390
1.0,-1290174122_FL,TSS,Outflow,390
20.29999923706055,-1290174122_FL,TSS,Outflow,390
3.0,-1290174122_FL,TSS,Outflow,390
3.0,-1290174122_FL,TSS,Outflow,390
3.0,-1290174122_FL,TSS,Outflow,391
7.599999904632568,-1290174122_FL,TSS,Outflow,391
19.0,-1290174122_FL,TSS,Outflow,391
7.099999904632568,-1290174122_FL,TSS,Outflow,391
10.0,-1290174122_FL,TSS,Outflow,391
13.69999980926514,-1290174122_FL,TSS,Outflow,392
2.0,-1290174122_FL,TSS,Outflow,392
5.0,-1290174122_FL,TSS,Outflow,392
7.300000190734863,-1290174122_FL,TSS,Outflow,392
4.0,-1290174122_FL,TSS,Outflow,392
5.0,-1290174122_FL,TSS,Outflow,393
4.0,-1290174122_FL,TSS,Outflow,393
5.0,-1290174122_FL,TSS,Outflow,393
6.0,-1290174122_FL,TSS,Outflow,393
3.0,-1290174122_FL,TSS,Outflow,393
5.0,-1290174122_FL,TSS,Outflow,394
16.0,-1290174122_FL,TSS,Outflow,394
8.0,-1290174122_FL,TSS,Outflow,394
0.02999999932944775,-1290174122_FL,TSS,Outflow,394
19.0,-1290174122_FL,TSS,Outflow,394
13.69999980926514,-1290174122_FL,TSS,Outflow,395
29.39999961853027,-1290174122_FL,TSS,Outflow,395
2.0,-1290174122_FL,TSS,Outflow,395
3.0,-1290174122_FL,TSS,Outflow,395
9.100000381469727,-1290174122_FL,TSS,Outflow,395
3.0,-1290174122_FL,TSS,Outflow,396
0.02999999932944775,-1290174122_FL,TSS,Outflow,396
3.0,-1290174122_FL,TSS,Outflow,396
7.0,-1290174122_FL,TSS,Outflow,396
7.300000190734863,-1290174122_FL,TSS,Outflow,396
9.699999809265137,-1290174122_FL,TSS,Outflow,397
9.0,-1290174122_FL,TSS,Outflow,397
8.0,-1290174122_FL,TSS,Outflow,397
11.5,-1290174122_FL,TSS,Outflow,397
5.0,-1290174122_FL,TSS,Outflow,397
2.0,-1290174122_FL,TSS,Outflow,398
5.0,-1290174122_FL,TSS,Outflow,398
2.0,-1290174122_FL,TSS,Outflow,398
7.900000095367432,-1290174122_FL,TSS,Outflow,398
3.0,-1290174122_FL,TSS,Outflow,398
15.0,-1290174122_FL,TSS,Outflow,399
3.0,-1290174122_FL,TSS,Outflow,399
3.0,-1290174122_FL,TSS,Outflow,399
2.0,-1290174122_FL,TSS,Outflow,399
8.0,-1290174122_FL,TSS,Outflow,399
4.0,-1290174122_FL,TSS,Outflow,400
7.5,-1290174122_FL,TSS,Outflow,400
5.0,-1290174122_FL,TSS,Outflow,400
7.099999904632568,-1290174122_FL,TSS,Outflow,400
1.0,-1290174122_FL,TSS,Outflow,400
7.0,-1290174122_FL,TSS,Outflow,401
12.39999961853027,-1290174122_FL,TSS,Outflow,401
8.0,-1290174122_FL,TSS,Outflow,401
19.0,-1290174122_FL,TSS,Outflow,401
9.5,-1290174122_FL,TSS,Outflow,401
6.0,-1290174122_FL,TSS,Outflow,402
5.0,-1290174122_FL,TSS,Outflow,402
28.0,-1290174122_FL,TSS,Outflow,402
29.39999961853027,-1290174122_FL,TSS,Outflow,402
3.0,-1290174122_FL,TSS,Outflow,402
7.0,-1290174122_FL,TSS,Outflow,403
3.0,-1290174122_FL,TSS,Outflow,403
3.0,-1290174122_FL,TSS,Outflow,403
9.600000381469727,-1290174122_FL,TSS,Outflow,403
7.0,-1290174122_FL,TSS,Outflow,403
16.0,-1290174122_FL,TSS,Outflow,404
9.0,-1290174122_FL,TSS,Outflow,404
8.0,-1290174122_FL,TSS,Outflow,404
19.0,-1290174122_FL,TSS,Outflow,404
8.0,-1290174122_FL,TSS,Outflow,404
8.0,-1290174122_FL,TSS,Outflow,405
11.0,-1290174122_FL,TSS,Outflow,405
3.0,-1290174122_FL,TSS,Outflow,405
15.89999961853027,-1290174122_FL,TSS,Outflow,405
49.29999923706055,-1290174122_FL,TSS,Outflow,405
8.0,-1290174122_FL,TSS,Outflow,406
5.0,-1290174122_FL,TSS,Outflow,406
7.0,-1290174122_FL,TSS,Outflow,406
7.099999904632568,-1290174122_FL,TSS,Outflow,406
8.0,-1290174122_FL,TSS,Outflow,406
6.0,-1290174122_FL,TSS,Outflow,407
8.0,-1290174122_FL,TSS,Outflow,407
2.0,-1290174122_FL,TSS,Outflow,407
7.0,-1290174122_FL,TSS,Outflow,407
15.0,-1290174122_FL,TSS,Outflow,407
7.0,-1290174122_FL,TSS,Outflow,408
3.0,-1290174122_FL,TSS,Outflow,408
3.0,-1290174122_FL,TSS,Outflow,408
4.0,-1290174122_FL,TSS,Outflow,408
2.0,-1290174122_FL,TSS,Outflow,408
5.699999809265137,-1290174122_FL,TSS,Outflow,409
5.300000190734863,-1290174122_FL,TSS,Outflow,409
2.0,-1290174122_FL,TSS,Outflow,409
23.0,-1290174122_FL,TSS,Outflow,409
16.5,-1290174122_FL,TSS,Outflow,409
11.5,-1290174122_FL,TSS,Outflow,410
2.0,-1290174122_FL,TSS,Outflow,410
47.0,-1290174122_FL,TSS,Outflow,410
16.60000038146973,-1290174122_FL,TSS,Outflow,410
16.0,-1290174122_FL,TSS,Outflow,410
4.0,-1290174122_FL,TSS,Outflow,411
5.300000190734863,-1290174122_FL,TSS,Outflow,411
3.0,-1290174122_FL,TSS,Outflow,411
5.0,-1290174122_FL,TSS,Outflow,411
6.0,-1290174122_FL,TSS,Outflow,411
3.0,-1290174122_FL,TSS,Outflow,412
29.39999961853027,-1290174122_FL,TSS,Outflow,412
3.0,-1290174122_FL,TSS,Outflow,412
9.0,-1290174122_FL,TSS,Outflow,412
7.099999904632568,-1290174122_FL,TSS,Outflow,412
1.0,-1290174122_FL,TSS,Outflow,413
6.0,-1290174122_FL,TSS,Outflow,413
2.0,-1290174122_FL,TSS,Outflow,413
15.0,-1290174122_FL,TSS,Outflow,413
7.0,-1290174122_FL,TSS,Outflow,413
9.899999618530273,-1290174122_FL,TSS,Outflow,414
5.099999904632568,-1290174122_FL,TSS,Outflow,414
10.5,-1290174122_FL,TSS,Outflow,414
4.0,-1290174122_FL,TSS,Outflow,414
8.0,-1290174122_FL,TSS,Outflow,414
28.0,-1290174122_FL,TSS,Outflow,415
1.0,-1290174122_FL,TSS,Outflow,415
5.0,-1290174122_FL,TSS,Outflow,415
3.0,-1290174122_FL,TSS,Outflow,415
4.0,-1290174122_FL,TSS,Outflow,415
20.29999923706055,-1290174122_FL,TSS,Outflow,416
16.0,-1290174122_FL,TSS,Outflow,416
7.0,-1290174122_FL,TSS,Outflow,416
1.0,-1290174122_FL,TSS,Outflow,416
9.100000381469727,-1290174122_FL,TSS,Outflow,416
4.0,-1290174122_FL,TSS,Outflow,417
7.099999904632568,-1290174122_FL,TSS,Outflow,417
9.100000381469727,-1290174122_FL,TSS,Outflow,417
4.0,-1290174122_FL,TSS,Outflow,417
9.0,-1290174122_FL,TSS,Outflow,417
3.0,-1290174122_FL,TSS,Outflow,418
7.0,-1290174122_FL,TSS,Outflow,418
3.0,-1290174122_FL,TSS,Outflow,418
16.0,-1290174122_FL,TSS,Outflow,418
9.5,-1290174122_FL,TSS,Outflow,418
16.60000038146973,-1290174122_FL,TSS,Outflow,419
15.0,-1290174122_FL,TSS,Outflow,419
2.0,-1290174122_FL,TSS,Outflow,419
9.600000381469727,-1290174122_FL,TSS,Outflow,419
7.5,-1290174122_FL,TSS,Outflow,419
7.300000190734863,-1290174122_FL,TSS,Outflow,420
15.0,-1290174122_FL,TSS,Outflow,420
5.0,-1290174122_FL,TSS,Outflow,420
7.599999904632568,-1290174122_FL,TSS,Outflow,420
16.0,-1290174122_FL,TSS,Outflow,420
5.0,-1290174122_FL,TSS,Outflow,421
15.0,-1290174122_FL,TSS,Outflow,421
9.600000381469727,-1290174122_FL,TSS,Outflow,421
2.0,-1290174122_FL,TSS,Outflow,421
10.0,-1290174122_FL,TSS,Outflow,421
3.0,-1290174122_FL,TSS,Outflow,422
28.0,-1290174122_FL,TSS,Outflow,422
3.0,-1290174122_FL,TSS,Outflow,422
3.0,-1290174122_FL,TSS,Outflow,422
15.0,-1290174122_FL,TSS,Outflow,422
7.099999904632568,-1290174122_FL,TSS,Outflow,423
9.899999618530273,-1290174122_FL,TSS,Outflow,423
2.0,-1290174122_FL,TSS,Outflow,423
6.0,-1290174122_FL,TSS,Outflow,423
16.70000076293945,-1290174122_FL,TSS,Outflow,423
7.0,-1290174122_FL,TSS,Outflow,424
4.0,-1290174122_FL,TSS,Outflow,424
20.70000076293945,-1290174122_FL,TSS,Outflow,424
7.099999904632568,-1290174122_FL,TSS,Outflow,424
16.60000038146973,-1290174122_FL,TSS,Outflow,424
12.10000038146973,-1290174122_FL,TSS,Outflow,425
7.0,-1290174122_FL,TSS,Outflow,425
15.0,-1290174122_FL,TSS,Outflow,425
8.0,-1290174122_FL,TSS,Outflow,425
3.0,-1290174122_FL,TSS,Outflow,425
16.0,-1290174122_FL,TSS,Outflow,426
3.0,-1290174122_FL,TSS,Outflow,426
2.0,-1290174122_FL,TSS,Outflow,426
3.0,-1290174122_FL,TSS,Outflow,426
11.5,-1290174122_FL,TSS,Outflow,426
7.900000095367432,-1290174122_FL,TSS,Outflow,427
3.0,-1290174122_FL,TSS,Outflow,427
4.0,-1290174122_FL,TSS,Outflow,427
3.0,-1290174122_FL,TSS,Outflow,427
2.0,-1290174122_FL,TSS,Outflow,427
7.099999904632568,-1290174122_FL,TSS,Outflow,428
3.0,-1290174122_FL,TSS,Outflow,428
7.0,-1290174122_FL,TSS,Outflow,428
49.29999923706055,-1290174122_FL,TSS,Outflow,428
9.899999618530273,-1290174122_FL,TSS,Outflow,428
5.300000190734863,-1290174122_FL,TSS,Outflow,429
29.39999961853027,-1290174122_FL,TSS,Outflow,429
30.79999923706055,-1290174122_FL,TSS,Outflow,429
3.0,-1290174122_FL,TSS,Outflow,429
15.0,-1290174122_FL,TSS,Outflow,429
23.0,-1290174122_FL,TSS,Outflow,430
4.0,-1290174122_FL,TSS,Outflow,430
7.0,-1290174122_FL,TSS,Outflow,430
8.0,-1290174122_FL,TSS,Outflow,430
8.0,-1290174122_FL,TSS,Outflow,430
8.0,-1290174122_FL,TSS,Outflow,431
15.0,-1290174122_FL,TSS,Outflow,431
29.39999961853027,-1290174122_FL,TSS,Outflow,431
6.0,-1290174122_FL,TSS,Outflow,431
2.0,-1290174122_FL,TSS,Outflow,431
1.0,-1290174122_FL,TSS,Outflow,432
19.0,-1290174122_FL,TSS,Outflow,432
6.0,-1290174122_FL,TSS,Outflow,432
16.60000038146973,-1290174122_FL,TSS,Outflow,432
10.5,-1290174122_FL,TSS,Outflow,432
29.39999961853027,-1290174122_FL,TSS,Outflow,433
3.0,-1290174122_FL,TSS,Outflow,433
49.29999923706055,-1290174122_FL,TSS,Outflow,433
8.0,-1290174122_FL,TSS,Outflow,433
5.0,-1290174122_FL,TSS,Outflow,433
3.0,-1290174122_FL,TSS,Outflow,434
9.699999809265137,-1290174122_FL,TSS,Outflow,434
4.0,-1290174122_FL,TSS,Outflow,434
5.0,-1290174122_FL,TSS,Outflow,434
5.300000190734863,-1290174122_FL,TSS,Outflow,434
0.02999999932944775,-1290174122_FL,TSS,Outflow,435
3.0,-1290174122_FL,TSS,Outflow,435
5.699999809265137,-1290174122_FL,TSS,Outflow,435
7.0,-1290174122_FL,TSS,Outflow,435
9.699999809265137,-1290174122_FL,TSS,Outflow,435
3.0,-1290174122_FL,TSS,Outflow,436
15.0,-1290174122_FL,TSS,Outflow,436
7.0,-1290174122_FL,TSS,Outflow,436
10.0,-1290174122_FL,TSS,Outflow,436
10.5,-1290174122_FL,TSS,Outflow,436
4.0,-1290174122_FL,TSS,Outflow,437
5.0,-1290174122_FL,TSS,Outflow,437
12.5,-1290174122_FL,TSS,Outflow,437
3.0,-1290174122_FL,TSS,Outflow,437
2.0,-1290174122_FL,TSS,Outflow,437
5.099999904632568,-1290174122_FL,TSS,Outflow,438
5.699999809265137,-1290174122_FL,TSS,Outflow,438
7.099999904632568,-1290174122_FL,TSS,Outflow,438
8.0,-1290174122_FL,TSS,Outflow,438
9.899999618530273,-1290174122_FL,TSS,Outflow,438
8.0,-1290174122_FL,TSS,Outflow,439
9.899999618530273,-1290174122_FL,TSS,Outflow,439
3.0,-1290174122_FL,TSS,Outflow,439
3.0,-1290174122_FL,TSS,Outflow,439
2.0,-1290174122_FL,TSS,Outflow,439
3.0,-1290174122_FL,TSS,Outflow,440
9.0,-1290174122_FL,TSS,Outflow,440
28.0,-1290174122_FL,TSS,Outflow,440
13.69999980926514,-1290174122_FL,TSS,Outflow,440
16.70000076293945,-1290174122_FL,TSS,Outflow,440
6.0,-1290174122_FL,TSS,Outflow,441
7.0,-1290174122_FL,TSS,Outflow,441
9.0,-1290174122_FL,TSS,Outflow,441
6.0,-1290174122_FL,TSS,Outflow,441
3.0,-1290174122_FL,TSS,Outflow,441
16.0,-1290174122_FL,TSS,Outflow,442
5.300000190734863,-1290174122_FL,TSS,Outflow,442
2.0,-1290174122_FL,TSS,Outflow,442
6.0,-1290174122_FL,TSS,Outflow,442
4.0,-1290174122_FL,TSS,Outflow,442
11.0,-1290174122_FL,TSS,Outflow,443
15.0,-1290174122_FL,TSS,Outflow,443
4.0,-1290174122_FL,TSS,Outflow,443
8.0,-1290174122_FL,TSS,Outflow,443
7.0,-1290174122_FL,TSS,Outflow,443
0.02999999932944775,-1290174122_FL,TSS,Outflow,444
9.5,-1290174122_FL,TSS,Outflow,444
3.0,-1290174122_FL,TSS,Outflow,444
5.0,-1290174122_FL,TSS,Outflow,444
7.900000095367432,-1290174122_FL,TSS,Outflow,444
3.0,-1290174122_FL,TSS,Outflow,445
5.0,-1290174122_FL,TSS,Outflow,445
16.70000076293945,-1290174122_FL,TSS,Outflow,445
3.0,-1290174122_FL,TSS,Outflow,445
7.099999904632568,-1290174122_FL,TSS,Outflow,445
0.02999999932944775,-1290174122_FL,TSS,Outflow,446
9.0,-1290174122_FL,TSS,Outflow,446
16.0,-1290174122_FL,TSS,Outflow,446
16.5,-1290174122_FL,TSS,Outflow,446
3.0,-1290174122_FL,TSS,Outflow,446
11.0,-1290174122_FL,TSS,Outflow,447
28.0,-1290174122_FL,TSS,Outflow,447
9.5,-1290174122_FL,TSS,Outflow,447
4.0,-1290174122_FL,TSS,Outflow,447
5.0,-1290174122_FL,TSS,Outflow,447
1.0,-1290174122_FL,TSS,Outflow,448
8.0,-1290174122_FL,TSS,Outflow,448
5.0,-1290174122_FL,TSS,Outflow,448
2.0,-1290174122_FL,TSS,Outflow,448
49.29999923706055,-1290174122_FL,TSS,Outflow,448
7.300000190734863,-1290174122_FL,TSS,Outflow,449
1.0,-1290174122_FL,TSS,Outflow,449
16.0,-1290174122_FL,TSS,Outflow,449
3.0,-1290174122_FL,TSS,Outflow,449
7.5,-1290174122_FL,TSS,Outflow,449
16.60000038146973,-1290174122_FL,TSS,Outflow,450
28.0,-1290174122_FL,TSS,Outflow,450
16.0,-1290174122_FL,TSS,Outflow,450
3.0,-1290174122_FL,TSS,Outflow,450
8.0,-1290174122_FL,TSS,Outflow,450
7.5,-1290174122_FL,TSS,Outflow,451
19.0,-1290174122_FL,TSS,Outflow,451
3.0,-1290174122_FL,TSS,Outflow,451
12.10000038146973,-1290174122_FL,TSS,Outflow,451
7.300000190734863,-1290174122_FL,TSS,Outflow,451
0.02999999932944775,-1290174122_FL,TSS,Outflow,452
28.0,-1290174122_FL,TSS,Outflow,452
5.699999809265137,-1290174122_FL,TSS,Outflow,452
12.10000038146973,-1290174122_FL,TSS,Outflow,452
3.0,-1290174122_FL,TSS,Outflow,452
16.0,-1290174122_FL,TSS,Outflow,453
3.0,-1290174122_FL,TSS,Outflow,453
5.0,-1290174122_FL,TSS,Outflow,453
4.0,-1290174122_FL,TSS,Outflow,453
12.10000038146973,-1290174122_FL,TSS,Outflow,453
3.0,-1290174122_FL,TSS,Outflow,454
5.0,-1290174122_FL,TSS,Outflow,454
6.0,-1290174122_FL,TSS,Outflow,454
5.0,-1290174122_FL,TSS,Outflow,454
2.0,-1290174122_FL,TSS,Outflow,454
11.5,-1290174122_FL,TSS,Outflow,455
4.0,-1290174122_FL,TSS,Outflow,455
5.0,-1290174122_FL,TSS,Outflow,455
16.5,-1290174122_FL,TSS,Outflow,455
8.0,-1290174122_FL,TSS,Outflow,455
20.29999923706055,-1290174122_FL,TSS,Outflow,456
11.0,-1290174122_FL,TSS,Outflow,456
7.900000095367432,-1290174122_FL,TSS,Outflow,456
8.0,-1290174122_FL,TSS,Outflow,456
49.29999923706055,-1290174122_FL,TSS,Outflow,456
16.0,-1290174122_FL,TSS,Outflow,457
1.0,-1290174122_FL,TSS,Outflow,457
12.10000038146973,-1290174122_FL,TSS,Outflow,457
5.0,-1290174122_FL,TSS,Outflow,457
2.0,-1290174122_FL,TSS,Outflow,457
5.699999809265137,-1290174122_FL,TSS,Outflow,458
1.0,-1290174122_FL,TSS,Outflow,458
5.0,-1290174122_FL,TSS,Outflow,458
7.5,-1290174122_FL,TSS,Outflow,458
4.0,-1290174122_FL,TSS,Outflow,458
5.0,-1290174122_FL,TSS,Outflow,459
10.69999980926514,-1290174122_FL,TSS,Outflow,459
8.0,-1290174122_FL,TSS,Outflow,459
3.0,-1290174122_FL,TSS,Outflow,459
5.0,-1290174122_FL,TSS,Outflow,459
9.600000381469727,-1290174122_FL,TSS,Outflow,460
7.5,-1290174122_FL,TSS,Outflow,460
20.29999923706055,-1290174122_FL,TSS,Outflow,460
2.0,-1290174122_FL,TSS,Outflow,460
7.099999904632568,-1290174122_FL,TSS,Outflow,460
7.099999904632568,-1290174122_FL,TSS,Outflow,461
1.0,-1290174122_FL,TSS,Outflow,461
5.0,-1290174122_FL,TSS,Outflow,461
3.0,-1290174122_FL,TSS,Outflow,461
49.29999923706055,-1290174122_FL,TSS,Outflow,461
5.0,-1290174122_FL,TSS,Outflow,462
5.0,-1290174122_FL,TSS,Outflow,462
7.900000095367432,-1290174122_FL,TSS,Outflow,462
8.0,-1290174122_FL,TSS,Outflow,462
30.79999923706055,-1290174122_FL,TSS,Outflow,462
4.0,-1290174122_FL,TSS,Outflow,463
7.5,-1290174122_FL,TSS,Outflow,463
20.29999923706055,-1290174122_FL,TSS,Outflow,463
3.0,-1290174122_FL,TSS,Outflow,463
10.69999980926514,-1290174122_FL,TSS,Outflow,463
9.699999809265137,-1290174122_FL,TSS,Outflow,464
8.0,-1290174122_FL,TSS,Outflow,464
28.0,-1290174122_FL,TSS,Outflow,464
29.39999961853027,-1290174122_FL,TSS,Outflow,464
5.699999809265137,-1290174122_FL,TSS,Outflow,464
5.699999809265137,-1290174122_FL,TSS,Outflow,465
2.0,-1290174122_FL,TSS,Outflow,465
3.0,-1290174122_FL,TSS,Outflow,465
4.0,-1290174122_FL,TSS,Outflow,465
9.0,-1290174122_FL,TSS,Outflow,465
1.0,-1290174122_FL,TSS,Outflow,466
15.0,-1290174122_FL,TSS,Outflow,466
10.0,-1290174122_FL,TSS,Outflow,466
2.0,-1290174122_FL,TSS,Outflow,466
3.0,-1290174122_FL,TSS,Outflow,466
3.0,-1290174122_FL,TSS,Outflow,467
7.0,-1290174122_FL,TSS,Outflow,467
11.5,-1290174122_FL,TSS,Outflow,467
5.0,-1290174122_FL,TSS,Outflow,467
5.0,-1290174122_FL,TSS,Outflow,467
16.60000038146973,-1290174122_FL,TSS,Outflow,468
3.0,-1290174122_FL,TSS,Outflow,468
49.29999923706055,-1290174122_FL,TSS,Outflow,468
2.0,-1290174122_FL,TSS,Outflow,468
8.0,-1290174122_FL,TSS,Outflow,468
16.70000076293945,-1290174122_FL,TSS,Outflow,469
3.0,-1290174122_FL,TSS,Outflow,469
4.0,-1290174122_FL,TSS,Outflow,469
2.0,-1290174122_FL,TSS,Outflow,469
6.0,-1290174122_FL,TSS,Outflow,469
16.70000076293945,-1290174122_FL,TSS,Outflow,470
16.5,-1290174122_FL,TSS,Outflow,470
6.0,-1290174122_FL,TSS,Outflow,470
5.099999904632568,-1290174122_FL,TSS,Outflow,470
11.0,-1290174122_FL,TSS,Outflow,470
7.099999904632568,-1290174122_FL,TSS,Outflow,471
12.10000038146973,-1290174122_FL,TSS,Outflow,471
7.900000095367432,-1290174122_FL,TSS,Outflow,471
7.0,-1290174122_FL,TSS,Outflow,471
9.5,-1290174122_FL,TSS,Outflow,471
7.099999904632568,-1290174122_FL,TSS,Outflow,472
4.0,-1290174122_FL,TSS,Outflow,472
8.0,-1290174122_FL,TSS,Outflow,472
9.5,-1290174122_FL,TSS,Outflow,472
11.5,-1290174122_FL,TSS,Outflow,472
7.0,-1290174122_FL,TSS,Outflow,473
16.0,-1290174122_FL,TSS,Outflow,473
23.0,-1290174122_FL,TSS,Outflow,473
4.0,-1290174122_FL,TSS,Outflow,473
3.0,-1290174122_FL,TSS,Outflow,473
11.5,-1290174122_FL,TSS,Outflow,474
9.0,-1290174122_FL,TSS,Outflow,474
5.0,-1290174122_FL,TSS,Outflow,474
3.0,-1290174122_FL,TSS,Outflow,474
4.0,-1290174122_FL,TSS,Outflow,474
3.0,-1290174122_FL,TSS,Outflow,475
5.0,-1290174122_FL,TSS,Outflow,475
10.0,-1290174122_FL,TSS,Outflow,475
1.0,-1290174122_FL,TSS,Outflow,475
5.0,-1290174122_FL,TSS,Outflow,475
19.0,-1290174122_FL,TSS,Outflow,476
4.0,-1290174122_FL,TSS,Outflow,476
23.0,-1290174122_FL,TSS,Outflow,476
2.0,-1290174122_FL,TSS,Outflow,476
5.0,-1290174122_FL,TSS,Outflow,476
19.0,-1290174122_FL,TSS,Outflow,477
0.02999999932944775,-1290174122_FL,TSS,Outflow,477
6.0,-1290174122_FL,TSS,Outflow,477
4.0,-1290174122_FL,TSS,Outflow,477
3.0,-1290174122_FL,TSS,Outflow,477
49.29999923706055,-1290174122_FL,TSS,Outflow,478
16.0,-1290174122_FL,TSS,Outflow,478
12.10000038146973,-1290174122_FL,TSS,Outflow,478
3.0,-1290174122_FL,TSS,Outflow,478
16.0,-1290174122_FL,TSS,Outflow,478
1.0,-1290174122_FL,TSS,Outflow,479
5.0,-1290174122_FL,TSS,Outflow,479
12.39999961853027,-1290174122_FL,TSS,Outflow,479
5.0,-1290174122_FL,TSS,Outflow,479
5.300000190734863,-1290174122_FL,TSS,Outflow,479
3.0,-1290174122_FL,TSS,Outflow,480
12.39999961853027,-1290174122_FL,TSS,Outflow,480
7.099999904632568,-1290174122_FL,TSS,Outflow,480
49.29999923706055,-1290174122_FL,TSS,Outflow,480
6.0,-1290174122_FL,TSS,Outflow,480
10.0,-1290174122_FL,TSS,Outflow,481
9.0,-1290174122_FL,TSS,Outflow,481
19.0,-1290174122_FL,TSS,Outflow,481
5.0,-1290174122_FL,TSS,Outflow,481
10.0,-1290174122_FL,TSS,Outflow,481
8.0,-1290174122_FL,TSS,Outflow,482
4.0,-1290174122_FL,TSS,Outflow,482
1.0,-1290174122_FL,TSS,Outflow,482
3.0,-1290174122_FL,TSS,Outflow,482
7.900000095367432,-1290174122_FL,TSS,Outflow,482
23.0,-1290174122_FL,TSS,Outflow,483
7.300000190734863,-1290174122_FL,TSS,Outflow,483
8.0,-1290174122_FL,TSS,Outflow,483
28.0,-1290174122_FL,TSS,Outflow,483
4.0,-1290174122_FL,TSS,Outflow,483
1.0,-1290174122_FL,TSS,Outflow,484
19.0,-1290174122_FL,TSS,Outflow,484
6.0,-1290174122_FL,TSS,Outflow,484
3.0,-1290174122_FL,TSS,Outflow,484
16.60000038146973,-1290174122_FL,TSS,Outflow,484
2.0,-1290174122_FL,TSS,Outflow,485
8.0,-1290174122_FL,TSS,Outflow,485
9.699999809265137,-1290174122_FL,TSS,Outflow,485
0.02999999932944775,-1290174122_FL,TSS,Outflow,485
3.0,-1290174122_FL,TSS,Outflow,485
4.0,-1290174122_FL,TSS,Outflow,486
5.0,-1290174122_FL,TSS,Outflow,486
9.699999809265137,-1290174122_FL,TSS,Outflow,486
16.5,-1290174122_FL,TSS,Outflow,486
11.5,-1290174122_FL,TSS,Outflow,486
5.0,-1290174122_FL,TSS,Outflow,487
9.699999809265137,-1290174122_FL,TSS,Outflow,487
5.0,-1290174122_FL,TSS,Outflow,487
15.0,-1290174122_FL,TSS,Outflow,487
7.599999904632568,-1290174122_FL,TSS,Outflow,487
5.0,-1290174122_FL,TSS,Outflow,488
16.0,-1290174122_FL,TSS,Outflow,488
10.69999980926514,-1290174122_FL,TSS,Outflow,488
7.300000190734863,-1290174122_FL,TSS,Outflow,488
5.0,-1290174122_FL,TSS,Outflow,488
3.0,-1290174122_FL,TSS,Outflow,489
5.0,-1290174122_FL,TSS,Outflow,489
3.0,-1290174122_FL,TSS,Outflow,489
3.0,-1290174122_FL,TSS,Outflow,489
20.29999923706055,-1290174122_FL,TSS,Outflow,489
5.300000190734863,-1290174122_FL,TSS,Outflow,490
5.0,-1290174122_FL,TSS,Outflow,490
5.0,-1290174122_FL,TSS,Outflow,490
28.0,-1290174122_FL,TSS,Outflow,490
19.0,-1290174122_FL,TSS,Outflow,490
4.0,-1290174122_FL,TSS,Outflow,491
8.0,-1290174122_FL,TSS,Outflow,491
20.29999923706055,-1290174122_FL,TSS,Outflow,491
5.099999904632568,-1290174122_FL,TSS,Outflow,491
8.0,-1290174122_FL,TSS,Outflow,491
29.39999961853027,-1290174122_FL,TSS,Outflow,492
5.0,-1290174122_FL,TSS,Outflow,492
5.0,-1290174122_FL,TSS,Outflow,492
9.699999809265137,-1290174122_FL,TSS,Outflow,492
28.0,-1290174122_FL,TSS,Outflow,492
7.099999904632568,-1290174122_FL,TSS,Outflow,493
29.39999961853027,-1290174122_FL,TSS,Outflow,493
4.0,-1290174122_FL,TSS,Outflow,493
5.300000190734863,-1290174122_FL,TSS,Outflow,493
3.0,-1290174122_FL,TSS,Outflow,493
1.0,-1290174122_FL,TSS,Outflow,494
8.0,-1290174122_FL,TSS,Outflow,494
6.0,-1290174122_FL,TSS,Outflow,494
1.0,-1290174122_FL,TSS,Outflow,494
3.0,-1290174122_FL,TSS,Outflow,494
9.100000381469727,-1290174122_FL,TSS,Outflow,495
11.0,-1290174122_FL,TSS,Outflow,495
3.0,-1290174122_FL,TSS,Outflow,495
2.0,-1290174122_FL,TSS,Outflow,495
5.099999904632568,-1290174122_FL,TSS,Outflow,495
2.0,-1290174122_FL,TSS,Outflow,496
5.699999809265137,-1290174122_FL,TSS,Outflow,496
10.5,-1290174122_FL,TSS,Outflow,496
12.5,-1290174122_FL,TSS,Outflow,496
12.39999961853027,-1290174122_FL,TSS,Outflow,496
9.699999809265137,-1290174122_FL,TSS,Outflow,497
3.0,-1290174122_FL,TSS,Outflow,497
3.0,-1290174122_FL,TSS,Outflow,497
2.0,-1290174122_FL,TSS,Outflow,497
3.0,-1290174122_FL,TSS,Outflow,497
5.300000190734863,-1290174122_FL,TSS,Outflow,498
12.39999961853027,-1290174122_FL,TSS,Outflow,498
3.0,-1290174122_FL,TSS,Outflow,498
28.0,-1290174122_FL,TSS,Outflow,498
7.0,-1290174122_FL,TSS,Outflow,498
1.0,-1290174122_FL,TSS,Outflow,499
47.0,-1290174122_FL,TSS,Outflow,499
3.0,-1290174122_FL,TSS,Outflow,499
4.0,-1290174122_FL,TSS,Outflow,499
7.0,-1290174122_FL,TSS,Outflow,499
7.599999904632568,-1290174122_FL,TSS,Outflow,500
11.5,-1290174122_FL,TSS,Outflow,500
2.0,-1290174122_FL,TSS,Outflow,500
3.0,-1290174122_FL,TSS,Outflow,500
3.0,-1290174122_FL,TSS,Outflow,500
