EMC,Location,Analyte,Flow,Run
248.0,-1290174122_FL,TSS,Inflow,1
28.39999961853027,-1290174122_FL,TSS,Inflow,1
8.600000381469727,-1290174122_FL,TSS,Inflow,1
56.0,-1290174122_FL,TSS,Inflow,1
35.79999923706055,-1290174122_FL,TSS,Inflow,1
131.0,-1290174122_FL,TSS,Inflow,2
120.0,-1290174122_FL,TSS,Inflow,2
7.699999809265137,-1290174122_FL,TSS,Inflow,2
2.0,-1290174122_FL,TSS,Inflow,2
218.0,-1290174122_FL,TSS,Inflow,2
120.0,-1290174122_FL,TSS,Inflow,3
12.5,-1290174122_FL,TSS,Inflow,3
24.39999961853027,-1290174122_FL,TSS,Inflow,3
319.0,-1290174122_FL,TSS,Inflow,3
104.0,-1290174122_FL,TSS,Inflow,3
10.0,-1290174122_FL,TSS,Inflow,4
52.79999923706055,-1290174122_FL,TSS,Inflow,4
49.90000152587891,-1290174122_FL,TSS,Inflow,4
19.20000076293945,-1290174122_FL,TSS,Inflow,4
56.0,-1290174122_FL,TSS,Inflow,4
78.0,-1290174122_FL,TSS,Inflow,5
171.0,-1290174122_FL,TSS,Inflow,5
264.0,-1290174122_FL,TSS,Inflow,5
131.0,-1290174122_FL,TSS,Inflow,5
56.0,-1290174122_FL,TSS,Inflow,5
53.0,-1290174122_FL,TSS,Inflow,6
171.0,-1290174122_FL,TSS,Inflow,6
104.0,-1290174122_FL,TSS,Inflow,6
16.0,-1290174122_FL,TSS,Inflow,6
76.5999984741211,-1290174122_FL,TSS,Inflow,6
6.0,-1290174122_FL,TSS,Inflow,7
72.0,-1290174122_FL,TSS,Inflow,7
415.0,-1290174122_FL,TSS,Inflow,7
131.0,-1290174122_FL,TSS,Inflow,7
592.0,-1290174122_FL,TSS,Inflow,7
34.29999923706055,-1290174122_FL,TSS,Inflow,8
592.0,-1290174122_FL,TSS,Inflow,8
12.0,-1290174122_FL,TSS,Inflow,8
9.800000190734863,-1290174122_FL,TSS,Inflow,8
6.699999809265137,-1290174122_FL,TSS,Inflow,8
80.0,-1290174122_FL,TSS,Inflow,9
12.0,-1290174122_FL,TSS,Inflow,9
72.0,-1290174122_FL,TSS,Inflow,9
35.79999923706055,-1290174122_FL,TSS,Inflow,9
34.29999923706055,-1290174122_FL,TSS,Inflow,9
163.0,-1290174122_FL,TSS,Inflow,10
12.0,-1290174122_FL,TSS,Inflow,10
319.0,-1290174122_FL,TSS,Inflow,10
1.0,-1290174122_FL,TSS,Inflow,10
112.0,-1290174122_FL,TSS,Inflow,10
24.39999961853027,-1290174122_FL,TSS,Inflow,11
250.0,-1290174122_FL,TSS,Inflow,11
1.0,-1290174122_FL,TSS,Inflow,11
2.0,-1290174122_FL,TSS,Inflow,11
4.0,-1290174122_FL,TSS,Inflow,11
185.0,-1290174122_FL,TSS,Inflow,12
97.0,-1290174122_FL,TSS,Inflow,12
131.0,-1290174122_FL,TSS,Inflow,12
9.0,-1290174122_FL,TSS,Inflow,12
131.0,-1290174122_FL,TSS,Inflow,12
22.0,-1290174122_FL,TSS,Inflow,13
12.5,-1290174122_FL,TSS,Inflow,13
12.0,-1290174122_FL,TSS,Inflow,13
10.0,-1290174122_FL,TSS,Inflow,13
3.0,-1290174122_FL,TSS,Inflow,13
12.0,-1290174122_FL,TSS,Inflow,14
16.0,-1290174122_FL,TSS,Inflow,14
78.0,-1290174122_FL,TSS,Inflow,14
22.0,-1290174122_FL,TSS,Inflow,14
31.20000076293945,-1290174122_FL,TSS,Inflow,14
31.20000076293945,-1290174122_FL,TSS,Inflow,15
8.600000381469727,-1290174122_FL,TSS,Inflow,15
146.5,-1290174122_FL,TSS,Inflow,15
415.0,-1290174122_FL,TSS,Inflow,15
1.0,-1290174122_FL,TSS,Inflow,15
131.0,-1290174122_FL,TSS,Inflow,16
6.0,-1290174122_FL,TSS,Inflow,16
112.0,-1290174122_FL,TSS,Inflow,16
131.0,-1290174122_FL,TSS,Inflow,16
76.5999984741211,-1290174122_FL,TSS,Inflow,16
60.20000076293945,-1290174122_FL,TSS,Inflow,17
131.0,-1290174122_FL,TSS,Inflow,17
22.0,-1290174122_FL,TSS,Inflow,17
22.0,-1290174122_FL,TSS,Inflow,17
24.39999961853027,-1290174122_FL,TSS,Inflow,17
22.0,-1290174122_FL,TSS,Inflow,18
36.0,-1290174122_FL,TSS,Inflow,18
22.0,-1290174122_FL,TSS,Inflow,18
204.0,-1290174122_FL,TSS,Inflow,18
17.0,-1290174122_FL,TSS,Inflow,18
170.0,-1290174122_FL,TSS,Inflow,19
171.0,-1290174122_FL,TSS,Inflow,19
10.0,-1290174122_FL,TSS,Inflow,19
53.0,-1290174122_FL,TSS,Inflow,19
264.0,-1290174122_FL,TSS,Inflow,19
129.0,-1290174122_FL,TSS,Inflow,20
112.0,-1290174122_FL,TSS,Inflow,20
131.0,-1290174122_FL,TSS,Inflow,20
12.5,-1290174122_FL,TSS,Inflow,20
1.0,-1290174122_FL,TSS,Inflow,20
2.0,-1290174122_FL,TSS,Inflow,21
6.699999809265137,-1290174122_FL,TSS,Inflow,21
10.0,-1290174122_FL,TSS,Inflow,21
28.39999961853027,-1290174122_FL,TSS,Inflow,21
56.0,-1290174122_FL,TSS,Inflow,21
69.0,-1290174122_FL,TSS,Inflow,22
131.0,-1290174122_FL,TSS,Inflow,22
1.0,-1290174122_FL,TSS,Inflow,22
12.0,-1290174122_FL,TSS,Inflow,22
20.60000038146973,-1290174122_FL,TSS,Inflow,22
12.0,-1290174122_FL,TSS,Inflow,23
22.0,-1290174122_FL,TSS,Inflow,23
56.0,-1290174122_FL,TSS,Inflow,23
78.0,-1290174122_FL,TSS,Inflow,23
32.0,-1290174122_FL,TSS,Inflow,23
22.0,-1290174122_FL,TSS,Inflow,24
6.699999809265137,-1290174122_FL,TSS,Inflow,24
60.20000076293945,-1290174122_FL,TSS,Inflow,24
12.0,-1290174122_FL,TSS,Inflow,24
55.40000152587891,-1290174122_FL,TSS,Inflow,24
8.0,-1290174122_FL,TSS,Inflow,25
112.0,-1290174122_FL,TSS,Inflow,25
87.0,-1290174122_FL,TSS,Inflow,25
36.0,-1290174122_FL,TSS,Inflow,25
76.5999984741211,-1290174122_FL,TSS,Inflow,25
4.0,-1290174122_FL,TSS,Inflow,26
19.20000076293945,-1290174122_FL,TSS,Inflow,26
12.0,-1290174122_FL,TSS,Inflow,26
10.0,-1290174122_FL,TSS,Inflow,26
2.0,-1290174122_FL,TSS,Inflow,26
69.0,-1290174122_FL,TSS,Inflow,27
8.600000381469727,-1290174122_FL,TSS,Inflow,27
129.0,-1290174122_FL,TSS,Inflow,27
104.0,-1290174122_FL,TSS,Inflow,27
105.0,-1290174122_FL,TSS,Inflow,27
9.0,-1290174122_FL,TSS,Inflow,28
8.899999618530273,-1290174122_FL,TSS,Inflow,28
4.400000095367432,-1290174122_FL,TSS,Inflow,28
1.0,-1290174122_FL,TSS,Inflow,28
105.0,-1290174122_FL,TSS,Inflow,28
10.0,-1290174122_FL,TSS,Inflow,29
16.0,-1290174122_FL,TSS,Inflow,29
180.0,-1290174122_FL,TSS,Inflow,29
204.0,-1290174122_FL,TSS,Inflow,29
4.400000095367432,-1290174122_FL,TSS,Inflow,29
171.0,-1290174122_FL,TSS,Inflow,30
24.39999961853027,-1290174122_FL,TSS,Inflow,30
60.20000076293945,-1290174122_FL,TSS,Inflow,30
78.0,-1290174122_FL,TSS,Inflow,30
131.0,-1290174122_FL,TSS,Inflow,30
131.0,-1290174122_FL,TSS,Inflow,31
120.0,-1290174122_FL,TSS,Inflow,31
46.0,-1290174122_FL,TSS,Inflow,31
28.89999961853027,-1290174122_FL,TSS,Inflow,31
2.0,-1290174122_FL,TSS,Inflow,31
16.0,-1290174122_FL,TSS,Inflow,32
17.0,-1290174122_FL,TSS,Inflow,32
4.400000095367432,-1290174122_FL,TSS,Inflow,32
196.0,-1290174122_FL,TSS,Inflow,32
36.0,-1290174122_FL,TSS,Inflow,32
592.0,-1290174122_FL,TSS,Inflow,33
163.0,-1290174122_FL,TSS,Inflow,33
17.0,-1290174122_FL,TSS,Inflow,33
3.0,-1290174122_FL,TSS,Inflow,33
7.699999809265137,-1290174122_FL,TSS,Inflow,33
12.0,-1290174122_FL,TSS,Inflow,34
76.5999984741211,-1290174122_FL,TSS,Inflow,34
28.39999961853027,-1290174122_FL,TSS,Inflow,34
104.0,-1290174122_FL,TSS,Inflow,34
131.0,-1290174122_FL,TSS,Inflow,34
13.0,-1290174122_FL,TSS,Inflow,35
17.0,-1290174122_FL,TSS,Inflow,35
32.0,-1290174122_FL,TSS,Inflow,35
415.0,-1290174122_FL,TSS,Inflow,35
8.5,-1290174122_FL,TSS,Inflow,35
89.9000015258789,-1290174122_FL,TSS,Inflow,36
180.0,-1290174122_FL,TSS,Inflow,36
49.90000152587891,-1290174122_FL,TSS,Inflow,36
9.800000190734863,-1290174122_FL,TSS,Inflow,36
129.0,-1290174122_FL,TSS,Inflow,36
180.0,-1290174122_FL,TSS,Inflow,37
1.0,-1290174122_FL,TSS,Inflow,37
12.0,-1290174122_FL,TSS,Inflow,37
131.0,-1290174122_FL,TSS,Inflow,37
12.0,-1290174122_FL,TSS,Inflow,37
13.0,-1290174122_FL,TSS,Inflow,38
87.0,-1290174122_FL,TSS,Inflow,38
3.0,-1290174122_FL,TSS,Inflow,38
35.79999923706055,-1290174122_FL,TSS,Inflow,38
9.199999809265137,-1290174122_FL,TSS,Inflow,38
6.599999904632568,-1290174122_FL,TSS,Inflow,39
9.0,-1290174122_FL,TSS,Inflow,39
19.20000076293945,-1290174122_FL,TSS,Inflow,39
185.0,-1290174122_FL,TSS,Inflow,39
4.400000095367432,-1290174122_FL,TSS,Inflow,39
163.0,-1290174122_FL,TSS,Inflow,40
34.29999923706055,-1290174122_FL,TSS,Inflow,40
279.0,-1290174122_FL,TSS,Inflow,40
6.699999809265137,-1290174122_FL,TSS,Inflow,40
28.39999961853027,-1290174122_FL,TSS,Inflow,40
31.20000076293945,-1290174122_FL,TSS,Inflow,41
8.899999618530273,-1290174122_FL,TSS,Inflow,41
56.0,-1290174122_FL,TSS,Inflow,41
55.40000152587891,-1290174122_FL,TSS,Inflow,41
112.0,-1290174122_FL,TSS,Inflow,41
29.20000076293945,-1290174122_FL,TSS,Inflow,42
80.0,-1290174122_FL,TSS,Inflow,42
3.0,-1290174122_FL,TSS,Inflow,42
12.0,-1290174122_FL,TSS,Inflow,42
6.699999809265137,-1290174122_FL,TSS,Inflow,42
56.0,-1290174122_FL,TSS,Inflow,43
72.0,-1290174122_FL,TSS,Inflow,43
97.0,-1290174122_FL,TSS,Inflow,43
10.0,-1290174122_FL,TSS,Inflow,43
105.0,-1290174122_FL,TSS,Inflow,43
180.0,-1290174122_FL,TSS,Inflow,44
163.0,-1290174122_FL,TSS,Inflow,44
204.0,-1290174122_FL,TSS,Inflow,44
131.0,-1290174122_FL,TSS,Inflow,44
8.5,-1290174122_FL,TSS,Inflow,44
8.899999618530273,-1290174122_FL,TSS,Inflow,45
9.0,-1290174122_FL,TSS,Inflow,45
279.0,-1290174122_FL,TSS,Inflow,45
2.0,-1290174122_FL,TSS,Inflow,45
163.0,-1290174122_FL,TSS,Inflow,45
129.0,-1290174122_FL,TSS,Inflow,46
17.0,-1290174122_FL,TSS,Inflow,46
80.0,-1290174122_FL,TSS,Inflow,46
13.0,-1290174122_FL,TSS,Inflow,46
1.0,-1290174122_FL,TSS,Inflow,46
12.5,-1290174122_FL,TSS,Inflow,47
28.0,-1290174122_FL,TSS,Inflow,47
3.0,-1290174122_FL,TSS,Inflow,47
12.0,-1290174122_FL,TSS,Inflow,47
56.0,-1290174122_FL,TSS,Inflow,47
204.0,-1290174122_FL,TSS,Inflow,48
131.0,-1290174122_FL,TSS,Inflow,48
2.0,-1290174122_FL,TSS,Inflow,48
55.40000152587891,-1290174122_FL,TSS,Inflow,48
97.0,-1290174122_FL,TSS,Inflow,48
7.699999809265137,-1290174122_FL,TSS,Inflow,49
17.0,-1290174122_FL,TSS,Inflow,49
170.0,-1290174122_FL,TSS,Inflow,49
1.0,-1290174122_FL,TSS,Inflow,49
28.0,-1290174122_FL,TSS,Inflow,49
185.0,-1290174122_FL,TSS,Inflow,50
60.20000076293945,-1290174122_FL,TSS,Inflow,50
171.0,-1290174122_FL,TSS,Inflow,50
49.90000152587891,-1290174122_FL,TSS,Inflow,50
80.0,-1290174122_FL,TSS,Inflow,50
36.0,-1290174122_FL,TSS,Inflow,51
12.5,-1290174122_FL,TSS,Inflow,51
171.0,-1290174122_FL,TSS,Inflow,51
163.0,-1290174122_FL,TSS,Inflow,51
22.0,-1290174122_FL,TSS,Inflow,51
112.0,-1290174122_FL,TSS,Inflow,52
22.0,-1290174122_FL,TSS,Inflow,52
6.699999809265137,-1290174122_FL,TSS,Inflow,52
163.0,-1290174122_FL,TSS,Inflow,52
28.89999961853027,-1290174122_FL,TSS,Inflow,52
8.0,-1290174122_FL,TSS,Inflow,53
592.0,-1290174122_FL,TSS,Inflow,53
3.0,-1290174122_FL,TSS,Inflow,53
250.0,-1290174122_FL,TSS,Inflow,53
56.0,-1290174122_FL,TSS,Inflow,53
12.0,-1290174122_FL,TSS,Inflow,54
69.0,-1290174122_FL,TSS,Inflow,54
40.0,-1290174122_FL,TSS,Inflow,54
6.599999904632568,-1290174122_FL,TSS,Inflow,54
218.0,-1290174122_FL,TSS,Inflow,54
131.0,-1290174122_FL,TSS,Inflow,55
28.39999961853027,-1290174122_FL,TSS,Inflow,55
78.0,-1290174122_FL,TSS,Inflow,55
7.699999809265137,-1290174122_FL,TSS,Inflow,55
9.800000190734863,-1290174122_FL,TSS,Inflow,55
35.79999923706055,-1290174122_FL,TSS,Inflow,56
22.0,-1290174122_FL,TSS,Inflow,56
56.0,-1290174122_FL,TSS,Inflow,56
9.0,-1290174122_FL,TSS,Inflow,56
131.0,-1290174122_FL,TSS,Inflow,56
40.0,-1290174122_FL,TSS,Inflow,57
22.0,-1290174122_FL,TSS,Inflow,57
6.699999809265137,-1290174122_FL,TSS,Inflow,57
146.5,-1290174122_FL,TSS,Inflow,57
8.600000381469727,-1290174122_FL,TSS,Inflow,57
7.699999809265137,-1290174122_FL,TSS,Inflow,58
4.0,-1290174122_FL,TSS,Inflow,58
146.5,-1290174122_FL,TSS,Inflow,58
36.0,-1290174122_FL,TSS,Inflow,58
28.0,-1290174122_FL,TSS,Inflow,58
28.39999961853027,-1290174122_FL,TSS,Inflow,59
28.0,-1290174122_FL,TSS,Inflow,59
12.0,-1290174122_FL,TSS,Inflow,59
22.0,-1290174122_FL,TSS,Inflow,59
28.89999961853027,-1290174122_FL,TSS,Inflow,59
12.0,-1290174122_FL,TSS,Inflow,60
170.0,-1290174122_FL,TSS,Inflow,60
17.0,-1290174122_FL,TSS,Inflow,60
34.29999923706055,-1290174122_FL,TSS,Inflow,60
22.0,-1290174122_FL,TSS,Inflow,60
131.0,-1290174122_FL,TSS,Inflow,61
80.0,-1290174122_FL,TSS,Inflow,61
264.0,-1290174122_FL,TSS,Inflow,61
319.0,-1290174122_FL,TSS,Inflow,61
76.5999984741211,-1290174122_FL,TSS,Inflow,61
279.0,-1290174122_FL,TSS,Inflow,62
87.0,-1290174122_FL,TSS,Inflow,62
9.0,-1290174122_FL,TSS,Inflow,62
120.0,-1290174122_FL,TSS,Inflow,62
4.0,-1290174122_FL,TSS,Inflow,62
132.0,-1290174122_FL,TSS,Inflow,63
104.0,-1290174122_FL,TSS,Inflow,63
12.0,-1290174122_FL,TSS,Inflow,63
131.0,-1290174122_FL,TSS,Inflow,63
264.0,-1290174122_FL,TSS,Inflow,63
8.899999618530273,-1290174122_FL,TSS,Inflow,64
87.0,-1290174122_FL,TSS,Inflow,64
415.0,-1290174122_FL,TSS,Inflow,64
89.9000015258789,-1290174122_FL,TSS,Inflow,64
146.5,-1290174122_FL,TSS,Inflow,64
264.0,-1290174122_FL,TSS,Inflow,65
55.40000152587891,-1290174122_FL,TSS,Inflow,65
13.0,-1290174122_FL,TSS,Inflow,65
9.199999809265137,-1290174122_FL,TSS,Inflow,65
319.0,-1290174122_FL,TSS,Inflow,65
9.199999809265137,-1290174122_FL,TSS,Inflow,66
87.0,-1290174122_FL,TSS,Inflow,66
72.0,-1290174122_FL,TSS,Inflow,66
10.0,-1290174122_FL,TSS,Inflow,66
319.0,-1290174122_FL,TSS,Inflow,66
131.0,-1290174122_FL,TSS,Inflow,67
13.0,-1290174122_FL,TSS,Inflow,67
24.39999961853027,-1290174122_FL,TSS,Inflow,67
40.0,-1290174122_FL,TSS,Inflow,67
171.0,-1290174122_FL,TSS,Inflow,67
24.39999961853027,-1290174122_FL,TSS,Inflow,68
2.0,-1290174122_FL,TSS,Inflow,68
6.599999904632568,-1290174122_FL,TSS,Inflow,68
23.20000076293945,-1290174122_FL,TSS,Inflow,68
10.0,-1290174122_FL,TSS,Inflow,68
29.20000076293945,-1290174122_FL,TSS,Inflow,69
6.599999904632568,-1290174122_FL,TSS,Inflow,69
146.5,-1290174122_FL,TSS,Inflow,69
131.0,-1290174122_FL,TSS,Inflow,69
9.0,-1290174122_FL,TSS,Inflow,69
1.0,-1290174122_FL,TSS,Inflow,70
12.0,-1290174122_FL,TSS,Inflow,70
9.0,-1290174122_FL,TSS,Inflow,70
1.0,-1290174122_FL,TSS,Inflow,70
2.0,-1290174122_FL,TSS,Inflow,70
22.0,-1290174122_FL,TSS,Inflow,71
22.0,-1290174122_FL,TSS,Inflow,71
97.0,-1290174122_FL,TSS,Inflow,71
76.5999984741211,-1290174122_FL,TSS,Inflow,71
60.20000076293945,-1290174122_FL,TSS,Inflow,71
131.0,-1290174122_FL,TSS,Inflow,72
12.0,-1290174122_FL,TSS,Inflow,72
131.0,-1290174122_FL,TSS,Inflow,72
24.39999961853027,-1290174122_FL,TSS,Inflow,72
592.0,-1290174122_FL,TSS,Inflow,72
32.0,-1290174122_FL,TSS,Inflow,73
8.0,-1290174122_FL,TSS,Inflow,73
12.0,-1290174122_FL,TSS,Inflow,73
196.0,-1290174122_FL,TSS,Inflow,73
248.0,-1290174122_FL,TSS,Inflow,73
250.0,-1290174122_FL,TSS,Inflow,74
28.39999961853027,-1290174122_FL,TSS,Inflow,74
17.0,-1290174122_FL,TSS,Inflow,74
22.0,-1290174122_FL,TSS,Inflow,74
10.0,-1290174122_FL,TSS,Inflow,74
80.0,-1290174122_FL,TSS,Inflow,75
2.0,-1290174122_FL,TSS,Inflow,75
17.0,-1290174122_FL,TSS,Inflow,75
13.0,-1290174122_FL,TSS,Inflow,75
264.0,-1290174122_FL,TSS,Inflow,75
10.0,-1290174122_FL,TSS,Inflow,76
69.0,-1290174122_FL,TSS,Inflow,76
592.0,-1290174122_FL,TSS,Inflow,76
171.0,-1290174122_FL,TSS,Inflow,76
46.0,-1290174122_FL,TSS,Inflow,76
105.0,-1290174122_FL,TSS,Inflow,77
49.90000152587891,-1290174122_FL,TSS,Inflow,77
69.0,-1290174122_FL,TSS,Inflow,77
120.0,-1290174122_FL,TSS,Inflow,77
13.0,-1290174122_FL,TSS,Inflow,77
180.0,-1290174122_FL,TSS,Inflow,78
6.699999809265137,-1290174122_FL,TSS,Inflow,78
2.0,-1290174122_FL,TSS,Inflow,78
171.0,-1290174122_FL,TSS,Inflow,78
3.0,-1290174122_FL,TSS,Inflow,78
72.0,-1290174122_FL,TSS,Inflow,79
264.0,-1290174122_FL,TSS,Inflow,79
131.0,-1290174122_FL,TSS,Inflow,79
31.20000076293945,-1290174122_FL,TSS,Inflow,79
36.0,-1290174122_FL,TSS,Inflow,79
13.0,-1290174122_FL,TSS,Inflow,80
23.20000076293945,-1290174122_FL,TSS,Inflow,80
69.0,-1290174122_FL,TSS,Inflow,80
7.699999809265137,-1290174122_FL,TSS,Inflow,80
8.899999618530273,-1290174122_FL,TSS,Inflow,80
131.0,-1290174122_FL,TSS,Inflow,81
8.600000381469727,-1290174122_FL,TSS,Inflow,81
112.0,-1290174122_FL,TSS,Inflow,81
16.0,-1290174122_FL,TSS,Inflow,81
12.0,-1290174122_FL,TSS,Inflow,81
9.199999809265137,-1290174122_FL,TSS,Inflow,82
12.0,-1290174122_FL,TSS,Inflow,82
1.0,-1290174122_FL,TSS,Inflow,82
10.0,-1290174122_FL,TSS,Inflow,82
131.0,-1290174122_FL,TSS,Inflow,82
131.0,-1290174122_FL,TSS,Inflow,83
16.0,-1290174122_FL,TSS,Inflow,83
31.20000076293945,-1290174122_FL,TSS,Inflow,83
8.899999618530273,-1290174122_FL,TSS,Inflow,83
97.0,-1290174122_FL,TSS,Inflow,83
171.0,-1290174122_FL,TSS,Inflow,84
6.699999809265137,-1290174122_FL,TSS,Inflow,84
112.0,-1290174122_FL,TSS,Inflow,84
22.0,-1290174122_FL,TSS,Inflow,84
5.400000095367432,-1290174122_FL,TSS,Inflow,84
131.0,-1290174122_FL,TSS,Inflow,85
76.5999984741211,-1290174122_FL,TSS,Inflow,85
29.20000076293945,-1290174122_FL,TSS,Inflow,85
24.39999961853027,-1290174122_FL,TSS,Inflow,85
592.0,-1290174122_FL,TSS,Inflow,85
132.0,-1290174122_FL,TSS,Inflow,86
2.0,-1290174122_FL,TSS,Inflow,86
131.0,-1290174122_FL,TSS,Inflow,86
6.0,-1290174122_FL,TSS,Inflow,86
2.0,-1290174122_FL,TSS,Inflow,86
131.0,-1290174122_FL,TSS,Inflow,87
12.5,-1290174122_FL,TSS,Inflow,87
129.0,-1290174122_FL,TSS,Inflow,87
2.0,-1290174122_FL,TSS,Inflow,87
264.0,-1290174122_FL,TSS,Inflow,87
129.0,-1290174122_FL,TSS,Inflow,88
1.0,-1290174122_FL,TSS,Inflow,88
72.0,-1290174122_FL,TSS,Inflow,88
69.0,-1290174122_FL,TSS,Inflow,88
53.0,-1290174122_FL,TSS,Inflow,88
55.40000152587891,-1290174122_FL,TSS,Inflow,89
131.0,-1290174122_FL,TSS,Inflow,89
10.0,-1290174122_FL,TSS,Inflow,89
8.0,-1290174122_FL,TSS,Inflow,89
89.9000015258789,-1290174122_FL,TSS,Inflow,89
56.0,-1290174122_FL,TSS,Inflow,90
218.0,-1290174122_FL,TSS,Inflow,90
9.800000190734863,-1290174122_FL,TSS,Inflow,90
592.0,-1290174122_FL,TSS,Inflow,90
60.20000076293945,-1290174122_FL,TSS,Inflow,90
9.0,-1290174122_FL,TSS,Inflow,91
17.0,-1290174122_FL,TSS,Inflow,91
52.79999923706055,-1290174122_FL,TSS,Inflow,91
13.0,-1290174122_FL,TSS,Inflow,91
9.0,-1290174122_FL,TSS,Inflow,91
9.800000190734863,-1290174122_FL,TSS,Inflow,92
17.0,-1290174122_FL,TSS,Inflow,92
32.0,-1290174122_FL,TSS,Inflow,92
9.199999809265137,-1290174122_FL,TSS,Inflow,92
80.0,-1290174122_FL,TSS,Inflow,92
146.5,-1290174122_FL,TSS,Inflow,93
319.0,-1290174122_FL,TSS,Inflow,93
415.0,-1290174122_FL,TSS,Inflow,93
131.0,-1290174122_FL,TSS,Inflow,93
112.0,-1290174122_FL,TSS,Inflow,93
12.5,-1290174122_FL,TSS,Inflow,94
76.5999984741211,-1290174122_FL,TSS,Inflow,94
13.0,-1290174122_FL,TSS,Inflow,94
8.899999618530273,-1290174122_FL,TSS,Inflow,94
40.0,-1290174122_FL,TSS,Inflow,94
12.0,-1290174122_FL,TSS,Inflow,95
78.0,-1290174122_FL,TSS,Inflow,95
17.0,-1290174122_FL,TSS,Inflow,95
69.0,-1290174122_FL,TSS,Inflow,95
32.0,-1290174122_FL,TSS,Inflow,95
16.0,-1290174122_FL,TSS,Inflow,96
60.20000076293945,-1290174122_FL,TSS,Inflow,96
8.5,-1290174122_FL,TSS,Inflow,96
72.0,-1290174122_FL,TSS,Inflow,96
131.0,-1290174122_FL,TSS,Inflow,96
204.0,-1290174122_FL,TSS,Inflow,97
131.0,-1290174122_FL,TSS,Inflow,97
23.20000076293945,-1290174122_FL,TSS,Inflow,97
4.0,-1290174122_FL,TSS,Inflow,97
12.0,-1290174122_FL,TSS,Inflow,97
36.0,-1290174122_FL,TSS,Inflow,98
6.599999904632568,-1290174122_FL,TSS,Inflow,98
87.0,-1290174122_FL,TSS,Inflow,98
196.0,-1290174122_FL,TSS,Inflow,98
415.0,-1290174122_FL,TSS,Inflow,98
9.0,-1290174122_FL,TSS,Inflow,99
131.0,-1290174122_FL,TSS,Inflow,99
87.0,-1290174122_FL,TSS,Inflow,99
13.0,-1290174122_FL,TSS,Inflow,99
196.0,-1290174122_FL,TSS,Inflow,99
264.0,-1290174122_FL,TSS,Inflow,100
13.0,-1290174122_FL,TSS,Inflow,100
146.5,-1290174122_FL,TSS,Inflow,100
35.79999923706055,-1290174122_FL,TSS,Inflow,100
22.0,-1290174122_FL,TSS,Inflow,100
20.60000038146973,-1290174122_FL,TSS,Inflow,101
76.5999984741211,-1290174122_FL,TSS,Inflow,101
12.5,-1290174122_FL,TSS,Inflow,101
319.0,-1290174122_FL,TSS,Inflow,101
36.0,-1290174122_FL,TSS,Inflow,101
170.0,-1290174122_FL,TSS,Inflow,102
3.0,-1290174122_FL,TSS,Inflow,102
28.89999961853027,-1290174122_FL,TSS,Inflow,102
6.599999904632568,-1290174122_FL,TSS,Inflow,102
8.899999618530273,-1290174122_FL,TSS,Inflow,102
104.0,-1290174122_FL,TSS,Inflow,103
10.0,-1290174122_FL,TSS,Inflow,103
415.0,-1290174122_FL,TSS,Inflow,103
131.0,-1290174122_FL,TSS,Inflow,103
170.0,-1290174122_FL,TSS,Inflow,103
46.0,-1290174122_FL,TSS,Inflow,104
6.699999809265137,-1290174122_FL,TSS,Inflow,104
56.0,-1290174122_FL,TSS,Inflow,104
16.0,-1290174122_FL,TSS,Inflow,104
32.0,-1290174122_FL,TSS,Inflow,104
163.0,-1290174122_FL,TSS,Inflow,105
46.0,-1290174122_FL,TSS,Inflow,105
131.0,-1290174122_FL,TSS,Inflow,105
97.0,-1290174122_FL,TSS,Inflow,105
40.0,-1290174122_FL,TSS,Inflow,105
7.699999809265137,-1290174122_FL,TSS,Inflow,106
3.0,-1290174122_FL,TSS,Inflow,106
22.0,-1290174122_FL,TSS,Inflow,106
8.899999618530273,-1290174122_FL,TSS,Inflow,106
1.0,-1290174122_FL,TSS,Inflow,106
131.0,-1290174122_FL,TSS,Inflow,107
13.0,-1290174122_FL,TSS,Inflow,107
52.79999923706055,-1290174122_FL,TSS,Inflow,107
69.0,-1290174122_FL,TSS,Inflow,107
3.0,-1290174122_FL,TSS,Inflow,107
78.0,-1290174122_FL,TSS,Inflow,108
31.20000076293945,-1290174122_FL,TSS,Inflow,108
180.0,-1290174122_FL,TSS,Inflow,108
2.0,-1290174122_FL,TSS,Inflow,108
22.0,-1290174122_FL,TSS,Inflow,108
218.0,-1290174122_FL,TSS,Inflow,109
163.0,-1290174122_FL,TSS,Inflow,109
6.599999904632568,-1290174122_FL,TSS,Inflow,109
146.5,-1290174122_FL,TSS,Inflow,109
53.0,-1290174122_FL,TSS,Inflow,109
12.0,-1290174122_FL,TSS,Inflow,110
131.0,-1290174122_FL,TSS,Inflow,110
1.0,-1290174122_FL,TSS,Inflow,110
16.0,-1290174122_FL,TSS,Inflow,110
35.79999923706055,-1290174122_FL,TSS,Inflow,110
8.5,-1290174122_FL,TSS,Inflow,111
8.899999618530273,-1290174122_FL,TSS,Inflow,111
415.0,-1290174122_FL,TSS,Inflow,111
20.60000038146973,-1290174122_FL,TSS,Inflow,111
76.5999984741211,-1290174122_FL,TSS,Inflow,111
46.0,-1290174122_FL,TSS,Inflow,112
6.699999809265137,-1290174122_FL,TSS,Inflow,112
196.0,-1290174122_FL,TSS,Inflow,112
129.0,-1290174122_FL,TSS,Inflow,112
9.800000190734863,-1290174122_FL,TSS,Inflow,112
35.79999923706055,-1290174122_FL,TSS,Inflow,113
592.0,-1290174122_FL,TSS,Inflow,113
60.20000076293945,-1290174122_FL,TSS,Inflow,113
131.0,-1290174122_FL,TSS,Inflow,113
131.0,-1290174122_FL,TSS,Inflow,113
185.0,-1290174122_FL,TSS,Inflow,114
28.89999961853027,-1290174122_FL,TSS,Inflow,114
22.0,-1290174122_FL,TSS,Inflow,114
131.0,-1290174122_FL,TSS,Inflow,114
29.20000076293945,-1290174122_FL,TSS,Inflow,114
12.0,-1290174122_FL,TSS,Inflow,115
8.899999618530273,-1290174122_FL,TSS,Inflow,115
264.0,-1290174122_FL,TSS,Inflow,115
250.0,-1290174122_FL,TSS,Inflow,115
22.0,-1290174122_FL,TSS,Inflow,115
131.0,-1290174122_FL,TSS,Inflow,116
170.0,-1290174122_FL,TSS,Inflow,116
592.0,-1290174122_FL,TSS,Inflow,116
9.800000190734863,-1290174122_FL,TSS,Inflow,116
171.0,-1290174122_FL,TSS,Inflow,116
185.0,-1290174122_FL,TSS,Inflow,117
2.0,-1290174122_FL,TSS,Inflow,117
6.599999904632568,-1290174122_FL,TSS,Inflow,117
8.899999618530273,-1290174122_FL,TSS,Inflow,117
196.0,-1290174122_FL,TSS,Inflow,117
129.0,-1290174122_FL,TSS,Inflow,118
105.0,-1290174122_FL,TSS,Inflow,118
12.0,-1290174122_FL,TSS,Inflow,118
55.40000152587891,-1290174122_FL,TSS,Inflow,118
28.0,-1290174122_FL,TSS,Inflow,118
22.0,-1290174122_FL,TSS,Inflow,119
8.899999618530273,-1290174122_FL,TSS,Inflow,119
13.0,-1290174122_FL,TSS,Inflow,119
9.0,-1290174122_FL,TSS,Inflow,119
196.0,-1290174122_FL,TSS,Inflow,119
23.20000076293945,-1290174122_FL,TSS,Inflow,120
80.0,-1290174122_FL,TSS,Inflow,120
171.0,-1290174122_FL,TSS,Inflow,120
7.699999809265137,-1290174122_FL,TSS,Inflow,120
22.0,-1290174122_FL,TSS,Inflow,120
131.0,-1290174122_FL,TSS,Inflow,121
279.0,-1290174122_FL,TSS,Inflow,121
112.0,-1290174122_FL,TSS,Inflow,121
12.0,-1290174122_FL,TSS,Inflow,121
56.0,-1290174122_FL,TSS,Inflow,121
1.0,-1290174122_FL,TSS,Inflow,122
132.0,-1290174122_FL,TSS,Inflow,122
32.0,-1290174122_FL,TSS,Inflow,122
279.0,-1290174122_FL,TSS,Inflow,122
28.0,-1290174122_FL,TSS,Inflow,122
1.0,-1290174122_FL,TSS,Inflow,123
22.0,-1290174122_FL,TSS,Inflow,123
28.39999961853027,-1290174122_FL,TSS,Inflow,123
16.0,-1290174122_FL,TSS,Inflow,123
34.29999923706055,-1290174122_FL,TSS,Inflow,123
8.5,-1290174122_FL,TSS,Inflow,124
12.0,-1290174122_FL,TSS,Inflow,124
6.0,-1290174122_FL,TSS,Inflow,124
131.0,-1290174122_FL,TSS,Inflow,124
32.0,-1290174122_FL,TSS,Inflow,124
12.5,-1290174122_FL,TSS,Inflow,125
97.0,-1290174122_FL,TSS,Inflow,125
49.90000152587891,-1290174122_FL,TSS,Inflow,125
29.20000076293945,-1290174122_FL,TSS,Inflow,125
20.60000038146973,-1290174122_FL,TSS,Inflow,125
35.79999923706055,-1290174122_FL,TSS,Inflow,126
9.0,-1290174122_FL,TSS,Inflow,126
185.0,-1290174122_FL,TSS,Inflow,126
49.90000152587891,-1290174122_FL,TSS,Inflow,126
105.0,-1290174122_FL,TSS,Inflow,126
6.0,-1290174122_FL,TSS,Inflow,127
250.0,-1290174122_FL,TSS,Inflow,127
46.0,-1290174122_FL,TSS,Inflow,127
12.0,-1290174122_FL,TSS,Inflow,127
97.0,-1290174122_FL,TSS,Inflow,127
12.5,-1290174122_FL,TSS,Inflow,128
6.699999809265137,-1290174122_FL,TSS,Inflow,128
22.0,-1290174122_FL,TSS,Inflow,128
46.0,-1290174122_FL,TSS,Inflow,128
12.0,-1290174122_FL,TSS,Inflow,128
1.0,-1290174122_FL,TSS,Inflow,129
19.20000076293945,-1290174122_FL,TSS,Inflow,129
12.0,-1290174122_FL,TSS,Inflow,129
6.699999809265137,-1290174122_FL,TSS,Inflow,129
2.0,-1290174122_FL,TSS,Inflow,129
131.0,-1290174122_FL,TSS,Inflow,130
104.0,-1290174122_FL,TSS,Inflow,130
56.0,-1290174122_FL,TSS,Inflow,130
131.0,-1290174122_FL,TSS,Inflow,130
171.0,-1290174122_FL,TSS,Inflow,130
12.0,-1290174122_FL,TSS,Inflow,131
20.60000038146973,-1290174122_FL,TSS,Inflow,131
60.20000076293945,-1290174122_FL,TSS,Inflow,131
8.600000381469727,-1290174122_FL,TSS,Inflow,131
28.39999961853027,-1290174122_FL,TSS,Inflow,131
13.0,-1290174122_FL,TSS,Inflow,132
6.0,-1290174122_FL,TSS,Inflow,132
185.0,-1290174122_FL,TSS,Inflow,132
28.0,-1290174122_FL,TSS,Inflow,132
131.0,-1290174122_FL,TSS,Inflow,132
131.0,-1290174122_FL,TSS,Inflow,133
2.0,-1290174122_FL,TSS,Inflow,133
97.0,-1290174122_FL,TSS,Inflow,133
16.0,-1290174122_FL,TSS,Inflow,133
248.0,-1290174122_FL,TSS,Inflow,133
204.0,-1290174122_FL,TSS,Inflow,134
131.0,-1290174122_FL,TSS,Inflow,134
3.0,-1290174122_FL,TSS,Inflow,134
120.0,-1290174122_FL,TSS,Inflow,134
89.9000015258789,-1290174122_FL,TSS,Inflow,134
5.400000095367432,-1290174122_FL,TSS,Inflow,135
55.40000152587891,-1290174122_FL,TSS,Inflow,135
6.0,-1290174122_FL,TSS,Inflow,135
218.0,-1290174122_FL,TSS,Inflow,135
9.0,-1290174122_FL,TSS,Inflow,135
8.600000381469727,-1290174122_FL,TSS,Inflow,136
28.0,-1290174122_FL,TSS,Inflow,136
29.20000076293945,-1290174122_FL,TSS,Inflow,136
12.0,-1290174122_FL,TSS,Inflow,136
592.0,-1290174122_FL,TSS,Inflow,136
76.5999984741211,-1290174122_FL,TSS,Inflow,137
78.0,-1290174122_FL,TSS,Inflow,137
1.0,-1290174122_FL,TSS,Inflow,137
28.89999961853027,-1290174122_FL,TSS,Inflow,137
5.400000095367432,-1290174122_FL,TSS,Inflow,137
196.0,-1290174122_FL,TSS,Inflow,138
2.0,-1290174122_FL,TSS,Inflow,138
12.0,-1290174122_FL,TSS,Inflow,138
592.0,-1290174122_FL,TSS,Inflow,138
34.29999923706055,-1290174122_FL,TSS,Inflow,138
87.0,-1290174122_FL,TSS,Inflow,139
6.699999809265137,-1290174122_FL,TSS,Inflow,139
319.0,-1290174122_FL,TSS,Inflow,139
2.0,-1290174122_FL,TSS,Inflow,139
56.0,-1290174122_FL,TSS,Inflow,139
31.20000076293945,-1290174122_FL,TSS,Inflow,140
49.90000152587891,-1290174122_FL,TSS,Inflow,140
10.0,-1290174122_FL,TSS,Inflow,140
264.0,-1290174122_FL,TSS,Inflow,140
55.40000152587891,-1290174122_FL,TSS,Inflow,140
218.0,-1290174122_FL,TSS,Inflow,141
13.0,-1290174122_FL,TSS,Inflow,141
17.0,-1290174122_FL,TSS,Inflow,141
120.0,-1290174122_FL,TSS,Inflow,141
112.0,-1290174122_FL,TSS,Inflow,141
72.0,-1290174122_FL,TSS,Inflow,142
264.0,-1290174122_FL,TSS,Inflow,142
28.89999961853027,-1290174122_FL,TSS,Inflow,142
171.0,-1290174122_FL,TSS,Inflow,142
29.20000076293945,-1290174122_FL,TSS,Inflow,142
112.0,-1290174122_FL,TSS,Inflow,143
1.0,-1290174122_FL,TSS,Inflow,143
2.0,-1290174122_FL,TSS,Inflow,143
6.599999904632568,-1290174122_FL,TSS,Inflow,143
131.0,-1290174122_FL,TSS,Inflow,143
56.0,-1290174122_FL,TSS,Inflow,144
131.0,-1290174122_FL,TSS,Inflow,144
36.0,-1290174122_FL,TSS,Inflow,144
2.0,-1290174122_FL,TSS,Inflow,144
17.0,-1290174122_FL,TSS,Inflow,144
180.0,-1290174122_FL,TSS,Inflow,145
12.0,-1290174122_FL,TSS,Inflow,145
9.0,-1290174122_FL,TSS,Inflow,145
131.0,-1290174122_FL,TSS,Inflow,145
12.0,-1290174122_FL,TSS,Inflow,145
28.89999961853027,-1290174122_FL,TSS,Inflow,146
56.0,-1290174122_FL,TSS,Inflow,146
10.0,-1290174122_FL,TSS,Inflow,146
78.0,-1290174122_FL,TSS,Inflow,146
10.0,-1290174122_FL,TSS,Inflow,146
4.400000095367432,-1290174122_FL,TSS,Inflow,147
415.0,-1290174122_FL,TSS,Inflow,147
5.400000095367432,-1290174122_FL,TSS,Inflow,147
46.0,-1290174122_FL,TSS,Inflow,147
131.0,-1290174122_FL,TSS,Inflow,147
53.0,-1290174122_FL,TSS,Inflow,148
185.0,-1290174122_FL,TSS,Inflow,148
13.0,-1290174122_FL,TSS,Inflow,148
89.9000015258789,-1290174122_FL,TSS,Inflow,148
12.0,-1290174122_FL,TSS,Inflow,148
9.800000190734863,-1290174122_FL,TSS,Inflow,149
69.0,-1290174122_FL,TSS,Inflow,149
8.600000381469727,-1290174122_FL,TSS,Inflow,149
2.0,-1290174122_FL,TSS,Inflow,149
250.0,-1290174122_FL,TSS,Inflow,149
132.0,-1290174122_FL,TSS,Inflow,150
52.79999923706055,-1290174122_FL,TSS,Inflow,150
16.0,-1290174122_FL,TSS,Inflow,150
146.5,-1290174122_FL,TSS,Inflow,150
6.0,-1290174122_FL,TSS,Inflow,150
72.0,-1290174122_FL,TSS,Inflow,151
87.0,-1290174122_FL,TSS,Inflow,151
264.0,-1290174122_FL,TSS,Inflow,151
6.699999809265137,-1290174122_FL,TSS,Inflow,151
180.0,-1290174122_FL,TSS,Inflow,151
131.0,-1290174122_FL,TSS,Inflow,152
218.0,-1290174122_FL,TSS,Inflow,152
2.0,-1290174122_FL,TSS,Inflow,152
9.0,-1290174122_FL,TSS,Inflow,152
131.0,-1290174122_FL,TSS,Inflow,152
78.0,-1290174122_FL,TSS,Inflow,153
56.0,-1290174122_FL,TSS,Inflow,153
28.39999961853027,-1290174122_FL,TSS,Inflow,153
1.0,-1290174122_FL,TSS,Inflow,153
120.0,-1290174122_FL,TSS,Inflow,153
2.0,-1290174122_FL,TSS,Inflow,154
12.0,-1290174122_FL,TSS,Inflow,154
4.400000095367432,-1290174122_FL,TSS,Inflow,154
28.39999961853027,-1290174122_FL,TSS,Inflow,154
132.0,-1290174122_FL,TSS,Inflow,154
72.0,-1290174122_FL,TSS,Inflow,155
1.0,-1290174122_FL,TSS,Inflow,155
13.0,-1290174122_FL,TSS,Inflow,155
9.0,-1290174122_FL,TSS,Inflow,155
264.0,-1290174122_FL,TSS,Inflow,155
53.0,-1290174122_FL,TSS,Inflow,156
23.20000076293945,-1290174122_FL,TSS,Inflow,156
12.0,-1290174122_FL,TSS,Inflow,156
131.0,-1290174122_FL,TSS,Inflow,156
9.800000190734863,-1290174122_FL,TSS,Inflow,156
163.0,-1290174122_FL,TSS,Inflow,157
105.0,-1290174122_FL,TSS,Inflow,157
56.0,-1290174122_FL,TSS,Inflow,157
35.79999923706055,-1290174122_FL,TSS,Inflow,157
52.79999923706055,-1290174122_FL,TSS,Inflow,157
9.0,-1290174122_FL,TSS,Inflow,158
16.0,-1290174122_FL,TSS,Inflow,158
28.0,-1290174122_FL,TSS,Inflow,158
17.0,-1290174122_FL,TSS,Inflow,158
170.0,-1290174122_FL,TSS,Inflow,158
46.0,-1290174122_FL,TSS,Inflow,159
40.0,-1290174122_FL,TSS,Inflow,159
20.60000038146973,-1290174122_FL,TSS,Inflow,159
19.20000076293945,-1290174122_FL,TSS,Inflow,159
22.0,-1290174122_FL,TSS,Inflow,159
3.0,-1290174122_FL,TSS,Inflow,160
34.29999923706055,-1290174122_FL,TSS,Inflow,160
131.0,-1290174122_FL,TSS,Inflow,160
1.0,-1290174122_FL,TSS,Inflow,160
28.39999961853027,-1290174122_FL,TSS,Inflow,160
12.0,-1290174122_FL,TSS,Inflow,161
8.0,-1290174122_FL,TSS,Inflow,161
13.0,-1290174122_FL,TSS,Inflow,161
10.0,-1290174122_FL,TSS,Inflow,161
1.0,-1290174122_FL,TSS,Inflow,161
131.0,-1290174122_FL,TSS,Inflow,162
1.0,-1290174122_FL,TSS,Inflow,162
105.0,-1290174122_FL,TSS,Inflow,162
20.60000038146973,-1290174122_FL,TSS,Inflow,162
78.0,-1290174122_FL,TSS,Inflow,162
105.0,-1290174122_FL,TSS,Inflow,163
53.0,-1290174122_FL,TSS,Inflow,163
218.0,-1290174122_FL,TSS,Inflow,163
69.0,-1290174122_FL,TSS,Inflow,163
46.0,-1290174122_FL,TSS,Inflow,163
170.0,-1290174122_FL,TSS,Inflow,164
10.0,-1290174122_FL,TSS,Inflow,164
6.0,-1290174122_FL,TSS,Inflow,164
129.0,-1290174122_FL,TSS,Inflow,164
196.0,-1290174122_FL,TSS,Inflow,164
2.0,-1290174122_FL,TSS,Inflow,165
1.0,-1290174122_FL,TSS,Inflow,165
12.0,-1290174122_FL,TSS,Inflow,165
180.0,-1290174122_FL,TSS,Inflow,165
46.0,-1290174122_FL,TSS,Inflow,165
264.0,-1290174122_FL,TSS,Inflow,166
171.0,-1290174122_FL,TSS,Inflow,166
319.0,-1290174122_FL,TSS,Inflow,166
131.0,-1290174122_FL,TSS,Inflow,166
8.0,-1290174122_FL,TSS,Inflow,166
12.0,-1290174122_FL,TSS,Inflow,167
1.0,-1290174122_FL,TSS,Inflow,167
29.20000076293945,-1290174122_FL,TSS,Inflow,167
8.0,-1290174122_FL,TSS,Inflow,167
89.9000015258789,-1290174122_FL,TSS,Inflow,167
80.0,-1290174122_FL,TSS,Inflow,168
10.0,-1290174122_FL,TSS,Inflow,168
131.0,-1290174122_FL,TSS,Inflow,168
28.0,-1290174122_FL,TSS,Inflow,168
87.0,-1290174122_FL,TSS,Inflow,168
2.0,-1290174122_FL,TSS,Inflow,169
6.599999904632568,-1290174122_FL,TSS,Inflow,169
8.0,-1290174122_FL,TSS,Inflow,169
8.899999618530273,-1290174122_FL,TSS,Inflow,169
78.0,-1290174122_FL,TSS,Inflow,169
112.0,-1290174122_FL,TSS,Inflow,170
60.20000076293945,-1290174122_FL,TSS,Inflow,170
9.800000190734863,-1290174122_FL,TSS,Inflow,170
1.0,-1290174122_FL,TSS,Inflow,170
279.0,-1290174122_FL,TSS,Inflow,170
105.0,-1290174122_FL,TSS,Inflow,171
7.699999809265137,-1290174122_FL,TSS,Inflow,171
132.0,-1290174122_FL,TSS,Inflow,171
2.0,-1290174122_FL,TSS,Inflow,171
2.0,-1290174122_FL,TSS,Inflow,171
87.0,-1290174122_FL,TSS,Inflow,172
49.90000152587891,-1290174122_FL,TSS,Inflow,172
415.0,-1290174122_FL,TSS,Inflow,172
12.0,-1290174122_FL,TSS,Inflow,172
36.0,-1290174122_FL,TSS,Inflow,172
97.0,-1290174122_FL,TSS,Inflow,173
132.0,-1290174122_FL,TSS,Inflow,173
131.0,-1290174122_FL,TSS,Inflow,173
131.0,-1290174122_FL,TSS,Inflow,173
35.79999923706055,-1290174122_FL,TSS,Inflow,173
12.0,-1290174122_FL,TSS,Inflow,174
78.0,-1290174122_FL,TSS,Inflow,174
22.0,-1290174122_FL,TSS,Inflow,174
52.79999923706055,-1290174122_FL,TSS,Inflow,174
6.699999809265137,-1290174122_FL,TSS,Inflow,174
60.20000076293945,-1290174122_FL,TSS,Inflow,175
35.79999923706055,-1290174122_FL,TSS,Inflow,175
97.0,-1290174122_FL,TSS,Inflow,175
40.0,-1290174122_FL,TSS,Inflow,175
8.899999618530273,-1290174122_FL,TSS,Inflow,175
24.39999961853027,-1290174122_FL,TSS,Inflow,176
131.0,-1290174122_FL,TSS,Inflow,176
129.0,-1290174122_FL,TSS,Inflow,176
69.0,-1290174122_FL,TSS,Inflow,176
17.0,-1290174122_FL,TSS,Inflow,176
131.0,-1290174122_FL,TSS,Inflow,177
35.79999923706055,-1290174122_FL,TSS,Inflow,177
9.199999809265137,-1290174122_FL,TSS,Inflow,177
248.0,-1290174122_FL,TSS,Inflow,177
131.0,-1290174122_FL,TSS,Inflow,177
1.0,-1290174122_FL,TSS,Inflow,178
5.400000095367432,-1290174122_FL,TSS,Inflow,178
16.0,-1290174122_FL,TSS,Inflow,178
8.0,-1290174122_FL,TSS,Inflow,178
132.0,-1290174122_FL,TSS,Inflow,178
120.0,-1290174122_FL,TSS,Inflow,179
97.0,-1290174122_FL,TSS,Inflow,179
163.0,-1290174122_FL,TSS,Inflow,179
9.0,-1290174122_FL,TSS,Inflow,179
29.20000076293945,-1290174122_FL,TSS,Inflow,179
1.0,-1290174122_FL,TSS,Inflow,180
12.0,-1290174122_FL,TSS,Inflow,180
22.0,-1290174122_FL,TSS,Inflow,180
80.0,-1290174122_FL,TSS,Inflow,180
248.0,-1290174122_FL,TSS,Inflow,180
78.0,-1290174122_FL,TSS,Inflow,181
20.60000038146973,-1290174122_FL,TSS,Inflow,181
131.0,-1290174122_FL,TSS,Inflow,181
22.0,-1290174122_FL,TSS,Inflow,181
49.90000152587891,-1290174122_FL,TSS,Inflow,181
24.39999961853027,-1290174122_FL,TSS,Inflow,182
6.699999809265137,-1290174122_FL,TSS,Inflow,182
5.400000095367432,-1290174122_FL,TSS,Inflow,182
13.0,-1290174122_FL,TSS,Inflow,182
2.0,-1290174122_FL,TSS,Inflow,182
131.0,-1290174122_FL,TSS,Inflow,183
218.0,-1290174122_FL,TSS,Inflow,183
72.0,-1290174122_FL,TSS,Inflow,183
1.0,-1290174122_FL,TSS,Inflow,183
16.0,-1290174122_FL,TSS,Inflow,183
97.0,-1290174122_FL,TSS,Inflow,184
131.0,-1290174122_FL,TSS,Inflow,184
131.0,-1290174122_FL,TSS,Inflow,184
9.0,-1290174122_FL,TSS,Inflow,184
2.0,-1290174122_FL,TSS,Inflow,184
105.0,-1290174122_FL,TSS,Inflow,185
69.0,-1290174122_FL,TSS,Inflow,185
28.0,-1290174122_FL,TSS,Inflow,185
52.79999923706055,-1290174122_FL,TSS,Inflow,185
32.0,-1290174122_FL,TSS,Inflow,185
9.0,-1290174122_FL,TSS,Inflow,186
131.0,-1290174122_FL,TSS,Inflow,186
28.0,-1290174122_FL,TSS,Inflow,186
89.9000015258789,-1290174122_FL,TSS,Inflow,186
132.0,-1290174122_FL,TSS,Inflow,186
52.79999923706055,-1290174122_FL,TSS,Inflow,187
204.0,-1290174122_FL,TSS,Inflow,187
36.0,-1290174122_FL,TSS,Inflow,187
12.0,-1290174122_FL,TSS,Inflow,187
4.400000095367432,-1290174122_FL,TSS,Inflow,187
40.0,-1290174122_FL,TSS,Inflow,188
78.0,-1290174122_FL,TSS,Inflow,188
264.0,-1290174122_FL,TSS,Inflow,188
8.5,-1290174122_FL,TSS,Inflow,188
1.0,-1290174122_FL,TSS,Inflow,188
163.0,-1290174122_FL,TSS,Inflow,189
104.0,-1290174122_FL,TSS,Inflow,189
196.0,-1290174122_FL,TSS,Inflow,189
69.0,-1290174122_FL,TSS,Inflow,189
97.0,-1290174122_FL,TSS,Inflow,189
9.800000190734863,-1290174122_FL,TSS,Inflow,190
1.0,-1290174122_FL,TSS,Inflow,190
131.0,-1290174122_FL,TSS,Inflow,190
185.0,-1290174122_FL,TSS,Inflow,190
120.0,-1290174122_FL,TSS,Inflow,190
1.0,-1290174122_FL,TSS,Inflow,191
146.5,-1290174122_FL,TSS,Inflow,191
60.20000076293945,-1290174122_FL,TSS,Inflow,191
196.0,-1290174122_FL,TSS,Inflow,191
264.0,-1290174122_FL,TSS,Inflow,191
13.0,-1290174122_FL,TSS,Inflow,192
52.79999923706055,-1290174122_FL,TSS,Inflow,192
4.400000095367432,-1290174122_FL,TSS,Inflow,192
204.0,-1290174122_FL,TSS,Inflow,192
13.0,-1290174122_FL,TSS,Inflow,192
34.29999923706055,-1290174122_FL,TSS,Inflow,193
10.0,-1290174122_FL,TSS,Inflow,193
28.89999961853027,-1290174122_FL,TSS,Inflow,193
1.0,-1290174122_FL,TSS,Inflow,193
105.0,-1290174122_FL,TSS,Inflow,193
40.0,-1290174122_FL,TSS,Inflow,194
131.0,-1290174122_FL,TSS,Inflow,194
319.0,-1290174122_FL,TSS,Inflow,194
12.5,-1290174122_FL,TSS,Inflow,194
170.0,-1290174122_FL,TSS,Inflow,194
415.0,-1290174122_FL,TSS,Inflow,195
12.0,-1290174122_FL,TSS,Inflow,195
185.0,-1290174122_FL,TSS,Inflow,195
6.699999809265137,-1290174122_FL,TSS,Inflow,195
2.0,-1290174122_FL,TSS,Inflow,195
35.79999923706055,-1290174122_FL,TSS,Inflow,196
6.699999809265137,-1290174122_FL,TSS,Inflow,196
72.0,-1290174122_FL,TSS,Inflow,196
185.0,-1290174122_FL,TSS,Inflow,196
9.800000190734863,-1290174122_FL,TSS,Inflow,196
6.0,-1290174122_FL,TSS,Inflow,197
8.899999618530273,-1290174122_FL,TSS,Inflow,197
13.0,-1290174122_FL,TSS,Inflow,197
22.0,-1290174122_FL,TSS,Inflow,197
17.0,-1290174122_FL,TSS,Inflow,197
22.0,-1290174122_FL,TSS,Inflow,198
22.0,-1290174122_FL,TSS,Inflow,198
46.0,-1290174122_FL,TSS,Inflow,198
185.0,-1290174122_FL,TSS,Inflow,198
7.699999809265137,-1290174122_FL,TSS,Inflow,198
40.0,-1290174122_FL,TSS,Inflow,199
89.9000015258789,-1290174122_FL,TSS,Inflow,199
22.0,-1290174122_FL,TSS,Inflow,199
185.0,-1290174122_FL,TSS,Inflow,199
146.5,-1290174122_FL,TSS,Inflow,199
2.0,-1290174122_FL,TSS,Inflow,200
185.0,-1290174122_FL,TSS,Inflow,200
592.0,-1290174122_FL,TSS,Inflow,200
16.0,-1290174122_FL,TSS,Inflow,200
12.0,-1290174122_FL,TSS,Inflow,200
1.0,-1290174122_FL,TSS,Inflow,201
22.0,-1290174122_FL,TSS,Inflow,201
132.0,-1290174122_FL,TSS,Inflow,201
2.0,-1290174122_FL,TSS,Inflow,201
196.0,-1290174122_FL,TSS,Inflow,201
20.60000038146973,-1290174122_FL,TSS,Inflow,202
32.0,-1290174122_FL,TSS,Inflow,202
2.0,-1290174122_FL,TSS,Inflow,202
52.79999923706055,-1290174122_FL,TSS,Inflow,202
4.0,-1290174122_FL,TSS,Inflow,202
3.0,-1290174122_FL,TSS,Inflow,203
1.0,-1290174122_FL,TSS,Inflow,203
131.0,-1290174122_FL,TSS,Inflow,203
35.79999923706055,-1290174122_FL,TSS,Inflow,203
13.0,-1290174122_FL,TSS,Inflow,203
3.0,-1290174122_FL,TSS,Inflow,204
105.0,-1290174122_FL,TSS,Inflow,204
146.5,-1290174122_FL,TSS,Inflow,204
78.0,-1290174122_FL,TSS,Inflow,204
12.0,-1290174122_FL,TSS,Inflow,204
87.0,-1290174122_FL,TSS,Inflow,205
9.0,-1290174122_FL,TSS,Inflow,205
17.0,-1290174122_FL,TSS,Inflow,205
24.39999961853027,-1290174122_FL,TSS,Inflow,205
89.9000015258789,-1290174122_FL,TSS,Inflow,205
9.0,-1290174122_FL,TSS,Inflow,206
170.0,-1290174122_FL,TSS,Inflow,206
9.0,-1290174122_FL,TSS,Inflow,206
36.0,-1290174122_FL,TSS,Inflow,206
72.0,-1290174122_FL,TSS,Inflow,206
132.0,-1290174122_FL,TSS,Inflow,207
60.20000076293945,-1290174122_FL,TSS,Inflow,207
52.79999923706055,-1290174122_FL,TSS,Inflow,207
17.0,-1290174122_FL,TSS,Inflow,207
10.0,-1290174122_FL,TSS,Inflow,207
9.800000190734863,-1290174122_FL,TSS,Inflow,208
170.0,-1290174122_FL,TSS,Inflow,208
7.699999809265137,-1290174122_FL,TSS,Inflow,208
34.29999923706055,-1290174122_FL,TSS,Inflow,208
19.20000076293945,-1290174122_FL,TSS,Inflow,208
105.0,-1290174122_FL,TSS,Inflow,209
52.79999923706055,-1290174122_FL,TSS,Inflow,209
2.0,-1290174122_FL,TSS,Inflow,209
12.5,-1290174122_FL,TSS,Inflow,209
8.600000381469727,-1290174122_FL,TSS,Inflow,209
6.699999809265137,-1290174122_FL,TSS,Inflow,210
53.0,-1290174122_FL,TSS,Inflow,210
415.0,-1290174122_FL,TSS,Inflow,210
8.600000381469727,-1290174122_FL,TSS,Inflow,210
250.0,-1290174122_FL,TSS,Inflow,210
24.39999961853027,-1290174122_FL,TSS,Inflow,211
8.600000381469727,-1290174122_FL,TSS,Inflow,211
131.0,-1290174122_FL,TSS,Inflow,211
9.0,-1290174122_FL,TSS,Inflow,211
12.0,-1290174122_FL,TSS,Inflow,211
13.0,-1290174122_FL,TSS,Inflow,212
9.0,-1290174122_FL,TSS,Inflow,212
4.0,-1290174122_FL,TSS,Inflow,212
180.0,-1290174122_FL,TSS,Inflow,212
19.20000076293945,-1290174122_FL,TSS,Inflow,212
12.0,-1290174122_FL,TSS,Inflow,213
9.0,-1290174122_FL,TSS,Inflow,213
49.90000152587891,-1290174122_FL,TSS,Inflow,213
132.0,-1290174122_FL,TSS,Inflow,213
46.0,-1290174122_FL,TSS,Inflow,213
319.0,-1290174122_FL,TSS,Inflow,214
46.0,-1290174122_FL,TSS,Inflow,214
40.0,-1290174122_FL,TSS,Inflow,214
29.20000076293945,-1290174122_FL,TSS,Inflow,214
131.0,-1290174122_FL,TSS,Inflow,214
89.9000015258789,-1290174122_FL,TSS,Inflow,215
49.90000152587891,-1290174122_FL,TSS,Inflow,215
196.0,-1290174122_FL,TSS,Inflow,215
24.39999961853027,-1290174122_FL,TSS,Inflow,215
60.20000076293945,-1290174122_FL,TSS,Inflow,215
105.0,-1290174122_FL,TSS,Inflow,216
9.0,-1290174122_FL,TSS,Inflow,216
22.0,-1290174122_FL,TSS,Inflow,216
170.0,-1290174122_FL,TSS,Inflow,216
180.0,-1290174122_FL,TSS,Inflow,216
80.0,-1290174122_FL,TSS,Inflow,217
264.0,-1290174122_FL,TSS,Inflow,217
415.0,-1290174122_FL,TSS,Inflow,217
1.0,-1290174122_FL,TSS,Inflow,217
23.20000076293945,-1290174122_FL,TSS,Inflow,217
196.0,-1290174122_FL,TSS,Inflow,218
2.0,-1290174122_FL,TSS,Inflow,218
69.0,-1290174122_FL,TSS,Inflow,218
248.0,-1290174122_FL,TSS,Inflow,218
80.0,-1290174122_FL,TSS,Inflow,218
7.699999809265137,-1290174122_FL,TSS,Inflow,219
22.0,-1290174122_FL,TSS,Inflow,219
415.0,-1290174122_FL,TSS,Inflow,219
76.5999984741211,-1290174122_FL,TSS,Inflow,219
104.0,-1290174122_FL,TSS,Inflow,219
46.0,-1290174122_FL,TSS,Inflow,220
248.0,-1290174122_FL,TSS,Inflow,220
6.0,-1290174122_FL,TSS,Inflow,220
1.0,-1290174122_FL,TSS,Inflow,220
31.20000076293945,-1290174122_FL,TSS,Inflow,220
60.20000076293945,-1290174122_FL,TSS,Inflow,221
3.0,-1290174122_FL,TSS,Inflow,221
16.0,-1290174122_FL,TSS,Inflow,221
22.0,-1290174122_FL,TSS,Inflow,221
129.0,-1290174122_FL,TSS,Inflow,221
250.0,-1290174122_FL,TSS,Inflow,222
9.0,-1290174122_FL,TSS,Inflow,222
131.0,-1290174122_FL,TSS,Inflow,222
171.0,-1290174122_FL,TSS,Inflow,222
40.0,-1290174122_FL,TSS,Inflow,222
2.0,-1290174122_FL,TSS,Inflow,223
20.60000038146973,-1290174122_FL,TSS,Inflow,223
1.0,-1290174122_FL,TSS,Inflow,223
12.0,-1290174122_FL,TSS,Inflow,223
204.0,-1290174122_FL,TSS,Inflow,223
12.0,-1290174122_FL,TSS,Inflow,224
8.600000381469727,-1290174122_FL,TSS,Inflow,224
28.0,-1290174122_FL,TSS,Inflow,224
78.0,-1290174122_FL,TSS,Inflow,224
22.0,-1290174122_FL,TSS,Inflow,224
120.0,-1290174122_FL,TSS,Inflow,225
105.0,-1290174122_FL,TSS,Inflow,225
279.0,-1290174122_FL,TSS,Inflow,225
3.0,-1290174122_FL,TSS,Inflow,225
6.599999904632568,-1290174122_FL,TSS,Inflow,225
23.20000076293945,-1290174122_FL,TSS,Inflow,226
204.0,-1290174122_FL,TSS,Inflow,226
105.0,-1290174122_FL,TSS,Inflow,226
89.9000015258789,-1290174122_FL,TSS,Inflow,226
36.0,-1290174122_FL,TSS,Inflow,226
16.0,-1290174122_FL,TSS,Inflow,227
279.0,-1290174122_FL,TSS,Inflow,227
163.0,-1290174122_FL,TSS,Inflow,227
8.600000381469727,-1290174122_FL,TSS,Inflow,227
6.699999809265137,-1290174122_FL,TSS,Inflow,227
60.20000076293945,-1290174122_FL,TSS,Inflow,228
9.0,-1290174122_FL,TSS,Inflow,228
6.0,-1290174122_FL,TSS,Inflow,228
131.0,-1290174122_FL,TSS,Inflow,228
1.0,-1290174122_FL,TSS,Inflow,228
35.79999923706055,-1290174122_FL,TSS,Inflow,229
10.0,-1290174122_FL,TSS,Inflow,229
31.20000076293945,-1290174122_FL,TSS,Inflow,229
34.29999923706055,-1290174122_FL,TSS,Inflow,229
49.90000152587891,-1290174122_FL,TSS,Inflow,229
97.0,-1290174122_FL,TSS,Inflow,230
2.0,-1290174122_FL,TSS,Inflow,230
6.699999809265137,-1290174122_FL,TSS,Inflow,230
319.0,-1290174122_FL,TSS,Inflow,230
34.29999923706055,-1290174122_FL,TSS,Inflow,230
8.5,-1290174122_FL,TSS,Inflow,231
131.0,-1290174122_FL,TSS,Inflow,231
53.0,-1290174122_FL,TSS,Inflow,231
10.0,-1290174122_FL,TSS,Inflow,231
3.0,-1290174122_FL,TSS,Inflow,231
29.20000076293945,-1290174122_FL,TSS,Inflow,232
131.0,-1290174122_FL,TSS,Inflow,232
1.0,-1290174122_FL,TSS,Inflow,232
185.0,-1290174122_FL,TSS,Inflow,232
80.0,-1290174122_FL,TSS,Inflow,232
218.0,-1290174122_FL,TSS,Inflow,233
132.0,-1290174122_FL,TSS,Inflow,233
9.0,-1290174122_FL,TSS,Inflow,233
34.29999923706055,-1290174122_FL,TSS,Inflow,233
8.600000381469727,-1290174122_FL,TSS,Inflow,233
46.0,-1290174122_FL,TSS,Inflow,234
2.0,-1290174122_FL,TSS,Inflow,234
250.0,-1290174122_FL,TSS,Inflow,234
8.899999618530273,-1290174122_FL,TSS,Inflow,234
4.0,-1290174122_FL,TSS,Inflow,234
415.0,-1290174122_FL,TSS,Inflow,235
6.599999904632568,-1290174122_FL,TSS,Inflow,235
40.0,-1290174122_FL,TSS,Inflow,235
4.0,-1290174122_FL,TSS,Inflow,235
34.29999923706055,-1290174122_FL,TSS,Inflow,235
6.0,-1290174122_FL,TSS,Inflow,236
87.0,-1290174122_FL,TSS,Inflow,236
28.89999961853027,-1290174122_FL,TSS,Inflow,236
8.0,-1290174122_FL,TSS,Inflow,236
105.0,-1290174122_FL,TSS,Inflow,236
6.599999904632568,-1290174122_FL,TSS,Inflow,237
60.20000076293945,-1290174122_FL,TSS,Inflow,237
22.0,-1290174122_FL,TSS,Inflow,237
28.89999961853027,-1290174122_FL,TSS,Inflow,237
29.20000076293945,-1290174122_FL,TSS,Inflow,237
9.0,-1290174122_FL,TSS,Inflow,238
46.0,-1290174122_FL,TSS,Inflow,238
9.800000190734863,-1290174122_FL,TSS,Inflow,238
40.0,-1290174122_FL,TSS,Inflow,238
12.0,-1290174122_FL,TSS,Inflow,238
3.0,-1290174122_FL,TSS,Inflow,239
196.0,-1290174122_FL,TSS,Inflow,239
415.0,-1290174122_FL,TSS,Inflow,239
16.0,-1290174122_FL,TSS,Inflow,239
19.20000076293945,-1290174122_FL,TSS,Inflow,239
104.0,-1290174122_FL,TSS,Inflow,240
146.5,-1290174122_FL,TSS,Inflow,240
7.699999809265137,-1290174122_FL,TSS,Inflow,240
36.0,-1290174122_FL,TSS,Inflow,240
4.0,-1290174122_FL,TSS,Inflow,240
1.0,-1290174122_FL,TSS,Inflow,241
72.0,-1290174122_FL,TSS,Inflow,241
4.400000095367432,-1290174122_FL,TSS,Inflow,241
204.0,-1290174122_FL,TSS,Inflow,241
13.0,-1290174122_FL,TSS,Inflow,241
9.0,-1290174122_FL,TSS,Inflow,242
89.9000015258789,-1290174122_FL,TSS,Inflow,242
12.0,-1290174122_FL,TSS,Inflow,242
131.0,-1290174122_FL,TSS,Inflow,242
46.0,-1290174122_FL,TSS,Inflow,242
6.699999809265137,-1290174122_FL,TSS,Inflow,243
2.0,-1290174122_FL,TSS,Inflow,243
248.0,-1290174122_FL,TSS,Inflow,243
12.0,-1290174122_FL,TSS,Inflow,243
218.0,-1290174122_FL,TSS,Inflow,243
52.79999923706055,-1290174122_FL,TSS,Inflow,244
131.0,-1290174122_FL,TSS,Inflow,244
36.0,-1290174122_FL,TSS,Inflow,244
20.60000038146973,-1290174122_FL,TSS,Inflow,244
1.0,-1290174122_FL,TSS,Inflow,244
112.0,-1290174122_FL,TSS,Inflow,245
8.899999618530273,-1290174122_FL,TSS,Inflow,245
60.20000076293945,-1290174122_FL,TSS,Inflow,245
34.29999923706055,-1290174122_FL,TSS,Inflow,245
264.0,-1290174122_FL,TSS,Inflow,245
12.0,-1290174122_FL,TSS,Inflow,246
6.699999809265137,-1290174122_FL,TSS,Inflow,246
22.0,-1290174122_FL,TSS,Inflow,246
2.0,-1290174122_FL,TSS,Inflow,246
8.0,-1290174122_FL,TSS,Inflow,246
2.0,-1290174122_FL,TSS,Inflow,247
131.0,-1290174122_FL,TSS,Inflow,247
53.0,-1290174122_FL,TSS,Inflow,247
2.0,-1290174122_FL,TSS,Inflow,247
319.0,-1290174122_FL,TSS,Inflow,247
29.20000076293945,-1290174122_FL,TSS,Inflow,248
5.400000095367432,-1290174122_FL,TSS,Inflow,248
105.0,-1290174122_FL,TSS,Inflow,248
8.899999618530273,-1290174122_FL,TSS,Inflow,248
9.199999809265137,-1290174122_FL,TSS,Inflow,248
2.0,-1290174122_FL,TSS,Inflow,249
17.0,-1290174122_FL,TSS,Inflow,249
97.0,-1290174122_FL,TSS,Inflow,249
1.0,-1290174122_FL,TSS,Inflow,249
8.5,-1290174122_FL,TSS,Inflow,249
28.89999961853027,-1290174122_FL,TSS,Inflow,250
12.0,-1290174122_FL,TSS,Inflow,250
131.0,-1290174122_FL,TSS,Inflow,250
131.0,-1290174122_FL,TSS,Inflow,250
264.0,-1290174122_FL,TSS,Inflow,250
52.79999923706055,-1290174122_FL,TSS,Inflow,251
131.0,-1290174122_FL,TSS,Inflow,251
40.0,-1290174122_FL,TSS,Inflow,251
8.899999618530273,-1290174122_FL,TSS,Inflow,251
17.0,-1290174122_FL,TSS,Inflow,251
6.699999809265137,-1290174122_FL,TSS,Inflow,252
10.0,-1290174122_FL,TSS,Inflow,252
2.0,-1290174122_FL,TSS,Inflow,252
16.0,-1290174122_FL,TSS,Inflow,252
6.599999904632568,-1290174122_FL,TSS,Inflow,252
49.90000152587891,-1290174122_FL,TSS,Inflow,253
1.0,-1290174122_FL,TSS,Inflow,253
12.0,-1290174122_FL,TSS,Inflow,253
46.0,-1290174122_FL,TSS,Inflow,253
8.5,-1290174122_FL,TSS,Inflow,253
28.89999961853027,-1290174122_FL,TSS,Inflow,254
29.20000076293945,-1290174122_FL,TSS,Inflow,254
13.0,-1290174122_FL,TSS,Inflow,254
279.0,-1290174122_FL,TSS,Inflow,254
31.20000076293945,-1290174122_FL,TSS,Inflow,254
2.0,-1290174122_FL,TSS,Inflow,255
279.0,-1290174122_FL,TSS,Inflow,255
250.0,-1290174122_FL,TSS,Inflow,255
20.60000038146973,-1290174122_FL,TSS,Inflow,255
2.0,-1290174122_FL,TSS,Inflow,255
6.599999904632568,-1290174122_FL,TSS,Inflow,256
22.0,-1290174122_FL,TSS,Inflow,256
31.20000076293945,-1290174122_FL,TSS,Inflow,256
8.600000381469727,-1290174122_FL,TSS,Inflow,256
180.0,-1290174122_FL,TSS,Inflow,256
129.0,-1290174122_FL,TSS,Inflow,257
76.5999984741211,-1290174122_FL,TSS,Inflow,257
28.0,-1290174122_FL,TSS,Inflow,257
4.400000095367432,-1290174122_FL,TSS,Inflow,257
12.0,-1290174122_FL,TSS,Inflow,257
9.0,-1290174122_FL,TSS,Inflow,258
34.29999923706055,-1290174122_FL,TSS,Inflow,258
163.0,-1290174122_FL,TSS,Inflow,258
78.0,-1290174122_FL,TSS,Inflow,258
36.0,-1290174122_FL,TSS,Inflow,258
105.0,-1290174122_FL,TSS,Inflow,259
279.0,-1290174122_FL,TSS,Inflow,259
132.0,-1290174122_FL,TSS,Inflow,259
5.400000095367432,-1290174122_FL,TSS,Inflow,259
7.699999809265137,-1290174122_FL,TSS,Inflow,259
415.0,-1290174122_FL,TSS,Inflow,260
248.0,-1290174122_FL,TSS,Inflow,260
22.0,-1290174122_FL,TSS,Inflow,260
2.0,-1290174122_FL,TSS,Inflow,260
264.0,-1290174122_FL,TSS,Inflow,260
36.0,-1290174122_FL,TSS,Inflow,261
2.0,-1290174122_FL,TSS,Inflow,261
69.0,-1290174122_FL,TSS,Inflow,261
22.0,-1290174122_FL,TSS,Inflow,261
28.89999961853027,-1290174122_FL,TSS,Inflow,261
16.0,-1290174122_FL,TSS,Inflow,262
36.0,-1290174122_FL,TSS,Inflow,262
4.0,-1290174122_FL,TSS,Inflow,262
146.5,-1290174122_FL,TSS,Inflow,262
3.0,-1290174122_FL,TSS,Inflow,262
131.0,-1290174122_FL,TSS,Inflow,263
28.0,-1290174122_FL,TSS,Inflow,263
129.0,-1290174122_FL,TSS,Inflow,263
196.0,-1290174122_FL,TSS,Inflow,263
87.0,-1290174122_FL,TSS,Inflow,263
56.0,-1290174122_FL,TSS,Inflow,264
12.0,-1290174122_FL,TSS,Inflow,264
1.0,-1290174122_FL,TSS,Inflow,264
129.0,-1290174122_FL,TSS,Inflow,264
28.0,-1290174122_FL,TSS,Inflow,264
76.5999984741211,-1290174122_FL,TSS,Inflow,265
28.39999961853027,-1290174122_FL,TSS,Inflow,265
2.0,-1290174122_FL,TSS,Inflow,265
12.5,-1290174122_FL,TSS,Inflow,265
12.0,-1290174122_FL,TSS,Inflow,265
415.0,-1290174122_FL,TSS,Inflow,266
87.0,-1290174122_FL,TSS,Inflow,266
185.0,-1290174122_FL,TSS,Inflow,266
218.0,-1290174122_FL,TSS,Inflow,266
20.60000038146973,-1290174122_FL,TSS,Inflow,266
76.5999984741211,-1290174122_FL,TSS,Inflow,267
131.0,-1290174122_FL,TSS,Inflow,267
28.89999961853027,-1290174122_FL,TSS,Inflow,267
10.0,-1290174122_FL,TSS,Inflow,267
104.0,-1290174122_FL,TSS,Inflow,267
196.0,-1290174122_FL,TSS,Inflow,268
28.39999961853027,-1290174122_FL,TSS,Inflow,268
105.0,-1290174122_FL,TSS,Inflow,268
10.0,-1290174122_FL,TSS,Inflow,268
35.79999923706055,-1290174122_FL,TSS,Inflow,268
36.0,-1290174122_FL,TSS,Inflow,269
1.0,-1290174122_FL,TSS,Inflow,269
24.39999961853027,-1290174122_FL,TSS,Inflow,269
6.0,-1290174122_FL,TSS,Inflow,269
97.0,-1290174122_FL,TSS,Inflow,269
8.600000381469727,-1290174122_FL,TSS,Inflow,270
163.0,-1290174122_FL,TSS,Inflow,270
16.0,-1290174122_FL,TSS,Inflow,270
8.5,-1290174122_FL,TSS,Inflow,270
131.0,-1290174122_FL,TSS,Inflow,270
6.0,-1290174122_FL,TSS,Inflow,271
8.5,-1290174122_FL,TSS,Inflow,271
8.899999618530273,-1290174122_FL,TSS,Inflow,271
69.0,-1290174122_FL,TSS,Inflow,271
6.699999809265137,-1290174122_FL,TSS,Inflow,271
16.0,-1290174122_FL,TSS,Inflow,272
2.0,-1290174122_FL,TSS,Inflow,272
248.0,-1290174122_FL,TSS,Inflow,272
22.0,-1290174122_FL,TSS,Inflow,272
8.600000381469727,-1290174122_FL,TSS,Inflow,272
2.0,-1290174122_FL,TSS,Inflow,273
9.0,-1290174122_FL,TSS,Inflow,273
28.0,-1290174122_FL,TSS,Inflow,273
1.0,-1290174122_FL,TSS,Inflow,273
1.0,-1290174122_FL,TSS,Inflow,273
60.20000076293945,-1290174122_FL,TSS,Inflow,274
72.0,-1290174122_FL,TSS,Inflow,274
8.600000381469727,-1290174122_FL,TSS,Inflow,274
12.0,-1290174122_FL,TSS,Inflow,274
2.0,-1290174122_FL,TSS,Inflow,274
1.0,-1290174122_FL,TSS,Inflow,275
34.29999923706055,-1290174122_FL,TSS,Inflow,275
80.0,-1290174122_FL,TSS,Inflow,275
76.5999984741211,-1290174122_FL,TSS,Inflow,275
6.699999809265137,-1290174122_FL,TSS,Inflow,275
76.5999984741211,-1290174122_FL,TSS,Inflow,276
1.0,-1290174122_FL,TSS,Inflow,276
8.0,-1290174122_FL,TSS,Inflow,276
163.0,-1290174122_FL,TSS,Inflow,276
20.60000038146973,-1290174122_FL,TSS,Inflow,276
40.0,-1290174122_FL,TSS,Inflow,277
28.89999961853027,-1290174122_FL,TSS,Inflow,277
2.0,-1290174122_FL,TSS,Inflow,277
10.0,-1290174122_FL,TSS,Inflow,277
10.0,-1290174122_FL,TSS,Inflow,277
132.0,-1290174122_FL,TSS,Inflow,278
10.0,-1290174122_FL,TSS,Inflow,278
171.0,-1290174122_FL,TSS,Inflow,278
28.0,-1290174122_FL,TSS,Inflow,278
185.0,-1290174122_FL,TSS,Inflow,278
16.0,-1290174122_FL,TSS,Inflow,279
592.0,-1290174122_FL,TSS,Inflow,279
6.699999809265137,-1290174122_FL,TSS,Inflow,279
170.0,-1290174122_FL,TSS,Inflow,279
8.899999618530273,-1290174122_FL,TSS,Inflow,279
163.0,-1290174122_FL,TSS,Inflow,280
1.0,-1290174122_FL,TSS,Inflow,280
2.0,-1290174122_FL,TSS,Inflow,280
69.0,-1290174122_FL,TSS,Inflow,280
131.0,-1290174122_FL,TSS,Inflow,280
104.0,-1290174122_FL,TSS,Inflow,281
3.0,-1290174122_FL,TSS,Inflow,281
415.0,-1290174122_FL,TSS,Inflow,281
13.0,-1290174122_FL,TSS,Inflow,281
13.0,-1290174122_FL,TSS,Inflow,281
32.0,-1290174122_FL,TSS,Inflow,282
49.90000152587891,-1290174122_FL,TSS,Inflow,282
22.0,-1290174122_FL,TSS,Inflow,282
12.0,-1290174122_FL,TSS,Inflow,282
97.0,-1290174122_FL,TSS,Inflow,282
204.0,-1290174122_FL,TSS,Inflow,283
9.0,-1290174122_FL,TSS,Inflow,283
8.600000381469727,-1290174122_FL,TSS,Inflow,283
12.0,-1290174122_FL,TSS,Inflow,283
34.29999923706055,-1290174122_FL,TSS,Inflow,283
1.0,-1290174122_FL,TSS,Inflow,284
6.699999809265137,-1290174122_FL,TSS,Inflow,284
12.0,-1290174122_FL,TSS,Inflow,284
131.0,-1290174122_FL,TSS,Inflow,284
76.5999984741211,-1290174122_FL,TSS,Inflow,284
28.89999961853027,-1290174122_FL,TSS,Inflow,285
87.0,-1290174122_FL,TSS,Inflow,285
9.199999809265137,-1290174122_FL,TSS,Inflow,285
28.0,-1290174122_FL,TSS,Inflow,285
76.5999984741211,-1290174122_FL,TSS,Inflow,285
8.5,-1290174122_FL,TSS,Inflow,286
80.0,-1290174122_FL,TSS,Inflow,286
248.0,-1290174122_FL,TSS,Inflow,286
129.0,-1290174122_FL,TSS,Inflow,286
163.0,-1290174122_FL,TSS,Inflow,286
6.599999904632568,-1290174122_FL,TSS,Inflow,287
72.0,-1290174122_FL,TSS,Inflow,287
1.0,-1290174122_FL,TSS,Inflow,287
78.0,-1290174122_FL,TSS,Inflow,287
16.0,-1290174122_FL,TSS,Inflow,287
7.699999809265137,-1290174122_FL,TSS,Inflow,288
170.0,-1290174122_FL,TSS,Inflow,288
12.0,-1290174122_FL,TSS,Inflow,288
35.79999923706055,-1290174122_FL,TSS,Inflow,288
204.0,-1290174122_FL,TSS,Inflow,288
180.0,-1290174122_FL,TSS,Inflow,289
56.0,-1290174122_FL,TSS,Inflow,289
13.0,-1290174122_FL,TSS,Inflow,289
170.0,-1290174122_FL,TSS,Inflow,289
8.899999618530273,-1290174122_FL,TSS,Inflow,289
52.79999923706055,-1290174122_FL,TSS,Inflow,290
22.0,-1290174122_FL,TSS,Inflow,290
69.0,-1290174122_FL,TSS,Inflow,290
12.0,-1290174122_FL,TSS,Inflow,290
46.0,-1290174122_FL,TSS,Inflow,290
592.0,-1290174122_FL,TSS,Inflow,291
6.599999904632568,-1290174122_FL,TSS,Inflow,291
1.0,-1290174122_FL,TSS,Inflow,291
415.0,-1290174122_FL,TSS,Inflow,291
171.0,-1290174122_FL,TSS,Inflow,291
12.0,-1290174122_FL,TSS,Inflow,292
36.0,-1290174122_FL,TSS,Inflow,292
60.20000076293945,-1290174122_FL,TSS,Inflow,292
131.0,-1290174122_FL,TSS,Inflow,292
40.0,-1290174122_FL,TSS,Inflow,292
2.0,-1290174122_FL,TSS,Inflow,293
87.0,-1290174122_FL,TSS,Inflow,293
12.0,-1290174122_FL,TSS,Inflow,293
72.0,-1290174122_FL,TSS,Inflow,293
248.0,-1290174122_FL,TSS,Inflow,293
146.5,-1290174122_FL,TSS,Inflow,294
89.9000015258789,-1290174122_FL,TSS,Inflow,294
60.20000076293945,-1290174122_FL,TSS,Inflow,294
12.0,-1290174122_FL,TSS,Inflow,294
80.0,-1290174122_FL,TSS,Inflow,294
12.0,-1290174122_FL,TSS,Inflow,295
24.39999961853027,-1290174122_FL,TSS,Inflow,295
56.0,-1290174122_FL,TSS,Inflow,295
10.0,-1290174122_FL,TSS,Inflow,295
69.0,-1290174122_FL,TSS,Inflow,295
2.0,-1290174122_FL,TSS,Inflow,296
180.0,-1290174122_FL,TSS,Inflow,296
72.0,-1290174122_FL,TSS,Inflow,296
19.20000076293945,-1290174122_FL,TSS,Inflow,296
104.0,-1290174122_FL,TSS,Inflow,296
3.0,-1290174122_FL,TSS,Inflow,297
105.0,-1290174122_FL,TSS,Inflow,297
8.600000381469727,-1290174122_FL,TSS,Inflow,297
10.0,-1290174122_FL,TSS,Inflow,297
264.0,-1290174122_FL,TSS,Inflow,297
12.0,-1290174122_FL,TSS,Inflow,298
4.0,-1290174122_FL,TSS,Inflow,298
46.0,-1290174122_FL,TSS,Inflow,298
12.0,-1290174122_FL,TSS,Inflow,298
10.0,-1290174122_FL,TSS,Inflow,298
9.800000190734863,-1290174122_FL,TSS,Inflow,299
10.0,-1290174122_FL,TSS,Inflow,299
24.39999961853027,-1290174122_FL,TSS,Inflow,299
12.0,-1290174122_FL,TSS,Inflow,299
10.0,-1290174122_FL,TSS,Inflow,299
35.79999923706055,-1290174122_FL,TSS,Inflow,300
24.39999961853027,-1290174122_FL,TSS,Inflow,300
2.0,-1290174122_FL,TSS,Inflow,300
56.0,-1290174122_FL,TSS,Inflow,300
87.0,-1290174122_FL,TSS,Inflow,300
22.0,-1290174122_FL,TSS,Inflow,301
72.0,-1290174122_FL,TSS,Inflow,301
9.0,-1290174122_FL,TSS,Inflow,301
10.0,-1290174122_FL,TSS,Inflow,301
180.0,-1290174122_FL,TSS,Inflow,301
12.0,-1290174122_FL,TSS,Inflow,302
55.40000152587891,-1290174122_FL,TSS,Inflow,302
170.0,-1290174122_FL,TSS,Inflow,302
6.699999809265137,-1290174122_FL,TSS,Inflow,302
32.0,-1290174122_FL,TSS,Inflow,302
131.0,-1290174122_FL,TSS,Inflow,303
248.0,-1290174122_FL,TSS,Inflow,303
163.0,-1290174122_FL,TSS,Inflow,303
13.0,-1290174122_FL,TSS,Inflow,303
46.0,-1290174122_FL,TSS,Inflow,303
6.0,-1290174122_FL,TSS,Inflow,304
28.39999961853027,-1290174122_FL,TSS,Inflow,304
52.79999923706055,-1290174122_FL,TSS,Inflow,304
4.0,-1290174122_FL,TSS,Inflow,304
171.0,-1290174122_FL,TSS,Inflow,304
76.5999984741211,-1290174122_FL,TSS,Inflow,305
29.20000076293945,-1290174122_FL,TSS,Inflow,305
24.39999961853027,-1290174122_FL,TSS,Inflow,305
6.699999809265137,-1290174122_FL,TSS,Inflow,305
8.899999618530273,-1290174122_FL,TSS,Inflow,305
87.0,-1290174122_FL,TSS,Inflow,306
8.600000381469727,-1290174122_FL,TSS,Inflow,306
5.400000095367432,-1290174122_FL,TSS,Inflow,306
2.0,-1290174122_FL,TSS,Inflow,306
131.0,-1290174122_FL,TSS,Inflow,306
592.0,-1290174122_FL,TSS,Inflow,307
8.0,-1290174122_FL,TSS,Inflow,307
76.5999984741211,-1290174122_FL,TSS,Inflow,307
170.0,-1290174122_FL,TSS,Inflow,307
4.0,-1290174122_FL,TSS,Inflow,307
6.699999809265137,-1290174122_FL,TSS,Inflow,308
69.0,-1290174122_FL,TSS,Inflow,308
35.79999923706055,-1290174122_FL,TSS,Inflow,308
131.0,-1290174122_FL,TSS,Inflow,308
1.0,-1290174122_FL,TSS,Inflow,308
9.0,-1290174122_FL,TSS,Inflow,309
97.0,-1290174122_FL,TSS,Inflow,309
171.0,-1290174122_FL,TSS,Inflow,309
22.0,-1290174122_FL,TSS,Inflow,309
218.0,-1290174122_FL,TSS,Inflow,309
10.0,-1290174122_FL,TSS,Inflow,310
104.0,-1290174122_FL,TSS,Inflow,310
32.0,-1290174122_FL,TSS,Inflow,310
13.0,-1290174122_FL,TSS,Inflow,310
9.199999809265137,-1290174122_FL,TSS,Inflow,310
5.400000095367432,-1290174122_FL,TSS,Inflow,311
105.0,-1290174122_FL,TSS,Inflow,311
279.0,-1290174122_FL,TSS,Inflow,311
9.800000190734863,-1290174122_FL,TSS,Inflow,311
10.0,-1290174122_FL,TSS,Inflow,311
131.0,-1290174122_FL,TSS,Inflow,312
40.0,-1290174122_FL,TSS,Inflow,312
46.0,-1290174122_FL,TSS,Inflow,312
120.0,-1290174122_FL,TSS,Inflow,312
112.0,-1290174122_FL,TSS,Inflow,312
131.0,-1290174122_FL,TSS,Inflow,313
131.0,-1290174122_FL,TSS,Inflow,313
28.39999961853027,-1290174122_FL,TSS,Inflow,313
36.0,-1290174122_FL,TSS,Inflow,313
80.0,-1290174122_FL,TSS,Inflow,313
23.20000076293945,-1290174122_FL,TSS,Inflow,314
248.0,-1290174122_FL,TSS,Inflow,314
40.0,-1290174122_FL,TSS,Inflow,314
49.90000152587891,-1290174122_FL,TSS,Inflow,314
204.0,-1290174122_FL,TSS,Inflow,314
204.0,-1290174122_FL,TSS,Inflow,315
55.40000152587891,-1290174122_FL,TSS,Inflow,315
592.0,-1290174122_FL,TSS,Inflow,315
171.0,-1290174122_FL,TSS,Inflow,315
28.0,-1290174122_FL,TSS,Inflow,315
112.0,-1290174122_FL,TSS,Inflow,316
22.0,-1290174122_FL,TSS,Inflow,316
12.0,-1290174122_FL,TSS,Inflow,316
20.60000038146973,-1290174122_FL,TSS,Inflow,316
105.0,-1290174122_FL,TSS,Inflow,316
34.29999923706055,-1290174122_FL,TSS,Inflow,317
22.0,-1290174122_FL,TSS,Inflow,317
185.0,-1290174122_FL,TSS,Inflow,317
2.0,-1290174122_FL,TSS,Inflow,317
1.0,-1290174122_FL,TSS,Inflow,317
87.0,-1290174122_FL,TSS,Inflow,318
22.0,-1290174122_FL,TSS,Inflow,318
9.199999809265137,-1290174122_FL,TSS,Inflow,318
1.0,-1290174122_FL,TSS,Inflow,318
32.0,-1290174122_FL,TSS,Inflow,318
180.0,-1290174122_FL,TSS,Inflow,319
7.699999809265137,-1290174122_FL,TSS,Inflow,319
46.0,-1290174122_FL,TSS,Inflow,319
8.0,-1290174122_FL,TSS,Inflow,319
185.0,-1290174122_FL,TSS,Inflow,319
204.0,-1290174122_FL,TSS,Inflow,320
35.79999923706055,-1290174122_FL,TSS,Inflow,320
20.60000038146973,-1290174122_FL,TSS,Inflow,320
28.89999961853027,-1290174122_FL,TSS,Inflow,320
319.0,-1290174122_FL,TSS,Inflow,320
12.5,-1290174122_FL,TSS,Inflow,321
24.39999961853027,-1290174122_FL,TSS,Inflow,321
131.0,-1290174122_FL,TSS,Inflow,321
6.699999809265137,-1290174122_FL,TSS,Inflow,321
55.40000152587891,-1290174122_FL,TSS,Inflow,321
131.0,-1290174122_FL,TSS,Inflow,322
7.699999809265137,-1290174122_FL,TSS,Inflow,322
105.0,-1290174122_FL,TSS,Inflow,322
12.0,-1290174122_FL,TSS,Inflow,322
8.0,-1290174122_FL,TSS,Inflow,322
170.0,-1290174122_FL,TSS,Inflow,323
163.0,-1290174122_FL,TSS,Inflow,323
4.400000095367432,-1290174122_FL,TSS,Inflow,323
56.0,-1290174122_FL,TSS,Inflow,323
55.40000152587891,-1290174122_FL,TSS,Inflow,323
40.0,-1290174122_FL,TSS,Inflow,324
89.9000015258789,-1290174122_FL,TSS,Inflow,324
97.0,-1290174122_FL,TSS,Inflow,324
80.0,-1290174122_FL,TSS,Inflow,324
10.0,-1290174122_FL,TSS,Inflow,324
415.0,-1290174122_FL,TSS,Inflow,325
264.0,-1290174122_FL,TSS,Inflow,325
7.699999809265137,-1290174122_FL,TSS,Inflow,325
6.599999904632568,-1290174122_FL,TSS,Inflow,325
9.0,-1290174122_FL,TSS,Inflow,325
248.0,-1290174122_FL,TSS,Inflow,326
12.0,-1290174122_FL,TSS,Inflow,326
13.0,-1290174122_FL,TSS,Inflow,326
6.0,-1290174122_FL,TSS,Inflow,326
28.0,-1290174122_FL,TSS,Inflow,326
53.0,-1290174122_FL,TSS,Inflow,327
218.0,-1290174122_FL,TSS,Inflow,327
6.699999809265137,-1290174122_FL,TSS,Inflow,327
22.0,-1290174122_FL,TSS,Inflow,327
131.0,-1290174122_FL,TSS,Inflow,327
170.0,-1290174122_FL,TSS,Inflow,328
22.0,-1290174122_FL,TSS,Inflow,328
12.5,-1290174122_FL,TSS,Inflow,328
29.20000076293945,-1290174122_FL,TSS,Inflow,328
2.0,-1290174122_FL,TSS,Inflow,328
22.0,-1290174122_FL,TSS,Inflow,329
279.0,-1290174122_FL,TSS,Inflow,329
29.20000076293945,-1290174122_FL,TSS,Inflow,329
17.0,-1290174122_FL,TSS,Inflow,329
32.0,-1290174122_FL,TSS,Inflow,329
131.0,-1290174122_FL,TSS,Inflow,330
72.0,-1290174122_FL,TSS,Inflow,330
13.0,-1290174122_FL,TSS,Inflow,330
319.0,-1290174122_FL,TSS,Inflow,330
52.79999923706055,-1290174122_FL,TSS,Inflow,330
131.0,-1290174122_FL,TSS,Inflow,331
6.699999809265137,-1290174122_FL,TSS,Inflow,331
22.0,-1290174122_FL,TSS,Inflow,331
89.9000015258789,-1290174122_FL,TSS,Inflow,331
49.90000152587891,-1290174122_FL,TSS,Inflow,331
72.0,-1290174122_FL,TSS,Inflow,332
7.699999809265137,-1290174122_FL,TSS,Inflow,332
28.89999961853027,-1290174122_FL,TSS,Inflow,332
97.0,-1290174122_FL,TSS,Inflow,332
56.0,-1290174122_FL,TSS,Inflow,332
6.599999904632568,-1290174122_FL,TSS,Inflow,333
131.0,-1290174122_FL,TSS,Inflow,333
7.699999809265137,-1290174122_FL,TSS,Inflow,333
72.0,-1290174122_FL,TSS,Inflow,333
10.0,-1290174122_FL,TSS,Inflow,333
28.39999961853027,-1290174122_FL,TSS,Inflow,334
218.0,-1290174122_FL,TSS,Inflow,334
104.0,-1290174122_FL,TSS,Inflow,334
1.0,-1290174122_FL,TSS,Inflow,334
12.5,-1290174122_FL,TSS,Inflow,334
5.400000095367432,-1290174122_FL,TSS,Inflow,335
34.29999923706055,-1290174122_FL,TSS,Inflow,335
112.0,-1290174122_FL,TSS,Inflow,335
55.40000152587891,-1290174122_FL,TSS,Inflow,335
12.0,-1290174122_FL,TSS,Inflow,335
1.0,-1290174122_FL,TSS,Inflow,336
105.0,-1290174122_FL,TSS,Inflow,336
279.0,-1290174122_FL,TSS,Inflow,336
8.600000381469727,-1290174122_FL,TSS,Inflow,336
250.0,-1290174122_FL,TSS,Inflow,336
22.0,-1290174122_FL,TSS,Inflow,337
29.20000076293945,-1290174122_FL,TSS,Inflow,337
1.0,-1290174122_FL,TSS,Inflow,337
129.0,-1290174122_FL,TSS,Inflow,337
13.0,-1290174122_FL,TSS,Inflow,337
204.0,-1290174122_FL,TSS,Inflow,338
12.5,-1290174122_FL,TSS,Inflow,338
23.20000076293945,-1290174122_FL,TSS,Inflow,338
13.0,-1290174122_FL,TSS,Inflow,338
55.40000152587891,-1290174122_FL,TSS,Inflow,338
34.29999923706055,-1290174122_FL,TSS,Inflow,339
40.0,-1290174122_FL,TSS,Inflow,339
250.0,-1290174122_FL,TSS,Inflow,339
8.5,-1290174122_FL,TSS,Inflow,339
78.0,-1290174122_FL,TSS,Inflow,339
218.0,-1290174122_FL,TSS,Inflow,340
76.5999984741211,-1290174122_FL,TSS,Inflow,340
131.0,-1290174122_FL,TSS,Inflow,340
185.0,-1290174122_FL,TSS,Inflow,340
319.0,-1290174122_FL,TSS,Inflow,340
180.0,-1290174122_FL,TSS,Inflow,341
32.0,-1290174122_FL,TSS,Inflow,341
2.0,-1290174122_FL,TSS,Inflow,341
76.5999984741211,-1290174122_FL,TSS,Inflow,341
60.20000076293945,-1290174122_FL,TSS,Inflow,341
1.0,-1290174122_FL,TSS,Inflow,342
319.0,-1290174122_FL,TSS,Inflow,342
218.0,-1290174122_FL,TSS,Inflow,342
40.0,-1290174122_FL,TSS,Inflow,342
6.699999809265137,-1290174122_FL,TSS,Inflow,342
2.0,-1290174122_FL,TSS,Inflow,343
9.199999809265137,-1290174122_FL,TSS,Inflow,343
131.0,-1290174122_FL,TSS,Inflow,343
78.0,-1290174122_FL,TSS,Inflow,343
60.20000076293945,-1290174122_FL,TSS,Inflow,343
104.0,-1290174122_FL,TSS,Inflow,344
49.90000152587891,-1290174122_FL,TSS,Inflow,344
97.0,-1290174122_FL,TSS,Inflow,344
131.0,-1290174122_FL,TSS,Inflow,344
46.0,-1290174122_FL,TSS,Inflow,344
1.0,-1290174122_FL,TSS,Inflow,345
80.0,-1290174122_FL,TSS,Inflow,345
131.0,-1290174122_FL,TSS,Inflow,345
22.0,-1290174122_FL,TSS,Inflow,345
89.9000015258789,-1290174122_FL,TSS,Inflow,345
53.0,-1290174122_FL,TSS,Inflow,346
36.0,-1290174122_FL,TSS,Inflow,346
28.39999961853027,-1290174122_FL,TSS,Inflow,346
10.0,-1290174122_FL,TSS,Inflow,346
163.0,-1290174122_FL,TSS,Inflow,346
12.5,-1290174122_FL,TSS,Inflow,347
16.0,-1290174122_FL,TSS,Inflow,347
56.0,-1290174122_FL,TSS,Inflow,347
46.0,-1290174122_FL,TSS,Inflow,347
9.0,-1290174122_FL,TSS,Inflow,347
12.0,-1290174122_FL,TSS,Inflow,348
104.0,-1290174122_FL,TSS,Inflow,348
9.0,-1290174122_FL,TSS,Inflow,348
170.0,-1290174122_FL,TSS,Inflow,348
196.0,-1290174122_FL,TSS,Inflow,348
87.0,-1290174122_FL,TSS,Inflow,349
2.0,-1290174122_FL,TSS,Inflow,349
9.0,-1290174122_FL,TSS,Inflow,349
1.0,-1290174122_FL,TSS,Inflow,349
13.0,-1290174122_FL,TSS,Inflow,349
32.0,-1290174122_FL,TSS,Inflow,350
22.0,-1290174122_FL,TSS,Inflow,350
131.0,-1290174122_FL,TSS,Inflow,350
56.0,-1290174122_FL,TSS,Inflow,350
112.0,-1290174122_FL,TSS,Inflow,350
8.899999618530273,-1290174122_FL,TSS,Inflow,351
46.0,-1290174122_FL,TSS,Inflow,351
319.0,-1290174122_FL,TSS,Inflow,351
120.0,-1290174122_FL,TSS,Inflow,351
20.60000038146973,-1290174122_FL,TSS,Inflow,351
6.0,-1290174122_FL,TSS,Inflow,352
12.0,-1290174122_FL,TSS,Inflow,352
112.0,-1290174122_FL,TSS,Inflow,352
80.0,-1290174122_FL,TSS,Inflow,352
131.0,-1290174122_FL,TSS,Inflow,352
163.0,-1290174122_FL,TSS,Inflow,353
24.39999961853027,-1290174122_FL,TSS,Inflow,353
171.0,-1290174122_FL,TSS,Inflow,353
132.0,-1290174122_FL,TSS,Inflow,353
23.20000076293945,-1290174122_FL,TSS,Inflow,353
105.0,-1290174122_FL,TSS,Inflow,354
13.0,-1290174122_FL,TSS,Inflow,354
8.0,-1290174122_FL,TSS,Inflow,354
7.699999809265137,-1290174122_FL,TSS,Inflow,354
218.0,-1290174122_FL,TSS,Inflow,354
46.0,-1290174122_FL,TSS,Inflow,355
196.0,-1290174122_FL,TSS,Inflow,355
10.0,-1290174122_FL,TSS,Inflow,355
49.90000152587891,-1290174122_FL,TSS,Inflow,355
9.0,-1290174122_FL,TSS,Inflow,355
131.0,-1290174122_FL,TSS,Inflow,356
8.899999618530273,-1290174122_FL,TSS,Inflow,356
13.0,-1290174122_FL,TSS,Inflow,356
8.0,-1290174122_FL,TSS,Inflow,356
131.0,-1290174122_FL,TSS,Inflow,356
22.0,-1290174122_FL,TSS,Inflow,357
131.0,-1290174122_FL,TSS,Inflow,357
6.0,-1290174122_FL,TSS,Inflow,357
120.0,-1290174122_FL,TSS,Inflow,357
9.0,-1290174122_FL,TSS,Inflow,357
4.400000095367432,-1290174122_FL,TSS,Inflow,358
131.0,-1290174122_FL,TSS,Inflow,358
31.20000076293945,-1290174122_FL,TSS,Inflow,358
9.199999809265137,-1290174122_FL,TSS,Inflow,358
89.9000015258789,-1290174122_FL,TSS,Inflow,358
12.0,-1290174122_FL,TSS,Inflow,359
13.0,-1290174122_FL,TSS,Inflow,359
170.0,-1290174122_FL,TSS,Inflow,359
49.90000152587891,-1290174122_FL,TSS,Inflow,359
1.0,-1290174122_FL,TSS,Inflow,359
2.0,-1290174122_FL,TSS,Inflow,360
1.0,-1290174122_FL,TSS,Inflow,360
129.0,-1290174122_FL,TSS,Inflow,360
89.9000015258789,-1290174122_FL,TSS,Inflow,360
40.0,-1290174122_FL,TSS,Inflow,360
131.0,-1290174122_FL,TSS,Inflow,361
52.79999923706055,-1290174122_FL,TSS,Inflow,361
592.0,-1290174122_FL,TSS,Inflow,361
28.39999961853027,-1290174122_FL,TSS,Inflow,361
46.0,-1290174122_FL,TSS,Inflow,361
78.0,-1290174122_FL,TSS,Inflow,362
171.0,-1290174122_FL,TSS,Inflow,362
12.0,-1290174122_FL,TSS,Inflow,362
131.0,-1290174122_FL,TSS,Inflow,362
19.20000076293945,-1290174122_FL,TSS,Inflow,362
104.0,-1290174122_FL,TSS,Inflow,363
12.0,-1290174122_FL,TSS,Inflow,363
8.0,-1290174122_FL,TSS,Inflow,363
131.0,-1290174122_FL,TSS,Inflow,363
13.0,-1290174122_FL,TSS,Inflow,363
131.0,-1290174122_FL,TSS,Inflow,364
415.0,-1290174122_FL,TSS,Inflow,364
2.0,-1290174122_FL,TSS,Inflow,364
24.39999961853027,-1290174122_FL,TSS,Inflow,364
196.0,-1290174122_FL,TSS,Inflow,364
204.0,-1290174122_FL,TSS,Inflow,365
146.5,-1290174122_FL,TSS,Inflow,365
97.0,-1290174122_FL,TSS,Inflow,365
28.0,-1290174122_FL,TSS,Inflow,365
46.0,-1290174122_FL,TSS,Inflow,365
31.20000076293945,-1290174122_FL,TSS,Inflow,366
32.0,-1290174122_FL,TSS,Inflow,366
76.5999984741211,-1290174122_FL,TSS,Inflow,366
13.0,-1290174122_FL,TSS,Inflow,366
69.0,-1290174122_FL,TSS,Inflow,366
52.79999923706055,-1290174122_FL,TSS,Inflow,367
6.699999809265137,-1290174122_FL,TSS,Inflow,367
8.5,-1290174122_FL,TSS,Inflow,367
319.0,-1290174122_FL,TSS,Inflow,367
105.0,-1290174122_FL,TSS,Inflow,367
24.39999961853027,-1290174122_FL,TSS,Inflow,368
129.0,-1290174122_FL,TSS,Inflow,368
163.0,-1290174122_FL,TSS,Inflow,368
3.0,-1290174122_FL,TSS,Inflow,368
279.0,-1290174122_FL,TSS,Inflow,368
69.0,-1290174122_FL,TSS,Inflow,369
36.0,-1290174122_FL,TSS,Inflow,369
180.0,-1290174122_FL,TSS,Inflow,369
4.0,-1290174122_FL,TSS,Inflow,369
171.0,-1290174122_FL,TSS,Inflow,369
131.0,-1290174122_FL,TSS,Inflow,370
105.0,-1290174122_FL,TSS,Inflow,370
29.20000076293945,-1290174122_FL,TSS,Inflow,370
22.0,-1290174122_FL,TSS,Inflow,370
7.699999809265137,-1290174122_FL,TSS,Inflow,370
8.5,-1290174122_FL,TSS,Inflow,371
105.0,-1290174122_FL,TSS,Inflow,371
250.0,-1290174122_FL,TSS,Inflow,371
29.20000076293945,-1290174122_FL,TSS,Inflow,371
24.39999961853027,-1290174122_FL,TSS,Inflow,371
13.0,-1290174122_FL,TSS,Inflow,372
12.0,-1290174122_FL,TSS,Inflow,372
129.0,-1290174122_FL,TSS,Inflow,372
319.0,-1290174122_FL,TSS,Inflow,372
4.0,-1290174122_FL,TSS,Inflow,372
196.0,-1290174122_FL,TSS,Inflow,373
28.0,-1290174122_FL,TSS,Inflow,373
46.0,-1290174122_FL,TSS,Inflow,373
97.0,-1290174122_FL,TSS,Inflow,373
22.0,-1290174122_FL,TSS,Inflow,373
78.0,-1290174122_FL,TSS,Inflow,374
24.39999961853027,-1290174122_FL,TSS,Inflow,374
10.0,-1290174122_FL,TSS,Inflow,374
23.20000076293945,-1290174122_FL,TSS,Inflow,374
76.5999984741211,-1290174122_FL,TSS,Inflow,374
72.0,-1290174122_FL,TSS,Inflow,375
4.400000095367432,-1290174122_FL,TSS,Inflow,375
6.0,-1290174122_FL,TSS,Inflow,375
279.0,-1290174122_FL,TSS,Inflow,375
1.0,-1290174122_FL,TSS,Inflow,375
132.0,-1290174122_FL,TSS,Inflow,376
6.699999809265137,-1290174122_FL,TSS,Inflow,376
204.0,-1290174122_FL,TSS,Inflow,376
1.0,-1290174122_FL,TSS,Inflow,376
56.0,-1290174122_FL,TSS,Inflow,376
87.0,-1290174122_FL,TSS,Inflow,377
131.0,-1290174122_FL,TSS,Inflow,377
24.39999961853027,-1290174122_FL,TSS,Inflow,377
13.0,-1290174122_FL,TSS,Inflow,377
22.0,-1290174122_FL,TSS,Inflow,377
28.89999961853027,-1290174122_FL,TSS,Inflow,378
6.699999809265137,-1290174122_FL,TSS,Inflow,378
146.5,-1290174122_FL,TSS,Inflow,378
78.0,-1290174122_FL,TSS,Inflow,378
112.0,-1290174122_FL,TSS,Inflow,378
22.0,-1290174122_FL,TSS,Inflow,379
180.0,-1290174122_FL,TSS,Inflow,379
17.0,-1290174122_FL,TSS,Inflow,379
250.0,-1290174122_FL,TSS,Inflow,379
170.0,-1290174122_FL,TSS,Inflow,379
78.0,-1290174122_FL,TSS,Inflow,380
17.0,-1290174122_FL,TSS,Inflow,380
32.0,-1290174122_FL,TSS,Inflow,380
2.0,-1290174122_FL,TSS,Inflow,380
24.39999961853027,-1290174122_FL,TSS,Inflow,380
8.0,-1290174122_FL,TSS,Inflow,381
131.0,-1290174122_FL,TSS,Inflow,381
24.39999961853027,-1290174122_FL,TSS,Inflow,381
6.599999904632568,-1290174122_FL,TSS,Inflow,381
13.0,-1290174122_FL,TSS,Inflow,381
104.0,-1290174122_FL,TSS,Inflow,382
1.0,-1290174122_FL,TSS,Inflow,382
131.0,-1290174122_FL,TSS,Inflow,382
264.0,-1290174122_FL,TSS,Inflow,382
131.0,-1290174122_FL,TSS,Inflow,382
36.0,-1290174122_FL,TSS,Inflow,383
105.0,-1290174122_FL,TSS,Inflow,383
31.20000076293945,-1290174122_FL,TSS,Inflow,383
56.0,-1290174122_FL,TSS,Inflow,383
23.20000076293945,-1290174122_FL,TSS,Inflow,383
146.5,-1290174122_FL,TSS,Inflow,384
204.0,-1290174122_FL,TSS,Inflow,384
6.699999809265137,-1290174122_FL,TSS,Inflow,384
89.9000015258789,-1290174122_FL,TSS,Inflow,384
319.0,-1290174122_FL,TSS,Inflow,384
12.0,-1290174122_FL,TSS,Inflow,385
17.0,-1290174122_FL,TSS,Inflow,385
1.0,-1290174122_FL,TSS,Inflow,385
319.0,-1290174122_FL,TSS,Inflow,385
12.0,-1290174122_FL,TSS,Inflow,385
12.0,-1290174122_FL,TSS,Inflow,386
131.0,-1290174122_FL,TSS,Inflow,386
10.0,-1290174122_FL,TSS,Inflow,386
129.0,-1290174122_FL,TSS,Inflow,386
170.0,-1290174122_FL,TSS,Inflow,386
112.0,-1290174122_FL,TSS,Inflow,387
29.20000076293945,-1290174122_FL,TSS,Inflow,387
80.0,-1290174122_FL,TSS,Inflow,387
264.0,-1290174122_FL,TSS,Inflow,387
171.0,-1290174122_FL,TSS,Inflow,387
17.0,-1290174122_FL,TSS,Inflow,388
4.0,-1290174122_FL,TSS,Inflow,388
9.800000190734863,-1290174122_FL,TSS,Inflow,388
56.0,-1290174122_FL,TSS,Inflow,388
131.0,-1290174122_FL,TSS,Inflow,388
28.0,-1290174122_FL,TSS,Inflow,389
170.0,-1290174122_FL,TSS,Inflow,389
7.699999809265137,-1290174122_FL,TSS,Inflow,389
131.0,-1290174122_FL,TSS,Inflow,389
31.20000076293945,-1290174122_FL,TSS,Inflow,389
32.0,-1290174122_FL,TSS,Inflow,390
319.0,-1290174122_FL,TSS,Inflow,390
185.0,-1290174122_FL,TSS,Inflow,390
131.0,-1290174122_FL,TSS,Inflow,390
23.20000076293945,-1290174122_FL,TSS,Inflow,390
29.20000076293945,-1290174122_FL,TSS,Inflow,391
9.0,-1290174122_FL,TSS,Inflow,391
28.89999961853027,-1290174122_FL,TSS,Inflow,391
180.0,-1290174122_FL,TSS,Inflow,391
120.0,-1290174122_FL,TSS,Inflow,391
131.0,-1290174122_FL,TSS,Inflow,392
131.0,-1290174122_FL,TSS,Inflow,392
24.39999961853027,-1290174122_FL,TSS,Inflow,392
69.0,-1290174122_FL,TSS,Inflow,392
87.0,-1290174122_FL,TSS,Inflow,392
32.0,-1290174122_FL,TSS,Inflow,393
52.79999923706055,-1290174122_FL,TSS,Inflow,393
87.0,-1290174122_FL,TSS,Inflow,393
36.0,-1290174122_FL,TSS,Inflow,393
20.60000038146973,-1290174122_FL,TSS,Inflow,393
28.0,-1290174122_FL,TSS,Inflow,394
131.0,-1290174122_FL,TSS,Inflow,394
112.0,-1290174122_FL,TSS,Inflow,394
24.39999961853027,-1290174122_FL,TSS,Inflow,394
72.0,-1290174122_FL,TSS,Inflow,394
131.0,-1290174122_FL,TSS,Inflow,395
1.0,-1290174122_FL,TSS,Inflow,395
87.0,-1290174122_FL,TSS,Inflow,395
36.0,-1290174122_FL,TSS,Inflow,395
8.5,-1290174122_FL,TSS,Inflow,395
10.0,-1290174122_FL,TSS,Inflow,396
13.0,-1290174122_FL,TSS,Inflow,396
129.0,-1290174122_FL,TSS,Inflow,396
1.0,-1290174122_FL,TSS,Inflow,396
40.0,-1290174122_FL,TSS,Inflow,396
22.0,-1290174122_FL,TSS,Inflow,397
12.0,-1290174122_FL,TSS,Inflow,397
6.0,-1290174122_FL,TSS,Inflow,397
36.0,-1290174122_FL,TSS,Inflow,397
28.89999961853027,-1290174122_FL,TSS,Inflow,397
1.0,-1290174122_FL,TSS,Inflow,398
196.0,-1290174122_FL,TSS,Inflow,398
80.0,-1290174122_FL,TSS,Inflow,398
248.0,-1290174122_FL,TSS,Inflow,398
1.0,-1290174122_FL,TSS,Inflow,398
170.0,-1290174122_FL,TSS,Inflow,399
2.0,-1290174122_FL,TSS,Inflow,399
22.0,-1290174122_FL,TSS,Inflow,399
72.0,-1290174122_FL,TSS,Inflow,399
28.89999961853027,-1290174122_FL,TSS,Inflow,399
319.0,-1290174122_FL,TSS,Inflow,400
19.20000076293945,-1290174122_FL,TSS,Inflow,400
76.5999984741211,-1290174122_FL,TSS,Inflow,400
4.400000095367432,-1290174122_FL,TSS,Inflow,400
36.0,-1290174122_FL,TSS,Inflow,400
28.39999961853027,-1290174122_FL,TSS,Inflow,401
248.0,-1290174122_FL,TSS,Inflow,401
131.0,-1290174122_FL,TSS,Inflow,401
23.20000076293945,-1290174122_FL,TSS,Inflow,401
8.899999618530273,-1290174122_FL,TSS,Inflow,401
129.0,-1290174122_FL,TSS,Inflow,402
264.0,-1290174122_FL,TSS,Inflow,402
29.20000076293945,-1290174122_FL,TSS,Inflow,402
13.0,-1290174122_FL,TSS,Inflow,402
180.0,-1290174122_FL,TSS,Inflow,402
10.0,-1290174122_FL,TSS,Inflow,403
6.599999904632568,-1290174122_FL,TSS,Inflow,403
53.0,-1290174122_FL,TSS,Inflow,403
6.0,-1290174122_FL,TSS,Inflow,403
146.5,-1290174122_FL,TSS,Inflow,403
131.0,-1290174122_FL,TSS,Inflow,404
1.0,-1290174122_FL,TSS,Inflow,404
9.0,-1290174122_FL,TSS,Inflow,404
170.0,-1290174122_FL,TSS,Inflow,404
69.0,-1290174122_FL,TSS,Inflow,404
12.0,-1290174122_FL,TSS,Inflow,405
592.0,-1290174122_FL,TSS,Inflow,405
12.0,-1290174122_FL,TSS,Inflow,405
10.0,-1290174122_FL,TSS,Inflow,405
80.0,-1290174122_FL,TSS,Inflow,405
248.0,-1290174122_FL,TSS,Inflow,406
36.0,-1290174122_FL,TSS,Inflow,406
49.90000152587891,-1290174122_FL,TSS,Inflow,406
16.0,-1290174122_FL,TSS,Inflow,406
131.0,-1290174122_FL,TSS,Inflow,406
29.20000076293945,-1290174122_FL,TSS,Inflow,407
55.40000152587891,-1290174122_FL,TSS,Inflow,407
170.0,-1290174122_FL,TSS,Inflow,407
17.0,-1290174122_FL,TSS,Inflow,407
131.0,-1290174122_FL,TSS,Inflow,407
204.0,-1290174122_FL,TSS,Inflow,408
36.0,-1290174122_FL,TSS,Inflow,408
146.5,-1290174122_FL,TSS,Inflow,408
7.699999809265137,-1290174122_FL,TSS,Inflow,408
8.600000381469727,-1290174122_FL,TSS,Inflow,408
69.0,-1290174122_FL,TSS,Inflow,409
28.39999961853027,-1290174122_FL,TSS,Inflow,409
12.5,-1290174122_FL,TSS,Inflow,409
52.79999923706055,-1290174122_FL,TSS,Inflow,409
78.0,-1290174122_FL,TSS,Inflow,409
1.0,-1290174122_FL,TSS,Inflow,410
104.0,-1290174122_FL,TSS,Inflow,410
279.0,-1290174122_FL,TSS,Inflow,410
69.0,-1290174122_FL,TSS,Inflow,410
171.0,-1290174122_FL,TSS,Inflow,410
9.0,-1290174122_FL,TSS,Inflow,411
28.0,-1290174122_FL,TSS,Inflow,411
16.0,-1290174122_FL,TSS,Inflow,411
105.0,-1290174122_FL,TSS,Inflow,411
12.0,-1290174122_FL,TSS,Inflow,411
6.0,-1290174122_FL,TSS,Inflow,412
8.600000381469727,-1290174122_FL,TSS,Inflow,412
32.0,-1290174122_FL,TSS,Inflow,412
180.0,-1290174122_FL,TSS,Inflow,412
78.0,-1290174122_FL,TSS,Inflow,412
8.0,-1290174122_FL,TSS,Inflow,413
24.39999961853027,-1290174122_FL,TSS,Inflow,413
89.9000015258789,-1290174122_FL,TSS,Inflow,413
17.0,-1290174122_FL,TSS,Inflow,413
78.0,-1290174122_FL,TSS,Inflow,413
9.0,-1290174122_FL,TSS,Inflow,414
131.0,-1290174122_FL,TSS,Inflow,414
28.39999961853027,-1290174122_FL,TSS,Inflow,414
264.0,-1290174122_FL,TSS,Inflow,414
250.0,-1290174122_FL,TSS,Inflow,414
2.0,-1290174122_FL,TSS,Inflow,415
53.0,-1290174122_FL,TSS,Inflow,415
131.0,-1290174122_FL,TSS,Inflow,415
279.0,-1290174122_FL,TSS,Inflow,415
248.0,-1290174122_FL,TSS,Inflow,415
131.0,-1290174122_FL,TSS,Inflow,416
12.5,-1290174122_FL,TSS,Inflow,416
97.0,-1290174122_FL,TSS,Inflow,416
56.0,-1290174122_FL,TSS,Inflow,416
131.0,-1290174122_FL,TSS,Inflow,416
87.0,-1290174122_FL,TSS,Inflow,417
19.20000076293945,-1290174122_FL,TSS,Inflow,417
10.0,-1290174122_FL,TSS,Inflow,417
72.0,-1290174122_FL,TSS,Inflow,417
6.699999809265137,-1290174122_FL,TSS,Inflow,417
12.0,-1290174122_FL,TSS,Inflow,418
16.0,-1290174122_FL,TSS,Inflow,418
131.0,-1290174122_FL,TSS,Inflow,418
40.0,-1290174122_FL,TSS,Inflow,418
35.79999923706055,-1290174122_FL,TSS,Inflow,418
6.699999809265137,-1290174122_FL,TSS,Inflow,419
8.0,-1290174122_FL,TSS,Inflow,419
196.0,-1290174122_FL,TSS,Inflow,419
49.90000152587891,-1290174122_FL,TSS,Inflow,419
72.0,-1290174122_FL,TSS,Inflow,419
8.0,-1290174122_FL,TSS,Inflow,420
46.0,-1290174122_FL,TSS,Inflow,420
5.400000095367432,-1290174122_FL,TSS,Inflow,420
131.0,-1290174122_FL,TSS,Inflow,420
163.0,-1290174122_FL,TSS,Inflow,420
9.800000190734863,-1290174122_FL,TSS,Inflow,421
29.20000076293945,-1290174122_FL,TSS,Inflow,421
60.20000076293945,-1290174122_FL,TSS,Inflow,421
87.0,-1290174122_FL,TSS,Inflow,421
4.400000095367432,-1290174122_FL,TSS,Inflow,421
7.699999809265137,-1290174122_FL,TSS,Inflow,422
8.899999618530273,-1290174122_FL,TSS,Inflow,422
31.20000076293945,-1290174122_FL,TSS,Inflow,422
4.400000095367432,-1290174122_FL,TSS,Inflow,422
35.79999923706055,-1290174122_FL,TSS,Inflow,422
120.0,-1290174122_FL,TSS,Inflow,423
5.400000095367432,-1290174122_FL,TSS,Inflow,423
104.0,-1290174122_FL,TSS,Inflow,423
87.0,-1290174122_FL,TSS,Inflow,423
2.0,-1290174122_FL,TSS,Inflow,423
592.0,-1290174122_FL,TSS,Inflow,424
131.0,-1290174122_FL,TSS,Inflow,424
46.0,-1290174122_FL,TSS,Inflow,424
2.0,-1290174122_FL,TSS,Inflow,424
20.60000038146973,-1290174122_FL,TSS,Inflow,424
13.0,-1290174122_FL,TSS,Inflow,425
60.20000076293945,-1290174122_FL,TSS,Inflow,425
40.0,-1290174122_FL,TSS,Inflow,425
52.79999923706055,-1290174122_FL,TSS,Inflow,425
4.400000095367432,-1290174122_FL,TSS,Inflow,425
7.699999809265137,-1290174122_FL,TSS,Inflow,426
415.0,-1290174122_FL,TSS,Inflow,426
129.0,-1290174122_FL,TSS,Inflow,426
132.0,-1290174122_FL,TSS,Inflow,426
32.0,-1290174122_FL,TSS,Inflow,426
248.0,-1290174122_FL,TSS,Inflow,427
131.0,-1290174122_FL,TSS,Inflow,427
17.0,-1290174122_FL,TSS,Inflow,427
24.39999961853027,-1290174122_FL,TSS,Inflow,427
12.0,-1290174122_FL,TSS,Inflow,427
56.0,-1290174122_FL,TSS,Inflow,428
120.0,-1290174122_FL,TSS,Inflow,428
9.0,-1290174122_FL,TSS,Inflow,428
592.0,-1290174122_FL,TSS,Inflow,428
28.39999961853027,-1290174122_FL,TSS,Inflow,428
6.0,-1290174122_FL,TSS,Inflow,429
4.0,-1290174122_FL,TSS,Inflow,429
248.0,-1290174122_FL,TSS,Inflow,429
31.20000076293945,-1290174122_FL,TSS,Inflow,429
12.5,-1290174122_FL,TSS,Inflow,429
76.5999984741211,-1290174122_FL,TSS,Inflow,430
2.0,-1290174122_FL,TSS,Inflow,430
23.20000076293945,-1290174122_FL,TSS,Inflow,430
9.0,-1290174122_FL,TSS,Inflow,430
17.0,-1290174122_FL,TSS,Inflow,430
6.699999809265137,-1290174122_FL,TSS,Inflow,431
22.0,-1290174122_FL,TSS,Inflow,431
204.0,-1290174122_FL,TSS,Inflow,431
36.0,-1290174122_FL,TSS,Inflow,431
49.90000152587891,-1290174122_FL,TSS,Inflow,431
104.0,-1290174122_FL,TSS,Inflow,432
46.0,-1290174122_FL,TSS,Inflow,432
7.699999809265137,-1290174122_FL,TSS,Inflow,432
29.20000076293945,-1290174122_FL,TSS,Inflow,432
13.0,-1290174122_FL,TSS,Inflow,432
248.0,-1290174122_FL,TSS,Inflow,433
16.0,-1290174122_FL,TSS,Inflow,433
12.5,-1290174122_FL,TSS,Inflow,433
1.0,-1290174122_FL,TSS,Inflow,433
185.0,-1290174122_FL,TSS,Inflow,433
22.0,-1290174122_FL,TSS,Inflow,434
17.0,-1290174122_FL,TSS,Inflow,434
1.0,-1290174122_FL,TSS,Inflow,434
72.0,-1290174122_FL,TSS,Inflow,434
5.400000095367432,-1290174122_FL,TSS,Inflow,434
248.0,-1290174122_FL,TSS,Inflow,435
8.899999618530273,-1290174122_FL,TSS,Inflow,435
23.20000076293945,-1290174122_FL,TSS,Inflow,435
6.699999809265137,-1290174122_FL,TSS,Inflow,435
170.0,-1290174122_FL,TSS,Inflow,435
170.0,-1290174122_FL,TSS,Inflow,436
131.0,-1290174122_FL,TSS,Inflow,436
112.0,-1290174122_FL,TSS,Inflow,436
28.39999961853027,-1290174122_FL,TSS,Inflow,436
204.0,-1290174122_FL,TSS,Inflow,436
32.0,-1290174122_FL,TSS,Inflow,437
131.0,-1290174122_FL,TSS,Inflow,437
9.199999809265137,-1290174122_FL,TSS,Inflow,437
10.0,-1290174122_FL,TSS,Inflow,437
78.0,-1290174122_FL,TSS,Inflow,437
29.20000076293945,-1290174122_FL,TSS,Inflow,438
1.0,-1290174122_FL,TSS,Inflow,438
9.199999809265137,-1290174122_FL,TSS,Inflow,438
120.0,-1290174122_FL,TSS,Inflow,438
3.0,-1290174122_FL,TSS,Inflow,438
78.0,-1290174122_FL,TSS,Inflow,439
6.699999809265137,-1290174122_FL,TSS,Inflow,439
56.0,-1290174122_FL,TSS,Inflow,439
131.0,-1290174122_FL,TSS,Inflow,439
6.699999809265137,-1290174122_FL,TSS,Inflow,439
131.0,-1290174122_FL,TSS,Inflow,440
55.40000152587891,-1290174122_FL,TSS,Inflow,440
415.0,-1290174122_FL,TSS,Inflow,440
29.20000076293945,-1290174122_FL,TSS,Inflow,440
89.9000015258789,-1290174122_FL,TSS,Inflow,440
120.0,-1290174122_FL,TSS,Inflow,441
56.0,-1290174122_FL,TSS,Inflow,441
69.0,-1290174122_FL,TSS,Inflow,441
12.0,-1290174122_FL,TSS,Inflow,441
8.0,-1290174122_FL,TSS,Inflow,441
12.0,-1290174122_FL,TSS,Inflow,442
146.5,-1290174122_FL,TSS,Inflow,442
69.0,-1290174122_FL,TSS,Inflow,442
6.699999809265137,-1290174122_FL,TSS,Inflow,442
2.0,-1290174122_FL,TSS,Inflow,442
129.0,-1290174122_FL,TSS,Inflow,443
35.79999923706055,-1290174122_FL,TSS,Inflow,443
6.0,-1290174122_FL,TSS,Inflow,443
592.0,-1290174122_FL,TSS,Inflow,443
7.699999809265137,-1290174122_FL,TSS,Inflow,443
250.0,-1290174122_FL,TSS,Inflow,444
6.699999809265137,-1290174122_FL,TSS,Inflow,444
24.39999961853027,-1290174122_FL,TSS,Inflow,444
9.199999809265137,-1290174122_FL,TSS,Inflow,444
104.0,-1290174122_FL,TSS,Inflow,444
12.0,-1290174122_FL,TSS,Inflow,445
12.0,-1290174122_FL,TSS,Inflow,445
8.0,-1290174122_FL,TSS,Inflow,445
55.40000152587891,-1290174122_FL,TSS,Inflow,445
80.0,-1290174122_FL,TSS,Inflow,445
6.0,-1290174122_FL,TSS,Inflow,446
55.40000152587891,-1290174122_FL,TSS,Inflow,446
35.79999923706055,-1290174122_FL,TSS,Inflow,446
112.0,-1290174122_FL,TSS,Inflow,446
78.0,-1290174122_FL,TSS,Inflow,446
87.0,-1290174122_FL,TSS,Inflow,447
28.89999961853027,-1290174122_FL,TSS,Inflow,447
10.0,-1290174122_FL,TSS,Inflow,447
60.20000076293945,-1290174122_FL,TSS,Inflow,447
89.9000015258789,-1290174122_FL,TSS,Inflow,447
19.20000076293945,-1290174122_FL,TSS,Inflow,448
8.600000381469727,-1290174122_FL,TSS,Inflow,448
10.0,-1290174122_FL,TSS,Inflow,448
9.199999809265137,-1290174122_FL,TSS,Inflow,448
9.800000190734863,-1290174122_FL,TSS,Inflow,448
49.90000152587891,-1290174122_FL,TSS,Inflow,449
22.0,-1290174122_FL,TSS,Inflow,449
146.5,-1290174122_FL,TSS,Inflow,449
29.20000076293945,-1290174122_FL,TSS,Inflow,449
120.0,-1290174122_FL,TSS,Inflow,449
185.0,-1290174122_FL,TSS,Inflow,450
53.0,-1290174122_FL,TSS,Inflow,450
319.0,-1290174122_FL,TSS,Inflow,450
22.0,-1290174122_FL,TSS,Inflow,450
12.0,-1290174122_FL,TSS,Inflow,450
170.0,-1290174122_FL,TSS,Inflow,451
32.0,-1290174122_FL,TSS,Inflow,451
34.29999923706055,-1290174122_FL,TSS,Inflow,451
8.5,-1290174122_FL,TSS,Inflow,451
131.0,-1290174122_FL,TSS,Inflow,451
180.0,-1290174122_FL,TSS,Inflow,452
9.0,-1290174122_FL,TSS,Inflow,452
13.0,-1290174122_FL,TSS,Inflow,452
80.0,-1290174122_FL,TSS,Inflow,452
55.40000152587891,-1290174122_FL,TSS,Inflow,452
415.0,-1290174122_FL,TSS,Inflow,453
69.0,-1290174122_FL,TSS,Inflow,453
131.0,-1290174122_FL,TSS,Inflow,453
89.9000015258789,-1290174122_FL,TSS,Inflow,453
264.0,-1290174122_FL,TSS,Inflow,453
120.0,-1290174122_FL,TSS,Inflow,454
72.0,-1290174122_FL,TSS,Inflow,454
131.0,-1290174122_FL,TSS,Inflow,454
180.0,-1290174122_FL,TSS,Inflow,454
6.699999809265137,-1290174122_FL,TSS,Inflow,454
8.600000381469727,-1290174122_FL,TSS,Inflow,455
8.899999618530273,-1290174122_FL,TSS,Inflow,455
53.0,-1290174122_FL,TSS,Inflow,455
264.0,-1290174122_FL,TSS,Inflow,455
72.0,-1290174122_FL,TSS,Inflow,455
97.0,-1290174122_FL,TSS,Inflow,456
248.0,-1290174122_FL,TSS,Inflow,456
129.0,-1290174122_FL,TSS,Inflow,456
17.0,-1290174122_FL,TSS,Inflow,456
72.0,-1290174122_FL,TSS,Inflow,456
9.800000190734863,-1290174122_FL,TSS,Inflow,457
12.5,-1290174122_FL,TSS,Inflow,457
218.0,-1290174122_FL,TSS,Inflow,457
28.0,-1290174122_FL,TSS,Inflow,457
78.0,-1290174122_FL,TSS,Inflow,457
3.0,-1290174122_FL,TSS,Inflow,458
185.0,-1290174122_FL,TSS,Inflow,458
80.0,-1290174122_FL,TSS,Inflow,458
131.0,-1290174122_FL,TSS,Inflow,458
29.20000076293945,-1290174122_FL,TSS,Inflow,458
36.0,-1290174122_FL,TSS,Inflow,459
24.39999961853027,-1290174122_FL,TSS,Inflow,459
32.0,-1290174122_FL,TSS,Inflow,459
13.0,-1290174122_FL,TSS,Inflow,459
3.0,-1290174122_FL,TSS,Inflow,459
185.0,-1290174122_FL,TSS,Inflow,460
2.0,-1290174122_FL,TSS,Inflow,460
319.0,-1290174122_FL,TSS,Inflow,460
1.0,-1290174122_FL,TSS,Inflow,460
10.0,-1290174122_FL,TSS,Inflow,460
8.5,-1290174122_FL,TSS,Inflow,461
89.9000015258789,-1290174122_FL,TSS,Inflow,461
10.0,-1290174122_FL,TSS,Inflow,461
20.60000038146973,-1290174122_FL,TSS,Inflow,461
53.0,-1290174122_FL,TSS,Inflow,461
8.0,-1290174122_FL,TSS,Inflow,462
22.0,-1290174122_FL,TSS,Inflow,462
13.0,-1290174122_FL,TSS,Inflow,462
35.79999923706055,-1290174122_FL,TSS,Inflow,462
104.0,-1290174122_FL,TSS,Inflow,462
8.5,-1290174122_FL,TSS,Inflow,463
6.699999809265137,-1290174122_FL,TSS,Inflow,463
4.400000095367432,-1290174122_FL,TSS,Inflow,463
13.0,-1290174122_FL,TSS,Inflow,463
2.0,-1290174122_FL,TSS,Inflow,463
9.800000190734863,-1290174122_FL,TSS,Inflow,464
1.0,-1290174122_FL,TSS,Inflow,464
6.0,-1290174122_FL,TSS,Inflow,464
36.0,-1290174122_FL,TSS,Inflow,464
196.0,-1290174122_FL,TSS,Inflow,464
180.0,-1290174122_FL,TSS,Inflow,465
40.0,-1290174122_FL,TSS,Inflow,465
69.0,-1290174122_FL,TSS,Inflow,465
112.0,-1290174122_FL,TSS,Inflow,465
80.0,-1290174122_FL,TSS,Inflow,465
12.0,-1290174122_FL,TSS,Inflow,466
46.0,-1290174122_FL,TSS,Inflow,466
9.0,-1290174122_FL,TSS,Inflow,466
12.0,-1290174122_FL,TSS,Inflow,466
3.0,-1290174122_FL,TSS,Inflow,466
131.0,-1290174122_FL,TSS,Inflow,467
20.60000038146973,-1290174122_FL,TSS,Inflow,467
8.899999618530273,-1290174122_FL,TSS,Inflow,467
2.0,-1290174122_FL,TSS,Inflow,467
13.0,-1290174122_FL,TSS,Inflow,467
87.0,-1290174122_FL,TSS,Inflow,468
319.0,-1290174122_FL,TSS,Inflow,468
80.0,-1290174122_FL,TSS,Inflow,468
89.9000015258789,-1290174122_FL,TSS,Inflow,468
53.0,-1290174122_FL,TSS,Inflow,468
97.0,-1290174122_FL,TSS,Inflow,469
56.0,-1290174122_FL,TSS,Inflow,469
131.0,-1290174122_FL,TSS,Inflow,469
248.0,-1290174122_FL,TSS,Inflow,469
1.0,-1290174122_FL,TSS,Inflow,469
28.89999961853027,-1290174122_FL,TSS,Inflow,470
131.0,-1290174122_FL,TSS,Inflow,470
9.0,-1290174122_FL,TSS,Inflow,470
104.0,-1290174122_FL,TSS,Inflow,470
78.0,-1290174122_FL,TSS,Inflow,470
120.0,-1290174122_FL,TSS,Inflow,471
12.0,-1290174122_FL,TSS,Inflow,471
9.800000190734863,-1290174122_FL,TSS,Inflow,471
131.0,-1290174122_FL,TSS,Inflow,471
6.599999904632568,-1290174122_FL,TSS,Inflow,471
12.0,-1290174122_FL,TSS,Inflow,472
10.0,-1290174122_FL,TSS,Inflow,472
87.0,-1290174122_FL,TSS,Inflow,472
29.20000076293945,-1290174122_FL,TSS,Inflow,472
104.0,-1290174122_FL,TSS,Inflow,472
49.90000152587891,-1290174122_FL,TSS,Inflow,473
2.0,-1290174122_FL,TSS,Inflow,473
131.0,-1290174122_FL,TSS,Inflow,473
196.0,-1290174122_FL,TSS,Inflow,473
129.0,-1290174122_FL,TSS,Inflow,473
2.0,-1290174122_FL,TSS,Inflow,474
185.0,-1290174122_FL,TSS,Inflow,474
4.400000095367432,-1290174122_FL,TSS,Inflow,474
6.0,-1290174122_FL,TSS,Inflow,474
89.9000015258789,-1290174122_FL,TSS,Inflow,474
10.0,-1290174122_FL,TSS,Inflow,475
9.199999809265137,-1290174122_FL,TSS,Inflow,475
132.0,-1290174122_FL,TSS,Inflow,475
34.29999923706055,-1290174122_FL,TSS,Inflow,475
592.0,-1290174122_FL,TSS,Inflow,475
46.0,-1290174122_FL,TSS,Inflow,476
8.5,-1290174122_FL,TSS,Inflow,476
250.0,-1290174122_FL,TSS,Inflow,476
29.20000076293945,-1290174122_FL,TSS,Inflow,476
19.20000076293945,-1290174122_FL,TSS,Inflow,476
13.0,-1290174122_FL,TSS,Inflow,477
131.0,-1290174122_FL,TSS,Inflow,477
131.0,-1290174122_FL,TSS,Inflow,477
16.0,-1290174122_FL,TSS,Inflow,477
279.0,-1290174122_FL,TSS,Inflow,477
12.5,-1290174122_FL,TSS,Inflow,478
131.0,-1290174122_FL,TSS,Inflow,478
28.0,-1290174122_FL,TSS,Inflow,478
24.39999961853027,-1290174122_FL,TSS,Inflow,478
2.0,-1290174122_FL,TSS,Inflow,478
8.899999618530273,-1290174122_FL,TSS,Inflow,479
6.699999809265137,-1290174122_FL,TSS,Inflow,479
31.20000076293945,-1290174122_FL,TSS,Inflow,479
4.400000095367432,-1290174122_FL,TSS,Inflow,479
22.0,-1290174122_FL,TSS,Inflow,479
180.0,-1290174122_FL,TSS,Inflow,480
13.0,-1290174122_FL,TSS,Inflow,480
279.0,-1290174122_FL,TSS,Inflow,480
52.79999923706055,-1290174122_FL,TSS,Inflow,480
35.79999923706055,-1290174122_FL,TSS,Inflow,480
6.699999809265137,-1290174122_FL,TSS,Inflow,481
4.400000095367432,-1290174122_FL,TSS,Inflow,481
132.0,-1290174122_FL,TSS,Inflow,481
35.79999923706055,-1290174122_FL,TSS,Inflow,481
4.0,-1290174122_FL,TSS,Inflow,481
5.400000095367432,-1290174122_FL,TSS,Inflow,482
23.20000076293945,-1290174122_FL,TSS,Inflow,482
146.5,-1290174122_FL,TSS,Inflow,482
415.0,-1290174122_FL,TSS,Inflow,482
279.0,-1290174122_FL,TSS,Inflow,482
204.0,-1290174122_FL,TSS,Inflow,483
264.0,-1290174122_FL,TSS,Inflow,483
132.0,-1290174122_FL,TSS,Inflow,483
87.0,-1290174122_FL,TSS,Inflow,483
8.5,-1290174122_FL,TSS,Inflow,483
7.699999809265137,-1290174122_FL,TSS,Inflow,484
78.0,-1290174122_FL,TSS,Inflow,484
131.0,-1290174122_FL,TSS,Inflow,484
248.0,-1290174122_FL,TSS,Inflow,484
12.5,-1290174122_FL,TSS,Inflow,484
120.0,-1290174122_FL,TSS,Inflow,485
8.600000381469727,-1290174122_FL,TSS,Inflow,485
5.400000095367432,-1290174122_FL,TSS,Inflow,485
28.0,-1290174122_FL,TSS,Inflow,485
218.0,-1290174122_FL,TSS,Inflow,485
87.0,-1290174122_FL,TSS,Inflow,486
10.0,-1290174122_FL,TSS,Inflow,486
9.0,-1290174122_FL,TSS,Inflow,486
196.0,-1290174122_FL,TSS,Inflow,486
171.0,-1290174122_FL,TSS,Inflow,486
3.0,-1290174122_FL,TSS,Inflow,487
112.0,-1290174122_FL,TSS,Inflow,487
80.0,-1290174122_FL,TSS,Inflow,487
250.0,-1290174122_FL,TSS,Inflow,487
49.90000152587891,-1290174122_FL,TSS,Inflow,487
10.0,-1290174122_FL,TSS,Inflow,488
23.20000076293945,-1290174122_FL,TSS,Inflow,488
1.0,-1290174122_FL,TSS,Inflow,488
32.0,-1290174122_FL,TSS,Inflow,488
76.5999984741211,-1290174122_FL,TSS,Inflow,488
17.0,-1290174122_FL,TSS,Inflow,489
23.20000076293945,-1290174122_FL,TSS,Inflow,489
218.0,-1290174122_FL,TSS,Inflow,489
1.0,-1290174122_FL,TSS,Inflow,489
3.0,-1290174122_FL,TSS,Inflow,489
9.0,-1290174122_FL,TSS,Inflow,490
592.0,-1290174122_FL,TSS,Inflow,490
3.0,-1290174122_FL,TSS,Inflow,490
28.0,-1290174122_FL,TSS,Inflow,490
12.5,-1290174122_FL,TSS,Inflow,490
13.0,-1290174122_FL,TSS,Inflow,491
22.0,-1290174122_FL,TSS,Inflow,491
80.0,-1290174122_FL,TSS,Inflow,491
28.39999961853027,-1290174122_FL,TSS,Inflow,491
35.79999923706055,-1290174122_FL,TSS,Inflow,491
105.0,-1290174122_FL,TSS,Inflow,492
218.0,-1290174122_FL,TSS,Inflow,492
13.0,-1290174122_FL,TSS,Inflow,492
104.0,-1290174122_FL,TSS,Inflow,492
120.0,-1290174122_FL,TSS,Inflow,492
8.5,-1290174122_FL,TSS,Inflow,493
9.800000190734863,-1290174122_FL,TSS,Inflow,493
97.0,-1290174122_FL,TSS,Inflow,493
218.0,-1290174122_FL,TSS,Inflow,493
131.0,-1290174122_FL,TSS,Inflow,493
2.0,-1290174122_FL,TSS,Inflow,494
1.0,-1290174122_FL,TSS,Inflow,494
9.199999809265137,-1290174122_FL,TSS,Inflow,494
415.0,-1290174122_FL,TSS,Inflow,494
76.5999984741211,-1290174122_FL,TSS,Inflow,494
16.0,-1290174122_FL,TSS,Inflow,495
28.39999961853027,-1290174122_FL,TSS,Inflow,495
264.0,-1290174122_FL,TSS,Inflow,495
35.79999923706055,-1290174122_FL,TSS,Inflow,495
8.899999618530273,-1290174122_FL,TSS,Inflow,495
171.0,-1290174122_FL,TSS,Inflow,496
218.0,-1290174122_FL,TSS,Inflow,496
131.0,-1290174122_FL,TSS,Inflow,496
89.9000015258789,-1290174122_FL,TSS,Inflow,496
36.0,-1290174122_FL,TSS,Inflow,496
131.0,-1290174122_FL,TSS,Inflow,497
52.79999923706055,-1290174122_FL,TSS,Inflow,497
279.0,-1290174122_FL,TSS,Inflow,497
250.0,-1290174122_FL,TSS,Inflow,497
53.0,-1290174122_FL,TSS,Inflow,497
9.0,-1290174122_FL,TSS,Inflow,498
8.899999618530273,-1290174122_FL,TSS,Inflow,498
60.20000076293945,-1290174122_FL,TSS,Inflow,498
23.20000076293945,-1290174122_FL,TSS,Inflow,498
592.0,-1290174122_FL,TSS,Inflow,498
53.0,-1290174122_FL,TSS,Inflow,499
16.0,-1290174122_FL,TSS,Inflow,499
28.39999961853027,-1290174122_FL,TSS,Inflow,499
170.0,-1290174122_FL,TSS,Inflow,499
1.0,-1290174122_FL,TSS,Inflow,499
24.39999961853027,-1290174122_FL,TSS,Inflow,500
170.0,-1290174122_FL,TSS,Inflow,500
6.699999809265137,-1290174122_FL,TSS,Inflow,500
185.0,-1290174122_FL,TSS,Inflow,500
9.800000190734863,-1290174122_FL,TSS,Inflow,500
