EMC,Location,Analyte,Flow,Run
3.0,-1290174122_FL,TSS,Outflow,1
9.600000381469727,-1290174122_FL,TSS,Outflow,1
4.0,-1290174122_FL,TSS,Outflow,1
3.0,-1290174122_FL,TSS,Outflow,1
2.0,-1290174122_FL,TSS,Outflow,1
3.0,-1290174122_FL,TSS,Outflow,2
7.099999904632568,-1290174122_FL,TSS,Outflow,2
7.0,-1290174122_FL,TSS,Outflow,2
7.300000190734863,-1290174122_FL,TSS,Outflow,2
6.0,-1290174122_FL,TSS,Outflow,2
5.0,-1290174122_FL,TSS,Outflow,3
7.599999904632568,-1290174122_FL,TSS,Outflow,3
15.89999961853027,-1290174122_FL,TSS,Outflow,3
7.300000190734863,-1290174122_FL,TSS,Outflow,3
5.0,-1290174122_FL,TSS,Outflow,3
11.0,-1290174122_FL,TSS,Outflow,4
12.39999961853027,-1290174122_FL,TSS,Outflow,4
3.0,-1290174122_FL,TSS,Outflow,4
23.0,-1290174122_FL,TSS,Outflow,4
5.0,-1290174122_FL,TSS,Outflow,4
3.0,-1290174122_FL,TSS,Outflow,5
3.0,-1290174122_FL,TSS,Outflow,5
5.300000190734863,-1290174122_FL,TSS,Outflow,5
4.0,-1290174122_FL,TSS,Outflow,5
3.0,-1290174122_FL,TSS,Outflow,5
3.0,-1290174122_FL,TSS,Outflow,6
5.0,-1290174122_FL,TSS,Outflow,6
12.5,-1290174122_FL,TSS,Outflow,6
4.0,-1290174122_FL,TSS,Outflow,6
9.600000381469727,-1290174122_FL,TSS,Outflow,6
5.0,-1290174122_FL,TSS,Outflow,7
3.0,-1290174122_FL,TSS,Outflow,7
15.0,-1290174122_FL,TSS,Outflow,7
23.0,-1290174122_FL,TSS,Outflow,7
16.0,-1290174122_FL,TSS,Outflow,7
2.0,-1290174122_FL,TSS,Outflow,8
20.29999923706055,-1290174122_FL,TSS,Outflow,8
10.0,-1290174122_FL,TSS,Outflow,8
47.0,-1290174122_FL,TSS,Outflow,8
7.900000095367432,-1290174122_FL,TSS,Outflow,8
2.0,-1290174122_FL,TSS,Outflow,9
15.0,-1290174122_FL,TSS,Outflow,9
0.02999999932944775,-1290174122_FL,TSS,Outflow,9
8.0,-1290174122_FL,TSS,Outflow,9
3.0,-1290174122_FL,TSS,Outflow,9
47.0,-1290174122_FL,TSS,Outflow,10
16.5,-1290174122_FL,TSS,Outflow,10
4.0,-1290174122_FL,TSS,Outflow,10
8.0,-1290174122_FL,TSS,Outflow,10
29.39999961853027,-1290174122_FL,TSS,Outflow,10
16.0,-1290174122_FL,TSS,Outflow,11
12.39999961853027,-1290174122_FL,TSS,Outflow,11
3.0,-1290174122_FL,TSS,Outflow,11
12.5,-1290174122_FL,TSS,Outflow,11
9.699999809265137,-1290174122_FL,TSS,Outflow,11
3.0,-1290174122_FL,TSS,Outflow,12
4.0,-1290174122_FL,TSS,Outflow,12
7.0,-1290174122_FL,TSS,Outflow,12
15.0,-1290174122_FL,TSS,Outflow,12
10.0,-1290174122_FL,TSS,Outflow,12
5.099999904632568,-1290174122_FL,TSS,Outflow,13
8.0,-1290174122_FL,TSS,Outflow,13
3.0,-1290174122_FL,TSS,Outflow,13
16.0,-1290174122_FL,TSS,Outflow,13
30.79999923706055,-1290174122_FL,TSS,Outflow,13
8.0,-1290174122_FL,TSS,Outflow,14
3.0,-1290174122_FL,TSS,Outflow,14
10.0,-1290174122_FL,TSS,Outflow,14
11.0,-1290174122_FL,TSS,Outflow,14
16.5,-1290174122_FL,TSS,Outflow,14
16.70000076293945,-1290174122_FL,TSS,Outflow,15
2.0,-1290174122_FL,TSS,Outflow,15
49.29999923706055,-1290174122_FL,TSS,Outflow,15
23.0,-1290174122_FL,TSS,Outflow,15
4.0,-1290174122_FL,TSS,Outflow,15
7.300000190734863,-1290174122_FL,TSS,Outflow,16
3.0,-1290174122_FL,TSS,Outflow,16
5.099999904632568,-1290174122_FL,TSS,Outflow,16
1.0,-1290174122_FL,TSS,Outflow,16
7.0,-1290174122_FL,TSS,Outflow,16
3.0,-1290174122_FL,TSS,Outflow,17
5.699999809265137,-1290174122_FL,TSS,Outflow,17
2.0,-1290174122_FL,TSS,Outflow,17
2.0,-1290174122_FL,TSS,Outflow,17
16.60000038146973,-1290174122_FL,TSS,Outflow,17
4.0,-1290174122_FL,TSS,Outflow,18
15.0,-1290174122_FL,TSS,Outflow,18
3.0,-1290174122_FL,TSS,Outflow,18
8.0,-1290174122_FL,TSS,Outflow,18
6.0,-1290174122_FL,TSS,Outflow,18
16.60000038146973,-1290174122_FL,TSS,Outflow,19
20.29999923706055,-1290174122_FL,TSS,Outflow,19
1.0,-1290174122_FL,TSS,Outflow,19
8.0,-1290174122_FL,TSS,Outflow,19
16.70000076293945,-1290174122_FL,TSS,Outflow,19
3.0,-1290174122_FL,TSS,Outflow,20
3.0,-1290174122_FL,TSS,Outflow,20
47.0,-1290174122_FL,TSS,Outflow,20
7.599999904632568,-1290174122_FL,TSS,Outflow,20
5.0,-1290174122_FL,TSS,Outflow,20
12.39999961853027,-1290174122_FL,TSS,Outflow,21
16.60000038146973,-1290174122_FL,TSS,Outflow,21
10.0,-1290174122_FL,TSS,Outflow,21
29.39999961853027,-1290174122_FL,TSS,Outflow,21
9.100000381469727,-1290174122_FL,TSS,Outflow,21
16.70000076293945,-1290174122_FL,TSS,Outflow,22
2.0,-1290174122_FL,TSS,Outflow,22
2.0,-1290174122_FL,TSS,Outflow,22
3.0,-1290174122_FL,TSS,Outflow,22
5.0,-1290174122_FL,TSS,Outflow,22
12.5,-1290174122_FL,TSS,Outflow,23
47.0,-1290174122_FL,TSS,Outflow,23
2.0,-1290174122_FL,TSS,Outflow,23
3.0,-1290174122_FL,TSS,Outflow,23
3.0,-1290174122_FL,TSS,Outflow,23
5.699999809265137,-1290174122_FL,TSS,Outflow,24
7.5,-1290174122_FL,TSS,Outflow,24
16.5,-1290174122_FL,TSS,Outflow,24
1.0,-1290174122_FL,TSS,Outflow,24
10.69999980926514,-1290174122_FL,TSS,Outflow,24
15.89999961853027,-1290174122_FL,TSS,Outflow,25
6.0,-1290174122_FL,TSS,Outflow,25
7.099999904632568,-1290174122_FL,TSS,Outflow,25
2.0,-1290174122_FL,TSS,Outflow,25
9.5,-1290174122_FL,TSS,Outflow,25
2.0,-1290174122_FL,TSS,Outflow,26
10.0,-1290174122_FL,TSS,Outflow,26
12.5,-1290174122_FL,TSS,Outflow,26
16.0,-1290174122_FL,TSS,Outflow,26
23.0,-1290174122_FL,TSS,Outflow,26
5.0,-1290174122_FL,TSS,Outflow,27
7.0,-1290174122_FL,TSS,Outflow,27
3.0,-1290174122_FL,TSS,Outflow,27
3.0,-1290174122_FL,TSS,Outflow,27
10.0,-1290174122_FL,TSS,Outflow,27
47.0,-1290174122_FL,TSS,Outflow,28
7.0,-1290174122_FL,TSS,Outflow,28
6.0,-1290174122_FL,TSS,Outflow,28
12.5,-1290174122_FL,TSS,Outflow,28
16.5,-1290174122_FL,TSS,Outflow,28
29.39999961853027,-1290174122_FL,TSS,Outflow,29
2.0,-1290174122_FL,TSS,Outflow,29
3.0,-1290174122_FL,TSS,Outflow,29
13.69999980926514,-1290174122_FL,TSS,Outflow,29
8.0,-1290174122_FL,TSS,Outflow,29
9.699999809265137,-1290174122_FL,TSS,Outflow,30
3.0,-1290174122_FL,TSS,Outflow,30
20.70000076293945,-1290174122_FL,TSS,Outflow,30
4.0,-1290174122_FL,TSS,Outflow,30
16.5,-1290174122_FL,TSS,Outflow,30
2.0,-1290174122_FL,TSS,Outflow,31
3.0,-1290174122_FL,TSS,Outflow,31
7.900000095367432,-1290174122_FL,TSS,Outflow,31
16.60000038146973,-1290174122_FL,TSS,Outflow,31
12.5,-1290174122_FL,TSS,Outflow,31
5.099999904632568,-1290174122_FL,TSS,Outflow,32
16.70000076293945,-1290174122_FL,TSS,Outflow,32
9.699999809265137,-1290174122_FL,TSS,Outflow,32
19.0,-1290174122_FL,TSS,Outflow,32
5.0,-1290174122_FL,TSS,Outflow,32
5.0,-1290174122_FL,TSS,Outflow,33
3.0,-1290174122_FL,TSS,Outflow,33
3.0,-1290174122_FL,TSS,Outflow,33
19.0,-1290174122_FL,TSS,Outflow,33
2.0,-1290174122_FL,TSS,Outflow,33
3.0,-1290174122_FL,TSS,Outflow,34
10.5,-1290174122_FL,TSS,Outflow,34
3.0,-1290174122_FL,TSS,Outflow,34
2.0,-1290174122_FL,TSS,Outflow,34
20.29999923706055,-1290174122_FL,TSS,Outflow,34
1.0,-1290174122_FL,TSS,Outflow,35
7.099999904632568,-1290174122_FL,TSS,Outflow,35
3.0,-1290174122_FL,TSS,Outflow,35
4.0,-1290174122_FL,TSS,Outflow,35
11.0,-1290174122_FL,TSS,Outflow,35
2.0,-1290174122_FL,TSS,Outflow,36
11.0,-1290174122_FL,TSS,Outflow,36
7.900000095367432,-1290174122_FL,TSS,Outflow,36
9.5,-1290174122_FL,TSS,Outflow,36
2.0,-1290174122_FL,TSS,Outflow,36
16.0,-1290174122_FL,TSS,Outflow,37
5.0,-1290174122_FL,TSS,Outflow,37
4.0,-1290174122_FL,TSS,Outflow,37
13.69999980926514,-1290174122_FL,TSS,Outflow,37
7.900000095367432,-1290174122_FL,TSS,Outflow,37
2.0,-1290174122_FL,TSS,Outflow,38
4.0,-1290174122_FL,TSS,Outflow,38
1.0,-1290174122_FL,TSS,Outflow,38
4.0,-1290174122_FL,TSS,Outflow,38
6.0,-1290174122_FL,TSS,Outflow,38
10.69999980926514,-1290174122_FL,TSS,Outflow,39
7.5,-1290174122_FL,TSS,Outflow,39
3.0,-1290174122_FL,TSS,Outflow,39
3.0,-1290174122_FL,TSS,Outflow,39
23.0,-1290174122_FL,TSS,Outflow,39
5.0,-1290174122_FL,TSS,Outflow,40
12.10000038146973,-1290174122_FL,TSS,Outflow,40
3.0,-1290174122_FL,TSS,Outflow,40
1.0,-1290174122_FL,TSS,Outflow,40
5.0,-1290174122_FL,TSS,Outflow,40
3.0,-1290174122_FL,TSS,Outflow,41
12.10000038146973,-1290174122_FL,TSS,Outflow,41
5.0,-1290174122_FL,TSS,Outflow,41
23.0,-1290174122_FL,TSS,Outflow,41
3.0,-1290174122_FL,TSS,Outflow,41
15.0,-1290174122_FL,TSS,Outflow,42
5.300000190734863,-1290174122_FL,TSS,Outflow,42
16.0,-1290174122_FL,TSS,Outflow,42
8.0,-1290174122_FL,TSS,Outflow,42
2.0,-1290174122_FL,TSS,Outflow,42
5.099999904632568,-1290174122_FL,TSS,Outflow,43
4.0,-1290174122_FL,TSS,Outflow,43
6.0,-1290174122_FL,TSS,Outflow,43
3.0,-1290174122_FL,TSS,Outflow,43
15.89999961853027,-1290174122_FL,TSS,Outflow,43
10.5,-1290174122_FL,TSS,Outflow,44
9.100000381469727,-1290174122_FL,TSS,Outflow,44
3.0,-1290174122_FL,TSS,Outflow,44
9.600000381469727,-1290174122_FL,TSS,Outflow,44
11.0,-1290174122_FL,TSS,Outflow,44
15.0,-1290174122_FL,TSS,Outflow,45
4.0,-1290174122_FL,TSS,Outflow,45
11.0,-1290174122_FL,TSS,Outflow,45
7.099999904632568,-1290174122_FL,TSS,Outflow,45
3.0,-1290174122_FL,TSS,Outflow,45
12.5,-1290174122_FL,TSS,Outflow,46
1.0,-1290174122_FL,TSS,Outflow,46
5.0,-1290174122_FL,TSS,Outflow,46
3.0,-1290174122_FL,TSS,Outflow,46
4.0,-1290174122_FL,TSS,Outflow,46
47.0,-1290174122_FL,TSS,Outflow,47
8.0,-1290174122_FL,TSS,Outflow,47
3.0,-1290174122_FL,TSS,Outflow,47
5.0,-1290174122_FL,TSS,Outflow,47
7.900000095367432,-1290174122_FL,TSS,Outflow,47
7.0,-1290174122_FL,TSS,Outflow,48
29.39999961853027,-1290174122_FL,TSS,Outflow,48
3.0,-1290174122_FL,TSS,Outflow,48
6.0,-1290174122_FL,TSS,Outflow,48
2.0,-1290174122_FL,TSS,Outflow,48
11.0,-1290174122_FL,TSS,Outflow,49
29.39999961853027,-1290174122_FL,TSS,Outflow,49
8.0,-1290174122_FL,TSS,Outflow,49
2.0,-1290174122_FL,TSS,Outflow,49
19.0,-1290174122_FL,TSS,Outflow,49
20.70000076293945,-1290174122_FL,TSS,Outflow,50
3.0,-1290174122_FL,TSS,Outflow,50
10.69999980926514,-1290174122_FL,TSS,Outflow,50
4.0,-1290174122_FL,TSS,Outflow,50
23.0,-1290174122_FL,TSS,Outflow,50
3.0,-1290174122_FL,TSS,Outflow,51
30.79999923706055,-1290174122_FL,TSS,Outflow,51
4.0,-1290174122_FL,TSS,Outflow,51
3.0,-1290174122_FL,TSS,Outflow,51
3.0,-1290174122_FL,TSS,Outflow,51
10.0,-1290174122_FL,TSS,Outflow,52
5.300000190734863,-1290174122_FL,TSS,Outflow,52
1.0,-1290174122_FL,TSS,Outflow,52
3.0,-1290174122_FL,TSS,Outflow,52
3.0,-1290174122_FL,TSS,Outflow,52
19.0,-1290174122_FL,TSS,Outflow,53
3.0,-1290174122_FL,TSS,Outflow,53
6.0,-1290174122_FL,TSS,Outflow,53
5.0,-1290174122_FL,TSS,Outflow,53
3.0,-1290174122_FL,TSS,Outflow,53
5.0,-1290174122_FL,TSS,Outflow,54
7.300000190734863,-1290174122_FL,TSS,Outflow,54
6.0,-1290174122_FL,TSS,Outflow,54
9.699999809265137,-1290174122_FL,TSS,Outflow,54
13.69999980926514,-1290174122_FL,TSS,Outflow,54
9.699999809265137,-1290174122_FL,TSS,Outflow,55
10.69999980926514,-1290174122_FL,TSS,Outflow,55
13.69999980926514,-1290174122_FL,TSS,Outflow,55
15.0,-1290174122_FL,TSS,Outflow,55
1.0,-1290174122_FL,TSS,Outflow,55
4.0,-1290174122_FL,TSS,Outflow,56
3.0,-1290174122_FL,TSS,Outflow,56
5.699999809265137,-1290174122_FL,TSS,Outflow,56
15.89999961853027,-1290174122_FL,TSS,Outflow,56
5.0,-1290174122_FL,TSS,Outflow,56
7.300000190734863,-1290174122_FL,TSS,Outflow,57
19.0,-1290174122_FL,TSS,Outflow,57
3.0,-1290174122_FL,TSS,Outflow,57
15.0,-1290174122_FL,TSS,Outflow,57
5.0,-1290174122_FL,TSS,Outflow,57
16.60000038146973,-1290174122_FL,TSS,Outflow,58
3.0,-1290174122_FL,TSS,Outflow,58
47.0,-1290174122_FL,TSS,Outflow,58
11.0,-1290174122_FL,TSS,Outflow,58
9.0,-1290174122_FL,TSS,Outflow,58
5.0,-1290174122_FL,TSS,Outflow,59
7.900000095367432,-1290174122_FL,TSS,Outflow,59
5.0,-1290174122_FL,TSS,Outflow,59
7.099999904632568,-1290174122_FL,TSS,Outflow,59
7.599999904632568,-1290174122_FL,TSS,Outflow,59
1.0,-1290174122_FL,TSS,Outflow,60
2.0,-1290174122_FL,TSS,Outflow,60
3.0,-1290174122_FL,TSS,Outflow,60
12.10000038146973,-1290174122_FL,TSS,Outflow,60
3.0,-1290174122_FL,TSS,Outflow,60
30.79999923706055,-1290174122_FL,TSS,Outflow,61
4.0,-1290174122_FL,TSS,Outflow,61
8.0,-1290174122_FL,TSS,Outflow,61
10.0,-1290174122_FL,TSS,Outflow,61
3.0,-1290174122_FL,TSS,Outflow,61
10.69999980926514,-1290174122_FL,TSS,Outflow,62
7.0,-1290174122_FL,TSS,Outflow,62
5.699999809265137,-1290174122_FL,TSS,Outflow,62
47.0,-1290174122_FL,TSS,Outflow,62
11.0,-1290174122_FL,TSS,Outflow,62
2.0,-1290174122_FL,TSS,Outflow,63
3.0,-1290174122_FL,TSS,Outflow,63
47.0,-1290174122_FL,TSS,Outflow,63
6.0,-1290174122_FL,TSS,Outflow,63
16.0,-1290174122_FL,TSS,Outflow,63
12.5,-1290174122_FL,TSS,Outflow,64
9.600000381469727,-1290174122_FL,TSS,Outflow,64
3.0,-1290174122_FL,TSS,Outflow,64
20.29999923706055,-1290174122_FL,TSS,Outflow,64
8.0,-1290174122_FL,TSS,Outflow,64
5.0,-1290174122_FL,TSS,Outflow,65
3.0,-1290174122_FL,TSS,Outflow,65
12.5,-1290174122_FL,TSS,Outflow,65
3.0,-1290174122_FL,TSS,Outflow,65
5.0,-1290174122_FL,TSS,Outflow,65
2.0,-1290174122_FL,TSS,Outflow,66
5.0,-1290174122_FL,TSS,Outflow,66
3.0,-1290174122_FL,TSS,Outflow,66
13.69999980926514,-1290174122_FL,TSS,Outflow,66
7.5,-1290174122_FL,TSS,Outflow,66
4.0,-1290174122_FL,TSS,Outflow,67
3.0,-1290174122_FL,TSS,Outflow,67
4.0,-1290174122_FL,TSS,Outflow,67
3.0,-1290174122_FL,TSS,Outflow,67
5.099999904632568,-1290174122_FL,TSS,Outflow,67
9.600000381469727,-1290174122_FL,TSS,Outflow,68
2.0,-1290174122_FL,TSS,Outflow,68
16.0,-1290174122_FL,TSS,Outflow,68
0.02999999932944775,-1290174122_FL,TSS,Outflow,68
3.0,-1290174122_FL,TSS,Outflow,68
16.5,-1290174122_FL,TSS,Outflow,69
12.5,-1290174122_FL,TSS,Outflow,69
29.39999961853027,-1290174122_FL,TSS,Outflow,69
2.0,-1290174122_FL,TSS,Outflow,69
4.0,-1290174122_FL,TSS,Outflow,69
12.5,-1290174122_FL,TSS,Outflow,70
3.0,-1290174122_FL,TSS,Outflow,70
4.0,-1290174122_FL,TSS,Outflow,70
19.0,-1290174122_FL,TSS,Outflow,70
10.5,-1290174122_FL,TSS,Outflow,70
49.29999923706055,-1290174122_FL,TSS,Outflow,71
3.0,-1290174122_FL,TSS,Outflow,71
7.599999904632568,-1290174122_FL,TSS,Outflow,71
3.0,-1290174122_FL,TSS,Outflow,71
2.0,-1290174122_FL,TSS,Outflow,71
16.0,-1290174122_FL,TSS,Outflow,72
49.29999923706055,-1290174122_FL,TSS,Outflow,72
4.0,-1290174122_FL,TSS,Outflow,72
5.0,-1290174122_FL,TSS,Outflow,72
12.39999961853027,-1290174122_FL,TSS,Outflow,72
9.100000381469727,-1290174122_FL,TSS,Outflow,73
5.0,-1290174122_FL,TSS,Outflow,73
8.0,-1290174122_FL,TSS,Outflow,73
3.0,-1290174122_FL,TSS,Outflow,73
30.79999923706055,-1290174122_FL,TSS,Outflow,73
19.0,-1290174122_FL,TSS,Outflow,74
29.39999961853027,-1290174122_FL,TSS,Outflow,74
1.0,-1290174122_FL,TSS,Outflow,74
8.0,-1290174122_FL,TSS,Outflow,74
6.0,-1290174122_FL,TSS,Outflow,74
11.5,-1290174122_FL,TSS,Outflow,75
2.0,-1290174122_FL,TSS,Outflow,75
5.699999809265137,-1290174122_FL,TSS,Outflow,75
5.0,-1290174122_FL,TSS,Outflow,75
1.0,-1290174122_FL,TSS,Outflow,75
7.5,-1290174122_FL,TSS,Outflow,76
5.0,-1290174122_FL,TSS,Outflow,76
3.0,-1290174122_FL,TSS,Outflow,76
3.0,-1290174122_FL,TSS,Outflow,76
2.0,-1290174122_FL,TSS,Outflow,76
28.0,-1290174122_FL,TSS,Outflow,77
7.0,-1290174122_FL,TSS,Outflow,77
15.0,-1290174122_FL,TSS,Outflow,77
7.099999904632568,-1290174122_FL,TSS,Outflow,77
3.0,-1290174122_FL,TSS,Outflow,77
7.5,-1290174122_FL,TSS,Outflow,78
10.5,-1290174122_FL,TSS,Outflow,78
9.899999618530273,-1290174122_FL,TSS,Outflow,78
28.0,-1290174122_FL,TSS,Outflow,78
47.0,-1290174122_FL,TSS,Outflow,78
12.39999961853027,-1290174122_FL,TSS,Outflow,79
10.0,-1290174122_FL,TSS,Outflow,79
47.0,-1290174122_FL,TSS,Outflow,79
7.0,-1290174122_FL,TSS,Outflow,79
7.5,-1290174122_FL,TSS,Outflow,79
2.0,-1290174122_FL,TSS,Outflow,80
3.0,-1290174122_FL,TSS,Outflow,80
9.899999618530273,-1290174122_FL,TSS,Outflow,80
7.900000095367432,-1290174122_FL,TSS,Outflow,80
10.69999980926514,-1290174122_FL,TSS,Outflow,80
2.0,-1290174122_FL,TSS,Outflow,81
3.0,-1290174122_FL,TSS,Outflow,81
9.899999618530273,-1290174122_FL,TSS,Outflow,81
3.0,-1290174122_FL,TSS,Outflow,81
3.0,-1290174122_FL,TSS,Outflow,81
12.5,-1290174122_FL,TSS,Outflow,82
3.0,-1290174122_FL,TSS,Outflow,82
3.0,-1290174122_FL,TSS,Outflow,82
49.29999923706055,-1290174122_FL,TSS,Outflow,82
30.79999923706055,-1290174122_FL,TSS,Outflow,82
3.0,-1290174122_FL,TSS,Outflow,83
11.0,-1290174122_FL,TSS,Outflow,83
2.0,-1290174122_FL,TSS,Outflow,83
30.79999923706055,-1290174122_FL,TSS,Outflow,83
16.5,-1290174122_FL,TSS,Outflow,83
5.0,-1290174122_FL,TSS,Outflow,84
10.0,-1290174122_FL,TSS,Outflow,84
9.0,-1290174122_FL,TSS,Outflow,84
3.0,-1290174122_FL,TSS,Outflow,84
8.0,-1290174122_FL,TSS,Outflow,84
3.0,-1290174122_FL,TSS,Outflow,85
5.0,-1290174122_FL,TSS,Outflow,85
5.099999904632568,-1290174122_FL,TSS,Outflow,85
11.5,-1290174122_FL,TSS,Outflow,85
3.0,-1290174122_FL,TSS,Outflow,85
3.0,-1290174122_FL,TSS,Outflow,86
0.02999999932944775,-1290174122_FL,TSS,Outflow,86
20.29999923706055,-1290174122_FL,TSS,Outflow,86
15.0,-1290174122_FL,TSS,Outflow,86
11.0,-1290174122_FL,TSS,Outflow,86
1.0,-1290174122_FL,TSS,Outflow,87
9.0,-1290174122_FL,TSS,Outflow,87
7.0,-1290174122_FL,TSS,Outflow,87
47.0,-1290174122_FL,TSS,Outflow,87
3.0,-1290174122_FL,TSS,Outflow,87
7.0,-1290174122_FL,TSS,Outflow,88
3.0,-1290174122_FL,TSS,Outflow,88
8.0,-1290174122_FL,TSS,Outflow,88
1.0,-1290174122_FL,TSS,Outflow,88
23.0,-1290174122_FL,TSS,Outflow,88
5.0,-1290174122_FL,TSS,Outflow,89
3.0,-1290174122_FL,TSS,Outflow,89
15.0,-1290174122_FL,TSS,Outflow,89
49.29999923706055,-1290174122_FL,TSS,Outflow,89
10.0,-1290174122_FL,TSS,Outflow,89
5.099999904632568,-1290174122_FL,TSS,Outflow,90
12.10000038146973,-1290174122_FL,TSS,Outflow,90
3.0,-1290174122_FL,TSS,Outflow,90
3.0,-1290174122_FL,TSS,Outflow,90
3.0,-1290174122_FL,TSS,Outflow,90
9.899999618530273,-1290174122_FL,TSS,Outflow,91
7.900000095367432,-1290174122_FL,TSS,Outflow,91
29.39999961853027,-1290174122_FL,TSS,Outflow,91
2.0,-1290174122_FL,TSS,Outflow,91
2.0,-1290174122_FL,TSS,Outflow,91
3.0,-1290174122_FL,TSS,Outflow,92
4.0,-1290174122_FL,TSS,Outflow,92
8.0,-1290174122_FL,TSS,Outflow,92
3.0,-1290174122_FL,TSS,Outflow,92
23.0,-1290174122_FL,TSS,Outflow,92
2.0,-1290174122_FL,TSS,Outflow,93
10.0,-1290174122_FL,TSS,Outflow,93
5.0,-1290174122_FL,TSS,Outflow,93
12.39999961853027,-1290174122_FL,TSS,Outflow,93
20.70000076293945,-1290174122_FL,TSS,Outflow,93
2.0,-1290174122_FL,TSS,Outflow,94
12.39999961853027,-1290174122_FL,TSS,Outflow,94
10.5,-1290174122_FL,TSS,Outflow,94
2.0,-1290174122_FL,TSS,Outflow,94
3.0,-1290174122_FL,TSS,Outflow,94
3.0,-1290174122_FL,TSS,Outflow,95
3.0,-1290174122_FL,TSS,Outflow,95
10.0,-1290174122_FL,TSS,Outflow,95
12.10000038146973,-1290174122_FL,TSS,Outflow,95
3.0,-1290174122_FL,TSS,Outflow,95
0.02999999932944775,-1290174122_FL,TSS,Outflow,96
15.0,-1290174122_FL,TSS,Outflow,96
3.0,-1290174122_FL,TSS,Outflow,96
16.70000076293945,-1290174122_FL,TSS,Outflow,96
10.5,-1290174122_FL,TSS,Outflow,96
3.0,-1290174122_FL,TSS,Outflow,97
9.699999809265137,-1290174122_FL,TSS,Outflow,97
8.0,-1290174122_FL,TSS,Outflow,97
29.39999961853027,-1290174122_FL,TSS,Outflow,97
16.0,-1290174122_FL,TSS,Outflow,97
7.0,-1290174122_FL,TSS,Outflow,98
5.0,-1290174122_FL,TSS,Outflow,98
10.5,-1290174122_FL,TSS,Outflow,98
3.0,-1290174122_FL,TSS,Outflow,98
3.0,-1290174122_FL,TSS,Outflow,98
3.0,-1290174122_FL,TSS,Outflow,99
3.0,-1290174122_FL,TSS,Outflow,99
3.0,-1290174122_FL,TSS,Outflow,99
16.5,-1290174122_FL,TSS,Outflow,99
10.0,-1290174122_FL,TSS,Outflow,99
16.60000038146973,-1290174122_FL,TSS,Outflow,100
13.69999980926514,-1290174122_FL,TSS,Outflow,100
11.0,-1290174122_FL,TSS,Outflow,100
8.0,-1290174122_FL,TSS,Outflow,100
20.29999923706055,-1290174122_FL,TSS,Outflow,100
10.0,-1290174122_FL,TSS,Outflow,101
1.0,-1290174122_FL,TSS,Outflow,101
5.0,-1290174122_FL,TSS,Outflow,101
8.0,-1290174122_FL,TSS,Outflow,101
7.0,-1290174122_FL,TSS,Outflow,101
4.0,-1290174122_FL,TSS,Outflow,102
3.0,-1290174122_FL,TSS,Outflow,102
3.0,-1290174122_FL,TSS,Outflow,102
5.0,-1290174122_FL,TSS,Outflow,102
7.0,-1290174122_FL,TSS,Outflow,102
3.0,-1290174122_FL,TSS,Outflow,103
6.0,-1290174122_FL,TSS,Outflow,103
3.0,-1290174122_FL,TSS,Outflow,103
16.5,-1290174122_FL,TSS,Outflow,103
15.89999961853027,-1290174122_FL,TSS,Outflow,103
5.0,-1290174122_FL,TSS,Outflow,104
16.0,-1290174122_FL,TSS,Outflow,104
10.69999980926514,-1290174122_FL,TSS,Outflow,104
2.0,-1290174122_FL,TSS,Outflow,104
9.699999809265137,-1290174122_FL,TSS,Outflow,104
11.5,-1290174122_FL,TSS,Outflow,105
8.0,-1290174122_FL,TSS,Outflow,105
3.0,-1290174122_FL,TSS,Outflow,105
3.0,-1290174122_FL,TSS,Outflow,105
3.0,-1290174122_FL,TSS,Outflow,105
2.0,-1290174122_FL,TSS,Outflow,106
9.100000381469727,-1290174122_FL,TSS,Outflow,106
16.70000076293945,-1290174122_FL,TSS,Outflow,106
1.0,-1290174122_FL,TSS,Outflow,106
5.099999904632568,-1290174122_FL,TSS,Outflow,106
20.70000076293945,-1290174122_FL,TSS,Outflow,107
3.0,-1290174122_FL,TSS,Outflow,107
2.0,-1290174122_FL,TSS,Outflow,107
3.0,-1290174122_FL,TSS,Outflow,107
49.29999923706055,-1290174122_FL,TSS,Outflow,107
9.699999809265137,-1290174122_FL,TSS,Outflow,108
6.0,-1290174122_FL,TSS,Outflow,108
3.0,-1290174122_FL,TSS,Outflow,108
9.899999618530273,-1290174122_FL,TSS,Outflow,108
2.0,-1290174122_FL,TSS,Outflow,108
8.0,-1290174122_FL,TSS,Outflow,109
3.0,-1290174122_FL,TSS,Outflow,109
16.0,-1290174122_FL,TSS,Outflow,109
3.0,-1290174122_FL,TSS,Outflow,109
3.0,-1290174122_FL,TSS,Outflow,109
19.0,-1290174122_FL,TSS,Outflow,110
5.0,-1290174122_FL,TSS,Outflow,110
3.0,-1290174122_FL,TSS,Outflow,110
7.599999904632568,-1290174122_FL,TSS,Outflow,110
8.0,-1290174122_FL,TSS,Outflow,110
4.0,-1290174122_FL,TSS,Outflow,111
28.0,-1290174122_FL,TSS,Outflow,111
49.29999923706055,-1290174122_FL,TSS,Outflow,111
2.0,-1290174122_FL,TSS,Outflow,111
9.0,-1290174122_FL,TSS,Outflow,111
8.0,-1290174122_FL,TSS,Outflow,112
20.70000076293945,-1290174122_FL,TSS,Outflow,112
19.0,-1290174122_FL,TSS,Outflow,112
49.29999923706055,-1290174122_FL,TSS,Outflow,112
7.099999904632568,-1290174122_FL,TSS,Outflow,112
19.0,-1290174122_FL,TSS,Outflow,113
15.89999961853027,-1290174122_FL,TSS,Outflow,113
0.02999999932944775,-1290174122_FL,TSS,Outflow,113
16.0,-1290174122_FL,TSS,Outflow,113
3.0,-1290174122_FL,TSS,Outflow,113
10.0,-1290174122_FL,TSS,Outflow,114
5.699999809265137,-1290174122_FL,TSS,Outflow,114
8.0,-1290174122_FL,TSS,Outflow,114
2.0,-1290174122_FL,TSS,Outflow,114
49.29999923706055,-1290174122_FL,TSS,Outflow,114
3.0,-1290174122_FL,TSS,Outflow,115
19.0,-1290174122_FL,TSS,Outflow,115
16.5,-1290174122_FL,TSS,Outflow,115
8.0,-1290174122_FL,TSS,Outflow,115
7.0,-1290174122_FL,TSS,Outflow,115
5.300000190734863,-1290174122_FL,TSS,Outflow,116
1.0,-1290174122_FL,TSS,Outflow,116
12.5,-1290174122_FL,TSS,Outflow,116
12.39999961853027,-1290174122_FL,TSS,Outflow,116
5.699999809265137,-1290174122_FL,TSS,Outflow,116
23.0,-1290174122_FL,TSS,Outflow,117
5.0,-1290174122_FL,TSS,Outflow,117
1.0,-1290174122_FL,TSS,Outflow,117
16.0,-1290174122_FL,TSS,Outflow,117
3.0,-1290174122_FL,TSS,Outflow,117
2.0,-1290174122_FL,TSS,Outflow,118
11.5,-1290174122_FL,TSS,Outflow,118
9.699999809265137,-1290174122_FL,TSS,Outflow,118
3.0,-1290174122_FL,TSS,Outflow,118
3.0,-1290174122_FL,TSS,Outflow,118
15.0,-1290174122_FL,TSS,Outflow,119
11.0,-1290174122_FL,TSS,Outflow,119
0.02999999932944775,-1290174122_FL,TSS,Outflow,119
8.0,-1290174122_FL,TSS,Outflow,119
9.699999809265137,-1290174122_FL,TSS,Outflow,119
5.099999904632568,-1290174122_FL,TSS,Outflow,120
4.0,-1290174122_FL,TSS,Outflow,120
3.0,-1290174122_FL,TSS,Outflow,120
16.0,-1290174122_FL,TSS,Outflow,120
5.300000190734863,-1290174122_FL,TSS,Outflow,120
6.0,-1290174122_FL,TSS,Outflow,121
8.0,-1290174122_FL,TSS,Outflow,121
47.0,-1290174122_FL,TSS,Outflow,121
8.0,-1290174122_FL,TSS,Outflow,121
16.70000076293945,-1290174122_FL,TSS,Outflow,121
5.0,-1290174122_FL,TSS,Outflow,122
16.0,-1290174122_FL,TSS,Outflow,122
3.0,-1290174122_FL,TSS,Outflow,122
11.5,-1290174122_FL,TSS,Outflow,122
3.0,-1290174122_FL,TSS,Outflow,122
4.0,-1290174122_FL,TSS,Outflow,123
1.0,-1290174122_FL,TSS,Outflow,123
7.5,-1290174122_FL,TSS,Outflow,123
8.0,-1290174122_FL,TSS,Outflow,123
28.0,-1290174122_FL,TSS,Outflow,123
5.0,-1290174122_FL,TSS,Outflow,124
0.02999999932944775,-1290174122_FL,TSS,Outflow,124
3.0,-1290174122_FL,TSS,Outflow,124
12.10000038146973,-1290174122_FL,TSS,Outflow,124
11.0,-1290174122_FL,TSS,Outflow,124
5.0,-1290174122_FL,TSS,Outflow,125
8.0,-1290174122_FL,TSS,Outflow,125
9.600000381469727,-1290174122_FL,TSS,Outflow,125
5.699999809265137,-1290174122_FL,TSS,Outflow,125
3.0,-1290174122_FL,TSS,Outflow,125
12.5,-1290174122_FL,TSS,Outflow,126
6.0,-1290174122_FL,TSS,Outflow,126
29.39999961853027,-1290174122_FL,TSS,Outflow,126
8.0,-1290174122_FL,TSS,Outflow,126
2.0,-1290174122_FL,TSS,Outflow,126
3.0,-1290174122_FL,TSS,Outflow,127
7.5,-1290174122_FL,TSS,Outflow,127
3.0,-1290174122_FL,TSS,Outflow,127
16.0,-1290174122_FL,TSS,Outflow,127
8.0,-1290174122_FL,TSS,Outflow,127
10.0,-1290174122_FL,TSS,Outflow,128
4.0,-1290174122_FL,TSS,Outflow,128
10.5,-1290174122_FL,TSS,Outflow,128
49.29999923706055,-1290174122_FL,TSS,Outflow,128
4.0,-1290174122_FL,TSS,Outflow,128
47.0,-1290174122_FL,TSS,Outflow,129
11.0,-1290174122_FL,TSS,Outflow,129
16.70000076293945,-1290174122_FL,TSS,Outflow,129
6.0,-1290174122_FL,TSS,Outflow,129
9.899999618530273,-1290174122_FL,TSS,Outflow,129
47.0,-1290174122_FL,TSS,Outflow,130
5.300000190734863,-1290174122_FL,TSS,Outflow,130
10.69999980926514,-1290174122_FL,TSS,Outflow,130
5.0,-1290174122_FL,TSS,Outflow,130
7.099999904632568,-1290174122_FL,TSS,Outflow,130
5.699999809265137,-1290174122_FL,TSS,Outflow,131
5.0,-1290174122_FL,TSS,Outflow,131
0.02999999932944775,-1290174122_FL,TSS,Outflow,131
3.0,-1290174122_FL,TSS,Outflow,131
9.899999618530273,-1290174122_FL,TSS,Outflow,131
11.0,-1290174122_FL,TSS,Outflow,132
10.0,-1290174122_FL,TSS,Outflow,132
23.0,-1290174122_FL,TSS,Outflow,132
7.0,-1290174122_FL,TSS,Outflow,132
4.0,-1290174122_FL,TSS,Outflow,132
3.0,-1290174122_FL,TSS,Outflow,133
16.60000038146973,-1290174122_FL,TSS,Outflow,133
9.899999618530273,-1290174122_FL,TSS,Outflow,133
3.0,-1290174122_FL,TSS,Outflow,133
15.0,-1290174122_FL,TSS,Outflow,133
3.0,-1290174122_FL,TSS,Outflow,134
5.300000190734863,-1290174122_FL,TSS,Outflow,134
5.0,-1290174122_FL,TSS,Outflow,134
19.0,-1290174122_FL,TSS,Outflow,134
4.0,-1290174122_FL,TSS,Outflow,134
28.0,-1290174122_FL,TSS,Outflow,135
3.0,-1290174122_FL,TSS,Outflow,135
4.0,-1290174122_FL,TSS,Outflow,135
7.0,-1290174122_FL,TSS,Outflow,135
3.0,-1290174122_FL,TSS,Outflow,135
11.5,-1290174122_FL,TSS,Outflow,136
20.70000076293945,-1290174122_FL,TSS,Outflow,136
5.0,-1290174122_FL,TSS,Outflow,136
7.0,-1290174122_FL,TSS,Outflow,136
23.0,-1290174122_FL,TSS,Outflow,136
3.0,-1290174122_FL,TSS,Outflow,137
7.300000190734863,-1290174122_FL,TSS,Outflow,137
3.0,-1290174122_FL,TSS,Outflow,137
49.29999923706055,-1290174122_FL,TSS,Outflow,137
11.5,-1290174122_FL,TSS,Outflow,137
3.0,-1290174122_FL,TSS,Outflow,138
20.29999923706055,-1290174122_FL,TSS,Outflow,138
7.0,-1290174122_FL,TSS,Outflow,138
12.10000038146973,-1290174122_FL,TSS,Outflow,138
29.39999961853027,-1290174122_FL,TSS,Outflow,138
3.0,-1290174122_FL,TSS,Outflow,139
10.0,-1290174122_FL,TSS,Outflow,139
2.0,-1290174122_FL,TSS,Outflow,139
7.0,-1290174122_FL,TSS,Outflow,139
29.39999961853027,-1290174122_FL,TSS,Outflow,139
2.0,-1290174122_FL,TSS,Outflow,140
10.69999980926514,-1290174122_FL,TSS,Outflow,140
13.69999980926514,-1290174122_FL,TSS,Outflow,140
5.300000190734863,-1290174122_FL,TSS,Outflow,140
6.0,-1290174122_FL,TSS,Outflow,140
3.0,-1290174122_FL,TSS,Outflow,141
3.0,-1290174122_FL,TSS,Outflow,141
1.0,-1290174122_FL,TSS,Outflow,141
3.0,-1290174122_FL,TSS,Outflow,141
20.70000076293945,-1290174122_FL,TSS,Outflow,141
0.02999999932944775,-1290174122_FL,TSS,Outflow,142
5.699999809265137,-1290174122_FL,TSS,Outflow,142
15.0,-1290174122_FL,TSS,Outflow,142
2.0,-1290174122_FL,TSS,Outflow,142
16.0,-1290174122_FL,TSS,Outflow,142
12.10000038146973,-1290174122_FL,TSS,Outflow,143
6.0,-1290174122_FL,TSS,Outflow,143
2.0,-1290174122_FL,TSS,Outflow,143
3.0,-1290174122_FL,TSS,Outflow,143
16.5,-1290174122_FL,TSS,Outflow,143
5.0,-1290174122_FL,TSS,Outflow,144
5.0,-1290174122_FL,TSS,Outflow,144
7.099999904632568,-1290174122_FL,TSS,Outflow,144
8.0,-1290174122_FL,TSS,Outflow,144
9.699999809265137,-1290174122_FL,TSS,Outflow,144
3.0,-1290174122_FL,TSS,Outflow,145
5.0,-1290174122_FL,TSS,Outflow,145
8.0,-1290174122_FL,TSS,Outflow,145
2.0,-1290174122_FL,TSS,Outflow,145
19.0,-1290174122_FL,TSS,Outflow,145
5.300000190734863,-1290174122_FL,TSS,Outflow,146
3.0,-1290174122_FL,TSS,Outflow,146
1.0,-1290174122_FL,TSS,Outflow,146
1.0,-1290174122_FL,TSS,Outflow,146
10.0,-1290174122_FL,TSS,Outflow,146
2.0,-1290174122_FL,TSS,Outflow,147
5.0,-1290174122_FL,TSS,Outflow,147
5.0,-1290174122_FL,TSS,Outflow,147
5.699999809265137,-1290174122_FL,TSS,Outflow,147
12.5,-1290174122_FL,TSS,Outflow,147
13.69999980926514,-1290174122_FL,TSS,Outflow,148
12.5,-1290174122_FL,TSS,Outflow,148
7.0,-1290174122_FL,TSS,Outflow,148
9.0,-1290174122_FL,TSS,Outflow,148
8.0,-1290174122_FL,TSS,Outflow,148
28.0,-1290174122_FL,TSS,Outflow,149
4.0,-1290174122_FL,TSS,Outflow,149
5.699999809265137,-1290174122_FL,TSS,Outflow,149
9.899999618530273,-1290174122_FL,TSS,Outflow,149
4.0,-1290174122_FL,TSS,Outflow,149
4.0,-1290174122_FL,TSS,Outflow,150
7.099999904632568,-1290174122_FL,TSS,Outflow,150
12.10000038146973,-1290174122_FL,TSS,Outflow,150
13.69999980926514,-1290174122_FL,TSS,Outflow,150
16.5,-1290174122_FL,TSS,Outflow,150
8.0,-1290174122_FL,TSS,Outflow,151
8.0,-1290174122_FL,TSS,Outflow,151
9.699999809265137,-1290174122_FL,TSS,Outflow,151
3.0,-1290174122_FL,TSS,Outflow,151
13.69999980926514,-1290174122_FL,TSS,Outflow,151
12.5,-1290174122_FL,TSS,Outflow,152
6.0,-1290174122_FL,TSS,Outflow,152
19.0,-1290174122_FL,TSS,Outflow,152
10.0,-1290174122_FL,TSS,Outflow,152
2.0,-1290174122_FL,TSS,Outflow,152
8.0,-1290174122_FL,TSS,Outflow,153
28.0,-1290174122_FL,TSS,Outflow,153
2.0,-1290174122_FL,TSS,Outflow,153
7.099999904632568,-1290174122_FL,TSS,Outflow,153
29.39999961853027,-1290174122_FL,TSS,Outflow,153
3.0,-1290174122_FL,TSS,Outflow,154
12.10000038146973,-1290174122_FL,TSS,Outflow,154
7.099999904632568,-1290174122_FL,TSS,Outflow,154
3.0,-1290174122_FL,TSS,Outflow,154
5.699999809265137,-1290174122_FL,TSS,Outflow,154
9.0,-1290174122_FL,TSS,Outflow,155
9.899999618530273,-1290174122_FL,TSS,Outflow,155
12.39999961853027,-1290174122_FL,TSS,Outflow,155
2.0,-1290174122_FL,TSS,Outflow,155
16.0,-1290174122_FL,TSS,Outflow,155
12.10000038146973,-1290174122_FL,TSS,Outflow,156
5.0,-1290174122_FL,TSS,Outflow,156
10.69999980926514,-1290174122_FL,TSS,Outflow,156
3.0,-1290174122_FL,TSS,Outflow,156
12.39999961853027,-1290174122_FL,TSS,Outflow,156
3.0,-1290174122_FL,TSS,Outflow,157
1.0,-1290174122_FL,TSS,Outflow,157
12.5,-1290174122_FL,TSS,Outflow,157
16.0,-1290174122_FL,TSS,Outflow,157
3.0,-1290174122_FL,TSS,Outflow,157
8.0,-1290174122_FL,TSS,Outflow,158
3.0,-1290174122_FL,TSS,Outflow,158
10.5,-1290174122_FL,TSS,Outflow,158
16.70000076293945,-1290174122_FL,TSS,Outflow,158
4.0,-1290174122_FL,TSS,Outflow,158
3.0,-1290174122_FL,TSS,Outflow,159
7.900000095367432,-1290174122_FL,TSS,Outflow,159
3.0,-1290174122_FL,TSS,Outflow,159
3.0,-1290174122_FL,TSS,Outflow,159
16.60000038146973,-1290174122_FL,TSS,Outflow,159
30.79999923706055,-1290174122_FL,TSS,Outflow,160
13.69999980926514,-1290174122_FL,TSS,Outflow,160
5.099999904632568,-1290174122_FL,TSS,Outflow,160
6.0,-1290174122_FL,TSS,Outflow,160
9.5,-1290174122_FL,TSS,Outflow,160
19.0,-1290174122_FL,TSS,Outflow,161
3.0,-1290174122_FL,TSS,Outflow,161
6.0,-1290174122_FL,TSS,Outflow,161
16.5,-1290174122_FL,TSS,Outflow,161
12.39999961853027,-1290174122_FL,TSS,Outflow,161
3.0,-1290174122_FL,TSS,Outflow,162
11.0,-1290174122_FL,TSS,Outflow,162
7.5,-1290174122_FL,TSS,Outflow,162
7.099999904632568,-1290174122_FL,TSS,Outflow,162
7.900000095367432,-1290174122_FL,TSS,Outflow,162
28.0,-1290174122_FL,TSS,Outflow,163
8.0,-1290174122_FL,TSS,Outflow,163
6.0,-1290174122_FL,TSS,Outflow,163
16.5,-1290174122_FL,TSS,Outflow,163
47.0,-1290174122_FL,TSS,Outflow,163
28.0,-1290174122_FL,TSS,Outflow,164
30.79999923706055,-1290174122_FL,TSS,Outflow,164
9.100000381469727,-1290174122_FL,TSS,Outflow,164
3.0,-1290174122_FL,TSS,Outflow,164
2.0,-1290174122_FL,TSS,Outflow,164
5.0,-1290174122_FL,TSS,Outflow,165
10.0,-1290174122_FL,TSS,Outflow,165
3.0,-1290174122_FL,TSS,Outflow,165
2.0,-1290174122_FL,TSS,Outflow,165
7.099999904632568,-1290174122_FL,TSS,Outflow,165
16.60000038146973,-1290174122_FL,TSS,Outflow,166
7.099999904632568,-1290174122_FL,TSS,Outflow,166
20.29999923706055,-1290174122_FL,TSS,Outflow,166
9.899999618530273,-1290174122_FL,TSS,Outflow,166
6.0,-1290174122_FL,TSS,Outflow,166
20.29999923706055,-1290174122_FL,TSS,Outflow,167
3.0,-1290174122_FL,TSS,Outflow,167
7.599999904632568,-1290174122_FL,TSS,Outflow,167
3.0,-1290174122_FL,TSS,Outflow,167
6.0,-1290174122_FL,TSS,Outflow,167
16.0,-1290174122_FL,TSS,Outflow,168
20.70000076293945,-1290174122_FL,TSS,Outflow,168
5.0,-1290174122_FL,TSS,Outflow,168
6.0,-1290174122_FL,TSS,Outflow,168
9.0,-1290174122_FL,TSS,Outflow,168
2.0,-1290174122_FL,TSS,Outflow,169
9.699999809265137,-1290174122_FL,TSS,Outflow,169
47.0,-1290174122_FL,TSS,Outflow,169
3.0,-1290174122_FL,TSS,Outflow,169
3.0,-1290174122_FL,TSS,Outflow,169
29.39999961853027,-1290174122_FL,TSS,Outflow,170
3.0,-1290174122_FL,TSS,Outflow,170
11.5,-1290174122_FL,TSS,Outflow,170
3.0,-1290174122_FL,TSS,Outflow,170
7.0,-1290174122_FL,TSS,Outflow,170
10.69999980926514,-1290174122_FL,TSS,Outflow,171
3.0,-1290174122_FL,TSS,Outflow,171
3.0,-1290174122_FL,TSS,Outflow,171
8.0,-1290174122_FL,TSS,Outflow,171
11.0,-1290174122_FL,TSS,Outflow,171
4.0,-1290174122_FL,TSS,Outflow,172
3.0,-1290174122_FL,TSS,Outflow,172
3.0,-1290174122_FL,TSS,Outflow,172
12.10000038146973,-1290174122_FL,TSS,Outflow,172
16.5,-1290174122_FL,TSS,Outflow,172
2.0,-1290174122_FL,TSS,Outflow,173
9.699999809265137,-1290174122_FL,TSS,Outflow,173
16.5,-1290174122_FL,TSS,Outflow,173
7.0,-1290174122_FL,TSS,Outflow,173
47.0,-1290174122_FL,TSS,Outflow,173
2.0,-1290174122_FL,TSS,Outflow,174
16.0,-1290174122_FL,TSS,Outflow,174
1.0,-1290174122_FL,TSS,Outflow,174
3.0,-1290174122_FL,TSS,Outflow,174
12.10000038146973,-1290174122_FL,TSS,Outflow,174
12.5,-1290174122_FL,TSS,Outflow,175
16.5,-1290174122_FL,TSS,Outflow,175
9.600000381469727,-1290174122_FL,TSS,Outflow,175
3.0,-1290174122_FL,TSS,Outflow,175
7.099999904632568,-1290174122_FL,TSS,Outflow,175
29.39999961853027,-1290174122_FL,TSS,Outflow,176
20.29999923706055,-1290174122_FL,TSS,Outflow,176
12.5,-1290174122_FL,TSS,Outflow,176
15.89999961853027,-1290174122_FL,TSS,Outflow,176
19.0,-1290174122_FL,TSS,Outflow,176
15.0,-1290174122_FL,TSS,Outflow,177
3.0,-1290174122_FL,TSS,Outflow,177
3.0,-1290174122_FL,TSS,Outflow,177
5.0,-1290174122_FL,TSS,Outflow,177
2.0,-1290174122_FL,TSS,Outflow,177
20.70000076293945,-1290174122_FL,TSS,Outflow,178
2.0,-1290174122_FL,TSS,Outflow,178
16.60000038146973,-1290174122_FL,TSS,Outflow,178
3.0,-1290174122_FL,TSS,Outflow,178
16.0,-1290174122_FL,TSS,Outflow,178
7.300000190734863,-1290174122_FL,TSS,Outflow,179
19.0,-1290174122_FL,TSS,Outflow,179
15.0,-1290174122_FL,TSS,Outflow,179
5.0,-1290174122_FL,TSS,Outflow,179
8.0,-1290174122_FL,TSS,Outflow,179
3.0,-1290174122_FL,TSS,Outflow,180
5.0,-1290174122_FL,TSS,Outflow,180
5.0,-1290174122_FL,TSS,Outflow,180
5.099999904632568,-1290174122_FL,TSS,Outflow,180
11.0,-1290174122_FL,TSS,Outflow,180
8.0,-1290174122_FL,TSS,Outflow,181
7.0,-1290174122_FL,TSS,Outflow,181
10.0,-1290174122_FL,TSS,Outflow,181
7.300000190734863,-1290174122_FL,TSS,Outflow,181
5.0,-1290174122_FL,TSS,Outflow,181
7.0,-1290174122_FL,TSS,Outflow,182
2.0,-1290174122_FL,TSS,Outflow,182
10.0,-1290174122_FL,TSS,Outflow,182
3.0,-1290174122_FL,TSS,Outflow,182
5.0,-1290174122_FL,TSS,Outflow,182
13.69999980926514,-1290174122_FL,TSS,Outflow,183
47.0,-1290174122_FL,TSS,Outflow,183
11.0,-1290174122_FL,TSS,Outflow,183
16.60000038146973,-1290174122_FL,TSS,Outflow,183
4.0,-1290174122_FL,TSS,Outflow,183
11.5,-1290174122_FL,TSS,Outflow,184
5.0,-1290174122_FL,TSS,Outflow,184
4.0,-1290174122_FL,TSS,Outflow,184
3.0,-1290174122_FL,TSS,Outflow,184
23.0,-1290174122_FL,TSS,Outflow,184
10.69999980926514,-1290174122_FL,TSS,Outflow,185
29.39999961853027,-1290174122_FL,TSS,Outflow,185
3.0,-1290174122_FL,TSS,Outflow,185
4.0,-1290174122_FL,TSS,Outflow,185
3.0,-1290174122_FL,TSS,Outflow,185
5.0,-1290174122_FL,TSS,Outflow,186
2.0,-1290174122_FL,TSS,Outflow,186
19.0,-1290174122_FL,TSS,Outflow,186
19.0,-1290174122_FL,TSS,Outflow,186
5.300000190734863,-1290174122_FL,TSS,Outflow,186
9.100000381469727,-1290174122_FL,TSS,Outflow,187
3.0,-1290174122_FL,TSS,Outflow,187
12.5,-1290174122_FL,TSS,Outflow,187
12.10000038146973,-1290174122_FL,TSS,Outflow,187
2.0,-1290174122_FL,TSS,Outflow,187
6.0,-1290174122_FL,TSS,Outflow,188
9.699999809265137,-1290174122_FL,TSS,Outflow,188
3.0,-1290174122_FL,TSS,Outflow,188
7.300000190734863,-1290174122_FL,TSS,Outflow,188
9.899999618530273,-1290174122_FL,TSS,Outflow,188
7.900000095367432,-1290174122_FL,TSS,Outflow,189
3.0,-1290174122_FL,TSS,Outflow,189
3.0,-1290174122_FL,TSS,Outflow,189
3.0,-1290174122_FL,TSS,Outflow,189
6.0,-1290174122_FL,TSS,Outflow,189
12.10000038146973,-1290174122_FL,TSS,Outflow,190
6.0,-1290174122_FL,TSS,Outflow,190
19.0,-1290174122_FL,TSS,Outflow,190
4.0,-1290174122_FL,TSS,Outflow,190
23.0,-1290174122_FL,TSS,Outflow,190
4.0,-1290174122_FL,TSS,Outflow,191
5.0,-1290174122_FL,TSS,Outflow,191
3.0,-1290174122_FL,TSS,Outflow,191
3.0,-1290174122_FL,TSS,Outflow,191
23.0,-1290174122_FL,TSS,Outflow,191
3.0,-1290174122_FL,TSS,Outflow,192
5.0,-1290174122_FL,TSS,Outflow,192
10.69999980926514,-1290174122_FL,TSS,Outflow,192
13.69999980926514,-1290174122_FL,TSS,Outflow,192
3.0,-1290174122_FL,TSS,Outflow,192
5.0,-1290174122_FL,TSS,Outflow,193
5.099999904632568,-1290174122_FL,TSS,Outflow,193
3.0,-1290174122_FL,TSS,Outflow,193
3.0,-1290174122_FL,TSS,Outflow,193
16.0,-1290174122_FL,TSS,Outflow,193
5.0,-1290174122_FL,TSS,Outflow,194
5.300000190734863,-1290174122_FL,TSS,Outflow,194
3.0,-1290174122_FL,TSS,Outflow,194
3.0,-1290174122_FL,TSS,Outflow,194
9.899999618530273,-1290174122_FL,TSS,Outflow,194
5.0,-1290174122_FL,TSS,Outflow,195
9.899999618530273,-1290174122_FL,TSS,Outflow,195
15.0,-1290174122_FL,TSS,Outflow,195
3.0,-1290174122_FL,TSS,Outflow,195
16.70000076293945,-1290174122_FL,TSS,Outflow,195
9.699999809265137,-1290174122_FL,TSS,Outflow,196
3.0,-1290174122_FL,TSS,Outflow,196
4.0,-1290174122_FL,TSS,Outflow,196
16.60000038146973,-1290174122_FL,TSS,Outflow,196
3.0,-1290174122_FL,TSS,Outflow,196
3.0,-1290174122_FL,TSS,Outflow,197
15.0,-1290174122_FL,TSS,Outflow,197
7.0,-1290174122_FL,TSS,Outflow,197
10.0,-1290174122_FL,TSS,Outflow,197
2.0,-1290174122_FL,TSS,Outflow,197
19.0,-1290174122_FL,TSS,Outflow,198
5.0,-1290174122_FL,TSS,Outflow,198
3.0,-1290174122_FL,TSS,Outflow,198
13.69999980926514,-1290174122_FL,TSS,Outflow,198
5.0,-1290174122_FL,TSS,Outflow,198
1.0,-1290174122_FL,TSS,Outflow,199
19.0,-1290174122_FL,TSS,Outflow,199
5.0,-1290174122_FL,TSS,Outflow,199
8.0,-1290174122_FL,TSS,Outflow,199
3.0,-1290174122_FL,TSS,Outflow,199
3.0,-1290174122_FL,TSS,Outflow,200
12.10000038146973,-1290174122_FL,TSS,Outflow,200
3.0,-1290174122_FL,TSS,Outflow,200
3.0,-1290174122_FL,TSS,Outflow,200
7.099999904632568,-1290174122_FL,TSS,Outflow,200
3.0,-1290174122_FL,TSS,Outflow,201
3.0,-1290174122_FL,TSS,Outflow,201
4.0,-1290174122_FL,TSS,Outflow,201
11.0,-1290174122_FL,TSS,Outflow,201
3.0,-1290174122_FL,TSS,Outflow,201
16.0,-1290174122_FL,TSS,Outflow,202
6.0,-1290174122_FL,TSS,Outflow,202
0.02999999932944775,-1290174122_FL,TSS,Outflow,202
7.300000190734863,-1290174122_FL,TSS,Outflow,202
9.0,-1290174122_FL,TSS,Outflow,202
2.0,-1290174122_FL,TSS,Outflow,203
10.69999980926514,-1290174122_FL,TSS,Outflow,203
3.0,-1290174122_FL,TSS,Outflow,203
29.39999961853027,-1290174122_FL,TSS,Outflow,203
1.0,-1290174122_FL,TSS,Outflow,203
1.0,-1290174122_FL,TSS,Outflow,204
4.0,-1290174122_FL,TSS,Outflow,204
3.0,-1290174122_FL,TSS,Outflow,204
10.0,-1290174122_FL,TSS,Outflow,204
9.899999618530273,-1290174122_FL,TSS,Outflow,204
3.0,-1290174122_FL,TSS,Outflow,205
6.0,-1290174122_FL,TSS,Outflow,205
3.0,-1290174122_FL,TSS,Outflow,205
13.69999980926514,-1290174122_FL,TSS,Outflow,205
9.5,-1290174122_FL,TSS,Outflow,205
8.0,-1290174122_FL,TSS,Outflow,206
0.02999999932944775,-1290174122_FL,TSS,Outflow,206
5.0,-1290174122_FL,TSS,Outflow,206
20.29999923706055,-1290174122_FL,TSS,Outflow,206
7.099999904632568,-1290174122_FL,TSS,Outflow,206
20.29999923706055,-1290174122_FL,TSS,Outflow,207
13.69999980926514,-1290174122_FL,TSS,Outflow,207
16.5,-1290174122_FL,TSS,Outflow,207
29.39999961853027,-1290174122_FL,TSS,Outflow,207
9.5,-1290174122_FL,TSS,Outflow,207
10.0,-1290174122_FL,TSS,Outflow,208
6.0,-1290174122_FL,TSS,Outflow,208
5.0,-1290174122_FL,TSS,Outflow,208
11.0,-1290174122_FL,TSS,Outflow,208
4.0,-1290174122_FL,TSS,Outflow,208
2.0,-1290174122_FL,TSS,Outflow,209
7.5,-1290174122_FL,TSS,Outflow,209
15.89999961853027,-1290174122_FL,TSS,Outflow,209
7.0,-1290174122_FL,TSS,Outflow,209
3.0,-1290174122_FL,TSS,Outflow,209
16.0,-1290174122_FL,TSS,Outflow,210
2.0,-1290174122_FL,TSS,Outflow,210
8.0,-1290174122_FL,TSS,Outflow,210
30.79999923706055,-1290174122_FL,TSS,Outflow,210
4.0,-1290174122_FL,TSS,Outflow,210
5.300000190734863,-1290174122_FL,TSS,Outflow,211
15.89999961853027,-1290174122_FL,TSS,Outflow,211
3.0,-1290174122_FL,TSS,Outflow,211
12.39999961853027,-1290174122_FL,TSS,Outflow,211
8.0,-1290174122_FL,TSS,Outflow,211
8.0,-1290174122_FL,TSS,Outflow,212
30.79999923706055,-1290174122_FL,TSS,Outflow,212
11.0,-1290174122_FL,TSS,Outflow,212
7.0,-1290174122_FL,TSS,Outflow,212
9.0,-1290174122_FL,TSS,Outflow,212
7.099999904632568,-1290174122_FL,TSS,Outflow,213
20.29999923706055,-1290174122_FL,TSS,Outflow,213
28.0,-1290174122_FL,TSS,Outflow,213
3.0,-1290174122_FL,TSS,Outflow,213
7.099999904632568,-1290174122_FL,TSS,Outflow,213
4.0,-1290174122_FL,TSS,Outflow,214
30.79999923706055,-1290174122_FL,TSS,Outflow,214
5.0,-1290174122_FL,TSS,Outflow,214
19.0,-1290174122_FL,TSS,Outflow,214
28.0,-1290174122_FL,TSS,Outflow,214
6.0,-1290174122_FL,TSS,Outflow,215
3.0,-1290174122_FL,TSS,Outflow,215
20.70000076293945,-1290174122_FL,TSS,Outflow,215
5.0,-1290174122_FL,TSS,Outflow,215
3.0,-1290174122_FL,TSS,Outflow,215
2.0,-1290174122_FL,TSS,Outflow,216
7.0,-1290174122_FL,TSS,Outflow,216
3.0,-1290174122_FL,TSS,Outflow,216
10.69999980926514,-1290174122_FL,TSS,Outflow,216
7.900000095367432,-1290174122_FL,TSS,Outflow,216
19.0,-1290174122_FL,TSS,Outflow,217
3.0,-1290174122_FL,TSS,Outflow,217
28.0,-1290174122_FL,TSS,Outflow,217
10.69999980926514,-1290174122_FL,TSS,Outflow,217
12.5,-1290174122_FL,TSS,Outflow,217
3.0,-1290174122_FL,TSS,Outflow,218
3.0,-1290174122_FL,TSS,Outflow,218
9.5,-1290174122_FL,TSS,Outflow,218
23.0,-1290174122_FL,TSS,Outflow,218
11.5,-1290174122_FL,TSS,Outflow,218
20.29999923706055,-1290174122_FL,TSS,Outflow,219
7.0,-1290174122_FL,TSS,Outflow,219
9.0,-1290174122_FL,TSS,Outflow,219
7.099999904632568,-1290174122_FL,TSS,Outflow,219
3.0,-1290174122_FL,TSS,Outflow,219
1.0,-1290174122_FL,TSS,Outflow,220
15.89999961853027,-1290174122_FL,TSS,Outflow,220
16.0,-1290174122_FL,TSS,Outflow,220
4.0,-1290174122_FL,TSS,Outflow,220
8.0,-1290174122_FL,TSS,Outflow,220
2.0,-1290174122_FL,TSS,Outflow,221
5.0,-1290174122_FL,TSS,Outflow,221
2.0,-1290174122_FL,TSS,Outflow,221
6.0,-1290174122_FL,TSS,Outflow,221
12.10000038146973,-1290174122_FL,TSS,Outflow,221
3.0,-1290174122_FL,TSS,Outflow,222
10.69999980926514,-1290174122_FL,TSS,Outflow,222
7.599999904632568,-1290174122_FL,TSS,Outflow,222
12.10000038146973,-1290174122_FL,TSS,Outflow,222
12.5,-1290174122_FL,TSS,Outflow,222
7.099999904632568,-1290174122_FL,TSS,Outflow,223
5.300000190734863,-1290174122_FL,TSS,Outflow,223
3.0,-1290174122_FL,TSS,Outflow,223
29.39999961853027,-1290174122_FL,TSS,Outflow,223
15.0,-1290174122_FL,TSS,Outflow,223
13.69999980926514,-1290174122_FL,TSS,Outflow,224
16.70000076293945,-1290174122_FL,TSS,Outflow,224
5.0,-1290174122_FL,TSS,Outflow,224
1.0,-1290174122_FL,TSS,Outflow,224
3.0,-1290174122_FL,TSS,Outflow,224
1.0,-1290174122_FL,TSS,Outflow,225
16.70000076293945,-1290174122_FL,TSS,Outflow,225
29.39999961853027,-1290174122_FL,TSS,Outflow,225
16.0,-1290174122_FL,TSS,Outflow,225
8.0,-1290174122_FL,TSS,Outflow,225
3.0,-1290174122_FL,TSS,Outflow,226
3.0,-1290174122_FL,TSS,Outflow,226
3.0,-1290174122_FL,TSS,Outflow,226
20.70000076293945,-1290174122_FL,TSS,Outflow,226
7.099999904632568,-1290174122_FL,TSS,Outflow,226
49.29999923706055,-1290174122_FL,TSS,Outflow,227
6.0,-1290174122_FL,TSS,Outflow,227
16.5,-1290174122_FL,TSS,Outflow,227
8.0,-1290174122_FL,TSS,Outflow,227
20.29999923706055,-1290174122_FL,TSS,Outflow,227
15.0,-1290174122_FL,TSS,Outflow,228
3.0,-1290174122_FL,TSS,Outflow,228
5.099999904632568,-1290174122_FL,TSS,Outflow,228
10.0,-1290174122_FL,TSS,Outflow,228
10.69999980926514,-1290174122_FL,TSS,Outflow,228
7.900000095367432,-1290174122_FL,TSS,Outflow,229
0.02999999932944775,-1290174122_FL,TSS,Outflow,229
2.0,-1290174122_FL,TSS,Outflow,229
7.099999904632568,-1290174122_FL,TSS,Outflow,229
47.0,-1290174122_FL,TSS,Outflow,229
7.0,-1290174122_FL,TSS,Outflow,230
7.5,-1290174122_FL,TSS,Outflow,230
1.0,-1290174122_FL,TSS,Outflow,230
3.0,-1290174122_FL,TSS,Outflow,230
28.0,-1290174122_FL,TSS,Outflow,230
4.0,-1290174122_FL,TSS,Outflow,231
3.0,-1290174122_FL,TSS,Outflow,231
8.0,-1290174122_FL,TSS,Outflow,231
5.099999904632568,-1290174122_FL,TSS,Outflow,231
2.0,-1290174122_FL,TSS,Outflow,231
10.69999980926514,-1290174122_FL,TSS,Outflow,232
5.0,-1290174122_FL,TSS,Outflow,232
9.0,-1290174122_FL,TSS,Outflow,232
15.89999961853027,-1290174122_FL,TSS,Outflow,232
2.0,-1290174122_FL,TSS,Outflow,232
3.0,-1290174122_FL,TSS,Outflow,233
9.5,-1290174122_FL,TSS,Outflow,233
12.10000038146973,-1290174122_FL,TSS,Outflow,233
1.0,-1290174122_FL,TSS,Outflow,233
5.0,-1290174122_FL,TSS,Outflow,233
28.0,-1290174122_FL,TSS,Outflow,234
2.0,-1290174122_FL,TSS,Outflow,234
3.0,-1290174122_FL,TSS,Outflow,234
5.0,-1290174122_FL,TSS,Outflow,234
4.0,-1290174122_FL,TSS,Outflow,234
15.0,-1290174122_FL,TSS,Outflow,235
9.5,-1290174122_FL,TSS,Outflow,235
10.0,-1290174122_FL,TSS,Outflow,235
3.0,-1290174122_FL,TSS,Outflow,235
3.0,-1290174122_FL,TSS,Outflow,235
7.0,-1290174122_FL,TSS,Outflow,236
3.0,-1290174122_FL,TSS,Outflow,236
7.099999904632568,-1290174122_FL,TSS,Outflow,236
5.0,-1290174122_FL,TSS,Outflow,236
8.0,-1290174122_FL,TSS,Outflow,236
4.0,-1290174122_FL,TSS,Outflow,237
7.300000190734863,-1290174122_FL,TSS,Outflow,237
5.0,-1290174122_FL,TSS,Outflow,237
11.0,-1290174122_FL,TSS,Outflow,237
3.0,-1290174122_FL,TSS,Outflow,237
15.0,-1290174122_FL,TSS,Outflow,238
16.0,-1290174122_FL,TSS,Outflow,238
8.0,-1290174122_FL,TSS,Outflow,238
13.69999980926514,-1290174122_FL,TSS,Outflow,238
8.0,-1290174122_FL,TSS,Outflow,238
5.0,-1290174122_FL,TSS,Outflow,239
3.0,-1290174122_FL,TSS,Outflow,239
2.0,-1290174122_FL,TSS,Outflow,239
47.0,-1290174122_FL,TSS,Outflow,239
2.0,-1290174122_FL,TSS,Outflow,239
11.0,-1290174122_FL,TSS,Outflow,240
20.29999923706055,-1290174122_FL,TSS,Outflow,240
7.099999904632568,-1290174122_FL,TSS,Outflow,240
5.699999809265137,-1290174122_FL,TSS,Outflow,240
9.600000381469727,-1290174122_FL,TSS,Outflow,240
7.900000095367432,-1290174122_FL,TSS,Outflow,241
4.0,-1290174122_FL,TSS,Outflow,241
3.0,-1290174122_FL,TSS,Outflow,241
5.0,-1290174122_FL,TSS,Outflow,241
3.0,-1290174122_FL,TSS,Outflow,241
3.0,-1290174122_FL,TSS,Outflow,242
7.0,-1290174122_FL,TSS,Outflow,242
16.60000038146973,-1290174122_FL,TSS,Outflow,242
47.0,-1290174122_FL,TSS,Outflow,242
6.0,-1290174122_FL,TSS,Outflow,242
3.0,-1290174122_FL,TSS,Outflow,243
7.300000190734863,-1290174122_FL,TSS,Outflow,243
9.0,-1290174122_FL,TSS,Outflow,243
7.900000095367432,-1290174122_FL,TSS,Outflow,243
2.0,-1290174122_FL,TSS,Outflow,243
49.29999923706055,-1290174122_FL,TSS,Outflow,244
7.5,-1290174122_FL,TSS,Outflow,244
7.900000095367432,-1290174122_FL,TSS,Outflow,244
16.0,-1290174122_FL,TSS,Outflow,244
4.0,-1290174122_FL,TSS,Outflow,244
9.0,-1290174122_FL,TSS,Outflow,245
16.70000076293945,-1290174122_FL,TSS,Outflow,245
12.10000038146973,-1290174122_FL,TSS,Outflow,245
7.099999904632568,-1290174122_FL,TSS,Outflow,245
5.0,-1290174122_FL,TSS,Outflow,245
3.0,-1290174122_FL,TSS,Outflow,246
19.0,-1290174122_FL,TSS,Outflow,246
6.0,-1290174122_FL,TSS,Outflow,246
10.0,-1290174122_FL,TSS,Outflow,246
2.0,-1290174122_FL,TSS,Outflow,246
3.0,-1290174122_FL,TSS,Outflow,247
9.100000381469727,-1290174122_FL,TSS,Outflow,247
3.0,-1290174122_FL,TSS,Outflow,247
3.0,-1290174122_FL,TSS,Outflow,247
16.0,-1290174122_FL,TSS,Outflow,247
2.0,-1290174122_FL,TSS,Outflow,248
3.0,-1290174122_FL,TSS,Outflow,248
6.0,-1290174122_FL,TSS,Outflow,248
7.0,-1290174122_FL,TSS,Outflow,248
4.0,-1290174122_FL,TSS,Outflow,248
3.0,-1290174122_FL,TSS,Outflow,249
19.0,-1290174122_FL,TSS,Outflow,249
10.0,-1290174122_FL,TSS,Outflow,249
15.0,-1290174122_FL,TSS,Outflow,249
3.0,-1290174122_FL,TSS,Outflow,249
16.60000038146973,-1290174122_FL,TSS,Outflow,250
3.0,-1290174122_FL,TSS,Outflow,250
15.89999961853027,-1290174122_FL,TSS,Outflow,250
7.0,-1290174122_FL,TSS,Outflow,250
5.0,-1290174122_FL,TSS,Outflow,250
12.5,-1290174122_FL,TSS,Outflow,251
7.0,-1290174122_FL,TSS,Outflow,251
15.0,-1290174122_FL,TSS,Outflow,251
5.300000190734863,-1290174122_FL,TSS,Outflow,251
16.70000076293945,-1290174122_FL,TSS,Outflow,251
4.0,-1290174122_FL,TSS,Outflow,252
3.0,-1290174122_FL,TSS,Outflow,252
49.29999923706055,-1290174122_FL,TSS,Outflow,252
11.0,-1290174122_FL,TSS,Outflow,252
16.60000038146973,-1290174122_FL,TSS,Outflow,252
3.0,-1290174122_FL,TSS,Outflow,253
11.0,-1290174122_FL,TSS,Outflow,253
3.0,-1290174122_FL,TSS,Outflow,253
11.5,-1290174122_FL,TSS,Outflow,253
47.0,-1290174122_FL,TSS,Outflow,253
3.0,-1290174122_FL,TSS,Outflow,254
20.70000076293945,-1290174122_FL,TSS,Outflow,254
47.0,-1290174122_FL,TSS,Outflow,254
15.89999961853027,-1290174122_FL,TSS,Outflow,254
9.0,-1290174122_FL,TSS,Outflow,254
9.5,-1290174122_FL,TSS,Outflow,255
30.79999923706055,-1290174122_FL,TSS,Outflow,255
5.300000190734863,-1290174122_FL,TSS,Outflow,255
11.0,-1290174122_FL,TSS,Outflow,255
3.0,-1290174122_FL,TSS,Outflow,255
15.89999961853027,-1290174122_FL,TSS,Outflow,256
7.599999904632568,-1290174122_FL,TSS,Outflow,256
5.0,-1290174122_FL,TSS,Outflow,256
6.0,-1290174122_FL,TSS,Outflow,256
8.0,-1290174122_FL,TSS,Outflow,256
12.5,-1290174122_FL,TSS,Outflow,257
2.0,-1290174122_FL,TSS,Outflow,257
3.0,-1290174122_FL,TSS,Outflow,257
4.0,-1290174122_FL,TSS,Outflow,257
12.10000038146973,-1290174122_FL,TSS,Outflow,257
8.0,-1290174122_FL,TSS,Outflow,258
4.0,-1290174122_FL,TSS,Outflow,258
9.699999809265137,-1290174122_FL,TSS,Outflow,258
20.29999923706055,-1290174122_FL,TSS,Outflow,258
2.0,-1290174122_FL,TSS,Outflow,258
10.0,-1290174122_FL,TSS,Outflow,259
4.0,-1290174122_FL,TSS,Outflow,259
3.0,-1290174122_FL,TSS,Outflow,259
5.0,-1290174122_FL,TSS,Outflow,259
15.0,-1290174122_FL,TSS,Outflow,259
8.0,-1290174122_FL,TSS,Outflow,260
9.0,-1290174122_FL,TSS,Outflow,260
5.300000190734863,-1290174122_FL,TSS,Outflow,260
1.0,-1290174122_FL,TSS,Outflow,260
16.0,-1290174122_FL,TSS,Outflow,260
16.60000038146973,-1290174122_FL,TSS,Outflow,261
4.0,-1290174122_FL,TSS,Outflow,261
8.0,-1290174122_FL,TSS,Outflow,261
3.0,-1290174122_FL,TSS,Outflow,261
5.0,-1290174122_FL,TSS,Outflow,261
4.0,-1290174122_FL,TSS,Outflow,262
28.0,-1290174122_FL,TSS,Outflow,262
4.0,-1290174122_FL,TSS,Outflow,262
6.0,-1290174122_FL,TSS,Outflow,262
5.0,-1290174122_FL,TSS,Outflow,262
4.0,-1290174122_FL,TSS,Outflow,263
8.0,-1290174122_FL,TSS,Outflow,263
3.0,-1290174122_FL,TSS,Outflow,263
23.0,-1290174122_FL,TSS,Outflow,263
3.0,-1290174122_FL,TSS,Outflow,263
11.5,-1290174122_FL,TSS,Outflow,264
6.0,-1290174122_FL,TSS,Outflow,264
7.0,-1290174122_FL,TSS,Outflow,264
11.0,-1290174122_FL,TSS,Outflow,264
8.0,-1290174122_FL,TSS,Outflow,264
11.5,-1290174122_FL,TSS,Outflow,265
2.0,-1290174122_FL,TSS,Outflow,265
19.0,-1290174122_FL,TSS,Outflow,265
5.699999809265137,-1290174122_FL,TSS,Outflow,265
11.0,-1290174122_FL,TSS,Outflow,265
3.0,-1290174122_FL,TSS,Outflow,266
10.5,-1290174122_FL,TSS,Outflow,266
3.0,-1290174122_FL,TSS,Outflow,266
15.0,-1290174122_FL,TSS,Outflow,266
16.0,-1290174122_FL,TSS,Outflow,266
9.600000381469727,-1290174122_FL,TSS,Outflow,267
16.60000038146973,-1290174122_FL,TSS,Outflow,267
6.0,-1290174122_FL,TSS,Outflow,267
20.70000076293945,-1290174122_FL,TSS,Outflow,267
3.0,-1290174122_FL,TSS,Outflow,267
6.0,-1290174122_FL,TSS,Outflow,268
3.0,-1290174122_FL,TSS,Outflow,268
5.300000190734863,-1290174122_FL,TSS,Outflow,268
3.0,-1290174122_FL,TSS,Outflow,268
47.0,-1290174122_FL,TSS,Outflow,268
3.0,-1290174122_FL,TSS,Outflow,269
9.699999809265137,-1290174122_FL,TSS,Outflow,269
1.0,-1290174122_FL,TSS,Outflow,269
5.300000190734863,-1290174122_FL,TSS,Outflow,269
2.0,-1290174122_FL,TSS,Outflow,269
7.300000190734863,-1290174122_FL,TSS,Outflow,270
5.0,-1290174122_FL,TSS,Outflow,270
5.300000190734863,-1290174122_FL,TSS,Outflow,270
15.0,-1290174122_FL,TSS,Outflow,270
3.0,-1290174122_FL,TSS,Outflow,270
2.0,-1290174122_FL,TSS,Outflow,271
3.0,-1290174122_FL,TSS,Outflow,271
7.0,-1290174122_FL,TSS,Outflow,271
13.69999980926514,-1290174122_FL,TSS,Outflow,271
2.0,-1290174122_FL,TSS,Outflow,271
3.0,-1290174122_FL,TSS,Outflow,272
3.0,-1290174122_FL,TSS,Outflow,272
4.0,-1290174122_FL,TSS,Outflow,272
1.0,-1290174122_FL,TSS,Outflow,272
20.70000076293945,-1290174122_FL,TSS,Outflow,272
3.0,-1290174122_FL,TSS,Outflow,273
13.69999980926514,-1290174122_FL,TSS,Outflow,273
1.0,-1290174122_FL,TSS,Outflow,273
30.79999923706055,-1290174122_FL,TSS,Outflow,273
19.0,-1290174122_FL,TSS,Outflow,273
16.0,-1290174122_FL,TSS,Outflow,274
11.0,-1290174122_FL,TSS,Outflow,274
5.099999904632568,-1290174122_FL,TSS,Outflow,274
5.0,-1290174122_FL,TSS,Outflow,274
15.0,-1290174122_FL,TSS,Outflow,274
7.0,-1290174122_FL,TSS,Outflow,275
5.0,-1290174122_FL,TSS,Outflow,275
9.0,-1290174122_FL,TSS,Outflow,275
16.0,-1290174122_FL,TSS,Outflow,275
2.0,-1290174122_FL,TSS,Outflow,275
5.0,-1290174122_FL,TSS,Outflow,276
6.0,-1290174122_FL,TSS,Outflow,276
5.0,-1290174122_FL,TSS,Outflow,276
47.0,-1290174122_FL,TSS,Outflow,276
5.300000190734863,-1290174122_FL,TSS,Outflow,276
3.0,-1290174122_FL,TSS,Outflow,277
4.0,-1290174122_FL,TSS,Outflow,277
3.0,-1290174122_FL,TSS,Outflow,277
5.0,-1290174122_FL,TSS,Outflow,277
5.0,-1290174122_FL,TSS,Outflow,277
2.0,-1290174122_FL,TSS,Outflow,278
2.0,-1290174122_FL,TSS,Outflow,278
3.0,-1290174122_FL,TSS,Outflow,278
8.0,-1290174122_FL,TSS,Outflow,278
9.699999809265137,-1290174122_FL,TSS,Outflow,278
5.0,-1290174122_FL,TSS,Outflow,279
2.0,-1290174122_FL,TSS,Outflow,279
5.0,-1290174122_FL,TSS,Outflow,279
10.69999980926514,-1290174122_FL,TSS,Outflow,279
7.0,-1290174122_FL,TSS,Outflow,279
5.0,-1290174122_FL,TSS,Outflow,280
6.0,-1290174122_FL,TSS,Outflow,280
3.0,-1290174122_FL,TSS,Outflow,280
3.0,-1290174122_FL,TSS,Outflow,280
3.0,-1290174122_FL,TSS,Outflow,280
5.300000190734863,-1290174122_FL,TSS,Outflow,281
3.0,-1290174122_FL,TSS,Outflow,281
3.0,-1290174122_FL,TSS,Outflow,281
12.10000038146973,-1290174122_FL,TSS,Outflow,281
3.0,-1290174122_FL,TSS,Outflow,281
7.599999904632568,-1290174122_FL,TSS,Outflow,282
3.0,-1290174122_FL,TSS,Outflow,282
29.39999961853027,-1290174122_FL,TSS,Outflow,282
6.0,-1290174122_FL,TSS,Outflow,282
3.0,-1290174122_FL,TSS,Outflow,282
15.0,-1290174122_FL,TSS,Outflow,283
7.300000190734863,-1290174122_FL,TSS,Outflow,283
4.0,-1290174122_FL,TSS,Outflow,283
16.0,-1290174122_FL,TSS,Outflow,283
5.0,-1290174122_FL,TSS,Outflow,283
3.0,-1290174122_FL,TSS,Outflow,284
16.5,-1290174122_FL,TSS,Outflow,284
8.0,-1290174122_FL,TSS,Outflow,284
7.599999904632568,-1290174122_FL,TSS,Outflow,284
15.89999961853027,-1290174122_FL,TSS,Outflow,284
2.0,-1290174122_FL,TSS,Outflow,285
3.0,-1290174122_FL,TSS,Outflow,285
3.0,-1290174122_FL,TSS,Outflow,285
7.599999904632568,-1290174122_FL,TSS,Outflow,285
3.0,-1290174122_FL,TSS,Outflow,285
16.60000038146973,-1290174122_FL,TSS,Outflow,286
4.0,-1290174122_FL,TSS,Outflow,286
9.100000381469727,-1290174122_FL,TSS,Outflow,286
8.0,-1290174122_FL,TSS,Outflow,286
2.0,-1290174122_FL,TSS,Outflow,286
9.0,-1290174122_FL,TSS,Outflow,287
3.0,-1290174122_FL,TSS,Outflow,287
4.0,-1290174122_FL,TSS,Outflow,287
10.0,-1290174122_FL,TSS,Outflow,287
3.0,-1290174122_FL,TSS,Outflow,287
49.29999923706055,-1290174122_FL,TSS,Outflow,288
16.0,-1290174122_FL,TSS,Outflow,288
10.5,-1290174122_FL,TSS,Outflow,288
3.0,-1290174122_FL,TSS,Outflow,288
16.70000076293945,-1290174122_FL,TSS,Outflow,288
8.0,-1290174122_FL,TSS,Outflow,289
2.0,-1290174122_FL,TSS,Outflow,289
4.0,-1290174122_FL,TSS,Outflow,289
8.0,-1290174122_FL,TSS,Outflow,289
2.0,-1290174122_FL,TSS,Outflow,289
4.0,-1290174122_FL,TSS,Outflow,290
9.100000381469727,-1290174122_FL,TSS,Outflow,290
12.10000038146973,-1290174122_FL,TSS,Outflow,290
2.0,-1290174122_FL,TSS,Outflow,290
5.0,-1290174122_FL,TSS,Outflow,290
0.02999999932944775,-1290174122_FL,TSS,Outflow,291
19.0,-1290174122_FL,TSS,Outflow,291
4.0,-1290174122_FL,TSS,Outflow,291
2.0,-1290174122_FL,TSS,Outflow,291
6.0,-1290174122_FL,TSS,Outflow,291
6.0,-1290174122_FL,TSS,Outflow,292
7.099999904632568,-1290174122_FL,TSS,Outflow,292
4.0,-1290174122_FL,TSS,Outflow,292
4.0,-1290174122_FL,TSS,Outflow,292
3.0,-1290174122_FL,TSS,Outflow,292
7.099999904632568,-1290174122_FL,TSS,Outflow,293
3.0,-1290174122_FL,TSS,Outflow,293
5.0,-1290174122_FL,TSS,Outflow,293
2.0,-1290174122_FL,TSS,Outflow,293
4.0,-1290174122_FL,TSS,Outflow,293
2.0,-1290174122_FL,TSS,Outflow,294
2.0,-1290174122_FL,TSS,Outflow,294
4.0,-1290174122_FL,TSS,Outflow,294
3.0,-1290174122_FL,TSS,Outflow,294
5.099999904632568,-1290174122_FL,TSS,Outflow,294
9.600000381469727,-1290174122_FL,TSS,Outflow,295
7.599999904632568,-1290174122_FL,TSS,Outflow,295
7.900000095367432,-1290174122_FL,TSS,Outflow,295
16.70000076293945,-1290174122_FL,TSS,Outflow,295
2.0,-1290174122_FL,TSS,Outflow,295
3.0,-1290174122_FL,TSS,Outflow,296
16.0,-1290174122_FL,TSS,Outflow,296
3.0,-1290174122_FL,TSS,Outflow,296
16.60000038146973,-1290174122_FL,TSS,Outflow,296
6.0,-1290174122_FL,TSS,Outflow,296
16.70000076293945,-1290174122_FL,TSS,Outflow,297
3.0,-1290174122_FL,TSS,Outflow,297
29.39999961853027,-1290174122_FL,TSS,Outflow,297
7.300000190734863,-1290174122_FL,TSS,Outflow,297
2.0,-1290174122_FL,TSS,Outflow,297
16.70000076293945,-1290174122_FL,TSS,Outflow,298
2.0,-1290174122_FL,TSS,Outflow,298
6.0,-1290174122_FL,TSS,Outflow,298
10.0,-1290174122_FL,TSS,Outflow,298
4.0,-1290174122_FL,TSS,Outflow,298
3.0,-1290174122_FL,TSS,Outflow,299
6.0,-1290174122_FL,TSS,Outflow,299
7.599999904632568,-1290174122_FL,TSS,Outflow,299
3.0,-1290174122_FL,TSS,Outflow,299
16.70000076293945,-1290174122_FL,TSS,Outflow,299
15.89999961853027,-1290174122_FL,TSS,Outflow,300
9.600000381469727,-1290174122_FL,TSS,Outflow,300
16.0,-1290174122_FL,TSS,Outflow,300
12.5,-1290174122_FL,TSS,Outflow,300
47.0,-1290174122_FL,TSS,Outflow,300
2.0,-1290174122_FL,TSS,Outflow,301
10.69999980926514,-1290174122_FL,TSS,Outflow,301
11.5,-1290174122_FL,TSS,Outflow,301
23.0,-1290174122_FL,TSS,Outflow,301
3.0,-1290174122_FL,TSS,Outflow,301
16.5,-1290174122_FL,TSS,Outflow,302
9.600000381469727,-1290174122_FL,TSS,Outflow,302
3.0,-1290174122_FL,TSS,Outflow,302
10.0,-1290174122_FL,TSS,Outflow,302
7.0,-1290174122_FL,TSS,Outflow,302
3.0,-1290174122_FL,TSS,Outflow,303
3.0,-1290174122_FL,TSS,Outflow,303
16.60000038146973,-1290174122_FL,TSS,Outflow,303
4.0,-1290174122_FL,TSS,Outflow,303
7.0,-1290174122_FL,TSS,Outflow,303
16.60000038146973,-1290174122_FL,TSS,Outflow,304
11.0,-1290174122_FL,TSS,Outflow,304
7.099999904632568,-1290174122_FL,TSS,Outflow,304
6.0,-1290174122_FL,TSS,Outflow,304
5.0,-1290174122_FL,TSS,Outflow,304
8.0,-1290174122_FL,TSS,Outflow,305
6.0,-1290174122_FL,TSS,Outflow,305
5.0,-1290174122_FL,TSS,Outflow,305
3.0,-1290174122_FL,TSS,Outflow,305
5.0,-1290174122_FL,TSS,Outflow,305
4.0,-1290174122_FL,TSS,Outflow,306
12.39999961853027,-1290174122_FL,TSS,Outflow,306
5.0,-1290174122_FL,TSS,Outflow,306
2.0,-1290174122_FL,TSS,Outflow,306
20.29999923706055,-1290174122_FL,TSS,Outflow,306
20.70000076293945,-1290174122_FL,TSS,Outflow,307
5.300000190734863,-1290174122_FL,TSS,Outflow,307
7.5,-1290174122_FL,TSS,Outflow,307
13.69999980926514,-1290174122_FL,TSS,Outflow,307
16.0,-1290174122_FL,TSS,Outflow,307
12.5,-1290174122_FL,TSS,Outflow,308
9.899999618530273,-1290174122_FL,TSS,Outflow,308
30.79999923706055,-1290174122_FL,TSS,Outflow,308
8.0,-1290174122_FL,TSS,Outflow,308
4.0,-1290174122_FL,TSS,Outflow,308
5.0,-1290174122_FL,TSS,Outflow,309
3.0,-1290174122_FL,TSS,Outflow,309
7.900000095367432,-1290174122_FL,TSS,Outflow,309
3.0,-1290174122_FL,TSS,Outflow,309
3.0,-1290174122_FL,TSS,Outflow,309
3.0,-1290174122_FL,TSS,Outflow,310
7.0,-1290174122_FL,TSS,Outflow,310
8.0,-1290174122_FL,TSS,Outflow,310
10.5,-1290174122_FL,TSS,Outflow,310
12.39999961853027,-1290174122_FL,TSS,Outflow,310
3.0,-1290174122_FL,TSS,Outflow,311
20.70000076293945,-1290174122_FL,TSS,Outflow,311
3.0,-1290174122_FL,TSS,Outflow,311
9.5,-1290174122_FL,TSS,Outflow,311
49.29999923706055,-1290174122_FL,TSS,Outflow,311
49.29999923706055,-1290174122_FL,TSS,Outflow,312
16.5,-1290174122_FL,TSS,Outflow,312
12.39999961853027,-1290174122_FL,TSS,Outflow,312
2.0,-1290174122_FL,TSS,Outflow,312
3.0,-1290174122_FL,TSS,Outflow,312
5.0,-1290174122_FL,TSS,Outflow,313
15.89999961853027,-1290174122_FL,TSS,Outflow,313
3.0,-1290174122_FL,TSS,Outflow,313
7.300000190734863,-1290174122_FL,TSS,Outflow,313
4.0,-1290174122_FL,TSS,Outflow,313
30.79999923706055,-1290174122_FL,TSS,Outflow,314
8.0,-1290174122_FL,TSS,Outflow,314
9.0,-1290174122_FL,TSS,Outflow,314
10.0,-1290174122_FL,TSS,Outflow,314
3.0,-1290174122_FL,TSS,Outflow,314
1.0,-1290174122_FL,TSS,Outflow,315
7.900000095367432,-1290174122_FL,TSS,Outflow,315
9.699999809265137,-1290174122_FL,TSS,Outflow,315
30.79999923706055,-1290174122_FL,TSS,Outflow,315
8.0,-1290174122_FL,TSS,Outflow,315
7.900000095367432,-1290174122_FL,TSS,Outflow,316
5.0,-1290174122_FL,TSS,Outflow,316
9.100000381469727,-1290174122_FL,TSS,Outflow,316
10.0,-1290174122_FL,TSS,Outflow,316
49.29999923706055,-1290174122_FL,TSS,Outflow,316
3.0,-1290174122_FL,TSS,Outflow,317
6.0,-1290174122_FL,TSS,Outflow,317
9.100000381469727,-1290174122_FL,TSS,Outflow,317
30.79999923706055,-1290174122_FL,TSS,Outflow,317
3.0,-1290174122_FL,TSS,Outflow,317
4.0,-1290174122_FL,TSS,Outflow,318
12.10000038146973,-1290174122_FL,TSS,Outflow,318
3.0,-1290174122_FL,TSS,Outflow,318
5.0,-1290174122_FL,TSS,Outflow,318
3.0,-1290174122_FL,TSS,Outflow,318
3.0,-1290174122_FL,TSS,Outflow,319
49.29999923706055,-1290174122_FL,TSS,Outflow,319
7.900000095367432,-1290174122_FL,TSS,Outflow,319
3.0,-1290174122_FL,TSS,Outflow,319
3.0,-1290174122_FL,TSS,Outflow,319
8.0,-1290174122_FL,TSS,Outflow,320
4.0,-1290174122_FL,TSS,Outflow,320
2.0,-1290174122_FL,TSS,Outflow,320
8.0,-1290174122_FL,TSS,Outflow,320
3.0,-1290174122_FL,TSS,Outflow,320
19.0,-1290174122_FL,TSS,Outflow,321
3.0,-1290174122_FL,TSS,Outflow,321
9.5,-1290174122_FL,TSS,Outflow,321
7.900000095367432,-1290174122_FL,TSS,Outflow,321
12.39999961853027,-1290174122_FL,TSS,Outflow,321
3.0,-1290174122_FL,TSS,Outflow,322
12.10000038146973,-1290174122_FL,TSS,Outflow,322
4.0,-1290174122_FL,TSS,Outflow,322
9.5,-1290174122_FL,TSS,Outflow,322
12.39999961853027,-1290174122_FL,TSS,Outflow,322
5.0,-1290174122_FL,TSS,Outflow,323
2.0,-1290174122_FL,TSS,Outflow,323
3.0,-1290174122_FL,TSS,Outflow,323
13.69999980926514,-1290174122_FL,TSS,Outflow,323
7.099999904632568,-1290174122_FL,TSS,Outflow,323
3.0,-1290174122_FL,TSS,Outflow,324
1.0,-1290174122_FL,TSS,Outflow,324
16.0,-1290174122_FL,TSS,Outflow,324
8.0,-1290174122_FL,TSS,Outflow,324
15.0,-1290174122_FL,TSS,Outflow,324
49.29999923706055,-1290174122_FL,TSS,Outflow,325
3.0,-1290174122_FL,TSS,Outflow,325
20.70000076293945,-1290174122_FL,TSS,Outflow,325
16.60000038146973,-1290174122_FL,TSS,Outflow,325
16.0,-1290174122_FL,TSS,Outflow,325
9.899999618530273,-1290174122_FL,TSS,Outflow,326
11.0,-1290174122_FL,TSS,Outflow,326
7.099999904632568,-1290174122_FL,TSS,Outflow,326
5.0,-1290174122_FL,TSS,Outflow,326
49.29999923706055,-1290174122_FL,TSS,Outflow,326
23.0,-1290174122_FL,TSS,Outflow,327
9.0,-1290174122_FL,TSS,Outflow,327
9.100000381469727,-1290174122_FL,TSS,Outflow,327
11.0,-1290174122_FL,TSS,Outflow,327
7.300000190734863,-1290174122_FL,TSS,Outflow,327
3.0,-1290174122_FL,TSS,Outflow,328
2.0,-1290174122_FL,TSS,Outflow,328
30.79999923706055,-1290174122_FL,TSS,Outflow,328
9.0,-1290174122_FL,TSS,Outflow,328
15.89999961853027,-1290174122_FL,TSS,Outflow,328
7.0,-1290174122_FL,TSS,Outflow,329
3.0,-1290174122_FL,TSS,Outflow,329
3.0,-1290174122_FL,TSS,Outflow,329
47.0,-1290174122_FL,TSS,Outflow,329
20.70000076293945,-1290174122_FL,TSS,Outflow,329
16.60000038146973,-1290174122_FL,TSS,Outflow,330
11.0,-1290174122_FL,TSS,Outflow,330
15.89999961853027,-1290174122_FL,TSS,Outflow,330
8.0,-1290174122_FL,TSS,Outflow,330
28.0,-1290174122_FL,TSS,Outflow,330
10.5,-1290174122_FL,TSS,Outflow,331
7.099999904632568,-1290174122_FL,TSS,Outflow,331
23.0,-1290174122_FL,TSS,Outflow,331
12.5,-1290174122_FL,TSS,Outflow,331
6.0,-1290174122_FL,TSS,Outflow,331
5.0,-1290174122_FL,TSS,Outflow,332
9.0,-1290174122_FL,TSS,Outflow,332
8.0,-1290174122_FL,TSS,Outflow,332
5.0,-1290174122_FL,TSS,Outflow,332
4.0,-1290174122_FL,TSS,Outflow,332
3.0,-1290174122_FL,TSS,Outflow,333
16.0,-1290174122_FL,TSS,Outflow,333
2.0,-1290174122_FL,TSS,Outflow,333
19.0,-1290174122_FL,TSS,Outflow,333
4.0,-1290174122_FL,TSS,Outflow,333
29.39999961853027,-1290174122_FL,TSS,Outflow,334
3.0,-1290174122_FL,TSS,Outflow,334
12.10000038146973,-1290174122_FL,TSS,Outflow,334
9.5,-1290174122_FL,TSS,Outflow,334
7.900000095367432,-1290174122_FL,TSS,Outflow,334
3.0,-1290174122_FL,TSS,Outflow,335
3.0,-1290174122_FL,TSS,Outflow,335
5.699999809265137,-1290174122_FL,TSS,Outflow,335
2.0,-1290174122_FL,TSS,Outflow,335
16.0,-1290174122_FL,TSS,Outflow,335
3.0,-1290174122_FL,TSS,Outflow,336
3.0,-1290174122_FL,TSS,Outflow,336
9.5,-1290174122_FL,TSS,Outflow,336
5.0,-1290174122_FL,TSS,Outflow,336
3.0,-1290174122_FL,TSS,Outflow,336
7.300000190734863,-1290174122_FL,TSS,Outflow,337
7.0,-1290174122_FL,TSS,Outflow,337
5.0,-1290174122_FL,TSS,Outflow,337
4.0,-1290174122_FL,TSS,Outflow,337
5.699999809265137,-1290174122_FL,TSS,Outflow,337
16.0,-1290174122_FL,TSS,Outflow,338
3.0,-1290174122_FL,TSS,Outflow,338
10.0,-1290174122_FL,TSS,Outflow,338
3.0,-1290174122_FL,TSS,Outflow,338
30.79999923706055,-1290174122_FL,TSS,Outflow,338
19.0,-1290174122_FL,TSS,Outflow,339
28.0,-1290174122_FL,TSS,Outflow,339
16.60000038146973,-1290174122_FL,TSS,Outflow,339
7.300000190734863,-1290174122_FL,TSS,Outflow,339
3.0,-1290174122_FL,TSS,Outflow,339
9.600000381469727,-1290174122_FL,TSS,Outflow,340
5.699999809265137,-1290174122_FL,TSS,Outflow,340
3.0,-1290174122_FL,TSS,Outflow,340
47.0,-1290174122_FL,TSS,Outflow,340
6.0,-1290174122_FL,TSS,Outflow,340
20.29999923706055,-1290174122_FL,TSS,Outflow,341
4.0,-1290174122_FL,TSS,Outflow,341
30.79999923706055,-1290174122_FL,TSS,Outflow,341
10.0,-1290174122_FL,TSS,Outflow,341
5.699999809265137,-1290174122_FL,TSS,Outflow,341
4.0,-1290174122_FL,TSS,Outflow,342
5.0,-1290174122_FL,TSS,Outflow,342
11.5,-1290174122_FL,TSS,Outflow,342
10.5,-1290174122_FL,TSS,Outflow,342
2.0,-1290174122_FL,TSS,Outflow,342
2.0,-1290174122_FL,TSS,Outflow,343
47.0,-1290174122_FL,TSS,Outflow,343
2.0,-1290174122_FL,TSS,Outflow,343
9.699999809265137,-1290174122_FL,TSS,Outflow,343
3.0,-1290174122_FL,TSS,Outflow,343
5.300000190734863,-1290174122_FL,TSS,Outflow,344
11.0,-1290174122_FL,TSS,Outflow,344
29.39999961853027,-1290174122_FL,TSS,Outflow,344
3.0,-1290174122_FL,TSS,Outflow,344
2.0,-1290174122_FL,TSS,Outflow,344
2.0,-1290174122_FL,TSS,Outflow,345
0.02999999932944775,-1290174122_FL,TSS,Outflow,345
8.0,-1290174122_FL,TSS,Outflow,345
7.900000095367432,-1290174122_FL,TSS,Outflow,345
3.0,-1290174122_FL,TSS,Outflow,345
16.5,-1290174122_FL,TSS,Outflow,346
6.0,-1290174122_FL,TSS,Outflow,346
4.0,-1290174122_FL,TSS,Outflow,346
23.0,-1290174122_FL,TSS,Outflow,346
11.5,-1290174122_FL,TSS,Outflow,346
29.39999961853027,-1290174122_FL,TSS,Outflow,347
3.0,-1290174122_FL,TSS,Outflow,347
2.0,-1290174122_FL,TSS,Outflow,347
11.0,-1290174122_FL,TSS,Outflow,347
5.0,-1290174122_FL,TSS,Outflow,347
3.0,-1290174122_FL,TSS,Outflow,348
5.0,-1290174122_FL,TSS,Outflow,348
5.099999904632568,-1290174122_FL,TSS,Outflow,348
10.0,-1290174122_FL,TSS,Outflow,348
7.0,-1290174122_FL,TSS,Outflow,348
47.0,-1290174122_FL,TSS,Outflow,349
2.0,-1290174122_FL,TSS,Outflow,349
3.0,-1290174122_FL,TSS,Outflow,349
10.0,-1290174122_FL,TSS,Outflow,349
1.0,-1290174122_FL,TSS,Outflow,349
9.100000381469727,-1290174122_FL,TSS,Outflow,350
3.0,-1290174122_FL,TSS,Outflow,350
6.0,-1290174122_FL,TSS,Outflow,350
20.29999923706055,-1290174122_FL,TSS,Outflow,350
5.0,-1290174122_FL,TSS,Outflow,350
16.0,-1290174122_FL,TSS,Outflow,351
4.0,-1290174122_FL,TSS,Outflow,351
5.099999904632568,-1290174122_FL,TSS,Outflow,351
16.0,-1290174122_FL,TSS,Outflow,351
47.0,-1290174122_FL,TSS,Outflow,351
12.39999961853027,-1290174122_FL,TSS,Outflow,352
15.89999961853027,-1290174122_FL,TSS,Outflow,352
12.5,-1290174122_FL,TSS,Outflow,352
7.300000190734863,-1290174122_FL,TSS,Outflow,352
7.099999904632568,-1290174122_FL,TSS,Outflow,352
9.600000381469727,-1290174122_FL,TSS,Outflow,353
7.599999904632568,-1290174122_FL,TSS,Outflow,353
2.0,-1290174122_FL,TSS,Outflow,353
15.0,-1290174122_FL,TSS,Outflow,353
10.5,-1290174122_FL,TSS,Outflow,353
6.0,-1290174122_FL,TSS,Outflow,354
10.0,-1290174122_FL,TSS,Outflow,354
3.0,-1290174122_FL,TSS,Outflow,354
2.0,-1290174122_FL,TSS,Outflow,354
5.0,-1290174122_FL,TSS,Outflow,354
12.10000038146973,-1290174122_FL,TSS,Outflow,355
2.0,-1290174122_FL,TSS,Outflow,355
2.0,-1290174122_FL,TSS,Outflow,355
8.0,-1290174122_FL,TSS,Outflow,355
10.5,-1290174122_FL,TSS,Outflow,355
9.5,-1290174122_FL,TSS,Outflow,356
13.69999980926514,-1290174122_FL,TSS,Outflow,356
4.0,-1290174122_FL,TSS,Outflow,356
2.0,-1290174122_FL,TSS,Outflow,356
8.0,-1290174122_FL,TSS,Outflow,356
6.0,-1290174122_FL,TSS,Outflow,357
47.0,-1290174122_FL,TSS,Outflow,357
1.0,-1290174122_FL,TSS,Outflow,357
2.0,-1290174122_FL,TSS,Outflow,357
9.699999809265137,-1290174122_FL,TSS,Outflow,357
11.0,-1290174122_FL,TSS,Outflow,358
3.0,-1290174122_FL,TSS,Outflow,358
3.0,-1290174122_FL,TSS,Outflow,358
10.0,-1290174122_FL,TSS,Outflow,358
5.699999809265137,-1290174122_FL,TSS,Outflow,358
2.0,-1290174122_FL,TSS,Outflow,359
8.0,-1290174122_FL,TSS,Outflow,359
2.0,-1290174122_FL,TSS,Outflow,359
11.5,-1290174122_FL,TSS,Outflow,359
5.0,-1290174122_FL,TSS,Outflow,359
10.69999980926514,-1290174122_FL,TSS,Outflow,360
2.0,-1290174122_FL,TSS,Outflow,360
6.0,-1290174122_FL,TSS,Outflow,360
7.599999904632568,-1290174122_FL,TSS,Outflow,360
5.0,-1290174122_FL,TSS,Outflow,360
10.5,-1290174122_FL,TSS,Outflow,361
9.0,-1290174122_FL,TSS,Outflow,361
7.099999904632568,-1290174122_FL,TSS,Outflow,361
3.0,-1290174122_FL,TSS,Outflow,361
3.0,-1290174122_FL,TSS,Outflow,361
12.10000038146973,-1290174122_FL,TSS,Outflow,362
5.300000190734863,-1290174122_FL,TSS,Outflow,362
3.0,-1290174122_FL,TSS,Outflow,362
8.0,-1290174122_FL,TSS,Outflow,362
2.0,-1290174122_FL,TSS,Outflow,362
15.89999961853027,-1290174122_FL,TSS,Outflow,363
49.29999923706055,-1290174122_FL,TSS,Outflow,363
19.0,-1290174122_FL,TSS,Outflow,363
12.10000038146973,-1290174122_FL,TSS,Outflow,363
16.5,-1290174122_FL,TSS,Outflow,363
5.0,-1290174122_FL,TSS,Outflow,364
3.0,-1290174122_FL,TSS,Outflow,364
12.39999961853027,-1290174122_FL,TSS,Outflow,364
4.0,-1290174122_FL,TSS,Outflow,364
3.0,-1290174122_FL,TSS,Outflow,364
29.39999961853027,-1290174122_FL,TSS,Outflow,365
11.0,-1290174122_FL,TSS,Outflow,365
4.0,-1290174122_FL,TSS,Outflow,365
20.70000076293945,-1290174122_FL,TSS,Outflow,365
9.5,-1290174122_FL,TSS,Outflow,365
15.0,-1290174122_FL,TSS,Outflow,366
3.0,-1290174122_FL,TSS,Outflow,366
3.0,-1290174122_FL,TSS,Outflow,366
3.0,-1290174122_FL,TSS,Outflow,366
8.0,-1290174122_FL,TSS,Outflow,366
12.39999961853027,-1290174122_FL,TSS,Outflow,367
5.0,-1290174122_FL,TSS,Outflow,367
4.0,-1290174122_FL,TSS,Outflow,367
16.70000076293945,-1290174122_FL,TSS,Outflow,367
12.10000038146973,-1290174122_FL,TSS,Outflow,367
4.0,-1290174122_FL,TSS,Outflow,368
9.699999809265137,-1290174122_FL,TSS,Outflow,368
11.0,-1290174122_FL,TSS,Outflow,368
3.0,-1290174122_FL,TSS,Outflow,368
10.0,-1290174122_FL,TSS,Outflow,368
7.599999904632568,-1290174122_FL,TSS,Outflow,369
7.300000190734863,-1290174122_FL,TSS,Outflow,369
23.0,-1290174122_FL,TSS,Outflow,369
10.5,-1290174122_FL,TSS,Outflow,369
5.0,-1290174122_FL,TSS,Outflow,369
12.39999961853027,-1290174122_FL,TSS,Outflow,370
20.29999923706055,-1290174122_FL,TSS,Outflow,370
49.29999923706055,-1290174122_FL,TSS,Outflow,370
4.0,-1290174122_FL,TSS,Outflow,370
15.0,-1290174122_FL,TSS,Outflow,370
3.0,-1290174122_FL,TSS,Outflow,371
3.0,-1290174122_FL,TSS,Outflow,371
10.5,-1290174122_FL,TSS,Outflow,371
2.0,-1290174122_FL,TSS,Outflow,371
7.0,-1290174122_FL,TSS,Outflow,371
10.0,-1290174122_FL,TSS,Outflow,372
7.599999904632568,-1290174122_FL,TSS,Outflow,372
7.5,-1290174122_FL,TSS,Outflow,372
3.0,-1290174122_FL,TSS,Outflow,372
3.0,-1290174122_FL,TSS,Outflow,372
29.39999961853027,-1290174122_FL,TSS,Outflow,373
6.0,-1290174122_FL,TSS,Outflow,373
5.0,-1290174122_FL,TSS,Outflow,373
8.0,-1290174122_FL,TSS,Outflow,373
9.0,-1290174122_FL,TSS,Outflow,373
3.0,-1290174122_FL,TSS,Outflow,374
0.02999999932944775,-1290174122_FL,TSS,Outflow,374
1.0,-1290174122_FL,TSS,Outflow,374
7.5,-1290174122_FL,TSS,Outflow,374
9.600000381469727,-1290174122_FL,TSS,Outflow,374
30.79999923706055,-1290174122_FL,TSS,Outflow,375
5.0,-1290174122_FL,TSS,Outflow,375
7.099999904632568,-1290174122_FL,TSS,Outflow,375
3.0,-1290174122_FL,TSS,Outflow,375
9.600000381469727,-1290174122_FL,TSS,Outflow,375
5.0,-1290174122_FL,TSS,Outflow,376
20.70000076293945,-1290174122_FL,TSS,Outflow,376
10.0,-1290174122_FL,TSS,Outflow,376
7.300000190734863,-1290174122_FL,TSS,Outflow,376
3.0,-1290174122_FL,TSS,Outflow,376
5.0,-1290174122_FL,TSS,Outflow,377
47.0,-1290174122_FL,TSS,Outflow,377
5.699999809265137,-1290174122_FL,TSS,Outflow,377
3.0,-1290174122_FL,TSS,Outflow,377
5.099999904632568,-1290174122_FL,TSS,Outflow,377
9.5,-1290174122_FL,TSS,Outflow,378
2.0,-1290174122_FL,TSS,Outflow,378
3.0,-1290174122_FL,TSS,Outflow,378
12.10000038146973,-1290174122_FL,TSS,Outflow,378
3.0,-1290174122_FL,TSS,Outflow,378
16.5,-1290174122_FL,TSS,Outflow,379
16.0,-1290174122_FL,TSS,Outflow,379
1.0,-1290174122_FL,TSS,Outflow,379
3.0,-1290174122_FL,TSS,Outflow,379
6.0,-1290174122_FL,TSS,Outflow,379
3.0,-1290174122_FL,TSS,Outflow,380
5.0,-1290174122_FL,TSS,Outflow,380
6.0,-1290174122_FL,TSS,Outflow,380
4.0,-1290174122_FL,TSS,Outflow,380
9.0,-1290174122_FL,TSS,Outflow,380
3.0,-1290174122_FL,TSS,Outflow,381
3.0,-1290174122_FL,TSS,Outflow,381
2.0,-1290174122_FL,TSS,Outflow,381
19.0,-1290174122_FL,TSS,Outflow,381
9.100000381469727,-1290174122_FL,TSS,Outflow,381
1.0,-1290174122_FL,TSS,Outflow,382
11.0,-1290174122_FL,TSS,Outflow,382
7.0,-1290174122_FL,TSS,Outflow,382
3.0,-1290174122_FL,TSS,Outflow,382
5.0,-1290174122_FL,TSS,Outflow,382
9.100000381469727,-1290174122_FL,TSS,Outflow,383
4.0,-1290174122_FL,TSS,Outflow,383
5.0,-1290174122_FL,TSS,Outflow,383
12.10000038146973,-1290174122_FL,TSS,Outflow,383
7.0,-1290174122_FL,TSS,Outflow,383
8.0,-1290174122_FL,TSS,Outflow,384
6.0,-1290174122_FL,TSS,Outflow,384
49.29999923706055,-1290174122_FL,TSS,Outflow,384
9.0,-1290174122_FL,TSS,Outflow,384
7.099999904632568,-1290174122_FL,TSS,Outflow,384
1.0,-1290174122_FL,TSS,Outflow,385
28.0,-1290174122_FL,TSS,Outflow,385
7.099999904632568,-1290174122_FL,TSS,Outflow,385
10.5,-1290174122_FL,TSS,Outflow,385
2.0,-1290174122_FL,TSS,Outflow,385
4.0,-1290174122_FL,TSS,Outflow,386
3.0,-1290174122_FL,TSS,Outflow,386
5.0,-1290174122_FL,TSS,Outflow,386
2.0,-1290174122_FL,TSS,Outflow,386
7.0,-1290174122_FL,TSS,Outflow,386
9.0,-1290174122_FL,TSS,Outflow,387
5.0,-1290174122_FL,TSS,Outflow,387
3.0,-1290174122_FL,TSS,Outflow,387
5.099999904632568,-1290174122_FL,TSS,Outflow,387
30.79999923706055,-1290174122_FL,TSS,Outflow,387
3.0,-1290174122_FL,TSS,Outflow,388
7.599999904632568,-1290174122_FL,TSS,Outflow,388
9.899999618530273,-1290174122_FL,TSS,Outflow,388
5.0,-1290174122_FL,TSS,Outflow,388
10.69999980926514,-1290174122_FL,TSS,Outflow,388
13.69999980926514,-1290174122_FL,TSS,Outflow,389
3.0,-1290174122_FL,TSS,Outflow,389
2.0,-1290174122_FL,TSS,Outflow,389
15.89999961853027,-1290174122_FL,TSS,Outflow,389
23.0,-1290174122_FL,TSS,Outflow,389
7.900000095367432,-1290174122_FL,TSS,Outflow,390
3.0,-1290174122_FL,TSS,Outflow,390
3.0,-1290174122_FL,TSS,Outflow,390
2.0,-1290174122_FL,TSS,Outflow,390
49.29999923706055,-1290174122_FL,TSS,Outflow,390
30.79999923706055,-1290174122_FL,TSS,Outflow,391
16.70000076293945,-1290174122_FL,TSS,Outflow,391
3.0,-1290174122_FL,TSS,Outflow,391
4.0,-1290174122_FL,TSS,Outflow,391
11.0,-1290174122_FL,TSS,Outflow,391
4.0,-1290174122_FL,TSS,Outflow,392
4.0,-1290174122_FL,TSS,Outflow,392
16.70000076293945,-1290174122_FL,TSS,Outflow,392
3.0,-1290174122_FL,TSS,Outflow,392
49.29999923706055,-1290174122_FL,TSS,Outflow,392
15.0,-1290174122_FL,TSS,Outflow,393
5.699999809265137,-1290174122_FL,TSS,Outflow,393
9.0,-1290174122_FL,TSS,Outflow,393
2.0,-1290174122_FL,TSS,Outflow,393
3.0,-1290174122_FL,TSS,Outflow,393
10.69999980926514,-1290174122_FL,TSS,Outflow,394
2.0,-1290174122_FL,TSS,Outflow,394
5.699999809265137,-1290174122_FL,TSS,Outflow,394
0.02999999932944775,-1290174122_FL,TSS,Outflow,394
5.0,-1290174122_FL,TSS,Outflow,394
6.0,-1290174122_FL,TSS,Outflow,395
4.0,-1290174122_FL,TSS,Outflow,395
4.0,-1290174122_FL,TSS,Outflow,395
9.0,-1290174122_FL,TSS,Outflow,395
8.0,-1290174122_FL,TSS,Outflow,395
12.10000038146973,-1290174122_FL,TSS,Outflow,396
10.0,-1290174122_FL,TSS,Outflow,396
12.5,-1290174122_FL,TSS,Outflow,396
7.0,-1290174122_FL,TSS,Outflow,396
7.0,-1290174122_FL,TSS,Outflow,396
11.0,-1290174122_FL,TSS,Outflow,397
16.70000076293945,-1290174122_FL,TSS,Outflow,397
16.0,-1290174122_FL,TSS,Outflow,397
8.0,-1290174122_FL,TSS,Outflow,397
28.0,-1290174122_FL,TSS,Outflow,397
5.0,-1290174122_FL,TSS,Outflow,398
4.0,-1290174122_FL,TSS,Outflow,398
3.0,-1290174122_FL,TSS,Outflow,398
9.899999618530273,-1290174122_FL,TSS,Outflow,398
11.0,-1290174122_FL,TSS,Outflow,398
10.0,-1290174122_FL,TSS,Outflow,399
16.60000038146973,-1290174122_FL,TSS,Outflow,399
2.0,-1290174122_FL,TSS,Outflow,399
11.5,-1290174122_FL,TSS,Outflow,399
2.0,-1290174122_FL,TSS,Outflow,399
49.29999923706055,-1290174122_FL,TSS,Outflow,400
16.60000038146973,-1290174122_FL,TSS,Outflow,400
2.0,-1290174122_FL,TSS,Outflow,400
15.0,-1290174122_FL,TSS,Outflow,400
10.0,-1290174122_FL,TSS,Outflow,400
12.5,-1290174122_FL,TSS,Outflow,401
20.29999923706055,-1290174122_FL,TSS,Outflow,401
10.0,-1290174122_FL,TSS,Outflow,401
5.0,-1290174122_FL,TSS,Outflow,401
16.70000076293945,-1290174122_FL,TSS,Outflow,401
47.0,-1290174122_FL,TSS,Outflow,402
2.0,-1290174122_FL,TSS,Outflow,402
2.0,-1290174122_FL,TSS,Outflow,402
7.0,-1290174122_FL,TSS,Outflow,402
3.0,-1290174122_FL,TSS,Outflow,402
7.0,-1290174122_FL,TSS,Outflow,403
5.300000190734863,-1290174122_FL,TSS,Outflow,403
1.0,-1290174122_FL,TSS,Outflow,403
9.899999618530273,-1290174122_FL,TSS,Outflow,403
4.0,-1290174122_FL,TSS,Outflow,403
16.0,-1290174122_FL,TSS,Outflow,404
20.70000076293945,-1290174122_FL,TSS,Outflow,404
8.0,-1290174122_FL,TSS,Outflow,404
5.099999904632568,-1290174122_FL,TSS,Outflow,404
3.0,-1290174122_FL,TSS,Outflow,404
12.39999961853027,-1290174122_FL,TSS,Outflow,405
3.0,-1290174122_FL,TSS,Outflow,405
1.0,-1290174122_FL,TSS,Outflow,405
5.0,-1290174122_FL,TSS,Outflow,405
4.0,-1290174122_FL,TSS,Outflow,405
10.0,-1290174122_FL,TSS,Outflow,406
10.5,-1290174122_FL,TSS,Outflow,406
3.0,-1290174122_FL,TSS,Outflow,406
4.0,-1290174122_FL,TSS,Outflow,406
8.0,-1290174122_FL,TSS,Outflow,406
3.0,-1290174122_FL,TSS,Outflow,407
2.0,-1290174122_FL,TSS,Outflow,407
30.79999923706055,-1290174122_FL,TSS,Outflow,407
6.0,-1290174122_FL,TSS,Outflow,407
19.0,-1290174122_FL,TSS,Outflow,407
11.5,-1290174122_FL,TSS,Outflow,408
4.0,-1290174122_FL,TSS,Outflow,408
11.0,-1290174122_FL,TSS,Outflow,408
9.5,-1290174122_FL,TSS,Outflow,408
5.099999904632568,-1290174122_FL,TSS,Outflow,408
10.0,-1290174122_FL,TSS,Outflow,409
5.0,-1290174122_FL,TSS,Outflow,409
2.0,-1290174122_FL,TSS,Outflow,409
10.0,-1290174122_FL,TSS,Outflow,409
7.0,-1290174122_FL,TSS,Outflow,409
3.0,-1290174122_FL,TSS,Outflow,410
2.0,-1290174122_FL,TSS,Outflow,410
9.699999809265137,-1290174122_FL,TSS,Outflow,410
7.0,-1290174122_FL,TSS,Outflow,410
15.89999961853027,-1290174122_FL,TSS,Outflow,410
3.0,-1290174122_FL,TSS,Outflow,411
9.100000381469727,-1290174122_FL,TSS,Outflow,411
3.0,-1290174122_FL,TSS,Outflow,411
8.0,-1290174122_FL,TSS,Outflow,411
10.0,-1290174122_FL,TSS,Outflow,411
4.0,-1290174122_FL,TSS,Outflow,412
3.0,-1290174122_FL,TSS,Outflow,412
9.699999809265137,-1290174122_FL,TSS,Outflow,412
3.0,-1290174122_FL,TSS,Outflow,412
5.0,-1290174122_FL,TSS,Outflow,412
9.600000381469727,-1290174122_FL,TSS,Outflow,413
4.0,-1290174122_FL,TSS,Outflow,413
47.0,-1290174122_FL,TSS,Outflow,413
15.0,-1290174122_FL,TSS,Outflow,413
8.0,-1290174122_FL,TSS,Outflow,413
1.0,-1290174122_FL,TSS,Outflow,414
9.5,-1290174122_FL,TSS,Outflow,414
12.5,-1290174122_FL,TSS,Outflow,414
10.5,-1290174122_FL,TSS,Outflow,414
7.0,-1290174122_FL,TSS,Outflow,414
5.0,-1290174122_FL,TSS,Outflow,415
19.0,-1290174122_FL,TSS,Outflow,415
47.0,-1290174122_FL,TSS,Outflow,415
23.0,-1290174122_FL,TSS,Outflow,415
13.69999980926514,-1290174122_FL,TSS,Outflow,415
4.0,-1290174122_FL,TSS,Outflow,416
3.0,-1290174122_FL,TSS,Outflow,416
7.599999904632568,-1290174122_FL,TSS,Outflow,416
16.60000038146973,-1290174122_FL,TSS,Outflow,416
3.0,-1290174122_FL,TSS,Outflow,416
9.0,-1290174122_FL,TSS,Outflow,417
9.5,-1290174122_FL,TSS,Outflow,417
8.0,-1290174122_FL,TSS,Outflow,417
7.0,-1290174122_FL,TSS,Outflow,417
11.0,-1290174122_FL,TSS,Outflow,417
3.0,-1290174122_FL,TSS,Outflow,418
16.70000076293945,-1290174122_FL,TSS,Outflow,418
7.0,-1290174122_FL,TSS,Outflow,418
2.0,-1290174122_FL,TSS,Outflow,418
3.0,-1290174122_FL,TSS,Outflow,418
5.0,-1290174122_FL,TSS,Outflow,419
5.0,-1290174122_FL,TSS,Outflow,419
12.10000038146973,-1290174122_FL,TSS,Outflow,419
9.899999618530273,-1290174122_FL,TSS,Outflow,419
9.600000381469727,-1290174122_FL,TSS,Outflow,419
16.60000038146973,-1290174122_FL,TSS,Outflow,420
5.0,-1290174122_FL,TSS,Outflow,420
5.699999809265137,-1290174122_FL,TSS,Outflow,420
2.0,-1290174122_FL,TSS,Outflow,420
3.0,-1290174122_FL,TSS,Outflow,420
3.0,-1290174122_FL,TSS,Outflow,421
9.899999618530273,-1290174122_FL,TSS,Outflow,421
7.0,-1290174122_FL,TSS,Outflow,421
9.600000381469727,-1290174122_FL,TSS,Outflow,421
3.0,-1290174122_FL,TSS,Outflow,421
15.0,-1290174122_FL,TSS,Outflow,422
9.100000381469727,-1290174122_FL,TSS,Outflow,422
16.60000038146973,-1290174122_FL,TSS,Outflow,422
7.599999904632568,-1290174122_FL,TSS,Outflow,422
12.10000038146973,-1290174122_FL,TSS,Outflow,422
8.0,-1290174122_FL,TSS,Outflow,423
9.899999618530273,-1290174122_FL,TSS,Outflow,423
7.0,-1290174122_FL,TSS,Outflow,423
12.10000038146973,-1290174122_FL,TSS,Outflow,423
3.0,-1290174122_FL,TSS,Outflow,423
8.0,-1290174122_FL,TSS,Outflow,424
10.0,-1290174122_FL,TSS,Outflow,424
10.5,-1290174122_FL,TSS,Outflow,424
8.0,-1290174122_FL,TSS,Outflow,424
3.0,-1290174122_FL,TSS,Outflow,424
10.69999980926514,-1290174122_FL,TSS,Outflow,425
16.0,-1290174122_FL,TSS,Outflow,425
7.300000190734863,-1290174122_FL,TSS,Outflow,425
4.0,-1290174122_FL,TSS,Outflow,425
9.5,-1290174122_FL,TSS,Outflow,425
3.0,-1290174122_FL,TSS,Outflow,426
16.0,-1290174122_FL,TSS,Outflow,426
47.0,-1290174122_FL,TSS,Outflow,426
3.0,-1290174122_FL,TSS,Outflow,426
13.69999980926514,-1290174122_FL,TSS,Outflow,426
5.0,-1290174122_FL,TSS,Outflow,427
3.0,-1290174122_FL,TSS,Outflow,427
7.0,-1290174122_FL,TSS,Outflow,427
2.0,-1290174122_FL,TSS,Outflow,427
8.0,-1290174122_FL,TSS,Outflow,427
7.0,-1290174122_FL,TSS,Outflow,428
5.699999809265137,-1290174122_FL,TSS,Outflow,428
9.100000381469727,-1290174122_FL,TSS,Outflow,428
2.0,-1290174122_FL,TSS,Outflow,428
1.0,-1290174122_FL,TSS,Outflow,428
7.0,-1290174122_FL,TSS,Outflow,429
28.0,-1290174122_FL,TSS,Outflow,429
4.0,-1290174122_FL,TSS,Outflow,429
3.0,-1290174122_FL,TSS,Outflow,429
3.0,-1290174122_FL,TSS,Outflow,429
8.0,-1290174122_FL,TSS,Outflow,430
16.0,-1290174122_FL,TSS,Outflow,430
7.0,-1290174122_FL,TSS,Outflow,430
28.0,-1290174122_FL,TSS,Outflow,430
3.0,-1290174122_FL,TSS,Outflow,430
23.0,-1290174122_FL,TSS,Outflow,431
12.10000038146973,-1290174122_FL,TSS,Outflow,431
3.0,-1290174122_FL,TSS,Outflow,431
4.0,-1290174122_FL,TSS,Outflow,431
8.0,-1290174122_FL,TSS,Outflow,431
3.0,-1290174122_FL,TSS,Outflow,432
2.0,-1290174122_FL,TSS,Outflow,432
12.39999961853027,-1290174122_FL,TSS,Outflow,432
16.60000038146973,-1290174122_FL,TSS,Outflow,432
20.70000076293945,-1290174122_FL,TSS,Outflow,432
7.900000095367432,-1290174122_FL,TSS,Outflow,433
16.0,-1290174122_FL,TSS,Outflow,433
49.29999923706055,-1290174122_FL,TSS,Outflow,433
7.300000190734863,-1290174122_FL,TSS,Outflow,433
19.0,-1290174122_FL,TSS,Outflow,433
20.29999923706055,-1290174122_FL,TSS,Outflow,434
5.0,-1290174122_FL,TSS,Outflow,434
20.70000076293945,-1290174122_FL,TSS,Outflow,434
5.0,-1290174122_FL,TSS,Outflow,434
3.0,-1290174122_FL,TSS,Outflow,434
19.0,-1290174122_FL,TSS,Outflow,435
10.5,-1290174122_FL,TSS,Outflow,435
4.0,-1290174122_FL,TSS,Outflow,435
47.0,-1290174122_FL,TSS,Outflow,435
7.099999904632568,-1290174122_FL,TSS,Outflow,435
3.0,-1290174122_FL,TSS,Outflow,436
3.0,-1290174122_FL,TSS,Outflow,436
12.5,-1290174122_FL,TSS,Outflow,436
9.600000381469727,-1290174122_FL,TSS,Outflow,436
28.0,-1290174122_FL,TSS,Outflow,436
5.0,-1290174122_FL,TSS,Outflow,437
9.600000381469727,-1290174122_FL,TSS,Outflow,437
11.0,-1290174122_FL,TSS,Outflow,437
3.0,-1290174122_FL,TSS,Outflow,437
7.0,-1290174122_FL,TSS,Outflow,437
28.0,-1290174122_FL,TSS,Outflow,438
3.0,-1290174122_FL,TSS,Outflow,438
3.0,-1290174122_FL,TSS,Outflow,438
0.02999999932944775,-1290174122_FL,TSS,Outflow,438
15.89999961853027,-1290174122_FL,TSS,Outflow,438
2.0,-1290174122_FL,TSS,Outflow,439
3.0,-1290174122_FL,TSS,Outflow,439
15.89999961853027,-1290174122_FL,TSS,Outflow,439
6.0,-1290174122_FL,TSS,Outflow,439
16.0,-1290174122_FL,TSS,Outflow,439
8.0,-1290174122_FL,TSS,Outflow,440
2.0,-1290174122_FL,TSS,Outflow,440
12.39999961853027,-1290174122_FL,TSS,Outflow,440
3.0,-1290174122_FL,TSS,Outflow,440
10.69999980926514,-1290174122_FL,TSS,Outflow,440
7.099999904632568,-1290174122_FL,TSS,Outflow,441
20.29999923706055,-1290174122_FL,TSS,Outflow,441
20.70000076293945,-1290174122_FL,TSS,Outflow,441
9.699999809265137,-1290174122_FL,TSS,Outflow,441
7.099999904632568,-1290174122_FL,TSS,Outflow,441
9.899999618530273,-1290174122_FL,TSS,Outflow,442
3.0,-1290174122_FL,TSS,Outflow,442
16.0,-1290174122_FL,TSS,Outflow,442
10.0,-1290174122_FL,TSS,Outflow,442
19.0,-1290174122_FL,TSS,Outflow,442
7.5,-1290174122_FL,TSS,Outflow,443
7.0,-1290174122_FL,TSS,Outflow,443
3.0,-1290174122_FL,TSS,Outflow,443
13.69999980926514,-1290174122_FL,TSS,Outflow,443
2.0,-1290174122_FL,TSS,Outflow,443
28.0,-1290174122_FL,TSS,Outflow,444
3.0,-1290174122_FL,TSS,Outflow,444
16.5,-1290174122_FL,TSS,Outflow,444
7.0,-1290174122_FL,TSS,Outflow,444
12.5,-1290174122_FL,TSS,Outflow,444
7.099999904632568,-1290174122_FL,TSS,Outflow,445
8.0,-1290174122_FL,TSS,Outflow,445
10.0,-1290174122_FL,TSS,Outflow,445
16.70000076293945,-1290174122_FL,TSS,Outflow,445
3.0,-1290174122_FL,TSS,Outflow,445
8.0,-1290174122_FL,TSS,Outflow,446
3.0,-1290174122_FL,TSS,Outflow,446
15.0,-1290174122_FL,TSS,Outflow,446
4.0,-1290174122_FL,TSS,Outflow,446
29.39999961853027,-1290174122_FL,TSS,Outflow,446
30.79999923706055,-1290174122_FL,TSS,Outflow,447
7.099999904632568,-1290174122_FL,TSS,Outflow,447
1.0,-1290174122_FL,TSS,Outflow,447
0.02999999932944775,-1290174122_FL,TSS,Outflow,447
3.0,-1290174122_FL,TSS,Outflow,447
11.0,-1290174122_FL,TSS,Outflow,448
5.0,-1290174122_FL,TSS,Outflow,448
0.02999999932944775,-1290174122_FL,TSS,Outflow,448
3.0,-1290174122_FL,TSS,Outflow,448
15.0,-1290174122_FL,TSS,Outflow,448
3.0,-1290174122_FL,TSS,Outflow,449
3.0,-1290174122_FL,TSS,Outflow,449
9.899999618530273,-1290174122_FL,TSS,Outflow,449
9.100000381469727,-1290174122_FL,TSS,Outflow,449
19.0,-1290174122_FL,TSS,Outflow,449
9.5,-1290174122_FL,TSS,Outflow,450
5.699999809265137,-1290174122_FL,TSS,Outflow,450
5.0,-1290174122_FL,TSS,Outflow,450
5.0,-1290174122_FL,TSS,Outflow,450
15.89999961853027,-1290174122_FL,TSS,Outflow,450
3.0,-1290174122_FL,TSS,Outflow,451
10.0,-1290174122_FL,TSS,Outflow,451
9.100000381469727,-1290174122_FL,TSS,Outflow,451
3.0,-1290174122_FL,TSS,Outflow,451
7.0,-1290174122_FL,TSS,Outflow,451
7.099999904632568,-1290174122_FL,TSS,Outflow,452
47.0,-1290174122_FL,TSS,Outflow,452
6.0,-1290174122_FL,TSS,Outflow,452
16.5,-1290174122_FL,TSS,Outflow,452
2.0,-1290174122_FL,TSS,Outflow,452
20.70000076293945,-1290174122_FL,TSS,Outflow,453
12.10000038146973,-1290174122_FL,TSS,Outflow,453
3.0,-1290174122_FL,TSS,Outflow,453
7.300000190734863,-1290174122_FL,TSS,Outflow,453
9.899999618530273,-1290174122_FL,TSS,Outflow,453
47.0,-1290174122_FL,TSS,Outflow,454
3.0,-1290174122_FL,TSS,Outflow,454
9.699999809265137,-1290174122_FL,TSS,Outflow,454
6.0,-1290174122_FL,TSS,Outflow,454
5.0,-1290174122_FL,TSS,Outflow,454
29.39999961853027,-1290174122_FL,TSS,Outflow,455
7.099999904632568,-1290174122_FL,TSS,Outflow,455
2.0,-1290174122_FL,TSS,Outflow,455
5.0,-1290174122_FL,TSS,Outflow,455
2.0,-1290174122_FL,TSS,Outflow,455
7.5,-1290174122_FL,TSS,Outflow,456
3.0,-1290174122_FL,TSS,Outflow,456
4.0,-1290174122_FL,TSS,Outflow,456
12.39999961853027,-1290174122_FL,TSS,Outflow,456
4.0,-1290174122_FL,TSS,Outflow,456
4.0,-1290174122_FL,TSS,Outflow,457
11.0,-1290174122_FL,TSS,Outflow,457
3.0,-1290174122_FL,TSS,Outflow,457
20.29999923706055,-1290174122_FL,TSS,Outflow,457
6.0,-1290174122_FL,TSS,Outflow,457
7.300000190734863,-1290174122_FL,TSS,Outflow,458
4.0,-1290174122_FL,TSS,Outflow,458
30.79999923706055,-1290174122_FL,TSS,Outflow,458
5.699999809265137,-1290174122_FL,TSS,Outflow,458
9.100000381469727,-1290174122_FL,TSS,Outflow,458
2.0,-1290174122_FL,TSS,Outflow,459
1.0,-1290174122_FL,TSS,Outflow,459
16.0,-1290174122_FL,TSS,Outflow,459
3.0,-1290174122_FL,TSS,Outflow,459
3.0,-1290174122_FL,TSS,Outflow,459
3.0,-1290174122_FL,TSS,Outflow,460
4.0,-1290174122_FL,TSS,Outflow,460
15.0,-1290174122_FL,TSS,Outflow,460
3.0,-1290174122_FL,TSS,Outflow,460
7.300000190734863,-1290174122_FL,TSS,Outflow,460
12.10000038146973,-1290174122_FL,TSS,Outflow,461
3.0,-1290174122_FL,TSS,Outflow,461
5.0,-1290174122_FL,TSS,Outflow,461
1.0,-1290174122_FL,TSS,Outflow,461
1.0,-1290174122_FL,TSS,Outflow,461
7.900000095367432,-1290174122_FL,TSS,Outflow,462
9.0,-1290174122_FL,TSS,Outflow,462
3.0,-1290174122_FL,TSS,Outflow,462
0.02999999932944775,-1290174122_FL,TSS,Outflow,462
5.0,-1290174122_FL,TSS,Outflow,462
4.0,-1290174122_FL,TSS,Outflow,463
6.0,-1290174122_FL,TSS,Outflow,463
9.899999618530273,-1290174122_FL,TSS,Outflow,463
4.0,-1290174122_FL,TSS,Outflow,463
15.0,-1290174122_FL,TSS,Outflow,463
10.0,-1290174122_FL,TSS,Outflow,464
29.39999961853027,-1290174122_FL,TSS,Outflow,464
2.0,-1290174122_FL,TSS,Outflow,464
15.89999961853027,-1290174122_FL,TSS,Outflow,464
2.0,-1290174122_FL,TSS,Outflow,464
9.0,-1290174122_FL,TSS,Outflow,465
2.0,-1290174122_FL,TSS,Outflow,465
12.10000038146973,-1290174122_FL,TSS,Outflow,465
7.5,-1290174122_FL,TSS,Outflow,465
2.0,-1290174122_FL,TSS,Outflow,465
8.0,-1290174122_FL,TSS,Outflow,466
16.0,-1290174122_FL,TSS,Outflow,466
4.0,-1290174122_FL,TSS,Outflow,466
3.0,-1290174122_FL,TSS,Outflow,466
1.0,-1290174122_FL,TSS,Outflow,466
7.0,-1290174122_FL,TSS,Outflow,467
15.89999961853027,-1290174122_FL,TSS,Outflow,467
5.699999809265137,-1290174122_FL,TSS,Outflow,467
20.70000076293945,-1290174122_FL,TSS,Outflow,467
2.0,-1290174122_FL,TSS,Outflow,467
7.0,-1290174122_FL,TSS,Outflow,468
5.300000190734863,-1290174122_FL,TSS,Outflow,468
3.0,-1290174122_FL,TSS,Outflow,468
16.5,-1290174122_FL,TSS,Outflow,468
16.70000076293945,-1290174122_FL,TSS,Outflow,468
2.0,-1290174122_FL,TSS,Outflow,469
5.699999809265137,-1290174122_FL,TSS,Outflow,469
30.79999923706055,-1290174122_FL,TSS,Outflow,469
10.5,-1290174122_FL,TSS,Outflow,469
2.0,-1290174122_FL,TSS,Outflow,469
8.0,-1290174122_FL,TSS,Outflow,470
19.0,-1290174122_FL,TSS,Outflow,470
20.29999923706055,-1290174122_FL,TSS,Outflow,470
16.0,-1290174122_FL,TSS,Outflow,470
11.0,-1290174122_FL,TSS,Outflow,470
49.29999923706055,-1290174122_FL,TSS,Outflow,471
9.600000381469727,-1290174122_FL,TSS,Outflow,471
7.099999904632568,-1290174122_FL,TSS,Outflow,471
10.0,-1290174122_FL,TSS,Outflow,471
16.70000076293945,-1290174122_FL,TSS,Outflow,471
6.0,-1290174122_FL,TSS,Outflow,472
9.5,-1290174122_FL,TSS,Outflow,472
15.89999961853027,-1290174122_FL,TSS,Outflow,472
8.0,-1290174122_FL,TSS,Outflow,472
49.29999923706055,-1290174122_FL,TSS,Outflow,472
3.0,-1290174122_FL,TSS,Outflow,473
3.0,-1290174122_FL,TSS,Outflow,473
2.0,-1290174122_FL,TSS,Outflow,473
9.5,-1290174122_FL,TSS,Outflow,473
4.0,-1290174122_FL,TSS,Outflow,473
20.70000076293945,-1290174122_FL,TSS,Outflow,474
29.39999961853027,-1290174122_FL,TSS,Outflow,474
28.0,-1290174122_FL,TSS,Outflow,474
2.0,-1290174122_FL,TSS,Outflow,474
3.0,-1290174122_FL,TSS,Outflow,474
5.0,-1290174122_FL,TSS,Outflow,475
19.0,-1290174122_FL,TSS,Outflow,475
16.70000076293945,-1290174122_FL,TSS,Outflow,475
5.0,-1290174122_FL,TSS,Outflow,475
16.0,-1290174122_FL,TSS,Outflow,475
6.0,-1290174122_FL,TSS,Outflow,476
3.0,-1290174122_FL,TSS,Outflow,476
30.79999923706055,-1290174122_FL,TSS,Outflow,476
7.0,-1290174122_FL,TSS,Outflow,476
11.5,-1290174122_FL,TSS,Outflow,476
13.69999980926514,-1290174122_FL,TSS,Outflow,477
3.0,-1290174122_FL,TSS,Outflow,477
8.0,-1290174122_FL,TSS,Outflow,477
7.0,-1290174122_FL,TSS,Outflow,477
4.0,-1290174122_FL,TSS,Outflow,477
10.5,-1290174122_FL,TSS,Outflow,478
0.02999999932944775,-1290174122_FL,TSS,Outflow,478
9.100000381469727,-1290174122_FL,TSS,Outflow,478
4.0,-1290174122_FL,TSS,Outflow,478
5.0,-1290174122_FL,TSS,Outflow,478
15.0,-1290174122_FL,TSS,Outflow,479
2.0,-1290174122_FL,TSS,Outflow,479
12.5,-1290174122_FL,TSS,Outflow,479
5.099999904632568,-1290174122_FL,TSS,Outflow,479
11.0,-1290174122_FL,TSS,Outflow,479
8.0,-1290174122_FL,TSS,Outflow,480
16.70000076293945,-1290174122_FL,TSS,Outflow,480
16.60000038146973,-1290174122_FL,TSS,Outflow,480
3.0,-1290174122_FL,TSS,Outflow,480
7.099999904632568,-1290174122_FL,TSS,Outflow,480
7.0,-1290174122_FL,TSS,Outflow,481
16.0,-1290174122_FL,TSS,Outflow,481
49.29999923706055,-1290174122_FL,TSS,Outflow,481
4.0,-1290174122_FL,TSS,Outflow,481
9.899999618530273,-1290174122_FL,TSS,Outflow,481
10.5,-1290174122_FL,TSS,Outflow,482
7.099999904632568,-1290174122_FL,TSS,Outflow,482
4.0,-1290174122_FL,TSS,Outflow,482
3.0,-1290174122_FL,TSS,Outflow,482
7.0,-1290174122_FL,TSS,Outflow,482
3.0,-1290174122_FL,TSS,Outflow,483
3.0,-1290174122_FL,TSS,Outflow,483
49.29999923706055,-1290174122_FL,TSS,Outflow,483
9.699999809265137,-1290174122_FL,TSS,Outflow,483
1.0,-1290174122_FL,TSS,Outflow,483
4.0,-1290174122_FL,TSS,Outflow,484
9.899999618530273,-1290174122_FL,TSS,Outflow,484
12.10000038146973,-1290174122_FL,TSS,Outflow,484
9.600000381469727,-1290174122_FL,TSS,Outflow,484
15.89999961853027,-1290174122_FL,TSS,Outflow,484
4.0,-1290174122_FL,TSS,Outflow,485
3.0,-1290174122_FL,TSS,Outflow,485
16.0,-1290174122_FL,TSS,Outflow,485
5.099999904632568,-1290174122_FL,TSS,Outflow,485
7.0,-1290174122_FL,TSS,Outflow,485
13.69999980926514,-1290174122_FL,TSS,Outflow,486
3.0,-1290174122_FL,TSS,Outflow,486
19.0,-1290174122_FL,TSS,Outflow,486
2.0,-1290174122_FL,TSS,Outflow,486
15.0,-1290174122_FL,TSS,Outflow,486
9.600000381469727,-1290174122_FL,TSS,Outflow,487
5.0,-1290174122_FL,TSS,Outflow,487
4.0,-1290174122_FL,TSS,Outflow,487
9.699999809265137,-1290174122_FL,TSS,Outflow,487
16.0,-1290174122_FL,TSS,Outflow,487
3.0,-1290174122_FL,TSS,Outflow,488
2.0,-1290174122_FL,TSS,Outflow,488
16.60000038146973,-1290174122_FL,TSS,Outflow,488
7.599999904632568,-1290174122_FL,TSS,Outflow,488
8.0,-1290174122_FL,TSS,Outflow,488
7.0,-1290174122_FL,TSS,Outflow,489
10.0,-1290174122_FL,TSS,Outflow,489
20.29999923706055,-1290174122_FL,TSS,Outflow,489
12.10000038146973,-1290174122_FL,TSS,Outflow,489
0.02999999932944775,-1290174122_FL,TSS,Outflow,489
3.0,-1290174122_FL,TSS,Outflow,490
2.0,-1290174122_FL,TSS,Outflow,490
4.0,-1290174122_FL,TSS,Outflow,490
9.100000381469727,-1290174122_FL,TSS,Outflow,490
19.0,-1290174122_FL,TSS,Outflow,490
5.0,-1290174122_FL,TSS,Outflow,491
2.0,-1290174122_FL,TSS,Outflow,491
3.0,-1290174122_FL,TSS,Outflow,491
1.0,-1290174122_FL,TSS,Outflow,491
20.70000076293945,-1290174122_FL,TSS,Outflow,491
12.5,-1290174122_FL,TSS,Outflow,492
3.0,-1290174122_FL,TSS,Outflow,492
4.0,-1290174122_FL,TSS,Outflow,492
20.29999923706055,-1290174122_FL,TSS,Outflow,492
3.0,-1290174122_FL,TSS,Outflow,492
5.099999904632568,-1290174122_FL,TSS,Outflow,493
10.0,-1290174122_FL,TSS,Outflow,493
15.0,-1290174122_FL,TSS,Outflow,493
10.69999980926514,-1290174122_FL,TSS,Outflow,493
20.70000076293945,-1290174122_FL,TSS,Outflow,493
9.899999618530273,-1290174122_FL,TSS,Outflow,494
8.0,-1290174122_FL,TSS,Outflow,494
7.0,-1290174122_FL,TSS,Outflow,494
5.699999809265137,-1290174122_FL,TSS,Outflow,494
6.0,-1290174122_FL,TSS,Outflow,494
3.0,-1290174122_FL,TSS,Outflow,495
10.5,-1290174122_FL,TSS,Outflow,495
4.0,-1290174122_FL,TSS,Outflow,495
6.0,-1290174122_FL,TSS,Outflow,495
6.0,-1290174122_FL,TSS,Outflow,495
1.0,-1290174122_FL,TSS,Outflow,496
10.5,-1290174122_FL,TSS,Outflow,496
9.0,-1290174122_FL,TSS,Outflow,496
16.60000038146973,-1290174122_FL,TSS,Outflow,496
3.0,-1290174122_FL,TSS,Outflow,496
3.0,-1290174122_FL,TSS,Outflow,497
15.89999961853027,-1290174122_FL,TSS,Outflow,497
3.0,-1290174122_FL,TSS,Outflow,497
2.0,-1290174122_FL,TSS,Outflow,497
4.0,-1290174122_FL,TSS,Outflow,497
8.0,-1290174122_FL,TSS,Outflow,498
3.0,-1290174122_FL,TSS,Outflow,498
47.0,-1290174122_FL,TSS,Outflow,498
7.099999904632568,-1290174122_FL,TSS,Outflow,498
2.0,-1290174122_FL,TSS,Outflow,498
0.02999999932944775,-1290174122_FL,TSS,Outflow,499
3.0,-1290174122_FL,TSS,Outflow,499
30.79999923706055,-1290174122_FL,TSS,Outflow,499
10.0,-1290174122_FL,TSS,Outflow,499
4.0,-1290174122_FL,TSS,Outflow,499
29.39999961853027,-1290174122_FL,TSS,Outflow,500
2.0,-1290174122_FL,TSS,Outflow,500
8.0,-1290174122_FL,TSS,Outflow,500
3.0,-1290174122_FL,TSS,Outflow,500
9.0,-1290174122_FL,TSS,Outflow,500
