EMC,Location,Analyte,Flow,Run
5.099999904632568,-1290174122_FL,TSS,Outflow,1
5.0,-1290174122_FL,TSS,Outflow,1
5.0,-1290174122_FL,TSS,Outflow,1
4.0,-1290174122_FL,TSS,Outflow,1
5.0,-1290174122_FL,TSS,Outflow,1
5.0,-1290174122_FL,TSS,Outflow,2
7.599999904632568,-1290174122_FL,TSS,Outflow,2
16.5,-1290174122_FL,TSS,Outflow,2
16.70000076293945,-1290174122_FL,TSS,Outflow,2
2.0,-1290174122_FL,TSS,Outflow,2
3.0,-1290174122_FL,TSS,Outflow,3
5.0,-1290174122_FL,TSS,Outflow,3
7.0,-1290174122_FL,TSS,Outflow,3
4.0,-1290174122_FL,TSS,Outflow,3
3.0,-1290174122_FL,TSS,Outflow,3
2.0,-1290174122_FL,TSS,Outflow,4
7.900000095367432,-1290174122_FL,TSS,Outflow,4
2.0,-1290174122_FL,TSS,Outflow,4
4.0,-1290174122_FL,TSS,Outflow,4
3.0,-1290174122_FL,TSS,Outflow,4
13.69999980926514,-1290174122_FL,TSS,Outflow,5
5.0,-1290174122_FL,TSS,Outflow,5
2.0,-1290174122_FL,TSS,Outflow,5
15.89999961853027,-1290174122_FL,TSS,Outflow,5
49.29999923706055,-1290174122_FL,TSS,Outflow,5
3.0,-1290174122_FL,TSS,Outflow,6
4.0,-1290174122_FL,TSS,Outflow,6
2.0,-1290174122_FL,TSS,Outflow,6
5.0,-1290174122_FL,TSS,Outflow,6
8.0,-1290174122_FL,TSS,Outflow,6
8.0,-1290174122_FL,TSS,Outflow,7
16.60000038146973,-1290174122_FL,TSS,Outflow,7
9.899999618530273,-1290174122_FL,TSS,Outflow,7
1.0,-1290174122_FL,TSS,Outflow,7
16.5,-1290174122_FL,TSS,Outflow,7
3.0,-1290174122_FL,TSS,Outflow,8
3.0,-1290174122_FL,TSS,Outflow,8
3.0,-1290174122_FL,TSS,Outflow,8
12.39999961853027,-1290174122_FL,TSS,Outflow,8
9.100000381469727,-1290174122_FL,TSS,Outflow,8
9.699999809265137,-1290174122_FL,TSS,Outflow,9
8.0,-1290174122_FL,TSS,Outflow,9
7.0,-1290174122_FL,TSS,Outflow,9
11.0,-1290174122_FL,TSS,Outflow,9
2.0,-1290174122_FL,TSS,Outflow,9
1.0,-1290174122_FL,TSS,Outflow,10
10.0,-1290174122_FL,TSS,Outflow,10
20.70000076293945,-1290174122_FL,TSS,Outflow,10
28.0,-1290174122_FL,TSS,Outflow,10
19.0,-1290174122_FL,TSS,Outflow,10
11.5,-1290174122_FL,TSS,Outflow,11
9.5,-1290174122_FL,TSS,Outflow,11
4.0,-1290174122_FL,TSS,Outflow,11
7.599999904632568,-1290174122_FL,TSS,Outflow,11
3.0,-1290174122_FL,TSS,Outflow,11
2.0,-1290174122_FL,TSS,Outflow,12
3.0,-1290174122_FL,TSS,Outflow,12
12.39999961853027,-1290174122_FL,TSS,Outflow,12
9.899999618530273,-1290174122_FL,TSS,Outflow,12
4.0,-1290174122_FL,TSS,Outflow,12
8.0,-1290174122_FL,TSS,Outflow,13
8.0,-1290174122_FL,TSS,Outflow,13
3.0,-1290174122_FL,TSS,Outflow,13
28.0,-1290174122_FL,TSS,Outflow,13
16.0,-1290174122_FL,TSS,Outflow,13
29.39999961853027,-1290174122_FL,TSS,Outflow,14
3.0,-1290174122_FL,TSS,Outflow,14
3.0,-1290174122_FL,TSS,Outflow,14
20.70000076293945,-1290174122_FL,TSS,Outflow,14
7.599999904632568,-1290174122_FL,TSS,Outflow,14
15.89999961853027,-1290174122_FL,TSS,Outflow,15
3.0,-1290174122_FL,TSS,Outflow,15
16.0,-1290174122_FL,TSS,Outflow,15
3.0,-1290174122_FL,TSS,Outflow,15
1.0,-1290174122_FL,TSS,Outflow,15
8.0,-1290174122_FL,TSS,Outflow,16
30.79999923706055,-1290174122_FL,TSS,Outflow,16
6.0,-1290174122_FL,TSS,Outflow,16
7.0,-1290174122_FL,TSS,Outflow,16
20.29999923706055,-1290174122_FL,TSS,Outflow,16
3.0,-1290174122_FL,TSS,Outflow,17
5.0,-1290174122_FL,TSS,Outflow,17
12.5,-1290174122_FL,TSS,Outflow,17
3.0,-1290174122_FL,TSS,Outflow,17
11.0,-1290174122_FL,TSS,Outflow,17
5.0,-1290174122_FL,TSS,Outflow,18
28.0,-1290174122_FL,TSS,Outflow,18
4.0,-1290174122_FL,TSS,Outflow,18
16.70000076293945,-1290174122_FL,TSS,Outflow,18
4.0,-1290174122_FL,TSS,Outflow,18
3.0,-1290174122_FL,TSS,Outflow,19
5.0,-1290174122_FL,TSS,Outflow,19
3.0,-1290174122_FL,TSS,Outflow,19
3.0,-1290174122_FL,TSS,Outflow,19
7.0,-1290174122_FL,TSS,Outflow,19
7.900000095367432,-1290174122_FL,TSS,Outflow,20
9.0,-1290174122_FL,TSS,Outflow,20
19.0,-1290174122_FL,TSS,Outflow,20
4.0,-1290174122_FL,TSS,Outflow,20
5.0,-1290174122_FL,TSS,Outflow,20
2.0,-1290174122_FL,TSS,Outflow,21
4.0,-1290174122_FL,TSS,Outflow,21
10.0,-1290174122_FL,TSS,Outflow,21
8.0,-1290174122_FL,TSS,Outflow,21
3.0,-1290174122_FL,TSS,Outflow,21
3.0,-1290174122_FL,TSS,Outflow,22
9.600000381469727,-1290174122_FL,TSS,Outflow,22
3.0,-1290174122_FL,TSS,Outflow,22
10.5,-1290174122_FL,TSS,Outflow,22
4.0,-1290174122_FL,TSS,Outflow,22
10.0,-1290174122_FL,TSS,Outflow,23
2.0,-1290174122_FL,TSS,Outflow,23
16.0,-1290174122_FL,TSS,Outflow,23
6.0,-1290174122_FL,TSS,Outflow,23
19.0,-1290174122_FL,TSS,Outflow,23
5.300000190734863,-1290174122_FL,TSS,Outflow,24
15.0,-1290174122_FL,TSS,Outflow,24
15.89999961853027,-1290174122_FL,TSS,Outflow,24
1.0,-1290174122_FL,TSS,Outflow,24
5.0,-1290174122_FL,TSS,Outflow,24
10.69999980926514,-1290174122_FL,TSS,Outflow,25
3.0,-1290174122_FL,TSS,Outflow,25
7.900000095367432,-1290174122_FL,TSS,Outflow,25
10.5,-1290174122_FL,TSS,Outflow,25
8.0,-1290174122_FL,TSS,Outflow,25
20.70000076293945,-1290174122_FL,TSS,Outflow,26
8.0,-1290174122_FL,TSS,Outflow,26
4.0,-1290174122_FL,TSS,Outflow,26
2.0,-1290174122_FL,TSS,Outflow,26
9.0,-1290174122_FL,TSS,Outflow,26
4.0,-1290174122_FL,TSS,Outflow,27
5.0,-1290174122_FL,TSS,Outflow,27
7.5,-1290174122_FL,TSS,Outflow,27
16.60000038146973,-1290174122_FL,TSS,Outflow,27
8.0,-1290174122_FL,TSS,Outflow,27
7.900000095367432,-1290174122_FL,TSS,Outflow,28
8.0,-1290174122_FL,TSS,Outflow,28
2.0,-1290174122_FL,TSS,Outflow,28
19.0,-1290174122_FL,TSS,Outflow,28
3.0,-1290174122_FL,TSS,Outflow,28
9.5,-1290174122_FL,TSS,Outflow,29
19.0,-1290174122_FL,TSS,Outflow,29
7.0,-1290174122_FL,TSS,Outflow,29
47.0,-1290174122_FL,TSS,Outflow,29
13.69999980926514,-1290174122_FL,TSS,Outflow,29
7.099999904632568,-1290174122_FL,TSS,Outflow,30
3.0,-1290174122_FL,TSS,Outflow,30
12.10000038146973,-1290174122_FL,TSS,Outflow,30
3.0,-1290174122_FL,TSS,Outflow,30
13.69999980926514,-1290174122_FL,TSS,Outflow,30
1.0,-1290174122_FL,TSS,Outflow,31
3.0,-1290174122_FL,TSS,Outflow,31
5.099999904632568,-1290174122_FL,TSS,Outflow,31
0.02999999932944775,-1290174122_FL,TSS,Outflow,31
7.900000095367432,-1290174122_FL,TSS,Outflow,31
3.0,-1290174122_FL,TSS,Outflow,32
47.0,-1290174122_FL,TSS,Outflow,32
9.5,-1290174122_FL,TSS,Outflow,32
4.0,-1290174122_FL,TSS,Outflow,32
3.0,-1290174122_FL,TSS,Outflow,32
11.0,-1290174122_FL,TSS,Outflow,33
7.599999904632568,-1290174122_FL,TSS,Outflow,33
30.79999923706055,-1290174122_FL,TSS,Outflow,33
5.300000190734863,-1290174122_FL,TSS,Outflow,33
3.0,-1290174122_FL,TSS,Outflow,33
7.099999904632568,-1290174122_FL,TSS,Outflow,34
16.0,-1290174122_FL,TSS,Outflow,34
9.5,-1290174122_FL,TSS,Outflow,34
15.0,-1290174122_FL,TSS,Outflow,34
13.69999980926514,-1290174122_FL,TSS,Outflow,34
10.69999980926514,-1290174122_FL,TSS,Outflow,35
2.0,-1290174122_FL,TSS,Outflow,35
3.0,-1290174122_FL,TSS,Outflow,35
2.0,-1290174122_FL,TSS,Outflow,35
9.0,-1290174122_FL,TSS,Outflow,35
9.899999618530273,-1290174122_FL,TSS,Outflow,36
10.0,-1290174122_FL,TSS,Outflow,36
8.0,-1290174122_FL,TSS,Outflow,36
7.5,-1290174122_FL,TSS,Outflow,36
19.0,-1290174122_FL,TSS,Outflow,36
3.0,-1290174122_FL,TSS,Outflow,37
7.099999904632568,-1290174122_FL,TSS,Outflow,37
4.0,-1290174122_FL,TSS,Outflow,37
3.0,-1290174122_FL,TSS,Outflow,37
3.0,-1290174122_FL,TSS,Outflow,37
5.0,-1290174122_FL,TSS,Outflow,38
6.0,-1290174122_FL,TSS,Outflow,38
16.0,-1290174122_FL,TSS,Outflow,38
2.0,-1290174122_FL,TSS,Outflow,38
5.099999904632568,-1290174122_FL,TSS,Outflow,38
13.69999980926514,-1290174122_FL,TSS,Outflow,39
4.0,-1290174122_FL,TSS,Outflow,39
10.5,-1290174122_FL,TSS,Outflow,39
15.0,-1290174122_FL,TSS,Outflow,39
3.0,-1290174122_FL,TSS,Outflow,39
1.0,-1290174122_FL,TSS,Outflow,40
2.0,-1290174122_FL,TSS,Outflow,40
47.0,-1290174122_FL,TSS,Outflow,40
15.0,-1290174122_FL,TSS,Outflow,40
4.0,-1290174122_FL,TSS,Outflow,40
3.0,-1290174122_FL,TSS,Outflow,41
5.0,-1290174122_FL,TSS,Outflow,41
10.69999980926514,-1290174122_FL,TSS,Outflow,41
7.300000190734863,-1290174122_FL,TSS,Outflow,41
7.599999904632568,-1290174122_FL,TSS,Outflow,41
3.0,-1290174122_FL,TSS,Outflow,42
7.5,-1290174122_FL,TSS,Outflow,42
3.0,-1290174122_FL,TSS,Outflow,42
11.5,-1290174122_FL,TSS,Outflow,42
1.0,-1290174122_FL,TSS,Outflow,42
11.0,-1290174122_FL,TSS,Outflow,43
1.0,-1290174122_FL,TSS,Outflow,43
15.89999961853027,-1290174122_FL,TSS,Outflow,43
3.0,-1290174122_FL,TSS,Outflow,43
3.0,-1290174122_FL,TSS,Outflow,43
7.099999904632568,-1290174122_FL,TSS,Outflow,44
6.0,-1290174122_FL,TSS,Outflow,44
3.0,-1290174122_FL,TSS,Outflow,44
5.300000190734863,-1290174122_FL,TSS,Outflow,44
19.0,-1290174122_FL,TSS,Outflow,44
9.699999809265137,-1290174122_FL,TSS,Outflow,45
7.599999904632568,-1290174122_FL,TSS,Outflow,45
12.5,-1290174122_FL,TSS,Outflow,45
3.0,-1290174122_FL,TSS,Outflow,45
0.02999999932944775,-1290174122_FL,TSS,Outflow,45
16.60000038146973,-1290174122_FL,TSS,Outflow,46
6.0,-1290174122_FL,TSS,Outflow,46
10.5,-1290174122_FL,TSS,Outflow,46
3.0,-1290174122_FL,TSS,Outflow,46
5.099999904632568,-1290174122_FL,TSS,Outflow,46
2.0,-1290174122_FL,TSS,Outflow,47
9.5,-1290174122_FL,TSS,Outflow,47
4.0,-1290174122_FL,TSS,Outflow,47
28.0,-1290174122_FL,TSS,Outflow,47
3.0,-1290174122_FL,TSS,Outflow,47
3.0,-1290174122_FL,TSS,Outflow,48
2.0,-1290174122_FL,TSS,Outflow,48
7.599999904632568,-1290174122_FL,TSS,Outflow,48
5.0,-1290174122_FL,TSS,Outflow,48
11.0,-1290174122_FL,TSS,Outflow,48
47.0,-1290174122_FL,TSS,Outflow,49
28.0,-1290174122_FL,TSS,Outflow,49
3.0,-1290174122_FL,TSS,Outflow,49
3.0,-1290174122_FL,TSS,Outflow,49
12.10000038146973,-1290174122_FL,TSS,Outflow,49
3.0,-1290174122_FL,TSS,Outflow,50
6.0,-1290174122_FL,TSS,Outflow,50
10.0,-1290174122_FL,TSS,Outflow,50
4.0,-1290174122_FL,TSS,Outflow,50
3.0,-1290174122_FL,TSS,Outflow,50
7.099999904632568,-1290174122_FL,TSS,Outflow,51
8.0,-1290174122_FL,TSS,Outflow,51
10.0,-1290174122_FL,TSS,Outflow,51
16.5,-1290174122_FL,TSS,Outflow,51
16.70000076293945,-1290174122_FL,TSS,Outflow,51
2.0,-1290174122_FL,TSS,Outflow,52
9.699999809265137,-1290174122_FL,TSS,Outflow,52
2.0,-1290174122_FL,TSS,Outflow,52
2.0,-1290174122_FL,TSS,Outflow,52
3.0,-1290174122_FL,TSS,Outflow,52
2.0,-1290174122_FL,TSS,Outflow,53
6.0,-1290174122_FL,TSS,Outflow,53
5.0,-1290174122_FL,TSS,Outflow,53
8.0,-1290174122_FL,TSS,Outflow,53
3.0,-1290174122_FL,TSS,Outflow,53
1.0,-1290174122_FL,TSS,Outflow,54
15.0,-1290174122_FL,TSS,Outflow,54
10.0,-1290174122_FL,TSS,Outflow,54
5.099999904632568,-1290174122_FL,TSS,Outflow,54
3.0,-1290174122_FL,TSS,Outflow,54
2.0,-1290174122_FL,TSS,Outflow,55
2.0,-1290174122_FL,TSS,Outflow,55
6.0,-1290174122_FL,TSS,Outflow,55
3.0,-1290174122_FL,TSS,Outflow,55
29.39999961853027,-1290174122_FL,TSS,Outflow,55
1.0,-1290174122_FL,TSS,Outflow,56
9.600000381469727,-1290174122_FL,TSS,Outflow,56
3.0,-1290174122_FL,TSS,Outflow,56
9.699999809265137,-1290174122_FL,TSS,Outflow,56
12.10000038146973,-1290174122_FL,TSS,Outflow,56
9.100000381469727,-1290174122_FL,TSS,Outflow,57
0.02999999932944775,-1290174122_FL,TSS,Outflow,57
3.0,-1290174122_FL,TSS,Outflow,57
5.300000190734863,-1290174122_FL,TSS,Outflow,57
19.0,-1290174122_FL,TSS,Outflow,57
0.02999999932944775,-1290174122_FL,TSS,Outflow,58
9.0,-1290174122_FL,TSS,Outflow,58
23.0,-1290174122_FL,TSS,Outflow,58
4.0,-1290174122_FL,TSS,Outflow,58
5.0,-1290174122_FL,TSS,Outflow,58
20.70000076293945,-1290174122_FL,TSS,Outflow,59
3.0,-1290174122_FL,TSS,Outflow,59
15.0,-1290174122_FL,TSS,Outflow,59
16.60000038146973,-1290174122_FL,TSS,Outflow,59
3.0,-1290174122_FL,TSS,Outflow,59
3.0,-1290174122_FL,TSS,Outflow,60
9.600000381469727,-1290174122_FL,TSS,Outflow,60
5.0,-1290174122_FL,TSS,Outflow,60
9.5,-1290174122_FL,TSS,Outflow,60
3.0,-1290174122_FL,TSS,Outflow,60
16.0,-1290174122_FL,TSS,Outflow,61
3.0,-1290174122_FL,TSS,Outflow,61
3.0,-1290174122_FL,TSS,Outflow,61
1.0,-1290174122_FL,TSS,Outflow,61
2.0,-1290174122_FL,TSS,Outflow,61
3.0,-1290174122_FL,TSS,Outflow,62
10.0,-1290174122_FL,TSS,Outflow,62
6.0,-1290174122_FL,TSS,Outflow,62
2.0,-1290174122_FL,TSS,Outflow,62
8.0,-1290174122_FL,TSS,Outflow,62
5.0,-1290174122_FL,TSS,Outflow,63
4.0,-1290174122_FL,TSS,Outflow,63
8.0,-1290174122_FL,TSS,Outflow,63
3.0,-1290174122_FL,TSS,Outflow,63
2.0,-1290174122_FL,TSS,Outflow,63
16.0,-1290174122_FL,TSS,Outflow,64
4.0,-1290174122_FL,TSS,Outflow,64
3.0,-1290174122_FL,TSS,Outflow,64
5.0,-1290174122_FL,TSS,Outflow,64
7.300000190734863,-1290174122_FL,TSS,Outflow,64
6.0,-1290174122_FL,TSS,Outflow,65
3.0,-1290174122_FL,TSS,Outflow,65
6.0,-1290174122_FL,TSS,Outflow,65
2.0,-1290174122_FL,TSS,Outflow,65
5.099999904632568,-1290174122_FL,TSS,Outflow,65
12.10000038146973,-1290174122_FL,TSS,Outflow,66
8.0,-1290174122_FL,TSS,Outflow,66
8.0,-1290174122_FL,TSS,Outflow,66
47.0,-1290174122_FL,TSS,Outflow,66
10.5,-1290174122_FL,TSS,Outflow,66
7.099999904632568,-1290174122_FL,TSS,Outflow,67
47.0,-1290174122_FL,TSS,Outflow,67
5.0,-1290174122_FL,TSS,Outflow,67
15.0,-1290174122_FL,TSS,Outflow,67
5.0,-1290174122_FL,TSS,Outflow,67
8.0,-1290174122_FL,TSS,Outflow,68
11.0,-1290174122_FL,TSS,Outflow,68
4.0,-1290174122_FL,TSS,Outflow,68
7.099999904632568,-1290174122_FL,TSS,Outflow,68
3.0,-1290174122_FL,TSS,Outflow,68
8.0,-1290174122_FL,TSS,Outflow,69
13.69999980926514,-1290174122_FL,TSS,Outflow,69
6.0,-1290174122_FL,TSS,Outflow,69
12.10000038146973,-1290174122_FL,TSS,Outflow,69
3.0,-1290174122_FL,TSS,Outflow,69
3.0,-1290174122_FL,TSS,Outflow,70
10.0,-1290174122_FL,TSS,Outflow,70
2.0,-1290174122_FL,TSS,Outflow,70
3.0,-1290174122_FL,TSS,Outflow,70
7.099999904632568,-1290174122_FL,TSS,Outflow,70
15.89999961853027,-1290174122_FL,TSS,Outflow,71
3.0,-1290174122_FL,TSS,Outflow,71
11.0,-1290174122_FL,TSS,Outflow,71
2.0,-1290174122_FL,TSS,Outflow,71
3.0,-1290174122_FL,TSS,Outflow,71
9.5,-1290174122_FL,TSS,Outflow,72
3.0,-1290174122_FL,TSS,Outflow,72
3.0,-1290174122_FL,TSS,Outflow,72
2.0,-1290174122_FL,TSS,Outflow,72
15.0,-1290174122_FL,TSS,Outflow,72
2.0,-1290174122_FL,TSS,Outflow,73
3.0,-1290174122_FL,TSS,Outflow,73
3.0,-1290174122_FL,TSS,Outflow,73
6.0,-1290174122_FL,TSS,Outflow,73
3.0,-1290174122_FL,TSS,Outflow,73
7.0,-1290174122_FL,TSS,Outflow,74
1.0,-1290174122_FL,TSS,Outflow,74
3.0,-1290174122_FL,TSS,Outflow,74
9.100000381469727,-1290174122_FL,TSS,Outflow,74
2.0,-1290174122_FL,TSS,Outflow,74
10.0,-1290174122_FL,TSS,Outflow,75
10.0,-1290174122_FL,TSS,Outflow,75
28.0,-1290174122_FL,TSS,Outflow,75
49.29999923706055,-1290174122_FL,TSS,Outflow,75
11.0,-1290174122_FL,TSS,Outflow,75
3.0,-1290174122_FL,TSS,Outflow,76
6.0,-1290174122_FL,TSS,Outflow,76
5.0,-1290174122_FL,TSS,Outflow,76
7.099999904632568,-1290174122_FL,TSS,Outflow,76
3.0,-1290174122_FL,TSS,Outflow,76
29.39999961853027,-1290174122_FL,TSS,Outflow,77
16.70000076293945,-1290174122_FL,TSS,Outflow,77
16.60000038146973,-1290174122_FL,TSS,Outflow,77
15.0,-1290174122_FL,TSS,Outflow,77
2.0,-1290174122_FL,TSS,Outflow,77
0.02999999932944775,-1290174122_FL,TSS,Outflow,78
12.39999961853027,-1290174122_FL,TSS,Outflow,78
8.0,-1290174122_FL,TSS,Outflow,78
16.0,-1290174122_FL,TSS,Outflow,78
8.0,-1290174122_FL,TSS,Outflow,78
16.0,-1290174122_FL,TSS,Outflow,79
2.0,-1290174122_FL,TSS,Outflow,79
3.0,-1290174122_FL,TSS,Outflow,79
9.100000381469727,-1290174122_FL,TSS,Outflow,79
2.0,-1290174122_FL,TSS,Outflow,79
12.5,-1290174122_FL,TSS,Outflow,80
3.0,-1290174122_FL,TSS,Outflow,80
3.0,-1290174122_FL,TSS,Outflow,80
10.0,-1290174122_FL,TSS,Outflow,80
3.0,-1290174122_FL,TSS,Outflow,80
3.0,-1290174122_FL,TSS,Outflow,81
5.0,-1290174122_FL,TSS,Outflow,81
9.699999809265137,-1290174122_FL,TSS,Outflow,81
5.0,-1290174122_FL,TSS,Outflow,81
3.0,-1290174122_FL,TSS,Outflow,81
11.5,-1290174122_FL,TSS,Outflow,82
4.0,-1290174122_FL,TSS,Outflow,82
9.699999809265137,-1290174122_FL,TSS,Outflow,82
9.0,-1290174122_FL,TSS,Outflow,82
1.0,-1290174122_FL,TSS,Outflow,82
10.0,-1290174122_FL,TSS,Outflow,83
7.0,-1290174122_FL,TSS,Outflow,83
16.5,-1290174122_FL,TSS,Outflow,83
11.0,-1290174122_FL,TSS,Outflow,83
0.02999999932944775,-1290174122_FL,TSS,Outflow,83
5.0,-1290174122_FL,TSS,Outflow,84
15.0,-1290174122_FL,TSS,Outflow,84
9.600000381469727,-1290174122_FL,TSS,Outflow,84
3.0,-1290174122_FL,TSS,Outflow,84
6.0,-1290174122_FL,TSS,Outflow,84
3.0,-1290174122_FL,TSS,Outflow,85
23.0,-1290174122_FL,TSS,Outflow,85
1.0,-1290174122_FL,TSS,Outflow,85
9.5,-1290174122_FL,TSS,Outflow,85
9.600000381469727,-1290174122_FL,TSS,Outflow,85
3.0,-1290174122_FL,TSS,Outflow,86
9.5,-1290174122_FL,TSS,Outflow,86
13.69999980926514,-1290174122_FL,TSS,Outflow,86
0.02999999932944775,-1290174122_FL,TSS,Outflow,86
8.0,-1290174122_FL,TSS,Outflow,86
8.0,-1290174122_FL,TSS,Outflow,87
3.0,-1290174122_FL,TSS,Outflow,87
2.0,-1290174122_FL,TSS,Outflow,87
8.0,-1290174122_FL,TSS,Outflow,87
3.0,-1290174122_FL,TSS,Outflow,87
4.0,-1290174122_FL,TSS,Outflow,88
3.0,-1290174122_FL,TSS,Outflow,88
13.69999980926514,-1290174122_FL,TSS,Outflow,88
2.0,-1290174122_FL,TSS,Outflow,88
6.0,-1290174122_FL,TSS,Outflow,88
6.0,-1290174122_FL,TSS,Outflow,89
3.0,-1290174122_FL,TSS,Outflow,89
7.0,-1290174122_FL,TSS,Outflow,89
7.5,-1290174122_FL,TSS,Outflow,89
20.70000076293945,-1290174122_FL,TSS,Outflow,89
3.0,-1290174122_FL,TSS,Outflow,90
7.099999904632568,-1290174122_FL,TSS,Outflow,90
3.0,-1290174122_FL,TSS,Outflow,90
11.0,-1290174122_FL,TSS,Outflow,90
30.79999923706055,-1290174122_FL,TSS,Outflow,90
7.0,-1290174122_FL,TSS,Outflow,91
30.79999923706055,-1290174122_FL,TSS,Outflow,91
16.0,-1290174122_FL,TSS,Outflow,91
3.0,-1290174122_FL,TSS,Outflow,91
8.0,-1290174122_FL,TSS,Outflow,91
7.0,-1290174122_FL,TSS,Outflow,92
16.60000038146973,-1290174122_FL,TSS,Outflow,92
11.5,-1290174122_FL,TSS,Outflow,92
11.0,-1290174122_FL,TSS,Outflow,92
5.0,-1290174122_FL,TSS,Outflow,92
8.0,-1290174122_FL,TSS,Outflow,93
7.0,-1290174122_FL,TSS,Outflow,93
20.70000076293945,-1290174122_FL,TSS,Outflow,93
5.0,-1290174122_FL,TSS,Outflow,93
12.39999961853027,-1290174122_FL,TSS,Outflow,93
16.5,-1290174122_FL,TSS,Outflow,94
3.0,-1290174122_FL,TSS,Outflow,94
3.0,-1290174122_FL,TSS,Outflow,94
3.0,-1290174122_FL,TSS,Outflow,94
7.0,-1290174122_FL,TSS,Outflow,94
15.89999961853027,-1290174122_FL,TSS,Outflow,95
3.0,-1290174122_FL,TSS,Outflow,95
5.0,-1290174122_FL,TSS,Outflow,95
2.0,-1290174122_FL,TSS,Outflow,95
2.0,-1290174122_FL,TSS,Outflow,95
5.300000190734863,-1290174122_FL,TSS,Outflow,96
3.0,-1290174122_FL,TSS,Outflow,96
12.10000038146973,-1290174122_FL,TSS,Outflow,96
16.5,-1290174122_FL,TSS,Outflow,96
5.0,-1290174122_FL,TSS,Outflow,96
2.0,-1290174122_FL,TSS,Outflow,97
5.699999809265137,-1290174122_FL,TSS,Outflow,97
10.0,-1290174122_FL,TSS,Outflow,97
5.0,-1290174122_FL,TSS,Outflow,97
16.60000038146973,-1290174122_FL,TSS,Outflow,97
10.0,-1290174122_FL,TSS,Outflow,98
15.0,-1290174122_FL,TSS,Outflow,98
9.699999809265137,-1290174122_FL,TSS,Outflow,98
2.0,-1290174122_FL,TSS,Outflow,98
30.79999923706055,-1290174122_FL,TSS,Outflow,98
47.0,-1290174122_FL,TSS,Outflow,99
49.29999923706055,-1290174122_FL,TSS,Outflow,99
28.0,-1290174122_FL,TSS,Outflow,99
12.5,-1290174122_FL,TSS,Outflow,99
2.0,-1290174122_FL,TSS,Outflow,99
7.599999904632568,-1290174122_FL,TSS,Outflow,100
4.0,-1290174122_FL,TSS,Outflow,100
5.0,-1290174122_FL,TSS,Outflow,100
3.0,-1290174122_FL,TSS,Outflow,100
10.0,-1290174122_FL,TSS,Outflow,100
12.39999961853027,-1290174122_FL,TSS,Outflow,101
9.100000381469727,-1290174122_FL,TSS,Outflow,101
7.0,-1290174122_FL,TSS,Outflow,101
5.699999809265137,-1290174122_FL,TSS,Outflow,101
3.0,-1290174122_FL,TSS,Outflow,101
3.0,-1290174122_FL,TSS,Outflow,102
3.0,-1290174122_FL,TSS,Outflow,102
7.0,-1290174122_FL,TSS,Outflow,102
5.0,-1290174122_FL,TSS,Outflow,102
12.10000038146973,-1290174122_FL,TSS,Outflow,102
8.0,-1290174122_FL,TSS,Outflow,103
8.0,-1290174122_FL,TSS,Outflow,103
19.0,-1290174122_FL,TSS,Outflow,103
5.099999904632568,-1290174122_FL,TSS,Outflow,103
7.599999904632568,-1290174122_FL,TSS,Outflow,103
19.0,-1290174122_FL,TSS,Outflow,104
0.02999999932944775,-1290174122_FL,TSS,Outflow,104
12.39999961853027,-1290174122_FL,TSS,Outflow,104
3.0,-1290174122_FL,TSS,Outflow,104
9.5,-1290174122_FL,TSS,Outflow,104
12.39999961853027,-1290174122_FL,TSS,Outflow,105
3.0,-1290174122_FL,TSS,Outflow,105
7.599999904632568,-1290174122_FL,TSS,Outflow,105
20.70000076293945,-1290174122_FL,TSS,Outflow,105
20.29999923706055,-1290174122_FL,TSS,Outflow,105
4.0,-1290174122_FL,TSS,Outflow,106
15.0,-1290174122_FL,TSS,Outflow,106
5.099999904632568,-1290174122_FL,TSS,Outflow,106
10.0,-1290174122_FL,TSS,Outflow,106
47.0,-1290174122_FL,TSS,Outflow,106
3.0,-1290174122_FL,TSS,Outflow,107
5.699999809265137,-1290174122_FL,TSS,Outflow,107
4.0,-1290174122_FL,TSS,Outflow,107
5.099999904632568,-1290174122_FL,TSS,Outflow,107
13.69999980926514,-1290174122_FL,TSS,Outflow,107
5.0,-1290174122_FL,TSS,Outflow,108
3.0,-1290174122_FL,TSS,Outflow,108
20.29999923706055,-1290174122_FL,TSS,Outflow,108
10.0,-1290174122_FL,TSS,Outflow,108
5.300000190734863,-1290174122_FL,TSS,Outflow,108
3.0,-1290174122_FL,TSS,Outflow,109
7.099999904632568,-1290174122_FL,TSS,Outflow,109
19.0,-1290174122_FL,TSS,Outflow,109
3.0,-1290174122_FL,TSS,Outflow,109
2.0,-1290174122_FL,TSS,Outflow,109
3.0,-1290174122_FL,TSS,Outflow,110
7.599999904632568,-1290174122_FL,TSS,Outflow,110
3.0,-1290174122_FL,TSS,Outflow,110
12.39999961853027,-1290174122_FL,TSS,Outflow,110
19.0,-1290174122_FL,TSS,Outflow,110
9.0,-1290174122_FL,TSS,Outflow,111
9.699999809265137,-1290174122_FL,TSS,Outflow,111
20.70000076293945,-1290174122_FL,TSS,Outflow,111
3.0,-1290174122_FL,TSS,Outflow,111
9.5,-1290174122_FL,TSS,Outflow,111
7.099999904632568,-1290174122_FL,TSS,Outflow,112
3.0,-1290174122_FL,TSS,Outflow,112
10.0,-1290174122_FL,TSS,Outflow,112
10.0,-1290174122_FL,TSS,Outflow,112
5.0,-1290174122_FL,TSS,Outflow,112
7.0,-1290174122_FL,TSS,Outflow,113
5.0,-1290174122_FL,TSS,Outflow,113
3.0,-1290174122_FL,TSS,Outflow,113
3.0,-1290174122_FL,TSS,Outflow,113
20.29999923706055,-1290174122_FL,TSS,Outflow,113
7.099999904632568,-1290174122_FL,TSS,Outflow,114
11.0,-1290174122_FL,TSS,Outflow,114
16.0,-1290174122_FL,TSS,Outflow,114
8.0,-1290174122_FL,TSS,Outflow,114
7.900000095367432,-1290174122_FL,TSS,Outflow,114
4.0,-1290174122_FL,TSS,Outflow,115
6.0,-1290174122_FL,TSS,Outflow,115
9.600000381469727,-1290174122_FL,TSS,Outflow,115
4.0,-1290174122_FL,TSS,Outflow,115
20.29999923706055,-1290174122_FL,TSS,Outflow,115
1.0,-1290174122_FL,TSS,Outflow,116
6.0,-1290174122_FL,TSS,Outflow,116
3.0,-1290174122_FL,TSS,Outflow,116
5.300000190734863,-1290174122_FL,TSS,Outflow,116
12.5,-1290174122_FL,TSS,Outflow,116
23.0,-1290174122_FL,TSS,Outflow,117
0.02999999932944775,-1290174122_FL,TSS,Outflow,117
8.0,-1290174122_FL,TSS,Outflow,117
16.70000076293945,-1290174122_FL,TSS,Outflow,117
9.5,-1290174122_FL,TSS,Outflow,117
2.0,-1290174122_FL,TSS,Outflow,118
19.0,-1290174122_FL,TSS,Outflow,118
5.699999809265137,-1290174122_FL,TSS,Outflow,118
7.099999904632568,-1290174122_FL,TSS,Outflow,118
5.0,-1290174122_FL,TSS,Outflow,118
6.0,-1290174122_FL,TSS,Outflow,119
4.0,-1290174122_FL,TSS,Outflow,119
9.600000381469727,-1290174122_FL,TSS,Outflow,119
20.70000076293945,-1290174122_FL,TSS,Outflow,119
16.5,-1290174122_FL,TSS,Outflow,119
5.300000190734863,-1290174122_FL,TSS,Outflow,120
12.5,-1290174122_FL,TSS,Outflow,120
49.29999923706055,-1290174122_FL,TSS,Outflow,120
3.0,-1290174122_FL,TSS,Outflow,120
10.5,-1290174122_FL,TSS,Outflow,120
3.0,-1290174122_FL,TSS,Outflow,121
5.0,-1290174122_FL,TSS,Outflow,121
8.0,-1290174122_FL,TSS,Outflow,121
4.0,-1290174122_FL,TSS,Outflow,121
20.70000076293945,-1290174122_FL,TSS,Outflow,121
3.0,-1290174122_FL,TSS,Outflow,122
0.02999999932944775,-1290174122_FL,TSS,Outflow,122
6.0,-1290174122_FL,TSS,Outflow,122
19.0,-1290174122_FL,TSS,Outflow,122
1.0,-1290174122_FL,TSS,Outflow,122
7.5,-1290174122_FL,TSS,Outflow,123
9.699999809265137,-1290174122_FL,TSS,Outflow,123
3.0,-1290174122_FL,TSS,Outflow,123
3.0,-1290174122_FL,TSS,Outflow,123
2.0,-1290174122_FL,TSS,Outflow,123
16.60000038146973,-1290174122_FL,TSS,Outflow,124
5.0,-1290174122_FL,TSS,Outflow,124
49.29999923706055,-1290174122_FL,TSS,Outflow,124
47.0,-1290174122_FL,TSS,Outflow,124
20.70000076293945,-1290174122_FL,TSS,Outflow,124
19.0,-1290174122_FL,TSS,Outflow,125
3.0,-1290174122_FL,TSS,Outflow,125
5.0,-1290174122_FL,TSS,Outflow,125
4.0,-1290174122_FL,TSS,Outflow,125
3.0,-1290174122_FL,TSS,Outflow,125
4.0,-1290174122_FL,TSS,Outflow,126
7.099999904632568,-1290174122_FL,TSS,Outflow,126
47.0,-1290174122_FL,TSS,Outflow,126
49.29999923706055,-1290174122_FL,TSS,Outflow,126
2.0,-1290174122_FL,TSS,Outflow,126
20.29999923706055,-1290174122_FL,TSS,Outflow,127
15.89999961853027,-1290174122_FL,TSS,Outflow,127
5.0,-1290174122_FL,TSS,Outflow,127
11.0,-1290174122_FL,TSS,Outflow,127
9.600000381469727,-1290174122_FL,TSS,Outflow,127
3.0,-1290174122_FL,TSS,Outflow,128
10.5,-1290174122_FL,TSS,Outflow,128
5.0,-1290174122_FL,TSS,Outflow,128
5.0,-1290174122_FL,TSS,Outflow,128
12.39999961853027,-1290174122_FL,TSS,Outflow,128
2.0,-1290174122_FL,TSS,Outflow,129
3.0,-1290174122_FL,TSS,Outflow,129
9.0,-1290174122_FL,TSS,Outflow,129
5.0,-1290174122_FL,TSS,Outflow,129
8.0,-1290174122_FL,TSS,Outflow,129
5.0,-1290174122_FL,TSS,Outflow,130
16.60000038146973,-1290174122_FL,TSS,Outflow,130
12.39999961853027,-1290174122_FL,TSS,Outflow,130
3.0,-1290174122_FL,TSS,Outflow,130
12.5,-1290174122_FL,TSS,Outflow,130
3.0,-1290174122_FL,TSS,Outflow,131
3.0,-1290174122_FL,TSS,Outflow,131
2.0,-1290174122_FL,TSS,Outflow,131
9.699999809265137,-1290174122_FL,TSS,Outflow,131
8.0,-1290174122_FL,TSS,Outflow,131
5.0,-1290174122_FL,TSS,Outflow,132
3.0,-1290174122_FL,TSS,Outflow,132
2.0,-1290174122_FL,TSS,Outflow,132
3.0,-1290174122_FL,TSS,Outflow,132
10.5,-1290174122_FL,TSS,Outflow,132
9.100000381469727,-1290174122_FL,TSS,Outflow,133
9.899999618530273,-1290174122_FL,TSS,Outflow,133
8.0,-1290174122_FL,TSS,Outflow,133
9.699999809265137,-1290174122_FL,TSS,Outflow,133
15.89999961853027,-1290174122_FL,TSS,Outflow,133
3.0,-1290174122_FL,TSS,Outflow,134
16.0,-1290174122_FL,TSS,Outflow,134
10.0,-1290174122_FL,TSS,Outflow,134
7.900000095367432,-1290174122_FL,TSS,Outflow,134
7.599999904632568,-1290174122_FL,TSS,Outflow,134
3.0,-1290174122_FL,TSS,Outflow,135
5.099999904632568,-1290174122_FL,TSS,Outflow,135
3.0,-1290174122_FL,TSS,Outflow,135
15.0,-1290174122_FL,TSS,Outflow,135
2.0,-1290174122_FL,TSS,Outflow,135
28.0,-1290174122_FL,TSS,Outflow,136
5.0,-1290174122_FL,TSS,Outflow,136
3.0,-1290174122_FL,TSS,Outflow,136
7.0,-1290174122_FL,TSS,Outflow,136
4.0,-1290174122_FL,TSS,Outflow,136
5.300000190734863,-1290174122_FL,TSS,Outflow,137
9.699999809265137,-1290174122_FL,TSS,Outflow,137
9.0,-1290174122_FL,TSS,Outflow,137
5.0,-1290174122_FL,TSS,Outflow,137
9.100000381469727,-1290174122_FL,TSS,Outflow,137
12.39999961853027,-1290174122_FL,TSS,Outflow,138
3.0,-1290174122_FL,TSS,Outflow,138
16.0,-1290174122_FL,TSS,Outflow,138
29.39999961853027,-1290174122_FL,TSS,Outflow,138
3.0,-1290174122_FL,TSS,Outflow,138
28.0,-1290174122_FL,TSS,Outflow,139
4.0,-1290174122_FL,TSS,Outflow,139
16.0,-1290174122_FL,TSS,Outflow,139
15.0,-1290174122_FL,TSS,Outflow,139
15.0,-1290174122_FL,TSS,Outflow,139
5.0,-1290174122_FL,TSS,Outflow,140
23.0,-1290174122_FL,TSS,Outflow,140
3.0,-1290174122_FL,TSS,Outflow,140
11.0,-1290174122_FL,TSS,Outflow,140
9.100000381469727,-1290174122_FL,TSS,Outflow,140
4.0,-1290174122_FL,TSS,Outflow,141
3.0,-1290174122_FL,TSS,Outflow,141
3.0,-1290174122_FL,TSS,Outflow,141
12.39999961853027,-1290174122_FL,TSS,Outflow,141
8.0,-1290174122_FL,TSS,Outflow,141
8.0,-1290174122_FL,TSS,Outflow,142
4.0,-1290174122_FL,TSS,Outflow,142
4.0,-1290174122_FL,TSS,Outflow,142
11.0,-1290174122_FL,TSS,Outflow,142
49.29999923706055,-1290174122_FL,TSS,Outflow,142
15.89999961853027,-1290174122_FL,TSS,Outflow,143
7.099999904632568,-1290174122_FL,TSS,Outflow,143
3.0,-1290174122_FL,TSS,Outflow,143
5.699999809265137,-1290174122_FL,TSS,Outflow,143
8.0,-1290174122_FL,TSS,Outflow,143
9.0,-1290174122_FL,TSS,Outflow,144
3.0,-1290174122_FL,TSS,Outflow,144
3.0,-1290174122_FL,TSS,Outflow,144
8.0,-1290174122_FL,TSS,Outflow,144
5.099999904632568,-1290174122_FL,TSS,Outflow,144
7.0,-1290174122_FL,TSS,Outflow,145
29.39999961853027,-1290174122_FL,TSS,Outflow,145
10.5,-1290174122_FL,TSS,Outflow,145
8.0,-1290174122_FL,TSS,Outflow,145
5.300000190734863,-1290174122_FL,TSS,Outflow,145
7.599999904632568,-1290174122_FL,TSS,Outflow,146
3.0,-1290174122_FL,TSS,Outflow,146
49.29999923706055,-1290174122_FL,TSS,Outflow,146
3.0,-1290174122_FL,TSS,Outflow,146
10.0,-1290174122_FL,TSS,Outflow,146
7.099999904632568,-1290174122_FL,TSS,Outflow,147
12.5,-1290174122_FL,TSS,Outflow,147
3.0,-1290174122_FL,TSS,Outflow,147
3.0,-1290174122_FL,TSS,Outflow,147
5.0,-1290174122_FL,TSS,Outflow,147
10.0,-1290174122_FL,TSS,Outflow,148
6.0,-1290174122_FL,TSS,Outflow,148
9.699999809265137,-1290174122_FL,TSS,Outflow,148
3.0,-1290174122_FL,TSS,Outflow,148
7.099999904632568,-1290174122_FL,TSS,Outflow,148
6.0,-1290174122_FL,TSS,Outflow,149
9.100000381469727,-1290174122_FL,TSS,Outflow,149
5.0,-1290174122_FL,TSS,Outflow,149
10.0,-1290174122_FL,TSS,Outflow,149
5.0,-1290174122_FL,TSS,Outflow,149
7.5,-1290174122_FL,TSS,Outflow,150
6.0,-1290174122_FL,TSS,Outflow,150
5.300000190734863,-1290174122_FL,TSS,Outflow,150
3.0,-1290174122_FL,TSS,Outflow,150
6.0,-1290174122_FL,TSS,Outflow,150
11.0,-1290174122_FL,TSS,Outflow,151
8.0,-1290174122_FL,TSS,Outflow,151
3.0,-1290174122_FL,TSS,Outflow,151
15.89999961853027,-1290174122_FL,TSS,Outflow,151
12.10000038146973,-1290174122_FL,TSS,Outflow,151
4.0,-1290174122_FL,TSS,Outflow,152
47.0,-1290174122_FL,TSS,Outflow,152
20.70000076293945,-1290174122_FL,TSS,Outflow,152
3.0,-1290174122_FL,TSS,Outflow,152
11.0,-1290174122_FL,TSS,Outflow,152
2.0,-1290174122_FL,TSS,Outflow,153
1.0,-1290174122_FL,TSS,Outflow,153
12.5,-1290174122_FL,TSS,Outflow,153
16.70000076293945,-1290174122_FL,TSS,Outflow,153
5.0,-1290174122_FL,TSS,Outflow,153
3.0,-1290174122_FL,TSS,Outflow,154
13.69999980926514,-1290174122_FL,TSS,Outflow,154
7.599999904632568,-1290174122_FL,TSS,Outflow,154
12.39999961853027,-1290174122_FL,TSS,Outflow,154
6.0,-1290174122_FL,TSS,Outflow,154
15.0,-1290174122_FL,TSS,Outflow,155
5.0,-1290174122_FL,TSS,Outflow,155
49.29999923706055,-1290174122_FL,TSS,Outflow,155
3.0,-1290174122_FL,TSS,Outflow,155
7.5,-1290174122_FL,TSS,Outflow,155
7.099999904632568,-1290174122_FL,TSS,Outflow,156
15.89999961853027,-1290174122_FL,TSS,Outflow,156
4.0,-1290174122_FL,TSS,Outflow,156
3.0,-1290174122_FL,TSS,Outflow,156
8.0,-1290174122_FL,TSS,Outflow,156
4.0,-1290174122_FL,TSS,Outflow,157
11.0,-1290174122_FL,TSS,Outflow,157
8.0,-1290174122_FL,TSS,Outflow,157
4.0,-1290174122_FL,TSS,Outflow,157
3.0,-1290174122_FL,TSS,Outflow,157
3.0,-1290174122_FL,TSS,Outflow,158
2.0,-1290174122_FL,TSS,Outflow,158
5.300000190734863,-1290174122_FL,TSS,Outflow,158
19.0,-1290174122_FL,TSS,Outflow,158
8.0,-1290174122_FL,TSS,Outflow,158
2.0,-1290174122_FL,TSS,Outflow,159
10.69999980926514,-1290174122_FL,TSS,Outflow,159
8.0,-1290174122_FL,TSS,Outflow,159
3.0,-1290174122_FL,TSS,Outflow,159
30.79999923706055,-1290174122_FL,TSS,Outflow,159
15.89999961853027,-1290174122_FL,TSS,Outflow,160
30.79999923706055,-1290174122_FL,TSS,Outflow,160
16.0,-1290174122_FL,TSS,Outflow,160
5.0,-1290174122_FL,TSS,Outflow,160
9.600000381469727,-1290174122_FL,TSS,Outflow,160
11.0,-1290174122_FL,TSS,Outflow,161
20.29999923706055,-1290174122_FL,TSS,Outflow,161
5.0,-1290174122_FL,TSS,Outflow,161
3.0,-1290174122_FL,TSS,Outflow,161
3.0,-1290174122_FL,TSS,Outflow,161
6.0,-1290174122_FL,TSS,Outflow,162
12.5,-1290174122_FL,TSS,Outflow,162
2.0,-1290174122_FL,TSS,Outflow,162
19.0,-1290174122_FL,TSS,Outflow,162
3.0,-1290174122_FL,TSS,Outflow,162
8.0,-1290174122_FL,TSS,Outflow,163
30.79999923706055,-1290174122_FL,TSS,Outflow,163
4.0,-1290174122_FL,TSS,Outflow,163
4.0,-1290174122_FL,TSS,Outflow,163
5.300000190734863,-1290174122_FL,TSS,Outflow,163
19.0,-1290174122_FL,TSS,Outflow,164
9.5,-1290174122_FL,TSS,Outflow,164
7.099999904632568,-1290174122_FL,TSS,Outflow,164
3.0,-1290174122_FL,TSS,Outflow,164
3.0,-1290174122_FL,TSS,Outflow,164
16.5,-1290174122_FL,TSS,Outflow,165
1.0,-1290174122_FL,TSS,Outflow,165
11.5,-1290174122_FL,TSS,Outflow,165
10.5,-1290174122_FL,TSS,Outflow,165
10.69999980926514,-1290174122_FL,TSS,Outflow,165
3.0,-1290174122_FL,TSS,Outflow,166
16.0,-1290174122_FL,TSS,Outflow,166
12.5,-1290174122_FL,TSS,Outflow,166
30.79999923706055,-1290174122_FL,TSS,Outflow,166
3.0,-1290174122_FL,TSS,Outflow,166
5.099999904632568,-1290174122_FL,TSS,Outflow,167
7.900000095367432,-1290174122_FL,TSS,Outflow,167
28.0,-1290174122_FL,TSS,Outflow,167
30.79999923706055,-1290174122_FL,TSS,Outflow,167
47.0,-1290174122_FL,TSS,Outflow,167
20.29999923706055,-1290174122_FL,TSS,Outflow,168
9.100000381469727,-1290174122_FL,TSS,Outflow,168
8.0,-1290174122_FL,TSS,Outflow,168
4.0,-1290174122_FL,TSS,Outflow,168
9.600000381469727,-1290174122_FL,TSS,Outflow,168
7.0,-1290174122_FL,TSS,Outflow,169
2.0,-1290174122_FL,TSS,Outflow,169
16.0,-1290174122_FL,TSS,Outflow,169
9.600000381469727,-1290174122_FL,TSS,Outflow,169
3.0,-1290174122_FL,TSS,Outflow,169
8.0,-1290174122_FL,TSS,Outflow,170
15.0,-1290174122_FL,TSS,Outflow,170
11.0,-1290174122_FL,TSS,Outflow,170
29.39999961853027,-1290174122_FL,TSS,Outflow,170
3.0,-1290174122_FL,TSS,Outflow,170
19.0,-1290174122_FL,TSS,Outflow,171
12.5,-1290174122_FL,TSS,Outflow,171
1.0,-1290174122_FL,TSS,Outflow,171
49.29999923706055,-1290174122_FL,TSS,Outflow,171
9.5,-1290174122_FL,TSS,Outflow,171
3.0,-1290174122_FL,TSS,Outflow,172
20.29999923706055,-1290174122_FL,TSS,Outflow,172
2.0,-1290174122_FL,TSS,Outflow,172
7.0,-1290174122_FL,TSS,Outflow,172
10.5,-1290174122_FL,TSS,Outflow,172
8.0,-1290174122_FL,TSS,Outflow,173
8.0,-1290174122_FL,TSS,Outflow,173
7.5,-1290174122_FL,TSS,Outflow,173
16.0,-1290174122_FL,TSS,Outflow,173
16.5,-1290174122_FL,TSS,Outflow,173
6.0,-1290174122_FL,TSS,Outflow,174
9.699999809265137,-1290174122_FL,TSS,Outflow,174
2.0,-1290174122_FL,TSS,Outflow,174
30.79999923706055,-1290174122_FL,TSS,Outflow,174
3.0,-1290174122_FL,TSS,Outflow,174
5.0,-1290174122_FL,TSS,Outflow,175
1.0,-1290174122_FL,TSS,Outflow,175
7.5,-1290174122_FL,TSS,Outflow,175
47.0,-1290174122_FL,TSS,Outflow,175
7.599999904632568,-1290174122_FL,TSS,Outflow,175
3.0,-1290174122_FL,TSS,Outflow,176
8.0,-1290174122_FL,TSS,Outflow,176
4.0,-1290174122_FL,TSS,Outflow,176
5.0,-1290174122_FL,TSS,Outflow,176
16.0,-1290174122_FL,TSS,Outflow,176
3.0,-1290174122_FL,TSS,Outflow,177
4.0,-1290174122_FL,TSS,Outflow,177
7.099999904632568,-1290174122_FL,TSS,Outflow,177
7.300000190734863,-1290174122_FL,TSS,Outflow,177
10.0,-1290174122_FL,TSS,Outflow,177
6.0,-1290174122_FL,TSS,Outflow,178
2.0,-1290174122_FL,TSS,Outflow,178
19.0,-1290174122_FL,TSS,Outflow,178
0.02999999932944775,-1290174122_FL,TSS,Outflow,178
16.5,-1290174122_FL,TSS,Outflow,178
2.0,-1290174122_FL,TSS,Outflow,179
2.0,-1290174122_FL,TSS,Outflow,179
5.300000190734863,-1290174122_FL,TSS,Outflow,179
9.699999809265137,-1290174122_FL,TSS,Outflow,179
0.02999999932944775,-1290174122_FL,TSS,Outflow,179
2.0,-1290174122_FL,TSS,Outflow,180
9.0,-1290174122_FL,TSS,Outflow,180
2.0,-1290174122_FL,TSS,Outflow,180
20.29999923706055,-1290174122_FL,TSS,Outflow,180
7.599999904632568,-1290174122_FL,TSS,Outflow,180
16.60000038146973,-1290174122_FL,TSS,Outflow,181
16.70000076293945,-1290174122_FL,TSS,Outflow,181
10.0,-1290174122_FL,TSS,Outflow,181
9.100000381469727,-1290174122_FL,TSS,Outflow,181
30.79999923706055,-1290174122_FL,TSS,Outflow,181
16.60000038146973,-1290174122_FL,TSS,Outflow,182
47.0,-1290174122_FL,TSS,Outflow,182
9.699999809265137,-1290174122_FL,TSS,Outflow,182
19.0,-1290174122_FL,TSS,Outflow,182
5.099999904632568,-1290174122_FL,TSS,Outflow,182
3.0,-1290174122_FL,TSS,Outflow,183
7.0,-1290174122_FL,TSS,Outflow,183
3.0,-1290174122_FL,TSS,Outflow,183
16.70000076293945,-1290174122_FL,TSS,Outflow,183
16.60000038146973,-1290174122_FL,TSS,Outflow,183
10.0,-1290174122_FL,TSS,Outflow,184
3.0,-1290174122_FL,TSS,Outflow,184
9.100000381469727,-1290174122_FL,TSS,Outflow,184
16.0,-1290174122_FL,TSS,Outflow,184
0.02999999932944775,-1290174122_FL,TSS,Outflow,184
9.899999618530273,-1290174122_FL,TSS,Outflow,185
3.0,-1290174122_FL,TSS,Outflow,185
49.29999923706055,-1290174122_FL,TSS,Outflow,185
1.0,-1290174122_FL,TSS,Outflow,185
12.10000038146973,-1290174122_FL,TSS,Outflow,185
3.0,-1290174122_FL,TSS,Outflow,186
16.60000038146973,-1290174122_FL,TSS,Outflow,186
9.0,-1290174122_FL,TSS,Outflow,186
9.5,-1290174122_FL,TSS,Outflow,186
10.69999980926514,-1290174122_FL,TSS,Outflow,186
4.0,-1290174122_FL,TSS,Outflow,187
5.0,-1290174122_FL,TSS,Outflow,187
8.0,-1290174122_FL,TSS,Outflow,187
49.29999923706055,-1290174122_FL,TSS,Outflow,187
5.099999904632568,-1290174122_FL,TSS,Outflow,187
2.0,-1290174122_FL,TSS,Outflow,188
23.0,-1290174122_FL,TSS,Outflow,188
3.0,-1290174122_FL,TSS,Outflow,188
49.29999923706055,-1290174122_FL,TSS,Outflow,188
3.0,-1290174122_FL,TSS,Outflow,188
6.0,-1290174122_FL,TSS,Outflow,189
5.0,-1290174122_FL,TSS,Outflow,189
3.0,-1290174122_FL,TSS,Outflow,189
47.0,-1290174122_FL,TSS,Outflow,189
4.0,-1290174122_FL,TSS,Outflow,189
6.0,-1290174122_FL,TSS,Outflow,190
8.0,-1290174122_FL,TSS,Outflow,190
3.0,-1290174122_FL,TSS,Outflow,190
7.0,-1290174122_FL,TSS,Outflow,190
9.600000381469727,-1290174122_FL,TSS,Outflow,190
16.60000038146973,-1290174122_FL,TSS,Outflow,191
15.0,-1290174122_FL,TSS,Outflow,191
5.699999809265137,-1290174122_FL,TSS,Outflow,191
20.29999923706055,-1290174122_FL,TSS,Outflow,191
3.0,-1290174122_FL,TSS,Outflow,191
4.0,-1290174122_FL,TSS,Outflow,192
6.0,-1290174122_FL,TSS,Outflow,192
20.29999923706055,-1290174122_FL,TSS,Outflow,192
6.0,-1290174122_FL,TSS,Outflow,192
8.0,-1290174122_FL,TSS,Outflow,192
16.60000038146973,-1290174122_FL,TSS,Outflow,193
5.0,-1290174122_FL,TSS,Outflow,193
7.099999904632568,-1290174122_FL,TSS,Outflow,193
11.5,-1290174122_FL,TSS,Outflow,193
5.0,-1290174122_FL,TSS,Outflow,193
5.0,-1290174122_FL,TSS,Outflow,194
15.0,-1290174122_FL,TSS,Outflow,194
7.0,-1290174122_FL,TSS,Outflow,194
2.0,-1290174122_FL,TSS,Outflow,194
7.0,-1290174122_FL,TSS,Outflow,194
3.0,-1290174122_FL,TSS,Outflow,195
5.099999904632568,-1290174122_FL,TSS,Outflow,195
2.0,-1290174122_FL,TSS,Outflow,195
2.0,-1290174122_FL,TSS,Outflow,195
47.0,-1290174122_FL,TSS,Outflow,195
7.099999904632568,-1290174122_FL,TSS,Outflow,196
3.0,-1290174122_FL,TSS,Outflow,196
7.5,-1290174122_FL,TSS,Outflow,196
2.0,-1290174122_FL,TSS,Outflow,196
2.0,-1290174122_FL,TSS,Outflow,196
3.0,-1290174122_FL,TSS,Outflow,197
12.10000038146973,-1290174122_FL,TSS,Outflow,197
9.100000381469727,-1290174122_FL,TSS,Outflow,197
3.0,-1290174122_FL,TSS,Outflow,197
0.02999999932944775,-1290174122_FL,TSS,Outflow,197
1.0,-1290174122_FL,TSS,Outflow,198
5.0,-1290174122_FL,TSS,Outflow,198
15.0,-1290174122_FL,TSS,Outflow,198
4.0,-1290174122_FL,TSS,Outflow,198
5.0,-1290174122_FL,TSS,Outflow,198
3.0,-1290174122_FL,TSS,Outflow,199
5.0,-1290174122_FL,TSS,Outflow,199
29.39999961853027,-1290174122_FL,TSS,Outflow,199
11.0,-1290174122_FL,TSS,Outflow,199
10.0,-1290174122_FL,TSS,Outflow,199
5.0,-1290174122_FL,TSS,Outflow,200
3.0,-1290174122_FL,TSS,Outflow,200
7.099999904632568,-1290174122_FL,TSS,Outflow,200
3.0,-1290174122_FL,TSS,Outflow,200
6.0,-1290174122_FL,TSS,Outflow,200
11.5,-1290174122_FL,TSS,Outflow,201
15.0,-1290174122_FL,TSS,Outflow,201
8.0,-1290174122_FL,TSS,Outflow,201
3.0,-1290174122_FL,TSS,Outflow,201
3.0,-1290174122_FL,TSS,Outflow,201
4.0,-1290174122_FL,TSS,Outflow,202
9.699999809265137,-1290174122_FL,TSS,Outflow,202
20.29999923706055,-1290174122_FL,TSS,Outflow,202
1.0,-1290174122_FL,TSS,Outflow,202
8.0,-1290174122_FL,TSS,Outflow,202
11.0,-1290174122_FL,TSS,Outflow,203
3.0,-1290174122_FL,TSS,Outflow,203
3.0,-1290174122_FL,TSS,Outflow,203
12.10000038146973,-1290174122_FL,TSS,Outflow,203
5.0,-1290174122_FL,TSS,Outflow,203
3.0,-1290174122_FL,TSS,Outflow,204
5.0,-1290174122_FL,TSS,Outflow,204
3.0,-1290174122_FL,TSS,Outflow,204
9.5,-1290174122_FL,TSS,Outflow,204
3.0,-1290174122_FL,TSS,Outflow,204
5.0,-1290174122_FL,TSS,Outflow,205
4.0,-1290174122_FL,TSS,Outflow,205
3.0,-1290174122_FL,TSS,Outflow,205
9.5,-1290174122_FL,TSS,Outflow,205
11.5,-1290174122_FL,TSS,Outflow,205
4.0,-1290174122_FL,TSS,Outflow,206
6.0,-1290174122_FL,TSS,Outflow,206
10.0,-1290174122_FL,TSS,Outflow,206
8.0,-1290174122_FL,TSS,Outflow,206
8.0,-1290174122_FL,TSS,Outflow,206
2.0,-1290174122_FL,TSS,Outflow,207
12.10000038146973,-1290174122_FL,TSS,Outflow,207
4.0,-1290174122_FL,TSS,Outflow,207
10.0,-1290174122_FL,TSS,Outflow,207
2.0,-1290174122_FL,TSS,Outflow,207
20.70000076293945,-1290174122_FL,TSS,Outflow,208
3.0,-1290174122_FL,TSS,Outflow,208
3.0,-1290174122_FL,TSS,Outflow,208
5.300000190734863,-1290174122_FL,TSS,Outflow,208
1.0,-1290174122_FL,TSS,Outflow,208
7.300000190734863,-1290174122_FL,TSS,Outflow,209
5.699999809265137,-1290174122_FL,TSS,Outflow,209
11.0,-1290174122_FL,TSS,Outflow,209
10.5,-1290174122_FL,TSS,Outflow,209
7.099999904632568,-1290174122_FL,TSS,Outflow,209
10.0,-1290174122_FL,TSS,Outflow,210
5.300000190734863,-1290174122_FL,TSS,Outflow,210
6.0,-1290174122_FL,TSS,Outflow,210
5.0,-1290174122_FL,TSS,Outflow,210
20.29999923706055,-1290174122_FL,TSS,Outflow,210
8.0,-1290174122_FL,TSS,Outflow,211
7.0,-1290174122_FL,TSS,Outflow,211
7.300000190734863,-1290174122_FL,TSS,Outflow,211
3.0,-1290174122_FL,TSS,Outflow,211
20.29999923706055,-1290174122_FL,TSS,Outflow,211
16.5,-1290174122_FL,TSS,Outflow,212
3.0,-1290174122_FL,TSS,Outflow,212
15.0,-1290174122_FL,TSS,Outflow,212
7.599999904632568,-1290174122_FL,TSS,Outflow,212
3.0,-1290174122_FL,TSS,Outflow,212
6.0,-1290174122_FL,TSS,Outflow,213
28.0,-1290174122_FL,TSS,Outflow,213
0.02999999932944775,-1290174122_FL,TSS,Outflow,213
3.0,-1290174122_FL,TSS,Outflow,213
5.0,-1290174122_FL,TSS,Outflow,213
11.0,-1290174122_FL,TSS,Outflow,214
3.0,-1290174122_FL,TSS,Outflow,214
28.0,-1290174122_FL,TSS,Outflow,214
12.5,-1290174122_FL,TSS,Outflow,214
8.0,-1290174122_FL,TSS,Outflow,214
16.0,-1290174122_FL,TSS,Outflow,215
2.0,-1290174122_FL,TSS,Outflow,215
9.100000381469727,-1290174122_FL,TSS,Outflow,215
9.0,-1290174122_FL,TSS,Outflow,215
7.0,-1290174122_FL,TSS,Outflow,215
20.70000076293945,-1290174122_FL,TSS,Outflow,216
2.0,-1290174122_FL,TSS,Outflow,216
5.0,-1290174122_FL,TSS,Outflow,216
16.0,-1290174122_FL,TSS,Outflow,216
2.0,-1290174122_FL,TSS,Outflow,216
7.099999904632568,-1290174122_FL,TSS,Outflow,217
3.0,-1290174122_FL,TSS,Outflow,217
4.0,-1290174122_FL,TSS,Outflow,217
3.0,-1290174122_FL,TSS,Outflow,217
16.5,-1290174122_FL,TSS,Outflow,217
7.0,-1290174122_FL,TSS,Outflow,218
1.0,-1290174122_FL,TSS,Outflow,218
16.5,-1290174122_FL,TSS,Outflow,218
3.0,-1290174122_FL,TSS,Outflow,218
4.0,-1290174122_FL,TSS,Outflow,218
47.0,-1290174122_FL,TSS,Outflow,219
7.900000095367432,-1290174122_FL,TSS,Outflow,219
7.0,-1290174122_FL,TSS,Outflow,219
12.39999961853027,-1290174122_FL,TSS,Outflow,219
2.0,-1290174122_FL,TSS,Outflow,219
3.0,-1290174122_FL,TSS,Outflow,220
9.5,-1290174122_FL,TSS,Outflow,220
16.70000076293945,-1290174122_FL,TSS,Outflow,220
5.699999809265137,-1290174122_FL,TSS,Outflow,220
3.0,-1290174122_FL,TSS,Outflow,220
9.699999809265137,-1290174122_FL,TSS,Outflow,221
3.0,-1290174122_FL,TSS,Outflow,221
7.900000095367432,-1290174122_FL,TSS,Outflow,221
6.0,-1290174122_FL,TSS,Outflow,221
2.0,-1290174122_FL,TSS,Outflow,221
5.0,-1290174122_FL,TSS,Outflow,222
10.0,-1290174122_FL,TSS,Outflow,222
3.0,-1290174122_FL,TSS,Outflow,222
7.099999904632568,-1290174122_FL,TSS,Outflow,222
8.0,-1290174122_FL,TSS,Outflow,222
15.89999961853027,-1290174122_FL,TSS,Outflow,223
6.0,-1290174122_FL,TSS,Outflow,223
12.5,-1290174122_FL,TSS,Outflow,223
3.0,-1290174122_FL,TSS,Outflow,223
1.0,-1290174122_FL,TSS,Outflow,223
7.5,-1290174122_FL,TSS,Outflow,224
16.60000038146973,-1290174122_FL,TSS,Outflow,224
7.099999904632568,-1290174122_FL,TSS,Outflow,224
11.5,-1290174122_FL,TSS,Outflow,224
2.0,-1290174122_FL,TSS,Outflow,224
7.599999904632568,-1290174122_FL,TSS,Outflow,225
1.0,-1290174122_FL,TSS,Outflow,225
9.100000381469727,-1290174122_FL,TSS,Outflow,225
5.300000190734863,-1290174122_FL,TSS,Outflow,225
9.600000381469727,-1290174122_FL,TSS,Outflow,225
3.0,-1290174122_FL,TSS,Outflow,226
1.0,-1290174122_FL,TSS,Outflow,226
2.0,-1290174122_FL,TSS,Outflow,226
5.0,-1290174122_FL,TSS,Outflow,226
9.5,-1290174122_FL,TSS,Outflow,226
5.0,-1290174122_FL,TSS,Outflow,227
10.0,-1290174122_FL,TSS,Outflow,227
16.0,-1290174122_FL,TSS,Outflow,227
7.0,-1290174122_FL,TSS,Outflow,227
9.100000381469727,-1290174122_FL,TSS,Outflow,227
49.29999923706055,-1290174122_FL,TSS,Outflow,228
3.0,-1290174122_FL,TSS,Outflow,228
11.0,-1290174122_FL,TSS,Outflow,228
4.0,-1290174122_FL,TSS,Outflow,228
7.099999904632568,-1290174122_FL,TSS,Outflow,228
7.099999904632568,-1290174122_FL,TSS,Outflow,229
5.300000190734863,-1290174122_FL,TSS,Outflow,229
4.0,-1290174122_FL,TSS,Outflow,229
2.0,-1290174122_FL,TSS,Outflow,229
9.600000381469727,-1290174122_FL,TSS,Outflow,229
15.0,-1290174122_FL,TSS,Outflow,230
3.0,-1290174122_FL,TSS,Outflow,230
10.0,-1290174122_FL,TSS,Outflow,230
2.0,-1290174122_FL,TSS,Outflow,230
2.0,-1290174122_FL,TSS,Outflow,230
7.099999904632568,-1290174122_FL,TSS,Outflow,231
13.69999980926514,-1290174122_FL,TSS,Outflow,231
20.70000076293945,-1290174122_FL,TSS,Outflow,231
29.39999961853027,-1290174122_FL,TSS,Outflow,231
15.0,-1290174122_FL,TSS,Outflow,231
5.0,-1290174122_FL,TSS,Outflow,232
12.5,-1290174122_FL,TSS,Outflow,232
47.0,-1290174122_FL,TSS,Outflow,232
11.0,-1290174122_FL,TSS,Outflow,232
7.300000190734863,-1290174122_FL,TSS,Outflow,232
19.0,-1290174122_FL,TSS,Outflow,233
16.0,-1290174122_FL,TSS,Outflow,233
5.0,-1290174122_FL,TSS,Outflow,233
8.0,-1290174122_FL,TSS,Outflow,233
49.29999923706055,-1290174122_FL,TSS,Outflow,233
1.0,-1290174122_FL,TSS,Outflow,234
4.0,-1290174122_FL,TSS,Outflow,234
16.60000038146973,-1290174122_FL,TSS,Outflow,234
23.0,-1290174122_FL,TSS,Outflow,234
4.0,-1290174122_FL,TSS,Outflow,234
3.0,-1290174122_FL,TSS,Outflow,235
30.79999923706055,-1290174122_FL,TSS,Outflow,235
16.60000038146973,-1290174122_FL,TSS,Outflow,235
4.0,-1290174122_FL,TSS,Outflow,235
5.0,-1290174122_FL,TSS,Outflow,235
15.89999961853027,-1290174122_FL,TSS,Outflow,236
5.0,-1290174122_FL,TSS,Outflow,236
7.0,-1290174122_FL,TSS,Outflow,236
2.0,-1290174122_FL,TSS,Outflow,236
8.0,-1290174122_FL,TSS,Outflow,236
9.899999618530273,-1290174122_FL,TSS,Outflow,237
3.0,-1290174122_FL,TSS,Outflow,237
9.5,-1290174122_FL,TSS,Outflow,237
15.89999961853027,-1290174122_FL,TSS,Outflow,237
2.0,-1290174122_FL,TSS,Outflow,237
29.39999961853027,-1290174122_FL,TSS,Outflow,238
13.69999980926514,-1290174122_FL,TSS,Outflow,238
2.0,-1290174122_FL,TSS,Outflow,238
5.0,-1290174122_FL,TSS,Outflow,238
16.0,-1290174122_FL,TSS,Outflow,238
9.100000381469727,-1290174122_FL,TSS,Outflow,239
9.699999809265137,-1290174122_FL,TSS,Outflow,239
16.5,-1290174122_FL,TSS,Outflow,239
7.0,-1290174122_FL,TSS,Outflow,239
19.0,-1290174122_FL,TSS,Outflow,239
11.0,-1290174122_FL,TSS,Outflow,240
7.900000095367432,-1290174122_FL,TSS,Outflow,240
47.0,-1290174122_FL,TSS,Outflow,240
4.0,-1290174122_FL,TSS,Outflow,240
5.0,-1290174122_FL,TSS,Outflow,240
1.0,-1290174122_FL,TSS,Outflow,241
2.0,-1290174122_FL,TSS,Outflow,241
4.0,-1290174122_FL,TSS,Outflow,241
2.0,-1290174122_FL,TSS,Outflow,241
47.0,-1290174122_FL,TSS,Outflow,241
5.0,-1290174122_FL,TSS,Outflow,242
2.0,-1290174122_FL,TSS,Outflow,242
3.0,-1290174122_FL,TSS,Outflow,242
8.0,-1290174122_FL,TSS,Outflow,242
3.0,-1290174122_FL,TSS,Outflow,242
3.0,-1290174122_FL,TSS,Outflow,243
19.0,-1290174122_FL,TSS,Outflow,243
15.0,-1290174122_FL,TSS,Outflow,243
8.0,-1290174122_FL,TSS,Outflow,243
1.0,-1290174122_FL,TSS,Outflow,243
10.5,-1290174122_FL,TSS,Outflow,244
3.0,-1290174122_FL,TSS,Outflow,244
47.0,-1290174122_FL,TSS,Outflow,244
3.0,-1290174122_FL,TSS,Outflow,244
19.0,-1290174122_FL,TSS,Outflow,244
12.39999961853027,-1290174122_FL,TSS,Outflow,245
5.0,-1290174122_FL,TSS,Outflow,245
16.5,-1290174122_FL,TSS,Outflow,245
11.5,-1290174122_FL,TSS,Outflow,245
3.0,-1290174122_FL,TSS,Outflow,245
3.0,-1290174122_FL,TSS,Outflow,246
11.0,-1290174122_FL,TSS,Outflow,246
4.0,-1290174122_FL,TSS,Outflow,246
3.0,-1290174122_FL,TSS,Outflow,246
15.0,-1290174122_FL,TSS,Outflow,246
49.29999923706055,-1290174122_FL,TSS,Outflow,247
2.0,-1290174122_FL,TSS,Outflow,247
10.5,-1290174122_FL,TSS,Outflow,247
16.0,-1290174122_FL,TSS,Outflow,247
10.0,-1290174122_FL,TSS,Outflow,247
19.0,-1290174122_FL,TSS,Outflow,248
19.0,-1290174122_FL,TSS,Outflow,248
5.0,-1290174122_FL,TSS,Outflow,248
4.0,-1290174122_FL,TSS,Outflow,248
29.39999961853027,-1290174122_FL,TSS,Outflow,248
16.0,-1290174122_FL,TSS,Outflow,249
5.099999904632568,-1290174122_FL,TSS,Outflow,249
7.599999904632568,-1290174122_FL,TSS,Outflow,249
0.02999999932944775,-1290174122_FL,TSS,Outflow,249
11.5,-1290174122_FL,TSS,Outflow,249
12.10000038146973,-1290174122_FL,TSS,Outflow,250
9.5,-1290174122_FL,TSS,Outflow,250
7.599999904632568,-1290174122_FL,TSS,Outflow,250
9.699999809265137,-1290174122_FL,TSS,Outflow,250
15.0,-1290174122_FL,TSS,Outflow,250
3.0,-1290174122_FL,TSS,Outflow,251
2.0,-1290174122_FL,TSS,Outflow,251
5.0,-1290174122_FL,TSS,Outflow,251
7.5,-1290174122_FL,TSS,Outflow,251
2.0,-1290174122_FL,TSS,Outflow,251
5.0,-1290174122_FL,TSS,Outflow,252
6.0,-1290174122_FL,TSS,Outflow,252
3.0,-1290174122_FL,TSS,Outflow,252
3.0,-1290174122_FL,TSS,Outflow,252
7.900000095367432,-1290174122_FL,TSS,Outflow,252
4.0,-1290174122_FL,TSS,Outflow,253
1.0,-1290174122_FL,TSS,Outflow,253
9.0,-1290174122_FL,TSS,Outflow,253
11.0,-1290174122_FL,TSS,Outflow,253
3.0,-1290174122_FL,TSS,Outflow,253
13.69999980926514,-1290174122_FL,TSS,Outflow,254
10.0,-1290174122_FL,TSS,Outflow,254
9.899999618530273,-1290174122_FL,TSS,Outflow,254
3.0,-1290174122_FL,TSS,Outflow,254
10.5,-1290174122_FL,TSS,Outflow,254
4.0,-1290174122_FL,TSS,Outflow,255
19.0,-1290174122_FL,TSS,Outflow,255
3.0,-1290174122_FL,TSS,Outflow,255
7.5,-1290174122_FL,TSS,Outflow,255
5.0,-1290174122_FL,TSS,Outflow,255
13.69999980926514,-1290174122_FL,TSS,Outflow,256
12.10000038146973,-1290174122_FL,TSS,Outflow,256
47.0,-1290174122_FL,TSS,Outflow,256
16.0,-1290174122_FL,TSS,Outflow,256
23.0,-1290174122_FL,TSS,Outflow,256
4.0,-1290174122_FL,TSS,Outflow,257
5.0,-1290174122_FL,TSS,Outflow,257
3.0,-1290174122_FL,TSS,Outflow,257
4.0,-1290174122_FL,TSS,Outflow,257
12.39999961853027,-1290174122_FL,TSS,Outflow,257
5.099999904632568,-1290174122_FL,TSS,Outflow,258
16.60000038146973,-1290174122_FL,TSS,Outflow,258
15.0,-1290174122_FL,TSS,Outflow,258
2.0,-1290174122_FL,TSS,Outflow,258
5.300000190734863,-1290174122_FL,TSS,Outflow,258
2.0,-1290174122_FL,TSS,Outflow,259
9.699999809265137,-1290174122_FL,TSS,Outflow,259
3.0,-1290174122_FL,TSS,Outflow,259
7.0,-1290174122_FL,TSS,Outflow,259
8.0,-1290174122_FL,TSS,Outflow,259
13.69999980926514,-1290174122_FL,TSS,Outflow,260
3.0,-1290174122_FL,TSS,Outflow,260
5.0,-1290174122_FL,TSS,Outflow,260
3.0,-1290174122_FL,TSS,Outflow,260
12.5,-1290174122_FL,TSS,Outflow,260
12.39999961853027,-1290174122_FL,TSS,Outflow,261
19.0,-1290174122_FL,TSS,Outflow,261
9.5,-1290174122_FL,TSS,Outflow,261
23.0,-1290174122_FL,TSS,Outflow,261
3.0,-1290174122_FL,TSS,Outflow,261
47.0,-1290174122_FL,TSS,Outflow,262
7.300000190734863,-1290174122_FL,TSS,Outflow,262
3.0,-1290174122_FL,TSS,Outflow,262
9.5,-1290174122_FL,TSS,Outflow,262
8.0,-1290174122_FL,TSS,Outflow,262
9.100000381469727,-1290174122_FL,TSS,Outflow,263
23.0,-1290174122_FL,TSS,Outflow,263
30.79999923706055,-1290174122_FL,TSS,Outflow,263
5.0,-1290174122_FL,TSS,Outflow,263
12.5,-1290174122_FL,TSS,Outflow,263
3.0,-1290174122_FL,TSS,Outflow,264
7.0,-1290174122_FL,TSS,Outflow,264
28.0,-1290174122_FL,TSS,Outflow,264
2.0,-1290174122_FL,TSS,Outflow,264
2.0,-1290174122_FL,TSS,Outflow,264
6.0,-1290174122_FL,TSS,Outflow,265
3.0,-1290174122_FL,TSS,Outflow,265
3.0,-1290174122_FL,TSS,Outflow,265
5.0,-1290174122_FL,TSS,Outflow,265
28.0,-1290174122_FL,TSS,Outflow,265
7.900000095367432,-1290174122_FL,TSS,Outflow,266
10.5,-1290174122_FL,TSS,Outflow,266
28.0,-1290174122_FL,TSS,Outflow,266
16.0,-1290174122_FL,TSS,Outflow,266
4.0,-1290174122_FL,TSS,Outflow,266
5.0,-1290174122_FL,TSS,Outflow,267
7.099999904632568,-1290174122_FL,TSS,Outflow,267
8.0,-1290174122_FL,TSS,Outflow,267
6.0,-1290174122_FL,TSS,Outflow,267
16.5,-1290174122_FL,TSS,Outflow,267
7.0,-1290174122_FL,TSS,Outflow,268
15.0,-1290174122_FL,TSS,Outflow,268
9.699999809265137,-1290174122_FL,TSS,Outflow,268
1.0,-1290174122_FL,TSS,Outflow,268
16.60000038146973,-1290174122_FL,TSS,Outflow,268
5.699999809265137,-1290174122_FL,TSS,Outflow,269
20.29999923706055,-1290174122_FL,TSS,Outflow,269
9.600000381469727,-1290174122_FL,TSS,Outflow,269
49.29999923706055,-1290174122_FL,TSS,Outflow,269
4.0,-1290174122_FL,TSS,Outflow,269
4.0,-1290174122_FL,TSS,Outflow,270
16.0,-1290174122_FL,TSS,Outflow,270
5.0,-1290174122_FL,TSS,Outflow,270
12.39999961853027,-1290174122_FL,TSS,Outflow,270
7.5,-1290174122_FL,TSS,Outflow,270
3.0,-1290174122_FL,TSS,Outflow,271
2.0,-1290174122_FL,TSS,Outflow,271
9.699999809265137,-1290174122_FL,TSS,Outflow,271
8.0,-1290174122_FL,TSS,Outflow,271
6.0,-1290174122_FL,TSS,Outflow,271
5.300000190734863,-1290174122_FL,TSS,Outflow,272
9.5,-1290174122_FL,TSS,Outflow,272
5.0,-1290174122_FL,TSS,Outflow,272
4.0,-1290174122_FL,TSS,Outflow,272
16.60000038146973,-1290174122_FL,TSS,Outflow,272
5.0,-1290174122_FL,TSS,Outflow,273
11.0,-1290174122_FL,TSS,Outflow,273
9.600000381469727,-1290174122_FL,TSS,Outflow,273
9.699999809265137,-1290174122_FL,TSS,Outflow,273
7.0,-1290174122_FL,TSS,Outflow,273
9.600000381469727,-1290174122_FL,TSS,Outflow,274
2.0,-1290174122_FL,TSS,Outflow,274
6.0,-1290174122_FL,TSS,Outflow,274
7.099999904632568,-1290174122_FL,TSS,Outflow,274
3.0,-1290174122_FL,TSS,Outflow,274
8.0,-1290174122_FL,TSS,Outflow,275
16.60000038146973,-1290174122_FL,TSS,Outflow,275
2.0,-1290174122_FL,TSS,Outflow,275
3.0,-1290174122_FL,TSS,Outflow,275
6.0,-1290174122_FL,TSS,Outflow,275
7.0,-1290174122_FL,TSS,Outflow,276
15.89999961853027,-1290174122_FL,TSS,Outflow,276
16.0,-1290174122_FL,TSS,Outflow,276
11.0,-1290174122_FL,TSS,Outflow,276
16.60000038146973,-1290174122_FL,TSS,Outflow,276
49.29999923706055,-1290174122_FL,TSS,Outflow,277
23.0,-1290174122_FL,TSS,Outflow,277
7.0,-1290174122_FL,TSS,Outflow,277
7.5,-1290174122_FL,TSS,Outflow,277
20.70000076293945,-1290174122_FL,TSS,Outflow,277
5.0,-1290174122_FL,TSS,Outflow,278
2.0,-1290174122_FL,TSS,Outflow,278
19.0,-1290174122_FL,TSS,Outflow,278
5.0,-1290174122_FL,TSS,Outflow,278
10.0,-1290174122_FL,TSS,Outflow,278
2.0,-1290174122_FL,TSS,Outflow,279
4.0,-1290174122_FL,TSS,Outflow,279
6.0,-1290174122_FL,TSS,Outflow,279
0.02999999932944775,-1290174122_FL,TSS,Outflow,279
13.69999980926514,-1290174122_FL,TSS,Outflow,279
6.0,-1290174122_FL,TSS,Outflow,280
5.0,-1290174122_FL,TSS,Outflow,280
4.0,-1290174122_FL,TSS,Outflow,280
9.5,-1290174122_FL,TSS,Outflow,280
2.0,-1290174122_FL,TSS,Outflow,280
3.0,-1290174122_FL,TSS,Outflow,281
19.0,-1290174122_FL,TSS,Outflow,281
4.0,-1290174122_FL,TSS,Outflow,281
9.5,-1290174122_FL,TSS,Outflow,281
7.0,-1290174122_FL,TSS,Outflow,281
11.0,-1290174122_FL,TSS,Outflow,282
5.0,-1290174122_FL,TSS,Outflow,282
3.0,-1290174122_FL,TSS,Outflow,282
3.0,-1290174122_FL,TSS,Outflow,282
10.0,-1290174122_FL,TSS,Outflow,282
7.099999904632568,-1290174122_FL,TSS,Outflow,283
9.100000381469727,-1290174122_FL,TSS,Outflow,283
7.0,-1290174122_FL,TSS,Outflow,283
10.0,-1290174122_FL,TSS,Outflow,283
2.0,-1290174122_FL,TSS,Outflow,283
12.10000038146973,-1290174122_FL,TSS,Outflow,284
16.0,-1290174122_FL,TSS,Outflow,284
2.0,-1290174122_FL,TSS,Outflow,284
3.0,-1290174122_FL,TSS,Outflow,284
6.0,-1290174122_FL,TSS,Outflow,284
30.79999923706055,-1290174122_FL,TSS,Outflow,285
12.5,-1290174122_FL,TSS,Outflow,285
2.0,-1290174122_FL,TSS,Outflow,285
9.699999809265137,-1290174122_FL,TSS,Outflow,285
3.0,-1290174122_FL,TSS,Outflow,285
20.70000076293945,-1290174122_FL,TSS,Outflow,286
28.0,-1290174122_FL,TSS,Outflow,286
5.0,-1290174122_FL,TSS,Outflow,286
20.29999923706055,-1290174122_FL,TSS,Outflow,286
8.0,-1290174122_FL,TSS,Outflow,286
11.5,-1290174122_FL,TSS,Outflow,287
2.0,-1290174122_FL,TSS,Outflow,287
16.5,-1290174122_FL,TSS,Outflow,287
9.0,-1290174122_FL,TSS,Outflow,287
4.0,-1290174122_FL,TSS,Outflow,287
9.100000381469727,-1290174122_FL,TSS,Outflow,288
1.0,-1290174122_FL,TSS,Outflow,288
49.29999923706055,-1290174122_FL,TSS,Outflow,288
19.0,-1290174122_FL,TSS,Outflow,288
3.0,-1290174122_FL,TSS,Outflow,288
20.70000076293945,-1290174122_FL,TSS,Outflow,289
4.0,-1290174122_FL,TSS,Outflow,289
16.5,-1290174122_FL,TSS,Outflow,289
9.699999809265137,-1290174122_FL,TSS,Outflow,289
5.0,-1290174122_FL,TSS,Outflow,289
16.70000076293945,-1290174122_FL,TSS,Outflow,290
5.300000190734863,-1290174122_FL,TSS,Outflow,290
3.0,-1290174122_FL,TSS,Outflow,290
7.0,-1290174122_FL,TSS,Outflow,290
3.0,-1290174122_FL,TSS,Outflow,290
16.70000076293945,-1290174122_FL,TSS,Outflow,291
5.0,-1290174122_FL,TSS,Outflow,291
5.0,-1290174122_FL,TSS,Outflow,291
4.0,-1290174122_FL,TSS,Outflow,291
9.899999618530273,-1290174122_FL,TSS,Outflow,291
7.0,-1290174122_FL,TSS,Outflow,292
10.0,-1290174122_FL,TSS,Outflow,292
3.0,-1290174122_FL,TSS,Outflow,292
4.0,-1290174122_FL,TSS,Outflow,292
9.5,-1290174122_FL,TSS,Outflow,292
4.0,-1290174122_FL,TSS,Outflow,293
6.0,-1290174122_FL,TSS,Outflow,293
16.0,-1290174122_FL,TSS,Outflow,293
7.5,-1290174122_FL,TSS,Outflow,293
15.0,-1290174122_FL,TSS,Outflow,293
2.0,-1290174122_FL,TSS,Outflow,294
9.0,-1290174122_FL,TSS,Outflow,294
12.39999961853027,-1290174122_FL,TSS,Outflow,294
16.5,-1290174122_FL,TSS,Outflow,294
3.0,-1290174122_FL,TSS,Outflow,294
30.79999923706055,-1290174122_FL,TSS,Outflow,295
5.099999904632568,-1290174122_FL,TSS,Outflow,295
1.0,-1290174122_FL,TSS,Outflow,295
7.099999904632568,-1290174122_FL,TSS,Outflow,295
3.0,-1290174122_FL,TSS,Outflow,295
3.0,-1290174122_FL,TSS,Outflow,296
7.0,-1290174122_FL,TSS,Outflow,296
15.0,-1290174122_FL,TSS,Outflow,296
19.0,-1290174122_FL,TSS,Outflow,296
9.699999809265137,-1290174122_FL,TSS,Outflow,296
3.0,-1290174122_FL,TSS,Outflow,297
5.300000190734863,-1290174122_FL,TSS,Outflow,297
3.0,-1290174122_FL,TSS,Outflow,297
16.5,-1290174122_FL,TSS,Outflow,297
5.0,-1290174122_FL,TSS,Outflow,297
20.29999923706055,-1290174122_FL,TSS,Outflow,298
3.0,-1290174122_FL,TSS,Outflow,298
5.699999809265137,-1290174122_FL,TSS,Outflow,298
3.0,-1290174122_FL,TSS,Outflow,298
2.0,-1290174122_FL,TSS,Outflow,298
4.0,-1290174122_FL,TSS,Outflow,299
16.5,-1290174122_FL,TSS,Outflow,299
2.0,-1290174122_FL,TSS,Outflow,299
10.5,-1290174122_FL,TSS,Outflow,299
2.0,-1290174122_FL,TSS,Outflow,299
12.10000038146973,-1290174122_FL,TSS,Outflow,300
8.0,-1290174122_FL,TSS,Outflow,300
3.0,-1290174122_FL,TSS,Outflow,300
16.0,-1290174122_FL,TSS,Outflow,300
1.0,-1290174122_FL,TSS,Outflow,300
16.0,-1290174122_FL,TSS,Outflow,301
7.099999904632568,-1290174122_FL,TSS,Outflow,301
28.0,-1290174122_FL,TSS,Outflow,301
7.0,-1290174122_FL,TSS,Outflow,301
9.600000381469727,-1290174122_FL,TSS,Outflow,301
2.0,-1290174122_FL,TSS,Outflow,302
3.0,-1290174122_FL,TSS,Outflow,302
30.79999923706055,-1290174122_FL,TSS,Outflow,302
8.0,-1290174122_FL,TSS,Outflow,302
12.39999961853027,-1290174122_FL,TSS,Outflow,302
6.0,-1290174122_FL,TSS,Outflow,303
19.0,-1290174122_FL,TSS,Outflow,303
9.0,-1290174122_FL,TSS,Outflow,303
3.0,-1290174122_FL,TSS,Outflow,303
7.5,-1290174122_FL,TSS,Outflow,303
7.0,-1290174122_FL,TSS,Outflow,304
7.0,-1290174122_FL,TSS,Outflow,304
5.0,-1290174122_FL,TSS,Outflow,304
4.0,-1290174122_FL,TSS,Outflow,304
19.0,-1290174122_FL,TSS,Outflow,304
3.0,-1290174122_FL,TSS,Outflow,305
7.0,-1290174122_FL,TSS,Outflow,305
11.0,-1290174122_FL,TSS,Outflow,305
5.0,-1290174122_FL,TSS,Outflow,305
9.699999809265137,-1290174122_FL,TSS,Outflow,305
20.29999923706055,-1290174122_FL,TSS,Outflow,306
9.600000381469727,-1290174122_FL,TSS,Outflow,306
3.0,-1290174122_FL,TSS,Outflow,306
7.099999904632568,-1290174122_FL,TSS,Outflow,306
11.5,-1290174122_FL,TSS,Outflow,306
30.79999923706055,-1290174122_FL,TSS,Outflow,307
2.0,-1290174122_FL,TSS,Outflow,307
7.099999904632568,-1290174122_FL,TSS,Outflow,307
5.0,-1290174122_FL,TSS,Outflow,307
12.5,-1290174122_FL,TSS,Outflow,307
7.0,-1290174122_FL,TSS,Outflow,308
3.0,-1290174122_FL,TSS,Outflow,308
7.300000190734863,-1290174122_FL,TSS,Outflow,308
7.599999904632568,-1290174122_FL,TSS,Outflow,308
9.5,-1290174122_FL,TSS,Outflow,308
15.0,-1290174122_FL,TSS,Outflow,309
3.0,-1290174122_FL,TSS,Outflow,309
7.0,-1290174122_FL,TSS,Outflow,309
4.0,-1290174122_FL,TSS,Outflow,309
7.599999904632568,-1290174122_FL,TSS,Outflow,309
19.0,-1290174122_FL,TSS,Outflow,310
12.39999961853027,-1290174122_FL,TSS,Outflow,310
5.0,-1290174122_FL,TSS,Outflow,310
3.0,-1290174122_FL,TSS,Outflow,310
16.70000076293945,-1290174122_FL,TSS,Outflow,310
5.0,-1290174122_FL,TSS,Outflow,311
5.699999809265137,-1290174122_FL,TSS,Outflow,311
8.0,-1290174122_FL,TSS,Outflow,311
16.5,-1290174122_FL,TSS,Outflow,311
3.0,-1290174122_FL,TSS,Outflow,311
6.0,-1290174122_FL,TSS,Outflow,312
3.0,-1290174122_FL,TSS,Outflow,312
3.0,-1290174122_FL,TSS,Outflow,312
3.0,-1290174122_FL,TSS,Outflow,312
16.70000076293945,-1290174122_FL,TSS,Outflow,312
49.29999923706055,-1290174122_FL,TSS,Outflow,313
5.699999809265137,-1290174122_FL,TSS,Outflow,313
47.0,-1290174122_FL,TSS,Outflow,313
7.0,-1290174122_FL,TSS,Outflow,313
15.0,-1290174122_FL,TSS,Outflow,313
10.0,-1290174122_FL,TSS,Outflow,314
3.0,-1290174122_FL,TSS,Outflow,314
7.0,-1290174122_FL,TSS,Outflow,314
13.69999980926514,-1290174122_FL,TSS,Outflow,314
6.0,-1290174122_FL,TSS,Outflow,314
1.0,-1290174122_FL,TSS,Outflow,315
3.0,-1290174122_FL,TSS,Outflow,315
3.0,-1290174122_FL,TSS,Outflow,315
7.0,-1290174122_FL,TSS,Outflow,315
3.0,-1290174122_FL,TSS,Outflow,315
23.0,-1290174122_FL,TSS,Outflow,316
10.5,-1290174122_FL,TSS,Outflow,316
4.0,-1290174122_FL,TSS,Outflow,316
1.0,-1290174122_FL,TSS,Outflow,316
5.0,-1290174122_FL,TSS,Outflow,316
16.70000076293945,-1290174122_FL,TSS,Outflow,317
6.0,-1290174122_FL,TSS,Outflow,317
9.100000381469727,-1290174122_FL,TSS,Outflow,317
29.39999961853027,-1290174122_FL,TSS,Outflow,317
5.0,-1290174122_FL,TSS,Outflow,317
6.0,-1290174122_FL,TSS,Outflow,318
16.0,-1290174122_FL,TSS,Outflow,318
29.39999961853027,-1290174122_FL,TSS,Outflow,318
3.0,-1290174122_FL,TSS,Outflow,318
9.0,-1290174122_FL,TSS,Outflow,318
47.0,-1290174122_FL,TSS,Outflow,319
9.600000381469727,-1290174122_FL,TSS,Outflow,319
30.79999923706055,-1290174122_FL,TSS,Outflow,319
10.0,-1290174122_FL,TSS,Outflow,319
2.0,-1290174122_FL,TSS,Outflow,319
2.0,-1290174122_FL,TSS,Outflow,320
3.0,-1290174122_FL,TSS,Outflow,320
3.0,-1290174122_FL,TSS,Outflow,320
0.02999999932944775,-1290174122_FL,TSS,Outflow,320
11.5,-1290174122_FL,TSS,Outflow,320
7.599999904632568,-1290174122_FL,TSS,Outflow,321
20.70000076293945,-1290174122_FL,TSS,Outflow,321
13.69999980926514,-1290174122_FL,TSS,Outflow,321
9.100000381469727,-1290174122_FL,TSS,Outflow,321
2.0,-1290174122_FL,TSS,Outflow,321
16.0,-1290174122_FL,TSS,Outflow,322
2.0,-1290174122_FL,TSS,Outflow,322
3.0,-1290174122_FL,TSS,Outflow,322
6.0,-1290174122_FL,TSS,Outflow,322
12.10000038146973,-1290174122_FL,TSS,Outflow,322
4.0,-1290174122_FL,TSS,Outflow,323
3.0,-1290174122_FL,TSS,Outflow,323
9.5,-1290174122_FL,TSS,Outflow,323
20.70000076293945,-1290174122_FL,TSS,Outflow,323
5.0,-1290174122_FL,TSS,Outflow,323
9.0,-1290174122_FL,TSS,Outflow,324
3.0,-1290174122_FL,TSS,Outflow,324
9.600000381469727,-1290174122_FL,TSS,Outflow,324
29.39999961853027,-1290174122_FL,TSS,Outflow,324
7.0,-1290174122_FL,TSS,Outflow,324
47.0,-1290174122_FL,TSS,Outflow,325
3.0,-1290174122_FL,TSS,Outflow,325
7.300000190734863,-1290174122_FL,TSS,Outflow,325
3.0,-1290174122_FL,TSS,Outflow,325
9.0,-1290174122_FL,TSS,Outflow,325
5.699999809265137,-1290174122_FL,TSS,Outflow,326
47.0,-1290174122_FL,TSS,Outflow,326
11.0,-1290174122_FL,TSS,Outflow,326
3.0,-1290174122_FL,TSS,Outflow,326
7.0,-1290174122_FL,TSS,Outflow,326
3.0,-1290174122_FL,TSS,Outflow,327
23.0,-1290174122_FL,TSS,Outflow,327
15.0,-1290174122_FL,TSS,Outflow,327
11.5,-1290174122_FL,TSS,Outflow,327
2.0,-1290174122_FL,TSS,Outflow,327
3.0,-1290174122_FL,TSS,Outflow,328
20.70000076293945,-1290174122_FL,TSS,Outflow,328
16.60000038146973,-1290174122_FL,TSS,Outflow,328
16.0,-1290174122_FL,TSS,Outflow,328
3.0,-1290174122_FL,TSS,Outflow,328
1.0,-1290174122_FL,TSS,Outflow,329
7.0,-1290174122_FL,TSS,Outflow,329
7.099999904632568,-1290174122_FL,TSS,Outflow,329
11.0,-1290174122_FL,TSS,Outflow,329
20.70000076293945,-1290174122_FL,TSS,Outflow,329
3.0,-1290174122_FL,TSS,Outflow,330
7.0,-1290174122_FL,TSS,Outflow,330
5.0,-1290174122_FL,TSS,Outflow,330
15.89999961853027,-1290174122_FL,TSS,Outflow,330
5.0,-1290174122_FL,TSS,Outflow,330
16.70000076293945,-1290174122_FL,TSS,Outflow,331
3.0,-1290174122_FL,TSS,Outflow,331
49.29999923706055,-1290174122_FL,TSS,Outflow,331
9.0,-1290174122_FL,TSS,Outflow,331
2.0,-1290174122_FL,TSS,Outflow,331
3.0,-1290174122_FL,TSS,Outflow,332
47.0,-1290174122_FL,TSS,Outflow,332
15.0,-1290174122_FL,TSS,Outflow,332
7.0,-1290174122_FL,TSS,Outflow,332
11.5,-1290174122_FL,TSS,Outflow,332
5.0,-1290174122_FL,TSS,Outflow,333
9.899999618530273,-1290174122_FL,TSS,Outflow,333
7.900000095367432,-1290174122_FL,TSS,Outflow,333
0.02999999932944775,-1290174122_FL,TSS,Outflow,333
6.0,-1290174122_FL,TSS,Outflow,333
4.0,-1290174122_FL,TSS,Outflow,334
3.0,-1290174122_FL,TSS,Outflow,334
9.0,-1290174122_FL,TSS,Outflow,334
5.0,-1290174122_FL,TSS,Outflow,334
7.0,-1290174122_FL,TSS,Outflow,334
7.0,-1290174122_FL,TSS,Outflow,335
12.10000038146973,-1290174122_FL,TSS,Outflow,335
15.89999961853027,-1290174122_FL,TSS,Outflow,335
8.0,-1290174122_FL,TSS,Outflow,335
4.0,-1290174122_FL,TSS,Outflow,335
0.02999999932944775,-1290174122_FL,TSS,Outflow,336
7.300000190734863,-1290174122_FL,TSS,Outflow,336
8.0,-1290174122_FL,TSS,Outflow,336
10.5,-1290174122_FL,TSS,Outflow,336
8.0,-1290174122_FL,TSS,Outflow,336
9.5,-1290174122_FL,TSS,Outflow,337
5.0,-1290174122_FL,TSS,Outflow,337
0.02999999932944775,-1290174122_FL,TSS,Outflow,337
7.300000190734863,-1290174122_FL,TSS,Outflow,337
3.0,-1290174122_FL,TSS,Outflow,337
5.0,-1290174122_FL,TSS,Outflow,338
20.29999923706055,-1290174122_FL,TSS,Outflow,338
16.0,-1290174122_FL,TSS,Outflow,338
8.0,-1290174122_FL,TSS,Outflow,338
7.5,-1290174122_FL,TSS,Outflow,338
15.89999961853027,-1290174122_FL,TSS,Outflow,339
8.0,-1290174122_FL,TSS,Outflow,339
29.39999961853027,-1290174122_FL,TSS,Outflow,339
6.0,-1290174122_FL,TSS,Outflow,339
11.0,-1290174122_FL,TSS,Outflow,339
10.0,-1290174122_FL,TSS,Outflow,340
10.5,-1290174122_FL,TSS,Outflow,340
12.10000038146973,-1290174122_FL,TSS,Outflow,340
30.79999923706055,-1290174122_FL,TSS,Outflow,340
7.5,-1290174122_FL,TSS,Outflow,340
0.02999999932944775,-1290174122_FL,TSS,Outflow,341
12.39999961853027,-1290174122_FL,TSS,Outflow,341
3.0,-1290174122_FL,TSS,Outflow,341
23.0,-1290174122_FL,TSS,Outflow,341
9.699999809265137,-1290174122_FL,TSS,Outflow,341
30.79999923706055,-1290174122_FL,TSS,Outflow,342
16.0,-1290174122_FL,TSS,Outflow,342
4.0,-1290174122_FL,TSS,Outflow,342
11.0,-1290174122_FL,TSS,Outflow,342
8.0,-1290174122_FL,TSS,Outflow,342
7.0,-1290174122_FL,TSS,Outflow,343
2.0,-1290174122_FL,TSS,Outflow,343
12.10000038146973,-1290174122_FL,TSS,Outflow,343
9.600000381469727,-1290174122_FL,TSS,Outflow,343
10.69999980926514,-1290174122_FL,TSS,Outflow,343
3.0,-1290174122_FL,TSS,Outflow,344
16.70000076293945,-1290174122_FL,TSS,Outflow,344
2.0,-1290174122_FL,TSS,Outflow,344
7.099999904632568,-1290174122_FL,TSS,Outflow,344
7.5,-1290174122_FL,TSS,Outflow,344
30.79999923706055,-1290174122_FL,TSS,Outflow,345
7.0,-1290174122_FL,TSS,Outflow,345
8.0,-1290174122_FL,TSS,Outflow,345
5.0,-1290174122_FL,TSS,Outflow,345
9.899999618530273,-1290174122_FL,TSS,Outflow,345
0.02999999932944775,-1290174122_FL,TSS,Outflow,346
11.0,-1290174122_FL,TSS,Outflow,346
4.0,-1290174122_FL,TSS,Outflow,346
13.69999980926514,-1290174122_FL,TSS,Outflow,346
5.099999904632568,-1290174122_FL,TSS,Outflow,346
4.0,-1290174122_FL,TSS,Outflow,347
1.0,-1290174122_FL,TSS,Outflow,347
30.79999923706055,-1290174122_FL,TSS,Outflow,347
7.0,-1290174122_FL,TSS,Outflow,347
12.5,-1290174122_FL,TSS,Outflow,347
3.0,-1290174122_FL,TSS,Outflow,348
8.0,-1290174122_FL,TSS,Outflow,348
10.0,-1290174122_FL,TSS,Outflow,348
8.0,-1290174122_FL,TSS,Outflow,348
5.0,-1290174122_FL,TSS,Outflow,348
5.699999809265137,-1290174122_FL,TSS,Outflow,349
1.0,-1290174122_FL,TSS,Outflow,349
9.0,-1290174122_FL,TSS,Outflow,349
2.0,-1290174122_FL,TSS,Outflow,349
0.02999999932944775,-1290174122_FL,TSS,Outflow,349
7.099999904632568,-1290174122_FL,TSS,Outflow,350
8.0,-1290174122_FL,TSS,Outflow,350
6.0,-1290174122_FL,TSS,Outflow,350
8.0,-1290174122_FL,TSS,Outflow,350
7.0,-1290174122_FL,TSS,Outflow,350
15.0,-1290174122_FL,TSS,Outflow,351
5.0,-1290174122_FL,TSS,Outflow,351
12.10000038146973,-1290174122_FL,TSS,Outflow,351
12.39999961853027,-1290174122_FL,TSS,Outflow,351
5.0,-1290174122_FL,TSS,Outflow,351
12.39999961853027,-1290174122_FL,TSS,Outflow,352
12.5,-1290174122_FL,TSS,Outflow,352
9.5,-1290174122_FL,TSS,Outflow,352
47.0,-1290174122_FL,TSS,Outflow,352
5.0,-1290174122_FL,TSS,Outflow,352
4.0,-1290174122_FL,TSS,Outflow,353
12.10000038146973,-1290174122_FL,TSS,Outflow,353
7.099999904632568,-1290174122_FL,TSS,Outflow,353
20.29999923706055,-1290174122_FL,TSS,Outflow,353
2.0,-1290174122_FL,TSS,Outflow,353
3.0,-1290174122_FL,TSS,Outflow,354
7.0,-1290174122_FL,TSS,Outflow,354
4.0,-1290174122_FL,TSS,Outflow,354
10.5,-1290174122_FL,TSS,Outflow,354
2.0,-1290174122_FL,TSS,Outflow,354
8.0,-1290174122_FL,TSS,Outflow,355
20.29999923706055,-1290174122_FL,TSS,Outflow,355
9.5,-1290174122_FL,TSS,Outflow,355
2.0,-1290174122_FL,TSS,Outflow,355
11.0,-1290174122_FL,TSS,Outflow,355
15.0,-1290174122_FL,TSS,Outflow,356
30.79999923706055,-1290174122_FL,TSS,Outflow,356
16.0,-1290174122_FL,TSS,Outflow,356
16.70000076293945,-1290174122_FL,TSS,Outflow,356
7.5,-1290174122_FL,TSS,Outflow,356
19.0,-1290174122_FL,TSS,Outflow,357
5.699999809265137,-1290174122_FL,TSS,Outflow,357
28.0,-1290174122_FL,TSS,Outflow,357
16.60000038146973,-1290174122_FL,TSS,Outflow,357
9.100000381469727,-1290174122_FL,TSS,Outflow,357
3.0,-1290174122_FL,TSS,Outflow,358
16.5,-1290174122_FL,TSS,Outflow,358
15.89999961853027,-1290174122_FL,TSS,Outflow,358
15.0,-1290174122_FL,TSS,Outflow,358
12.39999961853027,-1290174122_FL,TSS,Outflow,358
2.0,-1290174122_FL,TSS,Outflow,359
5.0,-1290174122_FL,TSS,Outflow,359
11.5,-1290174122_FL,TSS,Outflow,359
5.099999904632568,-1290174122_FL,TSS,Outflow,359
20.29999923706055,-1290174122_FL,TSS,Outflow,359
4.0,-1290174122_FL,TSS,Outflow,360
3.0,-1290174122_FL,TSS,Outflow,360
5.0,-1290174122_FL,TSS,Outflow,360
7.300000190734863,-1290174122_FL,TSS,Outflow,360
6.0,-1290174122_FL,TSS,Outflow,360
5.0,-1290174122_FL,TSS,Outflow,361
1.0,-1290174122_FL,TSS,Outflow,361
9.600000381469727,-1290174122_FL,TSS,Outflow,361
3.0,-1290174122_FL,TSS,Outflow,361
6.0,-1290174122_FL,TSS,Outflow,361
20.70000076293945,-1290174122_FL,TSS,Outflow,362
7.099999904632568,-1290174122_FL,TSS,Outflow,362
19.0,-1290174122_FL,TSS,Outflow,362
9.5,-1290174122_FL,TSS,Outflow,362
3.0,-1290174122_FL,TSS,Outflow,362
16.60000038146973,-1290174122_FL,TSS,Outflow,363
4.0,-1290174122_FL,TSS,Outflow,363
3.0,-1290174122_FL,TSS,Outflow,363
9.5,-1290174122_FL,TSS,Outflow,363
19.0,-1290174122_FL,TSS,Outflow,363
30.79999923706055,-1290174122_FL,TSS,Outflow,364
10.0,-1290174122_FL,TSS,Outflow,364
5.0,-1290174122_FL,TSS,Outflow,364
9.100000381469727,-1290174122_FL,TSS,Outflow,364
2.0,-1290174122_FL,TSS,Outflow,364
20.70000076293945,-1290174122_FL,TSS,Outflow,365
12.39999961853027,-1290174122_FL,TSS,Outflow,365
7.099999904632568,-1290174122_FL,TSS,Outflow,365
5.0,-1290174122_FL,TSS,Outflow,365
6.0,-1290174122_FL,TSS,Outflow,365
0.02999999932944775,-1290174122_FL,TSS,Outflow,366
5.0,-1290174122_FL,TSS,Outflow,366
2.0,-1290174122_FL,TSS,Outflow,366
3.0,-1290174122_FL,TSS,Outflow,366
4.0,-1290174122_FL,TSS,Outflow,366
7.099999904632568,-1290174122_FL,TSS,Outflow,367
10.0,-1290174122_FL,TSS,Outflow,367
16.0,-1290174122_FL,TSS,Outflow,367
3.0,-1290174122_FL,TSS,Outflow,367
3.0,-1290174122_FL,TSS,Outflow,367
12.5,-1290174122_FL,TSS,Outflow,368
12.10000038146973,-1290174122_FL,TSS,Outflow,368
3.0,-1290174122_FL,TSS,Outflow,368
20.70000076293945,-1290174122_FL,TSS,Outflow,368
4.0,-1290174122_FL,TSS,Outflow,368
3.0,-1290174122_FL,TSS,Outflow,369
8.0,-1290174122_FL,TSS,Outflow,369
4.0,-1290174122_FL,TSS,Outflow,369
20.29999923706055,-1290174122_FL,TSS,Outflow,369
7.099999904632568,-1290174122_FL,TSS,Outflow,369
3.0,-1290174122_FL,TSS,Outflow,370
0.02999999932944775,-1290174122_FL,TSS,Outflow,370
3.0,-1290174122_FL,TSS,Outflow,370
3.0,-1290174122_FL,TSS,Outflow,370
3.0,-1290174122_FL,TSS,Outflow,370
3.0,-1290174122_FL,TSS,Outflow,371
5.0,-1290174122_FL,TSS,Outflow,371
20.70000076293945,-1290174122_FL,TSS,Outflow,371
47.0,-1290174122_FL,TSS,Outflow,371
5.699999809265137,-1290174122_FL,TSS,Outflow,371
9.699999809265137,-1290174122_FL,TSS,Outflow,372
3.0,-1290174122_FL,TSS,Outflow,372
10.69999980926514,-1290174122_FL,TSS,Outflow,372
28.0,-1290174122_FL,TSS,Outflow,372
12.39999961853027,-1290174122_FL,TSS,Outflow,372
5.699999809265137,-1290174122_FL,TSS,Outflow,373
9.699999809265137,-1290174122_FL,TSS,Outflow,373
5.0,-1290174122_FL,TSS,Outflow,373
9.100000381469727,-1290174122_FL,TSS,Outflow,373
3.0,-1290174122_FL,TSS,Outflow,373
3.0,-1290174122_FL,TSS,Outflow,374
10.0,-1290174122_FL,TSS,Outflow,374
6.0,-1290174122_FL,TSS,Outflow,374
5.0,-1290174122_FL,TSS,Outflow,374
4.0,-1290174122_FL,TSS,Outflow,374
5.0,-1290174122_FL,TSS,Outflow,375
7.0,-1290174122_FL,TSS,Outflow,375
7.599999904632568,-1290174122_FL,TSS,Outflow,375
3.0,-1290174122_FL,TSS,Outflow,375
6.0,-1290174122_FL,TSS,Outflow,375
15.0,-1290174122_FL,TSS,Outflow,376
6.0,-1290174122_FL,TSS,Outflow,376
3.0,-1290174122_FL,TSS,Outflow,376
0.02999999932944775,-1290174122_FL,TSS,Outflow,376
10.0,-1290174122_FL,TSS,Outflow,376
28.0,-1290174122_FL,TSS,Outflow,377
9.5,-1290174122_FL,TSS,Outflow,377
5.0,-1290174122_FL,TSS,Outflow,377
16.5,-1290174122_FL,TSS,Outflow,377
3.0,-1290174122_FL,TSS,Outflow,377
9.0,-1290174122_FL,TSS,Outflow,378
12.10000038146973,-1290174122_FL,TSS,Outflow,378
16.5,-1290174122_FL,TSS,Outflow,378
12.5,-1290174122_FL,TSS,Outflow,378
8.0,-1290174122_FL,TSS,Outflow,378
15.89999961853027,-1290174122_FL,TSS,Outflow,379
11.0,-1290174122_FL,TSS,Outflow,379
2.0,-1290174122_FL,TSS,Outflow,379
3.0,-1290174122_FL,TSS,Outflow,379
1.0,-1290174122_FL,TSS,Outflow,379
7.900000095367432,-1290174122_FL,TSS,Outflow,380
3.0,-1290174122_FL,TSS,Outflow,380
19.0,-1290174122_FL,TSS,Outflow,380
8.0,-1290174122_FL,TSS,Outflow,380
3.0,-1290174122_FL,TSS,Outflow,380
5.0,-1290174122_FL,TSS,Outflow,381
7.599999904632568,-1290174122_FL,TSS,Outflow,381
8.0,-1290174122_FL,TSS,Outflow,381
15.0,-1290174122_FL,TSS,Outflow,381
10.0,-1290174122_FL,TSS,Outflow,381
23.0,-1290174122_FL,TSS,Outflow,382
2.0,-1290174122_FL,TSS,Outflow,382
9.600000381469727,-1290174122_FL,TSS,Outflow,382
9.100000381469727,-1290174122_FL,TSS,Outflow,382
0.02999999932944775,-1290174122_FL,TSS,Outflow,382
13.69999980926514,-1290174122_FL,TSS,Outflow,383
12.10000038146973,-1290174122_FL,TSS,Outflow,383
8.0,-1290174122_FL,TSS,Outflow,383
7.5,-1290174122_FL,TSS,Outflow,383
3.0,-1290174122_FL,TSS,Outflow,383
8.0,-1290174122_FL,TSS,Outflow,384
9.5,-1290174122_FL,TSS,Outflow,384
28.0,-1290174122_FL,TSS,Outflow,384
8.0,-1290174122_FL,TSS,Outflow,384
8.0,-1290174122_FL,TSS,Outflow,384
30.79999923706055,-1290174122_FL,TSS,Outflow,385
11.5,-1290174122_FL,TSS,Outflow,385
3.0,-1290174122_FL,TSS,Outflow,385
3.0,-1290174122_FL,TSS,Outflow,385
4.0,-1290174122_FL,TSS,Outflow,385
7.099999904632568,-1290174122_FL,TSS,Outflow,386
5.0,-1290174122_FL,TSS,Outflow,386
11.0,-1290174122_FL,TSS,Outflow,386
7.0,-1290174122_FL,TSS,Outflow,386
16.0,-1290174122_FL,TSS,Outflow,386
6.0,-1290174122_FL,TSS,Outflow,387
3.0,-1290174122_FL,TSS,Outflow,387
15.0,-1290174122_FL,TSS,Outflow,387
10.0,-1290174122_FL,TSS,Outflow,387
12.39999961853027,-1290174122_FL,TSS,Outflow,387
11.0,-1290174122_FL,TSS,Outflow,388
3.0,-1290174122_FL,TSS,Outflow,388
4.0,-1290174122_FL,TSS,Outflow,388
3.0,-1290174122_FL,TSS,Outflow,388
4.0,-1290174122_FL,TSS,Outflow,388
8.0,-1290174122_FL,TSS,Outflow,389
5.0,-1290174122_FL,TSS,Outflow,389
11.0,-1290174122_FL,TSS,Outflow,389
1.0,-1290174122_FL,TSS,Outflow,389
5.0,-1290174122_FL,TSS,Outflow,389
15.0,-1290174122_FL,TSS,Outflow,390
3.0,-1290174122_FL,TSS,Outflow,390
5.300000190734863,-1290174122_FL,TSS,Outflow,390
5.0,-1290174122_FL,TSS,Outflow,390
3.0,-1290174122_FL,TSS,Outflow,390
7.599999904632568,-1290174122_FL,TSS,Outflow,391
47.0,-1290174122_FL,TSS,Outflow,391
30.79999923706055,-1290174122_FL,TSS,Outflow,391
9.100000381469727,-1290174122_FL,TSS,Outflow,391
15.0,-1290174122_FL,TSS,Outflow,391
2.0,-1290174122_FL,TSS,Outflow,392
9.899999618530273,-1290174122_FL,TSS,Outflow,392
1.0,-1290174122_FL,TSS,Outflow,392
7.0,-1290174122_FL,TSS,Outflow,392
3.0,-1290174122_FL,TSS,Outflow,392
2.0,-1290174122_FL,TSS,Outflow,393
19.0,-1290174122_FL,TSS,Outflow,393
10.0,-1290174122_FL,TSS,Outflow,393
4.0,-1290174122_FL,TSS,Outflow,393
3.0,-1290174122_FL,TSS,Outflow,393
3.0,-1290174122_FL,TSS,Outflow,394
9.5,-1290174122_FL,TSS,Outflow,394
16.0,-1290174122_FL,TSS,Outflow,394
3.0,-1290174122_FL,TSS,Outflow,394
16.0,-1290174122_FL,TSS,Outflow,394
7.900000095367432,-1290174122_FL,TSS,Outflow,395
10.69999980926514,-1290174122_FL,TSS,Outflow,395
7.599999904632568,-1290174122_FL,TSS,Outflow,395
5.0,-1290174122_FL,TSS,Outflow,395
10.5,-1290174122_FL,TSS,Outflow,395
2.0,-1290174122_FL,TSS,Outflow,396
7.300000190734863,-1290174122_FL,TSS,Outflow,396
7.099999904632568,-1290174122_FL,TSS,Outflow,396
11.0,-1290174122_FL,TSS,Outflow,396
47.0,-1290174122_FL,TSS,Outflow,396
3.0,-1290174122_FL,TSS,Outflow,397
4.0,-1290174122_FL,TSS,Outflow,397
6.0,-1290174122_FL,TSS,Outflow,397
47.0,-1290174122_FL,TSS,Outflow,397
13.69999980926514,-1290174122_FL,TSS,Outflow,397
2.0,-1290174122_FL,TSS,Outflow,398
16.70000076293945,-1290174122_FL,TSS,Outflow,398
7.099999904632568,-1290174122_FL,TSS,Outflow,398
7.099999904632568,-1290174122_FL,TSS,Outflow,398
19.0,-1290174122_FL,TSS,Outflow,398
5.699999809265137,-1290174122_FL,TSS,Outflow,399
7.099999904632568,-1290174122_FL,TSS,Outflow,399
2.0,-1290174122_FL,TSS,Outflow,399
30.79999923706055,-1290174122_FL,TSS,Outflow,399
7.599999904632568,-1290174122_FL,TSS,Outflow,399
15.0,-1290174122_FL,TSS,Outflow,400
3.0,-1290174122_FL,TSS,Outflow,400
7.0,-1290174122_FL,TSS,Outflow,400
3.0,-1290174122_FL,TSS,Outflow,400
9.0,-1290174122_FL,TSS,Outflow,400
30.79999923706055,-1290174122_FL,TSS,Outflow,401
20.29999923706055,-1290174122_FL,TSS,Outflow,401
7.900000095367432,-1290174122_FL,TSS,Outflow,401
12.39999961853027,-1290174122_FL,TSS,Outflow,401
6.0,-1290174122_FL,TSS,Outflow,401
7.0,-1290174122_FL,TSS,Outflow,402
23.0,-1290174122_FL,TSS,Outflow,402
15.0,-1290174122_FL,TSS,Outflow,402
30.79999923706055,-1290174122_FL,TSS,Outflow,402
5.0,-1290174122_FL,TSS,Outflow,402
2.0,-1290174122_FL,TSS,Outflow,403
3.0,-1290174122_FL,TSS,Outflow,403
7.099999904632568,-1290174122_FL,TSS,Outflow,403
4.0,-1290174122_FL,TSS,Outflow,403
15.0,-1290174122_FL,TSS,Outflow,403
12.10000038146973,-1290174122_FL,TSS,Outflow,404
9.100000381469727,-1290174122_FL,TSS,Outflow,404
3.0,-1290174122_FL,TSS,Outflow,404
3.0,-1290174122_FL,TSS,Outflow,404
11.5,-1290174122_FL,TSS,Outflow,404
9.699999809265137,-1290174122_FL,TSS,Outflow,405
11.5,-1290174122_FL,TSS,Outflow,405
11.0,-1290174122_FL,TSS,Outflow,405
3.0,-1290174122_FL,TSS,Outflow,405
16.5,-1290174122_FL,TSS,Outflow,405
8.0,-1290174122_FL,TSS,Outflow,406
3.0,-1290174122_FL,TSS,Outflow,406
5.699999809265137,-1290174122_FL,TSS,Outflow,406
11.0,-1290174122_FL,TSS,Outflow,406
2.0,-1290174122_FL,TSS,Outflow,406
8.0,-1290174122_FL,TSS,Outflow,407
4.0,-1290174122_FL,TSS,Outflow,407
2.0,-1290174122_FL,TSS,Outflow,407
7.099999904632568,-1290174122_FL,TSS,Outflow,407
10.69999980926514,-1290174122_FL,TSS,Outflow,407
16.5,-1290174122_FL,TSS,Outflow,408
3.0,-1290174122_FL,TSS,Outflow,408
3.0,-1290174122_FL,TSS,Outflow,408
7.5,-1290174122_FL,TSS,Outflow,408
9.899999618530273,-1290174122_FL,TSS,Outflow,408
12.39999961853027,-1290174122_FL,TSS,Outflow,409
7.0,-1290174122_FL,TSS,Outflow,409
4.0,-1290174122_FL,TSS,Outflow,409
6.0,-1290174122_FL,TSS,Outflow,409
3.0,-1290174122_FL,TSS,Outflow,409
2.0,-1290174122_FL,TSS,Outflow,410
3.0,-1290174122_FL,TSS,Outflow,410
16.0,-1290174122_FL,TSS,Outflow,410
4.0,-1290174122_FL,TSS,Outflow,410
3.0,-1290174122_FL,TSS,Outflow,410
2.0,-1290174122_FL,TSS,Outflow,411
2.0,-1290174122_FL,TSS,Outflow,411
13.69999980926514,-1290174122_FL,TSS,Outflow,411
23.0,-1290174122_FL,TSS,Outflow,411
5.0,-1290174122_FL,TSS,Outflow,411
12.5,-1290174122_FL,TSS,Outflow,412
5.300000190734863,-1290174122_FL,TSS,Outflow,412
2.0,-1290174122_FL,TSS,Outflow,412
9.100000381469727,-1290174122_FL,TSS,Outflow,412
5.099999904632568,-1290174122_FL,TSS,Outflow,412
8.0,-1290174122_FL,TSS,Outflow,413
3.0,-1290174122_FL,TSS,Outflow,413
4.0,-1290174122_FL,TSS,Outflow,413
2.0,-1290174122_FL,TSS,Outflow,413
15.89999961853027,-1290174122_FL,TSS,Outflow,413
4.0,-1290174122_FL,TSS,Outflow,414
7.0,-1290174122_FL,TSS,Outflow,414
16.60000038146973,-1290174122_FL,TSS,Outflow,414
2.0,-1290174122_FL,TSS,Outflow,414
3.0,-1290174122_FL,TSS,Outflow,414
9.100000381469727,-1290174122_FL,TSS,Outflow,415
2.0,-1290174122_FL,TSS,Outflow,415
15.89999961853027,-1290174122_FL,TSS,Outflow,415
5.0,-1290174122_FL,TSS,Outflow,415
11.5,-1290174122_FL,TSS,Outflow,415
5.0,-1290174122_FL,TSS,Outflow,416
9.699999809265137,-1290174122_FL,TSS,Outflow,416
15.0,-1290174122_FL,TSS,Outflow,416
7.0,-1290174122_FL,TSS,Outflow,416
3.0,-1290174122_FL,TSS,Outflow,416
2.0,-1290174122_FL,TSS,Outflow,417
29.39999961853027,-1290174122_FL,TSS,Outflow,417
3.0,-1290174122_FL,TSS,Outflow,417
3.0,-1290174122_FL,TSS,Outflow,417
16.60000038146973,-1290174122_FL,TSS,Outflow,417
49.29999923706055,-1290174122_FL,TSS,Outflow,418
4.0,-1290174122_FL,TSS,Outflow,418
2.0,-1290174122_FL,TSS,Outflow,418
9.600000381469727,-1290174122_FL,TSS,Outflow,418
5.099999904632568,-1290174122_FL,TSS,Outflow,418
9.0,-1290174122_FL,TSS,Outflow,419
7.900000095367432,-1290174122_FL,TSS,Outflow,419
11.0,-1290174122_FL,TSS,Outflow,419
10.0,-1290174122_FL,TSS,Outflow,419
1.0,-1290174122_FL,TSS,Outflow,419
6.0,-1290174122_FL,TSS,Outflow,420
3.0,-1290174122_FL,TSS,Outflow,420
29.39999961853027,-1290174122_FL,TSS,Outflow,420
12.39999961853027,-1290174122_FL,TSS,Outflow,420
3.0,-1290174122_FL,TSS,Outflow,420
9.100000381469727,-1290174122_FL,TSS,Outflow,421
11.5,-1290174122_FL,TSS,Outflow,421
5.0,-1290174122_FL,TSS,Outflow,421
3.0,-1290174122_FL,TSS,Outflow,421
7.099999904632568,-1290174122_FL,TSS,Outflow,421
5.0,-1290174122_FL,TSS,Outflow,422
16.0,-1290174122_FL,TSS,Outflow,422
28.0,-1290174122_FL,TSS,Outflow,422
6.0,-1290174122_FL,TSS,Outflow,422
7.0,-1290174122_FL,TSS,Outflow,422
10.5,-1290174122_FL,TSS,Outflow,423
11.0,-1290174122_FL,TSS,Outflow,423
10.69999980926514,-1290174122_FL,TSS,Outflow,423
11.0,-1290174122_FL,TSS,Outflow,423
3.0,-1290174122_FL,TSS,Outflow,423
8.0,-1290174122_FL,TSS,Outflow,424
8.0,-1290174122_FL,TSS,Outflow,424
15.0,-1290174122_FL,TSS,Outflow,424
3.0,-1290174122_FL,TSS,Outflow,424
23.0,-1290174122_FL,TSS,Outflow,424
7.0,-1290174122_FL,TSS,Outflow,425
23.0,-1290174122_FL,TSS,Outflow,425
4.0,-1290174122_FL,TSS,Outflow,425
16.70000076293945,-1290174122_FL,TSS,Outflow,425
4.0,-1290174122_FL,TSS,Outflow,425
3.0,-1290174122_FL,TSS,Outflow,426
10.69999980926514,-1290174122_FL,TSS,Outflow,426
7.099999904632568,-1290174122_FL,TSS,Outflow,426
15.89999961853027,-1290174122_FL,TSS,Outflow,426
7.599999904632568,-1290174122_FL,TSS,Outflow,426
5.0,-1290174122_FL,TSS,Outflow,427
7.599999904632568,-1290174122_FL,TSS,Outflow,427
2.0,-1290174122_FL,TSS,Outflow,427
3.0,-1290174122_FL,TSS,Outflow,427
6.0,-1290174122_FL,TSS,Outflow,427
9.100000381469727,-1290174122_FL,TSS,Outflow,428
3.0,-1290174122_FL,TSS,Outflow,428
5.0,-1290174122_FL,TSS,Outflow,428
5.0,-1290174122_FL,TSS,Outflow,428
8.0,-1290174122_FL,TSS,Outflow,428
9.0,-1290174122_FL,TSS,Outflow,429
3.0,-1290174122_FL,TSS,Outflow,429
13.69999980926514,-1290174122_FL,TSS,Outflow,429
10.0,-1290174122_FL,TSS,Outflow,429
5.0,-1290174122_FL,TSS,Outflow,429
5.0,-1290174122_FL,TSS,Outflow,430
4.0,-1290174122_FL,TSS,Outflow,430
9.899999618530273,-1290174122_FL,TSS,Outflow,430
3.0,-1290174122_FL,TSS,Outflow,430
9.699999809265137,-1290174122_FL,TSS,Outflow,430
1.0,-1290174122_FL,TSS,Outflow,431
5.0,-1290174122_FL,TSS,Outflow,431
5.300000190734863,-1290174122_FL,TSS,Outflow,431
16.0,-1290174122_FL,TSS,Outflow,431
7.5,-1290174122_FL,TSS,Outflow,431
6.0,-1290174122_FL,TSS,Outflow,432
12.10000038146973,-1290174122_FL,TSS,Outflow,432
16.0,-1290174122_FL,TSS,Outflow,432
2.0,-1290174122_FL,TSS,Outflow,432
9.600000381469727,-1290174122_FL,TSS,Outflow,432
7.599999904632568,-1290174122_FL,TSS,Outflow,433
5.300000190734863,-1290174122_FL,TSS,Outflow,433
10.0,-1290174122_FL,TSS,Outflow,433
2.0,-1290174122_FL,TSS,Outflow,433
16.0,-1290174122_FL,TSS,Outflow,433
2.0,-1290174122_FL,TSS,Outflow,434
12.5,-1290174122_FL,TSS,Outflow,434
2.0,-1290174122_FL,TSS,Outflow,434
0.02999999932944775,-1290174122_FL,TSS,Outflow,434
12.39999961853027,-1290174122_FL,TSS,Outflow,434
2.0,-1290174122_FL,TSS,Outflow,435
23.0,-1290174122_FL,TSS,Outflow,435
7.0,-1290174122_FL,TSS,Outflow,435
10.69999980926514,-1290174122_FL,TSS,Outflow,435
30.79999923706055,-1290174122_FL,TSS,Outflow,435
5.300000190734863,-1290174122_FL,TSS,Outflow,436
2.0,-1290174122_FL,TSS,Outflow,436
10.0,-1290174122_FL,TSS,Outflow,436
5.0,-1290174122_FL,TSS,Outflow,436
12.5,-1290174122_FL,TSS,Outflow,436
9.5,-1290174122_FL,TSS,Outflow,437
3.0,-1290174122_FL,TSS,Outflow,437
4.0,-1290174122_FL,TSS,Outflow,437
28.0,-1290174122_FL,TSS,Outflow,437
15.89999961853027,-1290174122_FL,TSS,Outflow,437
3.0,-1290174122_FL,TSS,Outflow,438
5.0,-1290174122_FL,TSS,Outflow,438
3.0,-1290174122_FL,TSS,Outflow,438
19.0,-1290174122_FL,TSS,Outflow,438
2.0,-1290174122_FL,TSS,Outflow,438
5.300000190734863,-1290174122_FL,TSS,Outflow,439
20.29999923706055,-1290174122_FL,TSS,Outflow,439
9.600000381469727,-1290174122_FL,TSS,Outflow,439
29.39999961853027,-1290174122_FL,TSS,Outflow,439
2.0,-1290174122_FL,TSS,Outflow,439
30.79999923706055,-1290174122_FL,TSS,Outflow,440
2.0,-1290174122_FL,TSS,Outflow,440
6.0,-1290174122_FL,TSS,Outflow,440
2.0,-1290174122_FL,TSS,Outflow,440
5.0,-1290174122_FL,TSS,Outflow,440
47.0,-1290174122_FL,TSS,Outflow,441
3.0,-1290174122_FL,TSS,Outflow,441
3.0,-1290174122_FL,TSS,Outflow,441
5.099999904632568,-1290174122_FL,TSS,Outflow,441
19.0,-1290174122_FL,TSS,Outflow,441
6.0,-1290174122_FL,TSS,Outflow,442
3.0,-1290174122_FL,TSS,Outflow,442
10.0,-1290174122_FL,TSS,Outflow,442
19.0,-1290174122_FL,TSS,Outflow,442
4.0,-1290174122_FL,TSS,Outflow,442
1.0,-1290174122_FL,TSS,Outflow,443
7.900000095367432,-1290174122_FL,TSS,Outflow,443
5.300000190734863,-1290174122_FL,TSS,Outflow,443
11.0,-1290174122_FL,TSS,Outflow,443
6.0,-1290174122_FL,TSS,Outflow,443
9.699999809265137,-1290174122_FL,TSS,Outflow,444
8.0,-1290174122_FL,TSS,Outflow,444
2.0,-1290174122_FL,TSS,Outflow,444
30.79999923706055,-1290174122_FL,TSS,Outflow,444
3.0,-1290174122_FL,TSS,Outflow,444
7.599999904632568,-1290174122_FL,TSS,Outflow,445
5.0,-1290174122_FL,TSS,Outflow,445
16.60000038146973,-1290174122_FL,TSS,Outflow,445
16.0,-1290174122_FL,TSS,Outflow,445
19.0,-1290174122_FL,TSS,Outflow,445
5.0,-1290174122_FL,TSS,Outflow,446
16.60000038146973,-1290174122_FL,TSS,Outflow,446
10.69999980926514,-1290174122_FL,TSS,Outflow,446
3.0,-1290174122_FL,TSS,Outflow,446
4.0,-1290174122_FL,TSS,Outflow,446
7.900000095367432,-1290174122_FL,TSS,Outflow,447
15.0,-1290174122_FL,TSS,Outflow,447
7.0,-1290174122_FL,TSS,Outflow,447
16.0,-1290174122_FL,TSS,Outflow,447
3.0,-1290174122_FL,TSS,Outflow,447
7.300000190734863,-1290174122_FL,TSS,Outflow,448
12.10000038146973,-1290174122_FL,TSS,Outflow,448
15.0,-1290174122_FL,TSS,Outflow,448
29.39999961853027,-1290174122_FL,TSS,Outflow,448
3.0,-1290174122_FL,TSS,Outflow,448
7.0,-1290174122_FL,TSS,Outflow,449
4.0,-1290174122_FL,TSS,Outflow,449
7.300000190734863,-1290174122_FL,TSS,Outflow,449
3.0,-1290174122_FL,TSS,Outflow,449
5.0,-1290174122_FL,TSS,Outflow,449
15.0,-1290174122_FL,TSS,Outflow,450
9.0,-1290174122_FL,TSS,Outflow,450
11.5,-1290174122_FL,TSS,Outflow,450
0.02999999932944775,-1290174122_FL,TSS,Outflow,450
5.300000190734863,-1290174122_FL,TSS,Outflow,450
16.5,-1290174122_FL,TSS,Outflow,451
28.0,-1290174122_FL,TSS,Outflow,451
49.29999923706055,-1290174122_FL,TSS,Outflow,451
3.0,-1290174122_FL,TSS,Outflow,451
16.60000038146973,-1290174122_FL,TSS,Outflow,451
7.099999904632568,-1290174122_FL,TSS,Outflow,452
3.0,-1290174122_FL,TSS,Outflow,452
12.5,-1290174122_FL,TSS,Outflow,452
49.29999923706055,-1290174122_FL,TSS,Outflow,452
8.0,-1290174122_FL,TSS,Outflow,452
3.0,-1290174122_FL,TSS,Outflow,453
1.0,-1290174122_FL,TSS,Outflow,453
2.0,-1290174122_FL,TSS,Outflow,453
0.02999999932944775,-1290174122_FL,TSS,Outflow,453
1.0,-1290174122_FL,TSS,Outflow,453
4.0,-1290174122_FL,TSS,Outflow,454
28.0,-1290174122_FL,TSS,Outflow,454
3.0,-1290174122_FL,TSS,Outflow,454
15.89999961853027,-1290174122_FL,TSS,Outflow,454
2.0,-1290174122_FL,TSS,Outflow,454
7.0,-1290174122_FL,TSS,Outflow,455
2.0,-1290174122_FL,TSS,Outflow,455
3.0,-1290174122_FL,TSS,Outflow,455
5.0,-1290174122_FL,TSS,Outflow,455
19.0,-1290174122_FL,TSS,Outflow,455
1.0,-1290174122_FL,TSS,Outflow,456
7.900000095367432,-1290174122_FL,TSS,Outflow,456
12.5,-1290174122_FL,TSS,Outflow,456
2.0,-1290174122_FL,TSS,Outflow,456
7.5,-1290174122_FL,TSS,Outflow,456
47.0,-1290174122_FL,TSS,Outflow,457
9.600000381469727,-1290174122_FL,TSS,Outflow,457
3.0,-1290174122_FL,TSS,Outflow,457
3.0,-1290174122_FL,TSS,Outflow,457
4.0,-1290174122_FL,TSS,Outflow,457
5.0,-1290174122_FL,TSS,Outflow,458
16.70000076293945,-1290174122_FL,TSS,Outflow,458
4.0,-1290174122_FL,TSS,Outflow,458
12.39999961853027,-1290174122_FL,TSS,Outflow,458
2.0,-1290174122_FL,TSS,Outflow,458
5.0,-1290174122_FL,TSS,Outflow,459
16.0,-1290174122_FL,TSS,Outflow,459
8.0,-1290174122_FL,TSS,Outflow,459
8.0,-1290174122_FL,TSS,Outflow,459
12.5,-1290174122_FL,TSS,Outflow,459
8.0,-1290174122_FL,TSS,Outflow,460
2.0,-1290174122_FL,TSS,Outflow,460
0.02999999932944775,-1290174122_FL,TSS,Outflow,460
3.0,-1290174122_FL,TSS,Outflow,460
15.0,-1290174122_FL,TSS,Outflow,460
5.0,-1290174122_FL,TSS,Outflow,461
5.300000190734863,-1290174122_FL,TSS,Outflow,461
2.0,-1290174122_FL,TSS,Outflow,461
3.0,-1290174122_FL,TSS,Outflow,461
1.0,-1290174122_FL,TSS,Outflow,461
2.0,-1290174122_FL,TSS,Outflow,462
8.0,-1290174122_FL,TSS,Outflow,462
3.0,-1290174122_FL,TSS,Outflow,462
16.0,-1290174122_FL,TSS,Outflow,462
20.29999923706055,-1290174122_FL,TSS,Outflow,462
16.70000076293945,-1290174122_FL,TSS,Outflow,463
1.0,-1290174122_FL,TSS,Outflow,463
12.10000038146973,-1290174122_FL,TSS,Outflow,463
8.0,-1290174122_FL,TSS,Outflow,463
4.0,-1290174122_FL,TSS,Outflow,463
3.0,-1290174122_FL,TSS,Outflow,464
6.0,-1290174122_FL,TSS,Outflow,464
2.0,-1290174122_FL,TSS,Outflow,464
47.0,-1290174122_FL,TSS,Outflow,464
2.0,-1290174122_FL,TSS,Outflow,464
7.0,-1290174122_FL,TSS,Outflow,465
3.0,-1290174122_FL,TSS,Outflow,465
30.79999923706055,-1290174122_FL,TSS,Outflow,465
6.0,-1290174122_FL,TSS,Outflow,465
1.0,-1290174122_FL,TSS,Outflow,465
1.0,-1290174122_FL,TSS,Outflow,466
9.100000381469727,-1290174122_FL,TSS,Outflow,466
5.0,-1290174122_FL,TSS,Outflow,466
10.69999980926514,-1290174122_FL,TSS,Outflow,466
7.900000095367432,-1290174122_FL,TSS,Outflow,466
11.5,-1290174122_FL,TSS,Outflow,467
6.0,-1290174122_FL,TSS,Outflow,467
16.60000038146973,-1290174122_FL,TSS,Outflow,467
3.0,-1290174122_FL,TSS,Outflow,467
3.0,-1290174122_FL,TSS,Outflow,467
9.5,-1290174122_FL,TSS,Outflow,468
2.0,-1290174122_FL,TSS,Outflow,468
7.0,-1290174122_FL,TSS,Outflow,468
6.0,-1290174122_FL,TSS,Outflow,468
47.0,-1290174122_FL,TSS,Outflow,468
16.0,-1290174122_FL,TSS,Outflow,469
2.0,-1290174122_FL,TSS,Outflow,469
3.0,-1290174122_FL,TSS,Outflow,469
16.70000076293945,-1290174122_FL,TSS,Outflow,469
7.0,-1290174122_FL,TSS,Outflow,469
8.0,-1290174122_FL,TSS,Outflow,470
3.0,-1290174122_FL,TSS,Outflow,470
11.0,-1290174122_FL,TSS,Outflow,470
8.0,-1290174122_FL,TSS,Outflow,470
16.70000076293945,-1290174122_FL,TSS,Outflow,470
30.79999923706055,-1290174122_FL,TSS,Outflow,471
7.5,-1290174122_FL,TSS,Outflow,471
4.0,-1290174122_FL,TSS,Outflow,471
2.0,-1290174122_FL,TSS,Outflow,471
16.70000076293945,-1290174122_FL,TSS,Outflow,471
6.0,-1290174122_FL,TSS,Outflow,472
9.0,-1290174122_FL,TSS,Outflow,472
12.39999961853027,-1290174122_FL,TSS,Outflow,472
2.0,-1290174122_FL,TSS,Outflow,472
7.099999904632568,-1290174122_FL,TSS,Outflow,472
7.0,-1290174122_FL,TSS,Outflow,473
19.0,-1290174122_FL,TSS,Outflow,473
16.60000038146973,-1290174122_FL,TSS,Outflow,473
7.0,-1290174122_FL,TSS,Outflow,473
8.0,-1290174122_FL,TSS,Outflow,473
7.900000095367432,-1290174122_FL,TSS,Outflow,474
5.0,-1290174122_FL,TSS,Outflow,474
1.0,-1290174122_FL,TSS,Outflow,474
9.600000381469727,-1290174122_FL,TSS,Outflow,474
4.0,-1290174122_FL,TSS,Outflow,474
20.70000076293945,-1290174122_FL,TSS,Outflow,475
8.0,-1290174122_FL,TSS,Outflow,475
4.0,-1290174122_FL,TSS,Outflow,475
3.0,-1290174122_FL,TSS,Outflow,475
7.099999904632568,-1290174122_FL,TSS,Outflow,475
3.0,-1290174122_FL,TSS,Outflow,476
3.0,-1290174122_FL,TSS,Outflow,476
23.0,-1290174122_FL,TSS,Outflow,476
29.39999961853027,-1290174122_FL,TSS,Outflow,476
3.0,-1290174122_FL,TSS,Outflow,476
11.5,-1290174122_FL,TSS,Outflow,477
9.0,-1290174122_FL,TSS,Outflow,477
9.5,-1290174122_FL,TSS,Outflow,477
13.69999980926514,-1290174122_FL,TSS,Outflow,477
11.0,-1290174122_FL,TSS,Outflow,477
6.0,-1290174122_FL,TSS,Outflow,478
6.0,-1290174122_FL,TSS,Outflow,478
4.0,-1290174122_FL,TSS,Outflow,478
8.0,-1290174122_FL,TSS,Outflow,478
4.0,-1290174122_FL,TSS,Outflow,478
6.0,-1290174122_FL,TSS,Outflow,479
20.29999923706055,-1290174122_FL,TSS,Outflow,479
3.0,-1290174122_FL,TSS,Outflow,479
2.0,-1290174122_FL,TSS,Outflow,479
7.300000190734863,-1290174122_FL,TSS,Outflow,479
4.0,-1290174122_FL,TSS,Outflow,480
3.0,-1290174122_FL,TSS,Outflow,480
3.0,-1290174122_FL,TSS,Outflow,480
5.0,-1290174122_FL,TSS,Outflow,480
3.0,-1290174122_FL,TSS,Outflow,480
1.0,-1290174122_FL,TSS,Outflow,481
9.100000381469727,-1290174122_FL,TSS,Outflow,481
7.099999904632568,-1290174122_FL,TSS,Outflow,481
6.0,-1290174122_FL,TSS,Outflow,481
3.0,-1290174122_FL,TSS,Outflow,481
23.0,-1290174122_FL,TSS,Outflow,482
10.0,-1290174122_FL,TSS,Outflow,482
12.39999961853027,-1290174122_FL,TSS,Outflow,482
15.0,-1290174122_FL,TSS,Outflow,482
5.0,-1290174122_FL,TSS,Outflow,482
1.0,-1290174122_FL,TSS,Outflow,483
11.0,-1290174122_FL,TSS,Outflow,483
9.899999618530273,-1290174122_FL,TSS,Outflow,483
9.699999809265137,-1290174122_FL,TSS,Outflow,483
11.5,-1290174122_FL,TSS,Outflow,483
16.0,-1290174122_FL,TSS,Outflow,484
20.29999923706055,-1290174122_FL,TSS,Outflow,484
5.0,-1290174122_FL,TSS,Outflow,484
19.0,-1290174122_FL,TSS,Outflow,484
11.5,-1290174122_FL,TSS,Outflow,484
16.0,-1290174122_FL,TSS,Outflow,485
3.0,-1290174122_FL,TSS,Outflow,485
11.0,-1290174122_FL,TSS,Outflow,485
5.300000190734863,-1290174122_FL,TSS,Outflow,485
0.02999999932944775,-1290174122_FL,TSS,Outflow,485
9.0,-1290174122_FL,TSS,Outflow,486
3.0,-1290174122_FL,TSS,Outflow,486
11.5,-1290174122_FL,TSS,Outflow,486
4.0,-1290174122_FL,TSS,Outflow,486
7.099999904632568,-1290174122_FL,TSS,Outflow,486
3.0,-1290174122_FL,TSS,Outflow,487
12.5,-1290174122_FL,TSS,Outflow,487
16.70000076293945,-1290174122_FL,TSS,Outflow,487
11.0,-1290174122_FL,TSS,Outflow,487
11.0,-1290174122_FL,TSS,Outflow,487
16.5,-1290174122_FL,TSS,Outflow,488
3.0,-1290174122_FL,TSS,Outflow,488
5.0,-1290174122_FL,TSS,Outflow,488
12.10000038146973,-1290174122_FL,TSS,Outflow,488
9.899999618530273,-1290174122_FL,TSS,Outflow,488
4.0,-1290174122_FL,TSS,Outflow,489
3.0,-1290174122_FL,TSS,Outflow,489
3.0,-1290174122_FL,TSS,Outflow,489
12.10000038146973,-1290174122_FL,TSS,Outflow,489
5.0,-1290174122_FL,TSS,Outflow,489
4.0,-1290174122_FL,TSS,Outflow,490
16.60000038146973,-1290174122_FL,TSS,Outflow,490
5.099999904632568,-1290174122_FL,TSS,Outflow,490
1.0,-1290174122_FL,TSS,Outflow,490
3.0,-1290174122_FL,TSS,Outflow,490
1.0,-1290174122_FL,TSS,Outflow,491
19.0,-1290174122_FL,TSS,Outflow,491
3.0,-1290174122_FL,TSS,Outflow,491
10.5,-1290174122_FL,TSS,Outflow,491
8.0,-1290174122_FL,TSS,Outflow,491
3.0,-1290174122_FL,TSS,Outflow,492
3.0,-1290174122_FL,TSS,Outflow,492
2.0,-1290174122_FL,TSS,Outflow,492
1.0,-1290174122_FL,TSS,Outflow,492
2.0,-1290174122_FL,TSS,Outflow,492
15.0,-1290174122_FL,TSS,Outflow,493
7.599999904632568,-1290174122_FL,TSS,Outflow,493
3.0,-1290174122_FL,TSS,Outflow,493
5.0,-1290174122_FL,TSS,Outflow,493
9.100000381469727,-1290174122_FL,TSS,Outflow,493
2.0,-1290174122_FL,TSS,Outflow,494
6.0,-1290174122_FL,TSS,Outflow,494
3.0,-1290174122_FL,TSS,Outflow,494
5.0,-1290174122_FL,TSS,Outflow,494
7.599999904632568,-1290174122_FL,TSS,Outflow,494
9.0,-1290174122_FL,TSS,Outflow,495
3.0,-1290174122_FL,TSS,Outflow,495
3.0,-1290174122_FL,TSS,Outflow,495
30.79999923706055,-1290174122_FL,TSS,Outflow,495
16.60000038146973,-1290174122_FL,TSS,Outflow,495
15.89999961853027,-1290174122_FL,TSS,Outflow,496
9.899999618530273,-1290174122_FL,TSS,Outflow,496
5.0,-1290174122_FL,TSS,Outflow,496
6.0,-1290174122_FL,TSS,Outflow,496
3.0,-1290174122_FL,TSS,Outflow,496
8.0,-1290174122_FL,TSS,Outflow,497
30.79999923706055,-1290174122_FL,TSS,Outflow,497
20.29999923706055,-1290174122_FL,TSS,Outflow,497
5.699999809265137,-1290174122_FL,TSS,Outflow,497
8.0,-1290174122_FL,TSS,Outflow,497
12.39999961853027,-1290174122_FL,TSS,Outflow,498
23.0,-1290174122_FL,TSS,Outflow,498
1.0,-1290174122_FL,TSS,Outflow,498
5.0,-1290174122_FL,TSS,Outflow,498
15.0,-1290174122_FL,TSS,Outflow,498
8.0,-1290174122_FL,TSS,Outflow,499
3.0,-1290174122_FL,TSS,Outflow,499
5.0,-1290174122_FL,TSS,Outflow,499
1.0,-1290174122_FL,TSS,Outflow,499
13.69999980926514,-1290174122_FL,TSS,Outflow,499
3.0,-1290174122_FL,TSS,Outflow,500
0.02999999932944775,-1290174122_FL,TSS,Outflow,500
5.0,-1290174122_FL,TSS,Outflow,500
9.0,-1290174122_FL,TSS,Outflow,500
9.899999618530273,-1290174122_FL,TSS,Outflow,500
