EMC,Location,Analyte,Flow,Run
16.0,-1290174122_FL,TSS,Outflow,1
4.0,-1290174122_FL,TSS,Outflow,1
3.0,-1290174122_FL,TSS,Outflow,1
12.5,-1290174122_FL,TSS,Outflow,1
19.0,-1290174122_FL,TSS,Outflow,1
12.5,-1290174122_FL,TSS,Outflow,2
9.899999618530273,-1290174122_FL,TSS,Outflow,2
7.099999904632568,-1290174122_FL,TSS,Outflow,2
15.89999961853027,-1290174122_FL,TSS,Outflow,2
8.0,-1290174122_FL,TSS,Outflow,2
13.69999980926514,-1290174122_FL,TSS,Outflow,3
5.0,-1290174122_FL,TSS,Outflow,3
3.0,-1290174122_FL,TSS,Outflow,3
16.60000038146973,-1290174122_FL,TSS,Outflow,3
7.5,-1290174122_FL,TSS,Outflow,3
3.0,-1290174122_FL,TSS,Outflow,4
3.0,-1290174122_FL,TSS,Outflow,4
3.0,-1290174122_FL,TSS,Outflow,4
19.0,-1290174122_FL,TSS,Outflow,4
29.39999961853027,-1290174122_FL,TSS,Outflow,4
3.0,-1290174122_FL,TSS,Outflow,5
6.0,-1290174122_FL,TSS,Outflow,5
5.0,-1290174122_FL,TSS,Outflow,5
1.0,-1290174122_FL,TSS,Outflow,5
16.60000038146973,-1290174122_FL,TSS,Outflow,5
13.69999980926514,-1290174122_FL,TSS,Outflow,6
9.0,-1290174122_FL,TSS,Outflow,6
7.0,-1290174122_FL,TSS,Outflow,6
12.5,-1290174122_FL,TSS,Outflow,6
11.0,-1290174122_FL,TSS,Outflow,6
8.0,-1290174122_FL,TSS,Outflow,7
7.5,-1290174122_FL,TSS,Outflow,7
49.29999923706055,-1290174122_FL,TSS,Outflow,7
1.0,-1290174122_FL,TSS,Outflow,7
13.69999980926514,-1290174122_FL,TSS,Outflow,7
6.0,-1290174122_FL,TSS,Outflow,8
3.0,-1290174122_FL,TSS,Outflow,8
1.0,-1290174122_FL,TSS,Outflow,8
3.0,-1290174122_FL,TSS,Outflow,8
7.5,-1290174122_FL,TSS,Outflow,8
2.0,-1290174122_FL,TSS,Outflow,9
1.0,-1290174122_FL,TSS,Outflow,9
16.5,-1290174122_FL,TSS,Outflow,9
2.0,-1290174122_FL,TSS,Outflow,9
9.0,-1290174122_FL,TSS,Outflow,9
5.0,-1290174122_FL,TSS,Outflow,10
3.0,-1290174122_FL,TSS,Outflow,10
7.099999904632568,-1290174122_FL,TSS,Outflow,10
20.29999923706055,-1290174122_FL,TSS,Outflow,10
19.0,-1290174122_FL,TSS,Outflow,10
28.0,-1290174122_FL,TSS,Outflow,11
3.0,-1290174122_FL,TSS,Outflow,11
2.0,-1290174122_FL,TSS,Outflow,11
29.39999961853027,-1290174122_FL,TSS,Outflow,11
3.0,-1290174122_FL,TSS,Outflow,11
20.29999923706055,-1290174122_FL,TSS,Outflow,12
16.60000038146973,-1290174122_FL,TSS,Outflow,12
6.0,-1290174122_FL,TSS,Outflow,12
30.79999923706055,-1290174122_FL,TSS,Outflow,12
3.0,-1290174122_FL,TSS,Outflow,12
2.0,-1290174122_FL,TSS,Outflow,13
7.300000190734863,-1290174122_FL,TSS,Outflow,13
12.10000038146973,-1290174122_FL,TSS,Outflow,13
2.0,-1290174122_FL,TSS,Outflow,13
3.0,-1290174122_FL,TSS,Outflow,13
20.29999923706055,-1290174122_FL,TSS,Outflow,14
2.0,-1290174122_FL,TSS,Outflow,14
2.0,-1290174122_FL,TSS,Outflow,14
5.0,-1290174122_FL,TSS,Outflow,14
12.39999961853027,-1290174122_FL,TSS,Outflow,14
19.0,-1290174122_FL,TSS,Outflow,15
20.29999923706055,-1290174122_FL,TSS,Outflow,15
6.0,-1290174122_FL,TSS,Outflow,15
4.0,-1290174122_FL,TSS,Outflow,15
6.0,-1290174122_FL,TSS,Outflow,15
5.0,-1290174122_FL,TSS,Outflow,16
5.0,-1290174122_FL,TSS,Outflow,16
7.099999904632568,-1290174122_FL,TSS,Outflow,16
3.0,-1290174122_FL,TSS,Outflow,16
4.0,-1290174122_FL,TSS,Outflow,16
5.0,-1290174122_FL,TSS,Outflow,17
16.60000038146973,-1290174122_FL,TSS,Outflow,17
11.5,-1290174122_FL,TSS,Outflow,17
16.5,-1290174122_FL,TSS,Outflow,17
9.0,-1290174122_FL,TSS,Outflow,17
8.0,-1290174122_FL,TSS,Outflow,18
8.0,-1290174122_FL,TSS,Outflow,18
47.0,-1290174122_FL,TSS,Outflow,18
1.0,-1290174122_FL,TSS,Outflow,18
7.0,-1290174122_FL,TSS,Outflow,18
3.0,-1290174122_FL,TSS,Outflow,19
3.0,-1290174122_FL,TSS,Outflow,19
5.0,-1290174122_FL,TSS,Outflow,19
3.0,-1290174122_FL,TSS,Outflow,19
1.0,-1290174122_FL,TSS,Outflow,19
13.69999980926514,-1290174122_FL,TSS,Outflow,20
3.0,-1290174122_FL,TSS,Outflow,20
3.0,-1290174122_FL,TSS,Outflow,20
9.600000381469727,-1290174122_FL,TSS,Outflow,20
12.5,-1290174122_FL,TSS,Outflow,20
11.5,-1290174122_FL,TSS,Outflow,21
5.099999904632568,-1290174122_FL,TSS,Outflow,21
8.0,-1290174122_FL,TSS,Outflow,21
3.0,-1290174122_FL,TSS,Outflow,21
0.02999999932944775,-1290174122_FL,TSS,Outflow,21
9.899999618530273,-1290174122_FL,TSS,Outflow,22
4.0,-1290174122_FL,TSS,Outflow,22
3.0,-1290174122_FL,TSS,Outflow,22
3.0,-1290174122_FL,TSS,Outflow,22
47.0,-1290174122_FL,TSS,Outflow,22
2.0,-1290174122_FL,TSS,Outflow,23
5.0,-1290174122_FL,TSS,Outflow,23
10.0,-1290174122_FL,TSS,Outflow,23
16.60000038146973,-1290174122_FL,TSS,Outflow,23
0.02999999932944775,-1290174122_FL,TSS,Outflow,23
9.699999809265137,-1290174122_FL,TSS,Outflow,24
12.5,-1290174122_FL,TSS,Outflow,24
2.0,-1290174122_FL,TSS,Outflow,24
11.0,-1290174122_FL,TSS,Outflow,24
16.0,-1290174122_FL,TSS,Outflow,24
0.02999999932944775,-1290174122_FL,TSS,Outflow,25
10.5,-1290174122_FL,TSS,Outflow,25
2.0,-1290174122_FL,TSS,Outflow,25
8.0,-1290174122_FL,TSS,Outflow,25
30.79999923706055,-1290174122_FL,TSS,Outflow,25
16.70000076293945,-1290174122_FL,TSS,Outflow,26
10.0,-1290174122_FL,TSS,Outflow,26
3.0,-1290174122_FL,TSS,Outflow,26
6.0,-1290174122_FL,TSS,Outflow,26
7.900000095367432,-1290174122_FL,TSS,Outflow,26
11.0,-1290174122_FL,TSS,Outflow,27
4.0,-1290174122_FL,TSS,Outflow,27
8.0,-1290174122_FL,TSS,Outflow,27
1.0,-1290174122_FL,TSS,Outflow,27
16.0,-1290174122_FL,TSS,Outflow,27
47.0,-1290174122_FL,TSS,Outflow,28
1.0,-1290174122_FL,TSS,Outflow,28
12.5,-1290174122_FL,TSS,Outflow,28
2.0,-1290174122_FL,TSS,Outflow,28
1.0,-1290174122_FL,TSS,Outflow,28
9.699999809265137,-1290174122_FL,TSS,Outflow,29
8.0,-1290174122_FL,TSS,Outflow,29
3.0,-1290174122_FL,TSS,Outflow,29
5.099999904632568,-1290174122_FL,TSS,Outflow,29
3.0,-1290174122_FL,TSS,Outflow,29
3.0,-1290174122_FL,TSS,Outflow,30
2.0,-1290174122_FL,TSS,Outflow,30
15.89999961853027,-1290174122_FL,TSS,Outflow,30
20.70000076293945,-1290174122_FL,TSS,Outflow,30
47.0,-1290174122_FL,TSS,Outflow,30
3.0,-1290174122_FL,TSS,Outflow,31
3.0,-1290174122_FL,TSS,Outflow,31
9.5,-1290174122_FL,TSS,Outflow,31
3.0,-1290174122_FL,TSS,Outflow,31
15.0,-1290174122_FL,TSS,Outflow,31
4.0,-1290174122_FL,TSS,Outflow,32
11.5,-1290174122_FL,TSS,Outflow,32
7.900000095367432,-1290174122_FL,TSS,Outflow,32
1.0,-1290174122_FL,TSS,Outflow,32
15.0,-1290174122_FL,TSS,Outflow,32
8.0,-1290174122_FL,TSS,Outflow,33
13.69999980926514,-1290174122_FL,TSS,Outflow,33
15.0,-1290174122_FL,TSS,Outflow,33
9.100000381469727,-1290174122_FL,TSS,Outflow,33
15.89999961853027,-1290174122_FL,TSS,Outflow,33
11.0,-1290174122_FL,TSS,Outflow,34
3.0,-1290174122_FL,TSS,Outflow,34
13.69999980926514,-1290174122_FL,TSS,Outflow,34
3.0,-1290174122_FL,TSS,Outflow,34
5.0,-1290174122_FL,TSS,Outflow,34
3.0,-1290174122_FL,TSS,Outflow,35
30.79999923706055,-1290174122_FL,TSS,Outflow,35
9.699999809265137,-1290174122_FL,TSS,Outflow,35
9.600000381469727,-1290174122_FL,TSS,Outflow,35
9.899999618530273,-1290174122_FL,TSS,Outflow,35
3.0,-1290174122_FL,TSS,Outflow,36
0.02999999932944775,-1290174122_FL,TSS,Outflow,36
3.0,-1290174122_FL,TSS,Outflow,36
7.099999904632568,-1290174122_FL,TSS,Outflow,36
9.600000381469727,-1290174122_FL,TSS,Outflow,36
3.0,-1290174122_FL,TSS,Outflow,37
13.69999980926514,-1290174122_FL,TSS,Outflow,37
20.29999923706055,-1290174122_FL,TSS,Outflow,37
5.0,-1290174122_FL,TSS,Outflow,37
2.0,-1290174122_FL,TSS,Outflow,37
30.79999923706055,-1290174122_FL,TSS,Outflow,38
5.300000190734863,-1290174122_FL,TSS,Outflow,38
9.699999809265137,-1290174122_FL,TSS,Outflow,38
4.0,-1290174122_FL,TSS,Outflow,38
3.0,-1290174122_FL,TSS,Outflow,38
49.29999923706055,-1290174122_FL,TSS,Outflow,39
9.699999809265137,-1290174122_FL,TSS,Outflow,39
7.099999904632568,-1290174122_FL,TSS,Outflow,39
10.0,-1290174122_FL,TSS,Outflow,39
4.0,-1290174122_FL,TSS,Outflow,39
6.0,-1290174122_FL,TSS,Outflow,40
9.5,-1290174122_FL,TSS,Outflow,40
8.0,-1290174122_FL,TSS,Outflow,40
5.0,-1290174122_FL,TSS,Outflow,40
5.0,-1290174122_FL,TSS,Outflow,40
3.0,-1290174122_FL,TSS,Outflow,41
16.60000038146973,-1290174122_FL,TSS,Outflow,41
9.100000381469727,-1290174122_FL,TSS,Outflow,41
2.0,-1290174122_FL,TSS,Outflow,41
5.0,-1290174122_FL,TSS,Outflow,41
10.69999980926514,-1290174122_FL,TSS,Outflow,42
49.29999923706055,-1290174122_FL,TSS,Outflow,42
15.0,-1290174122_FL,TSS,Outflow,42
5.0,-1290174122_FL,TSS,Outflow,42
9.100000381469727,-1290174122_FL,TSS,Outflow,42
3.0,-1290174122_FL,TSS,Outflow,43
7.900000095367432,-1290174122_FL,TSS,Outflow,43
5.0,-1290174122_FL,TSS,Outflow,43
7.099999904632568,-1290174122_FL,TSS,Outflow,43
47.0,-1290174122_FL,TSS,Outflow,43
2.0,-1290174122_FL,TSS,Outflow,44
4.0,-1290174122_FL,TSS,Outflow,44
10.0,-1290174122_FL,TSS,Outflow,44
3.0,-1290174122_FL,TSS,Outflow,44
2.0,-1290174122_FL,TSS,Outflow,44
9.699999809265137,-1290174122_FL,TSS,Outflow,45
23.0,-1290174122_FL,TSS,Outflow,45
49.29999923706055,-1290174122_FL,TSS,Outflow,45
1.0,-1290174122_FL,TSS,Outflow,45
3.0,-1290174122_FL,TSS,Outflow,45
5.0,-1290174122_FL,TSS,Outflow,46
19.0,-1290174122_FL,TSS,Outflow,46
3.0,-1290174122_FL,TSS,Outflow,46
9.600000381469727,-1290174122_FL,TSS,Outflow,46
11.0,-1290174122_FL,TSS,Outflow,46
13.69999980926514,-1290174122_FL,TSS,Outflow,47
29.39999961853027,-1290174122_FL,TSS,Outflow,47
2.0,-1290174122_FL,TSS,Outflow,47
3.0,-1290174122_FL,TSS,Outflow,47
12.39999961853027,-1290174122_FL,TSS,Outflow,47
3.0,-1290174122_FL,TSS,Outflow,48
5.0,-1290174122_FL,TSS,Outflow,48
15.0,-1290174122_FL,TSS,Outflow,48
3.0,-1290174122_FL,TSS,Outflow,48
16.60000038146973,-1290174122_FL,TSS,Outflow,48
7.099999904632568,-1290174122_FL,TSS,Outflow,49
10.0,-1290174122_FL,TSS,Outflow,49
8.0,-1290174122_FL,TSS,Outflow,49
16.5,-1290174122_FL,TSS,Outflow,49
6.0,-1290174122_FL,TSS,Outflow,49
10.5,-1290174122_FL,TSS,Outflow,50
49.29999923706055,-1290174122_FL,TSS,Outflow,50
5.099999904632568,-1290174122_FL,TSS,Outflow,50
3.0,-1290174122_FL,TSS,Outflow,50
29.39999961853027,-1290174122_FL,TSS,Outflow,50
4.0,-1290174122_FL,TSS,Outflow,51
3.0,-1290174122_FL,TSS,Outflow,51
4.0,-1290174122_FL,TSS,Outflow,51
12.39999961853027,-1290174122_FL,TSS,Outflow,51
16.0,-1290174122_FL,TSS,Outflow,51
4.0,-1290174122_FL,TSS,Outflow,52
7.0,-1290174122_FL,TSS,Outflow,52
10.5,-1290174122_FL,TSS,Outflow,52
9.899999618530273,-1290174122_FL,TSS,Outflow,52
15.0,-1290174122_FL,TSS,Outflow,52
3.0,-1290174122_FL,TSS,Outflow,53
9.699999809265137,-1290174122_FL,TSS,Outflow,53
19.0,-1290174122_FL,TSS,Outflow,53
4.0,-1290174122_FL,TSS,Outflow,53
8.0,-1290174122_FL,TSS,Outflow,53
15.0,-1290174122_FL,TSS,Outflow,54
9.899999618530273,-1290174122_FL,TSS,Outflow,54
4.0,-1290174122_FL,TSS,Outflow,54
10.69999980926514,-1290174122_FL,TSS,Outflow,54
16.0,-1290174122_FL,TSS,Outflow,54
13.69999980926514,-1290174122_FL,TSS,Outflow,55
28.0,-1290174122_FL,TSS,Outflow,55
30.79999923706055,-1290174122_FL,TSS,Outflow,55
3.0,-1290174122_FL,TSS,Outflow,55
5.0,-1290174122_FL,TSS,Outflow,55
7.599999904632568,-1290174122_FL,TSS,Outflow,56
3.0,-1290174122_FL,TSS,Outflow,56
11.0,-1290174122_FL,TSS,Outflow,56
20.70000076293945,-1290174122_FL,TSS,Outflow,56
10.69999980926514,-1290174122_FL,TSS,Outflow,56
9.899999618530273,-1290174122_FL,TSS,Outflow,57
9.699999809265137,-1290174122_FL,TSS,Outflow,57
11.0,-1290174122_FL,TSS,Outflow,57
3.0,-1290174122_FL,TSS,Outflow,57
12.39999961853027,-1290174122_FL,TSS,Outflow,57
2.0,-1290174122_FL,TSS,Outflow,58
16.0,-1290174122_FL,TSS,Outflow,58
12.39999961853027,-1290174122_FL,TSS,Outflow,58
12.10000038146973,-1290174122_FL,TSS,Outflow,58
16.0,-1290174122_FL,TSS,Outflow,58
8.0,-1290174122_FL,TSS,Outflow,59
19.0,-1290174122_FL,TSS,Outflow,59
9.699999809265137,-1290174122_FL,TSS,Outflow,59
12.10000038146973,-1290174122_FL,TSS,Outflow,59
3.0,-1290174122_FL,TSS,Outflow,59
7.0,-1290174122_FL,TSS,Outflow,60
5.699999809265137,-1290174122_FL,TSS,Outflow,60
2.0,-1290174122_FL,TSS,Outflow,60
16.0,-1290174122_FL,TSS,Outflow,60
3.0,-1290174122_FL,TSS,Outflow,60
7.599999904632568,-1290174122_FL,TSS,Outflow,61
9.5,-1290174122_FL,TSS,Outflow,61
13.69999980926514,-1290174122_FL,TSS,Outflow,61
12.5,-1290174122_FL,TSS,Outflow,61
0.02999999932944775,-1290174122_FL,TSS,Outflow,61
4.0,-1290174122_FL,TSS,Outflow,62
2.0,-1290174122_FL,TSS,Outflow,62
6.0,-1290174122_FL,TSS,Outflow,62
13.69999980926514,-1290174122_FL,TSS,Outflow,62
3.0,-1290174122_FL,TSS,Outflow,62
0.02999999932944775,-1290174122_FL,TSS,Outflow,63
5.699999809265137,-1290174122_FL,TSS,Outflow,63
20.29999923706055,-1290174122_FL,TSS,Outflow,63
11.5,-1290174122_FL,TSS,Outflow,63
16.0,-1290174122_FL,TSS,Outflow,63
7.599999904632568,-1290174122_FL,TSS,Outflow,64
23.0,-1290174122_FL,TSS,Outflow,64
2.0,-1290174122_FL,TSS,Outflow,64
2.0,-1290174122_FL,TSS,Outflow,64
4.0,-1290174122_FL,TSS,Outflow,64
7.599999904632568,-1290174122_FL,TSS,Outflow,65
7.5,-1290174122_FL,TSS,Outflow,65
9.699999809265137,-1290174122_FL,TSS,Outflow,65
4.0,-1290174122_FL,TSS,Outflow,65
4.0,-1290174122_FL,TSS,Outflow,65
3.0,-1290174122_FL,TSS,Outflow,66
8.0,-1290174122_FL,TSS,Outflow,66
3.0,-1290174122_FL,TSS,Outflow,66
0.02999999932944775,-1290174122_FL,TSS,Outflow,66
7.099999904632568,-1290174122_FL,TSS,Outflow,66
3.0,-1290174122_FL,TSS,Outflow,67
12.5,-1290174122_FL,TSS,Outflow,67
3.0,-1290174122_FL,TSS,Outflow,67
5.0,-1290174122_FL,TSS,Outflow,67
7.0,-1290174122_FL,TSS,Outflow,67
15.0,-1290174122_FL,TSS,Outflow,68
4.0,-1290174122_FL,TSS,Outflow,68
7.599999904632568,-1290174122_FL,TSS,Outflow,68
5.0,-1290174122_FL,TSS,Outflow,68
0.02999999932944775,-1290174122_FL,TSS,Outflow,68
3.0,-1290174122_FL,TSS,Outflow,69
6.0,-1290174122_FL,TSS,Outflow,69
3.0,-1290174122_FL,TSS,Outflow,69
5.0,-1290174122_FL,TSS,Outflow,69
15.89999961853027,-1290174122_FL,TSS,Outflow,69
19.0,-1290174122_FL,TSS,Outflow,70
49.29999923706055,-1290174122_FL,TSS,Outflow,70
5.699999809265137,-1290174122_FL,TSS,Outflow,70
8.0,-1290174122_FL,TSS,Outflow,70
2.0,-1290174122_FL,TSS,Outflow,70
9.5,-1290174122_FL,TSS,Outflow,71
16.60000038146973,-1290174122_FL,TSS,Outflow,71
9.600000381469727,-1290174122_FL,TSS,Outflow,71
10.69999980926514,-1290174122_FL,TSS,Outflow,71
47.0,-1290174122_FL,TSS,Outflow,71
3.0,-1290174122_FL,TSS,Outflow,72
3.0,-1290174122_FL,TSS,Outflow,72
2.0,-1290174122_FL,TSS,Outflow,72
16.0,-1290174122_FL,TSS,Outflow,72
10.69999980926514,-1290174122_FL,TSS,Outflow,72
15.0,-1290174122_FL,TSS,Outflow,73
5.0,-1290174122_FL,TSS,Outflow,73
2.0,-1290174122_FL,TSS,Outflow,73
5.0,-1290174122_FL,TSS,Outflow,73
7.0,-1290174122_FL,TSS,Outflow,73
9.600000381469727,-1290174122_FL,TSS,Outflow,74
9.0,-1290174122_FL,TSS,Outflow,74
16.60000038146973,-1290174122_FL,TSS,Outflow,74
15.0,-1290174122_FL,TSS,Outflow,74
0.02999999932944775,-1290174122_FL,TSS,Outflow,74
10.5,-1290174122_FL,TSS,Outflow,75
3.0,-1290174122_FL,TSS,Outflow,75
2.0,-1290174122_FL,TSS,Outflow,75
12.39999961853027,-1290174122_FL,TSS,Outflow,75
11.0,-1290174122_FL,TSS,Outflow,75
10.5,-1290174122_FL,TSS,Outflow,76
3.0,-1290174122_FL,TSS,Outflow,76
3.0,-1290174122_FL,TSS,Outflow,76
6.0,-1290174122_FL,TSS,Outflow,76
4.0,-1290174122_FL,TSS,Outflow,76
3.0,-1290174122_FL,TSS,Outflow,77
10.5,-1290174122_FL,TSS,Outflow,77
2.0,-1290174122_FL,TSS,Outflow,77
49.29999923706055,-1290174122_FL,TSS,Outflow,77
9.0,-1290174122_FL,TSS,Outflow,77
4.0,-1290174122_FL,TSS,Outflow,78
3.0,-1290174122_FL,TSS,Outflow,78
3.0,-1290174122_FL,TSS,Outflow,78
7.5,-1290174122_FL,TSS,Outflow,78
7.0,-1290174122_FL,TSS,Outflow,78
6.0,-1290174122_FL,TSS,Outflow,79
8.0,-1290174122_FL,TSS,Outflow,79
2.0,-1290174122_FL,TSS,Outflow,79
3.0,-1290174122_FL,TSS,Outflow,79
7.0,-1290174122_FL,TSS,Outflow,79
29.39999961853027,-1290174122_FL,TSS,Outflow,80
15.89999961853027,-1290174122_FL,TSS,Outflow,80
3.0,-1290174122_FL,TSS,Outflow,80
49.29999923706055,-1290174122_FL,TSS,Outflow,80
5.699999809265137,-1290174122_FL,TSS,Outflow,80
16.5,-1290174122_FL,TSS,Outflow,81
2.0,-1290174122_FL,TSS,Outflow,81
12.10000038146973,-1290174122_FL,TSS,Outflow,81
29.39999961853027,-1290174122_FL,TSS,Outflow,81
5.0,-1290174122_FL,TSS,Outflow,81
12.5,-1290174122_FL,TSS,Outflow,82
5.0,-1290174122_FL,TSS,Outflow,82
4.0,-1290174122_FL,TSS,Outflow,82
16.60000038146973,-1290174122_FL,TSS,Outflow,82
1.0,-1290174122_FL,TSS,Outflow,82
3.0,-1290174122_FL,TSS,Outflow,83
10.0,-1290174122_FL,TSS,Outflow,83
49.29999923706055,-1290174122_FL,TSS,Outflow,83
9.100000381469727,-1290174122_FL,TSS,Outflow,83
8.0,-1290174122_FL,TSS,Outflow,83
12.39999961853027,-1290174122_FL,TSS,Outflow,84
2.0,-1290174122_FL,TSS,Outflow,84
7.099999904632568,-1290174122_FL,TSS,Outflow,84
5.300000190734863,-1290174122_FL,TSS,Outflow,84
5.099999904632568,-1290174122_FL,TSS,Outflow,84
7.0,-1290174122_FL,TSS,Outflow,85
4.0,-1290174122_FL,TSS,Outflow,85
23.0,-1290174122_FL,TSS,Outflow,85
3.0,-1290174122_FL,TSS,Outflow,85
3.0,-1290174122_FL,TSS,Outflow,85
3.0,-1290174122_FL,TSS,Outflow,86
5.0,-1290174122_FL,TSS,Outflow,86
9.699999809265137,-1290174122_FL,TSS,Outflow,86
12.39999961853027,-1290174122_FL,TSS,Outflow,86
5.0,-1290174122_FL,TSS,Outflow,86
16.5,-1290174122_FL,TSS,Outflow,87
5.0,-1290174122_FL,TSS,Outflow,87
7.099999904632568,-1290174122_FL,TSS,Outflow,87
3.0,-1290174122_FL,TSS,Outflow,87
3.0,-1290174122_FL,TSS,Outflow,87
5.699999809265137,-1290174122_FL,TSS,Outflow,88
3.0,-1290174122_FL,TSS,Outflow,88
11.0,-1290174122_FL,TSS,Outflow,88
3.0,-1290174122_FL,TSS,Outflow,88
9.600000381469727,-1290174122_FL,TSS,Outflow,88
20.70000076293945,-1290174122_FL,TSS,Outflow,89
7.0,-1290174122_FL,TSS,Outflow,89
20.29999923706055,-1290174122_FL,TSS,Outflow,89
16.0,-1290174122_FL,TSS,Outflow,89
3.0,-1290174122_FL,TSS,Outflow,89
5.0,-1290174122_FL,TSS,Outflow,90
5.0,-1290174122_FL,TSS,Outflow,90
2.0,-1290174122_FL,TSS,Outflow,90
8.0,-1290174122_FL,TSS,Outflow,90
15.89999961853027,-1290174122_FL,TSS,Outflow,90
7.900000095367432,-1290174122_FL,TSS,Outflow,91
2.0,-1290174122_FL,TSS,Outflow,91
28.0,-1290174122_FL,TSS,Outflow,91
12.39999961853027,-1290174122_FL,TSS,Outflow,91
20.70000076293945,-1290174122_FL,TSS,Outflow,91
15.89999961853027,-1290174122_FL,TSS,Outflow,92
7.099999904632568,-1290174122_FL,TSS,Outflow,92
7.900000095367432,-1290174122_FL,TSS,Outflow,92
7.599999904632568,-1290174122_FL,TSS,Outflow,92
19.0,-1290174122_FL,TSS,Outflow,92
5.699999809265137,-1290174122_FL,TSS,Outflow,93
5.0,-1290174122_FL,TSS,Outflow,93
3.0,-1290174122_FL,TSS,Outflow,93
9.899999618530273,-1290174122_FL,TSS,Outflow,93
16.0,-1290174122_FL,TSS,Outflow,93
9.100000381469727,-1290174122_FL,TSS,Outflow,94
2.0,-1290174122_FL,TSS,Outflow,94
3.0,-1290174122_FL,TSS,Outflow,94
0.02999999932944775,-1290174122_FL,TSS,Outflow,94
12.10000038146973,-1290174122_FL,TSS,Outflow,94
12.10000038146973,-1290174122_FL,TSS,Outflow,95
5.0,-1290174122_FL,TSS,Outflow,95
8.0,-1290174122_FL,TSS,Outflow,95
16.5,-1290174122_FL,TSS,Outflow,95
15.0,-1290174122_FL,TSS,Outflow,95
7.0,-1290174122_FL,TSS,Outflow,96
16.60000038146973,-1290174122_FL,TSS,Outflow,96
3.0,-1290174122_FL,TSS,Outflow,96
2.0,-1290174122_FL,TSS,Outflow,96
16.0,-1290174122_FL,TSS,Outflow,96
2.0,-1290174122_FL,TSS,Outflow,97
8.0,-1290174122_FL,TSS,Outflow,97
4.0,-1290174122_FL,TSS,Outflow,97
10.0,-1290174122_FL,TSS,Outflow,97
5.300000190734863,-1290174122_FL,TSS,Outflow,97
3.0,-1290174122_FL,TSS,Outflow,98
9.5,-1290174122_FL,TSS,Outflow,98
7.0,-1290174122_FL,TSS,Outflow,98
2.0,-1290174122_FL,TSS,Outflow,98
16.60000038146973,-1290174122_FL,TSS,Outflow,98
3.0,-1290174122_FL,TSS,Outflow,99
11.0,-1290174122_FL,TSS,Outflow,99
3.0,-1290174122_FL,TSS,Outflow,99
10.0,-1290174122_FL,TSS,Outflow,99
4.0,-1290174122_FL,TSS,Outflow,99
10.0,-1290174122_FL,TSS,Outflow,100
6.0,-1290174122_FL,TSS,Outflow,100
28.0,-1290174122_FL,TSS,Outflow,100
8.0,-1290174122_FL,TSS,Outflow,100
3.0,-1290174122_FL,TSS,Outflow,100
20.70000076293945,-1290174122_FL,TSS,Outflow,101
5.0,-1290174122_FL,TSS,Outflow,101
29.39999961853027,-1290174122_FL,TSS,Outflow,101
7.0,-1290174122_FL,TSS,Outflow,101
9.600000381469727,-1290174122_FL,TSS,Outflow,101
2.0,-1290174122_FL,TSS,Outflow,102
11.0,-1290174122_FL,TSS,Outflow,102
9.600000381469727,-1290174122_FL,TSS,Outflow,102
13.69999980926514,-1290174122_FL,TSS,Outflow,102
1.0,-1290174122_FL,TSS,Outflow,102
12.39999961853027,-1290174122_FL,TSS,Outflow,103
8.0,-1290174122_FL,TSS,Outflow,103
47.0,-1290174122_FL,TSS,Outflow,103
20.29999923706055,-1290174122_FL,TSS,Outflow,103
8.0,-1290174122_FL,TSS,Outflow,103
4.0,-1290174122_FL,TSS,Outflow,104
10.0,-1290174122_FL,TSS,Outflow,104
23.0,-1290174122_FL,TSS,Outflow,104
3.0,-1290174122_FL,TSS,Outflow,104
12.39999961853027,-1290174122_FL,TSS,Outflow,104
1.0,-1290174122_FL,TSS,Outflow,105
15.0,-1290174122_FL,TSS,Outflow,105
9.5,-1290174122_FL,TSS,Outflow,105
5.300000190734863,-1290174122_FL,TSS,Outflow,105
7.0,-1290174122_FL,TSS,Outflow,105
11.5,-1290174122_FL,TSS,Outflow,106
16.70000076293945,-1290174122_FL,TSS,Outflow,106
3.0,-1290174122_FL,TSS,Outflow,106
8.0,-1290174122_FL,TSS,Outflow,106
7.5,-1290174122_FL,TSS,Outflow,106
6.0,-1290174122_FL,TSS,Outflow,107
15.0,-1290174122_FL,TSS,Outflow,107
8.0,-1290174122_FL,TSS,Outflow,107
16.60000038146973,-1290174122_FL,TSS,Outflow,107
3.0,-1290174122_FL,TSS,Outflow,107
5.0,-1290174122_FL,TSS,Outflow,108
12.5,-1290174122_FL,TSS,Outflow,108
4.0,-1290174122_FL,TSS,Outflow,108
3.0,-1290174122_FL,TSS,Outflow,108
16.0,-1290174122_FL,TSS,Outflow,108
20.70000076293945,-1290174122_FL,TSS,Outflow,109
10.69999980926514,-1290174122_FL,TSS,Outflow,109
28.0,-1290174122_FL,TSS,Outflow,109
16.0,-1290174122_FL,TSS,Outflow,109
2.0,-1290174122_FL,TSS,Outflow,109
30.79999923706055,-1290174122_FL,TSS,Outflow,110
3.0,-1290174122_FL,TSS,Outflow,110
23.0,-1290174122_FL,TSS,Outflow,110
4.0,-1290174122_FL,TSS,Outflow,110
2.0,-1290174122_FL,TSS,Outflow,110
15.0,-1290174122_FL,TSS,Outflow,111
15.0,-1290174122_FL,TSS,Outflow,111
3.0,-1290174122_FL,TSS,Outflow,111
2.0,-1290174122_FL,TSS,Outflow,111
10.0,-1290174122_FL,TSS,Outflow,111
5.0,-1290174122_FL,TSS,Outflow,112
5.699999809265137,-1290174122_FL,TSS,Outflow,112
20.29999923706055,-1290174122_FL,TSS,Outflow,112
6.0,-1290174122_FL,TSS,Outflow,112
16.5,-1290174122_FL,TSS,Outflow,112
16.5,-1290174122_FL,TSS,Outflow,113
6.0,-1290174122_FL,TSS,Outflow,113
30.79999923706055,-1290174122_FL,TSS,Outflow,113
9.100000381469727,-1290174122_FL,TSS,Outflow,113
2.0,-1290174122_FL,TSS,Outflow,113
8.0,-1290174122_FL,TSS,Outflow,114
6.0,-1290174122_FL,TSS,Outflow,114
3.0,-1290174122_FL,TSS,Outflow,114
5.699999809265137,-1290174122_FL,TSS,Outflow,114
3.0,-1290174122_FL,TSS,Outflow,114
3.0,-1290174122_FL,TSS,Outflow,115
0.02999999932944775,-1290174122_FL,TSS,Outflow,115
3.0,-1290174122_FL,TSS,Outflow,115
7.099999904632568,-1290174122_FL,TSS,Outflow,115
7.599999904632568,-1290174122_FL,TSS,Outflow,115
16.5,-1290174122_FL,TSS,Outflow,116
7.099999904632568,-1290174122_FL,TSS,Outflow,116
3.0,-1290174122_FL,TSS,Outflow,116
1.0,-1290174122_FL,TSS,Outflow,116
4.0,-1290174122_FL,TSS,Outflow,116
15.0,-1290174122_FL,TSS,Outflow,117
9.5,-1290174122_FL,TSS,Outflow,117
2.0,-1290174122_FL,TSS,Outflow,117
7.0,-1290174122_FL,TSS,Outflow,117
4.0,-1290174122_FL,TSS,Outflow,117
47.0,-1290174122_FL,TSS,Outflow,118
15.0,-1290174122_FL,TSS,Outflow,118
16.0,-1290174122_FL,TSS,Outflow,118
2.0,-1290174122_FL,TSS,Outflow,118
8.0,-1290174122_FL,TSS,Outflow,118
7.099999904632568,-1290174122_FL,TSS,Outflow,119
5.0,-1290174122_FL,TSS,Outflow,119
13.69999980926514,-1290174122_FL,TSS,Outflow,119
9.899999618530273,-1290174122_FL,TSS,Outflow,119
7.599999904632568,-1290174122_FL,TSS,Outflow,119
16.60000038146973,-1290174122_FL,TSS,Outflow,120
30.79999923706055,-1290174122_FL,TSS,Outflow,120
6.0,-1290174122_FL,TSS,Outflow,120
15.89999961853027,-1290174122_FL,TSS,Outflow,120
5.699999809265137,-1290174122_FL,TSS,Outflow,120
12.39999961853027,-1290174122_FL,TSS,Outflow,121
1.0,-1290174122_FL,TSS,Outflow,121
11.0,-1290174122_FL,TSS,Outflow,121
2.0,-1290174122_FL,TSS,Outflow,121
4.0,-1290174122_FL,TSS,Outflow,121
1.0,-1290174122_FL,TSS,Outflow,122
7.099999904632568,-1290174122_FL,TSS,Outflow,122
16.0,-1290174122_FL,TSS,Outflow,122
7.900000095367432,-1290174122_FL,TSS,Outflow,122
12.10000038146973,-1290174122_FL,TSS,Outflow,122
3.0,-1290174122_FL,TSS,Outflow,123
11.0,-1290174122_FL,TSS,Outflow,123
6.0,-1290174122_FL,TSS,Outflow,123
15.0,-1290174122_FL,TSS,Outflow,123
4.0,-1290174122_FL,TSS,Outflow,123
3.0,-1290174122_FL,TSS,Outflow,124
3.0,-1290174122_FL,TSS,Outflow,124
5.0,-1290174122_FL,TSS,Outflow,124
20.29999923706055,-1290174122_FL,TSS,Outflow,124
9.600000381469727,-1290174122_FL,TSS,Outflow,124
29.39999961853027,-1290174122_FL,TSS,Outflow,125
15.89999961853027,-1290174122_FL,TSS,Outflow,125
16.60000038146973,-1290174122_FL,TSS,Outflow,125
19.0,-1290174122_FL,TSS,Outflow,125
8.0,-1290174122_FL,TSS,Outflow,125
8.0,-1290174122_FL,TSS,Outflow,126
28.0,-1290174122_FL,TSS,Outflow,126
9.899999618530273,-1290174122_FL,TSS,Outflow,126
7.099999904632568,-1290174122_FL,TSS,Outflow,126
13.69999980926514,-1290174122_FL,TSS,Outflow,126
20.70000076293945,-1290174122_FL,TSS,Outflow,127
47.0,-1290174122_FL,TSS,Outflow,127
15.89999961853027,-1290174122_FL,TSS,Outflow,127
11.0,-1290174122_FL,TSS,Outflow,127
10.0,-1290174122_FL,TSS,Outflow,127
5.699999809265137,-1290174122_FL,TSS,Outflow,128
5.099999904632568,-1290174122_FL,TSS,Outflow,128
16.70000076293945,-1290174122_FL,TSS,Outflow,128
7.900000095367432,-1290174122_FL,TSS,Outflow,128
5.0,-1290174122_FL,TSS,Outflow,128
3.0,-1290174122_FL,TSS,Outflow,129
2.0,-1290174122_FL,TSS,Outflow,129
19.0,-1290174122_FL,TSS,Outflow,129
7.0,-1290174122_FL,TSS,Outflow,129
10.69999980926514,-1290174122_FL,TSS,Outflow,129
2.0,-1290174122_FL,TSS,Outflow,130
7.099999904632568,-1290174122_FL,TSS,Outflow,130
7.300000190734863,-1290174122_FL,TSS,Outflow,130
10.5,-1290174122_FL,TSS,Outflow,130
15.89999961853027,-1290174122_FL,TSS,Outflow,130
3.0,-1290174122_FL,TSS,Outflow,131
15.0,-1290174122_FL,TSS,Outflow,131
4.0,-1290174122_FL,TSS,Outflow,131
2.0,-1290174122_FL,TSS,Outflow,131
12.10000038146973,-1290174122_FL,TSS,Outflow,131
8.0,-1290174122_FL,TSS,Outflow,132
10.5,-1290174122_FL,TSS,Outflow,132
5.0,-1290174122_FL,TSS,Outflow,132
7.0,-1290174122_FL,TSS,Outflow,132
47.0,-1290174122_FL,TSS,Outflow,132
15.89999961853027,-1290174122_FL,TSS,Outflow,133
16.5,-1290174122_FL,TSS,Outflow,133
5.300000190734863,-1290174122_FL,TSS,Outflow,133
3.0,-1290174122_FL,TSS,Outflow,133
7.099999904632568,-1290174122_FL,TSS,Outflow,133
3.0,-1290174122_FL,TSS,Outflow,134
23.0,-1290174122_FL,TSS,Outflow,134
12.10000038146973,-1290174122_FL,TSS,Outflow,134
11.0,-1290174122_FL,TSS,Outflow,134
16.0,-1290174122_FL,TSS,Outflow,134
5.699999809265137,-1290174122_FL,TSS,Outflow,135
4.0,-1290174122_FL,TSS,Outflow,135
12.5,-1290174122_FL,TSS,Outflow,135
9.899999618530273,-1290174122_FL,TSS,Outflow,135
6.0,-1290174122_FL,TSS,Outflow,135
13.69999980926514,-1290174122_FL,TSS,Outflow,136
4.0,-1290174122_FL,TSS,Outflow,136
2.0,-1290174122_FL,TSS,Outflow,136
7.099999904632568,-1290174122_FL,TSS,Outflow,136
3.0,-1290174122_FL,TSS,Outflow,136
5.0,-1290174122_FL,TSS,Outflow,137
16.0,-1290174122_FL,TSS,Outflow,137
5.0,-1290174122_FL,TSS,Outflow,137
15.0,-1290174122_FL,TSS,Outflow,137
8.0,-1290174122_FL,TSS,Outflow,137
47.0,-1290174122_FL,TSS,Outflow,138
12.10000038146973,-1290174122_FL,TSS,Outflow,138
2.0,-1290174122_FL,TSS,Outflow,138
2.0,-1290174122_FL,TSS,Outflow,138
15.0,-1290174122_FL,TSS,Outflow,138
15.89999961853027,-1290174122_FL,TSS,Outflow,139
6.0,-1290174122_FL,TSS,Outflow,139
3.0,-1290174122_FL,TSS,Outflow,139
1.0,-1290174122_FL,TSS,Outflow,139
16.60000038146973,-1290174122_FL,TSS,Outflow,139
0.02999999932944775,-1290174122_FL,TSS,Outflow,140
29.39999961853027,-1290174122_FL,TSS,Outflow,140
7.0,-1290174122_FL,TSS,Outflow,140
9.899999618530273,-1290174122_FL,TSS,Outflow,140
3.0,-1290174122_FL,TSS,Outflow,140
4.0,-1290174122_FL,TSS,Outflow,141
20.70000076293945,-1290174122_FL,TSS,Outflow,141
8.0,-1290174122_FL,TSS,Outflow,141
8.0,-1290174122_FL,TSS,Outflow,141
1.0,-1290174122_FL,TSS,Outflow,141
2.0,-1290174122_FL,TSS,Outflow,142
5.0,-1290174122_FL,TSS,Outflow,142
0.02999999932944775,-1290174122_FL,TSS,Outflow,142
12.5,-1290174122_FL,TSS,Outflow,142
16.0,-1290174122_FL,TSS,Outflow,142
7.0,-1290174122_FL,TSS,Outflow,143
7.0,-1290174122_FL,TSS,Outflow,143
4.0,-1290174122_FL,TSS,Outflow,143
16.0,-1290174122_FL,TSS,Outflow,143
49.29999923706055,-1290174122_FL,TSS,Outflow,143
16.5,-1290174122_FL,TSS,Outflow,144
5.0,-1290174122_FL,TSS,Outflow,144
6.0,-1290174122_FL,TSS,Outflow,144
9.699999809265137,-1290174122_FL,TSS,Outflow,144
5.0,-1290174122_FL,TSS,Outflow,144
15.89999961853027,-1290174122_FL,TSS,Outflow,145
7.099999904632568,-1290174122_FL,TSS,Outflow,145
5.300000190734863,-1290174122_FL,TSS,Outflow,145
9.899999618530273,-1290174122_FL,TSS,Outflow,145
7.300000190734863,-1290174122_FL,TSS,Outflow,145
7.099999904632568,-1290174122_FL,TSS,Outflow,146
8.0,-1290174122_FL,TSS,Outflow,146
5.0,-1290174122_FL,TSS,Outflow,146
3.0,-1290174122_FL,TSS,Outflow,146
29.39999961853027,-1290174122_FL,TSS,Outflow,146
10.0,-1290174122_FL,TSS,Outflow,147
16.5,-1290174122_FL,TSS,Outflow,147
12.5,-1290174122_FL,TSS,Outflow,147
5.300000190734863,-1290174122_FL,TSS,Outflow,147
9.699999809265137,-1290174122_FL,TSS,Outflow,147
9.0,-1290174122_FL,TSS,Outflow,148
3.0,-1290174122_FL,TSS,Outflow,148
9.899999618530273,-1290174122_FL,TSS,Outflow,148
7.900000095367432,-1290174122_FL,TSS,Outflow,148
7.300000190734863,-1290174122_FL,TSS,Outflow,148
10.0,-1290174122_FL,TSS,Outflow,149
7.5,-1290174122_FL,TSS,Outflow,149
11.5,-1290174122_FL,TSS,Outflow,149
3.0,-1290174122_FL,TSS,Outflow,149
4.0,-1290174122_FL,TSS,Outflow,149
16.70000076293945,-1290174122_FL,TSS,Outflow,150
3.0,-1290174122_FL,TSS,Outflow,150
13.69999980926514,-1290174122_FL,TSS,Outflow,150
16.0,-1290174122_FL,TSS,Outflow,150
19.0,-1290174122_FL,TSS,Outflow,150
3.0,-1290174122_FL,TSS,Outflow,151
2.0,-1290174122_FL,TSS,Outflow,151
4.0,-1290174122_FL,TSS,Outflow,151
9.699999809265137,-1290174122_FL,TSS,Outflow,151
49.29999923706055,-1290174122_FL,TSS,Outflow,151
1.0,-1290174122_FL,TSS,Outflow,152
7.099999904632568,-1290174122_FL,TSS,Outflow,152
5.0,-1290174122_FL,TSS,Outflow,152
5.300000190734863,-1290174122_FL,TSS,Outflow,152
3.0,-1290174122_FL,TSS,Outflow,152
12.5,-1290174122_FL,TSS,Outflow,153
9.100000381469727,-1290174122_FL,TSS,Outflow,153
16.60000038146973,-1290174122_FL,TSS,Outflow,153
10.0,-1290174122_FL,TSS,Outflow,153
7.0,-1290174122_FL,TSS,Outflow,153
7.099999904632568,-1290174122_FL,TSS,Outflow,154
11.0,-1290174122_FL,TSS,Outflow,154
16.70000076293945,-1290174122_FL,TSS,Outflow,154
5.0,-1290174122_FL,TSS,Outflow,154
3.0,-1290174122_FL,TSS,Outflow,154
3.0,-1290174122_FL,TSS,Outflow,155
5.0,-1290174122_FL,TSS,Outflow,155
12.10000038146973,-1290174122_FL,TSS,Outflow,155
5.0,-1290174122_FL,TSS,Outflow,155
20.29999923706055,-1290174122_FL,TSS,Outflow,155
30.79999923706055,-1290174122_FL,TSS,Outflow,156
3.0,-1290174122_FL,TSS,Outflow,156
7.599999904632568,-1290174122_FL,TSS,Outflow,156
2.0,-1290174122_FL,TSS,Outflow,156
20.70000076293945,-1290174122_FL,TSS,Outflow,156
16.0,-1290174122_FL,TSS,Outflow,157
0.02999999932944775,-1290174122_FL,TSS,Outflow,157
8.0,-1290174122_FL,TSS,Outflow,157
2.0,-1290174122_FL,TSS,Outflow,157
9.899999618530273,-1290174122_FL,TSS,Outflow,157
7.599999904632568,-1290174122_FL,TSS,Outflow,158
3.0,-1290174122_FL,TSS,Outflow,158
5.0,-1290174122_FL,TSS,Outflow,158
5.099999904632568,-1290174122_FL,TSS,Outflow,158
30.79999923706055,-1290174122_FL,TSS,Outflow,158
3.0,-1290174122_FL,TSS,Outflow,159
15.89999961853027,-1290174122_FL,TSS,Outflow,159
7.0,-1290174122_FL,TSS,Outflow,159
4.0,-1290174122_FL,TSS,Outflow,159
6.0,-1290174122_FL,TSS,Outflow,159
5.0,-1290174122_FL,TSS,Outflow,160
9.600000381469727,-1290174122_FL,TSS,Outflow,160
7.300000190734863,-1290174122_FL,TSS,Outflow,160
0.02999999932944775,-1290174122_FL,TSS,Outflow,160
4.0,-1290174122_FL,TSS,Outflow,160
10.0,-1290174122_FL,TSS,Outflow,161
20.29999923706055,-1290174122_FL,TSS,Outflow,161
28.0,-1290174122_FL,TSS,Outflow,161
10.69999980926514,-1290174122_FL,TSS,Outflow,161
3.0,-1290174122_FL,TSS,Outflow,161
5.699999809265137,-1290174122_FL,TSS,Outflow,162
3.0,-1290174122_FL,TSS,Outflow,162
2.0,-1290174122_FL,TSS,Outflow,162
3.0,-1290174122_FL,TSS,Outflow,162
8.0,-1290174122_FL,TSS,Outflow,162
7.5,-1290174122_FL,TSS,Outflow,163
5.0,-1290174122_FL,TSS,Outflow,163
4.0,-1290174122_FL,TSS,Outflow,163
15.0,-1290174122_FL,TSS,Outflow,163
3.0,-1290174122_FL,TSS,Outflow,163
9.899999618530273,-1290174122_FL,TSS,Outflow,164
9.600000381469727,-1290174122_FL,TSS,Outflow,164
5.0,-1290174122_FL,TSS,Outflow,164
3.0,-1290174122_FL,TSS,Outflow,164
20.29999923706055,-1290174122_FL,TSS,Outflow,164
7.0,-1290174122_FL,TSS,Outflow,165
11.0,-1290174122_FL,TSS,Outflow,165
9.899999618530273,-1290174122_FL,TSS,Outflow,165
15.0,-1290174122_FL,TSS,Outflow,165
20.70000076293945,-1290174122_FL,TSS,Outflow,165
3.0,-1290174122_FL,TSS,Outflow,166
10.69999980926514,-1290174122_FL,TSS,Outflow,166
30.79999923706055,-1290174122_FL,TSS,Outflow,166
9.600000381469727,-1290174122_FL,TSS,Outflow,166
3.0,-1290174122_FL,TSS,Outflow,166
10.5,-1290174122_FL,TSS,Outflow,167
16.70000076293945,-1290174122_FL,TSS,Outflow,167
11.0,-1290174122_FL,TSS,Outflow,167
5.0,-1290174122_FL,TSS,Outflow,167
8.0,-1290174122_FL,TSS,Outflow,167
8.0,-1290174122_FL,TSS,Outflow,168
7.599999904632568,-1290174122_FL,TSS,Outflow,168
30.79999923706055,-1290174122_FL,TSS,Outflow,168
3.0,-1290174122_FL,TSS,Outflow,168
16.0,-1290174122_FL,TSS,Outflow,168
16.60000038146973,-1290174122_FL,TSS,Outflow,169
7.099999904632568,-1290174122_FL,TSS,Outflow,169
6.0,-1290174122_FL,TSS,Outflow,169
13.69999980926514,-1290174122_FL,TSS,Outflow,169
3.0,-1290174122_FL,TSS,Outflow,169
3.0,-1290174122_FL,TSS,Outflow,170
3.0,-1290174122_FL,TSS,Outflow,170
7.0,-1290174122_FL,TSS,Outflow,170
11.0,-1290174122_FL,TSS,Outflow,170
8.0,-1290174122_FL,TSS,Outflow,170
2.0,-1290174122_FL,TSS,Outflow,171
13.69999980926514,-1290174122_FL,TSS,Outflow,171
11.5,-1290174122_FL,TSS,Outflow,171
3.0,-1290174122_FL,TSS,Outflow,171
9.5,-1290174122_FL,TSS,Outflow,171
2.0,-1290174122_FL,TSS,Outflow,172
5.0,-1290174122_FL,TSS,Outflow,172
1.0,-1290174122_FL,TSS,Outflow,172
29.39999961853027,-1290174122_FL,TSS,Outflow,172
6.0,-1290174122_FL,TSS,Outflow,172
9.5,-1290174122_FL,TSS,Outflow,173
7.599999904632568,-1290174122_FL,TSS,Outflow,173
11.0,-1290174122_FL,TSS,Outflow,173
10.0,-1290174122_FL,TSS,Outflow,173
8.0,-1290174122_FL,TSS,Outflow,173
47.0,-1290174122_FL,TSS,Outflow,174
2.0,-1290174122_FL,TSS,Outflow,174
2.0,-1290174122_FL,TSS,Outflow,174
7.099999904632568,-1290174122_FL,TSS,Outflow,174
4.0,-1290174122_FL,TSS,Outflow,174
3.0,-1290174122_FL,TSS,Outflow,175
12.5,-1290174122_FL,TSS,Outflow,175
15.0,-1290174122_FL,TSS,Outflow,175
13.69999980926514,-1290174122_FL,TSS,Outflow,175
10.0,-1290174122_FL,TSS,Outflow,175
7.099999904632568,-1290174122_FL,TSS,Outflow,176
3.0,-1290174122_FL,TSS,Outflow,176
7.0,-1290174122_FL,TSS,Outflow,176
3.0,-1290174122_FL,TSS,Outflow,176
9.899999618530273,-1290174122_FL,TSS,Outflow,176
12.39999961853027,-1290174122_FL,TSS,Outflow,177
3.0,-1290174122_FL,TSS,Outflow,177
13.69999980926514,-1290174122_FL,TSS,Outflow,177
6.0,-1290174122_FL,TSS,Outflow,177
5.0,-1290174122_FL,TSS,Outflow,177
23.0,-1290174122_FL,TSS,Outflow,178
3.0,-1290174122_FL,TSS,Outflow,178
5.699999809265137,-1290174122_FL,TSS,Outflow,178
30.79999923706055,-1290174122_FL,TSS,Outflow,178
7.0,-1290174122_FL,TSS,Outflow,178
16.70000076293945,-1290174122_FL,TSS,Outflow,179
8.0,-1290174122_FL,TSS,Outflow,179
3.0,-1290174122_FL,TSS,Outflow,179
3.0,-1290174122_FL,TSS,Outflow,179
7.0,-1290174122_FL,TSS,Outflow,179
4.0,-1290174122_FL,TSS,Outflow,180
15.0,-1290174122_FL,TSS,Outflow,180
19.0,-1290174122_FL,TSS,Outflow,180
3.0,-1290174122_FL,TSS,Outflow,180
9.100000381469727,-1290174122_FL,TSS,Outflow,180
10.0,-1290174122_FL,TSS,Outflow,181
4.0,-1290174122_FL,TSS,Outflow,181
12.39999961853027,-1290174122_FL,TSS,Outflow,181
5.0,-1290174122_FL,TSS,Outflow,181
7.300000190734863,-1290174122_FL,TSS,Outflow,181
20.29999923706055,-1290174122_FL,TSS,Outflow,182
3.0,-1290174122_FL,TSS,Outflow,182
9.899999618530273,-1290174122_FL,TSS,Outflow,182
20.70000076293945,-1290174122_FL,TSS,Outflow,182
7.0,-1290174122_FL,TSS,Outflow,182
3.0,-1290174122_FL,TSS,Outflow,183
0.02999999932944775,-1290174122_FL,TSS,Outflow,183
2.0,-1290174122_FL,TSS,Outflow,183
3.0,-1290174122_FL,TSS,Outflow,183
30.79999923706055,-1290174122_FL,TSS,Outflow,183
4.0,-1290174122_FL,TSS,Outflow,184
7.099999904632568,-1290174122_FL,TSS,Outflow,184
10.0,-1290174122_FL,TSS,Outflow,184
2.0,-1290174122_FL,TSS,Outflow,184
10.5,-1290174122_FL,TSS,Outflow,184
4.0,-1290174122_FL,TSS,Outflow,185
2.0,-1290174122_FL,TSS,Outflow,185
47.0,-1290174122_FL,TSS,Outflow,185
4.0,-1290174122_FL,TSS,Outflow,185
9.5,-1290174122_FL,TSS,Outflow,185
3.0,-1290174122_FL,TSS,Outflow,186
5.0,-1290174122_FL,TSS,Outflow,186
9.600000381469727,-1290174122_FL,TSS,Outflow,186
4.0,-1290174122_FL,TSS,Outflow,186
3.0,-1290174122_FL,TSS,Outflow,186
4.0,-1290174122_FL,TSS,Outflow,187
3.0,-1290174122_FL,TSS,Outflow,187
4.0,-1290174122_FL,TSS,Outflow,187
3.0,-1290174122_FL,TSS,Outflow,187
5.0,-1290174122_FL,TSS,Outflow,187
5.0,-1290174122_FL,TSS,Outflow,188
16.0,-1290174122_FL,TSS,Outflow,188
7.0,-1290174122_FL,TSS,Outflow,188
49.29999923706055,-1290174122_FL,TSS,Outflow,188
11.0,-1290174122_FL,TSS,Outflow,188
2.0,-1290174122_FL,TSS,Outflow,189
5.0,-1290174122_FL,TSS,Outflow,189
5.0,-1290174122_FL,TSS,Outflow,189
7.0,-1290174122_FL,TSS,Outflow,189
2.0,-1290174122_FL,TSS,Outflow,189
4.0,-1290174122_FL,TSS,Outflow,190
8.0,-1290174122_FL,TSS,Outflow,190
8.0,-1290174122_FL,TSS,Outflow,190
10.69999980926514,-1290174122_FL,TSS,Outflow,190
9.899999618530273,-1290174122_FL,TSS,Outflow,190
10.0,-1290174122_FL,TSS,Outflow,191
9.100000381469727,-1290174122_FL,TSS,Outflow,191
20.29999923706055,-1290174122_FL,TSS,Outflow,191
7.0,-1290174122_FL,TSS,Outflow,191
16.60000038146973,-1290174122_FL,TSS,Outflow,191
9.100000381469727,-1290174122_FL,TSS,Outflow,192
30.79999923706055,-1290174122_FL,TSS,Outflow,192
16.0,-1290174122_FL,TSS,Outflow,192
15.89999961853027,-1290174122_FL,TSS,Outflow,192
7.099999904632568,-1290174122_FL,TSS,Outflow,192
12.5,-1290174122_FL,TSS,Outflow,193
2.0,-1290174122_FL,TSS,Outflow,193
7.099999904632568,-1290174122_FL,TSS,Outflow,193
3.0,-1290174122_FL,TSS,Outflow,193
3.0,-1290174122_FL,TSS,Outflow,193
9.699999809265137,-1290174122_FL,TSS,Outflow,194
3.0,-1290174122_FL,TSS,Outflow,194
4.0,-1290174122_FL,TSS,Outflow,194
9.600000381469727,-1290174122_FL,TSS,Outflow,194
47.0,-1290174122_FL,TSS,Outflow,194
5.300000190734863,-1290174122_FL,TSS,Outflow,195
15.0,-1290174122_FL,TSS,Outflow,195
15.0,-1290174122_FL,TSS,Outflow,195
12.5,-1290174122_FL,TSS,Outflow,195
2.0,-1290174122_FL,TSS,Outflow,195
5.699999809265137,-1290174122_FL,TSS,Outflow,196
7.5,-1290174122_FL,TSS,Outflow,196
16.0,-1290174122_FL,TSS,Outflow,196
5.0,-1290174122_FL,TSS,Outflow,196
11.0,-1290174122_FL,TSS,Outflow,196
28.0,-1290174122_FL,TSS,Outflow,197
1.0,-1290174122_FL,TSS,Outflow,197
49.29999923706055,-1290174122_FL,TSS,Outflow,197
6.0,-1290174122_FL,TSS,Outflow,197
13.69999980926514,-1290174122_FL,TSS,Outflow,197
15.0,-1290174122_FL,TSS,Outflow,198
16.5,-1290174122_FL,TSS,Outflow,198
16.70000076293945,-1290174122_FL,TSS,Outflow,198
5.0,-1290174122_FL,TSS,Outflow,198
9.899999618530273,-1290174122_FL,TSS,Outflow,198
4.0,-1290174122_FL,TSS,Outflow,199
3.0,-1290174122_FL,TSS,Outflow,199
23.0,-1290174122_FL,TSS,Outflow,199
2.0,-1290174122_FL,TSS,Outflow,199
11.5,-1290174122_FL,TSS,Outflow,199
2.0,-1290174122_FL,TSS,Outflow,200
3.0,-1290174122_FL,TSS,Outflow,200
9.899999618530273,-1290174122_FL,TSS,Outflow,200
16.60000038146973,-1290174122_FL,TSS,Outflow,200
12.39999961853027,-1290174122_FL,TSS,Outflow,200
3.0,-1290174122_FL,TSS,Outflow,201
16.5,-1290174122_FL,TSS,Outflow,201
2.0,-1290174122_FL,TSS,Outflow,201
16.0,-1290174122_FL,TSS,Outflow,201
5.699999809265137,-1290174122_FL,TSS,Outflow,201
7.5,-1290174122_FL,TSS,Outflow,202
19.0,-1290174122_FL,TSS,Outflow,202
16.5,-1290174122_FL,TSS,Outflow,202
20.70000076293945,-1290174122_FL,TSS,Outflow,202
47.0,-1290174122_FL,TSS,Outflow,202
13.69999980926514,-1290174122_FL,TSS,Outflow,203
47.0,-1290174122_FL,TSS,Outflow,203
6.0,-1290174122_FL,TSS,Outflow,203
3.0,-1290174122_FL,TSS,Outflow,203
16.0,-1290174122_FL,TSS,Outflow,203
0.02999999932944775,-1290174122_FL,TSS,Outflow,204
1.0,-1290174122_FL,TSS,Outflow,204
15.89999961853027,-1290174122_FL,TSS,Outflow,204
8.0,-1290174122_FL,TSS,Outflow,204
3.0,-1290174122_FL,TSS,Outflow,204
4.0,-1290174122_FL,TSS,Outflow,205
5.0,-1290174122_FL,TSS,Outflow,205
3.0,-1290174122_FL,TSS,Outflow,205
9.699999809265137,-1290174122_FL,TSS,Outflow,205
2.0,-1290174122_FL,TSS,Outflow,205
4.0,-1290174122_FL,TSS,Outflow,206
12.10000038146973,-1290174122_FL,TSS,Outflow,206
6.0,-1290174122_FL,TSS,Outflow,206
7.099999904632568,-1290174122_FL,TSS,Outflow,206
13.69999980926514,-1290174122_FL,TSS,Outflow,206
7.0,-1290174122_FL,TSS,Outflow,207
49.29999923706055,-1290174122_FL,TSS,Outflow,207
0.02999999932944775,-1290174122_FL,TSS,Outflow,207
5.099999904632568,-1290174122_FL,TSS,Outflow,207
2.0,-1290174122_FL,TSS,Outflow,207
3.0,-1290174122_FL,TSS,Outflow,208
5.0,-1290174122_FL,TSS,Outflow,208
47.0,-1290174122_FL,TSS,Outflow,208
19.0,-1290174122_FL,TSS,Outflow,208
9.5,-1290174122_FL,TSS,Outflow,208
5.300000190734863,-1290174122_FL,TSS,Outflow,209
15.0,-1290174122_FL,TSS,Outflow,209
13.69999980926514,-1290174122_FL,TSS,Outflow,209
9.0,-1290174122_FL,TSS,Outflow,209
9.899999618530273,-1290174122_FL,TSS,Outflow,209
1.0,-1290174122_FL,TSS,Outflow,210
19.0,-1290174122_FL,TSS,Outflow,210
4.0,-1290174122_FL,TSS,Outflow,210
0.02999999932944775,-1290174122_FL,TSS,Outflow,210
3.0,-1290174122_FL,TSS,Outflow,210
16.60000038146973,-1290174122_FL,TSS,Outflow,211
10.5,-1290174122_FL,TSS,Outflow,211
7.0,-1290174122_FL,TSS,Outflow,211
16.0,-1290174122_FL,TSS,Outflow,211
9.5,-1290174122_FL,TSS,Outflow,211
3.0,-1290174122_FL,TSS,Outflow,212
2.0,-1290174122_FL,TSS,Outflow,212
7.300000190734863,-1290174122_FL,TSS,Outflow,212
3.0,-1290174122_FL,TSS,Outflow,212
3.0,-1290174122_FL,TSS,Outflow,212
19.0,-1290174122_FL,TSS,Outflow,213
3.0,-1290174122_FL,TSS,Outflow,213
4.0,-1290174122_FL,TSS,Outflow,213
7.599999904632568,-1290174122_FL,TSS,Outflow,213
9.100000381469727,-1290174122_FL,TSS,Outflow,213
7.5,-1290174122_FL,TSS,Outflow,214
6.0,-1290174122_FL,TSS,Outflow,214
3.0,-1290174122_FL,TSS,Outflow,214
10.0,-1290174122_FL,TSS,Outflow,214
30.79999923706055,-1290174122_FL,TSS,Outflow,214
1.0,-1290174122_FL,TSS,Outflow,215
20.70000076293945,-1290174122_FL,TSS,Outflow,215
5.0,-1290174122_FL,TSS,Outflow,215
7.0,-1290174122_FL,TSS,Outflow,215
49.29999923706055,-1290174122_FL,TSS,Outflow,215
3.0,-1290174122_FL,TSS,Outflow,216
4.0,-1290174122_FL,TSS,Outflow,216
9.100000381469727,-1290174122_FL,TSS,Outflow,216
7.099999904632568,-1290174122_FL,TSS,Outflow,216
3.0,-1290174122_FL,TSS,Outflow,216
30.79999923706055,-1290174122_FL,TSS,Outflow,217
20.70000076293945,-1290174122_FL,TSS,Outflow,217
3.0,-1290174122_FL,TSS,Outflow,217
9.100000381469727,-1290174122_FL,TSS,Outflow,217
12.10000038146973,-1290174122_FL,TSS,Outflow,217
7.900000095367432,-1290174122_FL,TSS,Outflow,218
7.599999904632568,-1290174122_FL,TSS,Outflow,218
4.0,-1290174122_FL,TSS,Outflow,218
5.0,-1290174122_FL,TSS,Outflow,218
3.0,-1290174122_FL,TSS,Outflow,218
7.900000095367432,-1290174122_FL,TSS,Outflow,219
9.699999809265137,-1290174122_FL,TSS,Outflow,219
30.79999923706055,-1290174122_FL,TSS,Outflow,219
8.0,-1290174122_FL,TSS,Outflow,219
3.0,-1290174122_FL,TSS,Outflow,219
5.0,-1290174122_FL,TSS,Outflow,220
7.0,-1290174122_FL,TSS,Outflow,220
4.0,-1290174122_FL,TSS,Outflow,220
9.100000381469727,-1290174122_FL,TSS,Outflow,220
12.10000038146973,-1290174122_FL,TSS,Outflow,220
2.0,-1290174122_FL,TSS,Outflow,221
4.0,-1290174122_FL,TSS,Outflow,221
19.0,-1290174122_FL,TSS,Outflow,221
16.0,-1290174122_FL,TSS,Outflow,221
8.0,-1290174122_FL,TSS,Outflow,221
2.0,-1290174122_FL,TSS,Outflow,222
15.89999961853027,-1290174122_FL,TSS,Outflow,222
5.0,-1290174122_FL,TSS,Outflow,222
2.0,-1290174122_FL,TSS,Outflow,222
19.0,-1290174122_FL,TSS,Outflow,222
9.100000381469727,-1290174122_FL,TSS,Outflow,223
10.5,-1290174122_FL,TSS,Outflow,223
1.0,-1290174122_FL,TSS,Outflow,223
10.0,-1290174122_FL,TSS,Outflow,223
6.0,-1290174122_FL,TSS,Outflow,223
1.0,-1290174122_FL,TSS,Outflow,224
10.0,-1290174122_FL,TSS,Outflow,224
11.5,-1290174122_FL,TSS,Outflow,224
15.0,-1290174122_FL,TSS,Outflow,224
9.0,-1290174122_FL,TSS,Outflow,224
16.60000038146973,-1290174122_FL,TSS,Outflow,225
3.0,-1290174122_FL,TSS,Outflow,225
11.0,-1290174122_FL,TSS,Outflow,225
8.0,-1290174122_FL,TSS,Outflow,225
3.0,-1290174122_FL,TSS,Outflow,225
30.79999923706055,-1290174122_FL,TSS,Outflow,226
7.099999904632568,-1290174122_FL,TSS,Outflow,226
9.0,-1290174122_FL,TSS,Outflow,226
6.0,-1290174122_FL,TSS,Outflow,226
16.70000076293945,-1290174122_FL,TSS,Outflow,226
5.699999809265137,-1290174122_FL,TSS,Outflow,227
8.0,-1290174122_FL,TSS,Outflow,227
9.699999809265137,-1290174122_FL,TSS,Outflow,227
7.900000095367432,-1290174122_FL,TSS,Outflow,227
23.0,-1290174122_FL,TSS,Outflow,227
9.5,-1290174122_FL,TSS,Outflow,228
4.0,-1290174122_FL,TSS,Outflow,228
12.5,-1290174122_FL,TSS,Outflow,228
3.0,-1290174122_FL,TSS,Outflow,228
8.0,-1290174122_FL,TSS,Outflow,228
30.79999923706055,-1290174122_FL,TSS,Outflow,229
15.0,-1290174122_FL,TSS,Outflow,229
13.69999980926514,-1290174122_FL,TSS,Outflow,229
16.60000038146973,-1290174122_FL,TSS,Outflow,229
7.099999904632568,-1290174122_FL,TSS,Outflow,229
19.0,-1290174122_FL,TSS,Outflow,230
3.0,-1290174122_FL,TSS,Outflow,230
0.02999999932944775,-1290174122_FL,TSS,Outflow,230
3.0,-1290174122_FL,TSS,Outflow,230
9.0,-1290174122_FL,TSS,Outflow,230
12.39999961853027,-1290174122_FL,TSS,Outflow,231
10.5,-1290174122_FL,TSS,Outflow,231
6.0,-1290174122_FL,TSS,Outflow,231
7.0,-1290174122_FL,TSS,Outflow,231
3.0,-1290174122_FL,TSS,Outflow,231
3.0,-1290174122_FL,TSS,Outflow,232
16.0,-1290174122_FL,TSS,Outflow,232
12.5,-1290174122_FL,TSS,Outflow,232
3.0,-1290174122_FL,TSS,Outflow,232
16.5,-1290174122_FL,TSS,Outflow,232
5.099999904632568,-1290174122_FL,TSS,Outflow,233
7.099999904632568,-1290174122_FL,TSS,Outflow,233
4.0,-1290174122_FL,TSS,Outflow,233
3.0,-1290174122_FL,TSS,Outflow,233
47.0,-1290174122_FL,TSS,Outflow,233
7.900000095367432,-1290174122_FL,TSS,Outflow,234
49.29999923706055,-1290174122_FL,TSS,Outflow,234
9.600000381469727,-1290174122_FL,TSS,Outflow,234
2.0,-1290174122_FL,TSS,Outflow,234
3.0,-1290174122_FL,TSS,Outflow,234
4.0,-1290174122_FL,TSS,Outflow,235
10.0,-1290174122_FL,TSS,Outflow,235
3.0,-1290174122_FL,TSS,Outflow,235
7.0,-1290174122_FL,TSS,Outflow,235
10.5,-1290174122_FL,TSS,Outflow,235
3.0,-1290174122_FL,TSS,Outflow,236
13.69999980926514,-1290174122_FL,TSS,Outflow,236
9.100000381469727,-1290174122_FL,TSS,Outflow,236
7.0,-1290174122_FL,TSS,Outflow,236
23.0,-1290174122_FL,TSS,Outflow,236
28.0,-1290174122_FL,TSS,Outflow,237
2.0,-1290174122_FL,TSS,Outflow,237
20.70000076293945,-1290174122_FL,TSS,Outflow,237
7.0,-1290174122_FL,TSS,Outflow,237
7.0,-1290174122_FL,TSS,Outflow,237
3.0,-1290174122_FL,TSS,Outflow,238
8.0,-1290174122_FL,TSS,Outflow,238
12.10000038146973,-1290174122_FL,TSS,Outflow,238
3.0,-1290174122_FL,TSS,Outflow,238
7.0,-1290174122_FL,TSS,Outflow,238
7.0,-1290174122_FL,TSS,Outflow,239
2.0,-1290174122_FL,TSS,Outflow,239
7.5,-1290174122_FL,TSS,Outflow,239
9.5,-1290174122_FL,TSS,Outflow,239
5.0,-1290174122_FL,TSS,Outflow,239
11.5,-1290174122_FL,TSS,Outflow,240
3.0,-1290174122_FL,TSS,Outflow,240
4.0,-1290174122_FL,TSS,Outflow,240
6.0,-1290174122_FL,TSS,Outflow,240
2.0,-1290174122_FL,TSS,Outflow,240
3.0,-1290174122_FL,TSS,Outflow,241
3.0,-1290174122_FL,TSS,Outflow,241
9.5,-1290174122_FL,TSS,Outflow,241
10.5,-1290174122_FL,TSS,Outflow,241
9.899999618530273,-1290174122_FL,TSS,Outflow,241
3.0,-1290174122_FL,TSS,Outflow,242
5.0,-1290174122_FL,TSS,Outflow,242
3.0,-1290174122_FL,TSS,Outflow,242
3.0,-1290174122_FL,TSS,Outflow,242
4.0,-1290174122_FL,TSS,Outflow,242
3.0,-1290174122_FL,TSS,Outflow,243
3.0,-1290174122_FL,TSS,Outflow,243
6.0,-1290174122_FL,TSS,Outflow,243
3.0,-1290174122_FL,TSS,Outflow,243
13.69999980926514,-1290174122_FL,TSS,Outflow,243
3.0,-1290174122_FL,TSS,Outflow,244
3.0,-1290174122_FL,TSS,Outflow,244
15.0,-1290174122_FL,TSS,Outflow,244
3.0,-1290174122_FL,TSS,Outflow,244
8.0,-1290174122_FL,TSS,Outflow,244
7.300000190734863,-1290174122_FL,TSS,Outflow,245
19.0,-1290174122_FL,TSS,Outflow,245
7.599999904632568,-1290174122_FL,TSS,Outflow,245
3.0,-1290174122_FL,TSS,Outflow,245
2.0,-1290174122_FL,TSS,Outflow,245
5.699999809265137,-1290174122_FL,TSS,Outflow,246
5.099999904632568,-1290174122_FL,TSS,Outflow,246
1.0,-1290174122_FL,TSS,Outflow,246
9.600000381469727,-1290174122_FL,TSS,Outflow,246
4.0,-1290174122_FL,TSS,Outflow,246
13.69999980926514,-1290174122_FL,TSS,Outflow,247
20.70000076293945,-1290174122_FL,TSS,Outflow,247
16.70000076293945,-1290174122_FL,TSS,Outflow,247
3.0,-1290174122_FL,TSS,Outflow,247
10.5,-1290174122_FL,TSS,Outflow,247
3.0,-1290174122_FL,TSS,Outflow,248
8.0,-1290174122_FL,TSS,Outflow,248
5.0,-1290174122_FL,TSS,Outflow,248
6.0,-1290174122_FL,TSS,Outflow,248
7.0,-1290174122_FL,TSS,Outflow,248
7.0,-1290174122_FL,TSS,Outflow,249
20.29999923706055,-1290174122_FL,TSS,Outflow,249
16.5,-1290174122_FL,TSS,Outflow,249
3.0,-1290174122_FL,TSS,Outflow,249
16.70000076293945,-1290174122_FL,TSS,Outflow,249
13.69999980926514,-1290174122_FL,TSS,Outflow,250
1.0,-1290174122_FL,TSS,Outflow,250
12.10000038146973,-1290174122_FL,TSS,Outflow,250
3.0,-1290174122_FL,TSS,Outflow,250
7.099999904632568,-1290174122_FL,TSS,Outflow,250
7.099999904632568,-1290174122_FL,TSS,Outflow,251
3.0,-1290174122_FL,TSS,Outflow,251
16.70000076293945,-1290174122_FL,TSS,Outflow,251
3.0,-1290174122_FL,TSS,Outflow,251
3.0,-1290174122_FL,TSS,Outflow,251
7.0,-1290174122_FL,TSS,Outflow,252
5.0,-1290174122_FL,TSS,Outflow,252
2.0,-1290174122_FL,TSS,Outflow,252
4.0,-1290174122_FL,TSS,Outflow,252
5.0,-1290174122_FL,TSS,Outflow,252
7.5,-1290174122_FL,TSS,Outflow,253
3.0,-1290174122_FL,TSS,Outflow,253
2.0,-1290174122_FL,TSS,Outflow,253
8.0,-1290174122_FL,TSS,Outflow,253
3.0,-1290174122_FL,TSS,Outflow,253
9.100000381469727,-1290174122_FL,TSS,Outflow,254
49.29999923706055,-1290174122_FL,TSS,Outflow,254
29.39999961853027,-1290174122_FL,TSS,Outflow,254
47.0,-1290174122_FL,TSS,Outflow,254
6.0,-1290174122_FL,TSS,Outflow,254
29.39999961853027,-1290174122_FL,TSS,Outflow,255
20.29999923706055,-1290174122_FL,TSS,Outflow,255
7.599999904632568,-1290174122_FL,TSS,Outflow,255
2.0,-1290174122_FL,TSS,Outflow,255
11.0,-1290174122_FL,TSS,Outflow,255
2.0,-1290174122_FL,TSS,Outflow,256
9.600000381469727,-1290174122_FL,TSS,Outflow,256
2.0,-1290174122_FL,TSS,Outflow,256
7.900000095367432,-1290174122_FL,TSS,Outflow,256
7.0,-1290174122_FL,TSS,Outflow,256
9.5,-1290174122_FL,TSS,Outflow,257
23.0,-1290174122_FL,TSS,Outflow,257
3.0,-1290174122_FL,TSS,Outflow,257
3.0,-1290174122_FL,TSS,Outflow,257
7.900000095367432,-1290174122_FL,TSS,Outflow,257
8.0,-1290174122_FL,TSS,Outflow,258
16.70000076293945,-1290174122_FL,TSS,Outflow,258
8.0,-1290174122_FL,TSS,Outflow,258
10.69999980926514,-1290174122_FL,TSS,Outflow,258
3.0,-1290174122_FL,TSS,Outflow,258
8.0,-1290174122_FL,TSS,Outflow,259
16.70000076293945,-1290174122_FL,TSS,Outflow,259
19.0,-1290174122_FL,TSS,Outflow,259
7.099999904632568,-1290174122_FL,TSS,Outflow,259
3.0,-1290174122_FL,TSS,Outflow,259
10.0,-1290174122_FL,TSS,Outflow,260
3.0,-1290174122_FL,TSS,Outflow,260
19.0,-1290174122_FL,TSS,Outflow,260
16.0,-1290174122_FL,TSS,Outflow,260
2.0,-1290174122_FL,TSS,Outflow,260
20.70000076293945,-1290174122_FL,TSS,Outflow,261
9.5,-1290174122_FL,TSS,Outflow,261
11.0,-1290174122_FL,TSS,Outflow,261
7.0,-1290174122_FL,TSS,Outflow,261
3.0,-1290174122_FL,TSS,Outflow,261
15.0,-1290174122_FL,TSS,Outflow,262
7.0,-1290174122_FL,TSS,Outflow,262
5.099999904632568,-1290174122_FL,TSS,Outflow,262
6.0,-1290174122_FL,TSS,Outflow,262
2.0,-1290174122_FL,TSS,Outflow,262
3.0,-1290174122_FL,TSS,Outflow,263
4.0,-1290174122_FL,TSS,Outflow,263
30.79999923706055,-1290174122_FL,TSS,Outflow,263
49.29999923706055,-1290174122_FL,TSS,Outflow,263
5.0,-1290174122_FL,TSS,Outflow,263
3.0,-1290174122_FL,TSS,Outflow,264
5.0,-1290174122_FL,TSS,Outflow,264
20.29999923706055,-1290174122_FL,TSS,Outflow,264
6.0,-1290174122_FL,TSS,Outflow,264
16.70000076293945,-1290174122_FL,TSS,Outflow,264
4.0,-1290174122_FL,TSS,Outflow,265
6.0,-1290174122_FL,TSS,Outflow,265
10.5,-1290174122_FL,TSS,Outflow,265
16.0,-1290174122_FL,TSS,Outflow,265
3.0,-1290174122_FL,TSS,Outflow,265
5.0,-1290174122_FL,TSS,Outflow,266
9.699999809265137,-1290174122_FL,TSS,Outflow,266
5.099999904632568,-1290174122_FL,TSS,Outflow,266
4.0,-1290174122_FL,TSS,Outflow,266
5.0,-1290174122_FL,TSS,Outflow,266
16.0,-1290174122_FL,TSS,Outflow,267
9.5,-1290174122_FL,TSS,Outflow,267
7.099999904632568,-1290174122_FL,TSS,Outflow,267
12.10000038146973,-1290174122_FL,TSS,Outflow,267
5.699999809265137,-1290174122_FL,TSS,Outflow,267
3.0,-1290174122_FL,TSS,Outflow,268
7.900000095367432,-1290174122_FL,TSS,Outflow,268
15.0,-1290174122_FL,TSS,Outflow,268
4.0,-1290174122_FL,TSS,Outflow,268
1.0,-1290174122_FL,TSS,Outflow,268
5.0,-1290174122_FL,TSS,Outflow,269
3.0,-1290174122_FL,TSS,Outflow,269
3.0,-1290174122_FL,TSS,Outflow,269
2.0,-1290174122_FL,TSS,Outflow,269
3.0,-1290174122_FL,TSS,Outflow,269
16.0,-1290174122_FL,TSS,Outflow,270
3.0,-1290174122_FL,TSS,Outflow,270
3.0,-1290174122_FL,TSS,Outflow,270
12.39999961853027,-1290174122_FL,TSS,Outflow,270
5.0,-1290174122_FL,TSS,Outflow,270
16.60000038146973,-1290174122_FL,TSS,Outflow,271
2.0,-1290174122_FL,TSS,Outflow,271
6.0,-1290174122_FL,TSS,Outflow,271
3.0,-1290174122_FL,TSS,Outflow,271
23.0,-1290174122_FL,TSS,Outflow,271
30.79999923706055,-1290174122_FL,TSS,Outflow,272
3.0,-1290174122_FL,TSS,Outflow,272
12.5,-1290174122_FL,TSS,Outflow,272
5.0,-1290174122_FL,TSS,Outflow,272
20.29999923706055,-1290174122_FL,TSS,Outflow,272
3.0,-1290174122_FL,TSS,Outflow,273
9.600000381469727,-1290174122_FL,TSS,Outflow,273
7.099999904632568,-1290174122_FL,TSS,Outflow,273
3.0,-1290174122_FL,TSS,Outflow,273
3.0,-1290174122_FL,TSS,Outflow,273
3.0,-1290174122_FL,TSS,Outflow,274
9.899999618530273,-1290174122_FL,TSS,Outflow,274
5.699999809265137,-1290174122_FL,TSS,Outflow,274
3.0,-1290174122_FL,TSS,Outflow,274
16.0,-1290174122_FL,TSS,Outflow,274
2.0,-1290174122_FL,TSS,Outflow,275
5.0,-1290174122_FL,TSS,Outflow,275
6.0,-1290174122_FL,TSS,Outflow,275
16.0,-1290174122_FL,TSS,Outflow,275
1.0,-1290174122_FL,TSS,Outflow,275
23.0,-1290174122_FL,TSS,Outflow,276
11.0,-1290174122_FL,TSS,Outflow,276
5.300000190734863,-1290174122_FL,TSS,Outflow,276
2.0,-1290174122_FL,TSS,Outflow,276
11.5,-1290174122_FL,TSS,Outflow,276
16.5,-1290174122_FL,TSS,Outflow,277
2.0,-1290174122_FL,TSS,Outflow,277
5.0,-1290174122_FL,TSS,Outflow,277
5.0,-1290174122_FL,TSS,Outflow,277
5.699999809265137,-1290174122_FL,TSS,Outflow,277
9.699999809265137,-1290174122_FL,TSS,Outflow,278
49.29999923706055,-1290174122_FL,TSS,Outflow,278
5.099999904632568,-1290174122_FL,TSS,Outflow,278
16.0,-1290174122_FL,TSS,Outflow,278
7.900000095367432,-1290174122_FL,TSS,Outflow,278
7.0,-1290174122_FL,TSS,Outflow,279
8.0,-1290174122_FL,TSS,Outflow,279
3.0,-1290174122_FL,TSS,Outflow,279
5.0,-1290174122_FL,TSS,Outflow,279
3.0,-1290174122_FL,TSS,Outflow,279
16.0,-1290174122_FL,TSS,Outflow,280
8.0,-1290174122_FL,TSS,Outflow,280
9.899999618530273,-1290174122_FL,TSS,Outflow,280
15.0,-1290174122_FL,TSS,Outflow,280
12.39999961853027,-1290174122_FL,TSS,Outflow,280
5.0,-1290174122_FL,TSS,Outflow,281
3.0,-1290174122_FL,TSS,Outflow,281
2.0,-1290174122_FL,TSS,Outflow,281
6.0,-1290174122_FL,TSS,Outflow,281
10.0,-1290174122_FL,TSS,Outflow,281
2.0,-1290174122_FL,TSS,Outflow,282
7.099999904632568,-1290174122_FL,TSS,Outflow,282
8.0,-1290174122_FL,TSS,Outflow,282
23.0,-1290174122_FL,TSS,Outflow,282
3.0,-1290174122_FL,TSS,Outflow,282
4.0,-1290174122_FL,TSS,Outflow,283
11.0,-1290174122_FL,TSS,Outflow,283
30.79999923706055,-1290174122_FL,TSS,Outflow,283
7.0,-1290174122_FL,TSS,Outflow,283
16.5,-1290174122_FL,TSS,Outflow,283
3.0,-1290174122_FL,TSS,Outflow,284
3.0,-1290174122_FL,TSS,Outflow,284
8.0,-1290174122_FL,TSS,Outflow,284
3.0,-1290174122_FL,TSS,Outflow,284
2.0,-1290174122_FL,TSS,Outflow,284
8.0,-1290174122_FL,TSS,Outflow,285
0.02999999932944775,-1290174122_FL,TSS,Outflow,285
3.0,-1290174122_FL,TSS,Outflow,285
3.0,-1290174122_FL,TSS,Outflow,285
15.0,-1290174122_FL,TSS,Outflow,285
2.0,-1290174122_FL,TSS,Outflow,286
19.0,-1290174122_FL,TSS,Outflow,286
15.89999961853027,-1290174122_FL,TSS,Outflow,286
11.0,-1290174122_FL,TSS,Outflow,286
16.70000076293945,-1290174122_FL,TSS,Outflow,286
7.300000190734863,-1290174122_FL,TSS,Outflow,287
11.5,-1290174122_FL,TSS,Outflow,287
9.699999809265137,-1290174122_FL,TSS,Outflow,287
16.0,-1290174122_FL,TSS,Outflow,287
3.0,-1290174122_FL,TSS,Outflow,287
30.79999923706055,-1290174122_FL,TSS,Outflow,288
16.0,-1290174122_FL,TSS,Outflow,288
15.0,-1290174122_FL,TSS,Outflow,288
15.0,-1290174122_FL,TSS,Outflow,288
7.099999904632568,-1290174122_FL,TSS,Outflow,288
7.099999904632568,-1290174122_FL,TSS,Outflow,289
9.100000381469727,-1290174122_FL,TSS,Outflow,289
3.0,-1290174122_FL,TSS,Outflow,289
1.0,-1290174122_FL,TSS,Outflow,289
28.0,-1290174122_FL,TSS,Outflow,289
3.0,-1290174122_FL,TSS,Outflow,290
10.5,-1290174122_FL,TSS,Outflow,290
13.69999980926514,-1290174122_FL,TSS,Outflow,290
11.0,-1290174122_FL,TSS,Outflow,290
4.0,-1290174122_FL,TSS,Outflow,290
3.0,-1290174122_FL,TSS,Outflow,291
30.79999923706055,-1290174122_FL,TSS,Outflow,291
9.5,-1290174122_FL,TSS,Outflow,291
16.60000038146973,-1290174122_FL,TSS,Outflow,291
3.0,-1290174122_FL,TSS,Outflow,291
28.0,-1290174122_FL,TSS,Outflow,292
5.0,-1290174122_FL,TSS,Outflow,292
7.5,-1290174122_FL,TSS,Outflow,292
3.0,-1290174122_FL,TSS,Outflow,292
2.0,-1290174122_FL,TSS,Outflow,292
5.0,-1290174122_FL,TSS,Outflow,293
7.0,-1290174122_FL,TSS,Outflow,293
13.69999980926514,-1290174122_FL,TSS,Outflow,293
16.0,-1290174122_FL,TSS,Outflow,293
12.5,-1290174122_FL,TSS,Outflow,293
3.0,-1290174122_FL,TSS,Outflow,294
4.0,-1290174122_FL,TSS,Outflow,294
47.0,-1290174122_FL,TSS,Outflow,294
3.0,-1290174122_FL,TSS,Outflow,294
11.5,-1290174122_FL,TSS,Outflow,294
16.60000038146973,-1290174122_FL,TSS,Outflow,295
1.0,-1290174122_FL,TSS,Outflow,295
20.70000076293945,-1290174122_FL,TSS,Outflow,295
3.0,-1290174122_FL,TSS,Outflow,295
4.0,-1290174122_FL,TSS,Outflow,295
6.0,-1290174122_FL,TSS,Outflow,296
30.79999923706055,-1290174122_FL,TSS,Outflow,296
7.5,-1290174122_FL,TSS,Outflow,296
3.0,-1290174122_FL,TSS,Outflow,296
10.0,-1290174122_FL,TSS,Outflow,296
4.0,-1290174122_FL,TSS,Outflow,297
7.0,-1290174122_FL,TSS,Outflow,297
16.5,-1290174122_FL,TSS,Outflow,297
1.0,-1290174122_FL,TSS,Outflow,297
8.0,-1290174122_FL,TSS,Outflow,297
9.899999618530273,-1290174122_FL,TSS,Outflow,298
3.0,-1290174122_FL,TSS,Outflow,298
2.0,-1290174122_FL,TSS,Outflow,298
5.0,-1290174122_FL,TSS,Outflow,298
9.0,-1290174122_FL,TSS,Outflow,298
20.29999923706055,-1290174122_FL,TSS,Outflow,299
29.39999961853027,-1290174122_FL,TSS,Outflow,299
3.0,-1290174122_FL,TSS,Outflow,299
3.0,-1290174122_FL,TSS,Outflow,299
5.0,-1290174122_FL,TSS,Outflow,299
10.0,-1290174122_FL,TSS,Outflow,300
2.0,-1290174122_FL,TSS,Outflow,300
9.5,-1290174122_FL,TSS,Outflow,300
30.79999923706055,-1290174122_FL,TSS,Outflow,300
3.0,-1290174122_FL,TSS,Outflow,300
20.70000076293945,-1290174122_FL,TSS,Outflow,301
12.5,-1290174122_FL,TSS,Outflow,301
8.0,-1290174122_FL,TSS,Outflow,301
12.39999961853027,-1290174122_FL,TSS,Outflow,301
3.0,-1290174122_FL,TSS,Outflow,301
7.599999904632568,-1290174122_FL,TSS,Outflow,302
6.0,-1290174122_FL,TSS,Outflow,302
4.0,-1290174122_FL,TSS,Outflow,302
2.0,-1290174122_FL,TSS,Outflow,302
3.0,-1290174122_FL,TSS,Outflow,302
7.599999904632568,-1290174122_FL,TSS,Outflow,303
15.0,-1290174122_FL,TSS,Outflow,303
5.0,-1290174122_FL,TSS,Outflow,303
16.0,-1290174122_FL,TSS,Outflow,303
7.0,-1290174122_FL,TSS,Outflow,303
12.5,-1290174122_FL,TSS,Outflow,304
3.0,-1290174122_FL,TSS,Outflow,304
0.02999999932944775,-1290174122_FL,TSS,Outflow,304
5.300000190734863,-1290174122_FL,TSS,Outflow,304
29.39999961853027,-1290174122_FL,TSS,Outflow,304
8.0,-1290174122_FL,TSS,Outflow,305
19.0,-1290174122_FL,TSS,Outflow,305
19.0,-1290174122_FL,TSS,Outflow,305
12.10000038146973,-1290174122_FL,TSS,Outflow,305
2.0,-1290174122_FL,TSS,Outflow,305
3.0,-1290174122_FL,TSS,Outflow,306
2.0,-1290174122_FL,TSS,Outflow,306
0.02999999932944775,-1290174122_FL,TSS,Outflow,306
10.5,-1290174122_FL,TSS,Outflow,306
7.0,-1290174122_FL,TSS,Outflow,306
20.29999923706055,-1290174122_FL,TSS,Outflow,307
6.0,-1290174122_FL,TSS,Outflow,307
11.5,-1290174122_FL,TSS,Outflow,307
20.70000076293945,-1290174122_FL,TSS,Outflow,307
7.0,-1290174122_FL,TSS,Outflow,307
7.0,-1290174122_FL,TSS,Outflow,308
9.600000381469727,-1290174122_FL,TSS,Outflow,308
19.0,-1290174122_FL,TSS,Outflow,308
7.0,-1290174122_FL,TSS,Outflow,308
3.0,-1290174122_FL,TSS,Outflow,308
6.0,-1290174122_FL,TSS,Outflow,309
5.0,-1290174122_FL,TSS,Outflow,309
5.699999809265137,-1290174122_FL,TSS,Outflow,309
4.0,-1290174122_FL,TSS,Outflow,309
29.39999961853027,-1290174122_FL,TSS,Outflow,309
8.0,-1290174122_FL,TSS,Outflow,310
7.599999904632568,-1290174122_FL,TSS,Outflow,310
5.0,-1290174122_FL,TSS,Outflow,310
7.300000190734863,-1290174122_FL,TSS,Outflow,310
7.0,-1290174122_FL,TSS,Outflow,310
7.300000190734863,-1290174122_FL,TSS,Outflow,311
3.0,-1290174122_FL,TSS,Outflow,311
16.5,-1290174122_FL,TSS,Outflow,311
2.0,-1290174122_FL,TSS,Outflow,311
23.0,-1290174122_FL,TSS,Outflow,311
9.600000381469727,-1290174122_FL,TSS,Outflow,312
10.69999980926514,-1290174122_FL,TSS,Outflow,312
15.0,-1290174122_FL,TSS,Outflow,312
9.5,-1290174122_FL,TSS,Outflow,312
11.5,-1290174122_FL,TSS,Outflow,312
5.300000190734863,-1290174122_FL,TSS,Outflow,313
3.0,-1290174122_FL,TSS,Outflow,313
3.0,-1290174122_FL,TSS,Outflow,313
7.300000190734863,-1290174122_FL,TSS,Outflow,313
8.0,-1290174122_FL,TSS,Outflow,313
3.0,-1290174122_FL,TSS,Outflow,314
1.0,-1290174122_FL,TSS,Outflow,314
15.89999961853027,-1290174122_FL,TSS,Outflow,314
7.599999904632568,-1290174122_FL,TSS,Outflow,314
12.39999961853027,-1290174122_FL,TSS,Outflow,314
10.0,-1290174122_FL,TSS,Outflow,315
6.0,-1290174122_FL,TSS,Outflow,315
9.600000381469727,-1290174122_FL,TSS,Outflow,315
10.0,-1290174122_FL,TSS,Outflow,315
3.0,-1290174122_FL,TSS,Outflow,315
3.0,-1290174122_FL,TSS,Outflow,316
9.0,-1290174122_FL,TSS,Outflow,316
3.0,-1290174122_FL,TSS,Outflow,316
3.0,-1290174122_FL,TSS,Outflow,316
3.0,-1290174122_FL,TSS,Outflow,316
5.699999809265137,-1290174122_FL,TSS,Outflow,317
16.70000076293945,-1290174122_FL,TSS,Outflow,317
6.0,-1290174122_FL,TSS,Outflow,317
10.0,-1290174122_FL,TSS,Outflow,317
28.0,-1290174122_FL,TSS,Outflow,317
4.0,-1290174122_FL,TSS,Outflow,318
12.10000038146973,-1290174122_FL,TSS,Outflow,318
7.0,-1290174122_FL,TSS,Outflow,318
9.100000381469727,-1290174122_FL,TSS,Outflow,318
3.0,-1290174122_FL,TSS,Outflow,318
5.0,-1290174122_FL,TSS,Outflow,319
2.0,-1290174122_FL,TSS,Outflow,319
6.0,-1290174122_FL,TSS,Outflow,319
15.0,-1290174122_FL,TSS,Outflow,319
11.0,-1290174122_FL,TSS,Outflow,319
3.0,-1290174122_FL,TSS,Outflow,320
4.0,-1290174122_FL,TSS,Outflow,320
10.0,-1290174122_FL,TSS,Outflow,320
3.0,-1290174122_FL,TSS,Outflow,320
3.0,-1290174122_FL,TSS,Outflow,320
12.39999961853027,-1290174122_FL,TSS,Outflow,321
10.5,-1290174122_FL,TSS,Outflow,321
3.0,-1290174122_FL,TSS,Outflow,321
5.0,-1290174122_FL,TSS,Outflow,321
10.0,-1290174122_FL,TSS,Outflow,321
28.0,-1290174122_FL,TSS,Outflow,322
12.10000038146973,-1290174122_FL,TSS,Outflow,322
16.70000076293945,-1290174122_FL,TSS,Outflow,322
5.0,-1290174122_FL,TSS,Outflow,322
8.0,-1290174122_FL,TSS,Outflow,322
49.29999923706055,-1290174122_FL,TSS,Outflow,323
16.70000076293945,-1290174122_FL,TSS,Outflow,323
16.0,-1290174122_FL,TSS,Outflow,323
23.0,-1290174122_FL,TSS,Outflow,323
3.0,-1290174122_FL,TSS,Outflow,323
8.0,-1290174122_FL,TSS,Outflow,324
7.099999904632568,-1290174122_FL,TSS,Outflow,324
3.0,-1290174122_FL,TSS,Outflow,324
3.0,-1290174122_FL,TSS,Outflow,324
19.0,-1290174122_FL,TSS,Outflow,324
9.100000381469727,-1290174122_FL,TSS,Outflow,325
11.0,-1290174122_FL,TSS,Outflow,325
13.69999980926514,-1290174122_FL,TSS,Outflow,325
7.0,-1290174122_FL,TSS,Outflow,325
9.5,-1290174122_FL,TSS,Outflow,325
28.0,-1290174122_FL,TSS,Outflow,326
10.0,-1290174122_FL,TSS,Outflow,326
3.0,-1290174122_FL,TSS,Outflow,326
8.0,-1290174122_FL,TSS,Outflow,326
1.0,-1290174122_FL,TSS,Outflow,326
7.0,-1290174122_FL,TSS,Outflow,327
11.0,-1290174122_FL,TSS,Outflow,327
11.5,-1290174122_FL,TSS,Outflow,327
10.0,-1290174122_FL,TSS,Outflow,327
5.300000190734863,-1290174122_FL,TSS,Outflow,327
3.0,-1290174122_FL,TSS,Outflow,328
3.0,-1290174122_FL,TSS,Outflow,328
9.600000381469727,-1290174122_FL,TSS,Outflow,328
9.5,-1290174122_FL,TSS,Outflow,328
2.0,-1290174122_FL,TSS,Outflow,328
7.0,-1290174122_FL,TSS,Outflow,329
5.0,-1290174122_FL,TSS,Outflow,329
16.0,-1290174122_FL,TSS,Outflow,329
5.0,-1290174122_FL,TSS,Outflow,329
12.5,-1290174122_FL,TSS,Outflow,329
7.099999904632568,-1290174122_FL,TSS,Outflow,330
2.0,-1290174122_FL,TSS,Outflow,330
30.79999923706055,-1290174122_FL,TSS,Outflow,330
5.300000190734863,-1290174122_FL,TSS,Outflow,330
49.29999923706055,-1290174122_FL,TSS,Outflow,330
4.0,-1290174122_FL,TSS,Outflow,331
7.0,-1290174122_FL,TSS,Outflow,331
13.69999980926514,-1290174122_FL,TSS,Outflow,331
10.69999980926514,-1290174122_FL,TSS,Outflow,331
3.0,-1290174122_FL,TSS,Outflow,331
5.099999904632568,-1290174122_FL,TSS,Outflow,332
10.5,-1290174122_FL,TSS,Outflow,332
4.0,-1290174122_FL,TSS,Outflow,332
12.39999961853027,-1290174122_FL,TSS,Outflow,332
19.0,-1290174122_FL,TSS,Outflow,332
8.0,-1290174122_FL,TSS,Outflow,333
7.900000095367432,-1290174122_FL,TSS,Outflow,333
2.0,-1290174122_FL,TSS,Outflow,333
7.0,-1290174122_FL,TSS,Outflow,333
19.0,-1290174122_FL,TSS,Outflow,333
28.0,-1290174122_FL,TSS,Outflow,334
2.0,-1290174122_FL,TSS,Outflow,334
5.300000190734863,-1290174122_FL,TSS,Outflow,334
12.10000038146973,-1290174122_FL,TSS,Outflow,334
2.0,-1290174122_FL,TSS,Outflow,334
3.0,-1290174122_FL,TSS,Outflow,335
7.0,-1290174122_FL,TSS,Outflow,335
5.0,-1290174122_FL,TSS,Outflow,335
30.79999923706055,-1290174122_FL,TSS,Outflow,335
19.0,-1290174122_FL,TSS,Outflow,335
16.5,-1290174122_FL,TSS,Outflow,336
6.0,-1290174122_FL,TSS,Outflow,336
5.0,-1290174122_FL,TSS,Outflow,336
2.0,-1290174122_FL,TSS,Outflow,336
4.0,-1290174122_FL,TSS,Outflow,336
7.900000095367432,-1290174122_FL,TSS,Outflow,337
4.0,-1290174122_FL,TSS,Outflow,337
9.100000381469727,-1290174122_FL,TSS,Outflow,337
10.0,-1290174122_FL,TSS,Outflow,337
7.300000190734863,-1290174122_FL,TSS,Outflow,337
2.0,-1290174122_FL,TSS,Outflow,338
6.0,-1290174122_FL,TSS,Outflow,338
7.900000095367432,-1290174122_FL,TSS,Outflow,338
49.29999923706055,-1290174122_FL,TSS,Outflow,338
15.89999961853027,-1290174122_FL,TSS,Outflow,338
3.0,-1290174122_FL,TSS,Outflow,339
3.0,-1290174122_FL,TSS,Outflow,339
4.0,-1290174122_FL,TSS,Outflow,339
1.0,-1290174122_FL,TSS,Outflow,339
5.0,-1290174122_FL,TSS,Outflow,339
3.0,-1290174122_FL,TSS,Outflow,340
19.0,-1290174122_FL,TSS,Outflow,340
9.5,-1290174122_FL,TSS,Outflow,340
10.5,-1290174122_FL,TSS,Outflow,340
10.69999980926514,-1290174122_FL,TSS,Outflow,340
10.0,-1290174122_FL,TSS,Outflow,341
9.600000381469727,-1290174122_FL,TSS,Outflow,341
5.0,-1290174122_FL,TSS,Outflow,341
47.0,-1290174122_FL,TSS,Outflow,341
3.0,-1290174122_FL,TSS,Outflow,341
10.5,-1290174122_FL,TSS,Outflow,342
3.0,-1290174122_FL,TSS,Outflow,342
7.099999904632568,-1290174122_FL,TSS,Outflow,342
5.0,-1290174122_FL,TSS,Outflow,342
7.300000190734863,-1290174122_FL,TSS,Outflow,342
7.0,-1290174122_FL,TSS,Outflow,343
5.0,-1290174122_FL,TSS,Outflow,343
15.0,-1290174122_FL,TSS,Outflow,343
2.0,-1290174122_FL,TSS,Outflow,343
2.0,-1290174122_FL,TSS,Outflow,343
3.0,-1290174122_FL,TSS,Outflow,344
7.5,-1290174122_FL,TSS,Outflow,344
5.699999809265137,-1290174122_FL,TSS,Outflow,344
12.5,-1290174122_FL,TSS,Outflow,344
1.0,-1290174122_FL,TSS,Outflow,344
3.0,-1290174122_FL,TSS,Outflow,345
16.70000076293945,-1290174122_FL,TSS,Outflow,345
16.0,-1290174122_FL,TSS,Outflow,345
3.0,-1290174122_FL,TSS,Outflow,345
8.0,-1290174122_FL,TSS,Outflow,345
5.0,-1290174122_FL,TSS,Outflow,346
9.699999809265137,-1290174122_FL,TSS,Outflow,346
19.0,-1290174122_FL,TSS,Outflow,346
9.899999618530273,-1290174122_FL,TSS,Outflow,346
5.0,-1290174122_FL,TSS,Outflow,346
9.0,-1290174122_FL,TSS,Outflow,347
2.0,-1290174122_FL,TSS,Outflow,347
28.0,-1290174122_FL,TSS,Outflow,347
15.0,-1290174122_FL,TSS,Outflow,347
5.0,-1290174122_FL,TSS,Outflow,347
7.900000095367432,-1290174122_FL,TSS,Outflow,348
13.69999980926514,-1290174122_FL,TSS,Outflow,348
5.099999904632568,-1290174122_FL,TSS,Outflow,348
16.70000076293945,-1290174122_FL,TSS,Outflow,348
49.29999923706055,-1290174122_FL,TSS,Outflow,348
16.0,-1290174122_FL,TSS,Outflow,349
7.900000095367432,-1290174122_FL,TSS,Outflow,349
6.0,-1290174122_FL,TSS,Outflow,349
3.0,-1290174122_FL,TSS,Outflow,349
3.0,-1290174122_FL,TSS,Outflow,349
20.29999923706055,-1290174122_FL,TSS,Outflow,350
8.0,-1290174122_FL,TSS,Outflow,350
29.39999961853027,-1290174122_FL,TSS,Outflow,350
7.599999904632568,-1290174122_FL,TSS,Outflow,350
5.0,-1290174122_FL,TSS,Outflow,350
7.300000190734863,-1290174122_FL,TSS,Outflow,351
9.600000381469727,-1290174122_FL,TSS,Outflow,351
11.5,-1290174122_FL,TSS,Outflow,351
1.0,-1290174122_FL,TSS,Outflow,351
16.0,-1290174122_FL,TSS,Outflow,351
5.0,-1290174122_FL,TSS,Outflow,352
20.70000076293945,-1290174122_FL,TSS,Outflow,352
15.0,-1290174122_FL,TSS,Outflow,352
11.0,-1290174122_FL,TSS,Outflow,352
28.0,-1290174122_FL,TSS,Outflow,352
15.0,-1290174122_FL,TSS,Outflow,353
7.900000095367432,-1290174122_FL,TSS,Outflow,353
3.0,-1290174122_FL,TSS,Outflow,353
3.0,-1290174122_FL,TSS,Outflow,353
16.5,-1290174122_FL,TSS,Outflow,353
4.0,-1290174122_FL,TSS,Outflow,354
3.0,-1290174122_FL,TSS,Outflow,354
3.0,-1290174122_FL,TSS,Outflow,354
3.0,-1290174122_FL,TSS,Outflow,354
3.0,-1290174122_FL,TSS,Outflow,354
16.0,-1290174122_FL,TSS,Outflow,355
6.0,-1290174122_FL,TSS,Outflow,355
1.0,-1290174122_FL,TSS,Outflow,355
7.0,-1290174122_FL,TSS,Outflow,355
8.0,-1290174122_FL,TSS,Outflow,355
19.0,-1290174122_FL,TSS,Outflow,356
3.0,-1290174122_FL,TSS,Outflow,356
4.0,-1290174122_FL,TSS,Outflow,356
5.0,-1290174122_FL,TSS,Outflow,356
11.5,-1290174122_FL,TSS,Outflow,356
11.0,-1290174122_FL,TSS,Outflow,357
8.0,-1290174122_FL,TSS,Outflow,357
8.0,-1290174122_FL,TSS,Outflow,357
9.699999809265137,-1290174122_FL,TSS,Outflow,357
2.0,-1290174122_FL,TSS,Outflow,357
3.0,-1290174122_FL,TSS,Outflow,358
9.100000381469727,-1290174122_FL,TSS,Outflow,358
3.0,-1290174122_FL,TSS,Outflow,358
5.099999904632568,-1290174122_FL,TSS,Outflow,358
7.900000095367432,-1290174122_FL,TSS,Outflow,358
0.02999999932944775,-1290174122_FL,TSS,Outflow,359
3.0,-1290174122_FL,TSS,Outflow,359
3.0,-1290174122_FL,TSS,Outflow,359
9.100000381469727,-1290174122_FL,TSS,Outflow,359
5.0,-1290174122_FL,TSS,Outflow,359
16.70000076293945,-1290174122_FL,TSS,Outflow,360
15.0,-1290174122_FL,TSS,Outflow,360
15.89999961853027,-1290174122_FL,TSS,Outflow,360
3.0,-1290174122_FL,TSS,Outflow,360
2.0,-1290174122_FL,TSS,Outflow,360
9.600000381469727,-1290174122_FL,TSS,Outflow,361
2.0,-1290174122_FL,TSS,Outflow,361
3.0,-1290174122_FL,TSS,Outflow,361
2.0,-1290174122_FL,TSS,Outflow,361
3.0,-1290174122_FL,TSS,Outflow,361
5.099999904632568,-1290174122_FL,TSS,Outflow,362
20.29999923706055,-1290174122_FL,TSS,Outflow,362
10.5,-1290174122_FL,TSS,Outflow,362
8.0,-1290174122_FL,TSS,Outflow,362
4.0,-1290174122_FL,TSS,Outflow,362
3.0,-1290174122_FL,TSS,Outflow,363
13.69999980926514,-1290174122_FL,TSS,Outflow,363
1.0,-1290174122_FL,TSS,Outflow,363
3.0,-1290174122_FL,TSS,Outflow,363
9.600000381469727,-1290174122_FL,TSS,Outflow,363
3.0,-1290174122_FL,TSS,Outflow,364
9.699999809265137,-1290174122_FL,TSS,Outflow,364
7.900000095367432,-1290174122_FL,TSS,Outflow,364
19.0,-1290174122_FL,TSS,Outflow,364
3.0,-1290174122_FL,TSS,Outflow,364
12.10000038146973,-1290174122_FL,TSS,Outflow,365
8.0,-1290174122_FL,TSS,Outflow,365
4.0,-1290174122_FL,TSS,Outflow,365
3.0,-1290174122_FL,TSS,Outflow,365
5.0,-1290174122_FL,TSS,Outflow,365
9.5,-1290174122_FL,TSS,Outflow,366
7.099999904632568,-1290174122_FL,TSS,Outflow,366
4.0,-1290174122_FL,TSS,Outflow,366
49.29999923706055,-1290174122_FL,TSS,Outflow,366
8.0,-1290174122_FL,TSS,Outflow,366
16.0,-1290174122_FL,TSS,Outflow,367
13.69999980926514,-1290174122_FL,TSS,Outflow,367
12.39999961853027,-1290174122_FL,TSS,Outflow,367
15.0,-1290174122_FL,TSS,Outflow,367
7.0,-1290174122_FL,TSS,Outflow,367
5.0,-1290174122_FL,TSS,Outflow,368
47.0,-1290174122_FL,TSS,Outflow,368
7.0,-1290174122_FL,TSS,Outflow,368
28.0,-1290174122_FL,TSS,Outflow,368
4.0,-1290174122_FL,TSS,Outflow,368
3.0,-1290174122_FL,TSS,Outflow,369
2.0,-1290174122_FL,TSS,Outflow,369
16.70000076293945,-1290174122_FL,TSS,Outflow,369
5.699999809265137,-1290174122_FL,TSS,Outflow,369
3.0,-1290174122_FL,TSS,Outflow,369
7.900000095367432,-1290174122_FL,TSS,Outflow,370
16.60000038146973,-1290174122_FL,TSS,Outflow,370
9.100000381469727,-1290174122_FL,TSS,Outflow,370
5.0,-1290174122_FL,TSS,Outflow,370
3.0,-1290174122_FL,TSS,Outflow,370
5.699999809265137,-1290174122_FL,TSS,Outflow,371
15.0,-1290174122_FL,TSS,Outflow,371
8.0,-1290174122_FL,TSS,Outflow,371
16.70000076293945,-1290174122_FL,TSS,Outflow,371
19.0,-1290174122_FL,TSS,Outflow,371
3.0,-1290174122_FL,TSS,Outflow,372
4.0,-1290174122_FL,TSS,Outflow,372
3.0,-1290174122_FL,TSS,Outflow,372
49.29999923706055,-1290174122_FL,TSS,Outflow,372
8.0,-1290174122_FL,TSS,Outflow,372
16.0,-1290174122_FL,TSS,Outflow,373
7.5,-1290174122_FL,TSS,Outflow,373
4.0,-1290174122_FL,TSS,Outflow,373
7.0,-1290174122_FL,TSS,Outflow,373
4.0,-1290174122_FL,TSS,Outflow,373
4.0,-1290174122_FL,TSS,Outflow,374
29.39999961853027,-1290174122_FL,TSS,Outflow,374
3.0,-1290174122_FL,TSS,Outflow,374
3.0,-1290174122_FL,TSS,Outflow,374
3.0,-1290174122_FL,TSS,Outflow,374
3.0,-1290174122_FL,TSS,Outflow,375
4.0,-1290174122_FL,TSS,Outflow,375
9.100000381469727,-1290174122_FL,TSS,Outflow,375
8.0,-1290174122_FL,TSS,Outflow,375
3.0,-1290174122_FL,TSS,Outflow,375
9.699999809265137,-1290174122_FL,TSS,Outflow,376
49.29999923706055,-1290174122_FL,TSS,Outflow,376
3.0,-1290174122_FL,TSS,Outflow,376
4.0,-1290174122_FL,TSS,Outflow,376
2.0,-1290174122_FL,TSS,Outflow,376
8.0,-1290174122_FL,TSS,Outflow,377
7.5,-1290174122_FL,TSS,Outflow,377
7.900000095367432,-1290174122_FL,TSS,Outflow,377
4.0,-1290174122_FL,TSS,Outflow,377
2.0,-1290174122_FL,TSS,Outflow,377
2.0,-1290174122_FL,TSS,Outflow,378
10.0,-1290174122_FL,TSS,Outflow,378
9.699999809265137,-1290174122_FL,TSS,Outflow,378
8.0,-1290174122_FL,TSS,Outflow,378
9.5,-1290174122_FL,TSS,Outflow,378
16.0,-1290174122_FL,TSS,Outflow,379
10.0,-1290174122_FL,TSS,Outflow,379
3.0,-1290174122_FL,TSS,Outflow,379
1.0,-1290174122_FL,TSS,Outflow,379
10.0,-1290174122_FL,TSS,Outflow,379
3.0,-1290174122_FL,TSS,Outflow,380
5.0,-1290174122_FL,TSS,Outflow,380
5.0,-1290174122_FL,TSS,Outflow,380
4.0,-1290174122_FL,TSS,Outflow,380
1.0,-1290174122_FL,TSS,Outflow,380
8.0,-1290174122_FL,TSS,Outflow,381
3.0,-1290174122_FL,TSS,Outflow,381
13.69999980926514,-1290174122_FL,TSS,Outflow,381
4.0,-1290174122_FL,TSS,Outflow,381
47.0,-1290174122_FL,TSS,Outflow,381
15.0,-1290174122_FL,TSS,Outflow,382
9.0,-1290174122_FL,TSS,Outflow,382
5.300000190734863,-1290174122_FL,TSS,Outflow,382
2.0,-1290174122_FL,TSS,Outflow,382
3.0,-1290174122_FL,TSS,Outflow,382
1.0,-1290174122_FL,TSS,Outflow,383
10.0,-1290174122_FL,TSS,Outflow,383
2.0,-1290174122_FL,TSS,Outflow,383
16.5,-1290174122_FL,TSS,Outflow,383
12.39999961853027,-1290174122_FL,TSS,Outflow,383
5.0,-1290174122_FL,TSS,Outflow,384
5.300000190734863,-1290174122_FL,TSS,Outflow,384
3.0,-1290174122_FL,TSS,Outflow,384
3.0,-1290174122_FL,TSS,Outflow,384
10.0,-1290174122_FL,TSS,Outflow,384
3.0,-1290174122_FL,TSS,Outflow,385
6.0,-1290174122_FL,TSS,Outflow,385
9.5,-1290174122_FL,TSS,Outflow,385
3.0,-1290174122_FL,TSS,Outflow,385
15.0,-1290174122_FL,TSS,Outflow,385
3.0,-1290174122_FL,TSS,Outflow,386
11.5,-1290174122_FL,TSS,Outflow,386
15.0,-1290174122_FL,TSS,Outflow,386
10.0,-1290174122_FL,TSS,Outflow,386
7.599999904632568,-1290174122_FL,TSS,Outflow,386
5.0,-1290174122_FL,TSS,Outflow,387
28.0,-1290174122_FL,TSS,Outflow,387
15.0,-1290174122_FL,TSS,Outflow,387
5.0,-1290174122_FL,TSS,Outflow,387
0.02999999932944775,-1290174122_FL,TSS,Outflow,387
9.899999618530273,-1290174122_FL,TSS,Outflow,388
5.0,-1290174122_FL,TSS,Outflow,388
5.0,-1290174122_FL,TSS,Outflow,388
2.0,-1290174122_FL,TSS,Outflow,388
19.0,-1290174122_FL,TSS,Outflow,388
3.0,-1290174122_FL,TSS,Outflow,389
7.5,-1290174122_FL,TSS,Outflow,389
11.0,-1290174122_FL,TSS,Outflow,389
5.0,-1290174122_FL,TSS,Outflow,389
49.29999923706055,-1290174122_FL,TSS,Outflow,389
30.79999923706055,-1290174122_FL,TSS,Outflow,390
12.5,-1290174122_FL,TSS,Outflow,390
4.0,-1290174122_FL,TSS,Outflow,390
9.899999618530273,-1290174122_FL,TSS,Outflow,390
2.0,-1290174122_FL,TSS,Outflow,390
12.5,-1290174122_FL,TSS,Outflow,391
19.0,-1290174122_FL,TSS,Outflow,391
11.5,-1290174122_FL,TSS,Outflow,391
3.0,-1290174122_FL,TSS,Outflow,391
19.0,-1290174122_FL,TSS,Outflow,391
10.69999980926514,-1290174122_FL,TSS,Outflow,392
7.599999904632568,-1290174122_FL,TSS,Outflow,392
4.0,-1290174122_FL,TSS,Outflow,392
3.0,-1290174122_FL,TSS,Outflow,392
3.0,-1290174122_FL,TSS,Outflow,392
30.79999923706055,-1290174122_FL,TSS,Outflow,393
6.0,-1290174122_FL,TSS,Outflow,393
23.0,-1290174122_FL,TSS,Outflow,393
49.29999923706055,-1290174122_FL,TSS,Outflow,393
12.10000038146973,-1290174122_FL,TSS,Outflow,393
3.0,-1290174122_FL,TSS,Outflow,394
7.0,-1290174122_FL,TSS,Outflow,394
5.0,-1290174122_FL,TSS,Outflow,394
10.5,-1290174122_FL,TSS,Outflow,394
8.0,-1290174122_FL,TSS,Outflow,394
5.0,-1290174122_FL,TSS,Outflow,395
15.89999961853027,-1290174122_FL,TSS,Outflow,395
4.0,-1290174122_FL,TSS,Outflow,395
6.0,-1290174122_FL,TSS,Outflow,395
2.0,-1290174122_FL,TSS,Outflow,395
7.0,-1290174122_FL,TSS,Outflow,396
3.0,-1290174122_FL,TSS,Outflow,396
11.5,-1290174122_FL,TSS,Outflow,396
12.10000038146973,-1290174122_FL,TSS,Outflow,396
8.0,-1290174122_FL,TSS,Outflow,396
3.0,-1290174122_FL,TSS,Outflow,397
3.0,-1290174122_FL,TSS,Outflow,397
11.5,-1290174122_FL,TSS,Outflow,397
4.0,-1290174122_FL,TSS,Outflow,397
8.0,-1290174122_FL,TSS,Outflow,397
3.0,-1290174122_FL,TSS,Outflow,398
11.0,-1290174122_FL,TSS,Outflow,398
8.0,-1290174122_FL,TSS,Outflow,398
10.5,-1290174122_FL,TSS,Outflow,398
5.0,-1290174122_FL,TSS,Outflow,398
3.0,-1290174122_FL,TSS,Outflow,399
11.0,-1290174122_FL,TSS,Outflow,399
9.699999809265137,-1290174122_FL,TSS,Outflow,399
6.0,-1290174122_FL,TSS,Outflow,399
3.0,-1290174122_FL,TSS,Outflow,399
16.5,-1290174122_FL,TSS,Outflow,400
10.69999980926514,-1290174122_FL,TSS,Outflow,400
4.0,-1290174122_FL,TSS,Outflow,400
5.699999809265137,-1290174122_FL,TSS,Outflow,400
9.5,-1290174122_FL,TSS,Outflow,400
5.0,-1290174122_FL,TSS,Outflow,401
2.0,-1290174122_FL,TSS,Outflow,401
2.0,-1290174122_FL,TSS,Outflow,401
2.0,-1290174122_FL,TSS,Outflow,401
11.0,-1290174122_FL,TSS,Outflow,401
11.5,-1290174122_FL,TSS,Outflow,402
28.0,-1290174122_FL,TSS,Outflow,402
7.599999904632568,-1290174122_FL,TSS,Outflow,402
7.0,-1290174122_FL,TSS,Outflow,402
5.699999809265137,-1290174122_FL,TSS,Outflow,402
8.0,-1290174122_FL,TSS,Outflow,403
3.0,-1290174122_FL,TSS,Outflow,403
16.5,-1290174122_FL,TSS,Outflow,403
3.0,-1290174122_FL,TSS,Outflow,403
11.0,-1290174122_FL,TSS,Outflow,403
7.599999904632568,-1290174122_FL,TSS,Outflow,404
15.0,-1290174122_FL,TSS,Outflow,404
12.10000038146973,-1290174122_FL,TSS,Outflow,404
0.02999999932944775,-1290174122_FL,TSS,Outflow,404
5.0,-1290174122_FL,TSS,Outflow,404
5.0,-1290174122_FL,TSS,Outflow,405
15.0,-1290174122_FL,TSS,Outflow,405
9.100000381469727,-1290174122_FL,TSS,Outflow,405
5.0,-1290174122_FL,TSS,Outflow,405
7.300000190734863,-1290174122_FL,TSS,Outflow,405
8.0,-1290174122_FL,TSS,Outflow,406
20.29999923706055,-1290174122_FL,TSS,Outflow,406
5.099999904632568,-1290174122_FL,TSS,Outflow,406
3.0,-1290174122_FL,TSS,Outflow,406
7.0,-1290174122_FL,TSS,Outflow,406
5.0,-1290174122_FL,TSS,Outflow,407
1.0,-1290174122_FL,TSS,Outflow,407
5.0,-1290174122_FL,TSS,Outflow,407
15.89999961853027,-1290174122_FL,TSS,Outflow,407
6.0,-1290174122_FL,TSS,Outflow,407
5.0,-1290174122_FL,TSS,Outflow,408
3.0,-1290174122_FL,TSS,Outflow,408
8.0,-1290174122_FL,TSS,Outflow,408
9.0,-1290174122_FL,TSS,Outflow,408
6.0,-1290174122_FL,TSS,Outflow,408
2.0,-1290174122_FL,TSS,Outflow,409
3.0,-1290174122_FL,TSS,Outflow,409
3.0,-1290174122_FL,TSS,Outflow,409
5.0,-1290174122_FL,TSS,Outflow,409
6.0,-1290174122_FL,TSS,Outflow,409
11.5,-1290174122_FL,TSS,Outflow,410
6.0,-1290174122_FL,TSS,Outflow,410
5.0,-1290174122_FL,TSS,Outflow,410
2.0,-1290174122_FL,TSS,Outflow,410
15.0,-1290174122_FL,TSS,Outflow,410
3.0,-1290174122_FL,TSS,Outflow,411
2.0,-1290174122_FL,TSS,Outflow,411
13.69999980926514,-1290174122_FL,TSS,Outflow,411
12.39999961853027,-1290174122_FL,TSS,Outflow,411
7.0,-1290174122_FL,TSS,Outflow,411
0.02999999932944775,-1290174122_FL,TSS,Outflow,412
3.0,-1290174122_FL,TSS,Outflow,412
30.79999923706055,-1290174122_FL,TSS,Outflow,412
7.599999904632568,-1290174122_FL,TSS,Outflow,412
16.0,-1290174122_FL,TSS,Outflow,412
3.0,-1290174122_FL,TSS,Outflow,413
7.0,-1290174122_FL,TSS,Outflow,413
3.0,-1290174122_FL,TSS,Outflow,413
3.0,-1290174122_FL,TSS,Outflow,413
10.0,-1290174122_FL,TSS,Outflow,413
2.0,-1290174122_FL,TSS,Outflow,414
7.599999904632568,-1290174122_FL,TSS,Outflow,414
23.0,-1290174122_FL,TSS,Outflow,414
49.29999923706055,-1290174122_FL,TSS,Outflow,414
3.0,-1290174122_FL,TSS,Outflow,414
2.0,-1290174122_FL,TSS,Outflow,415
15.0,-1290174122_FL,TSS,Outflow,415
3.0,-1290174122_FL,TSS,Outflow,415
8.0,-1290174122_FL,TSS,Outflow,415
7.0,-1290174122_FL,TSS,Outflow,415
6.0,-1290174122_FL,TSS,Outflow,416
3.0,-1290174122_FL,TSS,Outflow,416
47.0,-1290174122_FL,TSS,Outflow,416
20.70000076293945,-1290174122_FL,TSS,Outflow,416
29.39999961853027,-1290174122_FL,TSS,Outflow,416
16.0,-1290174122_FL,TSS,Outflow,417
11.0,-1290174122_FL,TSS,Outflow,417
7.099999904632568,-1290174122_FL,TSS,Outflow,417
5.699999809265137,-1290174122_FL,TSS,Outflow,417
9.899999618530273,-1290174122_FL,TSS,Outflow,417
7.599999904632568,-1290174122_FL,TSS,Outflow,418
29.39999961853027,-1290174122_FL,TSS,Outflow,418
2.0,-1290174122_FL,TSS,Outflow,418
3.0,-1290174122_FL,TSS,Outflow,418
6.0,-1290174122_FL,TSS,Outflow,418
5.0,-1290174122_FL,TSS,Outflow,419
8.0,-1290174122_FL,TSS,Outflow,419
3.0,-1290174122_FL,TSS,Outflow,419
11.0,-1290174122_FL,TSS,Outflow,419
3.0,-1290174122_FL,TSS,Outflow,419
11.5,-1290174122_FL,TSS,Outflow,420
11.0,-1290174122_FL,TSS,Outflow,420
12.10000038146973,-1290174122_FL,TSS,Outflow,420
28.0,-1290174122_FL,TSS,Outflow,420
3.0,-1290174122_FL,TSS,Outflow,420
10.69999980926514,-1290174122_FL,TSS,Outflow,421
2.0,-1290174122_FL,TSS,Outflow,421
9.100000381469727,-1290174122_FL,TSS,Outflow,421
3.0,-1290174122_FL,TSS,Outflow,421
2.0,-1290174122_FL,TSS,Outflow,421
9.100000381469727,-1290174122_FL,TSS,Outflow,422
9.899999618530273,-1290174122_FL,TSS,Outflow,422
7.599999904632568,-1290174122_FL,TSS,Outflow,422
16.0,-1290174122_FL,TSS,Outflow,422
5.300000190734863,-1290174122_FL,TSS,Outflow,422
3.0,-1290174122_FL,TSS,Outflow,423
3.0,-1290174122_FL,TSS,Outflow,423
5.300000190734863,-1290174122_FL,TSS,Outflow,423
2.0,-1290174122_FL,TSS,Outflow,423
3.0,-1290174122_FL,TSS,Outflow,423
23.0,-1290174122_FL,TSS,Outflow,424
5.0,-1290174122_FL,TSS,Outflow,424
6.0,-1290174122_FL,TSS,Outflow,424
7.5,-1290174122_FL,TSS,Outflow,424
13.69999980926514,-1290174122_FL,TSS,Outflow,424
5.0,-1290174122_FL,TSS,Outflow,425
9.699999809265137,-1290174122_FL,TSS,Outflow,425
5.300000190734863,-1290174122_FL,TSS,Outflow,425
23.0,-1290174122_FL,TSS,Outflow,425
5.0,-1290174122_FL,TSS,Outflow,425
5.0,-1290174122_FL,TSS,Outflow,426
28.0,-1290174122_FL,TSS,Outflow,426
5.699999809265137,-1290174122_FL,TSS,Outflow,426
2.0,-1290174122_FL,TSS,Outflow,426
10.5,-1290174122_FL,TSS,Outflow,426
16.0,-1290174122_FL,TSS,Outflow,427
12.10000038146973,-1290174122_FL,TSS,Outflow,427
9.5,-1290174122_FL,TSS,Outflow,427
9.699999809265137,-1290174122_FL,TSS,Outflow,427
10.0,-1290174122_FL,TSS,Outflow,427
7.099999904632568,-1290174122_FL,TSS,Outflow,428
2.0,-1290174122_FL,TSS,Outflow,428
0.02999999932944775,-1290174122_FL,TSS,Outflow,428
23.0,-1290174122_FL,TSS,Outflow,428
29.39999961853027,-1290174122_FL,TSS,Outflow,428
7.0,-1290174122_FL,TSS,Outflow,429
5.0,-1290174122_FL,TSS,Outflow,429
3.0,-1290174122_FL,TSS,Outflow,429
3.0,-1290174122_FL,TSS,Outflow,429
16.60000038146973,-1290174122_FL,TSS,Outflow,429
7.099999904632568,-1290174122_FL,TSS,Outflow,430
3.0,-1290174122_FL,TSS,Outflow,430
8.0,-1290174122_FL,TSS,Outflow,430
3.0,-1290174122_FL,TSS,Outflow,430
2.0,-1290174122_FL,TSS,Outflow,430
2.0,-1290174122_FL,TSS,Outflow,431
5.0,-1290174122_FL,TSS,Outflow,431
8.0,-1290174122_FL,TSS,Outflow,431
1.0,-1290174122_FL,TSS,Outflow,431
3.0,-1290174122_FL,TSS,Outflow,431
3.0,-1290174122_FL,TSS,Outflow,432
9.0,-1290174122_FL,TSS,Outflow,432
5.0,-1290174122_FL,TSS,Outflow,432
5.300000190734863,-1290174122_FL,TSS,Outflow,432
7.0,-1290174122_FL,TSS,Outflow,432
11.5,-1290174122_FL,TSS,Outflow,433
2.0,-1290174122_FL,TSS,Outflow,433
7.5,-1290174122_FL,TSS,Outflow,433
15.89999961853027,-1290174122_FL,TSS,Outflow,433
20.70000076293945,-1290174122_FL,TSS,Outflow,433
9.600000381469727,-1290174122_FL,TSS,Outflow,434
5.699999809265137,-1290174122_FL,TSS,Outflow,434
3.0,-1290174122_FL,TSS,Outflow,434
3.0,-1290174122_FL,TSS,Outflow,434
19.0,-1290174122_FL,TSS,Outflow,434
7.0,-1290174122_FL,TSS,Outflow,435
5.699999809265137,-1290174122_FL,TSS,Outflow,435
30.79999923706055,-1290174122_FL,TSS,Outflow,435
20.29999923706055,-1290174122_FL,TSS,Outflow,435
19.0,-1290174122_FL,TSS,Outflow,435
3.0,-1290174122_FL,TSS,Outflow,436
47.0,-1290174122_FL,TSS,Outflow,436
12.39999961853027,-1290174122_FL,TSS,Outflow,436
3.0,-1290174122_FL,TSS,Outflow,436
10.0,-1290174122_FL,TSS,Outflow,436
9.5,-1290174122_FL,TSS,Outflow,437
3.0,-1290174122_FL,TSS,Outflow,437
3.0,-1290174122_FL,TSS,Outflow,437
11.0,-1290174122_FL,TSS,Outflow,437
2.0,-1290174122_FL,TSS,Outflow,437
9.5,-1290174122_FL,TSS,Outflow,438
5.0,-1290174122_FL,TSS,Outflow,438
2.0,-1290174122_FL,TSS,Outflow,438
8.0,-1290174122_FL,TSS,Outflow,438
47.0,-1290174122_FL,TSS,Outflow,438
49.29999923706055,-1290174122_FL,TSS,Outflow,439
2.0,-1290174122_FL,TSS,Outflow,439
10.0,-1290174122_FL,TSS,Outflow,439
7.5,-1290174122_FL,TSS,Outflow,439
7.099999904632568,-1290174122_FL,TSS,Outflow,439
7.599999904632568,-1290174122_FL,TSS,Outflow,440
2.0,-1290174122_FL,TSS,Outflow,440
10.5,-1290174122_FL,TSS,Outflow,440
16.60000038146973,-1290174122_FL,TSS,Outflow,440
6.0,-1290174122_FL,TSS,Outflow,440
3.0,-1290174122_FL,TSS,Outflow,441
2.0,-1290174122_FL,TSS,Outflow,441
9.100000381469727,-1290174122_FL,TSS,Outflow,441
10.69999980926514,-1290174122_FL,TSS,Outflow,441
5.300000190734863,-1290174122_FL,TSS,Outflow,441
7.099999904632568,-1290174122_FL,TSS,Outflow,442
1.0,-1290174122_FL,TSS,Outflow,442
9.899999618530273,-1290174122_FL,TSS,Outflow,442
49.29999923706055,-1290174122_FL,TSS,Outflow,442
11.5,-1290174122_FL,TSS,Outflow,442
6.0,-1290174122_FL,TSS,Outflow,443
1.0,-1290174122_FL,TSS,Outflow,443
8.0,-1290174122_FL,TSS,Outflow,443
15.89999961853027,-1290174122_FL,TSS,Outflow,443
3.0,-1290174122_FL,TSS,Outflow,443
28.0,-1290174122_FL,TSS,Outflow,444
0.02999999932944775,-1290174122_FL,TSS,Outflow,444
7.0,-1290174122_FL,TSS,Outflow,444
7.099999904632568,-1290174122_FL,TSS,Outflow,444
11.5,-1290174122_FL,TSS,Outflow,444
28.0,-1290174122_FL,TSS,Outflow,445
3.0,-1290174122_FL,TSS,Outflow,445
3.0,-1290174122_FL,TSS,Outflow,445
8.0,-1290174122_FL,TSS,Outflow,445
16.0,-1290174122_FL,TSS,Outflow,445
10.0,-1290174122_FL,TSS,Outflow,446
2.0,-1290174122_FL,TSS,Outflow,446
20.70000076293945,-1290174122_FL,TSS,Outflow,446
5.0,-1290174122_FL,TSS,Outflow,446
8.0,-1290174122_FL,TSS,Outflow,446
16.70000076293945,-1290174122_FL,TSS,Outflow,447
30.79999923706055,-1290174122_FL,TSS,Outflow,447
29.39999961853027,-1290174122_FL,TSS,Outflow,447
3.0,-1290174122_FL,TSS,Outflow,447
7.0,-1290174122_FL,TSS,Outflow,447
20.29999923706055,-1290174122_FL,TSS,Outflow,448
15.0,-1290174122_FL,TSS,Outflow,448
12.39999961853027,-1290174122_FL,TSS,Outflow,448
5.0,-1290174122_FL,TSS,Outflow,448
19.0,-1290174122_FL,TSS,Outflow,448
12.39999961853027,-1290174122_FL,TSS,Outflow,449
5.0,-1290174122_FL,TSS,Outflow,449
15.0,-1290174122_FL,TSS,Outflow,449
7.300000190734863,-1290174122_FL,TSS,Outflow,449
7.900000095367432,-1290174122_FL,TSS,Outflow,449
16.5,-1290174122_FL,TSS,Outflow,450
3.0,-1290174122_FL,TSS,Outflow,450
8.0,-1290174122_FL,TSS,Outflow,450
3.0,-1290174122_FL,TSS,Outflow,450
3.0,-1290174122_FL,TSS,Outflow,450
16.0,-1290174122_FL,TSS,Outflow,451
29.39999961853027,-1290174122_FL,TSS,Outflow,451
4.0,-1290174122_FL,TSS,Outflow,451
5.0,-1290174122_FL,TSS,Outflow,451
3.0,-1290174122_FL,TSS,Outflow,451
10.0,-1290174122_FL,TSS,Outflow,452
7.0,-1290174122_FL,TSS,Outflow,452
3.0,-1290174122_FL,TSS,Outflow,452
8.0,-1290174122_FL,TSS,Outflow,452
3.0,-1290174122_FL,TSS,Outflow,452
3.0,-1290174122_FL,TSS,Outflow,453
47.0,-1290174122_FL,TSS,Outflow,453
3.0,-1290174122_FL,TSS,Outflow,453
5.0,-1290174122_FL,TSS,Outflow,453
15.89999961853027,-1290174122_FL,TSS,Outflow,453
7.0,-1290174122_FL,TSS,Outflow,454
2.0,-1290174122_FL,TSS,Outflow,454
2.0,-1290174122_FL,TSS,Outflow,454
7.0,-1290174122_FL,TSS,Outflow,454
9.899999618530273,-1290174122_FL,TSS,Outflow,454
9.699999809265137,-1290174122_FL,TSS,Outflow,455
1.0,-1290174122_FL,TSS,Outflow,455
1.0,-1290174122_FL,TSS,Outflow,455
7.0,-1290174122_FL,TSS,Outflow,455
7.5,-1290174122_FL,TSS,Outflow,455
5.300000190734863,-1290174122_FL,TSS,Outflow,456
7.300000190734863,-1290174122_FL,TSS,Outflow,456
2.0,-1290174122_FL,TSS,Outflow,456
16.70000076293945,-1290174122_FL,TSS,Outflow,456
30.79999923706055,-1290174122_FL,TSS,Outflow,456
3.0,-1290174122_FL,TSS,Outflow,457
7.599999904632568,-1290174122_FL,TSS,Outflow,457
6.0,-1290174122_FL,TSS,Outflow,457
15.89999961853027,-1290174122_FL,TSS,Outflow,457
10.0,-1290174122_FL,TSS,Outflow,457
12.10000038146973,-1290174122_FL,TSS,Outflow,458
16.0,-1290174122_FL,TSS,Outflow,458
10.0,-1290174122_FL,TSS,Outflow,458
3.0,-1290174122_FL,TSS,Outflow,458
7.0,-1290174122_FL,TSS,Outflow,458
0.02999999932944775,-1290174122_FL,TSS,Outflow,459
5.699999809265137,-1290174122_FL,TSS,Outflow,459
7.0,-1290174122_FL,TSS,Outflow,459
16.5,-1290174122_FL,TSS,Outflow,459
5.0,-1290174122_FL,TSS,Outflow,459
12.39999961853027,-1290174122_FL,TSS,Outflow,460
16.0,-1290174122_FL,TSS,Outflow,460
15.89999961853027,-1290174122_FL,TSS,Outflow,460
3.0,-1290174122_FL,TSS,Outflow,460
8.0,-1290174122_FL,TSS,Outflow,460
3.0,-1290174122_FL,TSS,Outflow,461
6.0,-1290174122_FL,TSS,Outflow,461
4.0,-1290174122_FL,TSS,Outflow,461
7.099999904632568,-1290174122_FL,TSS,Outflow,461
3.0,-1290174122_FL,TSS,Outflow,461
8.0,-1290174122_FL,TSS,Outflow,462
19.0,-1290174122_FL,TSS,Outflow,462
20.70000076293945,-1290174122_FL,TSS,Outflow,462
49.29999923706055,-1290174122_FL,TSS,Outflow,462
16.70000076293945,-1290174122_FL,TSS,Outflow,462
10.5,-1290174122_FL,TSS,Outflow,463
3.0,-1290174122_FL,TSS,Outflow,463
7.0,-1290174122_FL,TSS,Outflow,463
5.099999904632568,-1290174122_FL,TSS,Outflow,463
10.0,-1290174122_FL,TSS,Outflow,463
4.0,-1290174122_FL,TSS,Outflow,464
9.699999809265137,-1290174122_FL,TSS,Outflow,464
3.0,-1290174122_FL,TSS,Outflow,464
15.0,-1290174122_FL,TSS,Outflow,464
2.0,-1290174122_FL,TSS,Outflow,464
13.69999980926514,-1290174122_FL,TSS,Outflow,465
6.0,-1290174122_FL,TSS,Outflow,465
9.600000381469727,-1290174122_FL,TSS,Outflow,465
5.0,-1290174122_FL,TSS,Outflow,465
2.0,-1290174122_FL,TSS,Outflow,465
8.0,-1290174122_FL,TSS,Outflow,466
16.0,-1290174122_FL,TSS,Outflow,466
3.0,-1290174122_FL,TSS,Outflow,466
3.0,-1290174122_FL,TSS,Outflow,466
5.0,-1290174122_FL,TSS,Outflow,466
9.100000381469727,-1290174122_FL,TSS,Outflow,467
7.099999904632568,-1290174122_FL,TSS,Outflow,467
10.5,-1290174122_FL,TSS,Outflow,467
3.0,-1290174122_FL,TSS,Outflow,467
3.0,-1290174122_FL,TSS,Outflow,467
5.0,-1290174122_FL,TSS,Outflow,468
28.0,-1290174122_FL,TSS,Outflow,468
16.70000076293945,-1290174122_FL,TSS,Outflow,468
8.0,-1290174122_FL,TSS,Outflow,468
6.0,-1290174122_FL,TSS,Outflow,468
2.0,-1290174122_FL,TSS,Outflow,469
4.0,-1290174122_FL,TSS,Outflow,469
9.899999618530273,-1290174122_FL,TSS,Outflow,469
0.02999999932944775,-1290174122_FL,TSS,Outflow,469
5.099999904632568,-1290174122_FL,TSS,Outflow,469
2.0,-1290174122_FL,TSS,Outflow,470
6.0,-1290174122_FL,TSS,Outflow,470
7.300000190734863,-1290174122_FL,TSS,Outflow,470
4.0,-1290174122_FL,TSS,Outflow,470
7.5,-1290174122_FL,TSS,Outflow,470
3.0,-1290174122_FL,TSS,Outflow,471
5.699999809265137,-1290174122_FL,TSS,Outflow,471
47.0,-1290174122_FL,TSS,Outflow,471
3.0,-1290174122_FL,TSS,Outflow,471
29.39999961853027,-1290174122_FL,TSS,Outflow,471
15.89999961853027,-1290174122_FL,TSS,Outflow,472
10.0,-1290174122_FL,TSS,Outflow,472
7.599999904632568,-1290174122_FL,TSS,Outflow,472
19.0,-1290174122_FL,TSS,Outflow,472
6.0,-1290174122_FL,TSS,Outflow,472
3.0,-1290174122_FL,TSS,Outflow,473
8.0,-1290174122_FL,TSS,Outflow,473
4.0,-1290174122_FL,TSS,Outflow,473
3.0,-1290174122_FL,TSS,Outflow,473
16.60000038146973,-1290174122_FL,TSS,Outflow,473
7.0,-1290174122_FL,TSS,Outflow,474
11.0,-1290174122_FL,TSS,Outflow,474
5.0,-1290174122_FL,TSS,Outflow,474
10.0,-1290174122_FL,TSS,Outflow,474
5.0,-1290174122_FL,TSS,Outflow,474
16.60000038146973,-1290174122_FL,TSS,Outflow,475
7.0,-1290174122_FL,TSS,Outflow,475
9.699999809265137,-1290174122_FL,TSS,Outflow,475
16.0,-1290174122_FL,TSS,Outflow,475
8.0,-1290174122_FL,TSS,Outflow,475
3.0,-1290174122_FL,TSS,Outflow,476
3.0,-1290174122_FL,TSS,Outflow,476
5.0,-1290174122_FL,TSS,Outflow,476
10.69999980926514,-1290174122_FL,TSS,Outflow,476
1.0,-1290174122_FL,TSS,Outflow,476
5.0,-1290174122_FL,TSS,Outflow,477
3.0,-1290174122_FL,TSS,Outflow,477
30.79999923706055,-1290174122_FL,TSS,Outflow,477
5.0,-1290174122_FL,TSS,Outflow,477
15.89999961853027,-1290174122_FL,TSS,Outflow,477
2.0,-1290174122_FL,TSS,Outflow,478
3.0,-1290174122_FL,TSS,Outflow,478
3.0,-1290174122_FL,TSS,Outflow,478
30.79999923706055,-1290174122_FL,TSS,Outflow,478
7.5,-1290174122_FL,TSS,Outflow,478
5.300000190734863,-1290174122_FL,TSS,Outflow,479
9.699999809265137,-1290174122_FL,TSS,Outflow,479
13.69999980926514,-1290174122_FL,TSS,Outflow,479
20.70000076293945,-1290174122_FL,TSS,Outflow,479
6.0,-1290174122_FL,TSS,Outflow,479
5.0,-1290174122_FL,TSS,Outflow,480
4.0,-1290174122_FL,TSS,Outflow,480
3.0,-1290174122_FL,TSS,Outflow,480
8.0,-1290174122_FL,TSS,Outflow,480
29.39999961853027,-1290174122_FL,TSS,Outflow,480
19.0,-1290174122_FL,TSS,Outflow,481
5.099999904632568,-1290174122_FL,TSS,Outflow,481
3.0,-1290174122_FL,TSS,Outflow,481
3.0,-1290174122_FL,TSS,Outflow,481
3.0,-1290174122_FL,TSS,Outflow,481
5.0,-1290174122_FL,TSS,Outflow,482
7.599999904632568,-1290174122_FL,TSS,Outflow,482
28.0,-1290174122_FL,TSS,Outflow,482
2.0,-1290174122_FL,TSS,Outflow,482
30.79999923706055,-1290174122_FL,TSS,Outflow,482
6.0,-1290174122_FL,TSS,Outflow,483
19.0,-1290174122_FL,TSS,Outflow,483
3.0,-1290174122_FL,TSS,Outflow,483
4.0,-1290174122_FL,TSS,Outflow,483
2.0,-1290174122_FL,TSS,Outflow,483
8.0,-1290174122_FL,TSS,Outflow,484
19.0,-1290174122_FL,TSS,Outflow,484
3.0,-1290174122_FL,TSS,Outflow,484
11.5,-1290174122_FL,TSS,Outflow,484
15.0,-1290174122_FL,TSS,Outflow,484
2.0,-1290174122_FL,TSS,Outflow,485
3.0,-1290174122_FL,TSS,Outflow,485
4.0,-1290174122_FL,TSS,Outflow,485
5.0,-1290174122_FL,TSS,Outflow,485
12.39999961853027,-1290174122_FL,TSS,Outflow,485
16.5,-1290174122_FL,TSS,Outflow,486
6.0,-1290174122_FL,TSS,Outflow,486
20.70000076293945,-1290174122_FL,TSS,Outflow,486
11.5,-1290174122_FL,TSS,Outflow,486
2.0,-1290174122_FL,TSS,Outflow,486
2.0,-1290174122_FL,TSS,Outflow,487
5.0,-1290174122_FL,TSS,Outflow,487
9.100000381469727,-1290174122_FL,TSS,Outflow,487
7.300000190734863,-1290174122_FL,TSS,Outflow,487
7.5,-1290174122_FL,TSS,Outflow,487
16.0,-1290174122_FL,TSS,Outflow,488
8.0,-1290174122_FL,TSS,Outflow,488
6.0,-1290174122_FL,TSS,Outflow,488
9.899999618530273,-1290174122_FL,TSS,Outflow,488
5.0,-1290174122_FL,TSS,Outflow,488
2.0,-1290174122_FL,TSS,Outflow,489
3.0,-1290174122_FL,TSS,Outflow,489
7.599999904632568,-1290174122_FL,TSS,Outflow,489
10.69999980926514,-1290174122_FL,TSS,Outflow,489
10.5,-1290174122_FL,TSS,Outflow,489
1.0,-1290174122_FL,TSS,Outflow,490
4.0,-1290174122_FL,TSS,Outflow,490
15.0,-1290174122_FL,TSS,Outflow,490
1.0,-1290174122_FL,TSS,Outflow,490
11.0,-1290174122_FL,TSS,Outflow,490
30.79999923706055,-1290174122_FL,TSS,Outflow,491
10.69999980926514,-1290174122_FL,TSS,Outflow,491
9.5,-1290174122_FL,TSS,Outflow,491
5.0,-1290174122_FL,TSS,Outflow,491
3.0,-1290174122_FL,TSS,Outflow,491
12.10000038146973,-1290174122_FL,TSS,Outflow,492
5.0,-1290174122_FL,TSS,Outflow,492
1.0,-1290174122_FL,TSS,Outflow,492
7.5,-1290174122_FL,TSS,Outflow,492
30.79999923706055,-1290174122_FL,TSS,Outflow,492
4.0,-1290174122_FL,TSS,Outflow,493
11.5,-1290174122_FL,TSS,Outflow,493
10.0,-1290174122_FL,TSS,Outflow,493
2.0,-1290174122_FL,TSS,Outflow,493
3.0,-1290174122_FL,TSS,Outflow,493
5.0,-1290174122_FL,TSS,Outflow,494
16.5,-1290174122_FL,TSS,Outflow,494
49.29999923706055,-1290174122_FL,TSS,Outflow,494
3.0,-1290174122_FL,TSS,Outflow,494
47.0,-1290174122_FL,TSS,Outflow,494
30.79999923706055,-1290174122_FL,TSS,Outflow,495
15.89999961853027,-1290174122_FL,TSS,Outflow,495
3.0,-1290174122_FL,TSS,Outflow,495
8.0,-1290174122_FL,TSS,Outflow,495
7.099999904632568,-1290174122_FL,TSS,Outflow,495
4.0,-1290174122_FL,TSS,Outflow,496
2.0,-1290174122_FL,TSS,Outflow,496
9.5,-1290174122_FL,TSS,Outflow,496
19.0,-1290174122_FL,TSS,Outflow,496
15.0,-1290174122_FL,TSS,Outflow,496
3.0,-1290174122_FL,TSS,Outflow,497
5.300000190734863,-1290174122_FL,TSS,Outflow,497
4.0,-1290174122_FL,TSS,Outflow,497
5.0,-1290174122_FL,TSS,Outflow,497
4.0,-1290174122_FL,TSS,Outflow,497
8.0,-1290174122_FL,TSS,Outflow,498
3.0,-1290174122_FL,TSS,Outflow,498
3.0,-1290174122_FL,TSS,Outflow,498
5.0,-1290174122_FL,TSS,Outflow,498
5.0,-1290174122_FL,TSS,Outflow,498
8.0,-1290174122_FL,TSS,Outflow,499
11.0,-1290174122_FL,TSS,Outflow,499
5.0,-1290174122_FL,TSS,Outflow,499
2.0,-1290174122_FL,TSS,Outflow,499
19.0,-1290174122_FL,TSS,Outflow,499
5.699999809265137,-1290174122_FL,TSS,Outflow,500
12.39999961853027,-1290174122_FL,TSS,Outflow,500
4.0,-1290174122_FL,TSS,Outflow,500
3.0,-1290174122_FL,TSS,Outflow,500
6.0,-1290174122_FL,TSS,Outflow,500
