N,Quartile,median,std,rpd,Location,Flow,Analyte,NumObservations,NearMedianDetectionLimit,NumObservationsBelowDetect,changeRPD,percentOriginal,skewnessCategory,skewnessValue,coefficientOfVariation,averageAnnualMonthsSampled,inductionRatio,distributionCategory,RainZone
n=5,0.1,2.7992000102996824,0.6773458904529198,24.211651976944832,1601357644_FL,Outflow,TSS,39,0,0,0.0,12.82051282051282,heavy_right_skew,1.499699954748692,0.5937359041734595,4,7.0,IGAMMA,3
n=5,0.25,3.2999999523162837,0.9070980351311421,21.170915297023157,1601357644_FL,Outflow,TSS,39,0,0,0.0,12.82051282051282,heavy_right_skew,1.499699954748692,0.5937359041734595,4,7.0,IGAMMA,3
n=5,0.5,4.320000171661377,1.2478907500189103,19.82957097058828,1601357644_FL,Outflow,TSS,39,0,0,0.0,12.82051282051282,heavy_right_skew,1.499699954748692,0.5937359041734595,4,7.0,IGAMMA,3
n=5,0.75,6.25,1.9763252788509331,23.372437968632386,1601357644_FL,Outflow,TSS,39,0,0,0.0,12.82051282051282,heavy_right_skew,1.499699954748692,0.5937359041734595,4,7.0,IGAMMA,3
n=5,0.9,7.606000137329102,2.42418517661043,28.65158093486489,1601357644_FL,Outflow,TSS,39,0,0,0.0,12.82051282051282,heavy_right_skew,1.499699954748692,0.5937359041734595,4,7.0,IGAMMA,3
n=10,0.1,2.5202000617980955,0.4647740587295262,15.959141502685254,1601357644_FL,Outflow,TSS,39,0,0,8.252510474259578,25.64102564102564,heavy_right_skew,1.499699954748692,0.5937359041734595,4,7.0,IGAMMA,3
n=10,0.25,3.1875000596046443,0.5684942835283312,14.08040078331183,1601357644_FL,Outflow,TSS,39,0,0,7.090514513711327,25.64102564102564,heavy_right_skew,1.499699954748692,0.5937359041734595,4,7.0,IGAMMA,3
n=10,0.5,4.383300065994263,0.7807110815962999,13.50692797184547,1601357644_FL,Outflow,TSS,39,0,0,6.322642998742809,25.64102564102564,heavy_right_skew,1.499699954748692,0.5937359041734595,4,7.0,IGAMMA,3
n=10,0.75,6.1437748670578,1.5083910926708024,17.025410446417457,1601357644_FL,Outflow,TSS,39,0,0,6.34702752221493,25.64102564102564,heavy_right_skew,1.499699954748692,0.5937359041734595,4,7.0,IGAMMA,3
n=10,0.9,7.997000074386596,2.5369344462290218,24.83723030884134,1601357644_FL,Outflow,TSS,39,0,0,3.814350626023547,25.64102564102564,heavy_right_skew,1.499699954748692,0.5937359041734595,4,7.0,IGAMMA,3
n=15,0.1,2.3923999309539794,0.32589676113754573,10.570216296814703,1601357644_FL,Outflow,TSS,39,0,0,5.388925205870551,38.46153846153847,heavy_right_skew,1.499699954748692,0.5937359041734595,4,7.0,IGAMMA,3
n=15,0.25,3.101300001144409,0.43320466049015044,10.60144707972733,1601357644_FL,Outflow,TSS,39,0,0,3.4789537035844997,38.46153846153847,heavy_right_skew,1.499699954748692,0.5937359041734595,4,7.0,IGAMMA,3
n=15,0.5,4.320000171661377,0.5706215836349039,8.844452156261278,1601357644_FL,Outflow,TSS,39,0,0,4.662475815584191,38.46153846153847,heavy_right_skew,1.499699954748692,0.5937359041734595,4,7.0,IGAMMA,3
n=15,0.75,6.320849895477295,0.9601223475443706,11.882235593460502,1601357644_FL,Outflow,TSS,39,0,0,5.143174852956955,38.46153846153847,heavy_right_skew,1.499699954748692,0.5937359041734595,4,7.0,IGAMMA,3
n=15,0.9,8.282000160217285,2.116296991642662,20.822233475905318,1601357644_FL,Outflow,TSS,39,0,0,4.014996832936024,38.46153846153847,heavy_right_skew,1.499699954748692,0.5937359041734595,4,7.0,IGAMMA,3
n=20,0.1,2.2899999618530273,0.2725805515709287,8.375386895351724,1601357644_FL,Outflow,TSS,39,0,0,2.194829401462979,51.28205128205128,heavy_right_skew,1.499699954748692,0.5937359041734595,4,7.0,IGAMMA,3
n=20,0.25,3.135650038719177,0.33903296235332814,8.355135351349867,1601357644_FL,Outflow,TSS,39,0,0,2.2463117283774636,51.28205128205128,heavy_right_skew,1.499699954748692,0.5937359041734595,4,7.0,IGAMMA,3
n=20,0.5,4.337300062179565,0.396754217450567,6.281926872512478,1601357644_FL,Outflow,TSS,39,0,0,2.5625252837488004,51.28205128205128,heavy_right_skew,1.499699954748692,0.5937359041734595,4,7.0,IGAMMA,3
n=20,0.75,6.377499938011169,0.698923241703691,8.686649434730217,1601357644_FL,Outflow,TSS,39,0,0,3.1955861587302845,51.28205128205128,heavy_right_skew,1.499699954748692,0.5937359041734595,4,7.0,IGAMMA,3
n=20,0.9,8.859000205993658,2.0898714081528427,19.36111370418336,1601357644_FL,Outflow,TSS,39,0,0,1.4611197717219575,51.28205128205128,heavy_right_skew,1.499699954748692,0.5937359041734595,4,7.0,IGAMMA,3
n=25,0.1,2.284000062942505,0.20694820102789785,6.328264115120436,1601357644_FL,Outflow,TSS,39,0,0,2.0471227802312884,64.1025641025641,heavy_right_skew,1.499699954748692,0.5937359041734595,4,7.0,IGAMMA,3
n=25,0.25,3.170000076293945,0.26095908580585236,6.755597410521287,1601357644_FL,Outflow,TSS,39,0,0,1.5995379408285801,64.1025641025641,heavy_right_skew,1.499699954748692,0.5937359041734595,4,7.0,IGAMMA,3
n=25,0.5,4.320000171661377,0.28795496387680963,4.144946090225844,1601357644_FL,Outflow,TSS,39,0,0,2.136980782286634,64.1025641025641,heavy_right_skew,1.499699954748692,0.5937359041734595,4,7.0,IGAMMA,3
n=25,0.75,6.269999980926514,0.5952463563012321,6.915729893218894,1601357644_FL,Outflow,TSS,39,0,0,1.770919541511323,64.1025641025641,heavy_right_skew,1.499699954748692,0.5937359041734595,4,7.0,IGAMMA,3
n=25,0.9,10.376000022888189,1.7192467200966408,17.247089178426258,1601357644_FL,Outflow,TSS,39,0,0,2.1140245257571024,64.1025641025641,heavy_right_skew,1.499699954748692,0.5937359041734595,4,7.0,IGAMMA,3
n=5,0.1,1.1314000189304347,0.393115105035067,31.73945100880414,-1693589722_FL,Outflow,TSS,80,0,0,0.0,6.25,heavy_right_skew,5.761810676085673,1.576100837855911,7,287.7777550397105,BCPE,3
n=5,0.25,1.39300000667572,0.4697982055473429,25.798917871104855,-1693589722_FL,Outflow,TSS,80,0,0,0.0,6.25,heavy_right_skew,5.761810676085673,1.576100837855911,7,287.7777550397105,BCPE,3
n=5,0.5,1.802000045776367,0.8200006679186888,24.460423375129803,-1693589722_FL,Outflow,TSS,80,0,0,0.0,6.25,heavy_right_skew,5.761810676085673,1.576100837855911,7,287.7777550397105,BCPE,3
n=5,0.75,2.45799994468689,1.559550232387754,35.7689026457907,-1693589722_FL,Outflow,TSS,80,0,0,0.0,6.25,heavy_right_skew,5.761810676085673,1.576100837855911,7,287.7777550397105,BCPE,3
n=5,0.9,4.146599960327149,5.580439128844351,54.72157720309696,-1693589722_FL,Outflow,TSS,80,0,0,0.0,6.25,heavy_right_skew,5.761810676085673,1.576100837855911,7,287.7777550397105,BCPE,3
n=10,0.1,0.9659999489784239,0.25433689379576463,17.89520773330793,-1693589722_FL,Outflow,TSS,80,0,0,13.844243275496208,12.5,heavy_right_skew,5.761810676085673,1.576100837855911,7,287.7777550397105,BCPE,3
n=10,0.25,1.2915000021457668,0.30919919840231164,18.295865892240993,-1693589722_FL,Outflow,TSS,80,0,0,7.503051978863862,12.5,heavy_right_skew,5.761810676085673,1.576100837855911,7,287.7777550397105,BCPE,3
n=10,0.5,1.802000045776367,0.4389446694522052,15.4712277560482,-1693589722_FL,Outflow,TSS,80,0,0,8.989195619081602,12.5,heavy_right_skew,5.761810676085673,1.576100837855911,7,287.7777550397105,BCPE,3
n=10,0.75,2.613750010728836,1.1763493867520902,27.183389877431658,-1693589722_FL,Outflow,TSS,80,0,0,8.585512768359045,12.5,heavy_right_skew,5.761810676085673,1.576100837855911,7,287.7777550397105,BCPE,3
n=10,0.9,4.615849947929382,2.963589314738104,40.233553318232836,-1693589722_FL,Outflow,TSS,80,0,0,14.488023884864127,12.5,heavy_right_skew,5.761810676085673,1.576100837855911,7,287.7777550397105,BCPE,3
n=15,0.1,0.9609999895095824,0.17288348716384047,12.363132595215536,-1693589722_FL,Outflow,TSS,80,0,0,5.532075138092395,18.75,heavy_right_skew,5.761810676085673,1.576100837855911,7,287.7777550397105,BCPE,3
n=15,0.25,1.2540000081062315,0.2312216705372616,14.261418280692814,-1693589722_FL,Outflow,TSS,80,0,0,4.034447611548179,18.75,heavy_right_skew,5.761810676085673,1.576100837855911,7,287.7777550397105,BCPE,3
n=15,0.5,1.802000045776367,0.26435174304999814,9.023978780406821,-1693589722_FL,Outflow,TSS,80,0,0,6.447248975641379,18.75,heavy_right_skew,5.761810676085673,1.576100837855911,7,287.7777550397105,BCPE,3
n=15,0.75,2.706249952316284,0.8575238584989906,20.732210996520838,-1693589722_FL,Outflow,TSS,80,0,0,6.45117888091082,18.75,heavy_right_skew,5.761810676085673,1.576100837855911,7,287.7777550397105,BCPE,3
n=15,0.9,4.975999975204466,2.3544842369148844,31.877593752846412,-1693589722_FL,Outflow,TSS,80,0,0,8.355959565386424,18.75,heavy_right_skew,5.761810676085673,1.576100837855911,7,287.7777550397105,BCPE,3
n=20,0.1,0.9371000230312347,0.12450763037803195,8.318369479168183,-1693589722_FL,Outflow,TSS,80,0,0,4.044763116047353,25.0,heavy_right_skew,5.761810676085673,1.576100837855911,7,287.7777550397105,BCPE,3
n=20,0.25,1.2475000023841858,0.20666302967892677,12.51673943631787,-1693589722_FL,Outflow,TSS,80,0,0,1.7446788443749437,25.0,heavy_right_skew,5.761810676085673,1.576100837855911,7,287.7777550397105,BCPE,3
n=20,0.5,1.802000045776367,0.22843859262832042,8.253272551904574,-1693589722_FL,Outflow,TSS,80,0,0,0.770706228502247,25.0,heavy_right_skew,5.761810676085673,1.576100837855911,7,287.7777550397105,BCPE,3
n=20,0.75,2.76500004529953,0.7214258512263432,17.72664200072674,-1693589722_FL,Outflow,TSS,80,0,0,3.0055689957940963,25.0,heavy_right_skew,5.761810676085673,1.576100837855911,7,287.7777550397105,BCPE,3
n=20,0.9,5.29010009765625,1.7512617283532355,25.7708872577155,-1693589722_FL,Outflow,TSS,80,0,0,6.106706495130911,25.0,heavy_right_skew,5.761810676085673,1.576100837855911,7,287.7777550397105,BCPE,3
n=25,0.1,0.9394000053405762,0.10441740706576064,7.0137419399363035,-1693589722_FL,Outflow,TSS,80,0,0,1.3046275392318796,31.25,heavy_right_skew,5.761810676085673,1.576100837855911,7,287.7777550397105,BCPE,3
n=25,0.25,1.25,0.19392000913769203,11.332192158514358,-1693589722_FL,Outflow,TSS,80,0,0,1.184547277803512,31.25,heavy_right_skew,5.761810676085673,1.576100837855911,7,287.7777550397105,BCPE,3
n=25,0.5,1.802000045776367,0.18281380393222496,5.579699347999608,-1693589722_FL,Outflow,TSS,80,0,0,2.673573203904966,31.25,heavy_right_skew,5.761810676085673,1.576100837855911,7,287.7777550397105,BCPE,3
n=25,0.75,2.789999961853027,0.7205175736828295,16.65230371917014,-1693589722_FL,Outflow,TSS,80,0,0,1.074338281556603,31.25,heavy_right_skew,5.761810676085673,1.576100837855911,7,287.7777550397105,BCPE,3
n=25,0.9,5.458599948883057,1.5362776555956168,22.073746690715563,-1693589722_FL,Outflow,TSS,80,0,0,3.6971405669999378,31.25,heavy_right_skew,5.761810676085673,1.576100837855911,7,287.7777550397105,BCPE,3
n=5,0.1,3.4,1.8752559407856637,40.85195439152869,-1290174122_FL,Outflow,TSS,89,0,0,0.0,5.617977528089887,heavy_right_skew,2.4012420456235803,0.9292752957384032,4,1643.3333446333804,exGAUS,3
n=5,0.25,5.0,2.5033911741893777,43.656775019657935,-1290174122_FL,Outflow,TSS,89,0,0,0.0,5.617977528089887,heavy_right_skew,2.4012420456235803,0.9292752957384032,4,1643.3333446333804,exGAUS,3
n=5,0.5,7.0999999046325675,3.305201458101584,35.29123254616326,-1290174122_FL,Outflow,TSS,89,0,0,0.0,5.617977528089887,heavy_right_skew,2.4012420456235803,0.9292752957384032,4,1643.3333446333804,exGAUS,3
n=5,0.75,10.5,4.786732538451305,33.507181884124,-1290174122_FL,Outflow,TSS,89,0,0,0.0,5.617977528089887,heavy_right_skew,2.4012420456235803,0.9292752957384032,4,1643.3333446333804,exGAUS,3
n=5,0.9,14.489999771118162,8.123212648568929,40.72828814378732,-1290174122_FL,Outflow,TSS,89,0,0,0.0,5.617977528089887,heavy_right_skew,2.4012420456235803,0.9292752957384032,4,1643.3333446333804,exGAUS,3
n=10,0.1,2.9,0.9662610643540289,22.45266894000762,-1290174122_FL,Outflow,TSS,89,0,0,18.399285451521074,11.235955056179774,heavy_right_skew,2.4012420456235803,0.9292752957384032,4,1643.3333446333804,exGAUS,3
n=10,0.25,3.75,1.4245812071292958,30.656327260240268,-1290174122_FL,Outflow,TSS,89,0,0,13.000447759417668,11.235955056179774,heavy_right_skew,2.4012420456235803,0.9292752957384032,4,1643.3333446333804,exGAUS,3
n=10,0.5,7.049999952316284,2.1924264431662195,24.07457190440245,-1290174122_FL,Outflow,TSS,89,0,0,11.216660641760807,11.235955056179774,heavy_right_skew,2.4012420456235803,0.9292752957384032,4,1643.3333446333804,exGAUS,3
n=10,0.75,10.75,3.6036122043210734,24.128241698081805,-1290174122_FL,Outflow,TSS,89,0,0,9.378940186042197,11.235955056179774,heavy_right_skew,2.4012420456235803,0.9292752957384032,4,1643.3333446333804,exGAUS,3
n=10,0.9,16.404999828338617,6.378875649471757,28.882658726548637,-1290174122_FL,Outflow,TSS,89,0,0,11.84562941723868,11.235955056179774,heavy_right_skew,2.4012420456235803,0.9292752957384032,4,1643.3333446333804,exGAUS,3
n=15,0.1,3.0,0.7554747784944487,20.21448697888179,-1290174122_FL,Outflow,TSS,89,0,0,2.2381819611258287,16.853932584269664,heavy_right_skew,2.4012420456235803,0.9292752957384032,4,1643.3333446333804,exGAUS,3
n=15,0.25,3.5,1.1454005592254668,26.593844742979865,-1290174122_FL,Outflow,TSS,89,0,0,4.062482517260403,16.853932584269664,heavy_right_skew,2.4012420456235803,0.9292752957384032,4,1643.3333446333804,exGAUS,3
n=15,0.5,7.0999999046325675,1.7165021413117578,19.403869021653996,-1290174122_FL,Outflow,TSS,89,0,0,4.670702882748454,16.853932584269664,heavy_right_skew,2.4012420456235803,0.9292752957384032,4,1643.3333446333804,exGAUS,3
n=15,0.75,11.400000095367435,2.761605955230919,18.91193203622992,-1290174122_FL,Outflow,TSS,89,0,0,5.216309661851884,16.853932584269664,heavy_right_skew,2.4012420456235803,0.9292752957384032,4,1643.3333446333804,exGAUS,3
n=15,0.9,17.009999847412107,5.582771799817553,24.029192149391232,-1290174122_FL,Outflow,TSS,89,0,0,4.8534665771574055,16.853932584269664,heavy_right_skew,2.4012420456235803,0.9292752957384032,4,1643.3333446333804,exGAUS,3
n=20,0.1,2.9000000000000004,0.554237854353523,16.45819755455837,-1290174122_FL,Outflow,TSS,89,0,0,3.7562894243234197,22.47191011235955,heavy_right_skew,2.4012420456235803,0.9292752957384032,4,1643.3333446333804,exGAUS,3
n=20,0.25,3.75,0.9459044098766297,20.68037357274871,-1290174122_FL,Outflow,TSS,89,0,0,5.913471170231155,22.47191011235955,heavy_right_skew,2.4012420456235803,0.9292752957384032,4,1643.3333446333804,exGAUS,3
n=20,0.5,7.049999952316284,1.4150263543836983,15.71237562155737,-1290174122_FL,Outflow,TSS,89,0,0,3.6914934000966255,22.47191011235955,heavy_right_skew,2.4012420456235803,0.9292752957384032,4,1643.3333446333804,exGAUS,3
n=20,0.75,11.275000095367433,2.4860585716032753,16.712829905652953,-1290174122_FL,Outflow,TSS,89,0,0,2.199102130576968,22.47191011235955,heavy_right_skew,2.4012420456235803,0.9292752957384032,4,1643.3333446333804,exGAUS,3
n=20,0.9,17.01000041961671,4.310140838950311,18.737981643264913,-1290174122_FL,Outflow,TSS,89,0,0,5.291210506126319,22.47191011235955,heavy_right_skew,2.4012420456235803,0.9292752957384032,4,1643.3333446333804,exGAUS,3
n=25,0.1,3.0,0.5354905354889037,16.897723363509332,-1290174122_FL,Outflow,TSS,89,0,0,0.43952580895096105,28.08988764044944,heavy_right_skew,2.4012420456235803,0.9292752957384032,4,1643.3333446333804,exGAUS,3
n=25,0.25,3.0,0.964478441392984,19.615388162554158,-1290174122_FL,Outflow,TSS,89,0,0,1.0649854101945522,28.08988764044944,heavy_right_skew,2.4012420456235803,0.9292752957384032,4,1643.3333446333804,exGAUS,3
n=25,0.5,7.0999999046325675,1.3549636310015747,14.617051287346653,-1290174122_FL,Outflow,TSS,89,0,0,1.0953243342107175,28.08988764044944,heavy_right_skew,2.4012420456235803,0.9292752957384032,4,1643.3333446333804,exGAUS,3
n=25,0.75,11.0,2.430372890333425,15.846028179843472,-1290174122_FL,Outflow,TSS,89,0,0,0.8668017258094807,28.08988764044944,heavy_right_skew,2.4012420456235803,0.9292752957384032,4,1643.3333446333804,exGAUS,3
n=25,0.9,18.040000152587897,3.7945773024107456,15.995752936804209,-1290174122_FL,Outflow,TSS,89,0,0,2.742228706460704,28.08988764044944,heavy_right_skew,2.4012420456235803,0.9292752957384032,4,1643.3333446333804,exGAUS,3
n=5,0.1,10.6,4.617414088614044,39.58080987894256,-1242007014_CO,Outflow,TSS,17,0,0,0.0,29.411764705882355,heavy_right_skew,3.887552952471269,2.204878137971753,3,106.2,IGAMMA,9
n=5,0.25,13.0,5.5774880318554665,30.19058304853044,-1242007014_CO,Outflow,TSS,17,0,0,0.0,29.411764705882355,heavy_right_skew,3.887552952471269,2.204878137971753,3,106.2,IGAMMA,9
n=5,0.5,22.0,5.964986347364806,19.82757936646796,-1242007014_CO,Outflow,TSS,17,0,0,0.0,29.411764705882355,heavy_right_skew,3.887552952471269,2.204878137971753,3,106.2,IGAMMA,9
n=5,0.75,26.0,24.545380163581683,26.034515835936844,-1242007014_CO,Outflow,TSS,17,0,0,0.0,29.411764705882355,heavy_right_skew,3.887552952471269,2.204878137971753,3,106.2,IGAMMA,9
n=5,0.9,75.20000000000002,138.6594201834525,82.65940846235387,-1242007014_CO,Outflow,TSS,17,0,0,0.0,29.411764705882355,heavy_right_skew,3.887552952471269,2.204878137971753,3,106.2,IGAMMA,9
n=10,0.1,8.7,2.7108377455253816,27.69213317227851,-1242007014_CO,Outflow,TSS,17,0,0,11.88867670666405,58.82352941176471,heavy_right_skew,3.887552952471269,2.204878137971753,3,106.2,IGAMMA,9
n=10,0.25,13.0,2.8847077977078204,15.27097266727504,-1242007014_CO,Outflow,TSS,17,0,0,14.9196103812554,58.82352941176471,heavy_right_skew,3.887552952471269,2.204878137971753,3,106.2,IGAMMA,9
n=10,0.5,21.5,2.839581914807496,10.693780214297695,-1242007014_CO,Outflow,TSS,17,0,0,9.133799152170264,58.82352941176471,heavy_right_skew,3.887552952471269,2.204878137971753,3,106.2,IGAMMA,9
n=10,0.75,26.75,6.041058974805173,10.773704560025124,-1242007014_CO,Outflow,TSS,17,0,0,15.26081127591172,58.82352941176471,heavy_right_skew,3.887552952471269,2.204878137971753,3,106.2,IGAMMA,9
n=10,0.9,77.39999999999982,48.72694491306754,53.73276797951859,-1242007014_CO,Outflow,TSS,17,0,0,28.926640482835275,58.82352941176471,heavy_right_skew,3.887552952471269,2.204878137971753,3,106.2,IGAMMA,9
n=15,0.1,7.2,1.4297506544386465,13.183169065989805,-1242007014_CO,Outflow,TSS,17,0,0,14.508964106288705,88.23529411764706,heavy_right_skew,3.887552952471269,2.204878137971753,3,106.2,IGAMMA,9
n=15,0.25,12.5,1.1248740744486614,4.760158001494609,-1242007014_CO,Outflow,TSS,17,0,0,10.51081466578043,88.23529411764706,heavy_right_skew,3.887552952471269,2.204878137971753,3,106.2,IGAMMA,9
n=15,0.5,22.0,1.0889332170074542,3.481904761904752,-1242007014_CO,Outflow,TSS,17,0,0,7.211875452392943,88.23529411764706,heavy_right_skew,3.887552952471269,2.204878137971753,3,106.2,IGAMMA,9
n=15,0.75,27.0,0.42677895983883957,1.2500833816157393,-1242007014_CO,Outflow,TSS,17,0,0,9.523621178409384,88.23529411764706,heavy_right_skew,3.887552952471269,2.204878137971753,3,106.2,IGAMMA,9
n=15,0.9,84.79999999999998,18.67754411769751,24.417194528135,-1242007014_CO,Outflow,TSS,17,0,0,29.315573451383592,88.23529411764706,heavy_right_skew,3.887552952471269,2.204878137971753,3,106.2,IGAMMA,9
n=5,0.1,5.039999961853027,2.8863767873235266,61.837679959989835,973713662_ZZ,Outflow,TSS,33,0,0,0.0,15.151515151515152,heavy_right_skew,1.8840015321059551,0.8699592073271359,5,50.16666530900535,GA,1
n=5,0.25,7.4000000953674325,3.6160881756443763,40.66796347149593,973713662_ZZ,Outflow,TSS,33,0,0,0.0,15.151515151515152,heavy_right_skew,1.8840015321059551,0.8699592073271359,5,50.16666530900535,GA,1
n=5,0.5,11.100000381469732,4.638172696124051,31.983168986747547,973713662_ZZ,Outflow,TSS,33,0,0,0.0,15.151515151515152,heavy_right_skew,1.8840015321059551,0.8699592073271359,5,50.16666530900535,GA,1
n=5,0.75,16.0,7.33872976319349,30.06303350906288,973713662_ZZ,Outflow,TSS,33,0,0,0.0,15.151515151515152,heavy_right_skew,1.8840015321059551,0.8699592073271359,5,50.16666530900535,GA,1
n=5,0.9,25.089999961853028,11.010636446151372,40.09837063703722,973713662_ZZ,Outflow,TSS,33,0,0,0.0,15.151515151515152,heavy_right_skew,1.8840015321059551,0.8699592073271359,5,50.16666530900535,GA,1
n=10,0.1,4.365000092983246,2.018277505336094,53.92798255231182,973713662_ZZ,Outflow,TSS,33,0,0,7.909697407678017,30.303030303030305,heavy_right_skew,1.8840015321059551,0.8699592073271359,5,50.16666530900535,GA,1
n=10,0.25,6.874999880790711,1.9050580791274505,22.74027770055823,973713662_ZZ,Outflow,TSS,33,0,0,17.9276857709377,30.303030303030305,heavy_right_skew,1.8840015321059551,0.8699592073271359,5,50.16666530900535,GA,1
n=10,0.5,10.799999713897702,2.771777041610516,20.95787619204609,973713662_ZZ,Outflow,TSS,33,0,0,11.025292794701457,30.303030303030305,heavy_right_skew,1.8840015321059551,0.8699592073271359,5,50.16666530900535,GA,1
n=10,0.75,16.67500066757202,4.9960399582780095,19.938685782233883,973713662_ZZ,Outflow,TSS,33,0,0,10.124347726828997,30.303030303030305,heavy_right_skew,1.8840015321059551,0.8699592073271359,5,50.16666530900535,GA,1
n=10,0.9,29.970000839233396,7.832019090875156,25.900710284504054,973713662_ZZ,Outflow,TSS,33,0,0,14.197660352533166,30.303030303030305,heavy_right_skew,1.8840015321059551,0.8699592073271359,5,50.16666530900535,GA,1
n=15,0.1,3.1600001335144046,1.4861440614073351,37.791388058061074,973713662_ZZ,Outflow,TSS,33,0,0,16.136594494250744,45.45454545454545,heavy_right_skew,1.8840015321059551,0.8699592073271359,5,50.16666530900535,GA,1
n=15,0.25,6.450000047683716,1.392133661621834,17.329376880334433,973713662_ZZ,Outflow,TSS,33,0,0,5.410900820223798,45.45454545454545,heavy_right_skew,1.8840015321059551,0.8699592073271359,5,50.16666530900535,GA,1
n=15,0.5,11.100000381469732,2.3736333947572654,18.51968679039425,973713662_ZZ,Outflow,TSS,33,0,0,2.43818940165184,45.45454545454545,heavy_right_skew,1.8840015321059551,0.8699592073271359,5,50.16666530900535,GA,1
n=15,0.75,17.199999809265137,3.7057413139742716,15.177831981125328,973713662_ZZ,Outflow,TSS,33,0,0,4.760853801108555,45.45454545454545,heavy_right_skew,1.8840015321059551,0.8699592073271359,5,50.16666530900535,GA,1
n=15,0.9,29.120001220703124,6.038237437776307,19.26506510787702,973713662_ZZ,Outflow,TSS,33,0,0,6.635645176627033,45.45454545454545,heavy_right_skew,1.8840015321059551,0.8699592073271359,5,50.16666530900535,GA,1
n=20,0.1,3.1750001311302185,1.4098023728026976,40.62224318939142,973713662_ZZ,Outflow,TSS,33,0,0,2.8308551313303454,60.60606060606061,heavy_right_skew,1.8840015321059551,0.8699592073271359,5,50.16666530900535,GA,1
n=20,0.25,6.399999856948853,1.0493686552591992,13.958863224075419,973713662_ZZ,Outflow,TSS,33,0,0,3.370513656259014,60.60606060606061,heavy_right_skew,1.8840015321059551,0.8699592073271359,5,50.16666530900535,GA,1
n=20,0.5,10.599999904632565,1.7139936597794696,13.67175726585905,973713662_ZZ,Outflow,TSS,33,0,0,4.8479295245352,60.60606060606061,heavy_right_skew,1.8840015321059551,0.8699592073271359,5,50.16666530900535,GA,1
n=20,0.75,16.975000381469727,2.6446407772736467,10.56001778958534,973713662_ZZ,Outflow,TSS,33,0,0,4.617814191539988,60.60606060606061,heavy_right_skew,1.8840015321059551,0.8699592073271359,5,50.16666530900535,GA,1
n=20,0.9,32.47000122070313,5.08378147444504,14.193173651099936,973713662_ZZ,Outflow,TSS,33,0,0,5.0718914567770845,60.60606060606061,heavy_right_skew,1.8840015321059551,0.8699592073271359,5,50.16666530900535,GA,1
n=25,0.1,3.160000133514405,1.061278596394589,28.271534659384223,973713662_ZZ,Outflow,TSS,33,0,0,12.350708530007196,75.75757575757575,heavy_right_skew,1.8840015321059551,0.8699592073271359,5,50.16666530900535,GA,1
n=25,0.25,6.699999809265138,0.8858002294439555,11.471161064426271,973713662_ZZ,Outflow,TSS,33,0,0,2.4877021596491478,75.75757575757575,heavy_right_skew,1.8840015321059551,0.8699592073271359,5,50.16666530900535,GA,1
n=25,0.5,11.100000381469732,1.380009270223584,10.731328067270942,973713662_ZZ,Outflow,TSS,33,0,0,2.9404291985881077,75.75757575757575,heavy_right_skew,1.8840015321059551,0.8699592073271359,5,50.16666530900535,GA,1
n=25,0.75,16.70000076293945,1.2667906744297244,4.788893020341275,973713662_ZZ,Outflow,TSS,33,0,0,5.771124769244064,75.75757575757575,heavy_right_skew,1.8840015321059551,0.8699592073271359,5,50.16666530900535,GA,1
n=25,0.9,31.320001220703134,3.3500502340875875,8.304288220553069,973713662_ZZ,Outflow,TSS,33,0,0,5.888885430546868,75.75757575757575,heavy_right_skew,1.8840015321059551,0.8699592073271359,5,50.16666530900535,GA,1
n=5,0.1,6.959999847412108,3.339759452034665,42.58964028723321,920048328_VA,Outflow,TSS,34,0,0,0.0,14.705882352941178,heavy_right_skew,3.533920686802044,1.3026630337469003,7,52.499999217689044,IGAMMA,2
n=5,0.25,9.5,4.882978233810651,36.411536000246564,920048328_VA,Outflow,TSS,34,0,0,0.0,14.705882352941178,heavy_right_skew,3.533920686802044,1.3026630337469003,7,52.499999217689044,IGAMMA,2
n=5,0.5,15.199999809265142,7.140527378574283,31.422159125374833,920048328_VA,Outflow,TSS,34,0,0,0.0,14.705882352941178,heavy_right_skew,3.533920686802044,1.3026630337469003,7,52.499999217689044,IGAMMA,2
n=5,0.75,20.0,14.092587617738719,39.67011346526579,920048328_VA,Outflow,TSS,34,0,0,0.0,14.705882352941178,heavy_right_skew,3.533920686802044,1.3026630337469003,7,52.499999217689044,IGAMMA,2
n=5,0.9,36.6,31.44214172801897,49.692246956613914,920048328_VA,Outflow,TSS,34,0,0,0.0,14.705882352941178,heavy_right_skew,3.533920686802044,1.3026630337469003,7,52.499999217689044,IGAMMA,2
n=10,0.1,5.720000004768371,1.8583770643702044,27.31617821135831,920048328_VA,Outflow,TSS,34,0,0,15.2734620758749,29.411764705882355,heavy_right_skew,3.533920686802044,1.3026630337469003,7,52.499999217689044,IGAMMA,2
n=10,0.25,8.49999976158142,2.622288449239711,23.90398501392484,920048328_VA,Outflow,TSS,34,0,0,12.507550986321725,29.411764705882355,heavy_right_skew,3.533920686802044,1.3026630337469003,7,52.499999217689044,IGAMMA,2
n=10,0.5,14.400000095367437,3.80432346302306,21.18864257859541,920048328_VA,Outflow,TSS,34,0,0,10.233516546779423,29.411764705882355,heavy_right_skew,3.533920686802044,1.3026630337469003,7,52.499999217689044,IGAMMA,2
n=10,0.75,22.2000002861023,8.823528046678137,28.551169560085942,920048328_VA,Outflow,TSS,34,0,0,11.11894390517985,29.411764705882355,heavy_right_skew,3.533920686802044,1.3026630337469003,7,52.499999217689044,IGAMMA,2
n=10,0.9,40.69999999999998,18.880825773384956,33.87397736968823,920048328_VA,Outflow,TSS,34,0,0,15.818269586925688,29.411764705882355,heavy_right_skew,3.533920686802044,1.3026630337469003,7,52.499999217689044,IGAMMA,2
n=15,0.1,5.0400000572204595,1.2325319021898131,18.209571754443115,920048328_VA,Outflow,TSS,34,0,0,9.106606456915195,44.11764705882353,heavy_right_skew,3.533920686802044,1.3026630337469003,7,52.499999217689044,IGAMMA,2
n=15,0.25,8.199999809265137,1.9224606917958336,17.654453433118388,920048328_VA,Outflow,TSS,34,0,0,6.249531580806451,44.11764705882353,heavy_right_skew,3.533920686802044,1.3026630337469003,7,52.499999217689044,IGAMMA,2
n=15,0.5,15.199999809265142,2.7286086029414927,14.447145307451962,920048328_VA,Outflow,TSS,34,0,0,6.741497271143448,44.11764705882353,heavy_right_skew,3.533920686802044,1.3026630337469003,7,52.499999217689044,IGAMMA,2
n=15,0.75,22.800000190734863,6.419572203103885,21.33361442825023,920048328_VA,Outflow,TSS,34,0,0,7.217555131835713,44.11764705882353,heavy_right_skew,3.533920686802044,1.3026630337469003,7,52.499999217689044,IGAMMA,2
n=15,0.9,43.19999999999999,14.519745378132352,26.264324859288145,920048328_VA,Outflow,TSS,34,0,0,7.609652510400082,44.11764705882353,heavy_right_skew,3.533920686802044,1.3026630337469003,7,52.499999217689044,IGAMMA,2
n=20,0.1,5.439999914169312,0.9665077222941092,17.444057231578185,920048328_VA,Outflow,TSS,34,0,0,0.7655145228649296,58.82352941176471,heavy_right_skew,3.533920686802044,1.3026630337469003,7,52.499999217689044,IGAMMA,2
n=20,0.25,8.200000166893005,1.3927912599465724,13.506834704846879,920048328_VA,Outflow,TSS,34,0,0,4.1476187282715085,58.82352941176471,heavy_right_skew,3.533920686802044,1.3026630337469003,7,52.499999217689044,IGAMMA,2
n=20,0.5,15.199999809265142,1.9417887045886009,10.118743629914897,920048328_VA,Outflow,TSS,34,0,0,4.328401677537064,58.82352941176471,heavy_right_skew,3.533920686802044,1.3026630337469003,7,52.499999217689044,IGAMMA,2
n=20,0.75,23.5,5.2688505558523575,17.692953152102348,920048328_VA,Outflow,TSS,34,0,0,3.640661276147881,58.82352941176471,heavy_right_skew,3.533920686802044,1.3026630337469003,7,52.499999217689044,IGAMMA,2
n=20,0.9,43.40000000000006,11.118208830086337,20.30266110727597,920048328_VA,Outflow,TSS,34,0,0,5.961663752012175,58.82352941176471,heavy_right_skew,3.533920686802044,1.3026630337469003,7,52.499999217689044,IGAMMA,2
n=25,0.1,4.880000019073487,0.7251669239769111,11.501224735199717,920048328_VA,Outflow,TSS,34,0,0,5.942832496378468,73.52941176470588,heavy_right_skew,3.533920686802044,1.3026630337469003,7,52.499999217689044,IGAMMA,2
n=25,0.25,8.0,1.1968838812443952,11.859482399493416,920048328_VA,Outflow,TSS,34,0,0,1.647352305353463,73.52941176470588,heavy_right_skew,3.533920686802044,1.3026630337469003,7,52.499999217689044,IGAMMA,2
n=25,0.5,15.199999809265142,1.5644540320307472,6.766464027198197,920048328_VA,Outflow,TSS,34,0,0,3.352279602716701,73.52941176470588,heavy_right_skew,3.533920686802044,1.3026630337469003,7,52.499999217689044,IGAMMA,2
n=25,0.75,23.60000038146973,4.527055269253542,14.76254427491161,920048328_VA,Outflow,TSS,34,0,0,2.9304088771907377,73.52941176470588,heavy_right_skew,3.533920686802044,1.3026630337469003,7,52.499999217689044,IGAMMA,2
n=25,0.9,43.80000000000001,7.862583912224218,14.785639204007389,920048328_VA,Outflow,TSS,34,0,0,5.517021903268581,73.52941176470588,heavy_right_skew,3.533920686802044,1.3026630337469003,7,52.499999217689044,IGAMMA,2
n=5,0.1,4.578451871871948,2.597216114176863,61.0598010624325,1376313964_MD,Outflow,TSS,47,0,0,0.0,10.638297872340425,heavy_right_skew,3.0730183462129426,1.3539347479464918,6,323.39411448181306,GB2,2
n=5,0.25,7.022348880767822,3.093258827992281,37.13142071346234,1376313964_MD,Outflow,TSS,47,0,0,0.0,10.638297872340425,heavy_right_skew,3.0730183462129426,1.3539347479464918,6,323.39411448181306,GB2,2
n=5,0.5,8.958105087280273,7.044642900453875,30.335895773034398,1376313964_MD,Outflow,TSS,47,0,0,0.0,10.638297872340425,heavy_right_skew,3.0730183462129426,1.3539347479464918,6,323.39411448181306,GB2,2
n=5,0.75,12.78384017944336,15.043509465360467,44.66010354062571,1376313964_MD,Outflow,TSS,47,0,0,0.0,10.638297872340425,heavy_right_skew,3.0730183462129426,1.3539347479464918,6,323.39411448181306,GB2,2
n=5,0.9,30.94065313339234,24.692893676125482,62.41865216003924,1376313964_MD,Outflow,TSS,47,0,0,0.0,10.638297872340425,heavy_right_skew,3.0730183462129426,1.3539347479464918,6,323.39411448181306,GB2,2
n=10,0.1,3.69508810043335,2.1762857577349575,62.50141354682863,1376313964_MD,Outflow,TSS,47,0,0,1.4416124843961313,21.27659574468085,heavy_right_skew,3.0730183462129426,1.3539347479464918,6,323.39411448181306,GB2,2
n=10,0.25,6.596479535102845,1.9978644794685627,26.56973575524849,1376313964_MD,Outflow,TSS,47,0,0,10.56168495821385,21.27659574468085,heavy_right_skew,3.0730183462129426,1.3539347479464918,6,323.39411448181306,GB2,2
n=10,0.5,9.660916805267338,3.3645861166764455,21.35887109291801,1376313964_MD,Outflow,TSS,47,0,0,8.977024680116386,21.27659574468085,heavy_right_skew,3.0730183462129426,1.3539347479464918,6,323.39411448181306,GB2,2
n=10,0.75,13.47516739368439,11.786342844114477,38.04358352636031,1376313964_MD,Outflow,TSS,47,0,0,6.616520014265404,21.27659574468085,heavy_right_skew,3.0730183462129426,1.3539347479464918,6,323.39411448181306,GB2,2
n=10,0.9,41.558074951171875,18.88691466133207,46.018200115134924,1376313964_MD,Outflow,TSS,47,0,0,16.400452044904313,21.27659574468085,heavy_right_skew,3.0730183462129426,1.3539347479464918,6,323.39411448181306,GB2,2
n=15,0.1,2.875644636154175,1.5769233715764464,45.66879037844044,1376313964_MD,Outflow,TSS,47,0,0,16.83262316838819,31.914893617021278,heavy_right_skew,3.0730183462129426,1.3539347479464918,6,323.39411448181306,GB2,2
n=15,0.25,6.175795555114746,1.3520443571725795,18.24427836559298,1376313964_MD,Outflow,TSS,47,0,0,8.325457389655512,31.914893617021278,heavy_right_skew,3.0730183462129426,1.3539347479464918,6,323.39411448181306,GB2,2
n=15,0.5,8.958105087280273,2.180425365346944,16.242731470846877,1376313964_MD,Outflow,TSS,47,0,0,5.116139622071135,31.914893617021278,heavy_right_skew,3.0730183462129426,1.3539347479464918,6,323.39411448181306,GB2,2
n=15,0.75,13.78314781188965,8.883303227943932,30.45485227806402,1376313964_MD,Outflow,TSS,47,0,0,7.588731248296288,31.914893617021278,heavy_right_skew,3.0730183462129426,1.3539347479464918,6,323.39411448181306,GB2,2
n=15,0.9,42.87177429199218,14.967404620063784,33.94682792104792,1376313964_MD,Outflow,TSS,47,0,0,12.071372194087004,31.914893617021278,heavy_right_skew,3.0730183462129426,1.3539347479464918,6,323.39411448181306,GB2,2
n=20,0.1,3.2569027185440067,1.5434109977720556,51.02840812434333,1376313964_MD,Outflow,TSS,47,0,0,5.359617745902888,42.5531914893617,heavy_right_skew,3.0730183462129426,1.3539347479464918,6,323.39411448181306,GB2,2
n=20,0.25,6.254429101943969,1.1730844130538787,15.464799562185172,1376313964_MD,Outflow,TSS,47,0,0,2.779478803407807,42.5531914893617,heavy_right_skew,3.0730183462129426,1.3539347479464918,6,323.39411448181306,GB2,2
n=20,0.5,9.107210636138916,1.5424817045557062,14.085991119865321,1376313964_MD,Outflow,TSS,47,0,0,2.156740350981556,42.5531914893617,heavy_right_skew,3.0730183462129426,1.3539347479464918,6,323.39411448181306,GB2,2
n=20,0.75,14.292371749877928,7.631491671628631,25.717331277762263,1376313964_MD,Outflow,TSS,47,0,0,4.737521000301758,42.5531914893617,heavy_right_skew,3.0730183462129426,1.3539347479464918,6,323.39411448181306,GB2,2
n=20,0.9,46.45456123352051,12.836890534426416,26.274061980200464,1376313964_MD,Outflow,TSS,47,0,0,7.672765940847455,42.5531914893617,heavy_right_skew,3.0730183462129426,1.3539347479464918,6,323.39411448181306,GB2,2
n=25,0.1,2.3244772434234626,1.2641633577653415,39.594733498537934,1376313964_MD,Outflow,TSS,47,0,0,11.433674625805395,53.191489361702125,heavy_right_skew,3.0730183462129426,1.3539347479464918,6,323.39411448181306,GB2,2
n=25,0.25,6.3330626487731925,1.0091086554650497,13.660673797070746,1376313964_MD,Outflow,TSS,47,0,0,1.804125765114426,53.191489361702125,heavy_right_skew,3.0730183462129426,1.3539347479464918,6,323.39411448181306,GB2,2
n=25,0.5,8.958105087280273,1.4587898527967087,12.363924408899999,1376313964_MD,Outflow,TSS,47,0,0,1.722066710965322,53.191489361702125,heavy_right_skew,3.0730183462129426,1.3539347479464918,6,323.39411448181306,GB2,2
n=25,0.75,13.3488712310791,6.901926103304901,20.090524762943566,1376313964_MD,Outflow,TSS,47,0,0,5.626806514818696,53.191489361702125,heavy_right_skew,3.0730183462129426,1.3539347479464918,6,323.39411448181306,GB2,2
n=25,0.9,45.30925750732423,9.996074498292389,19.065210228945663,1376313964_MD,Outflow,TSS,47,0,0,7.208851751254802,53.191489361702125,heavy_right_skew,3.0730183462129426,1.3539347479464918,6,323.39411448181306,GB2,2
n=5,0.1,7.4,3.2487978723260817,29.725278957991723,1708200120_CO,Outflow,TSS,32,0,0,0.0,15.625,heavy_right_skew,3.2926212175415186,1.7081434792795027,4,68.25,IGAMMA,9
n=5,0.25,8.0,5.5180883100213585,30.8110744720221,1708200120_CO,Outflow,TSS,32,0,0,0.0,15.625,heavy_right_skew,3.2926212175415186,1.7081434792795027,4,68.25,IGAMMA,9
n=5,0.5,15.0,10.274996403999582,39.170874206296226,1708200120_CO,Outflow,TSS,32,0,0,0.0,15.625,heavy_right_skew,3.2926212175415186,1.7081434792795027,4,68.25,IGAMMA,9
n=5,0.75,21.0,38.827119987104204,49.06528767044874,1708200120_CO,Outflow,TSS,32,0,0,0.0,15.625,heavy_right_skew,3.2926212175415186,1.7081434792795027,4,68.25,IGAMMA,9
n=5,0.9,50.400000000000006,68.99221296828014,71.08669547800277,1708200120_CO,Outflow,TSS,32,0,0,0.0,15.625,heavy_right_skew,3.2926212175415186,1.7081434792795027,4,68.25,IGAMMA,9
n=10,0.1,6.8,1.6736268082779904,18.790322273101754,1708200120_CO,Outflow,TSS,32,0,0,10.934956684889968,31.25,heavy_right_skew,3.2926212175415186,1.7081434792795027,4,68.25,IGAMMA,9
n=10,0.25,8.25,3.0541313308979925,19.364122598494387,1708200120_CO,Outflow,TSS,32,0,0,11.446951873527713,31.25,heavy_right_skew,3.2926212175415186,1.7081434792795027,4,68.25,IGAMMA,9
n=10,0.5,15.0,5.573307771784909,28.154243577694878,1708200120_CO,Outflow,TSS,32,0,0,11.016630628601348,31.25,heavy_right_skew,3.2926212175415186,1.7081434792795027,4,68.25,IGAMMA,9
n=10,0.75,32.0,13.521876841127238,32.35770844976317,1708200120_CO,Outflow,TSS,32,0,0,16.707579220685567,31.25,heavy_right_skew,3.2926212175415186,1.7081434792795027,4,68.25,IGAMMA,9
n=10,0.9,61.94999999999992,63.55073711780559,47.39781753057792,1708200120_CO,Outflow,TSS,32,0,0,23.68887794742485,31.25,heavy_right_skew,3.2926212175415186,1.7081434792795027,4,68.25,IGAMMA,9
n=15,0.1,6.4,0.9052596257317342,12.451590328944324,1708200120_CO,Outflow,TSS,32,0,0,6.338731944157431,46.875,heavy_right_skew,3.2926212175415186,1.7081434792795027,4,68.25,IGAMMA,9
n=15,0.25,8.0,1.4394861029134527,11.42909649028704,1708200120_CO,Outflow,TSS,32,0,0,7.935026108207346,46.875,heavy_right_skew,3.2926212175415186,1.7081434792795027,4,68.25,IGAMMA,9
n=15,0.5,15.0,4.039764274160258,21.8349351743151,1708200120_CO,Outflow,TSS,32,0,0,6.319308403379779,46.875,heavy_right_skew,3.2926212175415186,1.7081434792795027,4,68.25,IGAMMA,9
n=15,0.75,30.0,8.764457051913125,23.418188410024808,1708200120_CO,Outflow,TSS,32,0,0,8.939520039738365,46.875,heavy_right_skew,3.2926212175415186,1.7081434792795027,4,68.25,IGAMMA,9
n=15,0.9,62.39999999999999,53.138015023533605,44.53153289455425,1708200120_CO,Outflow,TSS,32,0,0,2.8662846360236642,46.875,heavy_right_skew,3.2926212175415186,1.7081434792795027,4,68.25,IGAMMA,9
n=20,0.1,5.9,0.8416141567117054,11.819831904057306,1708200120_CO,Outflow,TSS,32,0,0,0.6317584248870176,62.5,heavy_right_skew,3.2926212175415186,1.7081434792795027,4,68.25,IGAMMA,9
n=20,0.25,8.0,1.0882244552158629,7.57840599766514,1708200120_CO,Outflow,TSS,32,0,0,3.8506904926219008,62.5,heavy_right_skew,3.2926212175415186,1.7081434792795027,4,68.25,IGAMMA,9
n=20,0.5,14.5,3.1683751675590455,17.014323376735906,1708200120_CO,Outflow,TSS,32,0,0,4.820611797579193,62.5,heavy_right_skew,3.2926212175415186,1.7081434792795027,4,68.25,IGAMMA,9
n=20,0.75,28.5,6.882026396683562,19.580469753867472,1708200120_CO,Outflow,TSS,32,0,0,3.8377186561573353,62.5,heavy_right_skew,3.2926212175415186,1.7081434792795027,4,68.25,IGAMMA,9
n=20,0.9,71.30000000000001,22.121516444847146,28.732127949118492,1708200120_CO,Outflow,TSS,32,0,0,15.79940494543576,62.5,heavy_right_skew,3.2926212175415186,1.7081434792795027,4,68.25,IGAMMA,9
n=25,0.1,6.4,0.63720330830295,9.30050691224695,1708200120_CO,Outflow,TSS,32,0,0,2.5193249918103557,78.125,heavy_right_skew,3.2926212175415186,1.7081434792795027,4,68.25,IGAMMA,9
n=25,0.25,8.0,0.6500316008967015,3.805682834537316,1708200120_CO,Outflow,TSS,32,0,0,3.7727231631278237,78.125,heavy_right_skew,3.2926212175415186,1.7081434792795027,4,68.25,IGAMMA,9
n=25,0.5,14.0,2.8810068380345086,13.115262469914605,1708200120_CO,Outflow,TSS,32,0,0,3.899060906821301,78.125,heavy_right_skew,3.2926212175415186,1.7081434792795027,4,68.25,IGAMMA,9
n=25,0.75,26.0,6.308360708588196,19.86055268301983,1708200120_CO,Outflow,TSS,32,0,0,0.280082929152357,78.125,heavy_right_skew,3.2926212175415186,1.7081434792795027,4,68.25,IGAMMA,9
n=25,0.9,62.40000000000003,12.172837405510759,16.76313051828692,1708200120_CO,Outflow,TSS,32,0,0,11.968997430831571,78.125,heavy_right_skew,3.2926212175415186,1.7081434792795027,4,68.25,IGAMMA,9
n=5,0.1,7.2,2.6218045461392263,28.44098328452097,1671569331_MN,Outflow,TSS,52,0,0,0.0,9.615384615384617,heavy_right_skew,3.9324815624048486,1.3294160238384405,9,61.33333333333334,IGAMMA,1
n=5,0.25,9.0,4.065335645160883,22.327661464201267,1671569331_MN,Outflow,TSS,52,0,0,0.0,9.615384615384617,heavy_right_skew,3.9324815624048486,1.3294160238384405,9,61.33333333333334,IGAMMA,1
n=5,0.5,10.0,7.7460349932228185,29.613538496696744,1671569331_MN,Outflow,TSS,52,0,0,0.0,9.615384615384617,heavy_right_skew,3.9324815624048486,1.3294160238384405,9,61.33333333333334,IGAMMA,1
n=5,0.75,20.0,15.680481465758515,47.73306820733433,1671569331_MN,Outflow,TSS,52,0,0,0.0,9.615384615384617,heavy_right_skew,3.9324815624048486,1.3294160238384405,9,61.33333333333334,IGAMMA,1
n=5,0.9,31.6,31.087528989570004,56.3545864197567,1671569331_MN,Outflow,TSS,52,0,0,0.0,9.615384615384617,heavy_right_skew,3.9324815624048486,1.3294160238384405,9,61.33333333333334,IGAMMA,1
n=10,0.1,6.8,1.7680733374646276,25.416563455967662,1671569331_MN,Outflow,TSS,52,0,0,3.0244198285533095,19.230769230769234,heavy_right_skew,3.9324815624048486,1.3294160238384405,9,61.33333333333334,IGAMMA,1
n=10,0.25,9.0,1.6791318344414965,13.111663313419317,1671569331_MN,Outflow,TSS,52,0,0,9.21599815078195,19.230769230769234,heavy_right_skew,3.9324815624048486,1.3294160238384405,9,61.33333333333334,IGAMMA,1
n=10,0.5,11.0,3.8463735099905088,19.596672478927786,1671569331_MN,Outflow,TSS,52,0,0,10.016866017768958,19.230769230769234,heavy_right_skew,3.9324815624048486,1.3294160238384405,9,61.33333333333334,IGAMMA,1
n=10,0.75,22.0,9.32101643839822,29.93812268135885,1671569331_MN,Outflow,TSS,52,0,0,17.79494552597548,19.230769230769234,heavy_right_skew,3.9324815624048486,1.3294160238384405,9,61.33333333333334,IGAMMA,1
n=10,0.9,35.89999999999999,20.940244260738666,40.96252223612103,1671569331_MN,Outflow,TSS,52,0,0,15.392064183635668,19.230769230769234,heavy_right_skew,3.9324815624048486,1.3294160238384405,9,61.33333333333334,IGAMMA,1
n=15,0.1,6.4,1.4678912662520602,20.150612559190073,1671569331_MN,Outflow,TSS,52,0,0,5.265950896777589,28.846153846153843,heavy_right_skew,3.9324815624048486,1.3294160238384405,9,61.33333333333334,IGAMMA,1
n=15,0.25,8.5,1.074329263649403,9.970746756908309,1671569331_MN,Outflow,TSS,52,0,0,3.1409165565110087,28.846153846153843,heavy_right_skew,3.9324815624048486,1.3294160238384405,9,61.33333333333334,IGAMMA,1
n=15,0.5,10.0,2.957971465443972,15.041124355753633,1671569331_MN,Outflow,TSS,52,0,0,4.5555481231741535,28.846153846153843,heavy_right_skew,3.9324815624048486,1.3294160238384405,9,61.33333333333334,IGAMMA,1
n=15,0.75,22.5,7.366436028332765,25.44113874742279,1671569331_MN,Outflow,TSS,52,0,0,4.4969839339360576,28.846153846153843,heavy_right_skew,3.9324815624048486,1.3294160238384405,9,61.33333333333334,IGAMMA,1
n=15,0.9,39.599999999999994,15.914510543893686,32.23109447344844,1671569331_MN,Outflow,TSS,52,0,0,8.731427762672595,28.846153846153843,heavy_right_skew,3.9324815624048486,1.3294160238384405,9,61.33333333333334,IGAMMA,1
n=20,0.1,5.9,1.3705504211497757,18.317524562742644,1671569331_MN,Outflow,TSS,52,0,0,1.8330879964474285,38.46153846153847,heavy_right_skew,3.9324815624048486,1.3294160238384405,9,61.33333333333334,IGAMMA,1
n=20,0.25,8.75,0.7978018083778087,7.155137976150678,1671569331_MN,Outflow,TSS,52,0,0,2.81560878075763,38.46153846153847,heavy_right_skew,3.9324815624048486,1.3294160238384405,9,61.33333333333334,IGAMMA,1
n=20,0.5,10.5,2.1354482617373614,11.837664797546406,1671569331_MN,Outflow,TSS,52,0,0,3.2034595582072267,38.46153846153847,heavy_right_skew,3.9324815624048486,1.3294160238384405,9,61.33333333333334,IGAMMA,1
n=20,0.75,23.25,5.481582480724517,18.41213743876496,1671569331_MN,Outflow,TSS,52,0,0,7.029001308657829,38.46153846153847,heavy_right_skew,3.9324815624048486,1.3294160238384405,9,61.33333333333334,IGAMMA,1
n=20,0.9,38.80000000000001,13.594245185530847,28.148522525547204,1671569331_MN,Outflow,TSS,52,0,0,4.082571947901233,38.46153846153847,heavy_right_skew,3.9324815624048486,1.3294160238384405,9,61.33333333333334,IGAMMA,1
n=25,0.1,6.0,1.220694962873514,17.225395834294503,1671569331_MN,Outflow,TSS,52,0,0,1.0921287284481416,48.07692307692308,heavy_right_skew,3.9324815624048486,1.3294160238384405,9,61.33333333333334,IGAMMA,1
n=25,0.25,9.0,0.6906184965779815,6.788632282211182,1671569331_MN,Outflow,TSS,52,0,0,0.36650569393949617,48.07692307692308,heavy_right_skew,3.9324815624048486,1.3294160238384405,9,61.33333333333334,IGAMMA,1
n=25,0.5,11.0,1.724387143898982,11.020760677588948,1671569331_MN,Outflow,TSS,52,0,0,0.8169041199574583,48.07692307692308,heavy_right_skew,3.9324815624048486,1.3294160238384405,9,61.33333333333334,IGAMMA,1
n=25,0.75,24.0,4.51651345482056,14.075097708894816,1671569331_MN,Outflow,TSS,52,0,0,4.3370397298701455,48.07692307692308,heavy_right_skew,3.9324815624048486,1.3294160238384405,9,61.33333333333334,IGAMMA,1
n=25,0.9,42.80000000000001,11.71464061118816,23.40845978400708,1671569331_MN,Outflow,TSS,52,0,0,4.740062741540125,48.07692307692308,heavy_right_skew,3.9324815624048486,1.3294160238384405,9,61.33333333333334,IGAMMA,1
n=5,0.1,3.9000000000000004,3.2660851772067336,50.561276617949915,2011981340_NC,Outflow,TSS,23,8,6,0.0,21.73913043478261,heavy_right_skew,1.8857744918640376,1.0508246475144392,6,34.4,BCPE,2
n=5,0.25,6.0,5.302550148386368,67.73111465833499,2011981340_NC,Outflow,TSS,23,8,6,0.0,21.73913043478261,heavy_right_skew,1.8857744918640376,1.0508246475144392,6,34.4,BCPE,2
n=5,0.5,12.0,7.645219012395589,42.71687173965803,2011981340_NC,Outflow,TSS,23,8,6,0.0,21.73913043478261,heavy_right_skew,1.8857744918640376,1.0508246475144392,6,34.4,BCPE,2
n=5,0.75,24.0,12.382353142221282,44.265378941207636,2011981340_NC,Outflow,TSS,23,8,6,0.0,21.73913043478261,heavy_right_skew,1.8857744918640376,1.0508246475144392,6,34.4,BCPE,2
n=5,0.9,34.800000000000004,17.883867523418704,42.994693161717265,2011981340_NC,Outflow,TSS,23,8,6,0.0,21.73913043478261,heavy_right_skew,1.8857744918640376,1.0508246475144392,6,34.4,BCPE,2
n=10,0.1,2.5,1.6271330966544981,12.857998520331568,2011981340_NC,Outflow,TSS,23,8,6,37.703278097618345,43.47826086956522,heavy_right_skew,1.8857744918640376,1.0508246475144392,6,34.4,BCPE,2
n=10,0.25,4.375,3.1359567438660245,46.453003179596635,2011981340_NC,Outflow,TSS,23,8,6,21.278111478738353,43.47826086956522,heavy_right_skew,1.8857744918640376,1.0508246475144392,6,34.4,BCPE,2
n=10,0.5,12.5,4.105493747141215,24.459063786083494,2011981340_NC,Outflow,TSS,23,8,6,18.257807953574538,43.47826086956522,heavy_right_skew,1.8857744918640376,1.0508246475144392,6,34.4,BCPE,2
n=10,0.75,26.25,8.054070452367759,27.221830909169437,2011981340_NC,Outflow,TSS,23,8,6,17.0435480320382,43.47826086956522,heavy_right_skew,1.8857744918640376,1.0508246475144392,6,34.4,BCPE,2
n=10,0.9,37.39999999999998,11.92936737517727,26.20527866116959,2011981340_NC,Outflow,TSS,23,8,6,16.789414500547675,43.47826086956522,heavy_right_skew,1.8857744918640376,1.0508246475144392,6,34.4,BCPE,2
n=15,0.1,2.5,0.639343475887821,4.265681322465411,2011981340_NC,Outflow,TSS,23,8,6,8.592317197866159,65.21739130434783,heavy_right_skew,1.8857744918640376,1.0508246475144392,6,34.4,BCPE,2
n=15,0.25,4.25,2.2832387321995995,35.810061470828806,2011981340_NC,Outflow,TSS,23,8,6,10.642941708767829,65.21739130434783,heavy_right_skew,1.8857744918640376,1.0508246475144392,6,34.4,BCPE,2
n=15,0.5,12.0,2.338945345804669,14.481159704775276,2011981340_NC,Outflow,TSS,23,8,6,9.977904081308218,65.21739130434783,heavy_right_skew,1.8857744918640376,1.0508246475144392,6,34.4,BCPE,2
n=15,0.75,26.5,5.289703765983853,17.842915207392487,2011981340_NC,Outflow,TSS,23,8,6,9.37891570177695,65.21739130434783,heavy_right_skew,1.8857744918640376,1.0508246475144392,6,34.4,BCPE,2
n=15,0.9,41.599999999999994,8.57715542533658,17.479796944672028,2011981340_NC,Outflow,TSS,23,8,6,8.725481716497562,65.21739130434783,heavy_right_skew,1.8857744918640376,1.0508246475144392,6,34.4,BCPE,2
n=20,0.1,2.5,0.0,0.0,2011981340_NC,Outflow,TSS,23,8,6,4.265681322465411,86.95652173913044,heavy_right_skew,1.8857744918640376,1.0508246475144392,6,34.4,BCPE,2
n=20,0.25,5.125,1.691976379308018,36.538545539249895,2011981340_NC,Outflow,TSS,23,8,6,0.7284840684210891,86.95652173913044,heavy_right_skew,1.8857744918640376,1.0508246475144392,6,34.4,BCPE,2
n=20,0.5,12.5,1.2135255615672689,8.682062191284233,2011981340_NC,Outflow,TSS,23,8,6,5.799097513491043,86.95652173913044,heavy_right_skew,1.8857744918640376,1.0508246475144392,6,34.4,BCPE,2
n=20,0.75,25.25,3.702761927505407,12.162431799794703,2011981340_NC,Outflow,TSS,23,8,6,5.680483407597784,86.95652173913044,heavy_right_skew,1.8857744918640376,1.0508246475144392,6,34.4,BCPE,2
n=20,0.9,47.20000000000002,5.474758240835035,11.83848566650525,2011981340_NC,Outflow,TSS,23,8,6,5.6413112781667785,86.95652173913044,heavy_right_skew,1.8857744918640376,1.0508246475144392,6,34.4,BCPE,2
n=5,0.1,34.6,18.52518113812123,55.1356210587924,919103477_CA,Outflow,TSS,53,2,1,0.0,9.433962264150944,heavy_right_skew,4.223377557949114,1.8008883029286933,3,2400.0,BCPEo,6
n=5,0.25,54.0,20.974614995343412,39.627218733544055,919103477_CA,Outflow,TSS,53,2,1,0.0,9.433962264150944,heavy_right_skew,4.223377557949114,1.8008883029286933,3,2400.0,BCPEo,6
n=5,0.5,73.0,25.350159470313802,23.814876485122856,919103477_CA,Outflow,TSS,53,2,1,0.0,9.433962264150944,heavy_right_skew,4.223377557949114,1.8008883029286933,3,2400.0,BCPEo,6
n=5,0.75,89.0,133.21943029910625,29.593265637168344,919103477_CA,Outflow,TSS,53,2,1,0.0,9.433962264150944,heavy_right_skew,4.223377557949114,1.8008883029286933,3,2400.0,BCPEo,6
n=5,0.9,135.6,272.46695006829566,58.3560940386852,919103477_CA,Outflow,TSS,53,2,1,0.0,9.433962264150944,heavy_right_skew,4.223377557949114,1.8008883029286933,3,2400.0,BCPEo,6
n=10,0.1,27.3,15.24421165601378,48.710897740566736,919103477_CA,Outflow,TSS,53,2,1,6.4247233182256664,18.867924528301888,heavy_right_skew,4.223377557949114,1.8008883029286933,3,2400.0,BCPEo,6
n=10,0.25,46.5,14.856586584087548,28.5609626571506,919103477_CA,Outflow,TSS,53,2,1,11.066256076393454,18.867924528301888,heavy_right_skew,4.223377557949114,1.8008883029286933,3,2400.0,BCPEo,6
n=10,0.5,70.5,12.973859953158438,13.512172078920596,919103477_CA,Outflow,TSS,53,2,1,10.30270440620226,18.867924528301888,heavy_right_skew,4.223377557949114,1.8008883029286933,3,2400.0,BCPEo,6
n=10,0.75,93.75,32.38881117266203,20.019570891986046,919103477_CA,Outflow,TSS,53,2,1,9.573694745182298,18.867924528301888,heavy_right_skew,4.223377557949114,1.8008883029286933,3,2400.0,BCPEo,6
n=10,0.9,154.99999999999994,203.39536268598727,42.037713042113296,919103477_CA,Outflow,TSS,53,2,1,16.318380996571904,18.867924528301888,heavy_right_skew,4.223377557949114,1.8008883029286933,3,2400.0,BCPEo,6
n=15,0.1,25.8,11.554295852685382,38.758230573082415,919103477_CA,Outflow,TSS,53,2,1,9.952667167484321,28.30188679245283,heavy_right_skew,4.223377557949114,1.8008883029286933,3,2400.0,BCPEo,6
n=15,0.25,47.5,12.505360574016745,24.220774858201416,919103477_CA,Outflow,TSS,53,2,1,4.340187798949184,28.30188679245283,heavy_right_skew,4.223377557949114,1.8008883029286933,3,2400.0,BCPEo,6
n=15,0.5,72.0,8.934062398589113,8.752526142486563,919103477_CA,Outflow,TSS,53,2,1,4.759645936434033,28.30188679245283,heavy_right_skew,4.223377557949114,1.8008883029286933,3,2400.0,BCPEo,6
n=15,0.75,99.5,21.64889200513736,15.392334772977915,919103477_CA,Outflow,TSS,53,2,1,4.627236119008131,28.30188679245283,heavy_right_skew,4.223377557949114,1.8008883029286933,3,2400.0,BCPEo,6
n=15,0.9,152.0,188.68561397308682,37.024483553509,919103477_CA,Outflow,TSS,53,2,1,5.013229488604296,28.30188679245283,heavy_right_skew,4.223377557949114,1.8008883029286933,3,2400.0,BCPEo,6
n=20,0.1,23.9,9.138250913549754,30.20370632811088,919103477_CA,Outflow,TSS,53,2,1,8.554524244971535,37.735849056603776,heavy_right_skew,4.223377557949114,1.8008883029286933,3,2400.0,BCPEo,6
n=20,0.25,46.75,11.27657710177448,22.333412312162743,919103477_CA,Outflow,TSS,53,2,1,1.8873625460386734,37.735849056603776,heavy_right_skew,4.223377557949114,1.8008883029286933,3,2400.0,BCPEo,6
n=20,0.5,72.5,6.382277566344773,6.79903446330021,919103477_CA,Outflow,TSS,53,2,1,1.9534916791863521,37.735849056603776,heavy_right_skew,4.223377557949114,1.8008883029286933,3,2400.0,BCPEo,6
n=20,0.75,99.25,17.913309082483043,13.241091989005001,919103477_CA,Outflow,TSS,53,2,1,2.151242783972913,37.735849056603776,heavy_right_skew,4.223377557949114,1.8008883029286933,3,2400.0,BCPEo,6
n=20,0.9,164.00000000000006,111.11340122371863,29.58296795658775,919103477_CA,Outflow,TSS,53,2,1,7.441515596921249,37.735849056603776,heavy_right_skew,4.223377557949114,1.8008883029286933,3,2400.0,BCPEo,6
n=25,0.1,23.800000000000004,7.484007831676897,24.912391853523232,919103477_CA,Outflow,TSS,53,2,1,5.291314474587647,47.16981132075472,heavy_right_skew,4.223377557949114,1.8008883029286933,3,2400.0,BCPEo,6
n=25,0.25,43.0,10.205213803617983,20.036618513110653,919103477_CA,Outflow,TSS,53,2,1,2.2967937990520895,47.16981132075472,heavy_right_skew,4.223377557949114,1.8008883029286933,3,2400.0,BCPEo,6
n=25,0.5,72.0,5.374421346491102,5.243487779067935,919103477_CA,Outflow,TSS,53,2,1,1.5555466842322758,47.16981132075472,heavy_right_skew,4.223377557949114,1.8008883029286933,3,2400.0,BCPEo,6
n=25,0.75,98.0,15.559252059443555,11.589832797280522,919103477_CA,Outflow,TSS,53,2,1,1.6512591917244794,47.16981132075472,heavy_right_skew,4.223377557949114,1.8008883029286933,3,2400.0,BCPEo,6
n=25,0.9,156.0,75.70774559082386,24.654030290305737,919103477_CA,Outflow,TSS,53,2,1,4.928937666282014,47.16981132075472,heavy_right_skew,4.223377557949114,1.8008883029286933,3,2400.0,BCPEo,6
n=5,0.1,5.0,2.9854499263134615,49.11714309390924,459063142_WI_proprietary,Outflow,TSS,44,0,0,0.0,11.363636363636363,heavy_right_skew,1.174993280011981,0.8069336208834718,5,25.0,BCPEo,1
n=5,0.25,7.0,4.146611722545906,44.05368522561104,459063142_WI_proprietary,Outflow,TSS,44,0,0,0.0,11.363636363636363,heavy_right_skew,1.174993280011981,0.8069336208834718,5,25.0,BCPEo,1
n=5,0.5,12.0,6.0511947511075554,38.364603647598564,459063142_WI_proprietary,Outflow,TSS,44,0,0,0.0,11.363636363636363,heavy_right_skew,1.174993280011981,0.8069336208834718,5,25.0,BCPEo,1
n=5,0.75,19.0,8.283034064074181,35.54132677214087,459063142_WI_proprietary,Outflow,TSS,44,0,0,0.0,11.363636363636363,heavy_right_skew,1.174993280011981,0.8069336208834718,5,25.0,BCPEo,1
n=5,0.9,26.200000000000003,9.0012304569697,32.8400441369183,459063142_WI_proprietary,Outflow,TSS,44,0,0,0.0,11.363636363636363,heavy_right_skew,1.174993280011981,0.8069336208834718,5,25.0,BCPEo,1
n=10,0.1,3.8,1.9148574668200429,38.294698727174065,459063142_WI_proprietary,Outflow,TSS,44,0,0,10.822444366735176,22.727272727272727,heavy_right_skew,1.174993280011981,0.8069336208834718,5,25.0,BCPEo,1
n=10,0.25,6.25,2.6145319954267574,30.37916903113937,459063142_WI_proprietary,Outflow,TSS,44,0,0,13.674516194471671,22.727272727272727,heavy_right_skew,1.174993280011981,0.8069336208834718,5,25.0,BCPEo,1
n=10,0.5,12.5,3.804060034422563,25.86761406397319,459063142_WI_proprietary,Outflow,TSS,44,0,0,12.496989583625375,22.727272727272727,heavy_right_skew,1.174993280011981,0.8069336208834718,5,25.0,BCPEo,1
n=10,0.75,21.0,5.771824031907991,22.997214892997363,459063142_WI_proprietary,Outflow,TSS,44,0,0,12.544111879143507,22.727272727272727,heavy_right_skew,1.174993280011981,0.8069336208834718,5,25.0,BCPEo,1
n=10,0.9,28.099999999999994,8.182301333379282,25.5310428757652,459063142_WI_proprietary,Outflow,TSS,44,0,0,7.309001261153103,22.727272727272727,heavy_right_skew,1.174993280011981,0.8069336208834718,5,25.0,BCPEo,1
n=15,0.1,3.4000000000000004,1.3375439460500846,30.4945775223329,459063142_WI_proprietary,Outflow,TSS,44,0,0,7.800121204841165,34.090909090909086,heavy_right_skew,1.174993280011981,0.8069336208834718,5,25.0,BCPEo,1
n=15,0.25,6.0,1.8057675911330269,21.908249923064254,459063142_WI_proprietary,Outflow,TSS,44,0,0,8.470919108075115,34.090909090909086,heavy_right_skew,1.174993280011981,0.8069336208834718,5,25.0,BCPEo,1
n=15,0.5,13.0,3.0309155213888075,18.703248033003735,459063142_WI_proprietary,Outflow,TSS,44,0,0,7.164366030969454,34.090909090909086,heavy_right_skew,1.174993280011981,0.8069336208834718,5,25.0,BCPEo,1
n=15,0.75,21.25,4.509705743369911,17.848888228562405,459063142_WI_proprietary,Outflow,TSS,44,0,0,5.148326664434958,34.090909090909086,heavy_right_skew,1.174993280011981,0.8069336208834718,5,25.0,BCPEo,1
n=15,0.9,30.699999999999996,6.831974149655662,19.10036047520763,459063142_WI_proprietary,Outflow,TSS,44,0,0,6.4306824005575685,34.090909090909086,heavy_right_skew,1.174993280011981,0.8069336208834718,5,25.0,BCPEo,1
n=20,0.1,3.8000000000000003,1.1210362190441567,28.481013720017895,459063142_WI_proprietary,Outflow,TSS,44,0,0,2.013563802315005,45.45454545454545,heavy_right_skew,1.174993280011981,0.8069336208834718,5,25.0,BCPEo,1
n=20,0.25,6.5,1.3477655374314086,18.918966858591705,459063142_WI_proprietary,Outflow,TSS,44,0,0,2.9892830644725485,45.45454545454545,heavy_right_skew,1.174993280011981,0.8069336208834718,5,25.0,BCPEo,1
n=20,0.5,12.5,2.404404775542026,15.00664206000836,459063142_WI_proprietary,Outflow,TSS,44,0,0,3.696605972995375,45.45454545454545,heavy_right_skew,1.174993280011981,0.8069336208834718,5,25.0,BCPEo,1
n=20,0.75,22.25,3.9091894972040038,15.105582251476173,459063142_WI_proprietary,Outflow,TSS,44,0,0,2.743305977086232,45.45454545454545,heavy_right_skew,1.174993280011981,0.8069336208834718,5,25.0,BCPEo,1
n=20,0.9,33.50000000000001,6.480134019742773,16.651166958930478,459063142_WI_proprietary,Outflow,TSS,44,0,0,2.449193516277152,45.45454545454545,heavy_right_skew,1.174993280011981,0.8069336208834718,5,25.0,BCPEo,1
n=25,0.1,3.4000000000000004,0.9375958681777813,23.473463488227267,459063142_WI_proprietary,Outflow,TSS,44,0,0,5.007550231790628,56.81818181818182,heavy_right_skew,1.174993280011981,0.8069336208834718,5,25.0,BCPEo,1
n=25,0.25,6.0,1.165392758069623,16.870594407070744,459063142_WI_proprietary,Outflow,TSS,44,0,0,2.0483724515209616,56.81818181818182,heavy_right_skew,1.174993280011981,0.8069336208834718,5,25.0,BCPEo,1
n=25,0.5,12.0,2.0462498079543234,12.245054035706968,459063142_WI_proprietary,Outflow,TSS,44,0,0,2.7615880243013926,56.81818181818182,heavy_right_skew,1.174993280011981,0.8069336208834718,5,25.0,BCPEo,1
n=25,0.75,22.0,3.0885372143214487,12.815606484917415,459063142_WI_proprietary,Outflow,TSS,44,0,0,2.289975766558758,56.81818181818182,heavy_right_skew,1.174993280011981,0.8069336208834718,5,25.0,BCPEo,1
n=25,0.9,33.20000000000002,5.280014210219537,13.78258474229266,459063142_WI_proprietary,Outflow,TSS,44,0,0,2.8685822166378188,56.81818181818182,heavy_right_skew,1.174993280011981,0.8069336208834718,5,25.0,BCPEo,1
n=5,0.1,18.8,14.13890009271101,76.24661320116805,526858588_CO,Outflow,TSS,55,2,2,0.0,9.090909090909092,heavy_right_skew,2.2197270345642197,1.2440292839508196,3,1036.0,GP,9
n=5,0.25,29.0,20.92357656119585,51.61424985932366,526858588_CO,Outflow,TSS,55,2,2,0.0,9.090909090909092,heavy_right_skew,2.2197270345642197,1.2440292839508196,3,1036.0,GP,9
n=5,0.5,44.5,36.541567403391355,42.459528758732915,526858588_CO,Outflow,TSS,55,2,2,0.0,9.090909090909092,heavy_right_skew,2.2197270345642197,1.2440292839508196,3,1036.0,GP,9
n=5,0.75,85.0,76.59443582401008,57.154247636269886,526858588_CO,Outflow,TSS,55,2,2,0.0,9.090909090909092,heavy_right_skew,2.2197270345642197,1.2440292839508196,3,1036.0,GP,9
n=5,0.9,152.6,106.42107302883768,60.90700079231121,526858588_CO,Outflow,TSS,55,2,2,0.0,9.090909090909092,heavy_right_skew,2.2197270345642197,1.2440292839508196,3,1036.0,GP,9
n=10,0.1,14.450000000000001,8.325673986811477,54.22623564562677,526858588_CO,Outflow,TSS,55,2,2,22.020377555541273,18.181818181818183,heavy_right_skew,2.2197270345642197,1.2440292839508196,3,1036.0,GP,9
n=10,0.25,23.75,10.9505587974291,33.83394148664243,526858588_CO,Outflow,TSS,55,2,2,17.780308372681226,18.181818181818183,heavy_right_skew,2.2197270345642197,1.2440292839508196,3,1036.0,GP,9
n=10,0.5,45.25,21.153968078848983,27.591092277901225,526858588_CO,Outflow,TSS,55,2,2,14.86843648083169,18.181818181818183,heavy_right_skew,2.2197270345642197,1.2440292839508196,3,1036.0,GP,9
n=10,0.75,103.25,53.98801624709501,40.00626475360424,526858588_CO,Outflow,TSS,55,2,2,17.147982882665644,18.181818181818183,heavy_right_skew,2.2197270345642197,1.2440292839508196,3,1036.0,GP,9
n=10,0.9,169.4499999999999,91.26096017303021,48.690838464221706,526858588_CO,Outflow,TSS,55,2,2,12.216162328089503,18.181818181818183,heavy_right_skew,2.2197270345642197,1.2440292839508196,3,1036.0,GP,9
n=15,0.1,11.400000000000002,5.856755673069184,43.91135304980727,526858588_CO,Outflow,TSS,55,2,2,10.314882595819505,27.27272727272727,heavy_right_skew,2.2197270345642197,1.2440292839508196,3,1036.0,GP,9
n=15,0.25,23.0,8.47388088862649,29.01990650031513,526858588_CO,Outflow,TSS,55,2,2,4.8140349863273,27.27272727272727,heavy_right_skew,2.2197270345642197,1.2440292839508196,3,1036.0,GP,9
n=15,0.5,44.5,14.0080172792652,20.519825248828592,526858588_CO,Outflow,TSS,55,2,2,7.071267029072633,27.27272727272727,heavy_right_skew,2.2197270345642197,1.2440292839508196,3,1036.0,GP,9
n=15,0.75,103.0,42.641953148708765,34.22713430411771,526858588_CO,Outflow,TSS,55,2,2,5.77913044948653,27.27272727272727,heavy_right_skew,2.2197270345642197,1.2440292839508196,3,1036.0,GP,9
n=15,0.9,201.59999999999997,82.39266785748198,37.968918979431194,526858588_CO,Outflow,TSS,55,2,2,10.721919484790511,27.27272727272727,heavy_right_skew,2.2197270345642197,1.2440292839508196,3,1036.0,GP,9
n=20,0.1,9.8,4.789961608867953,37.5609917313642,526858588_CO,Outflow,TSS,55,2,2,6.3503613184430705,36.36363636363637,heavy_right_skew,2.2197270345642197,1.2440292839508196,3,1036.0,GP,9
n=20,0.25,21.75,6.899689153928724,23.24589201419915,526858588_CO,Outflow,TSS,55,2,2,5.774014486115981,36.36363636363637,heavy_right_skew,2.2197270345642197,1.2440292839508196,3,1036.0,GP,9
n=20,0.5,43.25,10.816335202573416,17.475656746447974,526858588_CO,Outflow,TSS,55,2,2,3.044168502380618,36.36363636363637,heavy_right_skew,2.2197270345642197,1.2440292839508196,3,1036.0,GP,9
n=20,0.75,99.625,36.35640889768779,28.42880679242094,526858588_CO,Outflow,TSS,55,2,2,5.7983275116967725,36.36363636363637,heavy_right_skew,2.2197270345642197,1.2440292839508196,3,1036.0,GP,9
n=20,0.9,179.3000000000002,71.97079236932534,33.74929340657739,526858588_CO,Outflow,TSS,55,2,2,4.219625572853808,36.36363636363637,heavy_right_skew,2.2197270345642197,1.2440292839508196,3,1036.0,GP,9
n=25,0.1,10.900000000000002,4.1032880700691665,30.823754218216077,526858588_CO,Outflow,TSS,55,2,2,6.73723751314812,45.45454545454545,heavy_right_skew,2.2197270345642197,1.2440292839508196,3,1036.0,GP,9
n=25,0.25,22.0,6.129530347797388,19.570581142522933,526858588_CO,Outflow,TSS,55,2,2,3.675310871676217,45.45454545454545,heavy_right_skew,2.2197270345642197,1.2440292839508196,3,1036.0,GP,9
n=25,0.5,44.5,8.168315723790744,14.577905504509953,526858588_CO,Outflow,TSS,55,2,2,2.897751241938021,45.45454545454545,heavy_right_skew,2.2197270345642197,1.2440292839508196,3,1036.0,GP,9
n=25,0.75,115.0,28.419753407929758,24.23925966490158,526858588_CO,Outflow,TSS,55,2,2,4.189547127519358,45.45454545454545,heavy_right_skew,2.2197270345642197,1.2440292839508196,3,1036.0,GP,9
n=25,0.9,232.80000000000015,60.83681148139214,25.86842711203155,526858588_CO,Outflow,TSS,55,2,2,7.880866294545836,45.45454545454545,heavy_right_skew,2.2197270345642197,1.2440292839508196,3,1036.0,GP,9
